config,cell,seed,has_body,has_push,param,factor,torque,duration_name,onset,roll_1,hold_1,verdict_1,roll_5,hold_5,verdict_5,roll_10,hold_10,verdict_10,roll_20,hold_20,verdict_20,roll_40,hold_40,verdict_40,roll_100,hold_100,verdict_100
medium_low,neither,90000,False,False,,1.0,0.0,,79,0.04448333871550858,0.038533677739906125,world,0.08550260760821402,0.05951731442182791,world,0.13933055226225405,0.05846438249136554,world,0.31210624171653767,0.05826001279565389,world,1.452814334753202,0.05894538980537618,world,1.5934455353510568,0.060347212987544474,world
medium_low,neither,90001,False,False,,1.0,0.0,,75,0.03541608597151935,0.02606425536214374,world,0.0790335298050195,0.06375865874579176,world,0.12609238552395255,0.06645250031433535,world,0.23643516750307755,0.06391576190217166,world,0.9549688620551023,0.06823931139151683,world,1.3743884594016709,0.07073612442822196,world
medium_low,neither,90002,False,False,,1.0,0.0,,65,0.03696589032188058,0.0384962055250071,world,0.09023780729621649,0.06263212031917648,world,0.15040771858766677,0.07528417085413822,world,0.3508895654696971,0.08260318552493118,world,1.5647014247486368,0.07962612350547715,world,1.6281847743038087,0.07929931383732765,world
medium_low,neither,90003,False,False,,1.0,0.0,,61,0.04843536484986544,0.03801116952672601,world,0.09082984011620282,0.07332884770876262,world,0.14356264686211942,0.07087439712049673,world,0.31223415466956794,0.07306880275209551,world,1.5468669336056338,0.07332971062223805,world,1.6224558782484382,0.08062013424125325,world
medium_low,neither,90004,False,False,,1.0,0.0,,76,0.046314396196976304,0.03387939647655003,world,0.08446969795040787,0.04486029997642618,world,0.13828900174703448,0.057434923887194594,world,0.292943740717601,0.06136760874142055,world,1.3505312509310896,0.06375817261614429,world,1.5610465870588086,0.07129503572345129,world
medium_low,neither,90005,False,False,,1.0,0.0,,79,0.0555762043222785,0.045200497726909816,world,0.0880593042820692,0.07175036175176501,world,0.14722025971859692,0.08632854189490899,world,0.3161508022807538,0.09089510266203434,world,1.236921105766669,0.09195527601659706,world,1.4552926930971444,0.08801965174607176,world
medium_low,neither,90006,False,False,,1.0,0.0,,74,0.04310644883662462,0.02647907499340363,world,0.09083453314378857,0.06219684273819439,world,0.15041490313597025,0.07300847920996602,world,0.3407197674969211,0.08040876305749406,world,1.354601462476421,0.07563560560156474,world,1.5548506208928303,0.08146759317947727,world
medium_low,neither,90007,False,False,,1.0,0.0,,79,0.06492553581483662,0.05641952471341938,body,0.10082346978597342,0.09336196640506386,world,0.16796861847396938,0.11625205604941584,body,0.4084240062045865,0.11599495293630754,body,1.5530784116068388,0.11325633927190211,world,1.6191649260721168,0.10620565003657248,world
medium_low,neither,90008,False,False,,1.0,0.0,,62,0.05599025962874293,0.044512101099826396,world,0.09253742853179574,0.09144638699945062,world,0.14558464237488808,0.08892201710841618,world,0.29951535642612725,0.09520469155977479,world,1.1891546316095627,0.10075160553096793,world,1.4142186171421782,0.09996348815257079,world
medium_low,neither,90009,False,False,,1.0,0.0,,74,0.05295052216388285,0.04774903878569603,world,0.09982879110611975,0.07330078042577953,world,0.15998955715913327,0.07208326635300182,world,0.43135974208125843,0.0779836696019629,body,1.8317748871922959,0.077635496629955,body,1.7111624664557166,0.07923593223560602,body
medium_low,neither,90010,False,False,,1.0,0.0,,72,0.048855290515348315,0.054968811105936766,world,0.08887605969794095,0.08661141700576991,world,0.1425313044572249,0.08861525221727788,world,0.294194040086586,0.080144775948429,world,1.3646260588488075,0.07345301652494526,world,1.5619232227304019,0.0771593153582944,world
medium_low,neither,90011,False,False,,1.0,0.0,,71,0.05454742442816496,0.04643836081959307,world,0.0881174735724926,0.05254018666455522,world,0.14614236317574977,0.05752494379994459,world,0.32546439338475464,0.06520523671351838,world,1.1898914002813399,0.06834610299119959,world,1.5307053872570395,0.0688868726522196,world
medium_low,neither,90012,False,False,,1.0,0.0,,62,0.043443696573376656,0.031004507894976996,world,0.09123993292450905,0.08324510263919364,world,0.1367366055957973,0.08714949259738206,world,0.29206348466686904,0.07252351040588109,world,1.262760725687258,0.07629064356697199,world,1.543952870545909,0.07510444858795381,world
medium_low,neither,90013,False,False,,1.0,0.0,,68,0.06244824826717377,0.07851596595719457,world,0.09253472303971648,0.09850375140085815,world,0.1459832118358463,0.12098795813508331,world,0.3051184224663302,0.11426845868700183,world,1.3459632915793918,0.10434984492894728,world,1.5452420343225821,0.09986299066993523,world
medium_low,neither,90014,False,False,,1.0,0.0,,80,0.05336059955880046,0.05329595017246902,world,0.0850109837949276,0.05907420928124338,world,0.13412562916055323,0.06212146773468703,world,0.2678371554706246,0.0725093312212266,world,1.0937349987449125,0.07025509907944069,world,1.4679110236186534,0.07517039738871972,world
medium_low,neither,90015,False,False,,1.0,0.0,,76,0.04706304334104061,0.04500469856429845,world,0.09176347143948078,0.07927884222590365,world,0.15332890730351212,0.10524448625801597,world,0.3608048378489911,0.10917016730090835,world,1.3707989053335041,0.10916320971809909,world,1.5655785693787039,0.11103925371993681,world
medium_low,neither,90016,False,False,,1.0,0.0,,76,0.05455225659534335,0.05376177169091534,world,0.08924860358238221,0.07820192670624238,world,0.14303803965449333,0.08088356908847344,world,0.2955653928220272,0.07778802186294342,world,1.308456397242844,0.0790635606401338,world,1.544494818300009,0.08130681208785973,world
medium_low,neither,90017,False,False,,1.0,0.0,,74,0.04739105235785246,0.053952894755639136,world,0.08075154535472392,0.057461082166992125,world,0.1277756890282035,0.07616764028789476,world,0.24573597870767117,0.07111240243393695,world,1.117221571970731,0.07015513673322857,world,1.4877752093598247,0.07546505548321875,world
medium_low,neither,90018,False,False,,1.0,0.0,,66,0.04527762159705162,0.037475912482477725,world,0.08878078470006585,0.06460913463961332,world,0.14452669438906013,0.06098558339872397,world,0.31826881554443387,0.06196755910641513,world,1.514069764560554,0.06250828100164654,world,1.5972032209718598,0.06452822734368965,world
medium_low,neither,90019,False,False,,1.0,0.0,,66,0.05402819253504276,0.0383625709800981,world,0.0917595585808158,0.07031097756698729,world,0.14306027339771388,0.070666554098716,world,0.30680500096641483,0.07199664809450042,world,1.480042106076144,0.0743369752435683,world,1.6004307246860117,0.07696338918001858,world
medium_low,neither,90020,False,False,,1.0,0.0,,73,0.04380277404561639,0.03334946965333074,world,0.08746036551892758,0.07593117223586887,world,0.15477230018004776,0.08304466089466586,world,0.3758502169046551,0.08234775270975661,world,1.5136950999731198,0.08451951127062785,world,1.6067434491310268,0.08338923388888361,world
medium_low,neither,90021,False,False,,1.0,0.0,,74,0.05635420931503177,0.04428477134206332,world,0.09844528920948506,0.07432539323926904,world,0.15563632026314736,0.08891152916185092,world,0.3617565399967134,0.11017341589176795,world,1.4042492934037,0.11087881806233782,world,1.5869938189722599,0.10713827018655138,world
medium_low,neither,90022,False,False,,1.0,0.0,,66,0.047965100733563304,0.0472181779332459,world,0.08921436588279903,0.061862514517270026,world,0.14107915179338307,0.065551666697138,world,0.2953495051595383,0.060907241491077006,world,1.3059644427092278,0.05964796309635858,world,1.5294244693196377,0.0590331372412038,world
medium_low,neither,90023,False,False,,1.0,0.0,,75,0.051668497966602445,0.04783376614795998,world,0.10132327317260206,0.07558690088335425,world,0.15138247373979538,0.07994433481362648,world,0.32687733409693465,0.07846461676235778,world,1.3993111062503885,0.08423460976337083,world,1.5629820787790232,0.08524865670740836,world
medium_low,neither,90024,False,False,,1.0,0.0,,73,0.05300902295857668,0.04886064515449107,world,0.08384325318038463,0.06702233745018021,world,0.14384538698941468,0.08002782996627503,world,0.3369836049154401,0.084844317191164,world,1.5814429982565343,0.0964723567594774,world,1.6199642031267285,0.10173661360371626,world
medium_low,neither,90025,False,False,,1.0,0.0,,68,0.06474194745533168,0.06461843987926841,body,0.08971518124453724,0.06868460793048144,world,0.1434796877903864,0.0688066805130802,world,0.2875412917113863,0.06464315343182533,world,1.3163896705198566,0.0651933713510516,world,1.5387764439429157,0.06900342409018777,world
medium_low,neither,90026,False,False,,1.0,0.0,,73,0.04728564200922847,0.04875204910058528,world,0.09065909460186959,0.07927424395456911,world,0.1446468148380518,0.07833810230949895,world,0.3270136056467891,0.07840247028507293,world,1.5114875475876035,0.08193061937054154,world,1.6018113655969501,0.08156859704671661,world
medium_low,neither,90027,False,False,,1.0,0.0,,61,0.04631737107411027,0.0459359657834284,world,0.09277048110961914,0.07947418385883794,world,0.15529592763632535,0.09069766604807228,world,0.3754633842036128,0.10531492067966611,world,1.5749911381863058,0.09544676085934042,world,1.6168788775429128,0.09583579348327476,world
medium_low,neither,90028,False,False,,1.0,0.0,,71,0.04360333667136729,0.04734728275798261,world,0.09036688660271466,0.07716368069814053,world,0.14684306553099302,0.09054865339276148,world,0.33975117710651825,0.10790210094637587,world,1.3977025567612147,0.10569344894720414,world,1.5371148217120207,0.10381618505227379,world
medium_low,neither,90029,False,False,,1.0,0.0,,60,0.05934866610914469,0.05134095507673919,world,0.0951424048282206,0.058556571509689084,world,0.1437840283382684,0.07588064211886376,world,0.2918267505476251,0.09357811969966862,world,1.2062593980808742,0.08632405041207675,world,1.5133989978255704,0.08540166035905714,world
medium_low,neither,90030,False,False,,1.0,0.0,,72,0.04604509868659079,0.055555196944624186,world,0.10533331329934298,0.09779233734006994,body,0.16626240534242243,0.0970760867901845,body,0.4095499739865772,0.09920815926598153,body,1.6265495000814554,0.10036405204082258,world,1.610051468105521,0.09964141787408151,world
medium_low,neither,90031,False,False,,1.0,0.0,,65,0.04226010828278959,0.04192286846227944,world,0.08248262829147279,0.05388676919974386,world,0.13619796761777253,0.06528181997709907,world,0.30378190166084096,0.07761932948342291,world,1.3791690025420393,0.07958350649787461,world,1.5564412527508105,0.08464278104685946,world
medium_low,neither,90032,False,False,,1.0,0.0,,78,0.050121508073061705,0.04063124238746241,world,0.09563146624714136,0.0724141022306867,world,0.15616203527897596,0.10092053401167504,world,0.34605126157402993,0.11607015289773698,world,1.2560649735853078,0.10965613541338826,world,1.538598815128207,0.10310477968829218,world
medium_low,neither,90033,False,False,,1.0,0.0,,74,0.05449568037874997,0.049672748311422765,world,0.09534769901074469,0.06881084943888709,world,0.1463351891608909,0.06926142211887054,world,0.30950391456717624,0.07044867045478895,world,1.509476306923898,0.0694147802387306,world,1.5901688704197297,0.06701831449812744,world
medium_low,neither,90034,False,False,,1.0,0.0,,63,0.04838836099952459,0.03940638602944091,world,0.09794732248410581,0.0700394544750452,world,0.16437292168848217,0.07440652293153106,world,0.40798535577487205,0.08733693760586902,body,1.6716668527922594,0.078928152435401,world,1.6495511330803856,0.07963686546165263,world
medium_low,neither,90035,False,False,,1.0,0.0,,66,0.05190893588587642,0.055696162569802254,world,0.10214337557554246,0.07368017743574455,world,0.1584133256226778,0.08161298162885942,world,0.38259897558018563,0.09338747457659338,world,1.5722683023195714,0.0894973986389232,world,1.6326983141712845,0.08585554406628945,world
medium_low,neither,90036,False,False,,1.0,0.0,,61,0.04899320425465703,0.05065062968060374,world,0.10187033517286181,0.09095594249665737,world,0.1660834162030369,0.11369591695256531,body,0.385574979824014,0.12217513684299774,world,1.5661667724722066,0.11544366909656674,world,1.6226571006933228,0.1124774420587346,world
medium_low,neither,90037,False,False,,1.0,0.0,,69,0.0450471097137779,0.046799402218312025,world,0.08471300690434873,0.07654629710596056,world,0.1457824462791905,0.0918953587388387,world,0.34689866359112786,0.09147298922034677,world,1.330725354788592,0.08896783508753288,world,1.5383541395119393,0.09219661236886167,world
medium_low,neither,90038,False,False,,1.0,0.0,,63,0.05617779400199652,0.04344665340613574,world,0.10035472363233566,0.06724097486585379,world,0.1645765465684235,0.0783296208246611,body,0.4103373551275581,0.08912354044732639,body,1.736898625898175,0.09250123841338792,body,1.6869431928824634,0.09334540444338926,world
medium_low,neither,90039,False,False,,1.0,0.0,,63,0.057174117770045996,0.05249119334621355,world,0.10381948174908756,0.10511847877642139,body,0.171474344143644,0.10140048489556648,body,0.42129490033257755,0.10068680920812767,body,1.5782639861688947,0.10240285206637055,world,1.6272405081475152,0.10297256593228668,world
medium_low,neither,90040,False,False,,1.0,0.0,,66,0.04497835854999721,0.048758912133052945,world,0.09132912899367511,0.06661764197051526,world,0.1538963863393292,0.07238556803204119,world,0.3689073917339556,0.07712764215848437,world,1.6825674785708542,0.07562378542506851,world,1.6460928107216022,0.0772098956237096,world
medium_low,neither,90041,False,False,,1.0,0.0,,71,0.05923647340387106,0.06477424071636051,world,0.0879632180556655,0.04976503670914098,world,0.1371079976670444,0.05508802621043287,world,0.29395798924379046,0.05489555262029171,world,1.4157983345678076,0.05686433507944457,world,1.600531111797318,0.0627283323033771,world
medium_low,neither,90042,False,False,,1.0,0.0,,64,0.0543667224701494,0.041431987774558365,world,0.08945058970712125,0.0675842533353716,world,0.1407945367274806,0.07875722389435395,world,0.2812907006009482,0.0868592936778441,world,1.2174144460528624,0.08293216187739745,world,1.517828697289806,0.08470240173017374,world
medium_low,neither,90043,False,False,,1.0,0.0,,79,0.053124827798455954,0.027338510466506705,world,0.10569376191124319,0.07340834573260507,body,0.15977508150972425,0.08423208682506811,world,0.3804814245784655,0.09875233558559557,world,1.5523703098413535,0.10621311282229726,world,1.6307447914825752,0.10188930657983292,world
medium_low,neither,90044,False,False,,1.0,0.0,,65,0.05376116046682,0.036076387274079025,world,0.09288640320301056,0.05017718289745972,world,0.15083358883857728,0.0651409427227918,world,0.3446574790403247,0.07456184971088078,world,1.5729323410429061,0.08088712543976725,world,1.6245952441915867,0.0838832972664386,world
medium_low,neither,90045,False,False,,1.0,0.0,,64,0.048417807556688786,0.05383593705482781,world,0.08287127437070013,0.06285408813273534,world,0.13535368819721044,0.07646886017755605,world,0.2709584892960265,0.07887559831724503,world,1.0203596012317575,0.07622073060047115,world,1.30150447844062,0.08005300550808897,world
medium_low,neither,90046,False,False,,1.0,0.0,,73,0.062243195716291666,0.05912474275100976,world,0.09868324883282184,0.08048590540420264,world,0.1546144302934408,0.0859597891336307,world,0.35154634891077874,0.09320863132597879,world,1.5674263324122877,0.09493778083560755,world,1.6259883551113306,0.08898520348018793,world
medium_low,neither,90047,False,False,,1.0,0.0,,66,0.0461277486756444,0.031027292017824948,world,0.09045350216329098,0.06364254029467702,world,0.14848156217485664,0.06705217941198499,world,0.32247166745364664,0.08050955311191502,world,1.3135395175777376,0.08269802421200437,world,1.4758242954686285,0.08561741253106447,world
medium_low,neither,90048,False,False,,1.0,0.0,,76,0.05458453833125532,0.05049023078754544,world,0.09171481798402964,0.06854080808116123,world,0.1527804676210508,0.07882428230368532,world,0.371130614716094,0.07405675385089125,world,1.5926642572449055,0.07050561899359309,world,1.6335238204128109,0.07743175826726656,world
medium_low,neither,90049,False,False,,1.0,0.0,,76,0.04193707252852619,0.039291019667871296,world,0.09696364211849869,0.08342308340361343,world,0.16290254050400108,0.09873382747755385,world,0.4060147995944135,0.11073328697530088,body,1.6405090683547314,0.1125234752034885,world,1.6669669873057864,0.10820511999736482,world
medium_low,neither,90050,False,False,,1.0,0.0,,60,0.049659473123028874,0.03372230095556006,world,0.09825513674877584,0.06792953674448654,world,0.15204249031376094,0.09548683507018722,world,0.361317130678799,0.09659096353861968,world,1.567454298090888,0.10108146014244994,world,1.6312492662179283,0.09859930383332541,world
medium_low,neither,90051,False,False,,1.0,0.0,,76,0.05690854974091053,0.05033645767252892,world,0.10908554187044502,0.07670167627511545,body,0.1662254416849464,0.09036509848083368,body,0.37131965623702856,0.09471276562835557,world,1.496290121774655,0.09591086486907444,world,1.5842837654007598,0.08345642500600661,world
medium_low,neither,90052,False,False,,1.0,0.0,,68,0.04714189958758652,0.04305186262354255,world,0.10075128800235689,0.07093382687307895,world,0.1643852087436244,0.08205255812499672,world,0.4142754454514943,0.09661123878904619,body,1.6134126206103248,0.09831137719156686,world,1.6501951636816374,0.0980893920257222,world
medium_low,neither,90053,False,False,,1.0,0.0,,72,0.06218286114744842,0.049884389503858984,world,0.10408080774359406,0.08003124103415757,body,0.1552683619549498,0.07530093602836133,world,0.3355305737699382,0.07961800523335114,world,1.3158625981246588,0.07503372561186553,world,1.5590650545968674,0.07359611518972087,world
medium_low,neither,90054,False,False,,1.0,0.0,,65,0.06855114549398422,0.0744699175702408,body,0.09146404266357422,0.08780448785983028,world,0.15133183561265467,0.09576730767730623,world,0.3581463324837386,0.08347040583030321,world,1.6243801392149182,0.08163627020167041,world,1.6492712740413844,0.08140918165205221,world
medium_low,neither,90055,False,False,,1.0,0.0,,68,0.04992156755179167,0.047734717139974236,world,0.08207054464146496,0.05894303041277453,world,0.13372292718850076,0.07815342927933672,world,0.2789468403672799,0.08264268698258093,world,1.3053515468607657,0.07894814598130324,world,1.567447419646196,0.08457151102862553,world
medium_low,neither,90056,False,False,,1.0,0.0,,68,0.04983115172944963,0.0457231355831027,world,0.08957661096937955,0.06329780684318392,world,0.14684467252809552,0.06685628333798377,world,0.3131801082403399,0.07403733761093463,world,1.3303462947078515,0.07369726360157074,world,1.542081976470072,0.07693703372540767,world
medium_low,neither,90057,False,False,,1.0,0.0,,76,0.04020778671838343,0.03778150712605566,world,0.086767011648044,0.05422743005328812,world,0.1497625082498416,0.07010241274547298,world,0.34988658454967664,0.07344435709674144,world,1.383470601629233,0.07002558253734606,world,1.5558852116926571,0.07552071967642404,world
medium_low,neither,90058,False,False,,1.0,0.0,,61,0.05988862435333431,0.06711659207940102,world,0.11000039898790419,0.10169231139589101,body,0.17756851234007626,0.09407665807520971,body,0.46108583264285696,0.10453826749580913,body,1.756162885093363,0.09993604825795047,body,1.6926836689864284,0.09661239057430066,body
medium_low,neither,90059,False,False,,1.0,0.0,,62,0.04816878098063171,0.04150546313030645,world,0.09655650588683784,0.0770443835412152,world,0.14579402448143808,0.0661288908449933,world,0.3202167361858301,0.06705815609893762,world,1.415749812492868,0.06806525294377935,world,1.5732695726281962,0.06870417444501072,world
medium_low,neither,90060,False,False,,1.0,0.0,,62,0.060364520410075784,0.05255645728902891,world,0.10297062159515917,0.0763824627851136,world,0.15778264461550862,0.08246782573987729,world,0.35123728682519867,0.0920019938639598,world,1.3564024811668787,0.09321848181280074,world,1.5686746262782254,0.09491794721994665,world
medium_low,neither,90061,False,False,,1.0,0.0,,80,0.04813900380395353,0.04385378256847616,world,0.09253140208311378,0.07144396518997383,world,0.1548643133835867,0.0972705830805353,world,0.36187026152620094,0.09549720924042049,world,1.4047809817187953,0.0937099984363158,world,1.50748747945996,0.09324224151932867,world
medium_low,neither,90062,False,False,,1.0,0.0,,66,0.0434871066827327,0.032328182365745306,world,0.09387683323584498,0.06431571985594928,world,0.1618006796343252,0.0670536209945567,world,0.4252148182480596,0.07502962587750517,body,1.7638033450290096,0.075263304393593,body,1.6898044860619121,0.07851967316382796,world
medium_low,neither,90063,False,False,,1.0,0.0,,62,0.039547748398035765,0.05039822612889111,world,0.0891979114152491,0.06210894988616929,world,0.1424816603306681,0.065358250628924,world,0.31782772720325736,0.0734854487964185,world,1.4480069146142343,0.07546762152924202,world,1.5903685689205305,0.07534206984099001,world
medium_low,neither,90064,False,False,,1.0,0.0,,72,0.051407977705821395,0.03132247779285535,world,0.09164200476370751,0.06721078989794478,world,0.14585963438730687,0.07975246696150862,world,0.31627702474361286,0.0794942347012693,world,1.1901546675886494,0.0765448407175427,world,1.459539197764825,0.0766189363898593,world
medium_low,neither,90065,False,False,,1.0,0.0,,63,0.038784314412623644,0.04241409775568172,world,0.08034746367484331,0.06497538732364774,world,0.1406943085603416,0.05881112689967267,world,0.32373364488594236,0.06052291586238426,world,1.442027430399321,0.06205300809524488,world,1.5992069044616073,0.06766618519466647,world
medium_low,neither,90066,False,False,,1.0,0.0,,61,0.04578402312472463,0.040524666575947776,world,0.0921018907800317,0.07080705918488092,world,0.14265428828075527,0.06630027818318923,world,0.30582367028109725,0.06755202648200792,world,1.3365367331309246,0.06756634032426517,world,1.5471333068888635,0.0666418641085329,world
medium_low,neither,90067,False,False,,1.0,0.0,,71,0.04150311718694866,0.038864576432388276,world,0.08884982359595597,0.05901808445923962,world,0.15386950115207582,0.07355699460895265,world,0.354301779915113,0.07679389174300014,world,1.551000320451567,0.07920123985604732,world,1.6060305212833919,0.08173733675008407,world
medium_low,neither,90068,False,False,,1.0,0.0,,76,0.040926196379587054,0.031218909338349476,world,0.10229853685013951,0.0896038111357484,world,0.15715613139327617,0.10479707791528198,world,0.40892297158716245,0.09861956171371276,body,1.7805678206437732,0.09760881099282415,body,1.6985243677697146,0.09263380843272899,body
medium_low,neither,90069,False,False,,1.0,0.0,,70,0.05126254493370652,0.044629311887547374,world,0.08605400659143925,0.07251068755285814,world,0.14396491851657628,0.07907412057102192,world,0.3227080348879099,0.08073917715664719,world,1.3542759115807712,0.08527243295484369,world,1.495553953908384,0.08478768394132204,world
medium_low,neither,90070,False,False,,1.0,0.0,,76,0.044315786100924015,0.04598534450633451,world,0.08832503501325846,0.050391832576133305,world,0.1533965992741287,0.05455884267576039,world,0.3516112932469696,0.061834796308539816,world,1.492378277773969,0.06509611795918317,world,1.6009943966101856,0.070617491370067,world
medium_low,neither,90071,False,False,,1.0,0.0,,77,0.038655160926282406,0.04213726881425828,world,0.08745822291821241,0.07369357547722756,world,0.14818425849080086,0.08204190050018952,world,0.338869000878185,0.09992899979115463,world,1.4207067294511944,0.09440829137165566,world,1.5208236239291728,0.093675217978016,world
medium_low,neither,90072,False,False,,1.0,0.0,,70,0.04362312611192465,0.03265345992986113,world,0.09294521473348141,0.0668654893990606,world,0.15640134997665883,0.08686581165820825,world,0.3443999536335468,0.10476033794839168,world,1.3099616632796824,0.10616323821959668,world,1.5406188575550914,0.10471659892733441,world
medium_low,neither,90073,False,False,,1.0,0.0,,80,0.04368545371107757,0.04642750552739017,world,0.08452185378409921,0.06930520703899674,world,0.14587519925553352,0.07024896802322472,world,0.3243646512390115,0.07210388001258253,world,1.5332592453167306,0.07412391588804895,world,1.6156622867030093,0.0761363175479346,world
medium_low,neither,90074,False,False,,1.0,0.0,,67,0.03988511417992413,0.023965870321262628,world,0.08464932232163846,0.039589950919616965,world,0.1420307310996577,0.07975955594447443,world,0.31369796128710736,0.10172427817597055,world,1.4800447591289412,0.09841961857746355,world,1.6045994626241735,0.09731897662975825,world
medium_low,neither,90075,False,False,,1.0,0.0,,71,0.0498571009375155,0.03751776018179953,world,0.08829791098833084,0.07007475724094547,world,0.14444695170968772,0.08408626145974267,world,0.3182363584637642,0.08429488112597028,world,1.352463672682643,0.08820430247069454,world,1.566996040120721,0.09004077599354787,world
medium_low,neither,90076,False,False,,1.0,0.0,,75,0.04881482548080385,0.06019829073920846,world,0.09586060647852719,0.08449106450425461,world,0.16246272216085345,0.08343092950817663,world,0.39892429095925763,0.09178849209129111,world,1.7185667921847199,0.09351346167750307,world,1.6592691725888289,0.08865246621484402,world
medium_low,neither,90077,False,False,,1.0,0.0,,63,0.06908174301497638,0.05845152819529176,body,0.11077395542524754,0.07936015942832456,body,0.17204226821195334,0.09637090939213522,body,0.413517927879002,0.09200217966281343,body,1.6227636689960492,0.08747488339140545,world,1.6561065288144163,0.08618230245017912,world
medium_low,neither,90078,False,False,,1.0,0.0,,63,0.05521999136544764,0.03927412914345041,world,0.09482372957281768,0.09077314663445576,world,0.15756054611410947,0.12372406038339251,world,0.38809991207672284,0.12108202498202444,world,1.3710952950117643,0.11910899476570194,world,1.5047272658138535,0.11456190320735915,world
medium_low,neither,90079,False,False,,1.0,0.0,,64,0.049485523952171206,0.05464501376263797,world,0.08300001905299723,0.06589336742763408,world,0.13846749600488692,0.07035586551355663,world,0.2959735879325308,0.0764770742986002,world,1.1578401134174783,0.07597003631744884,world,1.4886515461211092,0.0748795785108814,world
medium_low,neither,90080,False,False,,1.0,0.0,,78,0.04383528348989785,0.042586649768054485,world,0.0853605407755822,0.05153661944787018,world,0.13756451567169278,0.0791732350451639,world,0.28610591673059393,0.08190569039288675,world,1.049679475039011,0.0811497044567659,world,1.4555441186367535,0.08513940590346465,world
medium_low,neither,90081,False,False,,1.0,0.0,,79,0.05599423008970916,0.0478638899512589,world,0.09543857532553375,0.06440470603993162,world,0.14460494208615274,0.0694197758595692,world,0.32598380850395187,0.06674727228819394,world,1.451228118565632,0.06788646224231343,world,1.6015925015020185,0.0743674261358683,world
medium_low,neither,90082,False,False,,1.0,0.0,,76,0.056566720362752676,0.03511783841531724,world,0.0938666862435639,0.09285396551713349,world,0.15641631060279906,0.10114649459719659,world,0.35072505830321465,0.10635918411426246,world,1.3394399271463044,0.10557368234585737,world,1.5536274532647805,0.10219703489972745,world
medium_low,neither,90083,False,False,,1.0,0.0,,74,0.04828002955764532,0.05567894340492785,world,0.09539526337757706,0.10077227938454598,world,0.1663489252794534,0.10220093975076452,body,0.4108249452197924,0.09630813872645377,body,1.7408096771803685,0.09550478698947701,body,1.6727346341358498,0.09194624590687453,world
medium_low,neither,90084,False,False,,1.0,0.0,,73,0.047201800625771284,0.035168654983863235,world,0.0909965838305652,0.07861166279762984,world,0.15015164637006817,0.10182588851312174,world,0.36661157992202786,0.10621229070820845,world,1.6153705807053484,0.10716101162106498,world,1.6494750722358003,0.10728913206083235,world
medium_low,neither,90085,False,False,,1.0,0.0,,72,0.044924716698005795,0.03850121051073074,world,0.08297011801041664,0.061667433904949574,world,0.1354709600331262,0.07478403829736635,world,0.2884673168533482,0.07029540436487879,world,1.158842294831993,0.06681925040356873,world,1.444227970757056,0.06967322983007762,world
medium_low,neither,90086,False,False,,1.0,0.0,,63,0.048560146475210786,0.05073019675910473,world,0.084631208749488,0.080366820236668,world,0.13242387075442819,0.08935284137260169,world,0.2674819130101241,0.09414485145534854,world,1.0404307470482308,0.08665951003567898,world,1.4491881113802083,0.08579392699095478,world
medium_low,neither,90087,False,False,,1.0,0.0,,66,0.060538621386513114,0.04303382313810289,world,0.09829503432847558,0.05259025429841131,world,0.15652649786788972,0.06003578191157431,world,0.3618918353342451,0.07293083582480904,world,1.5924074319016654,0.07583342853904469,world,1.6441197096114046,0.07782184081734159,world
medium_low,neither,90088,False,False,,1.0,0.0,,75,0.04592686169780791,0.035381106135901064,world,0.09677504091523588,0.061672765330877156,world,0.15012722972314801,0.06818235493265093,world,0.33176407295977695,0.0630242012499366,world,1.518544229696272,0.06912348465557443,world,1.6132981875608676,0.070442596628709,world
medium_low,neither,90089,False,False,,1.0,0.0,,62,0.055650789523497224,0.05997762907645665,world,0.09449808239005505,0.07302021905197761,world,0.14787280044984075,0.07569132310745771,world,0.3366898526786827,0.07600685820216313,world,1.601193913136376,0.07414841288264143,world,1.6423657912272027,0.07238835387091967,world
medium_low,neither,90090,False,False,,1.0,0.0,,68,0.05325033445842564,0.03404722397681326,world,0.10161998677067458,0.09053660680074245,world,0.15920276341494172,0.10028470339020713,world,0.37433886163635177,0.10194682762376034,world,1.5144555812177714,0.09832362580491462,world,1.6173330523609184,0.09495331931771943,world
medium_low,neither,90091,False,False,,1.0,0.0,,77,0.04399853525683284,0.03465976181905717,world,0.08073500599712134,0.04652165151201189,world,0.134857545979321,0.05884614536771551,world,0.28555125258862973,0.06565416445300798,world,1.29679243452847,0.0627595840527647,world,1.482668940871954,0.06443707544822246,world
medium_low,neither,90092,False,False,,1.0,0.0,,68,0.04401464341208339,0.03198814699135255,world,0.08415835769847035,0.06860505366639699,world,0.13988679596222936,0.09662408843141748,world,0.3279813247034326,0.10653374236644596,world,1.4133045957540162,0.10112383613704878,world,1.5896751955570654,0.09956475517756189,world
medium_low,neither,90093,False,False,,1.0,0.0,,64,0.04943884490057826,0.057460715528577566,world,0.09341441141441464,0.07537681784015149,world,0.15326147680170835,0.11306379901943729,world,0.373396038194187,0.1159315754979616,world,1.446958563348744,0.11764333594255731,world,1.5452385548735037,0.11368124568019994,world
medium_low,neither,90094,False,False,,1.0,0.0,,69,0.05382868438027799,0.057309877360239625,world,0.10248651192523539,0.07179716031532735,world,0.16633359261322767,0.09398803032236173,body,0.42950390042969955,0.09219791742507369,body,1.6104156959161628,0.10280858947953675,world,1.6583298527193255,0.10020799951656953,world
medium_low,neither,90095,False,False,,1.0,0.0,,61,0.04603292210958898,0.04132159223081544,world,0.09814378158189356,0.08171663320972584,world,0.15694371063727885,0.06873510118748527,world,0.36389632100472225,0.07181249143468449,world,1.3593835137144197,0.06912160987922107,world,1.5695771877211517,0.06790194456116297,world
medium_low,neither,90096,False,False,,1.0,0.0,,62,0.05604349263012409,0.0488622838165611,world,0.08902127500623465,0.09449040526524186,world,0.138364224601537,0.11427687839604914,world,0.2727332927752286,0.10082437811943237,world,1.0606125761987641,0.10302953215141315,world,1.4106763194222003,0.10298802665405674,world
medium_low,neither,90097,False,False,,1.0,0.0,,61,0.0494615500792861,0.04564113519154489,world,0.09610341405496,0.07527832475025206,world,0.1467185932677239,0.08619768932694569,world,0.3107735458528623,0.07573017888935282,world,1.4227940421435052,0.07769782521863816,world,1.570457996870391,0.0790686227716651,world
medium_low,neither,90098,False,False,,1.0,0.0,,70,0.056935818400233984,0.027585240837652236,world,0.09282494531944394,0.05798497860087082,world,0.15043273256160317,0.06390424067503772,world,0.3425386145012453,0.0665735253103776,world,1.544037873914931,0.0671771461769822,world,1.622776317098178,0.07113004696089775,world
medium_low,neither,90099,False,False,,1.0,0.0,,79,0.05392909003421664,0.05244307406246662,world,0.0854029843583703,0.06537164230830968,world,0.1367574035190046,0.07395010087639094,world,0.2766137787606567,0.07861277833289933,world,1.0940399929648266,0.07731593593198341,world,1.4282123188581317,0.08042771866428666,world
medium_low,neither,90100,False,False,,1.0,0.0,,62,0.05686365230940282,0.04272304440382868,world,0.09330831752158703,0.05941400169976987,world,0.16115997519809755,0.08133643962501083,world,0.39664905589306726,0.07892562245569934,world,1.6724534299049991,0.08144067673742938,world,1.6587163448263893,0.0831482250816589,world
medium_low,neither,90101,False,False,,1.0,0.0,,62,0.052272550761699677,0.03775746491737664,world,0.0997353695333004,0.07693917165743187,world,0.1680771665647626,0.09427766348817385,body,0.4149078388698399,0.1011545739340363,body,1.527740961452946,0.09407197972541326,world,1.5622448890469969,0.09459101056214422,world
medium_low,neither,90102,False,False,,1.0,0.0,,63,0.05375805380754173,0.05055977114534471,world,0.09005328440107405,0.07370312107668724,world,0.15115901913959534,0.08311705294909189,world,0.35889110561693083,0.08542423949184012,world,1.5607058715831954,0.08575970623460308,world,1.622080686048139,0.0812037149824755,world
medium_low,neither,90103,False,False,,1.0,0.0,,62,0.04684334225021303,0.04517990362364799,world,0.08918786165304482,0.06147222670260817,world,0.15268597865942865,0.07265335799893363,world,0.3569346552831121,0.07449372546980158,world,1.463296339759836,0.07678658369623008,world,1.6107008239277638,0.07785421338106971,world
medium_low,neither,90104,False,False,,1.0,0.0,,72,0.052614902844652534,0.05869172571692616,world,0.09294738410972059,0.07311477221810492,world,0.14888118233066053,0.0791673190316942,world,0.3228541741496883,0.0915982268346852,world,1.4200623188342434,0.08775081462827075,world,1.5123261923412792,0.09199398832752194,world
medium_low,neither,90105,False,False,,1.0,0.0,,74,0.03607037500478327,0.04134342656470835,world,0.09032208225689828,0.08086286456673406,world,0.14658627600874752,0.08150033350975719,world,0.3422390771913342,0.08664768164599082,world,1.4307679653109517,0.08116097789534252,world,1.572917641696986,0.08303753123618662,world
medium_low,neither,90106,False,False,,1.0,0.0,,79,0.03792939195409417,0.02049608196830377,world,0.08701875992119312,0.055989841313567004,world,0.1380299773067236,0.05459957917337306,world,0.2955199453979731,0.060944093912257816,world,1.3871202297508716,0.05982097682135645,world,1.5830929978191854,0.0680504327826202,world
medium_low,neither,90107,False,False,,1.0,0.0,,79,0.05757613433524966,0.054315342335030437,world,0.09521412793546914,0.07504113907925784,world,0.15119761284440758,0.0818438668269664,world,0.34012599010020494,0.09288201729141293,world,1.4278062962926925,0.0891433076136309,world,1.5795056222751738,0.0917393838930002,world
medium_low,neither,90108,False,False,,1.0,0.0,,64,0.05223528016358614,0.0632094549946487,world,0.09466207409277558,0.07382512931362725,world,0.1540092641953379,0.0751176543184556,world,0.3733563844347373,0.0786226017284207,world,1.6771660165977664,0.0818877377503668,world,1.653542044092901,0.0806496986222919,world
medium_low,neither,90109,False,False,,1.0,0.0,,66,0.04647498275153339,0.057818563480395824,world,0.09459250778891146,0.07835226022871211,world,0.14968630813527853,0.07514780657947995,world,0.3188880926580168,0.07450799429207108,world,1.4369242121756542,0.07617911115958123,world,1.5773263244819828,0.07423391360411188,world
medium_low,neither,90110,False,False,,1.0,0.0,,60,0.04204853274859488,0.04494382906705141,world,0.08392036561854184,0.0660708355717361,world,0.1416735943639651,0.07440153643256053,world,0.3055815948289819,0.07286532054422423,world,1.44563597990782,0.07465494186799332,world,1.5938728283741512,0.07707245365905692,world
medium_low,neither,90111,False,False,,1.0,0.0,,76,0.046711338916793466,0.03283216350246221,world,0.08606415395624936,0.048495023234863766,world,0.13586209781933575,0.054173462001199366,world,0.2716586984344758,0.06468598855499294,world,1.2271699466567951,0.07231287183276436,world,1.5409550196980126,0.06983542957386818,world
medium_low,neither,90112,False,False,,1.0,0.0,,69,0.06535630533471704,0.0455011585727334,body,0.11051218481734396,0.08284056612756102,body,0.16956389578990638,0.08153386161429807,body,0.3959526565624401,0.09848734803235856,world,1.5465693395934066,0.10025257079178118,world,1.5532516836514696,0.10260839362599655,world
medium_low,neither,90113,False,False,,1.0,0.0,,60,0.04710163944400847,0.03913266904419288,world,0.08894871021620929,0.06932279787724838,world,0.1458085586084053,0.09538705625454896,world,0.3404486403218471,0.10289077412162442,world,1.405483936908422,0.10119120767485583,world,1.536531348011922,0.10124221028061584,world
medium_low,neither,90114,False,False,,1.0,0.0,,65,0.04868072923272848,0.04117688874248415,world,0.10119746252894402,0.07069486359832808,world,0.15916684772819278,0.07497093600104562,world,0.3853693948127329,0.07298015749256592,world,1.6607648747507482,0.07062002254097025,world,1.6640461237914859,0.07776994295592886,world
medium_low,neither,90115,False,False,,1.0,0.0,,77,0.04551779106259346,0.05081064283149317,world,0.08559924578294158,0.061461986810900274,world,0.14069824866019187,0.06477968483814038,world,0.2983822479611262,0.06159512571175583,world,1.4096521654981187,0.06426736843568506,world,1.5767858581943437,0.06475852849063812,world
medium_low,neither,90116,False,False,,1.0,0.0,,75,0.041717563988640904,0.03772753101657145,world,0.08077684440650046,0.05717141238856129,world,0.13017475011292845,0.06339840316504705,world,0.2596946626086719,0.06644920638209441,world,1.0418128052318933,0.06794904098424012,world,1.4243484448478556,0.07150587732845451,world
medium_low,neither,90117,False,False,,1.0,0.0,,79,0.04639933258295059,0.03474002273287624,world,0.08574277311563491,0.047275273261766414,world,0.14018200887367127,0.0596517851248791,world,0.3038203279022127,0.06644568552983401,world,1.4727829509647563,0.06871423749671521,world,1.5919576612580568,0.07280045314626477,world
medium_low,neither,90118,False,False,,1.0,0.0,,68,0.04840494669042528,0.038389812456443906,world,0.09358471469022334,0.069987388222944,world,0.14535893977154046,0.0695705387101043,world,0.3077060282812454,0.07226161302241962,world,1.311168857786106,0.079860459286283,world,1.5456415186566301,0.07787855551083339,world
medium_low,neither,90119,False,False,,1.0,0.0,,69,0.04335015709511936,0.04308517460594885,world,0.08319974248297513,0.056519115268019955,world,0.13704566101077945,0.06973424114112277,world,0.27951769755454736,0.07539847167936387,world,1.3069446800334845,0.0765594430740748,world,1.543075509967748,0.07680795851738367,world
medium_low,body_only,90120,True,False,m,1.5891995503048728,0.0,,74,0.10342212137766182,0.2293714415282011,body,0.23766767166089267,0.6244887839537113,body,0.38890035500517106,1.0547683915006927,body,0.6243820509291254,1.5783257065748328,body,0.6007202685810625,1.7391416988277342,world,0.36478963898262007,1.6731023902806919,world
medium_low,body_only,90121,True,False,l,1.4812383451425903,0.0,,60,0.10757336020469666,0.1725446730852127,body,0.2655900502577424,0.5582589734345675,body,0.4463731134310365,0.9664122035726904,body,0.7747822059784084,1.6076104269362985,body,0.9837306159548462,1.972211444703862,world,0.6714587274938822,1.9285665726847945,world
medium_low,body_only,90122,True,False,m,1.577333311441059,0.0,,60,0.07364605716429651,0.2027423894032836,body,0.2325008281972259,0.590790964011103,body,0.3583268277347088,0.9636147842451463,body,0.5591513858409599,1.5093631952506255,body,0.46611647662939504,1.6579043721329074,world,0.3381271180184558,1.6135293183103203,world
medium_low,body_only,90123,True,False,l,1.2659873041674827,0.0,,78,0.06870821258053184,0.14344520377926528,body,0.20131206447258593,0.40239171811845154,body,0.43186410893686117,0.7374532756046392,body,1.1232930305646733,1.3052111632016021,body,2.138003377907444,1.898969988958561,body,1.3438392444932834,2.227055501068244,world
medium_low,body_only,90124,True,False,m,1.4143549642821072,0.0,,79,0.09834840428084135,0.1882346845814027,body,0.23062725777272136,0.5696039072819986,body,0.3903145397198387,0.9608582688320895,body,0.7570860082108994,1.5957761173282052,body,1.004074135250994,1.8840408936332096,world,0.6485876896663103,1.8399063061579362,world
medium_low,body_only,90125,True,False,l,1.4086180240535773,0.0,,63,0.11822020122781396,0.1722397510893643,body,0.2692866721190512,0.5190830357372761,body,0.47260139691643416,0.931191845983267,body,0.9754023533081636,1.568243765179068,body,1.5214219732559287,2.1145181223284455,world,0.9762114468449726,2.1058923994936047,world
medium_low,body_only,90126,True,False,m,1.6448408546174003,0.0,,68,0.11259979591704905,0.22405069693922997,body,0.28022874635644257,0.6278540946543216,body,0.470600814325735,1.1053459320217371,body,0.7675114285433664,1.7206408242695033,body,0.8869820860156323,1.8991137865930798,world,0.5485359306004829,1.8171901756338775,world
medium_low,body_only,90127,True,False,l,1.4986137896780058,0.0,,61,0.10201115737436339,0.1899617169983685,body,0.311395911721047,0.5130473400931805,body,0.5194738405931276,0.9472675607306882,body,1.0489647856535158,1.5848345820209944,body,1.6849933931647683,2.1429438625636976,world,1.1047585998958676,2.126159393049311,world
medium_low,body_only,90128,True,False,m,1.416558817025714,0.0,,64,0.07071633369196206,0.18259510700590909,body,0.2279453622875735,0.5376535138580948,body,0.403963736386504,0.916555143869482,body,0.8044169482483994,1.5009316565236075,body,0.9941579216014362,1.815337584662484,world,0.6856603795604315,1.7884325342602096,world
medium_low,body_only,90129,True,False,l,1.38378853736242,0.0,,68,0.06914897309616208,0.1897142946254462,body,0.2238569367444143,0.5136429437901825,body,0.4631237851339392,0.8799903833540157,body,1.0186582104244737,1.5178234572173097,body,1.6881189647334394,2.0725424806878436,world,1.0355988216854166,2.1304104042542167,world
medium_low,body_only,90130,True,False,m,1.4756383192437175,0.0,,71,0.08352737291716039,0.21044977428391576,body,0.23180476943962275,0.5866213016677648,body,0.4327069871360436,1.0286735848290847,body,0.7252440903685057,1.6550216836825713,body,0.879120398958912,1.860933188900526,world,0.5575270493631251,1.7911452604836087,world
medium_low,body_only,90131,True,False,l,1.3606013397692742,0.0,,80,0.10261751571670175,0.16114387032575905,body,0.2326055050827563,0.5411128917243331,body,0.43485197988338764,0.9146171725122259,body,0.8971115621970966,1.5525436083204114,body,1.3925633462029507,2.04268391134101,world,0.8876628375938163,2.0356769377808086,world
medium_low,body_only,90132,True,False,m,1.3052923183294922,0.0,,64,0.08468007110059261,0.20372190279886127,body,0.2097097153775394,0.5210906342603266,body,0.4271273189224303,0.9194942270871251,body,0.856389000522904,1.5315482861595227,body,1.2928813023376278,1.9345604051253757,world,0.822372199674137,1.8997807367844508,world
medium_low,body_only,90133,True,False,l,1.3207448067237653,0.0,,67,0.07124953833408654,0.17806910770013928,body,0.21132515640929342,0.5109010827727616,body,0.40074800206348293,0.8820755041204393,body,0.8996136971749366,1.447455031471327,body,1.4696763603016736,1.9398058722494171,world,0.9574629965703935,1.9698158007580786,world
medium_low,body_only,90134,True,False,m,1.4561368550822151,0.0,,64,0.0680818758555688,0.2017903367523104,body,0.21621225295821206,0.58928407211788,body,0.4014750907488633,0.9841523981362115,body,0.7618262053147191,1.646583383527468,body,0.9779667939248612,1.9204252253548475,world,0.6186195018404396,1.8722104659257457,world
medium_low,body_only,90135,True,False,l,1.4036352699808552,0.0,,79,0.10448316996917129,0.16438224201556295,body,0.2469765222631395,0.5489241262665019,body,0.4655974927823991,0.9416720100562088,body,0.9164988942211494,1.6104984466393946,body,1.4008172355243005,2.1105355791951297,world,0.8862405494553969,2.0876986537582707,world
medium_low,body_only,90136,True,False,m,1.3752498406372067,0.0,,68,0.06770833185873926,0.2002650466747582,body,0.19846440474502744,0.5012292685220018,body,0.4073395334882661,0.8740447352756746,body,0.8720598090323619,1.4895500211569015,body,1.3881551221420523,1.90722913176578,world,0.9180633757985197,1.8928174207929986,world
medium_low,body_only,90137,True,False,l,1.3180944856558197,0.0,,66,0.06512083928100765,0.16159134288318455,body,0.21692134561017157,0.41208355110138656,body,0.4477405494544655,0.7346248377114534,body,1.1188163002720102,1.3245771368034185,body,2.056452379922848,1.8758862351300196,body,1.297586073963903,2.160813368903473,world
medium_low,body_only,90138,True,False,m,1.3737292058898571,0.0,,76,0.0807913364842534,0.19014781434088945,body,0.23337080178316683,0.5533216697745957,body,0.4412371158017777,0.9461338862602132,body,0.947876765410183,1.6053121742705116,body,1.5314433190593264,2.0981024787251954,world,0.9933829120115842,2.082995998261613,world
medium_low,body_only,90139,True,False,l,1.2231365368057392,0.0,,78,0.05366385821253061,0.018473256030119956,world,0.12190793715417385,0.03964148942613974,body,0.259186727181077,0.05426163366646506,body,0.9013359026983381,0.06422794200479985,body,2.368357896152884,0.07850042092177319,body,2.099664672203362,0.5971798310423038,body
medium_low,body_only,90140,True,False,m,1.5903123576273737,0.0,,77,0.07495331752579659,0.18008247180841863,body,0.2459369630785659,0.5693190706893801,body,0.43214706688886506,1.0308842718135567,body,0.6961524395563174,1.5561654619814362,body,0.7620440694183344,1.7195342258230086,world,0.4690563427994493,1.6480715859733754,world
medium_low,body_only,90141,True,False,l,1.3983126255738383,0.0,,68,0.0818671123124659,0.15006347838789225,body,0.2374891416635364,0.42189125879667705,body,0.459314855071716,0.7896027440903709,body,1.0842186472727917,1.3882350973668507,body,1.9705925306479912,1.9648545728472526,body,1.241212056723889,2.1645918860076927,world
medium_low,body_only,90142,True,False,m,1.5588960124158446,0.0,,77,0.07003384083509445,0.19909089314751327,body,0.2293247870868072,0.5851902147405781,body,0.3633625730639323,0.97508467186708,body,0.5880489776609465,1.5046269190264865,body,0.5049108452163638,1.6522874659058286,world,0.36039752697572114,1.6092376685689669,world
medium_low,body_only,90143,True,False,l,1.3381767659159343,0.0,,76,0.08158551109954715,0.1654350562603213,body,0.2247890037484467,0.4213122281362302,body,0.45920809120871126,0.7407960966520477,body,1.1994878330500796,1.2484398155502276,body,2.2191190519952215,1.8158414649558836,body,1.4216510219080374,2.154616734861047,world
medium_low,body_only,90144,True,False,m,1.4340779419258376,0.0,,78,0.08981680450960994,0.17627080413512886,body,0.2501915832981467,0.5523741085198709,body,0.4157930971123278,0.9486591776891145,body,0.7949581180466339,1.572912293058471,body,1.0299319144920447,1.8549467700431708,world,0.6660000188602134,1.81752966019616,world
medium_low,body_only,90145,True,False,l,1.3732457116762027,0.0,,79,0.07150098035344854,0.18625060305930674,body,0.2195091167581268,0.5237358258571476,body,0.43165020980522967,0.9010981039842592,body,0.864371959681739,1.5459493563394062,body,1.2868660107269534,1.9893398459476885,world,0.809586395919905,1.9630276188044813,world
medium_low,body_only,90146,True,False,m,1.4659264726975494,0.0,,73,0.0889488736866042,0.19074469851329923,body,0.23188496672082692,0.5862235203851014,body,0.40523767719278114,0.9840422662673518,body,0.7706973097810987,1.6325065401964822,body,1.0088257852388778,1.9060732279147488,world,0.6422417390125338,1.8573606436187404,world
medium_low,body_only,90147,True,False,l,1.3697174281168265,0.0,,61,0.0694773627910763,0.18142946576699615,body,0.22839442868717014,0.5110219425987452,body,0.4134378415765241,0.9067554195178673,body,0.9180760013521649,1.4777826401754282,body,1.5053674153110477,1.9804439599334729,world,0.9904953703586943,1.9938233651104385,world
medium_low,body_only,90148,True,False,m,1.3038571531689942,0.0,,77,0.0715301688760519,0.2020946976263076,body,0.20699688252061604,0.5475884299259633,body,0.4229783623944968,0.9076746367616579,body,1.0030398120637982,1.5100069412612356,body,1.7850751074030997,2.0208043590944724,body,1.156255612038076,2.1308679538150317,world
medium_low,body_only,90149,True,False,l,1.2823864181574816,0.0,,69,0.04983776970766485,0.03814282675739378,world,0.16004147878848018,0.06227418165653944,body,0.38150870173703877,0.10730296582332811,body,1.2720912764198147,0.24927205413987397,body,3.020046085602371,0.6464573214834672,body,2.2065527967060916,1.5017964873538583,body
medium_low,body_only,90150,True,False,m,1.371260065573264,0.0,,77,0.06271737371571362,0.1778631047345698,world,0.23093509739264848,0.5361622233176604,body,0.43019425147213036,0.9110730732441881,body,0.9541162566514685,1.5052097472653259,body,1.46147115646163,1.973331033825525,world,1.0071342613594607,1.985258011991391,world
medium_low,body_only,90151,True,False,l,1.2751118713228489,0.0,,67,0.06453649140894413,0.2012183842016384,body,0.19206005472224208,0.5193715006113052,body,0.40876629058038816,0.841511746076867,body,0.9542748154781293,1.430957781220786,body,1.6667946511268383,1.9550608598045076,world,1.0496943551150617,2.0498758161207657,world
medium_low,body_only,90152,True,False,m,1.3717293620024857,0.0,,77,0.05940199154429138,0.18293735850602388,world,0.2129715140443295,0.5317925940733403,body,0.41981173406820743,0.909691079868935,body,0.891486069734674,1.532796826295089,body,1.4140666541818063,1.9577424924529623,world,0.9250635393685661,1.9460068080271595,world
medium_low,body_only,90153,True,False,l,1.3777582765834164,0.0,,63,0.09287590417079628,0.1615640101954341,body,0.24514880212955176,0.48881923127919436,body,0.39708504404406997,0.9000405103899539,body,0.7562497428967617,1.4785842940676956,body,1.0387275099928956,1.8563234670786188,world,0.6908647919516079,1.8240356941986828,world
medium_low,body_only,90154,True,False,m,1.3240528558094946,0.0,,61,0.09238589089363813,0.17391157802194357,body,0.22733221659436822,0.5362053002929315,body,0.3785541739780456,0.9225911696790716,body,0.7365397795801981,1.527684553473955,body,1.0035842053825035,1.836232072391431,world,0.649052701285109,1.8058723440009634,world
medium_low,body_only,90155,True,False,l,1.2616156540457863,0.0,,75,0.08237554924562573,0.1301679329480976,body,0.21912131933495402,0.42477324046194553,body,0.39181555542163554,0.8139821082819252,body,0.8730027000186964,1.358344448148273,body,1.5248273446573877,1.8580539470887745,world,0.9890266858460383,1.9243079728214068,world
medium_low,body_only,90156,True,False,m,1.53054519222226,0.0,,80,0.09802576759830117,0.19587385142222047,body,0.2515506031922996,0.5570858151651918,body,0.44276013728231195,1.0065130568575116,body,0.706533574219793,1.5819470287300645,body,0.7880188383278436,1.7793178700434509,world,0.477777637001127,1.7073895082931267,world
medium_low,body_only,90157,True,False,l,1.488929027680533,0.0,,67,0.10827540047466755,0.17906559561379254,body,0.25629005655646325,0.5427261146251112,body,0.4880198711529374,0.9400095126824455,body,0.9468517862726004,1.6253762371488847,body,1.3969632915453984,2.128374597226502,world,0.892487853197381,2.1037467462127095,world
medium_low,body_only,90158,True,False,m,1.4010988441285952,0.0,,76,0.08042567723896354,0.18713389476761222,body,0.24615669331979007,0.5557857257081196,body,0.41831031459150836,0.9681010430795141,body,0.8172601677884812,1.5803737473499495,body,1.0421043122507399,1.9116958930069814,world,0.6729020724853034,1.869880304943072,world
medium_low,body_only,90159,True,False,l,1.3983826888544335,0.0,,76,0.09952978836372495,0.1615226303692907,body,0.2409382493235171,0.5057698684511707,body,0.45358811006881294,0.8983813888276926,body,1.0376457729609685,1.5364234620181378,body,1.7991496596834622,2.1530724607146112,body,1.1115915126213802,2.2637654101743827,world
medium_low,body_only,90160,True,False,m,1.6346395142175347,0.0,,78,0.07900948042515665,0.1950366860255599,body,0.2283831147477031,0.6083737515727989,body,0.37106983598787335,1.0165582903602626,body,0.6016683475347235,1.5489218766975683,body,0.5346643999218941,1.7022439727294114,world,0.35106572588905693,1.652730721493863,world
medium_low,body_only,90161,True,False,l,1.4627355647267428,0.0,,75,0.07265379116870463,0.1697476669214666,body,0.24033323386684058,0.5122942101210356,body,0.45009135124273597,0.922145015373826,body,0.872046488407068,1.5652007637545466,body,1.235523506172467,1.9886830204166472,world,0.799273025416769,1.9311687914282083,world
medium_low,body_only,90162,True,False,m,1.3110427449584228,0.0,,70,0.06976429070346057,0.17110792687162757,body,0.23612358351238072,0.5247719245031476,body,0.45021599882747976,0.9281394785968586,body,1.0839820736204273,1.487898218713235,body,1.8533352604194078,2.0396714705449996,body,1.2226136473962104,2.2132601688592697,world
medium_low,body_only,90163,True,False,l,1.4308898612160117,0.0,,78,0.07325921743176877,0.17061874899081886,body,0.22708525261841714,0.5010690441355109,body,0.43386301293503493,0.8885344468988479,body,0.8694661484914831,1.5319266248960048,body,1.2859575099952052,1.9599861799040807,world,0.8211699496745132,1.9328558972198517,world
medium_low,body_only,90164,True,False,m,1.439856144676443,0.0,,68,0.07926816935651004,0.17879182193428278,body,0.2543543104548007,0.547422676999122,body,0.4337260582949966,0.9594498138409109,body,0.8487362015526743,1.5655326933367177,body,1.021501079632435,1.8947985240607523,world,0.6808574094204233,1.855896495184861,world
medium_low,body_only,90165,True,False,l,1.2997648895781109,0.0,,62,0.06560159008949995,0.18832633562851697,body,0.20760084250941874,0.4949537885608152,body,0.3870272649917752,0.8832006704411468,body,0.9581538924248889,1.4436349512950986,body,1.8327993034734391,2.0087747381970984,body,1.1857523273909465,2.1636254074412866,world
medium_low,body_only,90166,True,False,m,1.679679815459025,0.0,,64,0.08813601406291127,0.21487666899338365,body,0.23515869609545917,0.6252702893456443,body,0.37871174953179443,1.0234018229763022,body,0.6098576330114156,1.5524453862279188,body,0.5339123740792274,1.6992036844632823,world,0.35712616671342406,1.6467439548685796,world
medium_low,body_only,90167,True,False,l,1.3590101711106688,0.0,,72,0.07828301656991243,0.1488622957840562,body,0.2520028257742524,0.45456684627570215,body,0.4594523237086833,0.8537403289694339,body,1.0872985931579024,1.43589224757161,body,1.8930132064037024,2.0200417709420435,body,1.2049735280964524,2.1942397843627264,world
medium_low,body_only,90168,True,False,m,1.6457533914678304,0.0,,77,0.09752322291024029,0.19366902625188231,body,0.21577229729155079,0.5858058522222565,body,0.3297480609791819,1.0045908807660453,body,0.3455165547668002,1.4175409974646755,world,0.341278649616288,1.493098748353077,world,0.23380292105721306,1.4463958816038576,world
medium_low,body_only,90169,True,False,l,1.372684860076075,0.0,,63,0.058356213150545955,0.16455416136886925,world,0.19782424974255264,0.49847728672903024,body,0.38847255052533,0.8686651930096558,body,0.8924686082522385,1.3918800502491648,body,1.4450563623046035,1.87989562919538,world,0.9881049203756266,1.9146947356767487,world
medium_low,body_only,90170,True,False,m,1.5110806219967274,0.0,,77,0.1026468169875443,0.22952686110511422,body,0.24179316172376275,0.5972413809970021,body,0.42233975087292497,1.0078356055077167,body,0.7640115047106519,1.6231723878998308,body,0.9369532042415812,1.832504101243103,world,0.597716557374224,1.7727090570679866,world
medium_low,body_only,90171,True,False,l,1.3393346079674444,0.0,,80,0.06359984527807683,0.20540939108468592,body,0.20194411983247845,0.5486189969349653,body,0.4286920536193065,0.9121588336536661,body,0.8689024362654891,1.5578417498734778,body,1.286557205763529,2.0077343008539175,world,0.8025127285800409,1.9766932135471142,world
medium_low,body_only,90172,True,False,m,1.5992541406103382,0.0,,69,0.07948526262771338,0.2000107509084046,body,0.23540101782418787,0.5856530528282746,body,0.371343186777085,0.9823025602498092,body,0.6051812434918247,1.5208917980606202,body,0.5275852455291897,1.6708192454942035,world,0.36075771236792203,1.624750752002583,world
medium_low,body_only,90173,True,False,l,1.2909310796297793,0.0,,74,0.07193175423890352,0.17027405998669565,body,0.21100028781220315,0.45389530030079184,body,0.4504741951357573,0.8217204532586038,body,1.0840202143182978,1.4391306461067872,body,1.9743278502835895,2.0136641635675914,body,1.2087282307492568,2.234112752941437,world
medium_low,body_only,90174,True,False,m,1.4992846063269814,0.0,,60,0.0818120741751045,0.171754491282627,body,0.2297679448965937,0.49037409988231956,body,0.41075942439492796,0.9116040804656222,body,0.6852318659308366,1.4483082074439153,body,0.786656892549945,1.632495643768925,world,0.5130839315475896,1.581907758549205,world
medium_low,body_only,90175,True,False,l,1.375063495490151,0.0,,67,0.07657433149870485,0.159623306884896,body,0.25057530000340195,0.47252377526601774,body,0.46156454927986484,0.8732270727108699,body,1.0901480548258407,1.483542262445553,body,1.9025705963693327,2.0943969263040345,body,1.201307521931594,2.237152751769754,world
medium_low,body_only,90176,True,False,m,1.3570155774731387,0.0,,71,0.07892414671368897,0.1856648178654723,body,0.22928671478293838,0.5416176671511493,body,0.44452322460711,0.9655945032078307,body,0.9410241450008471,1.4913321571977578,body,1.5927183649182552,1.9683542327300527,world,1.0276946521329229,1.9976519415824443,world
medium_low,body_only,90177,True,False,l,1.2641200458110455,0.0,,62,0.07278859382495284,0.12990293267648667,body,0.21272431379184126,0.3894794611958787,body,0.4424053588416428,0.7015495412284508,body,1.1420161795569583,1.1939119326125365,body,2.223851090285461,1.7400159859185806,body,1.4251067694230004,2.1037878329714297,world
medium_low,body_only,90178,True,False,m,1.5240608064758356,0.0,,68,0.08593673771247268,0.21393296821042895,body,0.24315907284617425,0.5793325368489605,body,0.3674323485000059,0.9701267658354482,body,0.5896625726250931,1.500336439469538,body,0.5197014498640784,1.6716828628814255,world,0.3612121092807501,1.6241916963699623,world
medium_low,body_only,90179,True,False,l,1.4207768660969622,0.0,,63,0.074856759281829,0.17472384427674115,body,0.23904998325742782,0.5134554180782288,body,0.4713381494628266,0.9130769699113445,body,1.0248117086128332,1.5439693688065745,body,1.6432481453346555,2.0825050280720463,world,1.0432595183630473,2.1041626381617973,world
medium_low,body_only,90180,True,False,m,1.6834084531201725,0.0,,70,0.11352065647952259,0.21332444623112679,body,0.2615875868592411,0.6322502750204875,body,0.44138201486784967,1.118034952285234,body,0.6967336988425814,1.6583538420905826,body,0.7210313004383352,1.8190797289222247,world,0.43017760703573,1.7342602413198622,world
medium_low,body_only,90181,True,False,l,1.3164236438723707,0.0,,75,0.06905287504196167,0.15701476368121803,body,0.2194387411698699,0.4140666422783397,body,0.4531151249073445,0.7425698306586128,body,1.1857648271601646,1.2544840519869467,body,2.20307443945203,1.8233205488228124,body,1.4271115473471583,2.1669656092784138,world
medium_low,body_only,90182,True,False,m,1.3450601064988406,0.0,,60,0.0752674585673958,0.199520253110677,body,0.23662820234894755,0.5490638928487896,body,0.42873701590579005,0.9457072233781219,body,0.9540339324972592,1.5414126837626099,body,1.4982903016905766,2.0526729217264803,world,1.0218106043501756,2.065904830992222,world
medium_low,body_only,90183,True,False,l,1.3429357517410216,0.0,,67,0.08742351992987096,0.16095592314377427,body,0.23540685116313398,0.4513959052972496,body,0.43451438590418545,0.8402453526854514,body,0.9414007085724734,1.4174012023955584,body,1.5222217989328783,1.9443058232311161,world,1.000737786355894,1.976930696833879,world
medium_low,body_only,90184,True,False,m,1.6568892806087865,0.0,,73,0.07001184567343444,0.1961754965595901,body,0.19572062224615366,0.5403506675269455,body,0.3120522274170071,0.9657112490851432,body,0.3587162550305948,1.3977600128826453,world,0.35330891556805,1.4884574055395206,world,0.2492821040423587,1.4486852062691469,world
medium_low,body_only,90185,True,False,l,1.43334245437914,0.0,,67,0.07742571132257581,0.17908570263534784,body,0.24016256919130682,0.5160810531117022,body,0.40826166975311934,0.924630291434005,body,0.7760479583172128,1.4953134926268832,body,1.070256036228966,1.869762453821022,world,0.7373070922540501,1.8289935240941122,world
medium_low,body_only,90186,True,False,m,1.6331529059433587,0.0,,70,0.09416338743176311,0.23713955003768206,body,0.23080451528076082,0.6146955352276564,body,0.35750325411208905,1.0294209135812706,body,0.5122417384875008,1.6077608771040104,body,0.5262764591432643,1.7301115973328707,world,0.33632192395394667,1.6784404892942983,world
medium_low,body_only,90187,True,False,l,1.3141636302230804,0.0,,65,0.10249408660456538,0.1530475290492177,body,0.23919515954330567,0.49806417254731056,body,0.4335186515934766,0.8966323642525822,body,0.8975989691447466,1.5523158876458183,body,1.4206623641075569,2.060114645503927,world,0.9155596058629453,2.062799617131241,world
medium_low,body_only,90188,True,False,m,1.68271261290117,0.0,,72,0.08418332750443369,0.20463847205974162,body,0.23934231421444568,0.6284946771338582,body,0.3749914789921604,1.0155120352515952,body,0.5777164982806424,1.5782379098294768,body,0.48383162014361003,1.6962243910104007,world,0.3791084910498467,1.6457098013137876,world
medium_low,body_only,90189,True,False,l,1.2673551846296478,0.0,,69,0.04660832183435559,0.017723382901749574,world,0.15536423726007342,0.04043578389973845,body,0.37937362655065954,0.07424047807435272,body,1.2970594112528488,0.19142117001101722,body,3.0412510985857804,0.5698603365915914,body,2.2439970597764476,1.4257579885794258,body
medium_low,body_only,90190,True,False,m,1.4616304439624153,0.0,,61,0.087026511086151,0.18610329437069595,body,0.2687462834641337,0.5686639894964173,body,0.5009059659671038,1.0163161257863975,body,1.0471803898690268,1.5757581095502247,body,1.661344788898714,2.0527857902139655,world,1.055916457530111,2.072956899056444,world
medium_low,body_only,90191,True,False,l,1.3598610545526153,0.0,,75,0.06555929593741894,0.17015008686576039,body,0.21628728685900567,0.4867287202738225,body,0.4429063131567091,0.846641450165771,body,1.0171095180092378,1.4688147333799861,body,1.725790578580927,2.008471017953707,world,1.0684850000264123,2.0936053724843076,world
medium_low,body_only,90192,True,False,m,1.6394540644586693,0.0,,73,0.09843277500476688,0.2149083591066301,body,0.2705964644672349,0.6337869691196829,body,0.4394452864478808,1.1073531816946343,body,0.6859726490074536,1.6383868232427632,body,0.6944778157732798,1.8070468447607708,world,0.4076274738967186,1.723784560378408,world
medium_low,body_only,90193,True,False,l,1.2806965176607972,0.0,,79,0.04589785123243928,0.03877730690874159,world,0.14966677417978647,0.04767233207821846,body,0.3538510784041137,0.05763894859701395,body,1.221516041806899,0.11578138812910765,body,2.929442874889355,0.42973814857687104,body,2.2593474748125297,1.3148203227302293,body
medium_low,body_only,90194,True,False,m,1.3882151295384004,0.0,,72,0.07225013012066483,0.17619941476732492,body,0.23438929533585906,0.5446255800314248,body,0.4455219912109897,0.9859766827430577,body,0.8515043728402816,1.542094178055413,body,1.2023676040989812,1.9019062904058956,world,0.7482144489209167,1.8456992243090646,world
medium_low,body_only,90195,True,False,l,1.4070168029723402,0.0,,68,0.08933712844736874,0.19008196145296097,body,0.23051244579255578,0.5277072693221271,body,0.4424063540995121,0.9084289662074299,body,0.8733741459902375,1.5622309008380397,body,1.2709866324439647,2.003807721182238,world,0.8025254031457008,1.9648639120860025,world
medium_low,body_only,90196,True,False,m,1.4747105385822876,0.0,,78,0.08504576793347951,0.20062869391404092,body,0.22125519471883306,0.5797792898025365,body,0.40253826833650236,0.9756431243149564,body,0.7627203953910795,1.6337619977188298,body,0.9707230393538339,1.89985007767682,world,0.6241397396427055,1.8472239798877854,world
medium_low,body_only,90197,True,False,l,1.3111555143573217,0.0,,62,0.07912675407715142,0.17668342404067516,body,0.21228282568044962,0.5348476954270154,body,0.4357103627873585,0.8933785644592718,body,1.0155031671165489,1.510851944994647,body,1.7567442962143103,2.0612790804414542,body,1.1012957143480888,2.1731615836941636,world
medium_low,body_only,90198,True,False,m,1.379640047296776,0.0,,79,0.09225599956698716,0.19970329944044352,body,0.24086360656656325,0.5351090380456298,body,0.4583258121507242,0.9468689396744594,body,0.8794650574796832,1.572970469936263,body,1.3409426169528158,1.9807601330743636,world,0.8541455467254853,1.943431074328255,world
medium_low,body_only,90199,True,False,l,1.4868269255907973,0.0,,73,0.0684522979427129,0.18799292715266347,body,0.23241019374690952,0.5240355172194541,body,0.43189829408656805,0.9117470661643892,body,0.8378794244374148,1.552314412337728,body,1.2353845279139932,1.9801144346245563,world,0.8073073046258651,1.9379923930997027,world
medium_low,body_only,90200,True,False,m,1.568789452616487,0.0,,75,0.0855581875948701,0.20314181467983872,body,0.19864210475352592,0.5700649417471141,body,0.3127249190729344,0.9270208848989568,body,0.44711313980660633,1.4388622904662043,body,0.450360837145854,1.5568674989743156,world,0.3045521688825102,1.5175456865571324,world
medium_low,body_only,90201,True,False,l,1.237480856854104,0.0,,74,0.06112990202382207,0.07760381349362433,world,0.19795197835192083,0.20746143427677455,body,0.44230341338552537,0.3770524179330096,body,1.2133566771866753,0.8044521213683766,body,2.607496635906864,1.4053881726780673,body,1.7468727427953854,2.0135888586041983,body
medium_low,body_only,90202,True,False,m,1.589816924085751,0.0,,69,0.09963411092758179,0.21565126720815897,body,0.24375545396469533,0.6162522487342358,body,0.3858393342932686,1.0561653059208764,body,0.6239240460679866,1.59763573105447,body,0.5741538975678849,1.778064357533003,world,0.3653944517555646,1.7142875290632948,world
medium_low,body_only,90203,True,False,l,1.2163108575505985,0.0,,68,0.044995206175372005,0.03503967993310653,world,0.09988867021165788,0.04755606396938674,world,0.20809063098859043,0.05078818408946972,body,0.7187149824923835,0.05105411222757539,body,2.221106786763994,0.053618223534795104,body,1.9125293508614414,0.07370802014003856,body
medium_low,body_only,90204,True,False,m,1.577624770964431,0.0,,61,0.08218673698138446,0.22259858041070402,body,0.23059798227623104,0.627768488926813,body,0.43314872740302235,1.100811750558205,body,0.7902344214846381,1.7740548915346155,body,0.9779595958709252,1.9832142569182907,world,0.6139992863941006,1.917155998526141,world
medium_low,body_only,90205,True,False,l,1.3675497082151145,0.0,,65,0.07672902848571539,0.1617662627249956,body,0.25343658924102785,0.48947847355157137,body,0.4409217605367303,0.9098443847149611,body,0.9570092748850584,1.5172652012668548,body,1.590380973974243,2.0570865586865694,world,1.053559798244387,2.061140468735248,world
medium_low,body_only,90206,True,False,m,1.5176465510618466,0.0,,74,0.07983516762033105,0.18435060582123697,body,0.24546882261056452,0.5581502971705049,body,0.43441045704530545,1.0129084684653207,body,0.6786274523998145,1.5604788706987165,body,0.736399102435098,1.7494325709529222,world,0.4474815209407825,1.6786812615988311,world
medium_low,body_only,90207,True,False,l,1.2488637580931352,0.0,,80,0.0726537792943418,0.15886062197387218,body,0.23764210836961863,0.45932899810140954,body,0.4320501937996596,0.8684201242111157,body,1.0457574019907043,1.4433710154466097,body,1.899163029144984,2.0325280296310666,body,1.2083097521867603,2.198278642247314,world
medium_low,body_only,90208,True,False,m,1.4834364114696996,0.0,,66,0.0575313784647733,0.1707841034512967,world,0.22954675951041278,0.5408325977157802,body,0.4100239262683317,0.9651924024452454,body,0.648188666056376,1.435858770291088,body,0.7040453713561875,1.5946989954885793,world,0.4373432448296808,1.5441018316627013,world
medium_low,body_only,90209,True,False,l,1.263629522578016,0.0,,60,0.0683432889636606,0.15770135493949056,body,0.19852747241966429,0.42129495944827794,body,0.4459950681542978,0.732444255426526,body,1.152406843926292,1.2360021354281343,body,2.2445328631380104,1.7752865468908565,body,1.4460936701647005,2.1423380663921128,world
medium_low,body_only,90210,True,False,m,1.3346147837212192,0.0,,73,0.08495924295857549,0.14952219766564667,body,0.2489881689660251,0.40089386247564107,body,0.48024235423654316,0.7424298648606055,body,1.2002939399564638,1.3012452800467145,body,2.167206947458908,1.848953069522395,body,1.4364450597390532,2.2030581372079903,world
medium_low,body_only,90211,True,False,l,1.30656153459059,0.0,,71,0.05731439351802692,0.15642433403991163,world,0.2050161959021352,0.41311655514873563,body,0.4356886963068973,0.7224517652997747,body,1.0804980038519716,1.3029162076418288,body,2.030198288864631,1.8567484541388692,body,1.273600144662778,2.1287110337079502,world
medium_low,body_only,90212,True,False,m,1.6930851814175538,0.0,,60,0.09820392681285739,0.19642020878382027,body,0.2219787993468344,0.5754650652408599,body,0.3361439470667392,1.0101424133114052,body,0.3397546065651113,1.4107654270803323,world,0.33489710163121345,1.5051138487688152,world,0.23772336692374665,1.4584130601090146,world
medium_low,body_only,90213,True,False,l,1.3559979569855254,0.0,,66,0.1155594140291214,0.14962140866555274,body,0.2660466343164444,0.49554157801903786,body,0.44811223158612845,0.913572105509229,body,0.9365091377403587,1.5322968857013621,body,1.493094886164181,2.074917394371005,world,0.9509236495196819,2.0788215478812346,world
medium_low,body_only,90214,True,False,m,1.3935857870234445,0.0,,60,0.08185477741062641,0.2197219847002998,body,0.2306077833287418,0.5850056831492112,body,0.4685816497076303,0.9752499353489839,body,1.0674067639280111,1.6241650884214325,body,1.830472286895383,2.140681654270156,body,1.176646100631915,2.22258942043758,world
medium_low,body_only,90215,True,False,l,1.3131198647094737,0.0,,80,0.08464521984569728,0.14108222525101155,body,0.22102221683599055,0.43955904245376587,body,0.4540215570712462,0.7747518744086846,body,1.0920453858678227,1.3982398026972078,body,2.0452365868317433,1.9989526874560397,body,1.26249924126314,2.251184127747547,world
medium_low,body_only,90216,True,False,m,1.681261135717984,0.0,,66,0.082382938999217,0.2244388572871685,body,0.21579364152858035,0.6182239061803557,body,0.34456367861130277,1.047070346621331,body,0.46955280694237445,1.6033472901035566,body,0.4854475886342698,1.702693032748357,world,0.31429506981337907,1.6483156163740205,world
medium_low,body_only,90217,True,False,l,1.413471960665546,0.0,,75,0.07615740923210979,0.16846902924589813,body,0.25187634183093904,0.4913641131017357,body,0.4654454450588673,0.8994682581396773,body,1.0068320229416712,1.5179070227430203,body,1.6228722365223802,2.048886944010155,world,1.0406594414124264,2.06902456843527,world
medium_low,body_only,90218,True,False,m,1.584896311018346,0.0,,74,0.08146353129995987,0.1886582353617996,body,0.24942605922697111,0.60195370700676,body,0.42975469906232316,1.0122182249673644,body,0.8177924201794667,1.6670680900511798,body,1.0521108623521287,1.9339574692203314,world,0.6690136582980631,1.8744236302617354,world
medium_low,body_only,90219,True,False,l,1.3119810143159762,0.0,,70,0.0592817819560878,0.14041018660645932,world,0.22775733455782757,0.39792698682285843,body,0.4605095421138686,0.7209604057483374,body,1.109428736064001,1.3135618411004544,body,2.014040757929615,1.8857123289024458,body,1.2527647347393212,2.1404774443712085,world
medium_low,body_only,90220,True,False,m,1.300500753923412,0.0,,65,0.08029267704114318,0.17458215891383588,body,0.23918089345097543,0.4904773319605738,body,0.4316442517563701,0.8838441903935745,body,0.9574830733239651,1.4601434389711359,body,1.4751072333659978,1.9620074227044826,world,1.0034253963921218,1.9910715855122545,world
medium_low,body_only,90221,True,False,l,1.325946290087466,0.0,,69,0.08018624596297741,0.16042893682606518,body,0.26112958248704676,0.47127687912434335,body,0.43241972355172037,0.8844756041187793,body,0.9372379365842789,1.4738516359822824,body,1.5563856189604848,2.012219154287595,world,1.0113377064652742,2.0273494091676545,world
medium_low,body_only,90222,True,False,m,1.3799548422979533,0.0,,63,0.08169717900454998,0.15797161811497062,body,0.23956223987042904,0.458128132391721,body,0.4632802299456671,0.8473331005778164,body,1.0085131155443379,1.415096194227226,body,1.7373906264838297,1.906441459490452,body,1.1471286414773203,1.989288978842087,world
medium_low,body_only,90223,True,False,l,1.2088747342560058,0.0,,66,0.06576291657984257,0.07804711436619982,body,0.2116751375608146,0.21012750464724378,body,0.4540306933689862,0.38798610643716525,body,1.2456006055930628,0.829862737993244,body,2.5718531485297715,1.4442089367483277,body,1.7160480814659969,2.040746781269554,body
medium_low,body_only,90224,True,False,m,1.3689372681649405,0.0,,67,0.0760345384478569,0.1884028168860823,body,0.2468675984069705,0.5076506911311298,body,0.48258905042894185,0.912709699338302,body,1.0286646605003626,1.5119723504176363,body,1.7334656360559164,2.0069585265940986,world,1.11605901716277,2.066816099914722,world
medium_low,body_only,90225,True,False,l,1.4190999555086545,0.0,,76,0.10840027499943972,0.16528260614722967,body,0.26839765049517156,0.5102219911292195,body,0.4708591358736157,0.9214785468764604,body,0.9670993066858501,1.5635273150634021,body,1.5127885980997233,2.1013605863554403,world,0.9716219569928944,2.097810773430392,world
medium_low,body_only,90226,True,False,m,1.3666051873938825,0.0,,68,0.05986855225637555,0.16721326694823802,world,0.2312603437807411,0.5108325382927432,body,0.47593640580307695,0.9214196311426349,body,1.0182520619942808,1.433285186631838,body,1.6396127833926584,1.8950960347923682,world,1.0302567998017185,1.9402110561740118,world
medium_low,body_only,90227,True,False,l,1.2089853713110907,0.0,,76,0.04370805504731834,0.023519552312791348,world,0.12234662114642561,0.05063523164135404,body,0.2667973004980013,0.0613564594386844,body,0.9109456666163169,0.08307305180787808,body,2.5870103847410064,0.2319392981698911,body,2.0856964575196617,1.0922339628366171,body
medium_low,body_only,90228,True,False,m,1.3941552835422104,0.0,,76,0.09143106336705387,0.2231333808740601,body,0.2601258174225223,0.5720210633939131,body,0.43489242078212553,0.9525692497263661,body,0.8361600841089968,1.5038013169018085,body,1.0751417422048688,1.8255412682978203,world,0.7032866642656154,1.7845086356427053,world
medium_low,body_only,90229,True,False,l,1.4129882265602367,0.0,,60,0.11255276575684547,0.15200057113543153,body,0.2686993725597858,0.5280670236796141,body,0.46415540808811784,0.9194451154209673,body,0.9570934083778411,1.5434829379897566,body,1.475358601845801,2.0552194841904567,world,0.949796468410641,2.0473226683493704,world
medium_low,body_only,90230,True,False,m,1.387380358400205,0.0,,62,0.08762295823544264,0.19708288158290088,body,0.2105083147995174,0.5367907135747373,body,0.3721763479057699,0.9038502128794789,body,0.7118194843176752,1.49581416065339,body,0.8973173042410053,1.730208915338153,world,0.591690574651584,1.688046501092613,world
medium_low,body_only,90231,True,False,l,1.2736796593502162,0.0,,79,0.05845226324163377,0.07525192340835929,world,0.1979792643804103,0.16151075616944582,body,0.45815702381078155,0.2986236748402007,body,1.3257656509173104,0.561236197251128,body,2.787544459669152,1.0970005606097402,body,1.9075039599672892,1.7920372618467084,body
medium_low,body_only,90232,True,False,m,1.3398772042708087,0.0,,65,0.05867179832421243,0.19115878641605377,world,0.2055951993446797,0.5514218247728422,body,0.4008968747686595,0.9261778141953982,body,0.8663078575395047,1.5630195540667047,body,1.4184488167054952,2.0111069922946627,world,0.9187481800746172,1.9961368261522148,world
medium_low,body_only,90233,True,False,l,1.2151805568406018,0.0,,74,0.04774613492190838,0.03237833874300122,world,0.10724815223366022,0.058159747580066326,body,0.23726250389590858,0.052882124180905515,body,0.8409479175228626,0.06182039048289881,body,2.363710273639299,0.05652589318633545,body,2.008886024141684,0.06098120433758595,body
medium_low,body_only,90234,True,False,m,1.412785576783788,0.0,,80,0.08341573574580252,0.18322471936699003,body,0.25261048967950045,0.5349237297894434,body,0.466834609140642,0.9776412989594974,body,0.8737544816569426,1.5599358954292257,body,1.238469890883425,1.9367390714032808,world,0.777843277475331,1.88855043608346,world
medium_low,body_only,90235,True,False,l,1.4243033807217698,0.0,,60,0.06831780774518847,0.18330260674702004,body,0.26737214745953675,0.49705623314948755,body,0.4726261780131608,0.9123823141737375,body,1.00554554623086,1.4996501191548304,body,1.5705834840773605,2.022438408761809,world,1.047389651010744,2.0322613424254814,world
medium_low,body_only,90236,True,False,m,1.6997035312296203,0.0,,64,0.0896308000665158,0.20288129418622702,body,0.249228003108874,0.6261222996516154,body,0.43141435859724875,1.093186813162174,body,0.686546922265552,1.615248892334057,body,0.7082909441262019,1.7759991408180216,world,0.41727923272876066,1.6989453061425592,world
medium_low,body_only,90237,True,False,l,1.376968432617344,0.0,,75,0.09346386231482029,0.15543911757413298,body,0.24038933962583542,0.49975182015914466,body,0.4325945727527142,0.8714963236474431,body,0.9219531719572842,1.4911072035145478,body,1.4573440045816826,1.9998913400719176,world,0.9479671949800104,2.01315296904766,world
medium_low,body_only,90238,True,False,m,1.5968317899030746,0.0,,62,0.07181877715629525,0.19237188214901835,body,0.2136736881977413,0.5941964405355975,body,0.34570705747755714,0.9756893452140504,body,0.5463546344268252,1.5119301243918015,body,0.45338035487584416,1.6419351143500536,world,0.34663574691774557,1.599537084514159,world
medium_low,body_only,90239,True,False,l,1.3434682340044826,0.0,,67,0.07157498924061656,0.17693014116957784,body,0.21685744761489334,0.49423640335444363,body,0.441755109350197,0.8671389098395593,body,0.9827725440612994,1.4658171983959618,body,1.6236419076274613,1.993799131110427,world,1.022609040986281,2.0292666337371337,world
medium_low,world_only,90240,False,True,,1.0,1.0,short,59,0.04558508680202067,0.053067149652633816,world,0.09092295984737575,0.08527929472038523,world,0.14387966829817742,0.07296147863962688,world,0.3058781464933418,0.07827669373655227,world,1.4495148352056275,0.07485031514224828,world,1.5680122720706278,0.0748790019648004,world
medium_low,world_only,90241,False,True,,1.0,1.0,medium,75,0.06021566060371697,0.06689855654258281,world,0.09111568140797317,0.07268398376181721,world,0.15391003114636986,0.09846639761235566,world,0.3399918144452385,0.08927748880232685,world,1.3877185940684287,0.09196548571926541,world,1.5674795998609625,0.08697184079850559,world
medium_low,world_only,90242,False,True,,1.0,-2.0,short,69,0.06566831981763244,0.11378486244939268,body,0.1707579473499209,0.275196348153986,body,0.2788976316107437,0.45560744601534675,body,0.3329004109720699,0.6849568390811328,world,0.2786482618335867,0.8200798383011715,world,0.2063979855517391,0.9065179579809775,world
medium_low,world_only,90243,False,True,,1.0,2.0,medium,68,0.04667150927707553,0.042758923169458285,world,0.10161013156175613,0.08660910707549191,world,0.15497848354279994,0.09949535007181112,world,0.31938551524654035,0.11582791145920054,world,1.3763877447228878,0.12294670200644758,world,1.5607897446118293,0.136163052993943,world
medium_low,world_only,90244,False,True,,1.0,-4.0,short,65,0.07606977177783847,0.13326386245898902,body,0.1168079362018034,0.2870606952812523,body,0.13241639683255926,0.4393271136563271,world,0.155743052175967,0.62620726096211,world,0.17775961419392844,0.6926951269153505,world,0.1719434283731971,0.7318055110995193,world
medium_low,world_only,90245,False,True,,1.0,4.0,medium,65,0.059053412987850606,0.10851968289352953,world,0.14369724343996493,0.27786852135322987,body,0.17817784951766952,0.49280880376463754,body,0.17845630666124634,0.6664251641719603,world,0.18785938766959587,0.7153823168351664,world,0.16783729110728018,0.7404661212937208,world
medium_low,world_only,90246,False,True,,1.0,-1.0,short,75,0.06918132724240422,0.062460188986733556,body,0.10221108524128794,0.1018171233823523,world,0.1582424644846469,0.09778653105022386,world,0.3687265701824799,0.09092492361087352,world,1.6135493912850507,0.09416051026491913,world,1.6341129346610979,0.08644314039498567,world
medium_low,world_only,90247,False,True,,1.0,-1.0,medium,77,0.09464619378559291,0.13474828912876546,body,0.21188492784276602,0.2977736031345557,body,0.3546009993646294,0.49550513209251223,body,0.5489726535743102,0.7907398002382252,body,0.6385200121439993,0.9722397535653727,world,0.3988797440892085,1.0689017217358923,world
medium_low,world_only,90248,False,True,,1.0,-2.0,short,70,0.07064865587744862,0.10506099066697061,body,0.1980389646952972,0.36393692712299525,body,0.27815052195219325,0.614768837299198,body,0.4250749001686927,0.9069265847560019,body,0.4150721219630214,1.06488680227194,world,0.29712328311405145,1.1570242411550133,world
medium_low,world_only,90249,False,True,,1.0,2.0,medium,60,0.06061866879463196,0.06423285522032529,world,0.10816608648747206,0.09410924289841205,body,0.16576174842193722,0.10612494417000562,body,0.37106202100403607,0.10748841865861322,world,1.4925590094411745,0.10706574100186117,world,1.602388402307406,0.10656292401137762,world
medium_low,world_only,90250,False,True,,1.0,4.0,short,68,0.049549566581845284,0.03786236932501197,world,0.11333644855767488,0.07069131939206273,body,0.16484656697139144,0.09308834868716076,body,0.3812704689335078,0.11247786831809208,world,1.5011992497136815,0.10427631673228463,world,1.5454173595365137,0.10435614736139542,world
medium_low,world_only,90251,False,True,,1.0,-4.0,medium,77,0.0627350103459321,0.1412548739463091,world,0.12862640893145,0.331493093399331,body,0.14945632551825838,0.5179288682993501,world,0.14967557032141485,0.6532811195182149,world,0.1628177376511303,0.6532239714608294,world,0.15677354599538376,0.6562953369237948,world
medium_low,world_only,90252,False,True,,1.0,-1.0,short,78,0.03477754769846797,0.02834507147781551,world,0.07983643766492605,0.0627314068202395,world,0.13582946471869944,0.08039347938320134,world,0.2859162687323987,0.0941488726719399,world,1.2422580764163287,0.09049486712829093,world,1.480127254668623,0.0888294976434554,world
medium_low,world_only,90253,False,True,,1.0,1.0,medium,60,0.05266982433386147,0.04128407419193536,world,0.09279205738566815,0.07175603532232344,world,0.14966826585587112,0.08943220346700399,world,0.34017020956380295,0.08413560992921702,world,1.3698006604274269,0.07988037314498797,world,1.5655554989143274,0.07939508370778639,world
medium_low,world_only,90254,False,True,,1.0,2.0,short,75,0.05047540902160108,0.051091107772663236,world,0.08710709777660669,0.06734552215784788,world,0.1363480081083253,0.08700669251848013,world,0.2944181983009912,0.08475366789498368,world,1.205562548089074,0.08737729954445968,world,1.513725379903335,0.08884407693025423,world
medium_low,world_only,90255,False,True,,1.0,2.0,medium,70,0.07732970686629415,0.039072955143637955,body,0.11288857860490681,0.07651379422750323,body,0.18052799100987613,0.11278220874955877,body,0.44923333160113543,0.12795515601173973,body,1.663818159175571,0.14046580137219278,world,1.6608191211661323,0.14203862369584383,world
medium_low,world_only,90256,False,True,,1.0,-4.0,short,70,0.0776416037697345,0.1279241694137454,body,0.15214927257038652,0.22932888597715645,body,0.20386936313007026,0.34966420552227645,body,0.21127160178730264,0.5297847956651822,world,0.18854456992121413,0.6099962284526556,world,0.1320424284879118,0.6671558222861494,world
medium_low,world_only,90257,False,True,,1.0,-4.0,medium,64,0.0832596723921597,0.11720414931187406,body,0.1324404276208952,0.36916628635954113,body,0.15938204029807823,0.5732502600061707,world,0.18091892325901426,0.7887020828551613,world,0.19268899736052844,0.8090364007279278,world,0.18287582622957416,0.817620161382947,world
medium_low,world_only,90258,False,True,,1.0,-1.0,short,67,0.04675581818446517,0.05212387256324291,world,0.09134767754003406,0.09039346319623291,world,0.16081141331233084,0.12318512275815009,world,0.408891763095744,0.12479300996055827,body,1.5673789039836263,0.1145509421468887,world,1.6061057491833344,0.11060440575907707,world
medium_low,world_only,90259,False,True,,1.0,1.0,medium,71,0.05645821522921324,0.0670630952809006,world,0.08899379456415774,0.06381892993231304,world,0.14612332810647785,0.06462650249304716,world,0.32448490608949215,0.06897941380593692,world,1.3342644736752844,0.07475586035652668,world,1.546144751110114,0.07955004411793198,world
medium_low,world_only,90260,False,True,,1.0,-2.0,short,78,0.09550058469176292,0.12430213834159076,body,0.21200539080891756,0.29074345871340485,body,0.32374155680881816,0.5225349155836738,body,0.4729747693578247,0.7935352979286108,body,0.5321755227661924,0.9458083315665136,world,0.35070870901108714,1.0412391044723337,world
medium_low,world_only,90261,False,True,,1.0,-2.0,medium,76,0.06720476550981402,0.1437384681776166,body,0.12627317258156837,0.2756826995871961,body,0.17059027769137172,0.38019255117978895,body,0.1879503690986894,0.574794912408106,world,0.17949816855543757,0.6765147397760303,world,0.13560942113748753,0.7503393617831172,world
medium_low,world_only,90262,False,True,,1.0,-4.0,short,68,0.07340454927179962,0.10040994198061526,body,0.15725709984544667,0.1639773841481656,body,0.21527412474388258,0.3039925408316776,body,0.20854828571318648,0.4482399745262228,world,0.19141023379925173,0.5351977185171564,world,0.1527525491605047,0.5935613005561754,world
medium_low,world_only,90263,False,True,,1.0,-4.0,medium,76,0.06167584809008986,0.13613072992302477,world,0.09976353996898979,0.3145088801975362,world,0.13183184439549223,0.5002697964315302,world,0.13738347862963565,0.6595126521657221,world,0.14689339468313845,0.6639034376596101,world,0.150180961281294,0.6647625205240912,world
medium_low,world_only,90264,False,True,,1.0,1.0,short,76,0.04756306950002909,0.06505285575985909,world,0.09301696205511689,0.09072363816667348,world,0.15903873411007227,0.11440620801295154,world,0.39611172780860215,0.10716112608497497,world,1.6543087455094792,0.10801184923693655,world,1.6660592622542754,0.1073818095579918,world
medium_low,world_only,90265,False,True,,1.0,1.0,medium,73,0.061612010234966874,0.047678785282187164,world,0.09596847887150943,0.06855743218911811,world,0.15076890306081625,0.06980152375763282,world,0.3174904920975678,0.06868458522658329,world,1.3353652690013404,0.06641087023890577,world,1.5562716323300263,0.06519283020563307,world
medium_low,world_only,90266,False,True,,1.0,2.0,short,80,0.06652411865070462,0.05570174544118345,body,0.09348884178325532,0.07777072531171143,world,0.15091372686438265,0.0860565168550238,world,0.3337584698339924,0.07331424496078398,world,1.3184942898224108,0.07620722614228725,world,1.5715669863997026,0.07812502107932232,world
medium_low,world_only,90267,False,True,,1.0,2.0,medium,73,0.06310085346922278,0.060061111114919186,body,0.10379491029307246,0.08313573952182196,body,0.16067730872891844,0.08635636708640959,world,0.34653284742962565,0.09405716382461833,world,1.6164891679189166,0.09842477164274896,world,1.6376794150611385,0.10738928141043289,world
medium_low,world_only,90268,False,True,,1.0,-4.0,short,69,0.05220084264874458,0.10727142554242164,world,0.13880975833162665,0.2233303596964106,body,0.17700764696346594,0.34484689496457577,body,0.19091058029443958,0.4916081555653363,world,0.18266989070980344,0.5705952638993039,world,0.15105946340248919,0.6269437596527859,world
medium_low,world_only,90269,False,True,,1.0,4.0,medium,74,0.04230921471025795,0.10074469598475844,world,0.14623161258641632,0.28587577624712135,body,0.19680299042956903,0.47856927432585505,body,0.20627390416921118,0.6238598827185342,world,0.21008245227567385,0.6672606695472496,world,0.18606230432516896,0.6955869002093095,world
medium_low,world_only,90270,False,True,,1.0,-1.0,short,81,0.042228965321555734,0.03200652310624719,world,0.08554287957958877,0.07172639808268287,world,0.13730372374411673,0.0896006874885643,world,0.28198217161698264,0.08404133555159204,world,1.1298655182530637,0.08339357071454287,world,1.4421352322562597,0.08895127664582106,world
medium_low,world_only,90271,False,True,,1.0,1.0,medium,77,0.047551066847518086,0.05321420694235712,world,0.09047759124077856,0.08137472831876948,world,0.1496457853587344,0.09390624546795151,world,0.3517886573099531,0.09360894566052594,world,1.516372980811866,0.0953891659679357,world,1.5937797462497838,0.09861541035443225,world
medium_low,world_only,90272,False,True,,1.0,-2.0,short,58,0.06723688240163028,0.12360786856152117,body,0.14727983453776688,0.306773483287543,body,0.24612530585145576,0.4810412309365347,body,0.3545316368050408,0.7254944765823893,world,0.32551351997826716,0.8580507527280135,world,0.2571725470351521,0.9402283438923769,world
medium_low,world_only,90273,False,True,,1.0,2.0,medium,71,0.0525002321228385,0.0340369469486177,world,0.10753472670912742,0.06737275797640906,body,0.16448516510427,0.08184466047096067,body,0.3456323851831258,0.09454305662366096,world,1.5303983355406672,0.1057179658455425,world,1.601317428741604,0.12067989805771503,world
medium_low,world_only,90274,False,True,,1.0,4.0,short,60,0.04442858835682273,0.04023799535934813,world,0.10618630126118661,0.07029435092699714,body,0.1549503056332469,0.0884033632610226,world,0.3094085541553795,0.10273030412645312,world,1.3521371307317167,0.09984112038000603,world,1.5429684616066515,0.10618533791810478,world
medium_low,world_only,90275,False,True,,1.0,4.0,medium,76,0.07491490850225091,0.08328354166587815,body,0.1913623336702585,0.23111327742662982,body,0.2517151804640889,0.4206005595355236,body,0.251974351098761,0.5949567721323546,world,0.24283715598285194,0.6605115879143342,world,0.21251157748512922,0.7085524370238272,world
medium_low,world_only,90276,False,True,,1.0,1.0,short,69,0.05198236252181232,0.0596881948877126,world,0.09778175526298583,0.11769119081727694,world,0.15441038862336426,0.1340660336354631,world,0.33970708387205373,0.11265656828400097,world,1.409590157988714,0.11272520846068801,world,1.5678963722777552,0.11190241209216766,world
medium_low,world_only,90277,False,True,,1.0,-1.0,medium,75,0.0773347687209025,0.11865900887642056,body,0.18090182377491146,0.32059337468817833,body,0.2606433155131527,0.5364667864283548,body,0.41891360306763087,0.8006544562173076,body,0.42582188907836094,0.9471908239240293,world,0.31192391028977,1.0537270115339197,world
medium_low,world_only,90278,False,True,,1.0,2.0,short,64,0.04653798136860132,0.03897964709904045,world,0.08046808959916235,0.059835697221569714,world,0.135739439772442,0.07957841658499093,world,0.27974228851962835,0.07896736464172135,world,1.0946505172760226,0.08104796845691453,world,1.492962350570597,0.08609152430770337,world
medium_low,world_only,90279,False,True,,1.0,-2.0,medium,63,0.043092992855235934,0.09783770644571632,world,0.10960898355115205,0.25660429590498096,body,0.14795121846254916,0.37307290801836646,world,0.17398690339177847,0.5698433808938717,world,0.17957033389247953,0.6814054746624605,world,0.1538163044140674,0.7489489073763252,world
medium_low,world_only,90280,False,True,,1.0,4.0,short,77,0.05298064183443785,0.05969574931077659,world,0.10273693809285761,0.0843531768885441,world,0.1533695278223604,0.08975972582702525,world,0.33529491329099986,0.10211501932062675,world,1.4186600074986926,0.10431341957082622,world,1.5930888216523453,0.10359222778322874,world
medium_low,world_only,90281,False,True,,1.0,4.0,medium,77,0.043460455257445574,0.08627088466892019,world,0.11828798106871544,0.2233010058174841,body,0.1782242441782728,0.40431045892473777,body,0.18708347853971644,0.5921427672168648,world,0.1901043382822536,0.656597134052936,world,0.17174277878832073,0.6879945831176885,world
medium_low,world_only,90282,False,True,,1.0,1.0,short,68,0.04644057899713516,0.043011621572077274,world,0.0866926190443337,0.07773607474227902,world,0.14396056891418996,0.06893234032177134,world,0.2914455120684579,0.06821224435043405,world,1.3685662412666715,0.07039930276914674,world,1.549963185028173,0.0683920767220843,world
medium_low,world_only,90283,False,True,,1.0,-1.0,medium,74,0.07509226206457242,0.1469425696413964,body,0.15240094187902287,0.3565249816514552,body,0.23627876709797418,0.5374351805076003,body,0.38010488290165084,0.7940238768642303,world,0.3632505803383537,0.9193157524248818,world,0.2626804987894138,1.0110687660018447,world
medium_low,world_only,90284,False,True,,1.0,2.0,short,72,0.05427130148746073,0.05725234196870588,world,0.08782135634683072,0.05533911259262823,world,0.14369102369528264,0.07319957192230503,world,0.3118208070634864,0.07817495461349608,world,1.3285269463143776,0.0797106286896451,world,1.4861826386931352,0.08045233612676383,world
medium_low,world_only,90285,False,True,,1.0,-2.0,medium,73,0.06371421564836055,0.11998836183920503,body,0.16973981328774243,0.30727619435638187,body,0.19673996242927388,0.4226945668226108,body,0.20623206156888044,0.6255162050249055,world,0.1927941700007068,0.7051861018495401,world,0.1314830447745044,0.771948369316524,world
medium_low,world_only,90286,False,True,,1.0,4.0,short,67,0.05096517386846244,0.04083948736661114,world,0.10630985512398183,0.08113608498242683,body,0.16024676903616636,0.09747097825456877,world,0.3564105802564882,0.11221614441165001,world,1.5380262498452795,0.11988305216291337,world,1.6066853003459984,0.12067484200539183,world
medium_low,world_only,90287,False,True,,1.0,4.0,medium,79,0.06177541334182024,0.09948125400114805,world,0.14725424918578936,0.2613896018643572,body,0.1920521823747549,0.46107548602412857,body,0.19905238286883103,0.6358160820627745,world,0.1980467506116838,0.6958452900470548,world,0.17460048284439836,0.7286589652992189,world
medium_low,world_only,90288,False,True,,1.0,-1.0,short,78,0.040923961671069264,0.02960496855666861,world,0.08887664894573391,0.05000971403205767,world,0.14005781633313746,0.06635047732852399,world,0.31377803086070344,0.08057319605140946,world,1.4007058465795126,0.08461471994451131,world,1.5658173061138951,0.08772485877707367,world
medium_low,world_only,90289,False,True,,1.0,1.0,medium,64,0.04059490794315934,0.042873399739619344,world,0.087483068741858,0.07240833782125264,world,0.14966518441215157,0.09351256277877837,world,0.34133830168284474,0.096813705842942,world,1.4546051051700488,0.09158405571506592,world,1.5895475795958192,0.0913434777870134,world
medium_low,world_only,90290,False,True,,1.0,2.0,short,66,0.06262586382217705,0.05254611070267856,world,0.09457079800777136,0.0718790297396481,world,0.14887047212105245,0.09825977811706252,world,0.3450354680768214,0.09072920954786241,world,1.4447693026799242,0.0934863306756597,world,1.5834340592916123,0.09452887713559903,world
medium_low,world_only,90291,False,True,,1.0,-2.0,medium,75,0.07123654871247709,0.17451682721730322,body,0.14994980981573464,0.39320764879230413,body,0.18834980647079647,0.6396160005038837,body,0.18642648740205914,0.9416026882194274,world,0.18842970224795863,1.004586728250797,world,0.1790721332607791,1.0170324059815903,world
medium_low,world_only,90292,False,True,,1.0,-4.0,short,74,0.08035864541307092,0.10994212375953794,body,0.18219286715611815,0.2073005421378184,body,0.24552994123660027,0.3051482803566614,body,0.24244928965345025,0.4389532546119881,world,0.21274008561158553,0.4971963251744455,world,0.1527595738694072,0.5651402338608751,world
medium_low,world_only,90293,False,True,,1.0,4.0,medium,69,0.049215020233532414,0.0806339323753491,world,0.13941332037211396,0.2842800089390949,body,0.18309845677867997,0.47782946499064566,body,0.19121804505266482,0.6375724006589736,world,0.1948490035436407,0.6883500879208442,world,0.17886988559534076,0.7115094863361445,world
medium_low,world_only,90294,False,True,,1.0,-1.0,short,70,0.05409279651939869,0.03914166451431811,world,0.09627940021455289,0.057482316845562306,world,0.14706424344331026,0.07683323581586592,world,0.3337859529070556,0.09299918356409761,world,1.3351289174053818,0.09419452878064477,world,1.5729838867671788,0.09871953143505378,world
medium_low,world_only,90295,False,True,,1.0,1.0,medium,64,0.05008701141923666,0.043095411849208176,world,0.0856454129330814,0.06316212980309502,world,0.14341984218917786,0.06642032494855812,world,0.309909601858817,0.0736107039374474,world,1.3398651934112422,0.07340609048587794,world,1.56389409463387,0.07295704786040005,world
medium_low,world_only,90296,False,True,,1.0,-2.0,short,84,0.06918821507133543,0.14199483674019575,body,0.15548360105603934,0.350412105768919,body,0.2274254549993202,0.5695001304382458,body,0.3764230387634597,0.8403942796518095,world,0.386220865114592,0.980382912029745,world,0.3193954993179068,1.055489557518158,world
medium_low,world_only,90297,False,True,,1.0,2.0,medium,62,0.037416607374325395,0.045556439203210175,world,0.09396212329156697,0.07187825236469507,world,0.1470365808578208,0.10012873534869868,world,0.2834597127162851,0.12149907645507482,world,1.274893913679989,0.13108755891371401,world,1.5512123097782022,0.14431670270831093,world
medium_low,world_only,90298,False,True,,1.0,4.0,short,62,0.05293491668999195,0.03459199087228626,world,0.09319083373993636,0.05070271127624437,world,0.14078920120373367,0.06786171916755848,world,0.2658367376308888,0.08639463997387793,world,1.2747043896233663,0.09111489015485857,world,1.53673007032834,0.09280550616269465,world
medium_low,world_only,90299,False,True,,1.0,-4.0,medium,67,0.08135691192001104,0.11533845541998744,body,0.11038004630245268,0.3566321232588962,body,0.16039584449026734,0.5789699125918559,world,0.1657872547279112,0.7702419704466592,world,0.18193862262996846,0.7822151071188272,world,0.17366256680106745,0.7864082164817955,world
medium_low,world_only,90300,False,True,,1.0,-1.0,short,67,0.06035177526064217,0.0460217057261616,world,0.1076000661123544,0.08103088240022771,body,0.16811648767907172,0.07293211966461968,body,0.40814712481806054,0.07254633054981241,body,1.69599075106089,0.07129616076490491,world,1.657322347809095,0.07060180823042174,world
medium_low,world_only,90301,False,True,,1.0,-1.0,medium,72,0.07026711234357208,0.13437447231262922,body,0.16102976724505424,0.32899927734397355,body,0.25192304188385606,0.557260702433996,body,0.401854421524331,0.8227804218302482,world,0.46173084193142133,0.9712881062238011,world,0.33586922818329185,1.0500674673286265,world
medium_low,world_only,90302,False,True,,1.0,-2.0,short,78,0.07564012135844678,0.09079408214893192,body,0.20081403471995143,0.312396037648432,body,0.2809942326624878,0.563078303344082,body,0.42743761772871947,0.8500212085433304,body,0.4371503812522861,1.0180555487168022,world,0.303780667957617,1.112057591699995,world
medium_low,world_only,90303,False,True,,1.0,2.0,medium,59,0.053668346954509616,0.04925079899840057,world,0.0892225535120815,0.055611487233545635,world,0.1464058092562482,0.06349449795379769,world,0.29219805564498524,0.07530306513508549,world,1.2094101054768545,0.08172306568230851,world,1.505156921155285,0.08885426928143716,world
medium_low,world_only,90304,False,True,,1.0,4.0,short,80,0.045296939788386226,0.038979078468400985,world,0.10664486917667092,0.09524490400217475,body,0.16088896037545053,0.10174386493163183,world,0.31420720469905067,0.1054748326248955,world,1.424511770758545,0.1113122930008103,world,1.565445298270788,0.11720752647583141,world
medium_low,world_only,90305,False,True,,1.0,-4.0,medium,73,0.0984041232150048,0.12088163616135716,body,0.16510060322470962,0.35954741470050067,body,0.1903954251902178,0.5943469504709357,body,0.20828754195244986,0.8235272925056051,world,0.21331593401846477,0.8510096625279402,world,0.19916315738344564,0.860766947310185,world
medium_low,world_only,90306,False,True,,1.0,1.0,short,64,0.053415237460285425,0.05279198451898992,world,0.09263472622260452,0.05880298948613927,world,0.14700987390242515,0.06730114110396244,world,0.3452345663448796,0.07570250715652946,world,1.528163330804091,0.07707021809910657,world,1.568233162309043,0.0780800058253226,world
medium_low,world_only,90307,False,True,,1.0,1.0,medium,72,0.040664019295945764,0.03592234384268522,world,0.08029218972660601,0.04946702810120769,world,0.14251625009346752,0.06746131971885916,world,0.32238141937414183,0.0687934371191659,world,1.4017118625633884,0.0695114629867021,world,1.5939728374895639,0.07079029492320842,world
medium_low,world_only,90308,False,True,,1.0,-2.0,short,62,0.09508699411526322,0.12045804838999175,body,0.1957718804012984,0.31497780200443226,body,0.2811980325495824,0.539242598839337,body,0.42761850309325383,0.8142638774908847,body,0.4535153258475475,0.9718320813655736,world,0.3225319858826697,1.0716838729631855,world
medium_low,world_only,90309,False,True,,1.0,2.0,medium,65,0.04923678236082196,0.03857363242423162,world,0.10413519022986292,0.07083669366547837,body,0.16156933275051416,0.08239684607251548,world,0.3507279411191121,0.10861370710481424,world,1.4306438310188243,0.12035189690577681,world,1.5896249646740035,0.12686280583089682,world
medium_low,world_only,90310,False,True,,1.0,4.0,short,70,0.06642898311838508,0.04676705994643271,body,0.12547617573291064,0.08479417115449905,body,0.18689002888277173,0.1260252082720399,body,0.4059319266583771,0.1573457319595036,body,1.58499646584969,0.17036954257564504,world,1.5475219627749175,0.17832191141176734,world
medium_low,world_only,90311,False,True,,1.0,-4.0,medium,66,0.08707515057176352,0.1474830089136958,body,0.13336362129775808,0.3941465761046857,body,0.14241005831281656,0.6076162191806361,world,0.16121548317314593,0.8107541524746921,world,0.1685889765198226,0.8185010234461515,world,0.16072132204833905,0.8161250598164042,world
medium_low,world_only,90312,False,True,,1.0,1.0,short,69,0.0518297147937119,0.049433903535827994,world,0.08067157426849007,0.07634369584266096,world,0.13687734832055867,0.08416682195384056,world,0.2908511723624543,0.0849386348389089,world,1.3671251714811663,0.0798829002374987,world,1.5704920620704068,0.08670619758093381,world
medium_low,world_only,90313,False,True,,1.0,-1.0,medium,66,0.04149209533352405,0.11126831721048802,world,0.16025157326366754,0.3442710627103225,body,0.2669100900529884,0.5024082328309305,body,0.3644873860932421,0.7456197054649237,world,0.32124527042324186,0.868091568959062,world,0.23310585396247918,0.9581258842640091,world
medium_low,world_only,90314,False,True,,1.0,2.0,short,66,0.04748574155382812,0.050099123967811465,world,0.08735716775991023,0.06519043138250709,world,0.14793766748625786,0.06633769137552009,world,0.3252752923057415,0.07604605756350793,world,1.4217956431501078,0.07607792566486751,world,1.5736797690507958,0.07873496568208793,world
medium_low,world_only,90315,False,True,,1.0,2.0,medium,65,0.05884238821454346,0.0338586833095178,world,0.09984520343132318,0.05891454534139484,world,0.1502308673458174,0.08186027448391542,world,0.303091653867159,0.09201296073297272,world,1.314773141714977,0.09645068567042471,world,1.5462619197112508,0.10038836225110573,world
medium_low,world_only,90316,False,True,,1.0,4.0,short,63,0.0755444630049169,0.051205243333242834,body,0.11747588543221354,0.07247657279367559,body,0.17147602592594918,0.08378596426628064,body,0.3354554969118908,0.11141826548264362,world,1.4161557714105584,0.12878737315622857,world,1.4809556385362521,0.13980685329152037,world
medium_low,world_only,90317,False,True,,1.0,4.0,medium,84,0.02734906558180228,0.09223176317755133,world,0.1156501567689702,0.2404105270747095,body,0.16940149752190337,0.44312077778158704,body,0.1765287593298126,0.6193987906372058,world,0.1852387611201266,0.6802017272471858,world,0.1685694768105168,0.7110860538948328,world
medium_low,world_only,90318,False,True,,1.0,-1.0,short,75,0.05144491489045322,0.04917976201977581,world,0.09328894703648985,0.06434564532246441,world,0.13846858681645244,0.07288635481381789,world,0.2742596422205679,0.0821899583505001,world,1.252986042056,0.08066592912364286,world,1.536905518041458,0.07885122124105691,world
medium_low,world_only,90319,False,True,,1.0,1.0,medium,65,0.04829281195998192,0.050290470477193594,world,0.0924647863022983,0.0986852036556229,world,0.15046743280254304,0.12851616367697716,world,0.3472902389941737,0.12114123434585053,world,1.4130806300207042,0.13034473476145647,world,1.530561872101389,0.12671544842887672,world
medium_low,world_only,90320,False,True,,1.0,2.0,short,76,0.05340092349797487,0.0407851125637535,world,0.0862276241183281,0.05504685328924097,world,0.1336273760534823,0.06634217863611411,world,0.2569655621889979,0.06692282329167937,world,1.2077906921738757,0.07321082328489864,world,1.5329700524453074,0.08104151689607533,world
medium_low,world_only,90321,False,True,,1.0,2.0,medium,57,0.06284144101664424,0.04546618461608887,world,0.11569123193621636,0.08165004467591644,body,0.1794221058487892,0.08796745215076954,body,0.41834949273616073,0.08916577852796763,body,1.6290973893366756,0.09123579255137883,world,1.6397770838811994,0.09899107929013554,world
medium_low,world_only,90322,False,True,,1.0,4.0,short,74,0.05758165754377842,0.04394254251383245,world,0.09955978831276298,0.06945304047549145,world,0.15490940543822945,0.07558489794027992,world,0.3072381244739517,0.08096281728649046,world,1.2814250927302056,0.09391276867027044,world,1.4955335068656133,0.10628870710090269,world
medium_low,world_only,90323,False,True,,1.0,-4.0,medium,75,0.07917979720514268,0.10937804845161736,body,0.14140712338266895,0.3694059601199115,body,0.16275464947684667,0.5845934059369029,world,0.1898184969526483,0.7879016730243166,world,0.19467615760950138,0.8008814100092423,world,0.17427029620332177,0.8048342868227336,world
medium_low,world_only,90324,False,True,,1.0,1.0,short,72,0.045539737213402987,0.03710342675913125,world,0.09412971241399645,0.08266020796727389,world,0.14590244838036595,0.08283848148421384,world,0.30162127057556065,0.08625380687590223,world,1.3423196051386186,0.08157619790436002,world,1.5575042475061491,0.07898070147741236,world
medium_low,world_only,90325,False,True,,1.0,1.0,medium,80,0.0676391557790339,0.04688852827530354,body,0.10108966697007417,0.07788552346173674,world,0.15402373429387806,0.0964402031735517,world,0.3560520736500621,0.10759293679730035,world,1.492376735061407,0.10577168857562355,world,1.5514334420859814,0.1026765766137396,world
medium_low,world_only,90326,False,True,,1.0,2.0,short,73,0.05853828391991556,0.05822049191920087,world,0.09769886150024831,0.0634067200589925,world,0.15416678476613016,0.07387646138668061,world,0.357466504292097,0.07476730534108356,world,1.542562814959092,0.08602623030965333,world,1.6074673838797027,0.07907034615629527,world
medium_low,world_only,90327,False,True,,1.0,-2.0,medium,78,0.0543775653350167,0.1236149757169187,world,0.13721557395765557,0.2742400435265154,body,0.1917363631830085,0.38848476522834974,body,0.20762215220893265,0.5775476430251728,world,0.19952452986763092,0.6635289407480741,world,0.1530088676820742,0.7380471935647074,world
medium_low,world_only,90328,False,True,,1.0,-4.0,short,74,0.06829539820319042,0.12262274883687496,body,0.1162595828413032,0.2301844349130988,body,0.15822390720131807,0.3710907144122757,world,0.1748701412783703,0.5499030524923,world,0.17242097963317066,0.6176196844578954,world,0.14707655369245914,0.6739587441098411,world
medium_low,world_only,90329,False,True,,1.0,4.0,medium,75,0.0690767127671279,0.11032257974147797,body,0.13726803845493124,0.2739898123545572,body,0.1581750313460361,0.4882511199219152,world,0.16455940775049385,0.6625082593294793,world,0.17393606419063873,0.7130089158919872,world,0.15759866032691205,0.7397490901319543,world
medium_low,world_only,90330,False,True,,1.0,1.0,short,82,0.0373471446800977,0.035195203963667154,world,0.08778592976741492,0.06218118437755038,world,0.1393575436202809,0.06814992539329978,world,0.2694527443847619,0.07779087646140398,world,1.1152073037053922,0.07728037725801187,world,1.435462061620783,0.07371435291806847,world
medium_low,world_only,90331,False,True,,1.0,1.0,medium,61,0.06089664879254997,0.056117778905900195,world,0.10668282858096063,0.06995779687422328,body,0.16480401444714515,0.07685635499365162,body,0.37567654898157343,0.07388100599491736,world,1.4490984115458558,0.07483020851977926,world,1.5766641703876667,0.07422256073143217,world
medium_low,world_only,90332,False,True,,1.0,-2.0,short,70,0.066910887719132,0.12466320005478337,body,0.15616878375876697,0.3424967125873081,body,0.25182522867107765,0.5424196340783964,body,0.3805253873404581,0.7995502071949887,world,0.35515579833008815,0.9140445718439879,world,0.2566512002248783,1.005728699803003,world
medium_low,world_only,90333,False,True,,1.0,2.0,medium,72,0.05626578931696713,0.05970210040686652,world,0.09812917527742684,0.07667666677152737,world,0.15458536690566688,0.07670768382959067,world,0.30137498463736845,0.08355881844763643,world,1.3911342244187834,0.09744232705488684,world,1.5583596125082113,0.10206291731155943,world
medium_low,world_only,90334,False,True,,1.0,4.0,short,61,0.04251714888960123,0.03905282251071185,world,0.099571643024683,0.058452212321572,world,0.1590136907994747,0.08338369620614684,world,0.344393459893763,0.10430182140262331,world,1.4069818175397812,0.11734706088755047,world,1.5836281075701117,0.12461341501795688,world
medium_low,world_only,90335,False,True,,1.0,-4.0,medium,77,0.029528333921916783,0.11891398130683228,world,0.09286160120682324,0.32758788553765045,world,0.14061461511737433,0.5463436392426956,world,0.14806651115286512,0.6793752402212704,world,0.16389683495908683,0.6743222759920172,world,0.16316643545098486,0.670158744492801,world
medium_low,world_only,90336,False,True,,1.0,-1.0,short,76,0.0513987906742841,0.0442290015053004,world,0.08574692956171931,0.05924069756874814,world,0.14087614247109742,0.08257361037540249,world,0.2929401184315793,0.08112603931222112,world,1.1864921177213545,0.08607165332068689,world,1.513263485149946,0.08884126449916949,world
medium_low,world_only,90337,False,True,,1.0,1.0,medium,60,0.06064876588061452,0.05534516158513725,world,0.09525940101593733,0.07956580258905888,world,0.15729987947270274,0.08309685779968276,world,0.33815120966173706,0.09400413772673347,world,1.4283135158242657,0.10154247925675008,world,1.571861597718671,0.09324338031176012,world
medium_low,world_only,90338,False,True,,1.0,2.0,short,58,0.05043504969216883,0.0433783308690181,world,0.09010197618044913,0.059950873648631386,world,0.15286517024505883,0.058657795727776824,world,0.3600971554988064,0.060166816801211095,world,1.6113457326602658,0.06241489275089406,world,1.639354957223404,0.0659569591844047,world
medium_low,world_only,90339,False,True,,1.0,2.0,medium,61,0.057819921523332596,0.059304301626980305,world,0.0956949084997177,0.07345749157248066,world,0.15582159738987683,0.08642141657765023,world,0.3455655894242227,0.09585523121349979,world,1.5224526479374618,0.10527612844743998,world,1.617609183769673,0.10952365365144942,world
medium_low,world_only,90340,False,True,,1.0,4.0,short,57,0.041006205370649695,0.04767012316733599,world,0.10402803025208414,0.07211794452741742,body,0.1599542381009087,0.08380753388628365,world,0.34306258800206707,0.08705159967648797,world,1.5243344305024948,0.09505392650899011,world,1.5892234168178403,0.09204027601401321,world
medium_low,world_only,90341,False,True,,1.0,4.0,medium,71,0.036506878677755594,0.09580062446184456,world,0.13329846259439365,0.22864333561155945,body,0.20239287370932288,0.40626741527812554,body,0.21583545980101917,0.5846605193044525,world,0.22208541524159955,0.6478857896436239,world,0.19254467561666389,0.692606351833092,world
medium_low,world_only,90342,False,True,,1.0,1.0,short,69,0.054777239449322224,0.05081409914419055,world,0.08813134515658021,0.05999758732505143,world,0.14431829904206095,0.06109267711290158,world,0.32331707284320144,0.08115021752018947,world,1.480561210925225,0.08256986203050475,world,1.6028123567113655,0.08488022426550743,world
medium_low,world_only,90343,False,True,,1.0,1.0,medium,70,0.05237758671864867,0.0334595957538113,world,0.09502554861828685,0.06035814923234284,world,0.14712818986736237,0.06970369763439521,world,0.3250414276262745,0.08384131545899436,world,1.4568633264745583,0.08867507967515847,world,1.5800917157856746,0.08536869158415356,world
medium_low,world_only,90344,False,True,,1.0,2.0,short,65,0.04055376769974828,0.029386844631517306,world,0.08561899652704597,0.06902148593799211,world,0.14299595779739321,0.06208964939287398,world,0.2907988435355946,0.06424192242702702,world,1.3616794302477502,0.06629320203792304,world,1.5609389093285428,0.06521052808093372,world
medium_low,world_only,90345,False,True,,1.0,-2.0,medium,75,0.05592216597869992,0.15541595220565796,world,0.12833507927134635,0.3572631136659766,body,0.1551571658346802,0.5835787264470128,world,0.16027596646454184,0.8496229759162817,world,0.16719807267654688,0.9247134066859872,world,0.15589184912852944,0.9436830606254807,world
medium_low,world_only,90346,False,True,,1.0,4.0,short,59,0.052269437815994024,0.045466751558706164,world,0.11745275622233747,0.09415902914479374,body,0.17238993044011294,0.11834351478610186,body,0.3526187653420493,0.1376618771464564,world,1.4327221040963196,0.14486724696471354,world,1.5822710051899775,0.1538666005851701,world
medium_low,world_only,90347,False,True,,1.0,-4.0,medium,63,0.0918025013525039,0.1233147936873138,body,0.15192241235636175,0.348122009227518,body,0.15703367691021414,0.5681436679966282,world,0.1766191357630305,0.785828372425749,world,0.18088159986655228,0.804677086097945,world,0.16684000657172873,0.809647013458307,world
medium_low,world_only,90348,False,True,,1.0,-1.0,short,77,0.0395174128934741,0.039721890818327665,world,0.08202837230637669,0.05619523682398722,world,0.13297773082740605,0.06522967514465564,world,0.25238022983539854,0.07212984755606158,world,1.0310082362615502,0.07281972658165614,world,1.4227812090376393,0.07921424998785369,world
medium_low,world_only,90349,False,True,,1.0,1.0,medium,63,0.06041643302887678,0.07272561639547348,world,0.09820376709103584,0.09794663076754659,world,0.16338193099945783,0.1119048981112428,world,0.40959955165162687,0.1133655445475597,body,1.6470625455025583,0.11436603920519701,world,1.6532881479896604,0.11408077510568547,world
medium_low,world_only,90350,False,True,,1.0,-2.0,short,79,0.07017965661361814,0.13917255261912942,body,0.16161708552390336,0.3643019185401499,body,0.24056285973638294,0.5752437448361889,body,0.371930742636323,0.8640573875163682,world,0.3515645098290406,1.0080662575375754,world,0.26069651181343945,1.0920762898237444,world
medium_low,world_only,90351,False,True,,1.0,2.0,medium,75,0.055680441204458475,0.029344899958232418,world,0.12068508714437484,0.07194574449677021,body,0.18352601686492562,0.09770265785045922,body,0.36492904177866875,0.13389562105294317,world,1.3937979042297228,0.14466161798045504,world,1.5624901000317186,0.16029564249158285,world
medium_low,world_only,90352,False,True,,1.0,-4.0,short,76,0.058989735785871744,0.11018909304402769,world,0.12462822552770376,0.25049819923006,body,0.14613692358252592,0.3958474189741537,world,0.16892354538722432,0.598117997974623,world,0.18415165422047725,0.6786706431012134,world,0.16549286142282654,0.7262922603054903,world
medium_low,world_only,90353,False,True,,1.0,-4.0,medium,65,0.0757413818500936,0.09213192432071082,body,0.1506603960879147,0.3358590122428723,body,0.17912087659351528,0.5571447927912232,body,0.19321793110575528,0.778021696113865,world,0.19944832228356973,0.8051352610680623,world,0.18673528712708504,0.8204055888921721,world
medium_low,world_only,90354,False,True,,1.0,-1.0,short,72,0.0431032320484519,0.03667723812395707,world,0.09160309871658683,0.04972132098628208,world,0.14767252723686397,0.0570292855729349,world,0.33784225319977845,0.07002271133533214,world,1.490422654885333,0.0742578431381844,world,1.5847688934905455,0.07597465161401487,world
medium_low,world_only,90355,False,True,,1.0,1.0,medium,71,0.051010009832680225,0.049541260854311986,world,0.10096029946580529,0.07864600848042755,world,0.15211558141745626,0.0752051468803984,world,0.3295116178924218,0.08159576896487124,world,1.6003870818880386,0.08533582724003282,world,1.632370449458249,0.0857615675600755,world
medium_low,world_only,90356,False,True,,1.0,2.0,short,78,0.04574760259129107,0.021237720793578774,world,0.08300044941715895,0.05408312246436253,world,0.13689247684087605,0.06476438179961405,world,0.2933835132862441,0.05968876300903503,world,1.2356297172082122,0.05963114687474445,world,1.4792857163934967,0.06161896145538777,world
medium_low,world_only,90357,False,True,,1.0,-2.0,medium,69,0.06683367490768433,0.12739612092263997,body,0.14812729302793742,0.2807276382343844,body,0.1871800845954567,0.38437538846628744,body,0.19704185600858184,0.572795959218638,world,0.18078276445739902,0.6758464627841022,world,0.1327136287582107,0.7427774835331364,world
medium_low,world_only,90358,False,True,,1.0,4.0,short,74,0.06207722355611622,0.06038250564597547,world,0.10246715066023171,0.08103870903141797,world,0.15944899620953945,0.09931002752273344,world,0.3211565865320154,0.12150765761325602,world,1.3531328111013863,0.1221955517103197,world,1.5465730008878746,0.1286361084698001,world
medium_low,world_only,90359,False,True,,1.0,-4.0,medium,57,0.06330979912308976,0.12285640276968479,body,0.10814058025134728,0.3540313170058653,body,0.1293240832572337,0.5640150593826547,world,0.1429095928760944,0.7497766007902101,world,0.1539338540271274,0.7524580830562627,world,0.14950626043078954,0.752130085505778,world
medium_low,body_world,90360,True,True,m,1.436507707360915,1.0,short,74,0.08554074820131063,0.16861901522497647,body,0.25579340625554325,0.4704058322764467,body,0.4750771522056311,0.8503777577163418,body,1.045722977234982,1.4339300030653248,body,1.7741289868135937,1.9221574696617607,body,1.1661257221968844,2.0115784776359216,world
medium_low,body_world,90361,True,True,l,1.4256287739373548,-1.0,medium,60,0.0764950517914258,0.18258768622763455,body,0.18788756865542383,0.5169304053939413,body,0.29266672040103003,0.8328679461003049,body,0.38550376817584037,1.3109524552404763,world,0.39407100037205967,1.5228812296198158,world,0.29101025525946167,1.4933550188341178,world
medium_low,body_world,90362,True,True,m,1.4329806398316671,-2.0,short,74,0.061579113942570984,0.1638546723406762,world,0.19338714034529403,0.5111281181569212,body,0.29262314253137445,0.8953346235619393,body,0.2901287094486179,1.2577642652351642,world,0.2863224462969811,1.3776451009514858,world,0.24247165240871252,1.3544572016742311,world
medium_low,body_world,90363,True,True,l,1.210563351806276,-2.0,medium,77,0.029070241027511656,0.1820240521337837,world,0.08659617669181899,0.4286219285102561,world,0.1488939689530525,0.6200542242382653,world,0.1732694411446573,0.9314622436941135,world,0.1833183367169113,1.0599154828960309,world,0.17850267747940962,1.083172025588574,world
medium_low,body_world,90364,True,True,m,1.372696280105733,-4.0,short,58,0.0410528676584363,0.15708148072008044,world,0.06997195635922253,0.39996764035895466,world,0.10244867410510779,0.6713279313175008,world,0.12493067120667548,0.9249694700585679,world,0.1287821216566954,0.9469800896767994,world,0.1370140769542195,0.9450659746758173,world
medium_low,body_world,90365,True,True,l,1.2749895656307437,-4.0,medium,74,0.07032457273453474,0.1245907845441252,body,0.16980734762037175,0.3653240575455129,body,0.21348599175107663,0.6512995348428376,body,0.22937069250328931,0.9388332757778699,world,0.2281078835789231,0.9838869471597718,world,0.19599100319494026,0.9774810716835782,world
medium_low,body_world,90366,True,True,m,1.3066897985826524,-1.0,short,69,0.08859834959730506,0.18220072612166405,body,0.2057761468924582,0.5431469782488421,body,0.3675703648477793,0.9312195628066549,body,0.7148551874328406,1.54255321699311,body,0.9591081408667378,1.8384254512289773,world,0.6274748715432361,1.7990729425812604,world
medium_low,body_world,90367,True,True,l,1.3576619828175316,1.0,medium,62,0.08771455008536577,0.10597325093112886,body,0.24426190610975027,0.3533316431567073,body,0.4859041730873287,0.6665268817916512,body,1.2388427480589599,1.210783874243498,body,2.4563875104999173,1.7875684858998286,body,1.6114460124541072,2.2505976170953366,world
medium_low,body_world,90368,True,True,m,1.4143053583788585,2.0,short,60,0.08603696944192052,0.21013633080292493,body,0.2465713802725077,0.5510927586583421,body,0.49186465623788533,0.9601404541521333,body,1.0627882627770304,1.5808612264867405,body,1.7959182152058928,2.078374733318924,body,1.1651236577518285,2.1554491799545943,world
medium_low,body_world,90369,True,True,l,1.3743712386074276,-2.0,medium,67,0.06921031704405323,0.16113355243578553,body,0.18141107166884465,0.4452943146694452,body,0.25980442838626916,0.7811740798642859,body,0.3045097840804374,1.1781271576823202,world,0.3257264503437909,1.3726832008484051,world,0.25620190106041263,1.3377822736883538,world
medium_low,body_world,90370,True,True,m,1.5116611087725051,4.0,short,61,0.05142359936144203,0.1822351889568381,world,0.1267030636081472,0.5056763477972709,body,0.16091941634658724,0.8272678803594317,world,0.2135937858896796,1.3110722145502223,world,0.23062571857881264,1.4459999460363178,world,0.1977006670006085,1.4314184686791849,world
medium_low,body_world,90371,True,True,l,1.462891218935012,4.0,medium,69,0.04817237821407616,0.1669490677304566,world,0.11341970721259713,0.45800107116810973,body,0.16325266654603185,0.7752262979513035,world,0.2233730511041358,1.21463294144487,world,0.2552402479952434,1.4349277807341423,world,0.19655242516775617,1.43666617234936,world
medium_low,body_world,90372,True,True,m,1.6331779731038802,-1.0,short,65,0.07858390233013779,0.1931627846788615,body,0.20368504982907326,0.5858354503987357,body,0.30206732334336267,1.0091256757965312,body,0.29761223461246117,1.3677049445512237,world,0.2975088992738165,1.4711535405593168,world,0.22034602409927173,1.424470860835572,world
medium_low,body_world,90373,True,True,l,1.2018022497580947,-1.0,medium,66,0.05645622592419386,0.16631605138536543,world,0.16028024000115693,0.43650319855660197,body,0.26071812193840743,0.7855479428777472,body,0.4451085188891738,1.2096767428447492,body,0.43438819774892184,1.4263728233112487,world,0.34765017113648355,1.4105450834007935,world
medium_low,body_world,90374,True,True,m,1.3280228263513763,-2.0,short,73,0.060484003741294146,0.1772410476114601,world,0.1561631169170141,0.46541967925149946,body,0.21954820663668217,0.79996019564569,body,0.23161010823678227,1.133695120876655,world,0.22764623282710092,1.2769594699318987,world,0.2033724076161161,1.2854569388343953,world
medium_low,body_world,90375,True,True,l,1.308876304017658,2.0,medium,65,0.08996918983757496,0.1360333493212238,body,0.23741455189883712,0.4052241774974391,body,0.4555197888985276,0.7332367864320986,body,1.1125641456805169,1.2645607109589037,body,2.236435564281419,1.8005567546671957,body,1.4235009816661477,2.167393346716417,world
medium_low,body_world,90376,True,True,m,1.5016949779873145,4.0,short,70,0.10427803709171712,0.18742828670656309,body,0.2837783193681389,0.566082610504236,body,0.5357298732385971,0.9958678148861508,body,1.165136414609151,1.5340084563562413,body,2.0105733957869236,2.0327377239984346,body,1.2969294466555583,2.2208300698845416,world
medium_low,body_world,90377,True,True,l,1.2414565409093206,-4.0,medium,66,0.053060214850120246,0.16479510365752503,world,0.10195291368290782,0.46443146549863745,world,0.17561600538901984,0.7332270242448431,body,0.2241890102159232,1.1702322955679847,world,0.23538287919946013,1.292427436860453,world,0.2034323640074581,1.2935722690488909,world
medium_low,body_world,90378,True,True,m,1.4238236120964585,1.0,short,66,0.08435490936972201,0.19871361373225227,body,0.24686159626580775,0.5327378898975439,body,0.4885470774257556,0.9518890110834036,body,1.045393006480299,1.5616084427136228,body,1.7636715042055584,2.063860407496395,body,1.13012579461094,2.121039663116098,world
medium_low,body_world,90379,True,True,l,1.2836548774066676,-1.0,medium,64,0.0534621273400262,0.15906052105128765,world,0.15427486316766592,0.5086513416841626,body,0.26745383528759703,0.8698971301317215,body,0.4491499760362785,1.2886347587569618,body,0.44228701715765056,1.482340922957519,world,0.3719215311610605,1.4561131375771947,world
medium_low,body_world,90380,True,True,m,1.3621236417497946,2.0,short,70,0.08319798158481717,0.20943281007930636,body,0.24625809201970694,0.5284752989071421,body,0.4966976933646947,0.9139890757331159,body,1.1216490914812312,1.5589140190248145,body,2.0966783028212377,2.098365766530333,body,1.3564254891173912,2.3405049268802394,world
medium_low,body_world,90381,True,True,l,1.3983378082528164,-2.0,medium,74,0.07485578767955303,0.14613101864233613,body,0.14773196598980576,0.4573841533623636,body,0.20344031524145975,0.7455933012883179,body,0.25878579546115366,1.1814032054971904,world,0.28372755137679634,1.3472320950131689,world,0.23155793941929004,1.3382866157681566,world
medium_low,body_world,90382,True,True,m,1.3509200717074077,-4.0,short,74,0.032394344452768564,0.14270168356597424,world,0.07504997630603612,0.39967351725790645,world,0.10296014763880522,0.6677822211640886,world,0.1263457032502629,0.933144481049385,world,0.13592541168327443,0.9514166038425175,world,0.14741299340268596,0.9447940428939182,world
medium_low,body_world,90383,True,True,l,1.2311925915846564,4.0,medium,58,0.03772476053563878,0.12671947060152888,world,0.06145515504758804,0.30994968410814183,world,0.10343467153143138,0.5373527673364151,world,0.11137142817606219,0.7916356654721312,world,0.1227272874006303,0.8494224401190879,world,0.1302096703799907,0.8556464563118061,world
medium_low,body_world,90384,True,True,m,1.524037917146982,-1.0,short,63,0.08139391400618479,0.1987739538308233,body,0.2041383665287867,0.5642442731186748,body,0.3445314775803126,0.9881827567704021,body,0.3611018259893171,1.449080844258424,world,0.35531319940346295,1.5677923874078261,world,0.2476952821086161,1.5209823461234917,world
medium_low,body_world,90385,True,True,l,1.3531822605860213,1.0,medium,58,0.07044217467773706,0.15803529822733253,body,0.24491049388889224,0.4547428655670956,body,0.4360131775145419,0.8445711041451431,body,1.0299790871853476,1.4052968018047978,body,1.8740255438286113,1.9777102884050692,body,1.2151004037458915,2.1409034948109182,world
medium_low,body_world,90386,True,True,m,1.3095845696334245,2.0,short,61,0.0878433152101934,0.12319869175553322,body,0.23655741475522518,0.40571577874943615,body,0.45783671978861096,0.7588026769692078,body,1.1402958934661,1.37158502797829,body,2.1899464518297465,1.9349169140507,body,1.4327000152692198,2.2715060253371484,world
medium_low,body_world,90387,True,True,l,1.3723802328668413,-2.0,medium,61,0.0837774423416704,0.15204905992140993,body,0.15113681767834353,0.45328993153525515,body,0.1987454629444983,0.7428483937110286,body,0.2568220858083805,1.1423724907072028,world,0.2761133585401694,1.3283130563024315,world,0.21521740395750386,1.3291915941721526,world
medium_low,body_world,90388,True,True,m,1.6369604542264304,4.0,short,64,0.10461835004389286,0.20847782911732793,body,0.29268253755290063,0.5937373193912208,body,0.5242321991012432,1.0339324719738214,body,1.0219552159600425,1.716367830405943,body,1.5048737325327237,2.122861859051045,world,0.9618703101982828,2.0837376272445542,world
medium_low,body_world,90389,True,True,l,1.4434986184388112,4.0,medium,68,0.03192101028980687,0.15712662390433252,world,0.10338468378176913,0.4383745920844376,body,0.15434890871983953,0.7508939173771068,world,0.20295174540078736,1.078638957336079,world,0.21794255528511713,1.270535791205475,world,0.1666633805312449,1.2685212524677627,world
medium_low,body_world,90390,True,True,m,1.628686273513856,1.0,short,63,0.08729643863625824,0.2126852096989751,body,0.2708068334264681,0.6375759977847338,body,0.46624407997587697,1.058768258616328,body,0.9029145982174668,1.7055009959149174,body,1.054251989419572,2.0132087885809593,world,0.6824658326455392,1.9561811888811647,world
medium_low,body_world,90391,True,True,l,1.4997252692437577,-1.0,medium,60,0.07059710589237511,0.1928888966795057,body,0.18480275673791768,0.5271707974839955,body,0.308698650309816,0.8743404164211825,body,0.3966396813280881,1.3813160738092847,world,0.4224180181045085,1.616429882182274,world,0.32375328939873727,1.5754791836469668,world
medium_low,body_world,90392,True,True,m,1.4793682183432437,2.0,short,56,0.08551946026273072,0.22292009985540062,body,0.24745323681272566,0.5767307353438809,body,0.4690078057581559,0.9741838589892723,body,0.9450072247651405,1.6328863988921514,body,1.4271897734201047,2.0442362302594117,world,0.9161151556693949,2.0074280200398062,world
medium_low,body_world,90393,True,True,l,1.373838534697687,-2.0,medium,80,0.06429496553028002,0.14453908149152994,body,0.17962170421378687,0.4396862486377358,body,0.25605740836472246,0.7693585675908252,body,0.29000995884707664,1.1656593711755703,world,0.3067201151177869,1.3534704752994,world,0.24670792654214893,1.32240711178747,world
medium_low,body_world,90394,True,True,m,1.374879786515465,4.0,short,58,0.08034683903679252,0.08235076934215613,body,0.247652146872133,0.24512684052460826,body,0.5395448483061045,0.47998283364868255,body,1.3324328216491268,1.012032872713462,body,2.6597343380446548,1.593786942560837,body,1.7891512996004895,2.1509279705109656,body
medium_low,body_world,90395,True,True,l,1.2278138310881848,-4.0,medium,72,0.06992936437018216,0.1316781381610781,body,0.17265287921763955,0.3499170516035519,body,0.20518821019213646,0.6363487230089958,body,0.2235193796805106,0.9194630364305341,world,0.22143567499006167,0.967292207776336,world,0.18893351172097028,0.9676118714475888,world
medium_low,body_world,90396,True,True,m,1.5997246997728216,1.0,short,76,0.11076071159914136,0.201562087982893,body,0.30666346615180373,0.5783228693064302,body,0.5281153788790107,1.028113847109489,body,1.0061139496974647,1.666883055435028,body,1.425413192284759,2.044170083355857,world,0.8962497589597479,1.9904735981556587,world
medium_low,body_world,90397,True,True,l,1.2083810902658325,1.0,medium,74,0.08012564526870847,0.09516298631206155,body,0.21943675158545375,0.21211306409677494,body,0.45322443726472555,0.3917016744322609,body,1.19842112546321,0.8347637913277139,body,2.5710080374381503,1.4301421387863231,body,1.6863982366537678,2.017433574341121,world
medium_low,body_world,90398,True,True,m,1.605681322392905,2.0,short,61,0.0806145272217691,0.19936531130224466,body,0.291813799738884,0.6205060783773662,body,0.5298423530999571,1.1051687186583878,body,0.9749858241528273,1.7041252141818406,body,1.281787198060192,2.05674732173793,world,0.7770777517068199,1.9882015757448972,world
medium_low,body_world,90399,True,True,l,1.216354811034764,-2.0,medium,60,0.039698499138467014,0.15502131590619683,world,0.08738527075620368,0.4460658416850492,world,0.14637858663336373,0.6770309987128712,world,0.1858594809687929,1.0454247558896896,world,0.2058100783979171,1.1782140686264027,world,0.1892416194133693,1.1851431866025086,world
medium_low,body_world,90400,True,True,m,1.3999353886758357,4.0,short,71,0.08183880557771772,0.13386584515683353,body,0.2589520049048588,0.4420311392750591,body,0.49689206801122054,0.8112604265799745,body,1.208012776070973,1.4571055780048483,body,2.1700992274301822,2.010906396008795,body,1.4044886201422195,2.305153051444795,world
medium_low,body_world,90401,True,True,l,1.3909618610188579,-4.0,medium,64,0.07407622400205582,0.154242912074551,body,0.14954390302300452,0.4640097158029675,body,0.21604397306218742,0.7601480656594504,body,0.26775094494223595,1.2054213977127801,world,0.29327401192858815,1.387583519950931,world,0.24262000783346593,1.3848718529108737,world
medium_low,body_world,90402,True,True,m,1.4765881692612393,-1.0,short,72,0.07316693291068077,0.19822062947787344,body,0.19816537317819896,0.5550309245474636,body,0.3250918958103284,0.9164030298357828,body,0.48395527156535534,1.4295647745602764,body,0.500620756536955,1.5636759275075747,world,0.3528420695499517,1.5308712219053997,world
medium_low,body_world,90403,True,True,l,1.2287348099119875,1.0,medium,60,0.04887421685270965,0.03217316616792232,world,0.12631295532919468,0.04778811143769417,body,0.277135514956899,0.0637304492018302,body,0.9367951000691392,0.08682249038029113,body,2.603830785054015,0.25591047580710435,body,2.0922722840053027,1.1451927629295096,body
medium_low,body_world,90404,True,True,m,1.5959684874168683,-2.0,short,61,0.08959147217683494,0.21309900283813477,body,0.18534180501010267,0.5736263370141388,body,0.2112675866839709,0.8976315506035462,body,0.23428944896586473,1.3143890064791777,world,0.22809622967106408,1.4368831911837332,world,0.17985819805209757,1.432767894654826,world
medium_low,body_world,90405,True,True,l,1.4263406910614387,-2.0,medium,77,0.08461741229984909,0.14775920350803062,body,0.1430195905966684,0.453744382027071,body,0.20024966459022836,0.7427263139921706,body,0.25695114746922626,1.179902125755325,world,0.28594733393110805,1.339367653125373,world,0.22991525001008994,1.3304696533596143,world
medium_low,body_world,90406,True,True,m,1.5761825745829299,-4.0,short,68,0.0756171390239615,0.1878351408522576,body,0.12270748573937454,0.477118558762595,body,0.14425840999756473,0.7812965037475805,world,0.1655079774573096,1.2030160830559906,world,0.16859722480367054,1.2725398915557888,world,0.1606157466516015,1.2732148769724883,world
medium_low,body_world,90407,True,True,l,1.3075505965528191,-4.0,medium,60,0.054397631669417024,0.15493723412510008,world,0.11709516886621713,0.46484910778235644,body,0.18306004323530942,0.7505399787914939,body,0.22697813485283402,1.2058681689901278,world,0.24420801454107277,1.349515941843856,world,0.19904535650042815,1.3488023232028354,world
medium_low,body_world,90408,True,True,m,1.5508532757037867,1.0,short,74,0.10575409699231386,0.2231481052003801,body,0.26805089791305364,0.5903949806466698,body,0.4933431458426639,1.049119470268488,body,0.9727355065639129,1.7247254548594355,body,1.4471788699331227,2.128390042297542,world,0.9184862525318749,2.0760618960112334,world
medium_low,body_world,90409,True,True,l,1.386472676208235,1.0,medium,62,0.08347469195723534,0.14933157968334854,body,0.24331883173435928,0.3983350285096094,body,0.4941172666847706,0.7063383906963281,body,1.258986449986696,1.2498718106828164,body,2.384833468357101,1.7964123733429005,body,1.531797638712451,2.2084661041980143,world
medium_low,body_world,90410,True,True,m,1.305798982810204,2.0,short,73,0.03796152397990227,0.03347300365567207,world,0.13612629808485507,0.0426106110913679,body,0.3272896280512214,0.0565008879522793,body,1.1557092017494142,0.11560639076051302,body,2.9123623996507377,0.45430790169921237,body,2.2748540157452224,1.3496320169733371,body
medium_low,body_world,90411,True,True,l,1.201605261104429,-2.0,medium,64,0.065833282424137,0.1626219223253429,body,0.1470995237119496,0.4199616426136345,body,0.1940537325106561,0.724589174776338,body,0.22146492591127753,1.0365549409529193,world,0.23233441570773722,1.2050329418620094,world,0.21124144181609153,1.2084882351569832,world
medium_low,body_world,90412,True,True,m,1.6785527327767333,-4.0,short,66,0.04931069503072649,0.16825849865563214,world,0.09883878492983059,0.4666214503638912,world,0.12763695966568775,0.8037209190573775,world,0.14666111264668868,1.1291101013906881,world,0.15302519380493323,1.1321527903659445,world,0.13848635061236564,1.1171506760572083,world
medium_low,body_world,90413,True,True,l,1.497413653722908,4.0,medium,68,0.08070352720096707,0.16832641453947872,body,0.14217887320555747,0.42117924528429285,body,0.17130590104497967,0.6698324583761859,body,0.21347249723039566,1.028178792601102,world,0.23316042716614904,1.2322261027133208,world,0.18823506301734597,1.2456731578643667,world
medium_low,body_world,90414,True,True,m,1.6384059842206313,-1.0,short,67,0.07027499191462994,0.18365278316196054,body,0.1734359560534358,0.5559305032482371,body,0.26137375085963865,0.9464194364380092,body,0.25907484930648933,1.2906777246826096,world,0.2598928308740142,1.4175170696515123,world,0.19390021734347102,1.3973003496923413,world
medium_low,body_world,90415,True,True,l,1.4445958942354706,1.0,medium,61,0.0902982183615677,0.15565064433030784,body,0.28338884891709315,0.4582391798961908,body,0.517110566952033,0.8560013993410392,body,1.1914369671460008,1.472984607552644,body,1.9771570403521763,2.0830388170841614,body,1.2564903057337506,2.241815344139468,world
medium_low,body_world,90416,True,True,m,1.4228738912776615,-2.0,short,70,0.08067511790432036,0.19669829867780209,body,0.17984197095502166,0.5196570601081476,body,0.2656235732487403,0.8962386685539969,body,0.2663548830372747,1.2398525880853413,world,0.2572512985469075,1.373304436770559,world,0.19775120950420388,1.3497179215615323,world
medium_low,body_world,90417,True,True,l,1.412003609654068,-2.0,medium,63,0.04903032723814249,0.1641200907761231,world,0.1168393378611654,0.45550527429440985,body,0.1849015215644613,0.7178486723511015,body,0.23388429717160764,1.1119673169829185,world,0.25409703291370533,1.2697893499789643,world,0.21027541956631468,1.267830461016274,world
medium_low,body_world,90418,True,True,m,1.6633408277228265,4.0,short,65,0.10062294453382492,0.2117518442682922,body,0.3039715052931569,0.61747733829543,body,0.5223159272398334,1.018652837863192,body,1.0860585221642396,1.6766427516704425,body,1.5628410136487219,2.1354429880040695,world,1.0347934935631928,2.122703448603861,world
medium_low,body_world,90419,True,True,l,1.4868039659450991,-4.0,medium,75,0.11134534096345305,0.1450179215753451,body,0.20503448912641034,0.45898116955067964,body,0.2642474886903074,0.7902833429048769,body,0.31553947947977573,1.2299823475943414,world,0.35803967402462145,1.4739881774788954,world,0.27744126289675475,1.4529704185770242,world
medium_low,body_world,90420,True,True,m,1.5449902128447706,1.0,short,63,0.09553380124270916,0.1997498975833878,body,0.2669455904979259,0.5756360716419294,body,0.501522750989534,1.0422758591012098,body,0.914920105424244,1.6267364883155098,body,1.269410226336913,1.9863878959935395,world,0.7749513890594244,1.9224952190427576,world
medium_low,body_world,90421,True,True,l,1.3429074718778478,1.0,medium,68,0.0988486772403121,0.12951430422253907,body,0.24793552048504353,0.4202150335069746,body,0.47032652320340274,0.7472349310060963,body,1.1199650825466962,1.3456076776026749,body,2.135531714442186,1.951206596539123,body,1.3607702249847353,2.241398997742217,world
medium_low,body_world,90422,True,True,m,1.4859152920245902,2.0,short,56,0.07992273819399998,0.18144065979868174,body,0.25523449279135096,0.5708624734077603,body,0.475173315446591,1.0206657201284541,body,0.8974065845803124,1.5777360791689718,body,1.2197297798222282,1.9219003736798186,world,0.7498644114047055,1.8684857846819796,world
medium_low,body_world,90423,True,True,l,1.4537628318674107,-2.0,medium,61,0.05852223560214043,0.17250094236806035,world,0.18255096393404527,0.4464157790876925,body,0.22745251602609642,0.7729327698703854,body,0.28120875438035,1.1520197258447296,world,0.32051555654761615,1.3595248694473412,world,0.2543648551526712,1.3231967188563434,world
medium_low,body_world,90424,True,True,m,1.5039422662674549,-4.0,short,72,0.04352160659618676,0.1594094954780303,world,0.07940643327310681,0.43364727193838914,world,0.10941912740236148,0.7308505955938017,world,0.12970631498610602,1.036064004355285,world,0.1316237732564332,1.0506007426811266,world,0.11940150043868926,1.039542259779555,world
medium_low,body_world,90425,True,True,l,1.484051795950852,4.0,medium,66,0.035779193975031376,0.15504699101438746,world,0.11755937966518105,0.4467153374920599,body,0.16803368555847556,0.7485402760969009,body,0.2143575224909,1.0712187396682566,world,0.22705600591143593,1.282304886628117,world,0.17080802051350474,1.2872629368462367,world
medium_low,body_world,90426,True,True,m,1.499613542769097,-1.0,short,68,0.07965110248187557,0.20523364224936813,body,0.19182359987171366,0.5066809921525418,body,0.29975569700472987,0.8623508012853562,body,0.4045397227309877,1.3162917638779617,world,0.39045794872945405,1.4152116562472656,world,0.2881448395183543,1.3919119602785213,world
medium_low,body_world,90427,True,True,l,1.2434438593395136,1.0,medium,67,0.05081138527020812,0.049770536104915664,world,0.1834579547867179,0.10862824972136878,body,0.4387878234498203,0.21406277010391933,body,1.3346626972313969,0.46185445756273114,body,2.9284449699101973,0.9008491131644405,body,2.074212545501068,1.6319802095621707,body
medium_low,body_world,90428,True,True,m,1.5747146197091175,2.0,short,64,0.08505064900964499,0.1804818956879899,body,0.2753128929995,0.5737369923619554,body,0.5106983636505902,1.0266295105568133,body,1.074557045288384,1.6278959745250177,body,1.623609940620372,2.11582838127797,world,1.0232411017571577,2.127802722820779,world
medium_low,body_world,90429,True,True,l,1.4646053079069046,-2.0,medium,67,0.0724114638287574,0.1728869592770934,body,0.18874977163504808,0.48754837354645136,body,0.2725238548708148,0.8343378154560924,body,0.323838051588973,1.2789866070728748,world,0.3565852694649948,1.484062778088264,world,0.2807870138983708,1.4356514269273613,world
medium_low,body_world,90430,True,True,m,1.6725099978259204,-4.0,short,62,0.05354066868312657,0.16055584227433428,world,0.13588703023269771,0.46213004768360405,body,0.142524759657681,0.8063438643119297,world,0.15409113144269215,1.2013358053343834,world,0.15485954680480063,1.213133526299498,world,0.13373459689319134,1.2049603661033326,world
medium_low,body_world,90431,True,True,l,1.3236542402011626,-4.0,medium,67,0.05212928983382881,0.15799078391864896,world,0.1455012793187052,0.41981114844093104,body,0.21006429058033974,0.6971906495338771,body,0.24096804795553908,1.1025057491176997,world,0.25281280602212064,1.169935912163055,world,0.2181713865022175,1.155841249707737,world
medium_low,body_world,90432,True,True,m,1.3642720743548598,-1.0,short,61,0.0496600276674144,0.1911253082798794,world,0.15352115300484004,0.5293902972480282,body,0.2805744134471752,0.8973140685469843,body,0.36038441134733146,1.362961425766116,world,0.36164993470592893,1.4884274450014345,world,0.2712826215813402,1.4531103536847514,world
medium_low,body_world,90433,True,True,l,1.3743791243103016,-1.0,medium,77,0.05575962772127241,0.14594207209302112,world,0.16283190399408337,0.4111171553027816,body,0.24155941046774387,0.7263959122647066,body,0.3015742025105283,1.1171571596176364,world,0.28858352588722486,1.2698225874803026,world,0.233661028300412,1.253948518979596,world
medium_low,body_world,90434,True,True,m,1.4747028802268096,2.0,short,62,0.07803211873397231,0.19681161059997976,body,0.24530159961432219,0.5709475024603308,body,0.4819192730821669,1.013230933761224,body,0.9428314766846597,1.685175063717179,body,1.412549273436889,2.1021665534353815,world,0.9008455570973456,2.0541365700727328,world
medium_low,body_world,90435,True,True,l,1.3038106075252267,-2.0,medium,60,0.06530787947122008,0.16696934215724468,body,0.14436740030068906,0.444364512944594,body,0.18829500410938635,0.715020517402445,body,0.2321079389017541,1.0964559645872214,world,0.24311471983382943,1.257390539447806,world,0.20749368590884842,1.265076809944876,world
medium_low,body_world,90436,True,True,m,1.6168586909623586,4.0,short,79,0.10050282767042518,0.21197364828549325,body,0.2869384248740971,0.6113668706268072,body,0.5391725541558117,1.072751386836171,body,1.1212915488984436,1.658804891258478,body,1.672465806163382,2.1365739575587215,world,1.0450923639000393,2.152922455854714,world
medium_low,body_world,90437,True,True,l,1.3291113567705524,-4.0,medium,77,0.04785387474112213,0.1690393139142543,world,0.10044075031764806,0.4611554131377488,world,0.1835872825467959,0.7514082930749283,body,0.2297520197927952,1.200324833020568,world,0.25318573630647734,1.3061798922193704,world,0.20563427516724914,1.2900320256873965,world
medium_low,body_world,90438,True,True,m,1.329008599029527,-1.0,short,80,0.07924794312566519,0.19556088256649673,body,0.17754653031006457,0.4893402634072118,body,0.2785943159367889,0.8245503909827676,body,0.39687155457213524,1.2720568442717195,world,0.3891123857698403,1.3883226523146732,world,0.3000011125067249,1.3720946205704239,world
medium_low,body_world,90439,True,True,l,1.445391509411858,1.0,medium,66,0.06052818475291133,0.14156980579718947,world,0.23028768133372068,0.42297173766419294,body,0.4876278025098145,0.7690300926100463,body,1.1455790436360986,1.3939277743222194,body,2.0569020396796986,1.99220323410118,body,1.2859350971039385,2.219662524596788,world
medium_low,body_world,90440,True,True,m,1.5564106744089927,2.0,short,74,0.09288697922602296,0.17336139909457415,body,0.28646327182650566,0.5381453626556322,body,0.5453092983923853,0.9842717129620724,body,1.1217661970062183,1.5852972415217665,body,1.7982236039475537,2.079702149328659,body,1.1533260157098995,2.1253542369778735,world
medium_low,body_world,90441,True,True,l,1.3070596772413094,2.0,medium,71,0.057057634461671114,0.06691131219849922,world,0.19320861687883734,0.19482542201294561,body,0.4188328742515296,0.3478380463056965,body,1.2397332951193676,0.6564071405897266,body,2.710639837931376,1.2485473584492865,body,1.8839148934138938,1.9000288629948046,body
medium_low,body_world,90442,True,True,m,1.6269524228642334,4.0,short,74,0.10286107566207647,0.20769378915429115,body,0.2982116616331041,0.6039663735311478,body,0.5478867877274751,1.075280917598866,body,1.1151171706616878,1.652404787472915,body,1.7005923988006544,2.1287818585929923,world,1.0545365254138597,2.142598355726805,world
medium_low,body_world,90443,True,True,l,1.378277312801848,-4.0,medium,72,0.05642895837081596,0.17599679523846135,world,0.17002540392568335,0.434667718980927,body,0.20904973731958307,0.7485585764690769,body,0.2283163058949867,1.1118789141997696,world,0.2409626630731509,1.1472310873614333,world,0.20066477916727307,1.1061378423616406,world
medium_low,body_world,90444,True,True,m,1.453510197141481,1.0,short,71,0.09364651422947645,0.17114212224259973,body,0.23849774855189027,0.5361830517183989,body,0.42465225993655625,0.9538015719270333,body,0.8426663679536432,1.552202337968629,body,1.0276012008194813,1.89054426488583,world,0.681547340019606,1.8590374904964118,world
medium_low,body_world,90445,True,True,l,1.3665797638238526,-1.0,medium,62,0.0965176741592586,0.17490028054453433,body,0.20718536890344696,0.5189434567932039,body,0.32519410220556894,0.8775720357894897,body,0.4400758443196537,1.3926231512567029,body,0.45450436283281304,1.6347068977251182,world,0.3264821886323625,1.6023241914599202,world
medium_low,body_world,90446,True,True,m,1.33490869903924,-2.0,short,64,0.08060130826197565,0.20034576411126181,body,0.17232653845567256,0.5258051000884734,body,0.23837918032659217,0.8704851540212984,body,0.24680276435683485,1.1916423283895712,world,0.2432625893590739,1.3260315417064703,world,0.20930896897218193,1.30962585993635,world
medium_low,body_world,90447,True,True,l,1.360545744961593,2.0,medium,71,0.095416737254709,0.1368865807307884,body,0.28333388706669216,0.407516902196221,body,0.5228981817606837,0.7182336002471857,body,1.2625860550673678,1.2595057093014477,body,2.3802068393328226,1.805738881250727,body,1.507979568974115,2.2194333189807365,world
medium_low,body_world,90448,True,True,m,1.3926898559008811,4.0,short,79,0.07223914400674403,0.16365475370548666,body,0.2406409012619406,0.512646159902215,body,0.5074412216665223,0.9068599698366597,body,1.170808239665348,1.58991078507388,body,2.1523666051623875,2.153727510018507,body,1.3984478730591945,2.4233840524428523,world
medium_low,body_world,90449,True,True,l,1.4996288562259714,4.0,medium,69,0.050410750627634116,0.14118020370369777,world,0.10246839534083846,0.3902033571153879,world,0.16843383783270838,0.6423935221857391,body,0.19490001766607748,1.0376257037685719,world,0.21378011158849403,1.1818727031670275,world,0.18092041779847934,1.1889196854352486,world
medium_low,body_world,90450,True,True,m,1.6497126455801099,-1.0,short,68,0.07096120365895331,0.21373081300407648,body,0.2144279290456325,0.6009212751174345,body,0.3424803201807663,1.046185351081658,body,0.37190893957158555,1.5038285129761788,world,0.3724396661389619,1.5831736477121012,world,0.2490743485814892,1.5330325536557936,world
medium_low,body_world,90451,True,True,l,1.4011624978174013,-1.0,medium,69,0.09280940625467338,0.155255445279181,body,0.21080478609655987,0.5150226614670828,body,0.32422486479918006,0.866349481290672,body,0.4216010622752947,1.3799717628906365,body,0.43762563518612296,1.6263483810900652,world,0.3212716106386506,1.5930470192115174,world
medium_low,body_world,90452,True,True,m,1.3459971515369575,2.0,short,75,0.074610386043787,0.1686559752561152,body,0.21791264852508901,0.48340824841288854,body,0.44963368228636685,0.8325452554679942,body,1.1100454176776111,1.460961031712941,body,2.1060230527771635,2.0059679418147427,body,1.3800435529928654,2.2907797772920455,world
medium_low,body_world,90453,True,True,l,1.3128410648573021,-2.0,medium,60,0.08054990007076412,0.1670000177109614,body,0.12444474403746428,0.47703993273898965,body,0.18198357697110623,0.7265483741415665,body,0.23112169589148834,1.1309125090134329,world,0.24542711086105554,1.2584115596302583,world,0.19970219674520195,1.254272645102028,world
medium_low,body_world,90454,True,True,m,1.4532800695650452,4.0,short,80,0.09621472004801035,0.1980183159466833,body,0.2796162476064637,0.572962657501921,body,0.524422556196805,1.0188002814305945,body,1.050390919431811,1.592337780573871,body,1.681865974116954,2.081068404548569,world,1.0675590138311963,2.1108908142591827,world
medium_low,body_world,90455,True,True,l,1.4639866887179158,4.0,medium,63,0.05972252273932099,0.1620976870181039,world,0.11859952113591135,0.44297975900117315,body,0.16935737940948453,0.7540618403931149,body,0.22809336559148505,1.1800257321272514,world,0.26351143553038125,1.3757384247292064,world,0.1990317204059102,1.3798793888243381,world
medium_low,body_world,90456,True,True,m,1.437503394575647,1.0,short,71,0.08951799594797194,0.18910515727475286,body,0.24719340228475628,0.501905212085694,body,0.4629863386275247,0.9159026067238302,body,0.908755376690533,1.5165435683680697,body,1.3542791975603905,1.9005253152339718,world,0.8696481997403317,1.8725347347883508,world
medium_low,body_world,90457,True,True,l,1.433005966120608,-1.0,medium,79,0.10028358898125589,0.14232035214081407,body,0.23461696766316892,0.4625125259626657,body,0.33312781585846096,0.838387317431625,body,0.5027651607524604,1.3296255560300778,body,0.5386949465959332,1.5923881637922022,world,0.3879572357842698,1.566835474947002,world
medium_low,body_world,90458,True,True,m,1.5714723561915191,-2.0,short,75,0.07526494842022657,0.19294475007336587,body,0.17681981754139997,0.5673800504067912,body,0.21341932697978336,0.9094845796586015,body,0.22707016088679666,1.303532461890427,world,0.22341712057896077,1.4382316244787945,world,0.18025195441936376,1.428098560552171,world
medium_low,body_world,90459,True,True,l,1.423809978213943,-2.0,medium,75,0.07884820469189435,0.15151815384160727,body,0.16955046087969095,0.45371263388078664,body,0.21238004268379881,0.7473424606723711,body,0.2637296259345021,1.137399519048631,world,0.2905929611384636,1.3391353421786336,world,0.23643955368897876,1.3300014140072745,world
medium_low,body_world,90460,True,True,m,1.501503010941712,-4.0,short,65,0.06361636123619974,0.2031801138073206,body,0.10421178375836462,0.4785921074915678,body,0.1345894412283087,0.7929050831589848,world,0.15586354615079473,1.2031640112458262,world,0.16024180693275414,1.250286097975186,world,0.15238594582566292,1.2398005696068866,world
medium_low,body_world,90461,True,True,l,1.4979893620177673,-4.0,medium,68,0.05857140652369708,0.17054338555317372,world,0.14339048690162598,0.474811131763272,body,0.21696743129286916,0.7679029587539844,body,0.270418363698991,1.2343319970590527,world,0.31210709035804024,1.3215857371018502,world,0.2496443520335015,1.274287931487197,world
medium_low,body_world,90462,True,True,m,1.32405485767968,-1.0,short,61,0.08316532452590764,0.20947068941313773,body,0.19642150686122478,0.5442828363971784,body,0.33124152773525567,0.9351343499612995,body,0.5367453949176707,1.393574098480167,body,0.5369871897390113,1.57806817831879,world,0.38057327361311766,1.5341323797183577,world
medium_low,body_world,90463,True,True,l,1.2959566174498844,1.0,medium,60,0.07570121879689395,0.16636826121248305,body,0.22902346097398552,0.46466179601848123,body,0.43045733008766546,0.858733075996861,body,1.0299214555707294,1.4385410619201138,body,1.879683502568514,2.010566453973297,body,1.2298250160797035,2.1965839031198993,world
medium_low,body_world,90464,True,True,m,1.5484915809048363,-2.0,short,68,0.0880353199900128,0.190487923566252,body,0.21252599518047646,0.5660387667187023,body,0.32326728155021556,0.9747395668193349,body,0.3284830291202525,1.3547692997650302,world,0.3199536907210131,1.453597018907385,world,0.2382992644276237,1.4167619517941785,world
medium_low,body_world,90465,True,True,l,1.428408630737959,-2.0,medium,69,0.07841540453955531,0.17357028694823384,body,0.12733353838557376,0.4501485364511609,body,0.18949150621774608,0.7135042069014161,body,0.24446529531560374,1.13763080209028,world,0.26963560446019985,1.264232133475889,world,0.2245687393232947,1.2518176316007157,world
medium_low,body_world,90466,True,True,m,1.3278826334953207,4.0,short,72,0.07635173154994845,0.18830433394759893,body,0.24398150518536565,0.5032247941475362,body,0.4848049639724195,0.8906170663191004,body,1.1133429399924353,1.4865890250424854,body,2.0377499972353688,2.0054122630448545,body,1.2971880952967332,2.238917987046298,world
medium_low,body_world,90467,True,True,l,1.224242705022093,-4.0,medium,67,0.03437601693440229,0.15899304463528097,world,0.11300731834489852,0.3632593700196594,body,0.16325725350761788,0.6098034095834008,world,0.19330852062557824,0.9723128557729068,world,0.20440576998807955,1.0526181955850915,world,0.19239877569605596,1.0542312230274546,world
medium_low,body_world,90468,True,True,m,1.377155487281401,1.0,short,65,0.09354023775085807,0.17817228636704385,body,0.24970178178045901,0.5495900984387845,body,0.43983392092632134,0.9523034959798679,body,0.9506526086071971,1.5826415093499238,body,1.5055232980084838,2.0849899109860415,world,1.0459458118036855,2.089457015336957,world
medium_low,body_world,90469,True,True,l,1.2775926055522053,-1.0,medium,67,0.05861862457823008,0.1490793019765988,world,0.162726416089572,0.4087838960113004,body,0.2537021199357696,0.7054628373472952,body,0.30866680653416545,1.0883114108873997,world,0.2928494453226449,1.2418050592154033,world,0.2439256902888883,1.228815258202376,world
medium_low,body_world,90470,True,True,m,1.5219750255884492,2.0,short,70,0.10061111580580473,0.23018476250581443,body,0.2749892593361437,0.5997280338779092,body,0.49940388916293166,1.0346951109357179,body,1.0522700515168255,1.6383189580403268,body,1.623885709317983,2.142352981073782,world,1.0303568654332775,2.1450936797820033,world
medium_low,body_world,90471,True,True,l,1.2543795609592172,2.0,medium,63,0.07083357917144895,0.07225722912698984,body,0.18250610707327725,0.1322784294781741,body,0.40524541488848626,0.2350860220816685,body,1.234587691607885,0.48885435673728356,body,2.8728474072529933,0.9247039486646828,body,2.0581236842041832,1.644813628112606,body
medium_low,body_world,90472,True,True,m,1.523888147333015,4.0,short,77,0.09603048884309828,0.16577800561208278,body,0.28577280906029046,0.5453732503810897,body,0.5547167101874948,1.0004325088229962,body,1.1744984566466883,1.5488899245450738,body,2.0417241818562615,2.034371397763607,body,1.3134986814227887,2.2230697969079483,world
medium_low,body_world,90473,True,True,l,1.4189126139922845,-4.0,medium,63,0.06357924314215779,0.15526944934390485,body,0.1853132130810991,0.4136084106983617,body,0.2293157967273146,0.7242313339258544,body,0.24726785213570113,1.0493934649100993,world,0.2593368063884554,1.0983923591440543,world,0.21198337226058356,1.0745198268836247,world
medium_low,body_world,90474,True,True,m,1.3393605416224226,1.0,short,80,0.07991042640060186,0.16120210860390216,body,0.24769187569618226,0.47724321875721215,body,0.47098970394581563,0.8479097309318604,body,1.1069602537201717,1.4548788121101097,body,2.0632088879472574,1.9842342202617145,body,1.3528469670889898,2.2416758528750504,world
medium_low,body_world,90475,True,True,l,1.4134205728523153,1.0,medium,66,0.09576493734493852,0.1552639917936176,body,0.26502188192680476,0.43460540585219865,body,0.497987042600289,0.8058006438426674,body,1.1462414457695558,1.4203719863202422,body,2.0106680411030537,2.000129405665211,body,1.2400434998096899,2.203852716488764,world
medium_low,body_world,90476,True,True,m,1.3814810158500825,-2.0,short,70,0.06708628445630893,0.19942406407790259,body,0.15331601941725237,0.5066725620185025,body,0.21434354311204518,0.8437739038665314,body,0.2189387995254947,1.1695138944574863,world,0.21882882283389335,1.312348749973171,world,0.19100152803526727,1.306016051697661,world
medium_low,body_world,90477,True,True,l,1.4674729887667173,2.0,medium,78,0.09315615112427622,0.14400896697770804,body,0.2680445878999308,0.45277523419354104,body,0.4915069685899653,0.8360961918369867,body,1.117073081881972,1.4563000885129442,body,1.97144073053787,2.0566602282837265,body,1.2849353000486736,2.2314791649824475,world
medium_low,body_world,90478,True,True,m,1.5027032697774165,4.0,short,80,0.08951561653520912,0.19707743602339178,body,0.27049660973716527,0.5824971513124182,body,0.524517852079589,1.0300864021875895,body,1.1547443592513447,1.5778429311525541,body,1.9788484805991176,2.0666662086179715,body,1.3058734068938067,2.2418483751418536,world
medium_low,body_world,90479,True,True,l,1.3850046666885212,-4.0,medium,66,0.063921655761078,0.15919767587911338,body,0.14745095591060817,0.42994740686845034,body,0.2029301203554496,0.7182078029320109,body,0.23966809200355782,1.1100168658449547,world,0.25416291271685626,1.1588458449346946,world,0.21699022573651747,1.1255312784750275,world
medium_low,calib,90480,False,False,,1.0,0.0,,64,0.06789369927719235,0.06704693625215441,body,0.09108368670567871,0.07817529254825786,world,0.14451036104001103,0.0908116168284323,world,0.3289886844577268,0.08849242586220497,world,1.3728501611039974,0.08320438754635688,world,1.5849537390703334,0.08269226452539442,world
medium_low,calib,90481,False,False,,1.0,0.0,,76,0.052385137882083654,0.03524384117918089,world,0.10222385823726654,0.0806732328957878,world,0.1680077173747122,0.0982183153333608,body,0.442775049386546,0.10886575829936192,body,1.71059112676885,0.10637354483769741,world,1.6761171803530304,0.0996319055618369,world
medium_low,calib,90482,False,False,,1.0,0.0,,79,0.03710292233154178,0.02714483253657818,world,0.07949804672971368,0.053619601577520375,world,0.14332555145956577,0.07678125105448999,world,0.3067949054064229,0.07844948558195028,world,1.4646701555349866,0.0815497809278895,world,1.5834985424438492,0.08088088490534573,world
medium_low,calib,90483,False,False,,1.0,0.0,,70,0.03782180370762944,0.023377784236799926,world,0.08244345095008612,0.05114288053009659,world,0.1359710686840117,0.06312454686267302,world,0.2590661772992462,0.0646684497653041,world,1.0527424051193521,0.06482962860900443,world,1.4581992145907132,0.07094295464721653,world
medium_low,calib,90484,False,False,,1.0,0.0,,69,0.042877559550106525,0.040597690822323784,world,0.08874420365318655,0.08364354516088497,world,0.13463431927375497,0.09540505363693227,world,0.27774718140717597,0.08969036627022434,world,1.1573036672431045,0.08853168711029866,world,1.5116127534164117,0.08362745068312506,world
medium_low,calib,90485,False,False,,1.0,0.0,,78,0.06159748579375446,0.05684941529762,world,0.08711575851775706,0.04373452333384193,world,0.13701442379970102,0.051999171290663074,world,0.2833335400209762,0.05090488458808977,world,1.2847980201535392,0.04987475052475929,world,1.544495262738783,0.059155797774437816,world
medium_low,calib,90486,False,False,,1.0,0.0,,79,0.04427147889509797,0.033312683342956007,world,0.09071061862632632,0.061215373175218704,world,0.15626469240523877,0.0760532897664234,world,0.37341156734619285,0.08675894152256661,world,1.6060533513431436,0.08977593499002978,world,1.6253715468617154,0.08757364122604486,world
medium_low,calib,90487,False,False,,1.0,0.0,,74,0.05849415296688676,0.062090601422823966,world,0.10055337948724627,0.07184644856024534,world,0.15367782558314502,0.0862721215118654,world,0.3710568402661011,0.08362865787639748,world,1.6236759715131484,0.0809788708036649,world,1.666836685105227,0.08214704549027374,world
medium_low,calib,90488,False,False,,1.0,0.0,,62,0.05889917677268386,0.052781926991883665,world,0.09165379023179411,0.08064904677448795,world,0.1497331516351551,0.11066276931087488,world,0.3235851101344452,0.10681118271895684,world,1.406425380136352,0.10859888995428264,world,1.5923207071376964,0.10263019538757362,world
medium_low,calib,90489,False,False,,1.0,0.0,,65,0.04623758909292519,0.047965821577236056,world,0.09591587730683386,0.09355745273642241,world,0.16116510436404496,0.10087394972215406,world,0.3796657572151162,0.11708880597434473,world,1.4459412251890171,0.12445328320463886,world,1.5844047415745446,0.12125582989596295,world
medium_low,calib,90490,False,False,,1.0,0.0,,70,0.04618243430741131,0.05676712282001972,world,0.09193311328999698,0.06934131209272891,world,0.14953375074546782,0.08464259775355458,world,0.3460196816711687,0.08003580704898922,world,1.463446763966931,0.07872560976938986,world,1.6072886615502648,0.07414319600735325,world
medium_low,calib,90491,False,False,,1.0,0.0,,63,0.04699646378867328,0.02891117992112413,world,0.08815258773975074,0.07852248094277456,world,0.14816852237563582,0.0897628761420492,world,0.3281338726519607,0.0927798738150159,world,1.4032398318580817,0.08995006483019097,world,1.5628319837781601,0.08977916391013424,world
medium_low,calib,90492,False,False,,1.0,0.0,,66,0.052249817410483956,0.04989604657748714,world,0.09171038554050029,0.09016348206205294,world,0.1549116500886157,0.11636536119622179,world,0.3723198666819371,0.11758981148304881,world,1.5042086100031158,0.1217049464394222,world,1.6283377572824247,0.11539585329941474,world
medium_low,calib,90493,False,False,,1.0,0.0,,80,0.04360251617617905,0.04875413569970988,world,0.08455379339866341,0.06619486872223206,world,0.13817420934792607,0.08931570345594082,world,0.2944109116564505,0.08210551786469296,world,1.4217445570451672,0.08181801126920618,world,1.583168778324034,0.08156240357056958,world
medium_low,calib,90494,False,False,,1.0,0.0,,79,0.04942768509499729,0.05551060667494312,world,0.09571882565505803,0.0874452448100783,world,0.16173145056236538,0.10100400049705059,world,0.36968740966403857,0.11313014462248247,world,1.5145938115951139,0.11373098131098233,world,1.6092142594163306,0.11317744141131698,world
medium_low,calib,90495,False,False,,1.0,0.0,,75,0.04435666650533676,0.04373699048301205,world,0.08381742322817445,0.06267299228929915,world,0.13923287694342434,0.06355766016349662,world,0.3093474907102064,0.07319742773688631,world,1.381765054317657,0.0710140620234597,world,1.560093490690924,0.07010874663217692,world
medium_low,calib,90496,False,False,,1.0,0.0,,76,0.04950259882025421,0.0338391735276673,world,0.08925698543898761,0.0549513473699335,world,0.1411066034575924,0.06312740638677496,world,0.30139162744162606,0.07585517870174954,world,1.2551257451938,0.07818134985354845,world,1.4717835880047643,0.08211969780837536,world
medium_low,calib,90497,False,False,,1.0,0.0,,68,0.055603977758437395,0.043771808850578964,world,0.10366630377247929,0.07230527729261667,body,0.14856087104417384,0.0676743294345215,world,0.2909814316080883,0.07149691688246093,world,1.1995218069874682,0.0702835599273385,world,1.436032498017885,0.06711356775202149,world
medium_low,calib,90498,False,False,,1.0,0.0,,70,0.0459359975066036,0.049434814834967256,world,0.08548688408918678,0.07489092325558885,world,0.13894058561418207,0.08261348622036166,world,0.3141905333963223,0.07177048270823434,world,1.4741921559965703,0.07709507622930686,world,1.581904146040324,0.07932801916409517,world
medium_low,calib,90499,False,False,,1.0,0.0,,79,0.045009683119133115,0.044039075350156054,world,0.08955845148302614,0.07919287476106547,world,0.15253148444462566,0.08426362462050747,world,0.3491109092370607,0.09855738884216407,world,1.5128426070616114,0.09647613357010415,world,1.6041635443759152,0.09621068218388246,world
medium_low,calib,90500,False,False,,1.0,0.0,,72,0.03352642711251974,0.01804505381733179,world,0.08565313909202814,0.0679326057434082,world,0.13964540446177126,0.0768290277919732,world,0.29982326752506194,0.07617181248206178,world,1.3727897144621237,0.08199446330690989,world,1.559900128832087,0.0803123751070234,world
medium_low,calib,90501,False,False,,1.0,0.0,,76,0.047961958684027195,0.049389097723178566,world,0.0903707598336041,0.0717344491626136,world,0.1426652583759278,0.07496866867295467,world,0.3080391091061756,0.07184911295771598,world,1.216294080147054,0.07505640179733747,world,1.5089430340891705,0.07227286198787625,world
medium_low,calib,90502,False,False,,1.0,0.0,,76,0.04950700839981437,0.03892284061294049,world,0.0907463519833982,0.057568313379306346,world,0.13603564766235648,0.05723586971289478,world,0.27274964146781716,0.0697735305322567,world,1.195382394141052,0.0680680785808363,world,1.5150706950062887,0.06183320252457634,world
medium_low,calib,90503,False,False,,1.0,0.0,,63,0.0376131827943027,0.03176542092114687,world,0.08505835235118867,0.06212665191851556,world,0.1410223756916821,0.07669322513102088,world,0.2935681513976306,0.09195962411904475,world,1.2723843652522193,0.09237585481459973,world,1.5434716854151338,0.0943122322941781,world
medium_low,calib,90504,False,False,,1.0,0.0,,72,0.04367759544402361,0.025964777771150693,world,0.08683330863714218,0.05633667722577229,world,0.149559361115098,0.07436218243674375,world,0.3612251260317862,0.09328052868077066,world,1.6118006866890937,0.09255022320867283,world,1.640375345814973,0.08740628623287194,world
medium_low,calib,90505,False,False,,1.0,0.0,,75,0.05878711538389325,0.06255310284905136,world,0.09698453238233923,0.07873069160268642,world,0.1569257572758943,0.08332428478461225,world,0.3741262617753819,0.08212659905693726,world,1.602169088984374,0.08392419972587958,world,1.6321647142479199,0.08201631361924229,world
medium_low,calib,90506,False,False,,1.0,0.0,,78,0.0601745150052011,0.0511605201754719,world,0.10381239475682377,0.0632323993369937,body,0.15719952140934765,0.07073262518970296,world,0.3516708066919818,0.07233249158598483,world,1.5173355121281928,0.07770249798777513,world,1.5505309436516836,0.08166156397433952,world
medium_low,calib,90507,False,False,,1.0,0.0,,72,0.040951150469481945,0.033704168658005074,world,0.08805149588733911,0.0617898682190571,world,0.14312783880159258,0.06991050899086985,world,0.3343537766952067,0.0713168074755231,world,1.5178142422111705,0.06952288342145038,world,1.6147210003156216,0.07053526270610747,world
medium_low,calib,90508,False,False,,1.0,0.0,,68,0.043615871109068394,0.03813436848577112,world,0.08588517755270005,0.06758722190279513,world,0.14014855958521366,0.06858843914233148,world,0.2956718225032091,0.07163441881421022,world,1.3105499451048672,0.07513352038440643,world,1.5350297354534268,0.07986500560942658,world
medium_low,calib,90509,False,False,,1.0,0.0,,69,0.042908415431156754,0.04590380331501365,world,0.08963313675485551,0.08345385624561459,world,0.14662255242001265,0.09203386314911768,world,0.32681623039534313,0.09244353458925617,world,1.456121544976486,0.09013387703889747,world,1.5969284965354018,0.09150647061775088,world
medium_low,calib,90510,False,False,,1.0,0.0,,60,0.05633594118990004,0.06407734693493694,world,0.100306281959638,0.0821911039762199,world,0.1609724675072357,0.08926713753025978,world,0.36091382534941663,0.09797535646357573,world,1.461598342534853,0.10058987771735702,world,1.6008360786247067,0.09688547931888024,world
medium_low,calib,90511,False,False,,1.0,0.0,,67,0.040835172636434436,0.04223734128754586,world,0.08506355951540172,0.05496421725547407,world,0.14545319562312217,0.07316045904444764,world,0.3578253543819301,0.08469938080015708,world,1.526876854285365,0.08641645358475217,world,1.637932218068745,0.08639811727029155,world
medium_low,calib,90512,False,False,,1.0,0.0,,65,0.04433466796763241,0.03773920191451907,world,0.08453729362227022,0.057814781693741685,world,0.13286152950022373,0.06669736485928297,world,0.2597506953519769,0.06588957914063939,world,1.11737716999487,0.07194100673004869,world,1.4657799421274103,0.07205958387901773,world
medium_low,calib,90513,False,False,,1.0,0.0,,79,0.05480624549090862,0.052189308567903936,world,0.09324714122340083,0.07812537665013224,world,0.14855455202050505,0.08113519156468102,world,0.3321511381538585,0.0778014438430546,world,1.5017664123908618,0.08228206518688239,world,1.597654246413149,0.0817166223420645,world
medium_low,calib,90514,False,False,,1.0,0.0,,62,0.049944136990234256,0.04453879501670599,world,0.10574981733225286,0.0868139575701207,body,0.15837145771365613,0.08614856578642503,world,0.36219888090854513,0.08545158756023738,world,1.5030142292554958,0.08341897692444036,world,1.6108856539498082,0.08177223522390706,world
medium_low,calib,90515,False,False,,1.0,0.0,,75,0.03605549712665379,0.034072007169015706,world,0.08788443761877715,0.06196774421259761,world,0.15044165130238982,0.06064913215232082,world,0.3722206208272837,0.06324565883551259,world,1.676772731699748,0.06301165436743758,world,1.6562539113196544,0.06200571067718556,world
medium_low,calib,90516,False,False,,1.0,0.0,,71,0.053895489778369665,0.049578247242607176,world,0.09149940060451628,0.07079021550889593,world,0.14604246481321753,0.07443385211372515,world,0.3423796055605635,0.07908936479361728,world,1.4637067807721906,0.07899307239495101,world,1.5949064268870279,0.0795780407419079,world
medium_low,calib,90517,False,False,,1.0,0.0,,77,0.047698447946459055,0.0505241840146482,world,0.08507060324773191,0.06803280932363123,world,0.1366485636215657,0.07482428934890777,world,0.28375738586764787,0.08263990939594805,world,1.2849491495057008,0.08000188879668713,world,1.5483742265915499,0.07856437264941632,world
medium_low,calib,90518,False,False,,1.0,0.0,,72,0.05283724470064044,0.05476539931260049,world,0.10034831063821911,0.07314407789381222,world,0.16207926538772882,0.07292802320444025,world,0.39265765009913595,0.07485849451913965,world,1.7612271987949497,0.07663181846146472,body,1.6785522652091458,0.07285248055908597,world
medium_low,calib,90519,False,False,,1.0,0.0,,76,0.054931372636929154,0.045418047811836004,world,0.09492265502922237,0.0810702543327352,world,0.14649008901324123,0.08444453725096537,world,0.3213371286052279,0.08146120091187187,world,1.4641434906923678,0.07795360068666923,world,1.5791532264999115,0.08237233676351026,world
medium_low,calib,90520,False,False,,1.0,0.0,,76,0.04322013258934021,0.03472217416856438,world,0.08180276220664381,0.062089640222257006,world,0.13358669546432794,0.06496901946084108,world,0.25622003267053517,0.06772363694617525,world,1.1561166608822533,0.0678729630963062,world,1.5025505015300586,0.06771608169307,world
medium_low,calib,90521,False,False,,1.0,0.0,,64,0.05067794816568494,0.04150241852039471,world,0.09130530674010515,0.05844716917490587,world,0.14671225352212786,0.06566848541260698,world,0.3268580908421427,0.06787930709542705,world,1.4630897825816644,0.06904691770032514,world,1.5921697018388659,0.0685921317624161,world
medium_low,calib,90522,False,False,,1.0,0.0,,80,0.03425399120897055,0.032145655364729464,world,0.08569880882278086,0.06673525196965784,world,0.1428976146969944,0.06955187254352496,world,0.3239010511199012,0.06610672780079767,world,1.572846329130698,0.06737954555137549,world,1.6265471182437614,0.07584886278520572,world
medium_low,calib,90523,False,False,,1.0,0.0,,64,0.039175706217065454,0.0410171760013327,world,0.08305374546907843,0.056813544273609295,world,0.13448103095870467,0.06192196547344793,world,0.29411253532161935,0.06683661728238804,world,1.445363703154726,0.06702717847620078,world,1.5889945801231078,0.07161417184266611,world
medium_low,calib,90524,False,False,,1.0,0.0,,60,0.040805792436003685,0.03561408253153786,world,0.08461866853758693,0.05880333634559065,world,0.14368668305687604,0.06354033695533873,world,0.2941033371491358,0.07228248498286122,world,1.2015672926208936,0.07682633675867692,world,1.4454829256376251,0.07631877287785754,world
medium_low,calib,90525,False,False,,1.0,0.0,,74,0.04274066840298474,0.028039059601724148,world,0.08280370221473277,0.06037636020337231,world,0.13986636244226247,0.07638349038606976,world,0.3064176792860962,0.08498956615658244,world,1.310634484543698,0.08550963188390598,world,1.5356196332839318,0.08444511200621492,world
medium_low,calib,90526,False,False,,1.0,0.0,,64,0.050927125150337815,0.027876942389411852,world,0.09612631420604884,0.08544454562361352,world,0.15739973911549898,0.09403630548331421,world,0.34563311337260527,0.09241291450889548,world,1.238236110744765,0.09143419862084556,world,1.519662248005625,0.09188870925980154,world
medium_low,calib,90527,False,False,,1.0,0.0,,77,0.05163354007527232,0.046516679401975125,world,0.0852845910936594,0.06103276305366308,world,0.13753526620566844,0.061654114059638235,world,0.2737783806398511,0.07710118186660112,world,1.1818768939003348,0.07308211262570695,world,1.505183631107211,0.07183464100264245,world
medium_low,calib,90528,False,False,,1.0,0.0,,69,0.05455211875960231,0.03709148755297065,world,0.09682855429127812,0.08676926591433584,world,0.1567273034248501,0.11275530091952532,world,0.3634498910279944,0.11169869329896756,world,1.233583849167917,0.10512346583273029,world,1.478163772546686,0.10368525543541182,world
medium_low,calib,90529,False,False,,1.0,0.0,,61,0.04166210815310478,0.046737947035580873,world,0.08956131283193827,0.08853653850965201,world,0.14750784365460276,0.10827726372517645,world,0.324237967422232,0.09484931640035939,world,1.4636021492769942,0.09763859598315322,world,1.5802681077923626,0.09512534447567304,world
