config,cell,seed,has_body,has_push,param,factor,torque,duration_name,onset,roll_1,hold_1,verdict_1,roll_5,hold_5,verdict_5,roll_10,hold_10,verdict_10,roll_20,hold_20,verdict_20,roll_40,hold_40,verdict_40,roll_100,hold_100,verdict_100
stiff_low,neither,90000,False,False,,1.0,0.0,,79,0.048786913976073265,0.06013740412890911,world,0.16130864154547453,0.06316883052932099,world,0.30183435408398507,0.07110743086086586,world,0.7381802429910749,0.08566184808441904,world,2.0339070512680335,0.08433307447266998,world,1.7153182156663387,0.08728499541677594,world
stiff_low,neither,90001,False,False,,1.0,0.0,,75,0.06976350955665112,0.04932708860724233,world,0.1837569722905755,0.07990498747094535,world,0.347417048830539,0.08245599927322474,world,0.8431774436030537,0.08607917771296342,world,2.128752240096219,0.09458394074972602,world,1.7466390002984553,0.1041300710442738,world
stiff_low,neither,90002,False,False,,1.0,0.0,,65,0.05791423749178648,0.08055867609800771,world,0.1782605662941933,0.09588443610118702,world,0.34156227800995115,0.11038934635580519,world,0.8607235691510141,0.11818854152588755,world,2.088738453714177,0.11291603044774091,world,1.7556252907030285,0.11663337867808878,world
stiff_low,neither,90003,False,False,,1.0,0.0,,61,0.07147015957161784,0.046372424345463514,world,0.19905801294371486,0.07312483603600413,world,0.3715450291987509,0.07945911248680204,world,0.9189165125368164,0.09232509040739387,world,2.1984130190103315,0.09908280991658103,world,1.7652090564882383,0.10385044184746221,world
stiff_low,neither,90004,False,False,,1.0,0.0,,76,0.05076647689566016,0.05124401155626401,world,0.16696425527334213,0.0864213497028686,world,0.3274762546643615,0.07663519565830938,world,0.8279565627686678,0.08614531760977116,world,2.134888827195391,0.0905287783316453,world,1.78910798644647,0.10182390286179725,world
stiff_low,neither,90005,False,False,,1.0,0.0,,79,0.06656438810750842,0.08398885803762823,world,0.16210934324190018,0.0929858919698745,world,0.30127661968581376,0.10323171933996492,world,0.7630965970223769,0.11962538270454387,world,2.0683756727608853,0.1098677903348289,world,1.7592927455855534,0.10836867634701776,world
stiff_low,neither,90006,False,False,,1.0,0.0,,74,0.05690874787978828,0.049643069331068546,world,0.15785506977699698,0.08308544332394377,world,0.2824279059423134,0.09728368319920264,world,0.694135243666824,0.1020811953319935,world,1.9662553851667326,0.10328716323783738,world,1.707907759740483,0.10194350647521787,world
stiff_low,neither,90007,False,False,,1.0,0.0,,79,0.06219213455915451,0.05923506466206163,world,0.17828281354159117,0.07060891042929143,world,0.3362267135642469,0.0945381706696935,world,0.8250278699677438,0.11578172655426898,world,2.137741879164241,0.11877190765226259,world,1.7696438631322235,0.11329897476942279,world
stiff_low,neither,90008,False,False,,1.0,0.0,,62,0.06695528188720345,0.06516560458112508,world,0.1844401299022138,0.07719687428325414,world,0.34179191975854334,0.08677693585632369,world,0.8533468530280515,0.08889397594030016,world,2.1370722663006747,0.09027004718664103,world,1.7794174647470935,0.09295466408046196,world
stiff_low,neither,90009,False,False,,1.0,0.0,,74,0.07036028429865837,0.0860787108540535,world,0.16329595306888223,0.08703133433591576,world,0.3052152015734464,0.10085224731592461,world,0.7765172381186858,0.09851797547307797,world,2.0839313188684176,0.09887585970063811,world,1.7381055249320343,0.10521176627109526,world
stiff_low,neither,90010,False,False,,1.0,0.0,,72,0.06689369073137641,0.08601630164775997,world,0.15854315776377914,0.101770810643211,world,0.30322075029835105,0.11785136510152369,world,0.7892201844137162,0.12385385165689514,world,2.071761311381124,0.12071207017143024,world,1.7616365769412368,0.11747427649737802,world
stiff_low,neither,90011,False,False,,1.0,0.0,,71,0.08631917834281921,0.045991972321644425,body,0.19462562762200833,0.08890104676829651,world,0.359793264977634,0.10329259479767643,world,0.9103579933755099,0.09695737367146648,world,2.1786725786980243,0.09714601441810372,world,1.7693194892816246,0.09773977922828636,world
stiff_low,neither,90012,False,False,,1.0,0.0,,62,0.06587446620687842,0.07093779742717743,world,0.18718822812661529,0.09492090290877969,world,0.35103086507879194,0.10400889437878505,world,0.8976896502776072,0.11781054788152687,world,2.1920409273705443,0.11655923467624235,world,1.8195399018516762,0.11676425360492429,world
stiff_low,neither,90013,False,False,,1.0,0.0,,68,0.05351233622059226,0.08065711008384824,world,0.1424722163937986,0.07837370228953659,world,0.26286001964472233,0.07697680800920353,world,0.652158657903783,0.08037502251681872,world,1.980786442605313,0.09187603696627775,world,1.65680103586521,0.10117188310861819,world
stiff_low,neither,90014,False,False,,1.0,0.0,,80,0.06253878679126501,0.10249708080664277,world,0.20075974762439727,0.09031804632686544,world,0.3806627545505762,0.09843430186301702,world,0.9569651128724217,0.10437322906873306,world,2.253701897431165,0.10109212360730453,world,1.7858630673959852,0.10126616579960682,world
stiff_low,neither,90015,False,False,,1.0,0.0,,76,0.062009963439777493,0.05664928932674229,world,0.1677780324127525,0.08460186711745336,world,0.31765420853625986,0.08253549069631845,world,0.7971940109855495,0.08300786087638698,world,2.0822077491495294,0.08552887786354404,world,1.7328666226263159,0.10212042633560486,world
stiff_low,neither,90016,False,False,,1.0,0.0,,76,0.06025586137548089,0.0714226335985586,world,0.16813349584117532,0.07984835250827017,world,0.3252017423976213,0.07926903494662838,world,0.823167832591571,0.08229484543335275,world,2.1122283170116134,0.08754571094505081,world,1.7575364051060751,0.09361427083276794,world
stiff_low,neither,90017,False,False,,1.0,0.0,,74,0.07359127048403025,0.05967127811163664,world,0.1658882638439536,0.08862753929570318,world,0.31443961644545193,0.09525369160110131,world,0.7954358498100191,0.10514723989763297,world,2.0502521817805244,0.09949892079966957,world,1.7762652276176958,0.10934541837312281,world
stiff_low,neither,90018,False,False,,1.0,0.0,,66,0.07625183649361134,0.05524949496611953,world,0.2000032575801015,0.10381809249520302,world,0.3870922070927918,0.10665564402006567,world,0.9533506690058857,0.10975124636897818,world,2.220072432910092,0.11997359096712898,world,1.7985657406318933,0.12553346942760982,world
stiff_low,neither,90019,False,False,,1.0,0.0,,66,0.06740398681722581,0.07198182702995837,world,0.19887233874760568,0.08294199868105352,world,0.38071603316348046,0.08952320395037533,world,0.9520351014449262,0.08578200963384006,world,2.2227867241657804,0.08744063358026324,world,1.763066635269206,0.08754529286641627,world
stiff_low,neither,90020,False,False,,1.0,0.0,,73,0.06284807459451258,0.07988453027792275,world,0.18858800348825755,0.11927767104934901,world,0.3560173662612215,0.1162015094247181,world,0.9261099645053037,0.11889653937832918,world,2.2115872540103734,0.11627649445144925,world,1.8052108622551895,0.12092599697934929,world
stiff_low,neither,90021,False,False,,1.0,0.0,,74,0.06212371913716197,0.0876995432190597,world,0.2228294991888106,0.08338845130056144,body,0.42254623067565256,0.09972036646795458,body,1.0243233120301738,0.11599163816135843,body,2.3472333314944986,0.12690861271257747,body,1.7682023369939999,0.12765949369524604,world
stiff_low,neither,90022,False,False,,1.0,0.0,,66,0.05999806057661772,0.062091894214972854,world,0.17605385147035124,0.10126254525966942,world,0.324489269964397,0.10187270577589516,world,0.8051664802245796,0.09699226564553101,world,2.092290995409712,0.09841200820665108,world,1.7436779083870353,0.09768893591623054,world
stiff_low,neither,90023,False,False,,1.0,0.0,,75,0.07543027587234974,0.045650440675672144,world,0.17425896227359772,0.07154361518332734,world,0.3198498714715242,0.08022219018894247,world,0.8071631697937847,0.09193719302129466,world,2.098390170466155,0.09488644125558493,world,1.785874595232308,0.09998254585705582,world
stiff_low,neither,90024,False,False,,1.0,0.0,,73,0.06733870739117265,0.08502241666428745,world,0.16514149801805617,0.10084911230951549,world,0.31904373359866445,0.10133378626778722,world,0.819227727712132,0.09733347586879972,world,2.1072353088413367,0.09856677274365211,world,1.7766922256024555,0.09263293320953381,world
stiff_low,neither,90025,False,False,,1.0,0.0,,68,0.05573753849603236,0.08372818538919091,world,0.16085298382677138,0.05764493911992758,world,0.3047421225579455,0.06370723620057106,world,0.7422030734480358,0.07877580940839835,world,2.023921795311617,0.09558368341022289,world,1.7543906795722433,0.1122134009495494,world
stiff_low,neither,90026,False,False,,1.0,0.0,,73,0.0691927969455719,0.03843135744682513,world,0.1664451388642192,0.08437642931821755,world,0.31327111711725597,0.09578966881090309,world,0.7739356610458343,0.09526246463501593,world,2.03582835176494,0.09714713787179789,world,1.7400566212739796,0.10066791359073249,world
stiff_low,neither,90027,False,False,,1.0,0.0,,61,0.07227792916819453,0.08565585850737989,world,0.1796212670393288,0.0899934805231169,world,0.32542001926340164,0.08211019201553427,world,0.8517618176760151,0.0997181204467779,world,2.115678148588631,0.10267637238284806,world,1.7777833915734664,0.11529640751949045,world
stiff_low,neither,90028,False,False,,1.0,0.0,,71,0.06859618285670877,0.07328398618847132,world,0.1713754299096763,0.10162075846455991,world,0.32016808274202047,0.1136017013923265,world,0.8054074395215138,0.1059246328601148,world,2.0900415828335097,0.10758488990832119,world,1.7449544665170833,0.10405520395725035,world
stiff_low,neither,90029,False,False,,1.0,0.0,,60,0.05150705436244607,0.04908292228356004,world,0.16340869208797812,0.09913331072311848,world,0.321757743274793,0.11253598424373194,world,0.7984275734750553,0.1271387881715782,world,2.104694458039012,0.1385770995693747,world,1.7311756334220991,0.12740637948794759,world
stiff_low,neither,90030,False,False,,1.0,0.0,,72,0.06763039785437286,0.06130478496197611,world,0.1962237875442952,0.0849959135754034,world,0.3762460591038689,0.10295988982252312,world,0.9174204376409761,0.12512798390671376,world,2.227032230648911,0.12285439745683106,world,1.7807035870268009,0.12213341377762844,world
stiff_low,neither,90031,False,False,,1.0,0.0,,65,0.08655170444399118,0.06987823860254139,body,0.26196030955761673,0.0649367223843001,body,0.5010045758448541,0.06509703987685497,body,1.1640501044224947,0.07032605593994959,body,2.5254456225549804,0.09099942656685017,body,1.735677345385775,0.10924495284329169,world
stiff_low,neither,90032,False,False,,1.0,0.0,,78,0.08525821100920439,0.05251276900526136,body,0.21663384400308133,0.07320134296314791,body,0.42967770267277955,0.08135420573526062,body,1.0610163544304667,0.09579250202223194,body,2.358341440046206,0.11282934875343927,body,1.7429327472485603,0.11097401757026092,world
stiff_low,neither,90033,False,False,,1.0,0.0,,74,0.06372504075989127,0.058823598083108664,world,0.1613383457995951,0.07012591979000718,world,0.30461949692107737,0.07523299723397939,world,0.7568885592045262,0.0942193529859651,world,2.058208787313197,0.10216595463425619,world,1.7487918404722587,0.10265684343059547,world
stiff_low,neither,90034,False,False,,1.0,0.0,,63,0.06540684821084142,0.05931866081664339,world,0.19700655648484827,0.08195043796440586,world,0.38007549461908635,0.09027763831545599,world,0.9775031360099092,0.09438474206290266,world,2.235972046956886,0.09523634324959858,world,1.8169117815466598,0.10039434546350093,world
stiff_low,neither,90035,False,False,,1.0,0.0,,66,0.0642621386796236,0.05715617910027504,world,0.16138682579621672,0.09460947899497114,world,0.3004292597528547,0.0966159298812272,world,0.7695197815774009,0.08391437828104244,world,2.0238500648527404,0.08365754958576871,world,1.751265317625366,0.08425829127751058,world
stiff_low,neither,90036,False,False,,1.0,0.0,,61,0.06823089346289635,0.06349628139287233,world,0.16294362489134073,0.07488627645070664,world,0.30162325063720347,0.07607287276478018,world,0.7536893012467771,0.09492634814087068,world,1.9828192633809523,0.09886840522449347,world,1.737193316416815,0.11197507045551901,world
stiff_low,neither,90037,False,False,,1.0,0.0,,69,0.06560560944490135,0.08481486130040139,world,0.17026542727835475,0.11234068222111092,world,0.32641970275435594,0.10518432414974087,world,0.8418863530387171,0.11713619514193852,world,2.157289914932335,0.1222008898112108,world,1.7794887079880573,0.12635799291252625,world
stiff_low,neither,90038,False,False,,1.0,0.0,,63,0.060602900106459856,0.05668842439263244,world,0.1705483107827604,0.07299606606029556,world,0.3217186733614653,0.07750843853755213,world,0.7813129611080513,0.07941634531689487,world,2.0885605543735437,0.08062444737051919,world,1.7122575904382393,0.08863248968747939,world
stiff_low,neither,90039,False,False,,1.0,0.0,,63,0.060943251475691795,0.06279553979402408,world,0.18455912843346595,0.07968930535716937,world,0.35050959698855877,0.09743317967513576,world,0.8776970127597451,0.10738499040016905,world,2.1816860494203865,0.102705239012721,world,1.7403322753682733,0.09807508965372108,world
stiff_low,neither,90040,False,False,,1.0,0.0,,66,0.07521301391534507,0.0813314993865788,world,0.2098373094107956,0.09879489429295063,body,0.3855090596480295,0.13228218335425482,world,0.9745910458615981,0.1426853748387657,world,2.214152786525665,0.14040839366498403,world,1.8251076880912298,0.14107063786243088,body
stiff_low,neither,90041,False,False,,1.0,0.0,,71,0.06247751880437136,0.07327248028013855,world,0.16372403986752032,0.09226459087803959,world,0.3050513667985797,0.11647547375177963,world,0.7755620406009256,0.10557328190188855,world,2.066503637330607,0.11523961299390068,world,1.770081372950226,0.11150475860049483,world
stiff_low,neither,90042,False,False,,1.0,0.0,,64,0.08539244392886758,0.07344419648870826,body,0.19100662404671312,0.09242191747762263,world,0.360669529857114,0.09483446427620948,world,0.9206591466674581,0.10649414788058494,world,2.20472876514541,0.10911850089469226,world,1.8162343173893167,0.11629382949031423,world
stiff_low,neither,90043,False,False,,1.0,0.0,,79,0.06798025174066424,0.06118493399117142,world,0.1843237833119929,0.07564092020038515,world,0.35051752743311226,0.07790989910718055,world,0.8990858054021373,0.07760494602844119,world,2.1808151367236857,0.08300285732548218,world,1.7769479881646113,0.08490999266650762,world
stiff_low,neither,90044,False,False,,1.0,0.0,,65,0.06711810478009284,0.06376339355483651,world,0.19683212717063725,0.11114640459418296,world,0.36599316692445427,0.10028976075118406,world,0.9120636669103989,0.10462863826251123,world,2.2004215119930453,0.11603705723682653,world,1.7727991798729636,0.11583438100933563,world
stiff_low,neither,90045,False,False,,1.0,0.0,,64,0.061555412132292986,0.07571059820475057,world,0.1928628916852176,0.079562284599524,world,0.37034397698007526,0.0983182955009397,world,0.9221518072066828,0.10856132303160848,world,2.2119992704479956,0.10562499862644473,world,1.7276334833865985,0.10275018241984071,world
stiff_low,neither,90046,False,False,,1.0,0.0,,73,0.06243842490948737,0.06799224647693336,world,0.16152457450516522,0.06579847509274259,world,0.2969901005038992,0.07211642530164682,world,0.752326428249944,0.08121452207415132,world,2.0480108660238328,0.08220023952962946,world,1.7761432399810293,0.08770238247714587,world
stiff_low,neither,90047,False,False,,1.0,0.0,,66,0.04564536572434008,0.05654822033829987,world,0.132962015690282,0.08796571617713198,world,0.26098281575832516,0.10441741738177371,world,0.6600490133394488,0.10638639424432768,world,1.8925425229186659,0.10522870660279296,world,1.6488831654773093,0.11774305683531566,world
stiff_low,neither,90048,False,False,,1.0,0.0,,76,0.07205402944236994,0.06784374662674963,world,0.19469918403774497,0.08761057495139539,world,0.36692827800288796,0.09619011053000577,world,0.9379701231140644,0.10709639791457448,world,2.2091016313293945,0.11808604219550034,world,1.7831868146453054,0.123654748144545,world
stiff_low,neither,90049,False,False,,1.0,0.0,,76,0.08408837858587503,0.08472792065003887,body,0.19329143613576888,0.08782337916782126,world,0.3646581575274468,0.08870781864388846,world,0.9544600661844015,0.08655756699008635,world,2.2358432395383714,0.08879791715662577,world,1.8172307758033275,0.09058110419748118,world
stiff_low,neither,90050,False,False,,1.0,0.0,,60,0.07350317947566509,0.08141364995390177,world,0.21085626278072594,0.08402629715856164,body,0.40239087091758846,0.10488627281738445,body,1.0047695028129966,0.108175776648568,body,2.2884209078969433,0.1132791532232659,body,1.8133813696820287,0.1148946278297808,world
stiff_low,neither,90051,False,False,,1.0,0.0,,76,0.055247952695935965,0.04458610209985636,world,0.1479458022862673,0.07044451594701968,world,0.28267448768019676,0.07443332285329235,world,0.677429580502212,0.08647311504319077,world,1.9665886729024349,0.0841309537205234,world,1.7175924975052475,0.08938262641735492,world
stiff_low,neither,90052,False,False,,1.0,0.0,,68,0.06134723569266498,0.09258187236264348,world,0.16059413622133434,0.09582518686511321,world,0.3082936946069822,0.11808661282047977,world,0.7991174211609178,0.11931249710723932,world,2.059478232538095,0.12002826363368513,world,1.7810614304593764,0.12158083706417529,world
stiff_low,neither,90053,False,False,,1.0,0.0,,72,0.052541122771799564,0.04570528329350054,world,0.14189099650830028,0.08318695998750628,world,0.2753544700331986,0.07755388522637077,world,0.680181889096275,0.08220459488511551,world,1.9672238960163668,0.09927511923742713,world,1.7089202341903,0.12737569050077582,world
stiff_low,neither,90054,False,False,,1.0,0.0,,65,0.07719710096716881,0.0953829768113792,world,0.20471494514495137,0.10541813969612122,world,0.38464880352839825,0.1260306465672329,world,0.9509076531510801,0.12213896482717246,world,2.238181899278425,0.12487361136154504,world,1.7414871396776288,0.11867505456903019,world
stiff_low,neither,90055,False,False,,1.0,0.0,,68,0.057620896492153406,0.05042514414526522,world,0.15372124062851072,0.06848227914888412,world,0.2961828746367246,0.07554601298761554,world,0.7450809493893757,0.08269539590837667,world,2.035146447655279,0.09662207534493064,world,1.7040080162184315,0.09708854183991207,world
stiff_low,neither,90056,False,False,,1.0,0.0,,68,0.05357889924198389,0.06346242108702427,world,0.15566386338323354,0.10019602887768997,world,0.3033841107971966,0.10638457857057801,world,0.7546683298889547,0.10684503879274417,world,2.0530468837590887,0.10322385000381473,world,1.7360232102591544,0.099418644308098,world
stiff_low,neither,90057,False,False,,1.0,0.0,,76,0.061977879609912634,0.0664314329624176,world,0.15637963274493816,0.09766879740054718,world,0.2955139499623328,0.09117702739022207,world,0.7465976665029302,0.08408503188402391,world,2.0476153348688966,0.08932629474438727,world,1.7106195892067628,0.09359580673044547,world
stiff_low,neither,90058,False,False,,1.0,0.0,,61,0.0676741972565651,0.061928431037813425,world,0.17556290309876205,0.08123055528849363,world,0.3352738845162094,0.09961374388076365,world,0.8570471567567437,0.1122221806435846,world,2.131833808752708,0.11231343654944793,world,1.7428911499213426,0.10759552810777677,world
stiff_low,neither,90059,False,False,,1.0,0.0,,62,0.07217134814709425,0.06700172554701567,world,0.2028143810108304,0.09077981777954847,world,0.37764370078220966,0.10133881915244274,world,0.9184397489298135,0.10589287346374476,world,2.2154582008952275,0.10677720627063536,world,1.7029347694013268,0.10628136179962894,world
stiff_low,neither,90060,False,False,,1.0,0.0,,62,0.047291600378230214,0.041090319282375276,world,0.14285492212511597,0.0735434614121914,world,0.2748209248529747,0.10370819031377324,world,0.6744981413357891,0.09736486613110173,world,1.8753355790686328,0.10361731903685723,world,1.7045562071655878,0.10516694476973498,world
stiff_low,neither,90061,False,False,,1.0,0.0,,80,0.06393159087747335,0.08202696847729385,world,0.1720098824240267,0.10227248556911947,world,0.3214376718271524,0.10884009996661917,world,0.8348721632966771,0.11066417312249541,world,2.130929222062696,0.1161435491143493,world,1.7731062277080492,0.11901153494778555,world
stiff_low,neither,90062,False,False,,1.0,0.0,,66,0.07094150129705667,0.08349716011434793,world,0.1816505031660199,0.10778725882992149,world,0.3355424632318318,0.10419694916345179,world,0.843190103257075,0.0961503524275031,world,2.1399608482839536,0.09456362700730096,world,1.745502065094188,0.0984719582728576,world
stiff_low,neither,90063,False,False,,1.0,0.0,,62,0.07921548932790756,0.040775574365397915,world,0.17540827859193087,0.07637986500631086,world,0.3323940814472735,0.09188372947683092,world,0.8067877077031881,0.10272617136797635,world,2.118641084828414,0.12200388218843727,world,1.7524419450107962,0.1293714377176366,world
stiff_low,neither,90064,False,False,,1.0,0.0,,72,0.08011259883642197,0.06347385502886027,world,0.21543944478034974,0.09718775332439691,body,0.40379987582564353,0.11091167417471298,body,0.9985683880746364,0.10870657069899607,body,2.3225204359740017,0.11290319248073502,body,1.6688278616964818,0.12724281249451452,world
stiff_low,neither,90065,False,False,,1.0,0.0,,63,0.09388164058327675,0.06945719569921494,body,0.21481119412928817,0.0959980713087134,body,0.39107148284092547,0.09650238067260944,body,0.979263273673132,0.08375400582153816,body,2.2463489886606114,0.08809697360411518,world,1.7528408495429904,0.09784672904992477,world
stiff_low,neither,90066,False,False,,1.0,0.0,,61,0.06906630145385861,0.05565236310940236,world,0.16774085061624644,0.07334927731426433,world,0.30996419102884826,0.07688755369163117,world,0.7915963263483718,0.07841652674833313,world,2.0913829159573654,0.08774430250341539,world,1.7284685013676062,0.10680392185226083,world
stiff_low,neither,90067,False,False,,1.0,0.0,,71,0.058179115410894156,0.09269821434281766,world,0.17849196288734676,0.12478784759878181,world,0.34134382726624607,0.11628171920019668,world,0.8498334458563477,0.12064527361508226,world,2.17439994730521,0.11482191804516334,world,1.7226349661219866,0.11623612628383853,world
stiff_low,neither,90068,False,False,,1.0,0.0,,76,0.05577428173273802,0.07154430642549414,world,0.1722720429301262,0.09491826176235918,world,0.32914585769176485,0.10091093130904483,world,0.8083421513438225,0.10216771697232616,world,2.0956033814698456,0.10270673804661784,world,1.6808469450473784,0.10084458135082969,world
stiff_low,neither,90069,False,False,,1.0,0.0,,70,0.08006056840531528,0.07792781619355083,world,0.16592298164032399,0.08609886807389558,world,0.301196249644272,0.10010442209313623,world,0.7637517020455562,0.09591891118616332,world,2.052884225937305,0.09756963805266423,world,1.7544749765167942,0.09811297040781937,world
stiff_low,neither,90070,False,False,,1.0,0.0,,76,0.06787504674866796,0.0563611927209422,world,0.1557707048021257,0.09278834651922807,world,0.30046172975562513,0.10348812656011433,world,0.7636996843619273,0.10281514552189037,world,2.0313043333939276,0.10243747742497362,world,1.7275398229202255,0.1000185435131425,world
stiff_low,neither,90071,False,False,,1.0,0.0,,77,0.06211280613206327,0.06724793370813131,world,0.1591927609872073,0.11661314390948974,world,0.30987137609627097,0.11917768274142872,world,0.7687598059768788,0.12013833095988957,world,2.064621849864489,0.12206650962252752,world,1.7358381694345737,0.12533422505075578,world
stiff_low,neither,90072,False,False,,1.0,0.0,,70,0.04750186251476407,0.05855355056701228,world,0.15039939982816575,0.07455977951176465,world,0.28085572286508975,0.07866190744098277,world,0.673319763573818,0.08264839937619399,world,1.9595067858113908,0.0897964727555518,world,1.6674289548164234,0.10728487460000906,world
stiff_low,neither,90073,False,False,,1.0,0.0,,80,0.060841623693704605,0.0762732089497149,world,0.17072006911039353,0.08001020213705487,world,0.3380447220057249,0.08929200781567487,world,0.8574835071340203,0.09195649305329426,world,2.141470202151686,0.08796688003785674,world,1.7616521899029611,0.0954652642068686,world
stiff_low,neither,90074,False,False,,1.0,0.0,,67,0.0866025728173554,0.07713981019333005,body,0.2334557916969061,0.1123449825681746,body,0.43766348231583835,0.10782870701514184,body,1.087659461144358,0.10765627063810826,body,2.4191027705091983,0.1195398731768364,body,1.8095777779258786,0.12891095037572087,world
stiff_low,neither,90075,False,False,,1.0,0.0,,71,0.05826356774196029,0.059406114276498556,world,0.15826452048495412,0.06688096533180214,world,0.2876528341788799,0.08398069130780642,world,0.7112024769419805,0.09982153363671387,world,1.9728289988008327,0.10689697448760853,world,1.7048624633299188,0.10610568376694574,world
stiff_low,neither,90076,False,False,,1.0,0.0,,75,0.07981195440515876,0.07507394778076559,world,0.21346654938533904,0.10632650300394744,body,0.40730801061727107,0.14067813348956404,body,1.0461705944733695,0.14094923466909676,body,2.3600475497194564,0.1434664363914635,body,1.7485284323850647,0.1595364812517073,world
stiff_low,neither,90077,False,False,,1.0,0.0,,63,0.06193553702905774,0.06163543788716197,world,0.1615701605565846,0.07298194625182078,world,0.3057614764664322,0.07327163216541521,world,0.7486380062298849,0.0902316273219185,world,2.0772253222414294,0.08541942025913159,world,1.7056492075929417,0.09038394100716687,world
stiff_low,neither,90078,False,False,,1.0,0.0,,63,0.077881651930511,0.07442363677546382,world,0.1977786049246788,0.07491743792779743,world,0.3755642496049404,0.0796185658487957,world,0.9122449779883026,0.09885961986437906,world,2.252562500257045,0.11426326313085156,world,1.9313327494636177,0.12765331846487243,body
stiff_low,neither,90079,False,False,,1.0,0.0,,64,0.06485668756067753,0.08801813377067447,world,0.16628414690494536,0.08444785801693797,world,0.3262235298752785,0.08532654530135915,world,0.8534681983292103,0.09194937151332852,world,2.1369189068675043,0.09111340251838557,world,1.7922164124250413,0.09495850697043351,world
stiff_low,neither,90080,False,False,,1.0,0.0,,78,0.05687651736661792,0.06153763213660568,world,0.1655933104455471,0.085506514494773,world,0.3054394392296672,0.0919206575548742,world,0.7779803051613272,0.09348157631902723,world,2.0761013734620066,0.08836297785164787,world,1.7702043354324997,0.0941124192404095,world
stiff_low,neither,90081,False,False,,1.0,0.0,,79,0.05711337295360863,0.08390357228927314,world,0.18597484943456946,0.11298568441998214,world,0.3681520926067605,0.11758263041265309,world,0.9404437889461406,0.12173722052248194,world,2.2075272238405885,0.12026159285887844,world,1.812425381562207,0.12282243673049378,world
stiff_low,neither,90082,False,False,,1.0,0.0,,76,0.05225009145215154,0.05841703957412392,world,0.15602924181148412,0.08002559763845056,world,0.3054734793957323,0.07702102437615395,world,0.8156584790674969,0.08680474075954407,world,2.0864085595472712,0.09792260769609129,world,1.7578040285175667,0.11936300872359426,world
stiff_low,neither,90083,False,False,,1.0,0.0,,74,0.07110343733802438,0.08446705946698785,world,0.17358385780826213,0.09024440201465041,world,0.33200189196504654,0.10322164491517469,world,0.8493588731857017,0.09629082424507941,world,2.1446058378205635,0.09865076757123462,world,1.7758277092361823,0.09808320327603723,world
stiff_low,neither,90084,False,False,,1.0,0.0,,73,0.04834950924851,0.06411126494640484,world,0.14141171765513716,0.06984650270314888,world,0.2729866931447759,0.07831406430341303,world,0.7006948453490622,0.0831956299196463,world,2.0059465973230544,0.08819809712877032,world,1.7151228020549751,0.09915566981886513,world
stiff_low,neither,90085,False,False,,1.0,0.0,,72,0.058822918217629194,0.07748840376734734,world,0.16987039549276234,0.06389922710950487,world,0.32388169928453864,0.08401953408902046,world,0.8272772394819186,0.0927750928865862,world,2.11125335622346,0.09871868344707763,world,1.7994840149721132,0.09867006481421411,world
stiff_low,neither,90086,False,False,,1.0,0.0,,63,0.0565476652700454,0.0519924151012674,world,0.16727887061424554,0.05885765652637929,world,0.3087355118477717,0.06776170643570367,world,0.78154399265768,0.07204197233513696,world,2.049313419783721,0.07258416771219345,world,1.7656925187655723,0.07407475349958986,world
stiff_low,neither,90087,False,False,,1.0,0.0,,66,0.06247322587296367,0.0759236584417522,world,0.2070970474742353,0.10077564953826368,world,0.38412632751278575,0.1111665017902851,world,0.9479426944395528,0.12217804125393741,world,2.2187836122582665,0.12844129878649255,world,1.792235214295797,0.1291369162639603,world
stiff_low,neither,90088,False,False,,1.0,0.0,,75,0.0711338990367949,0.05713761830702424,world,0.19329010220244527,0.08224778191652149,world,0.36849950649775565,0.08059109592286404,world,0.9160721765132621,0.09035140470223268,world,2.2209119033650495,0.0952370231068926,world,1.753457575761713,0.10382645589284947,world
stiff_low,neither,90089,False,False,,1.0,0.0,,62,0.0656736926175654,0.07969784713350236,world,0.18369274400174618,0.13178808486554772,world,0.36172883994877336,0.1326511409599334,world,0.9152233919128776,0.14950762986554766,world,2.2298239457421007,0.16065543918375624,world,1.769636213891208,0.1556029280849907,world
stiff_low,neither,90090,False,False,,1.0,0.0,,68,0.06507481820881367,0.045285023108590394,world,0.1746455227956176,0.07871122490614653,world,0.3242212447337806,0.0890713969245553,world,0.8010223632212727,0.10386205366230569,world,2.087457464146428,0.09910735245211982,world,1.7383784533571451,0.10221835390228079,world
stiff_low,neither,90091,False,False,,1.0,0.0,,77,0.07177934190258384,0.06710096122696996,world,0.19246400287374854,0.06519166762009264,world,0.365026282472536,0.077742205245886,world,0.8805325343972072,0.0958453275845386,world,2.2116760648670604,0.10702280968398555,world,1.7625469608558342,0.10687842443468981,world
stiff_low,neither,90092,False,False,,1.0,0.0,,68,0.06865799287334085,0.06550802197307348,world,0.1837392478249967,0.09385804808698595,world,0.3492409862112254,0.09916869930457324,world,0.8347531309118494,0.12110527213662863,world,2.0605709685827605,0.13513426943209195,world,1.7511945057241247,0.13660098999840556,world
stiff_low,neither,90093,False,False,,1.0,0.0,,64,0.08652299735695124,0.07207927736453712,body,0.23823157511651516,0.09492390188388528,body,0.45575755890458824,0.10306041028816254,body,1.1087133090011776,0.11042356492835097,body,2.375100811710581,0.1329168895521434,body,1.7935359709896148,0.15500601705629377,world
stiff_low,neither,90094,False,False,,1.0,0.0,,69,0.06120696244761348,0.05715623137075454,world,0.17276803264394403,0.10301573937758804,world,0.32253266242332757,0.11136443672003224,world,0.8071435718098655,0.11159333903924562,world,2.0956980987568388,0.1143097720130754,world,1.7054439437063411,0.11840875469410093,world
stiff_low,neither,90095,False,False,,1.0,0.0,,61,0.05583383026532829,0.03962379856966436,world,0.14386654826812445,0.06782666998915375,world,0.26716597338672726,0.08233653167262674,world,0.664458529453259,0.08621701609517914,world,1.9090788799279834,0.08618498820615059,world,1.7030706391087733,0.08873019165053847,world
stiff_low,neither,90096,False,False,,1.0,0.0,,62,0.04405329946894199,0.0904732751660049,world,0.15704441277775916,0.09005535282194616,world,0.3183835244853981,0.1003966928634327,world,0.8318700026313308,0.10649564711202401,world,2.172653593288851,0.1164323785182205,world,1.7815325601317453,0.11590621441660914,world
stiff_low,neither,90097,False,False,,1.0,0.0,,61,0.061918046325445175,0.06388445291668177,world,0.18476084172725676,0.0848490197909996,world,0.3689358998090029,0.09447968143504112,world,0.9619527013972402,0.10267792785307392,world,2.2294931122101844,0.11717771826006355,world,1.8359212581440807,0.11798876433284021,body
stiff_low,neither,90098,False,False,,1.0,0.0,,70,0.06492530577816069,0.050059498636983335,world,0.16254988643340768,0.07299928402062505,world,0.3083380533149466,0.0875573622644879,world,0.7592368929530493,0.10126089790574042,world,2.036730453692144,0.1050239625001268,world,1.8540405905037187,0.10533815803733887,body
stiff_low,neither,90099,False,False,,1.0,0.0,,79,0.06188180041499436,0.030905765539500862,world,0.17024594158865514,0.06361015590664465,world,0.31906736840028316,0.10275317958003144,world,0.738801001070533,0.12950170732292463,world,2.0163553107820915,0.13396401672835057,world,1.7113703785208054,0.1293738761417626,world
stiff_low,neither,90100,False,False,,1.0,0.0,,62,0.045944186160340905,0.06824715388938785,world,0.154857379803434,0.06678761194343678,world,0.29722380538005383,0.07379706897481811,world,0.7712032970623113,0.07974312700825975,world,2.0534458512731364,0.08294782400334952,world,1.736280590679962,0.08460174325620755,world
stiff_low,neither,90101,False,False,,1.0,0.0,,62,0.0591169826220721,0.05779771436937153,world,0.1798725265543908,0.07259790091775357,world,0.3400763096055016,0.07852790234610438,world,0.8454931662301532,0.07321611804363784,world,2.1274539098551033,0.0748605855696951,world,1.7358216577931307,0.08423605983203743,world
stiff_low,neither,90102,False,False,,1.0,0.0,,63,0.06155778421089053,0.07172336359508336,world,0.17642247090116142,0.08243896961212158,world,0.32809114889241753,0.08309723590500652,world,0.826789043773897,0.09324132540496066,world,2.0909558854647914,0.09845507028512657,world,1.7902957007149234,0.1058221970188606,world
stiff_low,neither,90103,False,False,,1.0,0.0,,62,0.07354129431769252,0.06747484661173075,world,0.17840412193909289,0.08935569992172532,world,0.3287126755807549,0.09474231438653077,world,0.8269972040550784,0.10224831278173951,world,2.0708405892946757,0.10976896671345457,world,1.7719916612515225,0.10697547311894595,world
stiff_low,neither,90104,False,False,,1.0,0.0,,72,0.06403459003195167,0.06991383456625044,world,0.1723552721552551,0.10453076981939376,world,0.3219182876404375,0.09473271816968917,world,0.8163805569289252,0.09091076676559169,world,2.0985681699006817,0.09162646709737601,world,1.7484765464579688,0.09926897808793,world
stiff_low,neither,90105,False,False,,1.0,0.0,,74,0.08059758646413684,0.062092297710478306,world,0.2011527474038303,0.07972838380374014,world,0.37438956401310863,0.07024878831580282,world,0.9519808455137535,0.07767366414191201,world,2.2384513757540843,0.0805398830008926,world,1.771580215371214,0.08749269596650265,world
stiff_low,neither,90106,False,False,,1.0,0.0,,79,0.05810717376880348,0.06362290494143963,world,0.1828957367222756,0.10264744027517736,world,0.3377680768957362,0.1094679819769226,world,0.8815451784874313,0.12393979726475664,world,2.1073526072723325,0.11652848938247189,world,1.7883709506480954,0.10768219855614007,world
stiff_low,neither,90107,False,False,,1.0,0.0,,79,0.057723627891391516,0.07047472088015638,world,0.1658722825348377,0.08941366128274239,world,0.31492139399051666,0.10610312208591494,world,0.8168399535119534,0.09624572930188152,world,2.0857869539409872,0.10519896772239007,world,1.7531355983018875,0.10620221576042241,world
stiff_low,neither,90108,False,False,,1.0,0.0,,64,0.05222064722329378,0.058018463430926204,world,0.14900420159101488,0.07425390975549817,world,0.28002766743302343,0.08793337796232664,world,0.6920567069202661,0.09848240922729018,world,1.9849655164405702,0.11151686363009503,world,1.7174971952289342,0.11196215077012311,world
stiff_low,neither,90109,False,False,,1.0,0.0,,66,0.0870523452758789,0.09161947900429368,body,0.19266191124916077,0.10725052462657914,world,0.3756046880036592,0.11397883202298545,world,0.9774770619347692,0.11705419077479746,world,2.22073993915692,0.12068127524835291,world,1.78997270103544,0.1154507777321851,world
stiff_low,neither,90110,False,False,,1.0,0.0,,60,0.07172375335358083,0.056169010465964675,world,0.16796126286499202,0.07478937907144427,world,0.30940712688025085,0.0950640436494723,world,0.7828013520571404,0.09647069522761739,world,2.04143599550589,0.09546706425389856,world,1.7569799263752066,0.10176908247784014,world
stiff_low,neither,90111,False,False,,1.0,0.0,,76,0.06267747608944774,0.05962152825668454,world,0.15177141362801194,0.10155243792105467,world,0.29062566296197473,0.11093274838349317,world,0.7419807001249865,0.11400005498580867,world,1.9858263622620143,0.12270287022183765,world,1.729820586652495,0.1258842316668597,world
stiff_low,neither,90112,False,False,,1.0,0.0,,69,0.06695122644305229,0.10276732931379229,world,0.21152491662651302,0.09034988516941667,body,0.39492666507139806,0.09018293856643139,body,0.972760483669117,0.08821143042878248,world,2.24413588384632,0.0929662262860802,world,1.7958622777555138,0.10219494831369957,world
stiff_low,neither,90113,False,False,,1.0,0.0,,60,0.07749609649181366,0.07273340015672147,world,0.20036838054656983,0.08963881337549537,world,0.385549945756793,0.10557555252453311,world,0.9560266418382526,0.12437948407023214,world,2.278326380159706,0.1341593790886691,world,1.7652140940353274,0.14262021430651659,world
stiff_low,neither,90114,False,False,,1.0,0.0,,65,0.05520817218348384,0.04741728160297498,world,0.15169637696817517,0.07771793626016006,world,0.2854053302202374,0.10265956216608174,world,0.7116457994328812,0.09828351557516726,world,1.9631557294749655,0.10868712242881884,world,1.6865100341150536,0.11836744552827441,world
stiff_low,neither,90115,False,False,,1.0,0.0,,77,0.06643190025351942,0.07384403282776475,world,0.17329245223663747,0.10484724030829966,world,0.32983869209419936,0.13255792710697278,world,0.8498654274619184,0.13216875042417087,world,2.089925981609849,0.12666946089302655,world,1.7853355799312705,0.12698492470313794,world
stiff_low,neither,90116,False,False,,1.0,0.0,,75,0.06287228921428323,0.08326277486048639,world,0.17429819321259857,0.08596624694764614,world,0.3203148576896637,0.08865281104808673,world,0.8115188924362883,0.09581177214276976,world,2.093524887308013,0.11084520516742487,world,1.7862358703045174,0.11214671124369488,world
stiff_low,neither,90117,False,False,,1.0,0.0,,79,0.06301335874013603,0.06296951469266787,world,0.13987060417421163,0.07541451995493845,world,0.262722671427764,0.07645645008888095,world,0.6777279302594252,0.0826811885490315,world,1.980633075913647,0.08575780486135046,world,1.730316947849933,0.09052586227189749,world
stiff_low,neither,90118,False,False,,1.0,0.0,,68,0.07882350264117122,0.060447303229011595,world,0.2366024292074144,0.0879201345378533,body,0.44363847929053013,0.09830933485063724,body,1.071839006780647,0.11018853035930079,body,2.346432621299755,0.11132081962568918,body,1.7905257593421264,0.11431384622526822,world
stiff_low,neither,90119,False,False,,1.0,0.0,,69,0.025723866769112647,0.10459269781131297,world,0.04353688552509993,0.27129500737646595,world,0.05412385645322501,0.37470146737759935,world,0.055589802336180584,0.537324747403909,world,0.056787985461414794,0.6406541968077364,world,0.05988894633599557,0.6906705371889984,world
stiff_low,body_only,90120,True,False,m,1.5891995503048728,0.0,,74,0.12749108066782355,0.1824032759759575,body,0.43126002652570605,0.5335338563774713,body,0.7973668064456434,0.9360315807105507,body,1.564770085341297,1.4640579888568028,body,2.3345157073228617,2.0021298042018314,body,1.6846244457014836,2.1915634323837003,world
stiff_low,body_only,90121,True,False,l,1.4812383451425903,0.0,,60,0.11012310860678554,0.11420199228450656,body,0.39777833661064504,0.40088183181360365,body,0.7273905294947325,0.7638376090675592,body,1.3984642275143413,1.3079757314175366,body,2.063378627132624,1.8433112890459595,world,1.4390421823668293,1.942278689034283,world
stiff_low,body_only,90122,True,False,m,1.577333311441059,0.0,,60,0.13137332629412413,0.15201042435364798,body,0.41588677717372774,0.4855316129163839,body,0.7794186683837324,0.9161983432539273,body,1.4565312492428348,1.4492830160452286,body,2.071859452244826,1.9393167447720772,world,1.3939864175545518,1.9913082566094817,world
stiff_low,body_only,90123,True,False,l,1.2659873041674827,0.0,,78,0.1055456637404859,0.04443560994695872,body,0.3567263496108353,0.062098865094594655,body,0.6820411047432571,0.07804300278658047,body,1.6153690728591756,0.08821482054772786,body,2.9050254972302354,0.2019426690385444,body,2.8899613600829612,1.0079376463394147,body
stiff_low,body_only,90124,True,False,m,1.4143549642821072,0.0,,79,0.12544042617082596,0.17910803179256618,body,0.3807751615531743,0.4878868547035381,body,0.6665733016794546,0.7788737797061913,body,1.2776901714270934,1.2822336622688453,body,1.7210797170584555,1.717024050359032,world,1.1117536257952452,1.7607221024052708,world
stiff_low,body_only,90125,True,False,l,1.4086180240535773,0.0,,63,0.14379310049116611,0.13323392998427153,body,0.39012245349586006,0.4004270845558494,body,0.7054432864300906,0.7392428098479286,body,1.3522222313564272,1.2549389399704522,body,2.0124204258085228,1.7805941539874766,world,1.3831265871436336,1.8847081924253142,world
stiff_low,body_only,90126,True,False,m,1.6448408546174003,0.0,,68,0.12415459926705807,0.22734609432518482,body,0.38006070235278455,0.6212900853715837,body,0.665416027174797,1.0060636193637038,body,1.1720442841004113,1.5580877368411163,body,1.4022581390250708,1.8687083042030281,world,0.8686835358710959,1.8300726719308296,world
stiff_low,body_only,90127,True,False,l,1.4986137896780058,0.0,,61,0.1599176898598671,0.1570155273657292,body,0.43634799038991334,0.4436005772091448,body,0.7862711468245833,0.7677505481988192,body,1.5346778776263816,1.288434904278256,body,2.2320415445487014,1.864770557556767,world,1.7233422074682312,2.0482284393208103,world
stiff_low,body_only,90128,True,False,m,1.416558817025714,0.0,,64,0.13943142676725984,0.15589504485251382,body,0.42455177558586005,0.49057192738400773,body,0.7814640938304365,0.8213205731532071,body,1.5371296080294994,1.3013601848419056,body,2.2339368971413935,1.799589483185264,world,1.527545417966321,2.0083743387187134,world
stiff_low,body_only,90129,True,False,l,1.38378853736242,0.0,,68,0.08951490896288306,0.12976612447528169,body,0.29046850497834387,0.40602169643389063,body,0.5182448020204902,0.6837072626367443,body,0.9165379944024608,1.1383132024973748,world,1.1268933424784335,1.4336681694454456,world,0.7323477976350116,1.4755403794438462,world
stiff_low,body_only,90130,True,False,m,1.4756383192437175,0.0,,71,0.11875233147293329,0.16835695668123662,body,0.31670045498758553,0.4907788805197924,body,0.5269560988526791,0.849816499161534,body,0.7996463867602869,1.2575988680466252,world,0.8023352411924861,1.4321583457156521,world,0.44223885671701285,1.4276126196251426,world
stiff_low,body_only,90131,True,False,l,1.3606013397692742,0.0,,80,0.1322380192577839,0.14551155758090317,body,0.40665113888680937,0.3832150489790365,body,0.7759359084069729,0.6474183226819151,body,1.584202632959932,1.1131440238968935,body,2.4777698984835297,1.6578933593322291,body,1.8338000187533907,2.0084984646167143,body
stiff_low,body_only,90132,True,False,m,1.3052923183294922,0.0,,64,0.14425721089355648,0.1442099607666023,body,0.43710230304859576,0.3862560230540112,body,0.8222026576055214,0.6510467935469934,body,1.7563430247246288,1.0963972444005774,body,2.757282681361539,1.5959600599046098,body,2.1354019376519133,2.101885516365291,body
stiff_low,body_only,90133,True,False,l,1.3207448067237653,0.0,,67,0.13016936974599957,0.11893502669408917,body,0.4077580827288329,0.34807455528061837,body,0.8047745437826961,0.6367577830213123,body,1.6652695425553248,1.0575959860521835,body,2.6202127128257415,1.5663915095472474,body,1.9037854764936493,1.9640978178975637,body
stiff_low,body_only,90134,True,False,m,1.4561368550822151,0.0,,64,0.13593280734494328,0.1575020351447165,body,0.42769809952005744,0.4707572498824447,body,0.7996014327276498,0.8491717134369536,body,1.5669066075468434,1.3194437105557881,body,2.3075877223163848,1.8212833394936752,body,1.5964486062759533,2.0412280713650395,world
stiff_low,body_only,90135,True,False,l,1.4036352699808552,0.0,,79,0.13002283265814185,0.1275475745787844,body,0.45705600855872036,0.33952216964680704,body,0.8620027677621693,0.5954203354427591,body,1.77850170226302,1.0759579663048497,body,2.8032961664604956,1.6105659495748115,body,2.1955743081588297,2.0760888707521374,body
stiff_low,body_only,90136,True,False,m,1.3752498406372067,0.0,,68,0.1070300551946275,0.15784573182463646,body,0.3706540703657083,0.4319303758908063,body,0.6873975078051444,0.7283159637590871,body,1.3861628407466924,1.2498308837064542,body,2.0505710111683584,1.7394743789744098,world,1.4081921624782263,1.90308137164684,world
stiff_low,body_only,90137,True,False,l,1.3180944856558197,0.0,,66,0.12689263559877872,0.12132071563974023,body,0.42098970152437687,0.34243783906567843,body,0.7962957276031375,0.5800678213243373,body,1.6936147416010499,1.0280019921076018,body,2.7642726596444844,1.5489607652096309,body,2.2193165953655263,2.0425847467931453,body
stiff_low,body_only,90138,True,False,m,1.3737292058898571,0.0,,76,0.14075377117842436,0.11505903047509491,body,0.42600003760308025,0.34138198767323047,body,0.8357503881677986,0.6472296510590241,body,1.7497109079966322,1.0871497355314204,body,2.87824049043702,1.60238119771966,body,2.1760093635506927,2.14780696192116,body
stiff_low,body_only,90139,True,False,l,1.2231365368057392,0.0,,78,0.06969184055924416,0.04254773067077622,world,0.23070669621229173,0.050921687047230074,body,0.45424041748046873,0.055249440230545586,body,1.1553723979741335,0.059144645727064925,body,2.4263774590566753,0.07112797072986723,body,2.1553666304051875,0.4466766690291115,body
stiff_low,body_only,90140,True,False,m,1.5903123576273737,0.0,,77,0.14474477199837565,0.18202878069132566,body,0.4420149798505008,0.5324864623136819,body,0.7843763034325093,0.9333596485434099,body,1.4629713549977168,1.4484728569048455,body,2.0195999098417814,1.93524083380471,world,1.3394223445747047,1.9662642569909803,world
stiff_low,body_only,90141,True,False,l,1.3983126255738383,0.0,,68,0.13213059213012457,0.14118315768428147,body,0.4185634030029177,0.35203814022243024,body,0.7942048977129161,0.6385453354101628,body,1.6635390121024103,1.097899540606886,body,2.7025877526728435,1.6239371720468627,body,2.1163026222377086,2.049583749761805,body
stiff_low,body_only,90142,True,False,m,1.5588960124158446,0.0,,77,0.09358791285194457,0.15232724975794554,body,0.3249302836833522,0.4521732750348747,body,0.6002273728488945,0.84845139865065,body,0.9683013099886012,1.3435556910641024,world,1.0675194852199639,1.541226938695763,world,0.6520628434221726,1.5252411572553684,world
stiff_low,body_only,90143,True,False,l,1.3381767659159343,0.0,,76,0.14826233871281147,0.11812833196017891,body,0.4486477196216583,0.34228220421355215,body,0.8448223046958446,0.594646302505862,body,1.7745405179448426,1.0521096013893838,body,2.779047206835821,1.5883848714613122,body,2.2979724175087175,2.0937948209780735,body
stiff_low,body_only,90144,True,False,m,1.4340779419258376,0.0,,78,0.15021370444446802,0.14935295254690573,body,0.43889947962015863,0.43346409680088976,body,0.8251959626097232,0.7360495558648835,body,1.6800913169281557,1.2007666170218727,body,2.569141042942647,1.7194007182770292,body,1.8373512318939902,2.0912820385507076,body
stiff_low,body_only,90145,True,False,l,1.3732457116762027,0.0,,79,0.1281731012277305,0.10446034432970919,body,0.39351801620796323,0.3428981838107575,body,0.7517288631293924,0.6360544290073449,body,1.5653800492407755,1.0977391228618218,body,2.651930483581964,1.6187822662795952,body,2.0477528677764347,2.0515826526485035,body
stiff_low,body_only,90146,True,False,m,1.4659264726975494,0.0,,73,0.0888354042544961,0.16215364483650774,body,0.27951124040409925,0.46287032605614514,body,0.5027039533539209,0.8391767833614723,body,0.8047906828083796,1.254786388465436,world,0.8542048122486449,1.4132109907266568,world,0.4851311246486148,1.3961724679678447,world
stiff_low,body_only,90147,True,False,l,1.3697174281168265,0.0,,61,0.12183230696246028,0.1442905649309978,body,0.35216183755546804,0.43494123488198966,body,0.6514534818939864,0.7648023353074678,body,1.2469314186600968,1.2277312773338052,body,1.8155555860023016,1.6835543186665745,world,1.2017963485885412,1.7578748073347379,world
stiff_low,body_only,90148,True,False,m,1.3038571531689942,0.0,,77,0.10558312403736636,0.1611280390061438,body,0.3185937458416447,0.40843371376395227,body,0.5879382301238366,0.677447289635893,body,1.1397227057546844,1.1444640862231608,body,1.5693672475317726,1.5334327648510224,world,1.003008027909091,1.59371391255263,world
stiff_low,body_only,90149,True,False,l,1.2823864181574816,0.0,,69,0.10781471058726311,0.08439838589401916,body,0.41329715251922605,0.24702591163368198,body,0.8181022889912128,0.49741835029926734,body,1.756817236635834,0.9161946512951544,body,2.9269160382449626,1.4471523144611638,body,2.3871800582949074,2.022942020608243,body
stiff_low,body_only,90150,True,False,m,1.371260065573264,0.0,,77,0.11254887958057225,0.1497959743719548,body,0.3674546134658158,0.41024879148462784,body,0.6991032320074737,0.7461131459393073,body,1.3484862924902699,1.2425802377198125,body,2.0165219302580226,1.719474091597658,world,1.3255723446630874,1.8340560563845794,world
stiff_low,body_only,90151,True,False,l,1.2751118713228489,0.0,,67,0.08682995138224214,0.1336119209881872,body,0.25938839025329796,0.39250443112687206,body,0.5113771076430567,0.6902050797856645,body,0.9330981618666555,1.1074630074683227,world,1.235940489274799,1.430291490196396,world,0.7450068439648021,1.476766222797014,world
stiff_low,body_only,90152,True,False,m,1.3717293620024857,0.0,,77,0.13877985766157508,0.1334124819841236,body,0.4321789825335145,0.3973041070625186,body,0.8218735021073371,0.6697301309206523,body,1.7617583039449527,1.1258449662127532,body,2.780092881212477,1.6212152306048666,body,2.078616730473004,2.1280452649691144,body
stiff_low,body_only,90153,True,False,l,1.3777582765834164,0.0,,63,0.1151018482632935,0.14599797630216926,body,0.38236614493653176,0.4140327311353758,body,0.7387283218558877,0.7560661839903333,body,1.4715076723834501,1.2363293862727005,body,2.2858618330559692,1.7721425700379767,body,1.5858586820866913,1.9892846734600607,world
stiff_low,body_only,90154,True,False,m,1.3240528558094946,0.0,,61,0.12697917316108942,0.09704209072515368,body,0.42346365805715325,0.22497519352473316,body,0.820886357780546,0.38191903240513064,body,1.781622048234567,0.7920795547426678,body,2.9701459957985206,1.3036736821348314,body,2.585997714903206,1.92664578611264,body
stiff_low,body_only,90155,True,False,l,1.2616156540457863,0.0,,75,0.1093164156191051,0.13887545792385936,body,0.3521101110614836,0.3700330204796046,body,0.7090486384462564,0.6523873082129285,body,1.4863009485183283,1.0599399379687384,body,2.49817774372641,1.562020506558474,body,1.8098017298057676,1.9609531020512803,world
stiff_low,body_only,90156,True,False,m,1.53054519222226,0.0,,80,0.12013096711598337,0.20654359948821366,body,0.3499288981314748,0.5364124600309879,body,0.6104905624175444,0.8358219990739599,body,1.0847044225898572,1.3820757873589173,body,1.2013454199710396,1.6474056356586515,world,0.8133585139806382,1.6282740427192768,world
stiff_low,body_only,90157,True,False,l,1.488929027680533,0.0,,67,0.1255503543652594,0.15980953758116812,body,0.38958556987345216,0.42772815709467976,body,0.738222656212747,0.7449774775537662,body,1.4239509394392371,1.288665332266828,body,2.189304820401594,1.850877916996251,world,1.5965289924154056,2.0075203449267427,world
stiff_low,body_only,90158,True,False,m,1.4010988441285952,0.0,,76,0.1394710666500032,0.14015258522704244,body,0.4215842810925096,0.39268368075136095,body,0.7937130785314366,0.7459221373428591,body,1.5971732985577547,1.2461634441802745,body,2.407976959313965,1.74601660638873,body,1.6881968223350123,2.031915973305004,world
stiff_low,body_only,90159,True,False,l,1.3983826888544335,0.0,,76,0.1153570122551173,0.13274695980362594,body,0.3619658529758453,0.36682014893740417,body,0.7242506800219417,0.6504045220091939,body,1.4769144202582538,1.1628815223928541,body,2.425485450704582,1.7147528005531056,body,1.7893451682315207,2.0124513706471774,world
stiff_low,body_only,90160,True,False,m,1.6346395142175347,0.0,,78,0.1538217500783503,0.20129684684798121,body,0.43891921069007367,0.5066699522081762,body,0.8196649789228104,0.8786605536239223,body,1.608830764022423,1.511989639524836,body,2.2312757031380896,2.0213871508894954,world,1.6336346332740503,2.1131916689150967,world
stiff_low,body_only,90161,True,False,l,1.4627355647267428,0.0,,75,0.14126100623980165,0.1536481020739302,body,0.4150563682429493,0.432376801664941,body,0.7559557567816229,0.7396731092012487,body,1.4683357991976664,1.242060373321874,body,2.201278958807234,1.8022737768333172,world,1.571738435169682,1.9929382118897048,world
stiff_low,body_only,90162,True,False,m,1.3110427449584228,0.0,,70,0.12337003089487553,0.05077572085428983,body,0.3947700630873442,0.07887391576077789,body,0.7594996323809028,0.10003227577544749,body,1.839552420657128,0.22081617757212368,body,3.2961402194108813,0.6044835911132396,body,2.943832608368248,1.3992255689576267,body
stiff_low,body_only,90163,True,False,l,1.4308898612160117,0.0,,78,0.14255246706306934,0.14336643274873495,body,0.39676831727847456,0.39812335032038393,body,0.7161357895005495,0.7250809495104477,body,1.3787508238339796,1.2562871693517081,body,2.0621173478313723,1.7929168139991818,world,1.4401373715163208,1.9199542572884822,world
stiff_low,body_only,90164,True,False,m,1.439856144676443,0.0,,68,0.12766286451369524,0.16971174906939268,body,0.4045156145468354,0.42496549608185885,body,0.7593600227031856,0.724200045503676,body,1.5790284611983225,1.2722550201928242,body,2.390467649733182,1.8029424045118505,body,1.8120112098893149,2.123006218667142,world
stiff_low,body_only,90165,True,False,l,1.2997648895781109,0.0,,62,0.10199259268119931,0.025351344025693834,body,0.32412794465199113,0.052987604017835116,body,0.6192574248183519,0.05577039257041179,body,1.512691255309619,0.08599960197461769,body,2.904401171777863,0.29933294799557186,body,2.731718378220685,1.1370487650862198,body
stiff_low,body_only,90166,True,False,m,1.679679815459025,0.0,,64,0.1382984691299498,0.22507877694442868,body,0.3680397538933903,0.5771912078838795,body,0.6297634120564908,0.935800790390931,body,1.1350118480040692,1.5422004838357677,body,1.2884719149966257,1.8214697125775272,world,0.8323823424009605,1.783663958737161,world
stiff_low,body_only,90167,True,False,l,1.3590101711106688,0.0,,72,0.0984436038415879,0.175381887704134,body,0.27969572274014354,0.4136344083817675,body,0.48656585875432934,0.6883007741882466,body,0.827917460585013,1.1516226929787081,world,1.0287131218792638,1.4209152367751812,world,0.6467862926609814,1.448687294999836,world
stiff_low,body_only,90168,True,False,m,1.6457533914678304,0.0,,77,0.13913660706020892,0.19767108792439103,body,0.40935018514283006,0.5746855078730733,body,0.7001936529995874,0.9890635959105566,body,1.214286984980572,1.5282450392493048,body,1.4532824353722391,1.8445949004177238,world,0.9033970401110127,1.8160297602100763,world
stiff_low,body_only,90169,True,False,l,1.372684860076075,0.0,,63,0.08739830029662699,0.11893214611336589,body,0.25891502902377395,0.3586807592771947,body,0.4630749594303779,0.6608645080996212,body,0.7809170129185077,1.0988634701090632,world,0.9208606680651428,1.3303395196868222,world,0.5467785448709038,1.357777062401292,world
stiff_low,body_only,90170,True,False,m,1.5110806219967274,0.0,,77,0.13950543478131294,0.16955827793572098,body,0.3943984915036708,0.4635820263298228,body,0.705979466647841,0.8716413211659529,body,1.2528766336501576,1.4248462821182328,body,1.6343883689900394,1.7962749603932027,world,1.0475854748883284,1.7760539505176711,world
stiff_low,body_only,90171,True,False,l,1.3393346079674444,0.0,,80,0.14255362236872315,0.05029629357159138,body,0.41790436329320074,0.1151131503691431,body,0.8244210241828114,0.1985393404844217,body,1.9338737390236929,0.43305820162640885,body,3.2716472215601247,0.8366293800907443,body,2.7026466694334523,1.5754637123702557,body
stiff_low,body_only,90172,True,False,m,1.5992541406103382,0.0,,69,0.1355773019604385,0.212298717466183,body,0.3685051586478949,0.567643881845288,body,0.6473462617956102,0.895924661506433,body,1.139838243601844,1.4725110179337209,body,1.2647976729611399,1.728823960747104,world,0.8186779623816256,1.7010910273634363,world
stiff_low,body_only,90173,True,False,l,1.2909310796297793,0.0,,74,0.16443760134279728,0.09436150337569416,body,0.4507417486980558,0.2015210245444905,body,0.8525273718871177,0.3522007461840986,body,1.8688075952697545,0.6666132402708171,body,3.09682862276677,1.1564227166636556,body,2.6647708443179727,1.8071040224118042,body
stiff_low,body_only,90174,True,False,m,1.4992846063269814,0.0,,60,0.12920058704912663,0.1934277112595737,body,0.3859015301801264,0.494996402808465,body,0.7015530072618276,0.8006099081714637,body,1.334240008681081,1.362673114828067,body,1.723831321357284,1.8008172381465557,world,1.1883323273900896,1.81830425413209,world
stiff_low,body_only,90175,True,False,l,1.375063495490151,0.0,,67,0.13835604302585125,0.05936985032167286,body,0.4407760996371508,0.1754947857931256,body,0.857817749120295,0.3203184114652686,body,1.8928828296251594,0.56638922385755,body,3.1770974370185288,1.0410214284114772,body,2.566455459911376,1.7215299142117146,body
stiff_low,body_only,90176,True,False,m,1.3570155774731387,0.0,,71,0.12088882736861706,0.16641824034741148,body,0.3473900716751814,0.4423357155988924,body,0.6305019935593009,0.7081594747898635,body,1.2205799658782779,1.1872226762090576,body,1.6629983690218069,1.6070346234220778,world,1.0849416115321218,1.671395761629101,world
stiff_low,body_only,90177,True,False,l,1.2641200458110455,0.0,,62,0.1204930399544537,0.028194177080877125,body,0.36983898589387537,0.06897396591957658,body,0.702406806172803,0.119180046627298,body,1.684372858912684,0.27847779614385215,body,3.2371017289464366,0.6641608001431452,body,2.9494975422741847,1.4544217530172316,body
stiff_low,body_only,90178,True,False,m,1.5240608064758356,0.0,,68,0.14587830426171422,0.1637020567432046,body,0.4421783952508122,0.4303026940440759,body,0.8207473530666904,0.7373599619953893,body,1.681677708926145,1.3129999768163545,body,2.4855787887063343,1.8527438185963547,body,1.9113330836896787,2.1525985903979743,body
stiff_low,body_only,90179,True,False,l,1.4207768660969622,0.0,,63,0.10405966511461884,0.145027237245813,body,0.3502058943966404,0.40288798459805547,body,0.6349777027149685,0.7272861546138301,body,1.150783587346086,1.2518901529168942,body,1.6068666742678035,1.6916098373490969,world,1.0711893746326677,1.7308411582326517,world
stiff_low,body_only,90180,True,False,m,1.6834084531201725,0.0,,70,0.14090782264247537,0.21714403526857495,body,0.36027295067906384,0.6004028011579068,body,0.5923330255318433,1.0075426712137414,body,0.902604055008851,1.4806828395798222,world,0.9237680053833174,1.6313367556133018,world,0.5205575115117245,1.585250972325157,world
stiff_low,body_only,90181,True,False,l,1.3164236438723707,0.0,,75,0.1392225520685315,0.08645229996182024,body,0.4308861864730716,0.20662763447035104,body,0.8463515671901405,0.38370601934147996,body,1.8243638842832297,0.7844424202980007,body,3.0133250135695566,1.318530876628938,body,2.4623118374962356,1.9407756647921632,body
stiff_low,body_only,90182,True,False,m,1.3450601064988406,0.0,,60,0.12128177483100444,0.16240385232958943,body,0.3736892773071304,0.40764257509727025,body,0.7012537279282696,0.7315107280504889,body,1.356917808583239,1.2142399209144061,body,2.0146020717424107,1.6888933317532064,world,1.3143590800429228,1.820984263875289,world
stiff_low,body_only,90183,True,False,l,1.3429357517410216,0.0,,67,0.11917285155504942,0.14338246267288923,body,0.3888519044965506,0.37826492649037396,body,0.7554909149184823,0.6614083184511401,body,1.5589530814439059,1.087743376317667,body,2.522175544151105,1.6075230132235445,body,1.900559844407253,1.9874369591998402,body
stiff_low,body_only,90184,True,False,m,1.6568892806087865,0.0,,73,0.1438970100134611,0.19897419912740588,body,0.4364669341593981,0.6008084377739579,body,0.7653165970463305,0.9840885078767315,body,1.4300519238458946,1.5448398759705015,body,1.9613313448498957,2.0114390640577766,world,1.289992670181673,2.0213258683704773,world
stiff_low,body_only,90185,True,False,l,1.43334245437914,0.0,,67,0.14503132831305265,0.12048250494990498,body,0.4346988447010517,0.36964501379989084,body,0.80623539397493,0.6675107015529647,body,1.6685375191736969,1.1159042189479806,body,2.620467591541819,1.6640215806721244,body,1.9235457681142725,2.041900431739632,body
stiff_low,body_only,90186,True,False,m,1.6331529059433587,0.0,,70,0.10132067208178341,0.1681623626500368,body,0.3397470202995464,0.49148548818193377,body,0.6068329756497406,0.9331509880488739,body,0.9473085114441346,1.4162442635395562,world,1.0185234554723137,1.5929779956975836,world,0.6087093370361254,1.5503148296667497,world
stiff_low,body_only,90187,True,False,l,1.3141636302230804,0.0,,65,0.0974763750564307,0.05540544632822275,body,0.36018248586915436,0.06178129920735955,body,0.690164151485078,0.09220313269179314,body,1.6996632701135241,0.213374197203666,body,3.202106771169929,0.5851569714628567,body,2.807745005383622,1.403922295436205,body
stiff_low,body_only,90188,True,False,m,1.68271261290117,0.0,,72,0.11688804614823312,0.16035737097263336,body,0.3574024956440553,0.5237947294372134,body,0.6264339221292177,0.9758596051426138,body,0.9855628929217346,1.494950715076993,body,1.0813901457877364,1.668163874115271,world,0.653473134317901,1.6144222512835404,world
stiff_low,body_only,90189,True,False,l,1.2673551846296478,0.0,,69,0.1415544911287725,0.12320696061942726,body,0.40085616149008274,0.3363428817596287,body,0.779595813062042,0.6133790257154033,body,1.6209858756046742,1.0248380735400133,body,2.6032218251610173,1.534344464534661,body,1.8759897555783391,1.950780840960797,body
stiff_low,body_only,90190,True,False,m,1.4616304439624153,0.0,,61,0.1541258820798248,0.1771037857979536,body,0.45006683464162056,0.478447286831215,body,0.8304218252422289,0.7844622538192199,body,1.7131380842649377,1.2588052935083396,body,2.55226680120104,1.7601865786418784,body,1.8811296544736251,2.1239846070599744,body
stiff_low,body_only,90191,True,False,l,1.3598610545526153,0.0,,75,0.12040143925696611,0.10524322558194399,body,0.4052272168919444,0.31442364224931224,body,0.791041913907975,0.5767769443278666,body,1.6918796950485557,1.0262606364645763,body,2.8029143430059777,1.5712735010762118,body,2.202710999744013,2.096525343376561,body
stiff_low,body_only,90192,True,False,m,1.6394540644586693,0.0,,73,0.15088594099506736,0.1955011785030365,body,0.4050571105675772,0.5063039717264473,body,0.731851369573269,0.8697331502567976,body,1.357996583665954,1.4766628185519948,body,1.776538242949755,1.8895177120575681,world,1.1741774322686251,1.875081286886707,world
stiff_low,body_only,90193,True,False,l,1.2806965176607972,0.0,,79,0.14750219974666834,0.04884845903143287,body,0.4337214758619666,0.14025479771662505,body,0.8522071893326939,0.2633496329537593,body,1.9061963667627424,0.5103872305888216,body,3.2323423622874543,0.9383070109553956,body,2.7395183847378943,1.6422374278969074,body
stiff_low,body_only,90194,True,False,m,1.3882151295384004,0.0,,72,0.13608010625466704,0.14269689709180966,body,0.41401206282898784,0.4173206817940809,body,0.769828391680494,0.7008275904983747,body,1.584308046218939,1.2316491606790807,body,2.427826974901836,1.742273605016817,body,1.749241640169639,2.0629043662390907,world
stiff_low,body_only,90195,True,False,l,1.4070168029723402,0.0,,68,0.1283048521145247,0.1500992113724351,body,0.3600613583694212,0.43922250848263505,body,0.6422251467884053,0.729099943721667,body,1.2113394280808278,1.2195303602609782,body,1.7138645036626259,1.689250243944116,world,1.1677020606381119,1.7425680285785348,world
stiff_low,body_only,90196,True,False,m,1.4747105385822876,0.0,,78,0.13665821403265,0.1387054518563673,body,0.41433501022402197,0.39086793132591996,body,0.795267654035706,0.6856925618718378,body,1.6912092050595673,1.1832350548531394,body,2.721006325588678,1.6896904332184932,body,2.1270184734219217,2.134708779439097,body
stiff_low,body_only,90197,True,False,l,1.3111555143573217,0.0,,62,0.12588357646018267,0.15120031218975782,body,0.36647274270653724,0.3774056355934591,body,0.6782626037951559,0.6621950672706589,body,1.3227250459836795,1.157073177152779,body,1.9997403801302425,1.6555477596528365,world,1.3648370166309178,1.8188243392738515,world
stiff_low,body_only,90198,True,False,m,1.379640047296776,0.0,,79,0.09490795282181352,0.14633290749043226,body,0.30879174589645114,0.41715800277888776,body,0.5801216238061897,0.7408701045904309,body,1.1209768927365078,1.26311326387804,body,1.611282744273194,1.6671608586446383,world,1.0172133830853272,1.6961228421609849,world
stiff_low,body_only,90199,True,False,l,1.4868269255907973,0.0,,73,0.1289425492286682,0.15365854266565293,body,0.4036832069978118,0.4067759878467768,body,0.7681208511814475,0.6838818799471482,body,1.5822054189629853,1.180499801260885,body,2.5402161039412023,1.7629745637241285,body,1.9721269768895582,2.080319092690479,body
stiff_low,body_only,90200,True,False,m,1.568789452616487,0.0,,75,0.13879986247047782,0.1674018818885088,body,0.4010192386806012,0.4544787540566176,body,0.7172347385436296,0.8601120888488367,body,1.2811376417987048,1.4280014574178495,body,1.6973364322911948,1.8139810485357883,world,1.1008623678376899,1.7928032095660456,world
stiff_low,body_only,90201,True,False,l,1.237480856854104,0.0,,74,0.08627959131263196,0.05872399243526161,body,0.25156854414381086,0.05989660054910928,body,0.4795771111967042,0.07545232367701829,body,1.1931972692371347,0.09684781387913972,body,2.5060212162614333,0.12965402754780372,body,2.704576908547897,0.8294323080277535,body
stiff_low,body_only,90202,True,False,m,1.589816924085751,0.0,,69,0.11972287733806297,0.18987328256480396,body,0.34659147508209565,0.46569738537073135,body,0.6270585515710991,0.8588680131360888,body,1.016350617221906,1.3976568768324797,body,1.1354929376204381,1.5967413918639068,world,0.6966624054097337,1.5736138507095165,world
stiff_low,body_only,90203,True,False,l,1.2163108575505985,0.0,,68,0.12243947107344866,0.03366684913635254,body,0.39654809292405846,0.08100849039619788,body,0.7507970715872944,0.11031112444470637,body,1.8025942524429412,0.2286455992812989,body,3.306324383127503,0.5951673134448356,body,2.889195202765986,1.371872879107832,body
stiff_low,body_only,90204,True,False,m,1.577624770964431,0.0,,61,0.14513229951262474,0.1934392713010311,body,0.43837511963211007,0.47883309582248323,body,0.8103634589118883,0.8751147334463895,body,1.5282496159314178,1.4402301258407533,body,2.1715986837400125,1.9240251230774446,world,1.5025551952328533,2.0021034577582033,world
stiff_low,body_only,90205,True,False,l,1.3675497082151145,0.0,,65,0.08786225388757885,0.12845920375548303,body,0.2884870593319647,0.4047571417875588,body,0.5490784856432583,0.7213326706085355,body,0.9990577641379788,1.1629428537329658,body,1.3236485567802447,1.4892400016542526,world,0.8150502170081019,1.5232954072684515,world
stiff_low,body_only,90206,True,False,m,1.5176465510618466,0.0,,74,0.11315474286675453,0.17422667960636318,body,0.3689679246395826,0.5286837345920503,body,0.6468235252890736,0.9138499340508134,body,1.1332350885262712,1.4044530754094011,body,1.4086727948044426,1.7302341176822666,world,0.8632017937046476,1.7138698768528409,world
stiff_low,body_only,90207,True,False,l,1.2488637580931352,0.0,,80,0.10044410894624889,0.12990160495974123,body,0.3698803908657282,0.35677036391571165,body,0.7329808121314273,0.6266925842268393,body,1.5159310035291127,1.0447426202124916,body,2.494171597046079,1.5673649334989022,body,1.8247088542860002,1.9570539193484002,body
stiff_low,body_only,90208,True,False,m,1.4834364114696996,0.0,,66,0.11906617536442354,0.15601773839443922,body,0.3523859229520895,0.4322506972588599,body,0.6709256671660114,0.7876090450852643,body,1.236921444503241,1.3349035034276313,body,1.6708039014090903,1.7406532807173787,world,1.0856919118791122,1.745215291552595,world
stiff_low,body_only,90209,True,False,l,1.263629522578016,0.0,,60,0.14034933783113956,0.034171274048276246,body,0.3907601468265056,0.05739244134165347,body,0.7348793394863606,0.08414135838975198,body,1.745126895979047,0.17828553976432887,body,3.240277009643614,0.5320043114668807,body,2.991810211390257,1.358413485851488,body
stiff_low,body_only,90210,True,False,m,1.3346147837212192,0.0,,73,0.14091761352028698,0.13324226811528206,body,0.41030828857328744,0.36535678899381313,body,0.7901953694294207,0.6592674407293089,body,1.638223134580767,1.1011518849350976,body,2.662052207425586,1.5902882814552868,body,1.9379554094036577,2.0225392377434765,body
stiff_low,body_only,90211,True,False,l,1.30656153459059,0.0,,71,0.108548479154706,0.15868582343682647,body,0.3545747985132039,0.4376593586057425,body,0.6731795485597103,0.7082290610764175,body,1.3325574470916763,1.1823758907383308,body,2.0793049515690654,1.6903970353188924,world,1.4551783272600733,1.8862164588226005,world
stiff_low,body_only,90212,True,False,m,1.6930851814175538,0.0,,60,0.11565657844766974,0.17281061003450304,body,0.28528686859644947,0.49295985314529384,body,0.46028425565455106,0.902186014072504,body,0.5390431862557308,1.2676782222406473,world,0.5605342152353842,1.3857485708285822,world,0.35982141507382037,1.3678061291284396,world
stiff_low,body_only,90213,True,False,l,1.3559979569855254,0.0,,66,0.13407000340521336,0.13914212718373165,body,0.3743882359936833,0.4003979725646787,body,0.7122187753207981,0.657287070149323,body,1.4684049723204224,1.11907121729746,body,2.412933342647739,1.6494053935850388,body,1.8201713664317503,1.9971065418509535,world
stiff_low,body_only,90214,True,False,m,1.3935857870234445,0.0,,60,0.12819429161027074,0.16858001495711505,body,0.33767274784622714,0.4259819690836594,body,0.6143338863679674,0.7428916385746561,body,1.1715585024881874,1.2662085614574607,body,1.6247424698594841,1.6582882124901515,world,1.0354987831431208,1.6839227577892597,world
stiff_low,body_only,90215,True,False,l,1.3131198647094737,0.0,,80,0.13937855698168278,0.10441216744948179,body,0.3894220948219299,0.36117289823014287,body,0.738998544216156,0.67647260670783,body,1.4875069342553617,1.145679606689373,body,2.3187513109529387,1.672359274470364,body,1.602299516047351,1.944350393471541,world
stiff_low,body_only,90216,True,False,m,1.681261135717984,0.0,,66,0.1264213795075193,0.1925926438998431,body,0.3689630835549906,0.51982964691706,body,0.6555178205133415,0.9303906657034531,body,1.0912038024456707,1.5382295233313925,body,1.2567781621095493,1.7623010756971782,world,0.7961342361464631,1.714374756629113,world
stiff_low,body_only,90217,True,False,l,1.413471960665546,0.0,,75,0.10900186887010932,0.1410920792259276,body,0.33830116856843234,0.46372544718906283,body,0.6279446409549564,0.8018328681122512,body,1.2022312208311632,1.2909094347385688,body,1.808048481447622,1.7811257414403372,world,1.216671239756979,1.8605951297795398,world
stiff_low,body_only,90218,True,False,m,1.584896311018346,0.0,,74,0.09091964410617948,0.20539832953363657,body,0.34525800971314313,0.5854970257263631,body,0.6082631061086431,0.917741731973365,body,1.0835433445055969,1.4771987968590112,body,1.2546466109633911,1.752383730208385,world,0.7928136463183909,1.7303067984839435,world
stiff_low,body_only,90219,True,False,l,1.3119810143159762,0.0,,70,0.1411851141601801,0.09367058897623792,body,0.4597054149955512,0.30006194095476535,body,0.8890285151079298,0.5515568577189697,body,1.8784278711304068,0.9726265768040321,body,2.938479921128601,1.507791741866822,body,2.3072676548885647,2.0584749269948226,body
stiff_low,body_only,90220,True,False,m,1.300500753923412,0.0,,65,0.1301330493297428,0.16587517643347383,body,0.3648657542886212,0.40485109565779565,body,0.6803324848064222,0.7177380151115358,body,1.3355966720555443,1.1906570424325764,body,1.9946962059213549,1.658757083688397,world,1.3232715628703589,1.7996894410811366,world
stiff_low,body_only,90221,True,False,l,1.325946290087466,0.0,,69,0.13225357001647353,0.1393026866717264,body,0.3984904422424733,0.3548873294843361,body,0.7581431611906737,0.6114727797103114,body,1.5817292882828042,1.0779415736498776,body,2.7004969724337573,1.5999822024750756,body,2.0641326433466745,2.0574573295761365,body
stiff_low,body_only,90222,True,False,m,1.3799548422979533,0.0,,63,0.12766517652198672,0.17310663755051792,body,0.4012009704485535,0.4272207396570593,body,0.774479326652363,0.6784650612622499,body,1.678999677137472,1.1497913357452492,body,2.714796776522417,1.6534257045073901,body,2.075009926885832,2.132845012398902,body
stiff_low,body_only,90223,True,False,l,1.2088747342560058,0.0,,66,0.1371164871379733,0.03555754735134542,body,0.32984452638775114,0.04931488772854209,body,0.6060465116985142,0.0609018909119186,body,1.4679229515139012,0.06857798460478079,body,2.7380364869954064,0.15122822042940243,body,2.407717320965603,0.9239504601400403,body
stiff_low,body_only,90224,True,False,m,1.3689372681649405,0.0,,67,0.10606787679716945,0.16533466801047325,body,0.3311841623391956,0.44771901993080976,body,0.5981981055345387,0.7238628331338987,body,1.1587607455439866,1.2223923405632378,body,1.5870496869727504,1.626984054170316,world,1.0322666370891966,1.6645988491014576,world
stiff_low,body_only,90225,True,False,l,1.4190999555086545,0.0,,76,0.14135509764309973,0.16185386897996068,body,0.4067880857503042,0.44209917159751055,body,0.7240652929875069,0.7350696007255466,body,1.4084920818859246,1.2434116039192304,body,2.168074989618617,1.789287330757361,world,1.5807729990791997,1.966394198681228,world
stiff_low,body_only,90226,True,False,m,1.3666051873938825,0.0,,68,0.15135789569467306,0.12833979178685695,body,0.4416014038026333,0.39809025560971345,body,0.8405974169727415,0.6810309112886899,body,1.7804651166079566,1.1090359693218488,body,2.8445959370466882,1.6061213728651635,body,2.204854973454494,2.1282522732263898,body
stiff_low,body_only,90227,True,False,l,1.2089853713110907,0.0,,76,0.10654410370625556,0.1456778198480606,body,0.40947808013297615,0.3606664125807583,body,0.7786943586776033,0.5934592252597213,body,1.6382548905094154,1.0187324980506673,body,2.714554784965003,1.512992116541136,body,2.123100760995876,1.9995640140073374,body
stiff_low,body_only,90228,True,False,m,1.3941552835422104,0.0,,76,0.1437931131804362,0.1430757785856258,body,0.4291054801666178,0.39613007873413153,body,0.7986333136272152,0.7280495131533826,body,1.590468303990201,1.2263702881944483,body,2.4275539508686057,1.7318300427381472,body,1.6991754329117248,2.015025220195821,world
stiff_low,body_only,90229,True,False,l,1.4129882265602367,0.0,,60,0.12903932761400938,0.15817129937931895,body,0.41481299251317977,0.3901604449376464,body,0.7683243526145815,0.6550174897070974,body,1.5578408541157842,1.1461028946796432,body,2.4940989373018967,1.6964831729070284,body,1.8534711627103388,2.0195412633800878,body
stiff_low,body_only,90230,True,False,m,1.387380358400205,0.0,,62,0.13064089114777744,0.18900900287553668,body,0.39981103832833464,0.4430607356596738,body,0.7191533884732052,0.7264761117985472,body,1.4438982843537815,1.231883366208058,body,2.0686162828758823,1.7185248781403062,world,1.446161969813984,1.8795281052752397,world
stiff_low,body_only,90231,True,False,l,1.2736796593502162,0.0,,79,0.12139949109405279,0.13841214147396386,body,0.4155746899545193,0.34084071372635666,body,0.8016877748072148,0.5858303635613993,body,1.6968706483021376,1.0233439896604979,body,2.7457315383478997,1.5468913312244694,body,2.1706831906409936,2.06462567583425,body
stiff_low,body_only,90232,True,False,m,1.3398772042708087,0.0,,65,0.10850698326248676,0.1551109366118908,body,0.3926160533213988,0.4287114090751857,body,0.7615468247444369,0.7010322865331545,body,1.581823424185859,1.1647374290856534,body,2.470207040433888,1.6740698088833597,body,1.784287095827749,2.0338681977591477,world
stiff_low,body_only,90233,True,False,l,1.2151805568406018,0.0,,74,0.1034465148113668,0.03885657456703484,body,0.2824534562416375,0.06524649006314576,body,0.5269283434841782,0.08911224238108843,body,1.269051698525436,0.0978563888114877,body,2.506547930056695,0.10952809632581192,body,2.332368819625117,0.31989864394417966,body
stiff_low,body_only,90234,True,False,m,1.412785576783788,0.0,,80,0.1646642773412168,0.08154648973140866,body,0.47802802538499234,0.2226702186861076,body,0.924473139224574,0.3667785742378328,body,2.009081233642064,0.7512013464729534,body,3.1101559917326087,1.2821934487918043,body,2.586934835244901,1.915540569667355,body
stiff_low,body_only,90235,True,False,l,1.4243033807217698,0.0,,60,0.11632710928097367,0.043883990962058306,body,0.2942786172963679,0.05676197974244133,body,0.5371464007068425,0.07437344957725145,body,1.3533948060357943,0.09160025134042371,body,2.6655976550769993,0.2188910782468156,body,2.506557307546027,1.0586690508160972,body
stiff_low,body_only,90236,True,False,m,1.6997035312296203,0.0,,64,0.1341631484683603,0.17420909740030766,body,0.3695146038662642,0.5660347033757717,body,0.6033409792347811,1.0035688938340173,body,0.9268969883269165,1.4847931186086498,world,0.9668423364550109,1.65694972872152,world,0.5623735860118177,1.6071675713802689,world
stiff_low,body_only,90237,True,False,l,1.376968432617344,0.0,,75,0.1240188842639327,0.07853931654244661,body,0.41216818559914825,0.20025138549972327,body,0.8112586771138013,0.38441649177111686,body,1.7598591724876314,0.7947781813854817,body,3.0017466455930846,1.347292832567473,body,2.433926762249321,1.9638783841033,body
stiff_low,body_only,90238,True,False,m,1.5968317899030746,0.0,,62,0.10003141721244901,0.19606836675666273,body,0.30664618795271964,0.5640028412919491,body,0.5232050230610185,0.9271144996630029,body,0.8078438616998029,1.3702232475276106,world,0.8030294058175058,1.5321657313674222,world,0.4436318973801099,1.5057755030482076,world
stiff_low,body_only,90239,True,False,l,1.3434682340044826,0.0,,67,0.13312809634953737,0.14241925650276244,body,0.41024398161098363,0.3733942771097645,body,0.7731967206578703,0.629268976196181,body,1.5601550350664182,1.1144712326989976,body,2.468892146355938,1.6542787667101948,body,1.8378881607577204,1.986087598715676,body
stiff_low,world_only,90240,False,True,,1.0,1.0,short,59,0.06425953516736627,0.08302495628595352,world,0.15789161985740066,0.07268242756836117,world,0.2889526394661516,0.07860031825257466,world,0.7400222851661966,0.09383076574304142,world,2.0171221374883315,0.1065481430006912,world,1.7767385433381424,0.11104878857950098,world
stiff_low,world_only,90241,False,True,,1.0,1.0,medium,75,0.05867360718548298,0.058010953362099826,world,0.13044219459407033,0.08443542293389328,world,0.24715108347591014,0.0902101360465167,world,0.6266523599508218,0.09451919976709178,world,1.9015429627092089,0.09576056695295847,world,1.693877384585794,0.09859162809123519,world
stiff_low,world_only,90242,False,True,,1.0,-2.0,short,69,0.057973533344920725,0.13570852298289537,world,0.16991694073076358,0.34980184219311916,world,0.33633943310414904,0.5568988310056738,world,0.6536218548935722,0.9038372483686544,world,0.8462158384580106,1.144750460537034,world,0.5497646472728229,1.2217634785571136,world
stiff_low,world_only,90243,False,True,,1.0,2.0,medium,68,0.04824384953826666,0.04102663102094084,world,0.12244476079940797,0.04976543996017426,world,0.2949733816087246,0.06456225366564466,world,0.9907610045745969,0.08220971609116531,body,1.5802744262851776,0.11165132287715096,world,1.6552268081530928,0.197513257303508,world
stiff_low,world_only,90244,False,True,,1.0,-4.0,short,65,0.022873717301990837,0.09936506149824709,world,0.05290551915531978,0.28240006502601317,world,0.07201893046149052,0.4105613685998833,world,0.07090528041881043,0.5804489657035447,world,0.06819894030486466,0.6968345736335322,world,0.06561369569564704,0.7546828492308851,world
stiff_low,world_only,90245,False,True,,1.0,4.0,medium,65,0.023721760255284607,0.11594815016724169,world,0.022667642799206078,0.24428812526748517,world,0.022579757423955016,0.39202139259141405,world,0.027402942469052505,0.5854434665103326,world,0.034873639159923184,0.6630660904069373,world,0.045655504323949575,0.7034199641746818,world
stiff_low,world_only,90246,False,True,,1.0,-1.0,short,75,0.05584064917638898,0.07355760992504656,world,0.17539599733427166,0.08454692098894157,world,0.3448277397546917,0.08858587756112685,world,0.8654204185353592,0.09459930893644924,world,2.1842250914894974,0.10997781708210823,world,1.7627191518107428,0.11872809252847219,world
stiff_low,world_only,90247,False,True,,1.0,-1.0,medium,77,0.08555488724960014,0.1251655351370573,body,0.2614241181872785,0.3237621208652854,body,0.5143126356881111,0.5309027828741819,body,1.0633017358253711,0.9182379096979275,body,1.803942433471093,1.3689134862856007,world,1.2664146698568948,1.5950129038980232,world
stiff_low,world_only,90248,False,True,,1.0,-2.0,short,70,0.06655034516006708,0.054291586857289076,world,0.2430134128779173,0.09950067473109811,body,0.4807566402480006,0.10454924673540517,body,1.1276580813340842,0.10976033334154636,body,2.4639332985039797,0.11522240082849748,body,1.8104605001397431,0.13372928667755332,world
stiff_low,world_only,90249,False,True,,1.0,2.0,medium,60,0.03420829260721803,0.028945565689355135,world,0.09483400816097856,0.05325214552576654,world,0.21257087723352017,0.06111987287586089,world,0.7939687366830185,0.07685572577320272,world,1.7006194201880136,0.10208317270808037,world,1.74811945295427,0.15303132888424442,world
stiff_low,world_only,90250,False,True,,1.0,4.0,short,68,0.020855129056144506,0.15006311930483207,world,0.03392247473238967,0.35832109913462773,world,0.04379468168190215,0.5994256837642753,world,0.06382780702115269,0.9599122956220527,world,0.07731528788062861,1.127662766422145,world,0.07012243926088559,1.1708497469953727,world
stiff_low,world_only,90251,False,True,,1.0,-4.0,medium,77,0.028949482482858002,0.10358949599321932,world,0.03837249967036769,0.24848421793431044,world,0.03829572685644962,0.3639653608915978,world,0.03813642998866271,0.4512300944952586,world,0.04013421906129224,0.48998156286579614,world,0.04770931356295478,0.5089489379893348,world
stiff_low,world_only,90252,False,True,,1.0,-1.0,short,78,0.06687876675277948,0.054371001198887825,world,0.1622698899358511,0.06145118209533393,world,0.31634427756071093,0.07632122861687093,world,0.7963429667055607,0.09685050994739869,world,2.113928614556789,0.1152824871503981,world,1.7287450333684684,0.12871039794612443,world
stiff_low,world_only,90253,False,True,,1.0,1.0,medium,60,0.06373503035865724,0.09250516397878528,world,0.1452403688337654,0.0814079720643349,world,0.2536403116537258,0.08858230363111944,world,0.5912394775426947,0.08676148260128684,world,1.7396039704966826,0.09395248323853594,world,1.6071634646202437,0.11784346202970482,world
stiff_low,world_only,90254,False,True,,1.0,2.0,short,75,0.058061914052814245,0.04149429325480014,world,0.1476547248195857,0.06543899376410992,world,0.27149588426109406,0.06575339100090787,world,0.6369537331047468,0.07536972294328734,world,1.9151748582662549,0.09819968128285836,world,1.58143863707548,0.11914398837077897,world
stiff_low,world_only,90255,False,True,,1.0,2.0,medium,70,0.03882857249118388,0.04029093659482896,world,0.11603076229803264,0.048707737936638296,world,0.2860642377054319,0.0638205398689024,world,0.996395330678206,0.08796729414607399,body,1.7345943177992011,0.12590126165596302,world,1.7280929401121101,0.20511069800122642,world
stiff_low,world_only,90256,False,True,,1.0,-4.0,short,70,0.046749053231906146,0.10389240202493966,world,0.07220252903643995,0.2783187069930136,world,0.1046215815935284,0.43964977297000585,world,0.10601254786597565,0.6014558372902684,world,0.09070956809446215,0.7258630250016721,world,0.07583507161587477,0.7872549238546344,world
stiff_low,world_only,90257,False,True,,1.0,-4.0,medium,64,0.040346604015212506,0.10077142529189587,world,0.03494650985812768,0.2402696386910975,world,0.03537757193553262,0.36576928918948404,world,0.03727222961897496,0.44574466804624535,world,0.039807946457585786,0.47857924818526953,world,0.048540583882131616,0.4987452510881121,world
stiff_low,world_only,90258,False,True,,1.0,-1.0,short,67,0.05195561982691288,0.05455239597358741,world,0.14448916148394347,0.08267730465740897,world,0.2668347916565836,0.08936567294003908,world,0.6541944559197872,0.08571245201455895,world,1.941863535880111,0.09297702814074,world,1.7732709176000208,0.10889057989290452,world
stiff_low,world_only,90259,False,True,,1.0,1.0,medium,71,0.0542215887689963,0.059920102707110345,world,0.1408493307651952,0.08007068554870785,world,0.264756732492242,0.09435744038783014,world,0.6568901999213267,0.103549909661524,world,1.72635389167408,0.11378828445012915,world,1.6232281922979745,0.1368456206988776,world
stiff_low,world_only,90260,False,True,,1.0,-2.0,short,78,0.0693699938710779,0.1167982688639313,world,0.1700960069429129,0.33722714262548836,world,0.3263697936665267,0.5435102819203167,world,0.6394036975339986,0.8898385993306873,world,0.8240957420610356,1.1177100407403486,world,0.5404003931186162,1.1925687215913785,world
stiff_low,world_only,90261,False,True,,1.0,-2.0,medium,76,0.03954586817417294,0.1199623601132771,world,0.0701939714839682,0.28208880859601776,world,0.09417217143345623,0.42018397691281284,world,0.09176387770567089,0.5798119329345355,world,0.08099237956339493,0.7044118181274825,world,0.06951997854281217,0.76741719770871,world
stiff_low,world_only,90262,False,True,,1.0,-4.0,short,68,0.027269698213785887,0.10416302536032163,world,0.04748891409253701,0.2736687905678991,world,0.06643610514583996,0.41654026559845075,world,0.06770235625153873,0.5786468343416344,world,0.06588461035426008,0.6944292284497351,world,0.06190140574763063,0.7529600369575202,world
stiff_low,world_only,90263,False,True,,1.0,-4.0,medium,76,0.033466093125753105,0.12267565168440342,world,0.036031820136122404,0.2510719021083787,world,0.041065544460434464,0.36313803427037783,world,0.04200536092394031,0.44366640652824574,world,0.044452053276472725,0.4824175306011057,world,0.05069585857097991,0.49703481129039573,world
stiff_low,world_only,90264,False,True,,1.0,1.0,short,76,0.06197846448048949,0.07389837666414678,world,0.15262495512142776,0.08686532322317361,world,0.2795781270135194,0.08163860695203766,world,0.7091659013414755,0.08891589191625826,world,1.9693750182283107,0.10186859493551309,world,1.7283382260845974,0.10799387144841602,world
stiff_low,world_only,90265,False,True,,1.0,1.0,medium,73,0.059908290626481175,0.0855885490309447,world,0.15118419346399606,0.08405485425610096,world,0.28902862335089596,0.10022759669227525,world,0.7762601085123606,0.10501628100755625,world,1.9466261148510966,0.12242270722636021,world,1.76534450099105,0.142792238072725,world
stiff_low,world_only,90266,False,True,,1.0,2.0,short,80,0.06851243367418647,0.08622028608806431,world,0.20912495935335756,0.09348280560225249,body,0.3875640180427581,0.10353768044151365,world,0.9762013064930216,0.11179169603274203,world,2.2533251137589105,0.11657569215458352,world,1.8210165034653618,0.11277715360629373,world
stiff_low,world_only,90267,False,True,,1.0,2.0,medium,73,0.03998179570771754,0.034118970594136044,world,0.12339906101115047,0.05038744613411836,world,0.2978507893392816,0.057303616261924616,world,1.0403755427454597,0.07134457189677051,body,1.7368015053274575,0.09761012774470146,world,1.7611238082707859,0.16933268327469705,world
stiff_low,world_only,90268,False,True,,1.0,-4.0,short,69,0.030843591783195734,0.09801546792732552,world,0.03581016237731092,0.2262089618598111,world,0.041424478471162735,0.32797507502327794,world,0.044687895393872176,0.4953260953076096,world,0.04764965221329476,0.5827287831170906,world,0.05283290180581389,0.6252803285077244,world
stiff_low,world_only,90269,False,True,,1.0,4.0,medium,74,0.01884921354940161,0.07575849606655538,world,0.022959873802028595,0.22910619616741315,world,0.027050870450329965,0.393406857404625,world,0.03353446384571726,0.5418715638486901,world,0.03631985380561673,0.5826058344217018,world,0.04484239716461161,0.6118693615787196,world
stiff_low,world_only,90270,False,True,,1.0,-1.0,short,81,0.07916539162397385,0.05556440935470164,world,0.18404466602951286,0.09463038127869368,world,0.33406934412196276,0.10838792081922294,world,0.8390421858523041,0.11183495885925368,world,2.1339872676180676,0.10854643342045164,world,1.771850591348484,0.1117721101782081,world
stiff_low,world_only,90271,False,True,,1.0,1.0,medium,77,0.07130644423887134,0.036446880956646055,world,0.18943157540634273,0.09215749449795113,world,0.34461611122824254,0.09406588561250828,world,0.84453146525193,0.10358118096773977,world,2.042909857595805,0.12083394897490507,world,1.7426880659768358,0.1428075236576842,world
stiff_low,world_only,90272,False,True,,1.0,-2.0,short,58,0.055916930781677365,0.07923977635800838,world,0.1711670706514269,0.07891648915829137,world,0.32920730945188553,0.08808356003719382,world,0.8267477334127762,0.10964272072014866,world,2.1408437717997004,0.12417815873632207,world,1.8014140785601922,0.1332286670280155,world
stiff_low,world_only,90273,False,True,,1.0,2.0,medium,71,0.029163297673221678,0.10737913637422025,world,0.034194580302573746,0.31775883851805703,world,0.038143118524749296,0.5700243099374348,world,0.057740745216869976,0.8817241149117764,world,0.062162201688988714,1.0032727160247306,world,0.055806525871303164,1.0667644299585661,world
stiff_low,world_only,90274,False,True,,1.0,4.0,short,60,0.018122013949323446,0.13653960404917598,world,0.024324618064565585,0.3298563675605692,world,0.02978039340232499,0.5415654016716871,world,0.040986783019616266,0.7236856462113792,world,0.043859234917908906,0.8337482658564113,world,0.05280317585449666,0.8884786172909662,world
stiff_low,world_only,90275,False,True,,1.0,4.0,medium,76,0.01777894125552848,0.10984410624951124,world,0.022466880723368377,0.23880179839907215,world,0.025802338618086652,0.4003413617378101,world,0.028852549946168437,0.5667695649259258,world,0.031705017761851195,0.6214763789146673,world,0.04347848438017536,0.6498452261545025,world
stiff_low,world_only,90276,False,True,,1.0,1.0,short,69,0.057926724664866924,0.0741265359101817,world,0.15926511641591787,0.09610577750718222,world,0.3064127380959689,0.09827975266962313,world,0.783646454056725,0.1052104532980593,world,2.086040832544677,0.1120806194434408,world,1.7063722410332411,0.1152035665778385,world
stiff_low,world_only,90277,False,True,,1.0,-1.0,medium,75,0.057765162317082286,0.12579010287299752,world,0.1489365724264644,0.30073259542696174,world,0.2843592403165531,0.5260832143598236,world,0.48403816730424293,0.8052071320853429,world,0.5221915860936861,0.9567538146962762,world,0.31578653489879804,1.0222327840383516,world
stiff_low,world_only,90278,False,True,,1.0,2.0,short,64,0.04864321695640683,0.04626831947825849,world,0.12208328004926443,0.07529827177058906,world,0.23575708279386162,0.0900663745473139,world,0.5831812385935335,0.10208246142719872,world,1.6361062962794675,0.11444660783454311,world,1.6241842956934125,0.1311108830443118,world
stiff_low,world_only,90279,False,True,,1.0,-2.0,medium,63,0.022315844078548253,0.09985913365380839,world,0.04620470808586105,0.2652256989502348,world,0.06514374350081198,0.3956771771074272,world,0.06690770982240793,0.5660945305018686,world,0.06442762671649689,0.6894808755114354,world,0.06143153538054321,0.7499317320091359,world
stiff_low,world_only,90280,False,True,,1.0,4.0,short,77,0.048684530425816774,0.03309001651359722,world,0.1179944820702076,0.05086800794815644,world,0.302112246491015,0.05954734673141501,world,1.1277663468383252,0.07107085105672012,body,1.7540816792752594,0.09837003634165739,world,1.7812296625040471,0.1757454933592817,world
stiff_low,world_only,90281,False,True,,1.0,4.0,medium,77,0.01897441688925028,0.1135187759064138,world,0.022450407809810714,0.21280397749505936,world,0.023739056999329475,0.3757567320833914,world,0.027927405608352274,0.5434129254950676,world,0.03305652541166637,0.6032043387851446,world,0.04733075130148791,0.6298926542437403,world
stiff_low,world_only,90282,False,True,,1.0,1.0,short,68,0.06516220839694142,0.05671787017490715,world,0.16618807977065442,0.0834800774930045,world,0.31206504437141114,0.08771491513107321,world,0.8004116335650906,0.09739902233231987,world,2.0608683657716025,0.1007080285509801,world,1.7833542517898606,0.1011437583553925,world
stiff_low,world_only,90283,False,True,,1.0,-1.0,medium,74,0.08035036412184127,0.1220259612891823,world,0.2464580365747679,0.3267838840256445,body,0.49476921365421733,0.532509665627731,body,1.035700589431508,0.9135892305843298,body,1.7828293609032697,1.368408307216305,world,1.2734587099569037,1.5992687155044405,world
stiff_low,world_only,90284,False,True,,1.0,2.0,short,72,0.0632143085822463,0.07299725664779544,world,0.16040601972490548,0.07610347061417996,world,0.2841232347302139,0.07815415202639997,world,0.6735812268685549,0.08697130840737372,world,1.8156685737660156,0.104239469015738,world,1.6172790163662283,0.12530022199964153,world
stiff_low,world_only,90285,False,True,,1.0,-2.0,medium,73,0.024810492323013023,0.11259211995638907,world,0.04752005645423197,0.2836249494226649,world,0.0639239306881791,0.4080615175887943,world,0.06496123747638194,0.5875603018896072,world,0.0646021351822128,0.706525827068981,world,0.06509873399598291,0.7634872616131907,world
stiff_low,world_only,90286,False,True,,1.0,4.0,short,67,0.04860025458037853,0.036034483346156776,world,0.13755852533504367,0.049821566534228624,world,0.30320125273428855,0.06163905306020752,world,0.9184332598699256,0.08158068147604354,world,1.839183243212756,0.11802912057901267,world,1.6862742717703805,0.18374022506643087,world
stiff_low,world_only,90287,False,True,,1.0,4.0,medium,79,0.020934155385475606,0.10402760747820139,world,0.027357291858061218,0.21969891934422778,world,0.029164728037721944,0.3916081180330366,world,0.030784232232690556,0.5584843499818817,world,0.03173185101732088,0.6152925214206335,world,0.04249385839197202,0.6432532739988528,world
stiff_low,world_only,90288,False,True,,1.0,-1.0,short,78,0.07691769720986485,0.07148064015200362,world,0.2443194449879229,0.0661346240900457,body,0.46475023929961023,0.06832036405103281,body,1.0945787571603431,0.0820439783128677,body,2.4158950902638026,0.09925795122253475,body,1.842637906600721,0.11214235797291622,body
stiff_low,world_only,90289,False,True,,1.0,1.0,medium,64,0.050836115377023816,0.06495150536647998,world,0.13463165811263025,0.07127552070305683,world,0.2473430442390963,0.07287169732444454,world,0.5853392203687691,0.08729821797605837,world,1.788495353673352,0.10056089406498359,world,1.6374504111218267,0.11794023443158949,world
stiff_low,world_only,90290,False,True,,1.0,2.0,short,66,0.05871260177809745,0.0890351701527834,world,0.19227267301175743,0.09624726388719865,world,0.3754140385542996,0.10544734992145094,world,0.9683590122091119,0.10584493779606419,world,2.244155887540546,0.1166979776477092,world,1.7641022512421478,0.12336099312713486,world
stiff_low,world_only,90291,False,True,,1.0,-2.0,medium,75,0.035444480541627854,0.10708574601449072,world,0.07397033397573978,0.2910609570913948,world,0.10072764668148011,0.4452780420862837,world,0.1004419765784405,0.6115135716434452,world,0.08749784196843394,0.7350655544309121,world,0.07386404982069508,0.7961726628988981,world
stiff_low,world_only,90292,False,True,,1.0,-4.0,short,74,0.026786864968016744,0.11456943326629698,world,0.03635588886681944,0.2087636619573459,world,0.0430131288128905,0.32795037452015097,world,0.04508733818074688,0.489437486519455,world,0.0456983320938889,0.5644252754980698,world,0.05177797973621637,0.6023887885194562,world
stiff_low,world_only,90293,False,True,,1.0,4.0,medium,69,0.016819801734527573,0.09007540892343968,world,0.019731953484006227,0.2357866718666628,world,0.022436977084726095,0.39927200797246765,world,0.026875817822292446,0.5410650382604217,world,0.03316411371633876,0.5858359205289162,world,0.046432817006716504,0.600268280970049,world
stiff_low,world_only,90294,False,True,,1.0,-1.0,short,70,0.06719525798689574,0.07197887913207524,world,0.19684380346443503,0.06527558420202695,world,0.37654181335819886,0.081058718150598,world,0.9515740572882351,0.08963096622464946,world,2.227050336424145,0.100370051353093,world,1.8116161426051987,0.11191787106421544,world
stiff_low,world_only,90295,False,True,,1.0,1.0,medium,64,0.07109360070899129,0.046445052488707006,world,0.1599012915045023,0.07391855954192579,world,0.2898085860535502,0.07225423255003988,world,0.7140836090780796,0.0818125452613458,world,2.0214453477878127,0.09817835561116225,world,1.6429685079492629,0.12755272553418764,world
stiff_low,world_only,90296,False,True,,1.0,-2.0,short,84,0.05633729253895581,0.11866044835187495,world,0.1625050330068916,0.3020420228596777,world,0.3179031878826208,0.5330531889223494,world,0.5485500544251408,0.8328407560882625,world,0.6335520198597806,1.0050303583659115,world,0.372445022725733,1.0710621936328244,world
stiff_low,world_only,90297,False,True,,1.0,2.0,medium,62,0.042200989089906216,0.0417506581870839,world,0.1116301503032446,0.05725014901254326,world,0.24724213909357787,0.06615705584408715,world,0.8135272993706166,0.0818860167695675,world,1.727957255532965,0.10747516001865734,world,1.7083504664711655,0.16007275507436136,world
stiff_low,world_only,90298,False,True,,1.0,4.0,short,62,0.049093983601778746,0.042431368958204985,world,0.1189545945264399,0.046920759486965835,world,0.3006919190753251,0.06012191654881462,world,1.0617510264972225,0.07703686317545362,body,1.6213500665617175,0.11554839051386807,world,1.690611253832467,0.20525773703702727,world
stiff_low,world_only,90299,False,True,,1.0,-4.0,medium,67,0.023616467020474374,0.09230495139490813,world,0.03299587921937927,0.24617687062127513,world,0.03507960758288391,0.3628267779771704,world,0.037811103105195795,0.443623839947395,world,0.03988449326861883,0.48088341222137393,world,0.04518870375177357,0.5021851798279385,world
stiff_low,world_only,90300,False,True,,1.0,-1.0,short,67,0.0693482921924442,0.06684148975182325,world,0.20144463530741635,0.0834459305042401,world,0.37586197915952657,0.09501787564367987,world,0.9333967424347066,0.11227332597773056,world,2.244613152340753,0.11350911791232648,world,1.7225685275229625,0.11919072582182708,world
stiff_low,world_only,90301,False,True,,1.0,-1.0,medium,72,0.06305560091277584,0.12399352237116545,world,0.17761787935160103,0.3390757887042128,world,0.345702678267844,0.5360535499348771,world,0.6667376126628369,0.8772242928593187,world,0.8601903263886924,1.1164701610265182,world,0.5661753292917273,1.1915720441751183,world
stiff_low,world_only,90302,False,True,,1.0,-2.0,short,78,0.05645536904921755,0.13889720174483955,world,0.1556005711434409,0.32945223930291834,world,0.3131658506463282,0.524063789466163,world,0.5936412606213707,0.8712341986974934,world,0.767386435761,1.084910281021439,world,0.46240613137721087,1.1531416544516104,world
stiff_low,world_only,90303,False,True,,1.0,2.0,medium,59,0.0369385089725256,0.028213532990776002,world,0.12572302846238018,0.05038155033253133,world,0.33997659902088345,0.06523356959223747,world,1.3373701728647576,0.07496207833755761,body,1.8969905063393526,0.09410782834747806,world,1.8558273048652336,0.18339138280134648,body
stiff_low,world_only,90304,False,True,,1.0,4.0,short,80,0.050046224147081375,0.05525068542920053,world,0.12115985862910748,0.06281502451747656,world,0.24072166252881289,0.07624622988514601,world,0.6917317691259086,0.09066893933340907,world,1.7389944895636291,0.11570270856609567,world,1.6880282839946448,0.1620913726114668,world
stiff_low,world_only,90305,False,True,,1.0,-4.0,medium,73,0.025156371062621474,0.10282985214143991,world,0.03320306366076693,0.23327946788049303,world,0.036779943300643936,0.35312794224591926,world,0.04084144210501109,0.4485928907408379,world,0.04155802289751591,0.48819129146213525,world,0.04413726971310098,0.510302919612077,world
stiff_low,world_only,90306,False,True,,1.0,1.0,short,64,0.05379845341667533,0.065363934263587,world,0.14703687019646167,0.09869369014631957,world,0.27339751087129116,0.10636600275756791,world,0.6792585225775838,0.10380553593277,world,1.9216742952354253,0.10925515447743238,world,1.7133731470629572,0.13154282595729455,world
stiff_low,world_only,90307,False,True,,1.0,1.0,medium,72,0.07041620532982051,0.07914065103977919,world,0.17958662384189666,0.08233631779439747,world,0.338430076581426,0.10010739121353254,world,0.8564272663206793,0.10833085419726558,world,2.1450070279941427,0.12391681964800227,world,1.7598317683977074,0.13534917416342068,world
stiff_low,world_only,90308,False,True,,1.0,-2.0,short,62,0.04039959266083315,0.12222541266237386,world,0.1014925568306353,0.3064234205696266,world,0.20025797744456214,0.4790610351454233,world,0.3216219474430545,0.7335456421293202,world,0.292802516224765,0.8691820722080592,world,0.20127990554290592,0.9351071252961992,world
stiff_low,world_only,90309,False,True,,1.0,2.0,medium,65,0.046945447102189064,0.055566174327395856,world,0.12595162764191625,0.05030545458430424,world,0.2884879268705845,0.05644763806485571,world,0.9691326279193164,0.07154227318533231,world,1.6864268681034447,0.10427230586210498,world,1.7238749174028634,0.1903891399182612,world
stiff_low,world_only,90310,False,True,,1.0,4.0,short,70,0.047404578886926174,0.059985313564538956,world,0.1306057706475258,0.05729355422081426,world,0.3052083108574152,0.0661322800500784,world,1.0277871949598192,0.08083650555054192,body,1.8371375826187433,0.10823479945102008,world,1.7741668140515685,0.18207697090052533,world
stiff_low,world_only,90311,False,True,,1.0,-4.0,medium,66,0.03562195599079132,0.09849675127770752,world,0.02906549866311252,0.23503702043090013,world,0.03475868358509615,0.3542185416183201,world,0.037863032275345175,0.4349253588108696,world,0.040028373588575056,0.47252566661991297,world,0.04437707175733521,0.49288461074087536,world
stiff_low,world_only,90312,False,True,,1.0,1.0,short,69,0.055773658910766244,0.057598722516559064,world,0.16736286305822434,0.08347414379240944,world,0.31271919880528,0.09916493459022604,world,0.756160093343351,0.11437470437085723,world,2.0431454223871697,0.11574647440429545,world,1.6513886535656639,0.11632200601743535,world
stiff_low,world_only,90313,False,True,,1.0,-1.0,medium,66,0.08976485021412373,0.03536848968360573,body,0.24609083645045757,0.06285331584513187,body,0.45986579228192564,0.07315970340278,body,1.0765695591457187,0.07886309350142255,body,2.3920282202307135,0.09048353738071455,body,1.7456216451711952,0.11187689368860447,world
stiff_low,world_only,90314,False,True,,1.0,2.0,short,66,0.06164922006428242,0.06135027075652033,world,0.1489552448503673,0.061519108654465526,world,0.2640501910354942,0.07459307608078233,world,0.6734023519558832,0.0773190041334601,world,1.9398034986457788,0.09164175032201455,world,1.697745153172873,0.10933386571705342,world
stiff_low,world_only,90315,False,True,,1.0,2.0,medium,65,0.0326913149910979,0.11201831127982587,world,0.03745613186620175,0.33793119441252195,world,0.0512760630401317,0.5838887332007289,world,0.07905880694015649,0.9801283552864334,world,0.10024076446061372,1.20914577505755,world,0.08467174437682842,1.2723154409960262,world
stiff_low,world_only,90316,False,True,,1.0,4.0,short,63,0.034730358980596066,0.11326106393244117,world,0.038646486692596224,0.31445564513560387,world,0.047710683831246575,0.5692046215874144,world,0.07912242149177474,0.9553640707221348,world,0.1047136236607912,1.1827144125199993,world,0.0927207798085874,1.2477049109926157,world
stiff_low,world_only,90317,False,True,,1.0,4.0,medium,84,0.017670893867034465,0.10406322428025305,world,0.020472251489991322,0.2627449743566104,world,0.021035422783461398,0.4167819551017601,world,0.023193219710083212,0.5576929260787438,world,0.02730190947986557,0.6067937517036626,world,0.038864491275453474,0.6253895469158306,world
stiff_low,world_only,90318,False,True,,1.0,-1.0,short,75,0.05462920246645808,0.07056809545611031,world,0.19153785454109312,0.089118719677208,world,0.3666991951409727,0.09372568101098296,world,0.9346785781206564,0.08153758587723131,world,2.228697627282236,0.08116942797350929,world,1.7731301763886587,0.07990513398370241,world
stiff_low,world_only,90319,False,True,,1.0,1.0,medium,65,0.04834384983405471,0.05836098385043442,world,0.15123290279880167,0.08520153084537015,world,0.3050125310663134,0.09812943944125435,world,0.7909799934597685,0.10092736254155171,world,2.0308208356262187,0.10745456393269706,world,1.765927272462286,0.11414121605310357,world
stiff_low,world_only,90320,False,True,,1.0,2.0,short,76,0.049752952763810754,0.06147683260496706,world,0.14685410358943046,0.09633912363788114,world,0.2726145065622404,0.09827415362815373,world,0.682795982400421,0.10751833655813242,world,1.8418929844920058,0.1129862430592766,world,1.682942311160732,0.11446146732487252,world
stiff_low,world_only,90321,False,True,,1.0,2.0,medium,57,0.04368506814353168,0.12984457169659436,world,0.055096953257452695,0.3478432060801424,world,0.06916817683377302,0.6018948109762278,world,0.1244025520485593,0.9732443401560886,world,0.2154215617381851,1.2849497218674515,world,0.19764796788513195,1.3514472686492809,world
stiff_low,world_only,90322,False,True,,1.0,4.0,short,74,0.03192467906046659,0.1345801881980151,world,0.039005236967932434,0.3607677910942584,world,0.05251123257912695,0.5975291206152178,world,0.0828290476812981,0.992883490951499,world,0.09866902154462878,1.2078822431358276,world,0.08104679713374935,1.2648998669307912,world
stiff_low,world_only,90323,False,True,,1.0,-4.0,medium,75,0.027692006900906563,0.10932329786010087,world,0.033052703086286786,0.2515339369419962,world,0.03405243284069001,0.36750803293834905,world,0.03596130899386481,0.4539587431601831,world,0.03748366484651342,0.49149303731846883,world,0.0441877401038073,0.5105517526675977,world
stiff_low,world_only,90324,False,True,,1.0,1.0,short,72,0.06869931006804109,0.1148592522367835,world,0.1595594816841185,0.1050896650645882,world,0.310975230531767,0.10971109716920181,world,0.793756227218546,0.1082027114520315,world,2.0594350449857304,0.11865719590496154,world,1.7389103891747073,0.1151408889880986,world
stiff_low,world_only,90325,False,True,,1.0,1.0,medium,80,0.04003945947624743,0.05685677635483444,world,0.13902489910833538,0.06970679259393364,world,0.26024862721096725,0.07822350788628682,world,0.6768009337945842,0.08856110367341899,world,1.8528286527551245,0.11149008175998461,world,1.7159717076155356,0.13957293672719973,world
stiff_low,world_only,90326,False,True,,1.0,2.0,short,73,0.0570328023750335,0.08572987210936844,world,0.19404142913408579,0.09425033833831549,world,0.37394362410996107,0.09648545434465632,world,0.9744480581139214,0.10004985613049938,world,2.2063645918446126,0.09853368616313674,world,1.8281667744577863,0.10286967713123886,body
stiff_low,world_only,90327,False,True,,1.0,-2.0,medium,78,0.02859001373872161,0.1195485478383489,world,0.04954730016179383,0.27806560759199783,world,0.06025847507407889,0.39676980395743155,world,0.06091187666170299,0.5693745771874091,world,0.05992983828182333,0.6781859512626398,world,0.05826126802479848,0.7294821523614519,world
stiff_low,world_only,90328,False,True,,1.0,-4.0,short,74,0.028863050742074847,0.09211274600238539,world,0.036025814345339316,0.19605177327175627,world,0.04272937318019103,0.31566181440430224,world,0.04349050585151417,0.46898319166939473,world,0.04561458142343326,0.5371560574800242,world,0.052383877193497026,0.567791487872346,world
stiff_low,world_only,90329,False,True,,1.0,4.0,medium,75,0.033275896101258695,0.08152152574621141,world,0.022262190937181,0.2332185049308464,world,0.0240736998806824,0.38128765197470793,world,0.028033309974853184,0.5062811445153784,world,0.03406429861970537,0.5458183744922281,world,0.04902751487054047,0.5689005866298976,world
stiff_low,world_only,90330,False,True,,1.0,1.0,short,82,0.07095025316812098,0.05367768678115681,world,0.21020584967918693,0.08610076435143128,body,0.4103374311933294,0.11099484202568419,body,1.0312676941161043,0.1276872598537011,body,2.2755292995425407,0.13249756065924884,world,1.8264625053317285,0.1378202920241165,body
stiff_low,world_only,90331,False,True,,1.0,1.0,medium,61,0.04868825851008296,0.050091205979697406,world,0.12592619722709059,0.06086039792280644,world,0.25264657861553136,0.0652669963252265,world,0.6598065751371904,0.08324681984668131,world,1.7175262692733666,0.098008522951568,world,1.6519835240906104,0.12611411732563282,world
stiff_low,world_only,90332,False,True,,1.0,-2.0,short,70,0.045531547046266496,0.12184208736289293,world,0.11941215367987754,0.3295435813488439,world,0.22807941603241488,0.5221059819101356,world,0.39106071391142905,0.7778294234274653,world,0.3580333493708167,0.9055915462326084,world,0.2674193522729911,0.9704262204069528,world
stiff_low,world_only,90333,False,True,,1.0,2.0,medium,72,0.05650788638740778,0.047399864823091775,world,0.1495515525341034,0.06368741550249979,world,0.3229407899081707,0.07461703679873607,world,0.9537303319200874,0.08828762683260721,world,1.7233791097067295,0.1286178600610583,world,1.7119390442594886,0.17720147705229466,world
stiff_low,world_only,90334,False,True,,1.0,4.0,short,61,0.02625346020795405,0.15785993222380057,world,0.0259516547084786,0.3370102131157182,world,0.028911151108331982,0.5394029380986467,world,0.03992847242043354,0.7232008267281343,world,0.043944030828424734,0.8237898368548485,world,0.054049782106885685,0.8714213327536708,world
stiff_low,world_only,90335,False,True,,1.0,-4.0,medium,77,0.03238863847218454,0.11380784236826003,world,0.03568209740333259,0.2503115443338174,world,0.03689033592818305,0.37915251608064865,world,0.039971409691497685,0.46022604727622823,world,0.04137719830032438,0.493801917496603,world,0.046044444851577285,0.5122844348500075,world
stiff_low,world_only,90336,False,True,,1.0,-1.0,short,76,0.058127117808908224,0.056473275588359684,world,0.14564231587573886,0.09213430926902219,world,0.288183663552627,0.10280961870448664,world,0.7245477749733255,0.10232231240370311,world,2.0136321797384884,0.10243633523932658,world,1.7440892310952767,0.10757194839912698,world
stiff_low,world_only,90337,False,True,,1.0,1.0,medium,60,0.049698577960953116,0.03241864196024835,world,0.12779603418894112,0.055079915188252934,world,0.2307848057942465,0.07123447257326916,world,0.5494437418528832,0.08080013615544886,world,1.5844052856613415,0.09077213158816448,world,1.5605060704727656,0.11491299590648849,world
stiff_low,world_only,90338,False,True,,1.0,2.0,short,58,0.05269788182340562,0.08960283605847508,world,0.18042547847144308,0.09550876044668258,world,0.3453623896231875,0.09909614359494298,world,0.8456431620637886,0.10300203611841424,world,2.0831977783178446,0.11475885409745387,world,1.7855466682626866,0.12334145276370691,world
stiff_low,world_only,90339,False,True,,1.0,2.0,medium,61,0.03299929527565837,0.04202043265104294,world,0.106394855491817,0.05740185574395582,world,0.2843051300384104,0.060370614117709914,world,1.0889404349494725,0.07686225834477228,body,1.6695129975909366,0.11218259137676795,world,1.7398653857503086,0.19230325653625185,world
stiff_low,world_only,90340,False,True,,1.0,4.0,short,57,0.04959359602071345,0.06343309511430562,world,0.1217259714845568,0.06893103297334165,world,0.218448277679272,0.0780055310082389,world,0.548789566627238,0.08764192216767697,world,1.7215580045536627,0.09308248027591616,world,1.6693432402354664,0.09804630227066809,world
stiff_low,world_only,90341,False,True,,1.0,4.0,medium,71,0.019262245390564203,0.07885445817373693,world,0.022576837468659506,0.20728851074673005,world,0.024754875485086814,0.3694605571094144,world,0.029203867219621316,0.5320048711084382,world,0.03523964720370713,0.5850091281490677,world,0.05026136700180359,0.612505898109448,world
stiff_low,world_only,90342,False,True,,1.0,1.0,short,69,0.056146237533539534,0.06729108060244471,world,0.1462156911380589,0.08929097328800709,world,0.2858278723899275,0.09414056928362696,world,0.7197597201215103,0.10150451745139435,world,1.9955090058618226,0.10263808212694128,world,1.7370567605504768,0.10366410174028715,world
stiff_low,world_only,90343,False,True,,1.0,1.0,medium,70,0.051604931242763996,0.09349666349589825,world,0.15003583868965506,0.0906028378289193,world,0.2839567842427641,0.09560272458475083,world,0.7166243839310482,0.09858708433166612,world,1.9814617134281434,0.10723419736459619,world,1.6759574155369774,0.11741490745189367,world
stiff_low,world_only,90344,False,True,,1.0,2.0,short,65,0.04450586764141917,0.05431385844713077,world,0.11675890358164906,0.08321302213007584,world,0.22171836863271893,0.09448207899113187,world,0.5958939121803268,0.09137699201237409,world,1.582840505137574,0.10917921935615596,world,1.6356872994778677,0.13197235477418873,world
stiff_low,world_only,90345,False,True,,1.0,-2.0,medium,75,0.016962758993031457,0.12939541693776846,world,0.03493739128462039,0.24559868078213185,world,0.042716789056430574,0.3469438568514306,world,0.04697809081844752,0.5175504558748798,world,0.04997664939073729,0.6075716308827396,world,0.054044226342521144,0.6537302110379096,world
stiff_low,world_only,90346,False,True,,1.0,4.0,short,59,0.038797888439148664,0.03853476786753163,world,0.11443116860464214,0.04605977353639901,world,0.29917978704907,0.05880219228274655,world,1.151127893407829,0.06640169266465817,body,1.7884422320523299,0.09323111112971674,world,1.8034574308851736,0.1812371690638247,world
stiff_low,world_only,90347,False,True,,1.0,-4.0,medium,63,0.03482100856490433,0.10756986774504185,world,0.03457312999526039,0.2448976799962111,world,0.03878172381664626,0.37203305293223826,world,0.042298364688758736,0.46353177500132003,world,0.04421264746488304,0.5060398801375413,world,0.04797400021052454,0.5267609955713851,world
stiff_low,world_only,90348,False,True,,1.0,-1.0,short,77,0.058042032178491354,0.0519567287992686,world,0.15972898406907915,0.0815342324320227,world,0.3131843879353255,0.08324566738738212,world,0.8110200419789181,0.09037151826923946,world,2.0892043780419045,0.09305748337137629,world,1.7659092334611342,0.09165020278567682,world
stiff_low,world_only,90349,False,True,,1.0,1.0,medium,63,0.06803804123774171,0.050652110134251416,world,0.1697272275574505,0.0727654749294743,world,0.3151659757364541,0.09284641665290111,world,0.7461107928538695,0.1116214868350653,world,2.0032001352054065,0.12311066982947523,world,1.7227561979787425,0.13008154112671036,world
stiff_low,world_only,90350,False,True,,1.0,-2.0,short,79,0.03502388170454651,0.11080460727680475,world,0.10600044062593951,0.3213005306781269,world,0.21022724117501643,0.5031845269782934,world,0.3492728289362276,0.7704483038658508,world,0.30986001005658176,0.904484915919602,world,0.21638867977366316,0.9642813594692415,world
stiff_low,world_only,90351,False,True,,1.0,2.0,medium,75,0.021078230813145638,0.1249204957857728,world,0.05127286695642397,0.3368971249437891,world,0.09560813985299318,0.6133412144321483,world,0.2636812248325441,1.0162764405278724,world,0.7184954237221972,1.4942214556227555,world,0.5543150136235635,1.7623778909893009,world
stiff_low,world_only,90352,False,True,,1.0,-4.0,short,76,0.025931829353794456,0.1262364552821964,world,0.04237066427012906,0.271919302130118,world,0.053942273627035325,0.38024810297647493,world,0.056132369604893026,0.5438059120147954,world,0.0557714524155017,0.646094974380685,world,0.05625398702453822,0.6969064366153906,world
stiff_low,world_only,90353,False,True,,1.0,-4.0,medium,65,0.03725527960341424,0.09498259436804801,world,0.040572310285642746,0.24077176502905784,world,0.03799955759895965,0.37335167661076407,world,0.03896672779810615,0.4676465552212903,world,0.0406675210018875,0.5102773307576172,world,0.04793305290979333,0.5301001652630294,world
stiff_low,world_only,90354,False,True,,1.0,-1.0,short,72,0.07582784816622734,0.04973743375740014,world,0.20206228103488683,0.08696971160243266,world,0.3909935227595269,0.08460365255305077,body,0.9745267617981881,0.09902728184097215,world,2.2986862303456292,0.10411824865077507,body,1.7080297655519097,0.10089649209257914,world
stiff_low,world_only,90355,False,True,,1.0,1.0,medium,71,0.04981742310337722,0.06799077743198723,world,0.14827580736018717,0.07262000176124275,world,0.2862358237849548,0.08954996841493995,world,0.7257949905120767,0.10226415500801522,world,1.9223184878763278,0.10825054299202748,world,1.6717588982288727,0.12682331785392306,world
stiff_low,world_only,90356,False,True,,1.0,2.0,short,78,0.05091847269795835,0.06784488924313337,world,0.1317920605186373,0.06341485413140617,world,0.25384005524683745,0.07789842090278398,world,0.6423298328765668,0.08431660481583095,world,1.7528914471913595,0.0874317667032301,world,1.6908415166218764,0.09140792985766893,world
stiff_low,world_only,90357,False,True,,1.0,-2.0,medium,69,0.027861744281835854,0.10684893501456827,world,0.06417877471540123,0.2657961186254397,world,0.08989720481913535,0.4103998151491396,world,0.09149079855415039,0.5761537944956218,world,0.08322657782409806,0.7045731383303063,world,0.07272072954219766,0.7690477651727269,world
stiff_low,world_only,90358,False,True,,1.0,4.0,short,74,0.06317475996911526,0.04154815158108249,world,0.13759322194382548,0.052958436671178784,world,0.27051562289707365,0.06979133886634373,world,0.7669356519123539,0.08136050363245886,world,1.5306548147345893,0.10318926031904993,world,1.6556412197230383,0.14706995217886287,world
stiff_low,world_only,90359,False,True,,1.0,-4.0,medium,57,0.02814458275679499,0.08965207351138815,world,0.03800003279466182,0.23508743214188144,world,0.04020929627586156,0.36162616903311573,world,0.0422802000422962,0.45918647497601345,world,0.04295954143162817,0.5012672554847085,world,0.04800274122040719,0.5233566976245493,world
stiff_low,body_world,90360,True,True,m,1.436507707360915,1.0,short,74,0.14850522112101316,0.1416074922599364,body,0.43059390038251877,0.4179422219109256,body,0.8113942086696624,0.7450568218162517,body,1.6487533217761665,1.1977105141690116,body,2.5656180771300567,1.7135590950296318,body,1.8981116284243762,2.0913166764486233,body
stiff_low,body_world,90361,True,True,l,1.4256287739373548,-1.0,medium,60,0.08721361681818962,0.13793892972171307,body,0.20660148637834935,0.3735256705898792,world,0.34848383195931093,0.6515945700928568,world,0.4675087160954718,1.0023424088489263,world,0.4867453916958766,1.2000005022098776,world,0.32137218841467985,1.2345306272734888,world
stiff_low,body_world,90362,True,True,m,1.4329806398316671,-2.0,short,74,0.08398786070756614,0.1352115060435608,body,0.26345913894474504,0.44398145034210756,body,0.4698046477860771,0.7589604376378702,body,0.7295661445416044,1.1406779895274666,world,0.7303228606557242,1.2980833566500223,world,0.39953593265847304,1.314026625781553,world
stiff_low,body_world,90363,True,True,l,1.210563351806276,-2.0,medium,77,0.03254671522881836,0.12297422142000869,world,0.09748884525615721,0.3111253355280496,world,0.13926268839277328,0.46357396954554136,world,0.14399775170604698,0.6861020525597269,world,0.15013682414137294,0.8154076690552756,world,0.1048734804347623,0.861608786044235,world
stiff_low,body_world,90364,True,True,m,1.372696280105733,-4.0,short,58,0.033295328728854656,0.12707987567409873,world,0.07687493418343365,0.3075364585500211,world,0.09798132815631105,0.5142172646825203,world,0.11019159532152116,0.7509612837980968,world,0.11503213110263458,0.8006251136466744,world,0.08628379535162822,0.8143191243201727,world
stiff_low,body_world,90365,True,True,l,1.2749895656307437,-4.0,medium,74,0.04501593526219949,0.10953927016817033,world,0.07593508873833343,0.32659889878705145,world,0.11505724255694076,0.5379812268714885,world,0.13159395015100017,0.7433876135939499,world,0.14274552853312342,0.7798311937731341,world,0.09893141085281969,0.7784605900853058,world
stiff_low,body_world,90366,True,True,m,1.3066897985826524,-1.0,short,69,0.12525403266772628,0.13371984381228685,body,0.40182419335469605,0.39566180258989336,body,0.7830857863184064,0.7221959666348994,body,1.6030234307283535,1.149010671675205,body,2.576590251305606,1.636640386329964,body,1.981284312652424,2.0302434994466605,body
stiff_low,body_world,90367,True,True,l,1.3576619828175316,1.0,medium,62,0.120700987521559,0.053389272128697485,body,0.36676854761317373,0.08224438071483746,body,0.7428122120443732,0.15184578353655526,body,1.7946823076577856,0.3573590304615209,body,3.296054909809027,0.7578016871659201,body,2.9799579310277475,1.5264083170547382,body
stiff_low,body_world,90368,True,True,m,1.4143053583788585,2.0,short,60,0.13622340187430382,0.03213502571452409,body,0.3986678967252374,0.08856035016942769,body,0.7646417525596917,0.16015383546473458,body,1.859718426177278,0.38740466405288315,body,3.2474317035870626,0.7915002985304453,body,2.8719662085827435,1.5509450801613276,body
stiff_low,body_world,90369,True,True,l,1.3743712386074276,-2.0,medium,67,0.06597722717560828,0.1317310829181224,world,0.15834555791225285,0.36148267935495826,world,0.2615995701751672,0.6249333461397327,world,0.31679625728866084,0.8848148075630888,world,0.3375881854095496,1.0359870029431477,world,0.21793622072553265,1.058607415521692,world
stiff_low,body_world,90370,True,True,m,1.5116611087725051,4.0,short,61,0.05925052997190505,0.14279513960354961,world,0.14241977555211635,0.43863205251400356,world,0.1738943488919176,0.6455269295634933,world,0.1935021815414075,0.9424764948533266,world,0.2184187698556343,1.0801500307723473,world,0.14646302358363755,1.1127650970483227,world
stiff_low,body_world,90371,True,True,l,1.462891218935012,4.0,medium,69,0.08354839030653238,0.16205641074338928,body,0.18360892042983323,0.4229862609761767,world,0.23740018914686517,0.7061938922328409,world,0.31079545440734363,1.098430224569165,world,0.386311883237795,1.3037549607004622,world,0.2694076271622908,1.3192955354397418,world
stiff_low,body_world,90372,True,True,m,1.6331779731038802,-1.0,short,65,0.10992844868451357,0.18187010614201427,body,0.3570859581232071,0.5172586849890649,body,0.6220680956728757,0.9436197884846478,body,0.9673230667132884,1.4274535288393961,world,1.0489124381972943,1.6009752767306054,world,0.6284271327825264,1.5523799305921422,world
stiff_low,body_world,90373,True,True,l,1.2018022497580947,-1.0,medium,66,0.06631527456920594,0.1204774115467444,world,0.19146448192186655,0.3266512784524821,world,0.38236443237401546,0.5942159578378778,world,0.6474109730450437,0.9396288355666912,world,0.7300778091594111,1.1315549217149963,world,0.40843176434049383,1.1825334541738266,world
stiff_low,body_world,90374,True,True,m,1.3280228263513763,-2.0,short,73,0.055751683976268396,0.11750537599436939,world,0.1581551549199503,0.36287101670750416,world,0.2601422099483898,0.6383131216309267,world,0.2797802177767153,0.8558874058609944,world,0.2653672987849859,0.9810404187805033,world,0.16455472399102292,1.0114344384618015,world
stiff_low,body_world,90375,True,True,l,1.308876304017658,2.0,medium,65,0.057835647428873926,0.16039731167256832,world,0.14723118917318062,0.4235570761375129,world,0.19524152708472686,0.7001804696163163,world,0.28647198142134583,1.1682662686565892,world,0.3528025940438965,1.407674578006845,world,0.25212434850051063,1.434330681692809,world
stiff_low,body_world,90376,True,True,m,1.5016949779873145,4.0,short,70,0.07166368438629434,0.1641701873159036,world,0.1786394707422005,0.47562185543356467,world,0.24001132522389523,0.7911401447548997,world,0.3058608625906345,1.2470732569374376,world,0.3562316459316207,1.3853180342222913,world,0.23682645890177811,1.3844269032153533,world
stiff_low,body_world,90377,True,True,l,1.2414565409093206,-4.0,medium,66,0.043724141956772655,0.13418332347646356,world,0.11084024884039537,0.31681743055814876,world,0.14283452563104218,0.508432012150297,world,0.15522180879779626,0.8020196475132252,world,0.16581701314862585,0.9329885777224262,world,0.11407563462562394,0.9676053227562806,world
stiff_low,body_world,90378,True,True,m,1.4238236120964585,1.0,short,66,0.10459265182726085,0.054444056237116456,body,0.3447949575725943,0.09646201767027378,body,0.678142308187671,0.17880339298862963,body,1.6733576125116087,0.4202488277689554,body,3.1547407935664524,0.8250687253254001,body,2.725428843789268,1.570468389133457,body
stiff_low,body_world,90379,True,True,l,1.2836548774066676,-1.0,medium,64,0.07935848523629829,0.11990066422731616,world,0.23629041560925546,0.35769176261965185,body,0.4310509454866406,0.6449613723147194,body,0.7291895076137733,1.0293579269695328,world,0.83905822175293,1.231726997936494,world,0.48495022244227587,1.265081156633969,world
stiff_low,body_world,90380,True,True,m,1.3621236417497946,2.0,short,70,0.15022431733086705,0.09280267427675426,body,0.45376762421801686,0.20473926500417292,body,0.8883117357734591,0.35800713531207295,body,1.8789898635121063,0.6427131814649328,body,3.1472432800219394,1.1306483680033126,body,2.685589391984977,1.7861792847001927,body
stiff_low,body_world,90381,True,True,l,1.3983378082528164,-2.0,medium,74,0.062426290940493345,0.1411444031400606,world,0.16576885019894688,0.3998584191984264,world,0.24371018185047433,0.6063060036263779,world,0.27619999125017786,0.8874240996890876,world,0.30566226202936375,1.058279594106352,world,0.21258662033244036,1.0833622644776915,world
stiff_low,body_world,90382,True,True,m,1.3509200717074077,-4.0,short,74,0.04762778419535607,0.13621486444026232,world,0.09834088732022792,0.2963044366566464,world,0.12241293613333255,0.46695460547925904,world,0.13155083960155026,0.711833691426,world,0.13307954398915173,0.8018772326922772,world,0.09303454702254385,0.8280138067026566,world
stiff_low,body_world,90383,True,True,l,1.2311925915846564,4.0,medium,58,0.027734067320125178,0.11010474828071892,world,0.07685195422382095,0.29051140933879654,world,0.10530071975372265,0.4817801365599734,world,0.11243677209567976,0.6856229579352658,world,0.11605660079731024,0.7471823964260692,world,0.08470654171745992,0.7649002368143556,world
stiff_low,body_world,90384,True,True,m,1.524037917146982,-1.0,short,63,0.1108602611348033,0.18163218535482883,body,0.3258113195421174,0.4742074582492932,body,0.5909262501285412,0.8423162098973989,body,1.0034083686594386,1.4026024595252238,body,1.1518850833905163,1.6261361672033674,world,0.7113102857780178,1.601296849649807,world
stiff_low,body_world,90385,True,True,l,1.3531822605860213,1.0,medium,58,0.08672529715113342,0.03659100586082786,body,0.2451531661208719,0.06119605120038614,body,0.4741304867668077,0.07404193179099822,body,1.1661289204261265,0.10035582491836977,body,2.479834835062502,0.19435124056617498,body,2.6598655869136563,0.9986800801119534,body
stiff_low,body_world,90386,True,True,m,1.3095845696334245,2.0,short,61,0.10215161298401654,0.055618117679841816,body,0.33070070506073534,0.0645052982494235,body,0.643429686431773,0.10059665287844838,body,1.5684453880065123,0.2441273288335651,body,3.1068143253040033,0.6451677749864757,body,3.0692724158172497,1.4361701289005577,body
stiff_low,body_world,90387,True,True,l,1.3723802328668413,-2.0,medium,61,0.04600535600911826,0.1542084040120244,world,0.15194061091169717,0.3870642713736743,world,0.21249733075965196,0.5881508503865915,world,0.2463739553582855,0.8635288930061507,world,0.2749965700262692,1.033037114010949,world,0.1848812038777396,1.0723368600924732,world
stiff_low,body_world,90388,True,True,m,1.6369604542264304,4.0,short,64,0.10596068936865777,0.17077764391433448,body,0.26584202542435376,0.4967735202750191,body,0.4613598396419547,0.9133273824932986,body,0.8579634152760264,1.481564939575037,world,1.1180202730320161,1.84992392565764,world,0.7748691920295825,1.815733185064746,world
stiff_low,body_world,90389,True,True,l,1.4434986184388112,4.0,medium,68,0.0649270013673231,0.13414700562134385,world,0.1555312652839348,0.3868390604329761,world,0.21314766305731608,0.6480183307459811,world,0.2653860791993793,0.9487100601065322,world,0.3148060772655299,1.147914104458323,world,0.2164542444155086,1.168835171232058,world
stiff_low,body_world,90390,True,True,m,1.628686273513856,1.0,short,63,0.14160795451607555,0.15571269346401095,body,0.43029531415086236,0.4522720054723322,body,0.8123136056005024,0.8552671846468002,body,1.5930616122379435,1.4654698151629417,body,2.5270430677890543,1.993701038393192,body,1.8608859451988247,2.2427431649994105,body
stiff_low,body_world,90391,True,True,l,1.4997252692437577,-1.0,medium,60,0.10137601313181221,0.13460016553290188,body,0.3023788425605744,0.4146512331208214,body,0.517167617357336,0.75365640015807,body,0.8436831641360185,1.240834198804805,world,0.9961619532725308,1.5095769635488976,world,0.6257870547939092,1.5309441213437822,world
stiff_low,body_world,90392,True,True,m,1.4793682183432437,2.0,short,56,0.09685164107941091,0.02505072538042441,body,0.23349849614314735,0.04525736548239365,body,0.43851282352115956,0.06276342061464674,body,1.1488948606769553,0.13058893585402984,body,2.5240082662960046,0.4950684356983402,body,2.7401269732206126,1.3668720350234072,body
stiff_low,body_world,90393,True,True,l,1.373838534697687,-2.0,medium,80,0.08095149137079716,0.120493731694296,world,0.20316443112678825,0.35357727853115645,world,0.32596114403568205,0.6267036954290234,world,0.4347523309115786,0.9725762369635048,world,0.4483342405204894,1.1499943123169942,world,0.28083637325791644,1.175702146930853,world
stiff_low,body_world,90394,True,True,m,1.374879786515465,4.0,short,58,0.055155667825601995,0.14700375497341156,world,0.11119009824469686,0.43123430362902576,world,0.1437523315078579,0.6654070952208713,world,0.15586502963560633,0.9076995367300696,world,0.1751196933822939,1.0612839554712992,world,0.12018122250796295,1.1086427348172583,world
stiff_low,body_world,90395,True,True,l,1.2278138310881848,-4.0,medium,72,0.0320616248936858,0.09932225901866332,world,0.07030391155276448,0.30506649265298613,world,0.0957124676380772,0.4847469296044437,world,0.1027768951782491,0.6555654823489021,world,0.10903363411489408,0.691778953919129,world,0.08089212020742707,0.6982425372583384,world
stiff_low,body_world,90396,True,True,m,1.5997246997728216,1.0,short,76,0.15274309273809195,0.18933759350329638,body,0.41291442876681683,0.5130558107048273,body,0.7668878484517336,0.8643336395733059,body,1.5210926946252585,1.4768612487707287,body,2.180793086613994,1.9845416942844167,world,1.7007390983612276,2.0937571873981504,world
stiff_low,body_world,90397,True,True,l,1.2083810902658325,1.0,medium,74,0.09854828985407948,0.052262796787545085,body,0.2908166519366205,0.06360784030985088,body,0.5519557293038815,0.08766735716490075,body,1.3372949396958576,0.0926393502188148,body,2.5558379716123456,0.09184881938708714,body,2.095410638037138,0.2750791262969141,body
stiff_low,body_world,90398,True,True,m,1.605681322392905,2.0,short,61,0.1390859829261899,0.09321199695114046,body,0.404794299788773,0.2237411129521206,body,0.7570388258434833,0.3781869691214524,body,1.6143710945267231,0.7412995496415533,body,2.6643901882926,1.2952159559994472,body,2.365856320457533,1.9420775102521293,body
stiff_low,body_world,90399,True,True,l,1.216354811034764,-2.0,medium,60,0.04324483944219537,0.11117071245098487,world,0.10778033801470883,0.3107126268558204,world,0.15272162080800625,0.4717359927948564,world,0.15830393596115758,0.6918556041462579,world,0.16311093147160138,0.8319930964848026,world,0.11083599978737767,0.8744264728274721,world
stiff_low,body_world,90400,True,True,m,1.3999353886758357,4.0,short,71,0.061671985080465674,0.18822758831083775,world,0.14163641590275802,0.4708263339940459,world,0.18888463391631377,0.7554956113919616,world,0.23288670612237186,1.1594971046608407,world,0.2687151218611689,1.2884675811306807,world,0.18050087211740903,1.313649100503535,world
stiff_low,body_world,90401,True,True,l,1.3909618610188579,-4.0,medium,64,0.08332830504514277,0.13645681890193373,world,0.183416636538459,0.34265247732400894,world,0.24529290104692336,0.5547319926612545,world,0.27444992120581446,0.8806517418794101,world,0.29675863495431254,1.0590606685189414,world,0.20416595013550248,1.0826943794003454,world
stiff_low,body_world,90402,True,True,m,1.4765881692612393,-1.0,short,72,0.0957518481882289,0.1610325356014073,body,0.2983896359568462,0.4722927002236247,body,0.529039295844268,0.8647437281790189,body,0.8440220911928918,1.2929963917238636,world,0.9031859206879744,1.470453264997923,world,0.5204953379207291,1.4573141400807073,world
stiff_low,body_world,90403,True,True,l,1.2287348099119875,1.0,medium,60,0.05357677396386862,0.03671456506708637,world,0.1593798903748393,0.04094147421128582,world,0.43910529864951964,0.04651050175161799,body,1.6141606708522886,0.04547391476735356,body,2.0220330788521093,0.04577727294490615,world,1.9327056625019758,0.04813359899024362,body
stiff_low,body_world,90404,True,True,m,1.5959684874168683,-2.0,short,61,0.08925994415767491,0.20203598216176033,body,0.23559667943045498,0.5325022346456535,body,0.3551837120903656,0.8964938121906016,world,0.38326104246079923,1.1696044721204086,world,0.3952017839008477,1.2950725040413091,world,0.2557562105334364,1.2843925835151457,world
stiff_low,body_world,90405,True,True,l,1.4263406910614387,-2.0,medium,77,0.053045834705699235,0.13611569837667048,world,0.17602466038661077,0.3766315339133144,world,0.2367908787506167,0.5819196267868392,world,0.26949406268831805,0.8623371411056724,world,0.3075694927669247,1.0185236409044591,world,0.2153466603445122,1.0523944966738417,world
stiff_low,body_world,90406,True,True,m,1.5761825745829299,-4.0,short,68,0.08993056532926857,0.17447691224515438,body,0.21922482373192909,0.5170050554414047,body,0.2976847182027995,0.7933092180042877,world,0.3157909060828388,1.0885385066438176,world,0.3362167631974444,1.2225169201406971,world,0.22788375734817234,1.2294364234745443,world
stiff_low,body_world,90407,True,True,l,1.3075505965528191,-4.0,medium,60,0.05899968242738396,0.17197994072921574,world,0.1392469360900577,0.39750707083148884,world,0.1937092402455164,0.6021573960722889,world,0.2162115061408258,0.9055032301548636,world,0.2410431462507404,1.0758015397470444,world,0.16489005290175557,1.1181744560948574,world
stiff_low,body_world,90408,True,True,m,1.5508532757037867,1.0,short,74,0.12659376626834273,0.14507711058831774,body,0.4297758779488504,0.4398127081047277,body,0.8270333222579211,0.802371974856942,body,1.669421490910463,1.2770578769079295,body,2.6605832761037163,1.796915745551087,body,2.0089726771740244,2.1550771501669077,body
stiff_low,body_world,90409,True,True,l,1.386472676208235,1.0,medium,62,0.11246166937053204,0.13360487879253924,body,0.40429219249635934,0.34088317211717367,body,0.7826869743876159,0.5952133312239312,body,1.645722992392257,1.069564754300518,body,2.739351622783579,1.603203717604629,body,2.1910554974200203,2.066043445201358,body
stiff_low,body_world,90410,True,True,m,1.305798982810204,2.0,short,73,0.12849098118022084,0.09230233309790492,body,0.43218437833711504,0.23283671727403998,body,0.843915788969025,0.3768035766668617,body,1.844331497582607,0.7411522232927382,body,3.0414235477685,1.237603284069337,body,2.5193557769199835,1.8671215567644686,body
stiff_low,body_world,90411,True,True,l,1.201605261104429,-2.0,medium,64,0.05632561381207779,0.11939187371172011,world,0.12603286512894554,0.2974890819750726,world,0.23001791841234082,0.5264575834968127,world,0.2945789486140711,0.7663573631012696,world,0.2797676638860139,0.9244516179394849,world,0.17329566431872082,0.9727483217910048,world
stiff_low,body_world,90412,True,True,m,1.6785527327767333,-4.0,short,66,0.0735259746434167,0.15738916886039078,world,0.1453273864230141,0.43211194772738964,world,0.1637820927775465,0.6903283140738494,world,0.20275607786024918,0.9564118593058083,world,0.22778904881270137,0.9968430594453821,world,0.15402018157183192,0.9934606041625375,world
stiff_low,body_world,90413,True,True,l,1.497413653722908,4.0,medium,68,0.07479800120927393,0.15345963858999312,world,0.17598355901427568,0.4126728380302666,world,0.23823539260774848,0.6787021568787168,world,0.3057971871457994,0.987102449071972,world,0.3628060379473027,1.1836312730581993,world,0.24976879320805892,1.1899522554481519,world
stiff_low,body_world,90414,True,True,m,1.6384059842206313,-1.0,short,67,0.10575698292814195,0.1450365341734141,body,0.2847766977734864,0.45189453368075194,body,0.47309418842196466,0.8303521959576755,body,0.5875143154873513,1.2297579677077008,world,0.5965637811663328,1.3577957464265638,world,0.37751976604122317,1.3429890081798657,world
stiff_low,body_world,90415,True,True,l,1.4445958942354706,1.0,medium,61,0.05776800960302353,0.022298200870864093,world,0.20598318399861454,0.028382050548680125,world,0.5237778319511562,0.03959842630429194,body,1.7144002135144547,0.08407107303501107,body,2.2499756304197946,0.38967911252111664,world,2.1803406309941784,1.2579225636844056,body
stiff_low,body_world,90416,True,True,m,1.4228738912776615,-2.0,short,70,0.08855459041660652,0.15043029352091253,body,0.25917070305440576,0.4591814135666936,body,0.46918847482884307,0.7898903510475066,body,0.7279327889496926,1.1785756068566118,world,0.7381125342013546,1.3396994024646118,world,0.40377684834995303,1.3445461657230044,world
stiff_low,body_world,90417,True,True,l,1.412003609654068,-2.0,medium,63,0.07505150558426976,0.13661034917458892,world,0.18371607870794834,0.38198702742811297,world,0.2963440654333681,0.6704295391216873,world,0.38587614495772865,0.9794037763640517,world,0.40066085287835446,1.1534208531717014,world,0.25197854462661784,1.1611299838701963,world
stiff_low,body_world,90418,True,True,m,1.6633408277228265,4.0,short,65,0.10345606040209532,0.09391704550944269,body,0.2982047147117555,0.2423014843137935,body,0.626049056602642,0.40380152668803926,body,1.646453834674321,0.8448616419103929,body,2.219341826613527,1.3855710634321439,world,1.9801542918919586,2.009204680353869,body
stiff_low,body_world,90419,True,True,l,1.4868039659450991,-4.0,medium,75,0.07622344768606126,0.1568684170488268,world,0.2031645465642214,0.42659860351122914,world,0.3127103888895363,0.6893832397181541,world,0.36468848066870124,1.0264369731186889,world,0.4116542307077907,1.2363519695063587,world,0.2925398030783981,1.2409034088015325,world
stiff_low,body_world,90420,True,True,m,1.5449902128447706,1.0,short,63,0.1660826182924211,0.0918238703161478,body,0.4847462105564773,0.23390592532232404,body,0.9080297654028981,0.3873936156509444,body,1.942101376573555,0.7873481954331509,body,3.0538603992550635,1.3330280518333895,body,2.7729001172585415,1.9605815064231864,body
stiff_low,body_world,90421,True,True,l,1.3429074718778478,1.0,medium,68,0.062105164397507906,0.026677021523937583,world,0.18680831771343948,0.046784611546900126,world,0.3939438666217029,0.061378826870350164,body,1.073897360963747,0.08430487694859039,body,2.0234581764554602,0.12151611805747961,world,2.5187564915325495,0.7161057062720647,body
stiff_low,body_world,90422,True,True,m,1.4859152920245902,2.0,short,56,0.08276579855009913,0.03899800940416753,world,0.24668627753853797,0.05377616656478495,body,0.46898987609893084,0.06810932839289308,body,1.1675004039891066,0.11784311037044973,body,2.635227672988549,0.4521346145542338,body,2.8817271011509002,1.320941963950172,body
stiff_low,body_world,90423,True,True,l,1.4537628318674107,-2.0,medium,61,0.06998491095146164,0.13426432671258226,world,0.23664318489609285,0.3789247239998076,body,0.37877241176902315,0.6608104118757183,world,0.4920754408900393,1.030021234905871,world,0.5211386879076599,1.243761330754933,world,0.34444496299431193,1.2611326544414625,world
stiff_low,body_world,90424,True,True,m,1.5039422662674549,-4.0,short,72,0.05989172600675374,0.13967447041068226,world,0.1349455605261028,0.35799330289009956,world,0.18142892816103995,0.6177607380319388,world,0.19852087411563846,0.9020408028765815,world,0.20531378271989523,0.9637306917706157,world,0.12819665645249187,0.9928958205837988,world
stiff_low,body_world,90425,True,True,l,1.484051795950852,4.0,medium,66,0.06887940876185894,0.12697651458438486,world,0.15415391544811427,0.38528981514973565,world,0.21919591955374923,0.6618004703021143,world,0.2873701529228128,0.9643307000835194,world,0.3469820166763384,1.1619621004625516,world,0.23835441012866798,1.179009580090933,world
stiff_low,body_world,90426,True,True,m,1.499613542769097,-1.0,short,68,0.09609976992942393,0.1437217037891969,body,0.30677133160643283,0.44562631898443217,body,0.5630170651478693,0.8349271773797227,body,0.9042251455015503,1.3032968242696372,world,0.996971582598053,1.4985967190958036,world,0.5876737220631912,1.4851595398699282,world
stiff_low,body_world,90427,True,True,l,1.2434438593395136,1.0,medium,67,0.07719047600403428,0.04568891128292307,world,0.1901820125989616,0.06428166130790487,world,0.35979649345390496,0.07537086409865879,world,0.9346024539088831,0.08474092039687094,world,2.17284105400322,0.10740257353027119,world,2.254683813820593,0.6009098736679881,body
stiff_low,body_world,90428,True,True,m,1.5747146197091175,2.0,short,64,0.12051474303007126,0.15196061809547246,body,0.4028922149911523,0.5083466805517675,body,0.7512467481195926,0.9343905587214978,body,1.413511006999761,1.4457621729467065,body,2.0375144631369038,1.923175350087695,world,1.3445278700767087,1.9734660302475096,world
stiff_low,body_world,90429,True,True,l,1.4646053079069046,-2.0,medium,67,0.09839780488982797,0.14179317036177963,body,0.22967544202692808,0.3991558938985691,body,0.3467975626466796,0.6927645384450444,world,0.45049907047068694,1.0308867129788268,world,0.4790755016321782,1.2178811212332221,world,0.3224741649837233,1.2257387610070873,world
stiff_low,body_world,90430,True,True,m,1.6725099978259204,-4.0,short,62,0.07737630960764363,0.1963613323168829,world,0.19203635592712087,0.5338133821031078,world,0.24974076987127775,0.7886735430802219,world,0.2805952960945433,1.1472342087363359,world,0.32031143158528724,1.254047731574974,world,0.21917700342310126,1.2598277826502455,world
stiff_low,body_world,90431,True,True,l,1.3236542402011626,-4.0,medium,67,0.056624420220032334,0.12803581863408908,world,0.12674737239722164,0.311120129621122,world,0.17051482724491507,0.5073608547856566,world,0.2020657949964516,0.8183065798861208,world,0.21694371235207655,0.9491204881822342,world,0.14914449731935747,0.9798555469774873,world
stiff_low,body_world,90432,True,True,m,1.3642720743548598,-1.0,short,61,0.07138603471685201,0.14411868224851787,world,0.2449011255230289,0.44089185134507713,body,0.44766979294072373,0.7813967022986618,body,0.7084086825241684,1.1565020168520277,world,0.731223321606376,1.3110238042354467,world,0.4046774435063708,1.3216748542356072,world
stiff_low,body_world,90433,True,True,l,1.3743791243103016,-1.0,medium,77,0.08764721802435815,0.1417924042325467,body,0.2250925014144741,0.4103499840479344,body,0.4070248107716907,0.7194040397414937,body,0.6492500145483062,1.106054738059174,world,0.6872166226283297,1.2934184495592493,world,0.3840319304988953,1.3032694146898574,world
stiff_low,body_world,90434,True,True,m,1.4747028802268096,2.0,short,62,0.07069742539897561,0.07108482551120687,world,0.2571364204399288,0.19829149729630444,body,0.5735927210655063,0.3617823452412267,body,1.5979408177314327,0.6986838936434651,body,2.143268732109573,1.2242163193110172,world,1.8026012315973639,1.8779354768870689,world
stiff_low,body_world,90435,True,True,l,1.3038106075252267,-2.0,medium,60,0.05940967710921541,0.13297008303925395,world,0.15516297487774866,0.3613666506367736,world,0.24390693595050833,0.6014640790817795,world,0.2876893801061669,0.8397230177579331,world,0.2932317703627632,0.9852937104813463,world,0.18714560841501224,1.0131391599142807,world
stiff_low,body_world,90436,True,True,m,1.6168586909623586,4.0,short,79,0.07492936041671783,0.17246303334832191,world,0.2295760746812448,0.5237570677651092,body,0.332540700386744,0.9211174933705479,world,0.448739000124624,1.3842109993449412,world,0.5459202618309064,1.5537998616433468,world,0.3678772403683979,1.5219281975168268,world
stiff_low,body_world,90437,True,True,l,1.3291113567705524,-4.0,medium,77,0.05809854529798031,0.1239140722900629,world,0.13340344410389662,0.33459548667306077,world,0.16449421842116863,0.5838468879752327,world,0.200608325144276,0.8865819199971157,world,0.22075528796412983,0.9891553414097871,world,0.15292750271735714,1.007632289211615,world
stiff_low,body_world,90438,True,True,m,1.329008599029527,-1.0,short,80,0.10689055547118187,0.1388262161053717,body,0.4047610992100089,0.3635507889091968,body,0.7870509848697111,0.6846382662188262,body,1.557647458545398,1.147518566227518,body,2.361198825953761,1.6467397745582275,body,1.6359232816030271,1.9404588381154464,world
stiff_low,body_world,90439,True,True,l,1.445391509411858,1.0,medium,66,0.12741017062216997,0.10548550134990364,body,0.4253804814070463,0.3197943894192577,body,0.8000548290088771,0.6129747279454022,body,1.6529175988398492,1.113362509291619,body,2.721409440925345,1.668483638181351,body,2.2772276411391794,2.1025092219468204,body
stiff_low,body_world,90440,True,True,m,1.5564106744089927,2.0,short,74,0.13617090368643403,0.1670441086171195,body,0.44988540532067417,0.4788141136290506,body,0.8332141691353172,0.7944028121070005,body,1.69426201924216,1.3260191791283433,body,2.5833933839923704,1.8593158528005005,body,1.9692281235521658,2.19424491620739,body
stiff_low,body_world,90441,True,True,l,1.3070596772413094,2.0,medium,71,0.06775253755040467,0.09140024054795504,world,0.2278919317293912,0.26673952045384797,body,0.49312347958330066,0.532173319789581,body,1.301729218487162,0.9724811997031793,body,1.7894093573151624,1.5252607625792733,world,1.4842635053931734,2.0897122035501523,world
stiff_low,body_world,90442,True,True,m,1.6269524228642334,4.0,short,74,0.13935783272609115,0.1768063602503389,body,0.4224960399325937,0.4670922654215246,body,0.757526268879883,0.8673639561282471,body,1.3485299257910808,1.4416143305483273,body,1.7641579585615543,1.8348129308840726,world,1.1614138583047313,1.8143660939065738,world
stiff_low,body_world,90443,True,True,l,1.378277312801848,-4.0,medium,72,0.05902583873830736,0.1347091083880514,world,0.13898338619619607,0.3556298437411897,world,0.19766636365093293,0.5942282956501004,world,0.2316758103435859,0.8546336409563081,world,0.2489265188632999,0.9131005738476233,world,0.16705885894596578,0.9132723073914532,world
stiff_low,body_world,90444,True,True,m,1.453510197141481,1.0,short,71,0.14549125847406685,0.1429896152112633,body,0.4432051231618971,0.4044969749811571,body,0.8438864027848467,0.709244573241449,body,1.786783267359715,1.1651457546438904,body,2.8405790672113653,1.669139284927951,body,2.243899918005336,2.1866585071975715,body
stiff_low,body_world,90445,True,True,l,1.3665797638238526,-1.0,medium,62,0.08673459978308529,0.1410875158617273,body,0.2149963770643808,0.3657187195727602,body,0.33971406680648214,0.6182679070741869,world,0.46962137517111835,0.9715231125388528,world,0.4812958159556729,1.1410372711103263,world,0.29608441254415085,1.1712487446649176,world
stiff_low,body_world,90446,True,True,m,1.33490869903924,-2.0,short,64,0.06139075302053243,0.16156750894151628,world,0.15155403609387577,0.40825090538710357,world,0.2603291843202896,0.6626859067531768,world,0.27811212423839604,0.8698086823074845,world,0.2572458083770471,0.9787647222270608,world,0.15698620322975332,1.0040112684525957,world
stiff_low,body_world,90447,True,True,l,1.360545744961593,2.0,medium,71,0.07536000572144985,0.05906404394772835,world,0.24197106361389162,0.1582110762654338,body,0.5509340770542621,0.29347658108745234,body,1.5619640251621603,0.5445616458790028,body,1.972305663395673,0.9895288326551963,world,1.8122769681783393,1.678584073530801,world
stiff_low,body_world,90448,True,True,m,1.3926898559008811,4.0,short,79,0.10208459943532944,0.13384701593895443,body,0.3022973660379648,0.4109566947969142,body,0.6075427147559822,0.7071923323936062,body,1.4938055985141545,1.1870113788187153,body,1.9090714401332662,1.6966248866177922,world,1.5005412143655121,2.1925158300253678,world
stiff_low,body_world,90449,True,True,l,1.4996288562259714,4.0,medium,69,0.08076014771359041,0.13312972098356113,world,0.17888846312416717,0.3357986981165595,world,0.24725388637161813,0.5594046178215649,world,0.2809737819916336,0.9073793233525066,world,0.3194980635875254,1.0486796119334032,world,0.2178597422869643,1.0582664500111423,world
stiff_low,body_world,90450,True,True,m,1.6497126455801099,-1.0,short,68,0.12588046165183187,0.1843977828975767,body,0.3545847411151044,0.5112980543752201,body,0.631678359437501,0.9128384470532184,body,1.0723814371245681,1.4918381682859034,body,1.2153738401000738,1.7138438821901216,world,0.7472436013940023,1.671264296756708,world
stiff_low,body_world,90451,True,True,l,1.4011624978174013,-1.0,medium,69,0.09473153692670166,0.13360603142064065,body,0.23371001591440294,0.4150002757320181,body,0.42199694401351734,0.7376378706772811,body,0.6778106175363063,1.1422090880631004,world,0.7380097811634188,1.3535474202624755,world,0.4013162497547455,1.3557405411603396,world
stiff_low,body_world,90452,True,True,m,1.3459971515369575,2.0,short,75,0.10373266180977225,0.06241239560768008,body,0.32038092222064735,0.0824917279998772,body,0.6305890086106956,0.13288191846222616,body,1.5649176781531422,0.3292299860884669,body,3.0404107809765266,0.731115244970715,body,2.9278925664443527,1.4996731018420542,body
stiff_low,body_world,90453,True,True,l,1.3128410648573021,-2.0,medium,60,0.03858602460240945,0.16069089947268367,world,0.11486143106594682,0.3542106873472221,world,0.16397200014907864,0.5309124135470484,world,0.18101394790573974,0.7982616950321244,world,0.2029566046578111,0.9327004033399134,world,0.13614192523644306,0.9660543585022969,world
stiff_low,body_world,90454,True,True,m,1.4532800695650452,4.0,short,80,0.10420663515105844,0.03909709147410467,body,0.2515941192395985,0.0680846922332421,body,0.4899444038514048,0.0917480299831368,body,1.2467287768842654,0.14463392138131895,body,2.720780999830458,0.4846635266934754,body,2.755584983662702,1.3465707800269593,body
stiff_low,body_world,90455,True,True,l,1.4639866887179158,4.0,medium,63,0.06375331769231707,0.1332329735159874,world,0.13809425904182715,0.37238538421224804,world,0.20847849431447685,0.6484110814635642,world,0.2844147942843847,0.9397012916015228,world,0.3391343640047126,1.132228249299078,world,0.2290641875541769,1.1582641431115919,world
stiff_low,body_world,90456,True,True,m,1.437503394575647,1.0,short,71,0.12488906225189567,0.17398067377507687,body,0.4048188390210271,0.5162238475866616,body,0.7488005409948528,0.8564476066734642,body,1.4847074935445561,1.3319209869718178,body,2.2265313914220313,1.8302622059243732,world,1.5371584486332721,2.0265068358881395,world
stiff_low,body_world,90457,True,True,l,1.433005966120608,-1.0,medium,79,0.10999762662686408,0.14827626571059227,body,0.3031167557695881,0.39769736500456926,body,0.5120156380929984,0.7007574189803563,body,0.8470972092705779,1.1714688490785192,world,1.0061787599959642,1.4388116624410032,world,0.6319993474276271,1.4634257285378407,world
stiff_low,body_world,90458,True,True,m,1.5714723561915191,-2.0,short,75,0.08306353713851422,0.1729609677568078,world,0.2561710247537121,0.4759351017535664,body,0.40291439917637034,0.8316718207730445,body,0.4356826683913823,1.1205312257021434,world,0.43147578622156285,1.2453142780650523,world,0.28351596013759267,1.2393243416535553,world
stiff_low,body_world,90459,True,True,l,1.423809978213943,-2.0,medium,75,0.06381409685127437,0.15584680088795722,world,0.14849850530445108,0.39545684363692996,world,0.23594684280542425,0.632077685277909,world,0.28018058570378346,0.8988929944112897,world,0.3207793903213314,1.0828887932002544,world,0.21096347657832665,1.0923072929959745,world
stiff_low,body_world,90460,True,True,m,1.501503010941712,-4.0,short,65,0.07955181505531073,0.17049500480061397,world,0.15574338622391223,0.3831053576548583,world,0.2112701553851366,0.5992572019866202,world,0.23344858433119953,0.9355529220105382,world,0.24578327465569602,1.0444177186887829,world,0.16070741452160292,1.0792997264378938,world
stiff_low,body_world,90461,True,True,l,1.4979893620177673,-4.0,medium,68,0.10649059060961008,0.1364449089160189,body,0.17890538396313785,0.3660343218361959,world,0.23443424440920352,0.6255854872753844,world,0.28547434056526977,0.9463490397902206,world,0.33188100457482506,1.0225424699834549,world,0.22052299685077742,1.011186468708329,world
stiff_low,body_world,90462,True,True,m,1.32405485767968,-1.0,short,61,0.09361127356532961,0.14256190741434693,body,0.30723859429126604,0.4181943241041154,body,0.5792935989971739,0.7614706226857378,body,1.0429366857366404,1.1944944781484081,body,1.3764246747872675,1.5220964195759734,world,0.8402677823713749,1.5415311487251895,world
stiff_low,body_world,90463,True,True,l,1.2959566174498844,1.0,medium,60,0.14375375397503376,0.0779950269497931,body,0.41216332018375396,0.14101069627795368,body,0.8197489131242037,0.25622840436408295,body,1.8656367084011436,0.4993725712702144,body,3.247159600909799,0.916861617626273,body,2.7791708148643375,1.6206728646776174,body
stiff_low,body_world,90464,True,True,m,1.5484915809048363,-2.0,short,68,0.09822115441784263,0.18128993245773017,body,0.25739075712626797,0.4701736365910619,body,0.4372252575296443,0.7931930976221337,body,0.6109554636612302,1.2194737428450024,world,0.5590188829941326,1.3459054160804955,world,0.34065146836743226,1.3457202589581723,world
stiff_low,body_world,90465,True,True,l,1.428408630737959,-2.0,medium,69,0.06609409546945244,0.1369406757876277,world,0.1849162115948275,0.36156803825870154,world,0.25603240403579547,0.5756304220994934,world,0.2876775567943696,0.878655811259523,world,0.3216458562790649,1.055439552984899,world,0.21699313013930807,1.086975686897058,world
stiff_low,body_world,90466,True,True,m,1.3278826334953207,4.0,short,72,0.09207397093996406,0.14827008347492665,body,0.1975170259247534,0.4338793894974514,world,0.35547449028235856,0.7694290603860281,world,0.7523250291706064,1.2352406745951159,world,1.1171066123642959,1.7172882014507194,world,0.7815416140388697,1.8160507311148104,world
stiff_low,body_world,90467,True,True,l,1.224242705022093,-4.0,medium,67,0.04384196689352393,0.1206257005687803,world,0.0936176236718893,0.2864690754096955,world,0.10801113090710715,0.4916640488256235,world,0.1276707184035331,0.7700716665392975,world,0.13708300426369535,0.8640540772983514,world,0.0973475848697126,0.8885529945569579,world
stiff_low,body_world,90468,True,True,m,1.377155487281401,1.0,short,65,0.15988593082875013,0.04878170066513121,body,0.47357513923197986,0.16178860585205257,body,0.9182522439397871,0.3233271972741932,body,1.96598143321462,0.5838497763965279,body,3.2193124372744935,1.0464115158771166,body,2.6735326664149763,1.7227302954299375,body
stiff_low,body_world,90469,True,True,l,1.2775926055522053,-1.0,medium,67,0.09301948291249573,0.13547711697174236,body,0.283107020938769,0.3790826988057233,body,0.5386648771353066,0.6818964802019765,body,0.994983495445922,1.1130281928431942,body,1.354185931669781,1.4488590966459014,world,0.8335776201891713,1.4926405439610244,world
stiff_low,body_world,90470,True,True,m,1.5219750255884492,2.0,short,70,0.06255119980778545,0.0460425365017727,world,0.17803789076860993,0.06166285143699497,world,0.34879306982038544,0.06860413301037625,world,0.9368891548307147,0.08226960892206989,world,2.0111486859590513,0.21692403888737316,world,2.441407549827127,1.095985163965961,body
stiff_low,body_world,90471,True,True,l,1.2543795609592172,2.0,medium,63,0.06307945045409724,0.15684651350602508,world,0.15716831194004044,0.40257622502977025,world,0.2548113614262547,0.674159985006554,world,0.4722300307446858,1.1610345034016063,world,0.7093264113573241,1.568657934763178,world,0.5034930143348174,1.6411444047483383,world
stiff_low,body_world,90472,True,True,m,1.523888147333015,4.0,short,77,0.09591797762550414,0.1657401822740212,body,0.23577140625566245,0.4772425408707932,body,0.4638263523578644,0.8505071573075837,body,1.0121601777384057,1.4126006279664578,body,1.3633139275130817,1.913902925120783,world,0.9600842203479261,2.0063086624734567,world
stiff_low,body_world,90473,True,True,l,1.4189126139922845,-4.0,medium,63,0.08035185048356652,0.13842796080280095,world,0.1440726241096854,0.3663068757858127,world,0.21229552873410282,0.6289062032010407,world,0.25918616633862257,0.9396157872688491,world,0.29109270524349995,0.9992317866024679,world,0.19681399475899525,1.009119400359341,world
stiff_low,body_world,90474,True,True,m,1.3393605416224226,1.0,short,80,0.08668926008976996,0.05652363388799131,body,0.2895560727920383,0.07981051865499467,body,0.5378711406840011,0.07696905105840415,body,1.3497653836733663,0.0803559337335173,body,2.5073569429281632,0.0978769537905464,body,2.1365094531397335,0.7547376113396604,body
stiff_low,body_world,90475,True,True,l,1.4134205728523153,1.0,medium,66,0.1409402647987008,0.0470355290453881,body,0.4383125491440296,0.10856702842283995,body,0.8542657142505049,0.2003413279191591,body,2.0003320227377115,0.44116667889175004,body,3.308076570695266,0.8467528830195079,body,2.837583918441087,1.587485457115108,body
stiff_low,body_world,90476,True,True,m,1.3814810158500825,-2.0,short,70,0.06491577229462564,0.16124784108251333,world,0.17561870563367846,0.40755401166679806,world,0.29382149925950213,0.7134816485442571,world,0.3329842580693366,0.9533343447597872,world,0.31805104906561604,1.064784761474948,world,0.19621004551605437,1.075619840881118,world
stiff_low,body_world,90477,True,True,l,1.4674729887667173,2.0,medium,78,0.09881075820885599,0.12439860717859119,body,0.2989383231382817,0.3667773006483912,body,0.5711768807610497,0.6482174762059002,body,1.3401471057790333,1.1480117816943676,body,1.6779877830238545,1.685755839268677,world,1.411307327563409,2.1200333231594417,world
stiff_low,body_world,90478,True,True,m,1.5027032697774165,4.0,short,80,0.08079039631411433,0.1836238200776279,world,0.19201442073099315,0.4940799461212009,world,0.263685561507009,0.8319439000159036,world,0.33280773841543126,1.2751353485247818,world,0.3900802438147366,1.432183670818631,world,0.2597661419445649,1.4240374144767702,world
stiff_low,body_world,90479,True,True,l,1.3850046666885212,-4.0,medium,66,0.07045716338325292,0.12488707294687629,world,0.1526628829771653,0.3560011548455805,world,0.20833897559205072,0.6049860473256558,world,0.2499973651312757,0.8995982476197242,world,0.2691452039085561,0.962537206745401,world,0.18125215702340938,0.9593599615017593,world
stiff_low,calib,90480,False,False,,1.0,0.0,,64,0.07730159349739552,0.055137650459073484,world,0.1705931292846799,0.07613903019228019,world,0.3211826135404408,0.07901729480072389,world,0.8277513726148754,0.08762424279702827,world,2.1199129509972408,0.10460639571538195,world,1.7855338519532233,0.10379956987279002,world
stiff_low,calib,90481,False,False,,1.0,0.0,,76,0.06956471502780914,0.07193531561642885,world,0.19339033626019952,0.09656335962936281,world,0.3703244602307677,0.1053788948978763,world,0.9255410979501904,0.11871656074363274,world,2.236555159604177,0.11872610526625066,world,1.765570012088865,0.12804186473484153,world
stiff_low,calib,90482,False,False,,1.0,0.0,,79,0.07577804662287235,0.07396688242442906,world,0.17821926902979612,0.09341701671946794,world,0.3281333659775555,0.09515079080301803,world,0.8758161703590304,0.10559224963799352,world,2.15140704002697,0.11637957947750692,world,1.8215958889294415,0.10867946430429583,world
stiff_low,calib,90483,False,False,,1.0,0.0,,70,0.059787024511024356,0.08260766882449389,world,0.17712852056138217,0.0974695464828983,world,0.3247112044831738,0.11530048350105063,world,0.8352576930890792,0.10952117356573582,world,2.103398474160349,0.10842704847636923,world,1.7821946535422466,0.10896546052681515,world
stiff_low,calib,90484,False,False,,1.0,0.0,,69,0.06591777200810611,0.07829083874821663,world,0.17467119661159813,0.08433185808826238,world,0.3362909259507433,0.07835619874531402,world,0.8684741520439274,0.08034216401720187,world,2.1516274616646114,0.08452504728847998,world,1.7841020594746806,0.08386577496130485,world
stiff_low,calib,90485,False,False,,1.0,0.0,,78,0.06287930300459266,0.08948527928441763,world,0.15223683891817927,0.07367542500142008,world,0.2908130211289972,0.07904980885796249,world,0.7180761544732377,0.09012653533136472,world,1.9581663142307661,0.09631720444594977,world,1.7502618376677856,0.10052429477858822,world
stiff_low,calib,90486,False,False,,1.0,0.0,,79,0.06987422634847462,0.07233504229225218,world,0.161292875232175,0.07926944929640739,world,0.3166114541003481,0.08983056776924059,world,0.8043933273409494,0.09084791399654932,world,2.158111646451289,0.0987505919081741,world,1.7036287734867073,0.0978308392461622,world
stiff_low,calib,90487,False,False,,1.0,0.0,,74,0.0529380077496171,0.04651618259958923,world,0.17099182922393083,0.07366996579221449,world,0.3266585894860327,0.08967497935227584,world,0.8257545061875134,0.0894545111033949,world,2.0991728738183157,0.09365219037790666,world,1.7633618258032948,0.09418772753182567,world
stiff_low,calib,90488,False,False,,1.0,0.0,,62,0.0560565902851522,0.08531246331403963,world,0.17613638183102012,0.06768956217565573,world,0.3427531014662236,0.08372619859001135,world,0.8899996759137139,0.08825453698082128,world,2.195805683068465,0.09255428704855148,world,1.7470970038650557,0.09776576066535199,world
stiff_low,calib,90489,False,False,,1.0,0.0,,65,0.07377930358052254,0.05009162123315036,world,0.18248705463483927,0.11974236662499607,world,0.3421922926325351,0.1246210939832963,world,0.8512414198601619,0.14007176958839407,world,2.1188913306337778,0.13986425871553365,world,1.7622483106004074,0.1313402922282694,world
stiff_low,calib,90490,False,False,,1.0,0.0,,70,0.05061246594414115,0.07334930542856455,world,0.16778736272826789,0.07879871986806393,world,0.3267331950832158,0.08744394504465162,world,0.8185612535336986,0.09131603668502067,world,2.1047557509620676,0.1077618796247407,world,1.7395082893641667,0.10975440867594444,world
stiff_low,calib,90491,False,False,,1.0,0.0,,63,0.04813644697424024,0.039370177080854774,world,0.14994003090541813,0.09000420754309743,world,0.28534648729255424,0.09846571075031534,world,0.7125850020616781,0.12179933795123361,world,2.015641692964709,0.12272745721857063,world,1.6854438521468547,0.12885912829457086,world
stiff_low,calib,90492,False,False,,1.0,0.0,,66,0.07538033463060856,0.06262641423381865,world,0.17789042852818965,0.08994328593835235,world,0.320467416010797,0.08879020702443086,world,0.8221813983283937,0.0939409301878186,world,2.100481641246006,0.09426870287134079,world,1.7554410577379165,0.09607657923625085,world
stiff_low,calib,90493,False,False,,1.0,0.0,,80,0.06393358018249273,0.06585686904145405,world,0.17225398812443019,0.08842119056498632,world,0.32231545792892574,0.1123166799719911,world,0.8095559468958526,0.09970018243475351,world,2.0768317598151045,0.10820739203772974,world,1.7348616953659803,0.1089660210494185,world
stiff_low,calib,90494,False,False,,1.0,0.0,,79,0.06746299006044865,0.08857333927880973,world,0.18653351329267026,0.11507809243630618,world,0.3505821948871017,0.12259964615805075,world,0.8921142748557032,0.12156288314727136,world,2.1452208559494466,0.12133599309017881,world,1.7699345788173377,0.12573314635665156,world
stiff_low,calib,90495,False,False,,1.0,0.0,,75,0.06381118320859969,0.07800967060029507,world,0.16124453027732671,0.0834214462665841,world,0.2961857829475775,0.10544700355967507,world,0.7333633476984687,0.11042170801083558,world,1.9821203622093888,0.11846161173452856,world,1.729755267018918,0.11676556805468863,world
stiff_low,calib,90496,False,False,,1.0,0.0,,76,0.06494782213121653,0.0780938952229917,world,0.1535837961360812,0.10347013110294939,world,0.3000641179271042,0.10647084771189838,world,0.7878405616153032,0.09176732259220444,world,2.0409201193833724,0.09604150355444291,world,1.7886981874052434,0.10208965128971613,world
stiff_low,calib,90497,False,False,,1.0,0.0,,68,0.05267608794383705,0.05184749257750809,world,0.1668509631883353,0.08606568202376366,world,0.31010251769330355,0.09001861308934167,world,0.762895539298188,0.08815472337882965,world,2.040413567743963,0.09852582072344376,world,1.7325758866011165,0.10713094841397833,world
stiff_low,calib,90498,False,False,,1.0,0.0,,70,0.05385435465723276,0.08042579508037306,world,0.15022889506071807,0.09561017628875561,world,0.27659281296655536,0.08913664813444483,world,0.6823726940434426,0.08232597236783477,world,1.9755237543722615,0.08778134370368207,world,1.7085313995089382,0.0893591577274492,world
stiff_low,calib,90499,False,False,,1.0,0.0,,79,0.07240757392719388,0.06921349442563951,world,0.21676287082955242,0.09580717557109893,body,0.40062959971837697,0.08654233104898595,body,0.9584541769465431,0.09959867103025316,world,2.2539130710880277,0.10959697398648131,world,1.8165622871695084,0.12391847996797878,world
stiff_low,calib,90500,False,False,,1.0,0.0,,72,0.05665914132259786,0.07774121838156134,world,0.1757811430376023,0.08118259963812308,world,0.3330297635635361,0.09776020478457212,world,0.8449180819909089,0.10522959954687394,world,2.1505754448880907,0.10678656245290769,world,1.7564793501212264,0.1128709333477309,world
stiff_low,calib,90501,False,False,,1.0,0.0,,76,0.06013368722051382,0.04010821331758052,world,0.15988012645393612,0.08753802510909736,world,0.3007967979647219,0.09620152835268528,world,0.7299572276417166,0.09445944128674455,world,2.0247471434297037,0.09846791252202819,world,1.7120480823982507,0.09681522601333199,world
stiff_low,calib,90502,False,False,,1.0,0.0,,76,0.08148025814443827,0.08940849988721311,world,0.19574891403317451,0.09970096025499516,world,0.3650431722402573,0.09464781179267448,world,0.9194854363799094,0.09705080139538041,world,2.2117053996771574,0.10694147360263742,world,1.7379523222148419,0.1065902357903542,world
stiff_low,calib,90503,False,False,,1.0,0.0,,63,0.06178396218456328,0.06416080705821514,world,0.17780953948386014,0.08256957693956793,world,0.35594333040062337,0.083830440917518,world,0.901445041608531,0.08469386918150122,world,2.1997280579118526,0.07925066694588168,world,1.7841345763974823,0.08620370552904205,world
stiff_low,calib,90504,False,False,,1.0,0.0,,72,0.051653241156600416,0.054669707315042615,world,0.1834401762811467,0.06464638016186655,world,0.35669481040677053,0.0777277996414341,world,0.873747348197503,0.09072285552392713,world,2.1957430110167477,0.09403630444721785,world,1.7773323036299553,0.1066853889275808,world
stiff_low,calib,90505,False,False,,1.0,0.0,,75,0.07239967118948698,0.08109541260637343,world,0.19780074786394836,0.09170732486527414,world,0.37350461697205906,0.09236062061972916,world,0.9592874340247363,0.10172812852251809,world,2.1955833576386796,0.1048654042169801,world,1.81877749315463,0.10416761328640858,world
stiff_low,calib,90506,False,False,,1.0,0.0,,78,0.06591182155534625,0.04668348468840122,world,0.16971161803230644,0.10373535838443787,world,0.30771260815672574,0.09426343339146115,world,0.761735582142137,0.08715033798362129,world,2.0229277334059588,0.08997010022576432,world,1.7656726419506594,0.09202125780808273,world
stiff_low,calib,90507,False,False,,1.0,0.0,,72,0.06260144943371415,0.08288389281369746,world,0.15763155044987798,0.08644789997488261,world,0.2941745661664754,0.09047584956279026,world,0.7519617952639237,0.09471097716013901,world,2.047728158172686,0.09199409851280507,world,1.7540842719422653,0.09546284372918308,world
stiff_low,calib,90508,False,False,,1.0,0.0,,68,0.04343464504927397,0.06948022788856179,world,0.14428308121860028,0.060520858969539404,world,0.27635476477444176,0.06816240690532141,world,0.6934707770124078,0.07795028207474389,world,1.9678373959846793,0.08545757416432026,world,1.7071650194004178,0.10386142679373735,world
stiff_low,calib,90509,False,False,,1.0,0.0,,69,0.06413951492868364,0.07473217858932912,world,0.18175258836708963,0.09588483143597842,world,0.3523803884861991,0.10021198770264164,world,0.8514900834648871,0.12151809727074578,world,2.194429509033216,0.12174263175984379,world,1.7683317445474676,0.12625992896733806,world
stiff_low,calib,90510,False,False,,1.0,0.0,,60,0.07307725283317268,0.0778985086362809,world,0.20476738405413925,0.11925836759619415,world,0.38734275235328824,0.13556678144377657,world,0.98243662371533,0.13770306109508965,body,2.2139740610087757,0.1394138760646456,world,1.8013118906901218,0.1373312265810091,world
stiff_low,calib,90511,False,False,,1.0,0.0,,67,0.06537875183857977,0.07575169822666794,world,0.17167495940811933,0.08609434413956478,world,0.3249081518733874,0.1072890726441983,world,0.8223365981248207,0.12270010395732242,world,2.0912013517750894,0.1242813066477538,world,1.7665273444377818,0.11910842711804434,world
stiff_low,calib,90512,False,False,,1.0,0.0,,65,0.052078966866247356,0.07336827949620783,world,0.15692887974437325,0.07881292298843619,world,0.3033383887144737,0.08898976935743122,world,0.7635381428466644,0.09076133547860082,world,2.074856233500759,0.09239581019028265,world,1.712561384922592,0.09759386618490681,world
stiff_low,calib,90513,False,False,,1.0,0.0,,79,0.06449270201846957,0.06352060195058584,world,0.16687609581276774,0.07499460250837728,world,0.31206065020523965,0.0881840300920885,world,0.8026149230776355,0.09171401425555814,world,2.112703073525336,0.09218170601670864,world,1.7579771682387217,0.10466234112682286,world
stiff_low,calib,90514,False,False,,1.0,0.0,,62,0.07186799810733646,0.08645250904373825,world,0.17510074495803565,0.08533546097460204,world,0.3317856954759918,0.09973525308014358,world,0.8388839551422279,0.09928394368471345,world,2.1275683139072497,0.0946846222395834,world,1.791320344976848,0.09858056194992969,world
stiff_low,calib,90515,False,False,,1.0,0.0,,75,0.07001570984721184,0.03859353979350999,world,0.2000018384307623,0.0946935944375582,world,0.37673551905900243,0.09340731083066203,world,0.9533554633148016,0.10297285124543124,world,2.2447531218174843,0.10949877296516207,world,1.7443655546940864,0.10964397049217951,world
stiff_low,calib,90516,False,False,,1.0,0.0,,71,0.05568632227368653,0.058658048685174435,world,0.15805081450380382,0.09586248100968077,world,0.3097164151491597,0.09669138161698357,world,0.795810921175871,0.1027962486143224,world,2.098102877131896,0.12071921659517101,world,1.7002606859919616,0.1241491441067774,world
stiff_low,calib,90517,False,False,,1.0,0.0,,77,0.054121932946145535,0.05690279696136713,world,0.15501578338444233,0.058870624972041694,world,0.2895496828481555,0.07981187400291674,world,0.7369146640412509,0.08234393946477211,world,2.035530262952671,0.08957102013373514,world,1.6985864602588117,0.1037172816414386,world
stiff_low,calib,90518,False,False,,1.0,0.0,,72,0.07608994888141751,0.036186417331919074,world,0.20343312909826639,0.09743676022626459,world,0.3630145033355803,0.10050621187547222,world,0.8955501048592851,0.11035004814038984,world,2.1643811080022717,0.11130210488627199,world,1.727563497698866,0.1161543537460966,world
stiff_low,calib,90519,False,False,,1.0,0.0,,76,0.06044693570584059,0.0992439582478255,world,0.17491322923451663,0.0914449058007449,world,0.34685774156823757,0.08869331725582015,world,0.9120361950714141,0.10267924647050677,world,2.2185038363793863,0.10316461475522375,world,1.7903551559243351,0.10570616430195515,world
stiff_low,calib,90520,False,False,,1.0,0.0,,76,0.06414784002117813,0.0661483642179519,world,0.17972795567475258,0.1011919218231924,world,0.34336759194266053,0.10266352224280126,world,0.8760204507387243,0.1024630706087919,world,2.1663857962179467,0.09877162043121643,world,1.7860675018723122,0.09536062340543139,world
stiff_low,calib,90521,False,False,,1.0,0.0,,64,0.08404989494010806,0.0459950395161286,body,0.2083126095123589,0.0683366306591779,world,0.3794228790793568,0.09896341846324504,world,0.8934489253209903,0.11012339453445746,world,2.2114575640880503,0.11589972868969198,world,1.7884573150286451,0.12910314893932084,world
stiff_low,calib,90522,False,False,,1.0,0.0,,80,0.06237922655418515,0.04966658301418647,world,0.16962799848988652,0.07314017125172541,world,0.32619637572206556,0.10368851171224379,world,0.8327317071380094,0.10786826109106187,world,2.1355557093978863,0.10922034728282598,world,1.7848721532011407,0.10877246251038741,world
stiff_low,calib,90523,False,False,,1.0,0.0,,64,0.07781354524195194,0.08083481946960092,world,0.18109586797654628,0.08717052454594523,world,0.3378307744860649,0.09225448633660563,world,0.8493800293654203,0.0948403228452662,world,2.157125270180404,0.09087164157099323,world,1.763324714973569,0.11229615659744013,world
stiff_low,calib,90524,False,False,,1.0,0.0,,60,0.06839906750246882,0.05359316850081086,world,0.1684095489792526,0.0904014933272265,world,0.31080877291969955,0.10081902464335143,world,0.7892234252532944,0.0928495856534937,world,2.0372950834105725,0.09596397357572642,world,1.7302954968390987,0.0945415626968679,world
stiff_low,calib,90525,False,False,,1.0,0.0,,74,0.060227323207072914,0.07602083310484886,world,0.19003906042780727,0.0904541967669502,world,0.361833409301471,0.10025136054027825,world,0.8943634603579995,0.11076080251659733,world,2.20699248558085,0.11398734930698992,world,1.7899299413047265,0.11729650722176302,world
stiff_low,calib,90526,False,False,,1.0,0.0,,64,0.07008796650916338,0.05543007608503103,world,0.2003509560599923,0.0736434272810584,world,0.3683096094988286,0.09477411358820972,world,0.8896867583971471,0.09478973494915409,world,2.2253644091775637,0.10957611118537897,world,1.7494597390200943,0.11773694026036538,world
stiff_low,calib,90527,False,False,,1.0,0.0,,77,0.05818561837077141,0.08154925750568509,world,0.15357778770849106,0.08739500236697495,world,0.2965983666013926,0.10460936941672117,world,0.7443763941293582,0.10038445209356724,world,2.0152297589811496,0.10107733988334075,world,1.7379171932442112,0.10905111580883384,world
stiff_low,calib,90528,False,False,,1.0,0.0,,69,0.08394919568672776,0.04056115658022463,body,0.1872025837190449,0.0770390309568029,world,0.33671072968281807,0.08055220980604645,world,0.8278049213113263,0.08592802104976727,world,2.119084958604071,0.08469425290313666,world,1.7648111602151766,0.09010296630818629,world
stiff_low,calib,90529,False,False,,1.0,0.0,,61,0.06560022011399269,0.06907190708443522,world,0.15753406919538976,0.07513933359005023,world,0.3057441502809525,0.08692296783992788,world,0.7883774131536483,0.0903973115484405,world,2.067318482324481,0.08608097462893055,world,1.7539062730968,0.10205090166025912,world
