config,cell,seed,has_body,has_push,param,factor,torque,duration_name,onset,roll_1,hold_1,verdict_1,roll_5,hold_5,verdict_5,roll_10,hold_10,verdict_10,roll_20,hold_20,verdict_20,roll_40,hold_40,verdict_40,roll_100,hold_100,verdict_100
soft_none,neither,90000,False,False,,1.0,0.0,,79,0.0831802636384964,0.04855721991043538,world,0.19152690041810275,0.11995291274506598,world,0.3032042912207544,0.14960740578826517,world,0.8291511863004416,0.15549283294240013,world,1.6031751341884957,0.1617741384659894,world,1.7999657495226713,0.18679805608582684,world
soft_none,neither,90001,False,False,,1.0,0.0,,75,0.11089658178389072,0.06387620605528355,world,0.222283536195755,0.13489105724729597,world,0.29632449299097063,0.14995801278855653,world,0.8342489754781126,0.14533185657928696,world,1.542581321578473,0.14042222862044582,world,1.7378884107992054,0.15851524126890582,world
soft_none,neither,90002,False,False,,1.0,0.0,,65,0.10079109692014754,0.05542068807699252,world,0.19879642543382942,0.12556035372253974,world,0.3168411540100351,0.15102042626967885,world,0.7900337674771435,0.14945187470366364,world,1.5869034216331785,0.15282465902164405,world,1.7747741875262,0.16125624681662884,world
soft_none,neither,90003,False,False,,1.0,0.0,,61,0.06855167169123888,0.045504390145651996,world,0.16987834684550762,0.15141207857523115,world,0.28825870491564276,0.16091925372602417,world,0.8689221976324917,0.16084098895953503,world,1.625901119504124,0.1605120853011613,world,1.799130347110331,0.18088429281604476,world
soft_none,neither,90004,False,False,,1.0,0.0,,76,0.08144434494897723,0.0244662248151144,world,0.18746847631409766,0.0626533033879241,world,0.26134652127511804,0.06341392906469992,world,0.6153820146108047,0.06425840108349803,world,1.5947139401105233,0.06990251435163372,world,1.8234024244593456,0.06781138420119533,world
soft_none,neither,90005,False,False,,1.0,0.0,,79,0.11163503397256136,0.04417023615678772,world,0.21830950845032931,0.12719087465666234,world,0.28209080258384345,0.14908677991479635,world,0.5336286703590304,0.1553168244907283,world,1.2481419771211222,0.1640021852115751,world,1.5758027581591159,0.17533907263365106,world
soft_none,neither,90006,False,False,,1.0,0.0,,74,0.09206914529204369,0.03194760560290888,world,0.18170016258955002,0.05720174486050383,world,0.25658311005681755,0.07580099967890419,world,0.6165633506141603,0.06484498606005218,world,1.576683654775843,0.07092953775609202,world,1.809071793910116,0.101329097632115,world
soft_none,neither,90007,False,False,,1.0,0.0,,79,0.10931969759985805,0.07472670928109437,world,0.22016072096303105,0.1549947219202295,world,0.2884325834456831,0.15943382125115022,world,0.6389671699376778,0.1547594452393241,world,1.3038937936187722,0.15464705050981137,world,1.6454159788275138,0.1521460283694614,world
soft_none,neither,90008,False,False,,1.0,0.0,,62,0.09017079416662455,0.04807659599464387,world,0.1868441369384527,0.15813402014318853,world,0.27137335371226073,0.1760479735385161,world,0.7366823122836649,0.17285508617351297,world,1.5429173782933503,0.16873548507719532,world,1.7441448173113168,0.1572759786224924,world
soft_none,neither,90009,False,False,,1.0,0.0,,74,0.07523314375430346,0.056968655248056166,world,0.1860644780099392,0.13406870816543234,world,0.3241934310644865,0.14119034914619988,world,0.8231104904785752,0.14492071439672144,world,1.4177584517747164,0.14352344204344264,world,1.67275615721941,0.166298493710201,world
soft_none,neither,90010,False,False,,1.0,0.0,,72,0.08099385909736156,0.010745950377895497,world,0.190562791377306,0.06819361608067993,world,0.27301086857914925,0.08537298273149645,world,0.7591623524203897,0.09229283342065173,world,1.5948591384105386,0.10019968045198765,world,1.7660553127154708,0.1251621067796077,world
soft_none,neither,90011,False,False,,1.0,0.0,,71,0.0796149461530149,0.05510424915701151,world,0.198786536604166,0.2064924927428365,world,0.3120549479499459,0.2083090839674696,world,0.7116939931176602,0.2089692342444323,world,1.3398505363147706,0.20375903199019377,world,1.6273022371344268,0.19329611150489656,world
soft_none,neither,90012,False,False,,1.0,0.0,,62,0.1312164543196559,0.07608784036710858,body,0.23280553407967092,0.16188702946528793,world,0.2835992373526096,0.1979214725550264,world,0.633934123441577,0.1876771559123881,world,1.2898797733709215,0.1750682994563249,world,1.5780932205170393,0.16275805300101637,world
soft_none,neither,90013,False,False,,1.0,0.0,,68,0.07259481446817517,0.022786163739510812,world,0.15873513771221043,0.0853624892391963,world,0.291852743877098,0.11051508546661352,world,1.0213044345146045,0.1143873893401178,body,1.8536251231911594,0.11315090255702671,body,1.9131353570474312,0.12740776366452336,body
soft_none,neither,90014,False,False,,1.0,0.0,,80,0.09058119030669332,0.06981440307572484,world,0.21832302818074822,0.182610881421715,world,0.32441515200771387,0.1986566946201492,world,0.9033471736358478,0.186100947696832,world,1.4204274344840089,0.17496349839639153,world,1.6199339850107208,0.18004917142738122,world
soft_none,neither,90015,False,False,,1.0,0.0,,76,0.0849823160097003,0.053982558427378535,world,0.23030154276639225,0.15915505941957236,world,0.32504307562485335,0.19021013495512307,world,0.8098807165864855,0.18277086371381301,world,1.5688772429944948,0.18262071880162695,world,1.7726563810277731,0.1757166729393066,world
soft_none,neither,90016,False,False,,1.0,0.0,,76,0.09450765885412693,0.028443915070965886,world,0.18264238107949496,0.1083318809280172,world,0.28070290321484204,0.13339585250942038,world,0.7233786745462566,0.12581174833758269,world,1.6148213212611153,0.12546872168022674,world,1.7531276534963398,0.12180153163644718,world
soft_none,neither,90017,False,False,,1.0,0.0,,74,0.08395358361303806,0.06235450110398233,world,0.1970331171527505,0.13851384760346264,world,0.3067946805618703,0.13094514330150558,world,0.8672616902273147,0.12915065229171888,world,1.7110496381064877,0.12113202093023574,world,1.825843155598268,0.12067655527353054,world
soft_none,neither,90018,False,False,,1.0,0.0,,66,0.11122949980199337,0.058719444437883794,world,0.2095812950283289,0.12630420059431344,world,0.32631845604628323,0.1440247157472186,world,0.6658935804851354,0.13947364039486274,world,1.3618582031223925,0.1369003366518882,world,1.6032045949436724,0.11949304169655078,world
soft_none,neither,90019,False,False,,1.0,0.0,,66,0.0822891821153462,0.05057527747703716,world,0.21271571842953563,0.10175144817912951,world,0.3206231016200036,0.11490256979013794,world,0.8511071055894718,0.10570876929850784,world,1.6884395709144884,0.10579046143975573,world,1.8045889208419248,0.12851603256945962,world
soft_none,neither,90020,False,False,,1.0,0.0,,73,0.09545480413362384,0.03990934708417626,world,0.22891849586740137,0.14303467279678442,world,0.2779364180285484,0.13296070716532996,world,0.5296136863762513,0.13746045036277793,world,1.3882956242305227,0.140016806906533,world,1.665189281781204,0.147379038458821,world
soft_none,neither,90021,False,False,,1.0,0.0,,74,0.0951713202521205,0.06326657789759338,world,0.23382218405604363,0.14342257820535453,world,0.34739243146032095,0.19000778672052548,world,0.8354685080237687,0.18345607637311334,world,1.5294768555555494,0.18159947009407915,world,1.7016020921804011,0.16908944683149457,world
soft_none,neither,90022,False,False,,1.0,0.0,,66,0.11294540483504534,0.057219377253204584,world,0.2551799839362502,0.11110545888077468,world,0.3121701345779002,0.10138485780917109,world,0.7352706877980382,0.11006193229695782,world,1.4452705311821774,0.1154604707233375,world,1.6454764148313552,0.1298968333864468,world
soft_none,neither,90023,False,False,,1.0,0.0,,75,0.1163394283503294,0.08238267980050296,world,0.24926224555820226,0.17651130363810807,world,0.35644020708277824,0.20578818848589436,body,0.7590651698876172,0.20642898026417245,world,1.2838354444364086,0.19349836865076211,world,1.5948822029773146,0.1725384217593819,world
soft_none,neither,90024,False,False,,1.0,0.0,,73,0.09295424725860357,0.060125575168058276,world,0.2282916110008955,0.17578607266768814,world,0.3150792820379138,0.18445784663781523,world,0.8180325257591904,0.17786036847974174,world,1.5223768142517655,0.16698264067817944,world,1.714567130859941,0.15893597439397128,world
soft_none,neither,90025,False,False,,1.0,0.0,,68,0.10234121256507933,0.07311467686668038,world,0.228463993081823,0.2282457805238664,world,0.34748751122970134,0.2338411707933119,world,0.7212689240113832,0.23175611357910386,world,1.227166114404099,0.22269084761737756,world,1.552978998881299,0.2091883066684386,world
soft_none,neither,90026,False,False,,1.0,0.0,,73,0.10129005601629615,0.0785978342173621,world,0.23876403225585818,0.2245517323492095,world,0.3357109937351197,0.22431632913067007,world,0.7961710262810812,0.21742538956168572,world,1.3598783984663896,0.2054875582703971,world,1.6399611303163693,0.19635410781978863,world
soft_none,neither,90027,False,False,,1.0,0.0,,61,0.07432667957618833,0.07601721910759807,world,0.21972960056737065,0.17853428502567112,world,0.33774585952050984,0.1669287026161328,world,0.9077346677193419,0.16379517716995906,world,1.6563305736635812,0.15057964192201326,world,1.7993807936133817,0.13581485558403072,world
soft_none,neither,90028,False,False,,1.0,0.0,,71,0.09545798832550645,0.06247039861045778,world,0.20645884461700914,0.18057611094554887,world,0.3238127425312996,0.17440104628331027,world,0.8201155159622432,0.1760621729765262,world,1.641174961067736,0.17038277254869172,world,1.804967672303319,0.1527855049572827,world
soft_none,neither,90029,False,False,,1.0,0.0,,60,0.09661092841997743,0.022743826964870095,world,0.20120645323768258,0.10529228295199572,world,0.27392696202732625,0.14115639886585996,world,0.6394211217062548,0.141429828730179,world,1.571998682396952,0.147852876179968,world,1.8002955848583952,0.16041786744666753,world
soft_none,neither,90030,False,False,,1.0,0.0,,72,0.07958334824070334,0.0731110383203486,world,0.1868253524415195,0.1464297881379025,world,0.31808031029067935,0.15431226800574221,world,0.8980544394580647,0.15679341118739104,world,1.614977974013891,0.16443656554656627,world,1.7913515949016436,0.16497745801068958,world
soft_none,neither,90031,False,False,,1.0,0.0,,65,0.0768516338430345,0.06422623398248106,world,0.21505649071186783,0.15581023406703026,world,0.32916173459962006,0.17152713435934858,world,0.8933876235503703,0.15596965265576726,world,1.6580604324350134,0.14919521335832542,world,1.7851296747568994,0.1374211299046874,world
soft_none,neither,90032,False,False,,1.0,0.0,,78,0.07519041327759624,0.05555882165208459,world,0.20372662814334036,0.18652923642657698,world,0.33831073571927844,0.20259946819860486,world,0.8577721946174278,0.19653814634366423,world,1.5614887068164534,0.1935649341510725,world,1.7461101820366456,0.20829293672839413,world
soft_none,neither,90033,False,False,,1.0,0.0,,74,0.08870667358860373,0.021120685720234178,world,0.19642286533489822,0.08231509289180394,world,0.283371038781479,0.10520151003001957,world,0.7129277181113138,0.11319150877170614,world,1.6178480556351134,0.12817311124927072,world,1.8050415209727362,0.1340917958893988,world
soft_none,neither,90034,False,False,,1.0,0.0,,63,0.09634591173380613,0.06747248361352831,world,0.21244884319603444,0.17287668304052203,world,0.3255326980724931,0.18226557337911797,world,0.7031246461905539,0.17917939288890922,world,1.387469257088378,0.18172707144985906,world,1.6456688623316587,0.18359174370067194,world
soft_none,neither,90035,False,False,,1.0,0.0,,66,0.0879571819677949,0.04674840357620269,world,0.18837611880153418,0.13916108675766736,world,0.2914771995507181,0.16996536704245957,world,0.7986573637928813,0.16557921525673008,world,1.4797586089698598,0.16096747253614013,world,1.7158502263855189,0.16916578840406146,world
soft_none,neither,90036,False,False,,1.0,0.0,,61,0.10900018410757184,0.046598098560934886,world,0.1878441114909947,0.10913455019472167,world,0.2793844636995345,0.14401736574945972,world,0.7078798743197694,0.12739027933566832,world,1.561609631695319,0.12619175299623747,world,1.74154561963398,0.14110675102027015,world
soft_none,neither,90037,False,False,,1.0,0.0,,69,0.10132752498611808,0.07832640875130892,world,0.21425757044926286,0.24628537306562068,world,0.34605891560204327,0.24707192584173757,world,0.7281767066800967,0.24480521240620873,world,1.233429872256238,0.23342535775664147,world,1.5478666308568791,0.23592477769212566,world
soft_none,neither,90038,False,False,,1.0,0.0,,63,0.07708032289519906,0.012793277623131871,world,0.18922215895727276,0.037838736211415376,world,0.27639822983182966,0.03684534824133152,world,0.6996587272034958,0.043878564069746065,world,1.7578419098281302,0.04206537916579692,world,1.8526842427859083,0.06193805917282589,world
soft_none,neither,90039,False,False,,1.0,0.0,,63,0.07264951197430491,0.043111218488775194,world,0.20799719979986547,0.08400794833432883,world,0.30451220138929785,0.09915385024505667,world,0.9347914402140305,0.0998878138983855,world,1.768498257396277,0.09813811741259998,world,1.8511513149132952,0.0986319756838202,world
soft_none,neither,90040,False,False,,1.0,0.0,,66,0.08132421690970659,0.06969893659697846,world,0.20122232288122177,0.09022275601746516,world,0.3134659558534622,0.09873788918484934,world,0.9733620069921017,0.09301295193145052,body,1.7728296918794513,0.08301603129511932,world,1.856573328450322,0.07966586017631927,world
soft_none,neither,90041,False,False,,1.0,0.0,,71,0.07692255172878504,0.031093861878616735,world,0.1798836324363947,0.07475550968083552,world,0.2745971728116274,0.07663812287792099,world,0.732599225267768,0.07700262700236635,world,1.5756432933732867,0.0893756683311949,world,1.7565673547238112,0.11781278518756153,world
soft_none,neither,90042,False,False,,1.0,0.0,,64,0.07793562952429056,0.048744356725364923,world,0.17214261181652546,0.13128265244886278,world,0.2994837200269103,0.14147341672796757,world,0.7177418977953494,0.1445897095865803,world,1.4300028417725117,0.14721358094975584,world,1.6726114914007484,0.13816133637010353,world
soft_none,neither,90043,False,False,,1.0,0.0,,79,0.1318327016197145,0.07231294526718557,body,0.2371236859820783,0.1661421813769266,world,0.27050311691127715,0.16548714140662923,world,0.5335205684183165,0.15755378582398405,world,1.2305164172663354,0.15032898804493017,world,1.5676036047702655,0.14810686402313877,world
soft_none,neither,90044,False,False,,1.0,0.0,,65,0.11201426619663835,0.0726919686421752,world,0.2239948379807174,0.1387728065252304,world,0.2909486408811063,0.13698453911347314,world,0.7040875689825044,0.1334751850226894,world,1.5203952467883939,0.12349634136626264,world,1.724408687162213,0.12588025219010887,world
soft_none,neither,90045,False,False,,1.0,0.0,,64,0.08535607857629657,0.02103502961108461,world,0.1974196677096188,0.044604326435364786,world,0.28603121773339807,0.050146422430407255,world,0.6887999491067603,0.05389826288446784,world,1.7014003020361999,0.055372110346797856,world,1.794147405498661,0.07773221995026688,world
soft_none,neither,90046,False,False,,1.0,0.0,,73,0.06726825470104814,0.049698103073751554,world,0.1958197153173387,0.10433606790029444,world,0.307563561713323,0.1109541025274666,world,0.8849709803937004,0.1124643689225195,world,1.6500331702991389,0.1186184542681076,world,1.7988281182711945,0.14637745152889692,world
soft_none,neither,90047,False,False,,1.0,0.0,,66,0.09117459040135145,0.05759137263521552,world,0.18840941581875087,0.1485575532540679,world,0.3211970412172377,0.1700379929621704,world,0.8231039649341255,0.1597901748988079,world,1.6099781622411684,0.14984117670974229,world,1.774101714687422,0.14367276558798037,world
soft_none,neither,90048,False,False,,1.0,0.0,,76,0.08322445908561349,0.08174185417010449,world,0.22417666586115956,0.20087558638188055,world,0.35867696315981445,0.16086015596811193,body,0.884637272474356,0.16381314618774923,world,1.6312706921831706,0.17212876577759745,world,1.77051876204554,0.1694677930974285,world
soft_none,neither,90049,False,False,,1.0,0.0,,76,0.08876672200858593,0.0713964703027159,world,0.22105110641568898,0.19508311883546411,world,0.31654751403257253,0.1891686923801899,world,0.8225526641588659,0.1885382667533122,world,1.4642404818674548,0.1863143299910007,world,1.6989384116884323,0.17586574162764007,world
soft_none,neither,90050,False,False,,1.0,0.0,,60,0.09766851644963026,0.05897142179310322,world,0.24277303777635095,0.15045572337694466,world,0.3516660310328007,0.15490796015656086,world,0.9145571118220687,0.1445055473348475,world,1.5790993771515787,0.1425806310631742,world,1.761293103210628,0.13931174774843386,world
soft_none,neither,90051,False,False,,1.0,0.0,,76,0.09453944955021143,0.020814528135815635,world,0.17772226296365262,0.07268713337543886,world,0.2650306446477771,0.08576745804020902,world,0.6203856353648007,0.08834909968354623,world,1.4291867025662213,0.09134083095668757,world,1.644893183875829,0.09845379931899514,world
soft_none,neither,90052,False,False,,1.0,0.0,,68,0.08190234983339906,0.028251889889361337,world,0.18566568521782756,0.06637772906688041,world,0.28147303643636407,0.10139155829383525,world,0.7606235973304138,0.10125248427502812,world,1.7011539783212357,0.10871850770490711,world,1.851171685899608,0.11278028959175572,world
soft_none,neither,90053,False,False,,1.0,0.0,,72,0.11039408389478922,0.07877974235452712,world,0.24589096289128065,0.24417906226590275,world,0.35302565442398187,0.2492326657520607,world,0.7384221245069057,0.24391971570439636,world,1.220968575240113,0.23162943138595438,world,1.557039152616635,0.21671076684782747,world
soft_none,neither,90054,False,False,,1.0,0.0,,65,0.10511312168091536,0.06130689335986972,world,0.20054118540138005,0.155478457827121,world,0.2836131864227355,0.15957633801735938,world,0.7049043186474591,0.15988301841134672,world,1.3986662952462212,0.15865578720258783,world,1.6346380040887745,0.167537299937685,world
soft_none,neither,90055,False,False,,1.0,0.0,,68,0.07985413493588567,0.017179555085022002,world,0.18210392603650688,0.05039101968286559,world,0.29610107974149286,0.07283631218015216,world,0.8006952141644433,0.06626489364716691,world,1.775129908940289,0.08023254315994563,world,1.8578925328934566,0.11155693126260303,world
soft_none,neither,90056,False,False,,1.0,0.0,,68,0.085170321399346,0.0805725553072989,world,0.21190070384182036,0.15121454116888344,world,0.3457957570673898,0.14927193991607055,world,0.9292489896179178,0.14856348318280652,world,1.5520883043587674,0.1415770881023491,world,1.7227499421429822,0.12181920734481537,world
soft_none,neither,90057,False,False,,1.0,0.0,,76,0.07231445563957095,0.07257492817007005,world,0.21853981809690592,0.14954134570434688,world,0.2961050192359835,0.16657958264695483,world,0.747682084259577,0.1684151028501219,world,1.491726894734893,0.1610929130263685,world,1.6936920891935006,0.15092370607786507,world
soft_none,neither,90058,False,False,,1.0,0.0,,61,0.0804517287760973,0.013615250994917005,world,0.2096549766138196,0.058752050454495476,world,0.31620587399229405,0.07644654047617223,world,0.7301435214933008,0.0744543080785661,world,1.5317195265321062,0.07162439292296768,world,1.7300643458496778,0.0877586676023202,world
soft_none,neither,90059,False,False,,1.0,0.0,,62,0.08316657179966569,0.02349808602593839,world,0.17794586261734366,0.06731236814521253,world,0.25731330788694323,0.08825630815699698,world,0.6153877998469397,0.08872055389801972,world,1.5227833797573114,0.09677037387446036,world,1.728433534107171,0.11253956664877478,world
soft_none,neither,90060,False,False,,1.0,0.0,,62,0.09110991191118956,0.02796307354583405,world,0.19827129486948253,0.07204207109170965,world,0.29864667700603603,0.08928809695353265,world,0.6843341578263789,0.09048682922293665,world,1.5226864790776744,0.10280139820315526,world,1.7401374567393213,0.12823936098837294,world
soft_none,neither,90061,False,False,,1.0,0.0,,80,0.08306701062247157,0.047738571651279926,world,0.21368805700913074,0.1493120764847845,world,0.30955290687270465,0.17606543921865522,world,0.8333884833613411,0.16778971189050934,world,1.5746467583929187,0.16280293936797535,world,1.7614123245002702,0.16226678602834,world
soft_none,neither,90062,False,False,,1.0,0.0,,66,0.07916013663634658,0.018107439085724764,world,0.19404094433411956,0.07947186698147563,world,0.2694887294899672,0.08444860681629507,world,0.6573253107955679,0.0934074097101984,world,1.5365787404472941,0.09885813609980687,world,1.765626637446694,0.1078787153515441,world
soft_none,neither,90063,False,False,,1.0,0.0,,62,0.07287755236029625,0.05314354953588918,world,0.18079069312661886,0.17078252014471218,world,0.3204297407530248,0.15300208671833387,world,0.8475763370748609,0.1486176847363822,world,1.695636237668805,0.14694975076708944,world,1.8262550416123122,0.1426182975573465,world
soft_none,neither,90064,False,False,,1.0,0.0,,72,0.09232818055897951,0.04611983406357467,world,0.21952321678400039,0.1632789791561663,world,0.3107885021716356,0.1579073516535573,world,0.847209270298481,0.16107461026404052,world,1.5349976347759364,0.15789567330248247,world,1.7500810594111682,0.15822137575087253,world
soft_none,neither,90065,False,False,,1.0,0.0,,63,0.07545326696708798,0.027116968674818054,world,0.17704795422032474,0.06104155162465758,world,0.2776939565781504,0.06836133481992873,world,0.7838517897995189,0.06346049140120158,world,1.59572001589695,0.05784253562087542,world,1.801069335215725,0.06647950814964133,world
soft_none,neither,90066,False,False,,1.0,0.0,,61,0.08444912871345878,0.009537127160001546,world,0.18746957322582603,0.029057351977098734,world,0.2588067924138159,0.04082123946282081,world,0.5935596070019529,0.04613093626976479,world,1.5873681255965493,0.04802276679838542,world,1.7928971246397123,0.08237214381624652,world
soft_none,neither,90067,False,False,,1.0,0.0,,71,0.10481967777013779,0.03308384559932165,world,0.19428935516625645,0.11630376269458793,world,0.30601458260789516,0.1452332452259725,world,0.8650874799583107,0.13564612296031553,world,1.658082576398738,0.13653127637298892,world,1.7877799348253758,0.13663224303832977,world
soft_none,neither,90068,False,False,,1.0,0.0,,76,0.12492319568991661,0.07201923243701458,world,0.22621291130781174,0.1074660697253421,world,0.27062238231301305,0.09848058974603191,world,0.4587610041722655,0.10144683334510773,world,1.2893687429837883,0.09797224314243067,world,1.6545766622945668,0.10551548246876337,world
soft_none,neither,90069,False,False,,1.0,0.0,,70,0.06130175106227398,0.06230475043412298,world,0.20359755214303732,0.20974683768581598,world,0.3463385860435665,0.1879714833223261,world,0.9538606406655163,0.18877170187915907,world,1.6437575925840064,0.18715294049106887,world,1.8284593302290886,0.19045310843124752,world
soft_none,neither,90070,False,False,,1.0,0.0,,76,0.06426766468212008,0.05090489727444947,world,0.18040765821933746,0.16685829774942249,world,0.33195714913308616,0.1756482404191047,world,0.8832294002175332,0.16870585451833903,world,1.7006475303322075,0.15583885701198597,world,1.8126543635129928,0.14885154878837056,world
soft_none,neither,90071,False,False,,1.0,0.0,,77,0.08918522391468287,0.04443884524516761,world,0.2038353210315108,0.14898380818776785,world,0.29571210788562896,0.16164857484400275,world,0.6435464591253549,0.1595567243057303,world,1.3327123468974607,0.16252187871723436,world,1.5916046112123876,0.1794829242717242,world
soft_none,neither,90072,False,False,,1.0,0.0,,70,0.09158547315746546,0.07327235402772203,world,0.232611533254385,0.14920488391071557,world,0.335714028775692,0.1585356777650304,world,1.0187667617574334,0.14848493513272842,body,1.7453572333790364,0.13769023992936127,world,1.8260346404090524,0.12892683972313534,world
soft_none,neither,90073,False,False,,1.0,0.0,,80,0.08051347639411688,0.046739865181734785,world,0.21419479846954348,0.09442622489877976,world,0.3199309840798378,0.10072501043614465,world,0.7204530911520124,0.1035975270482595,world,1.5362030376680194,0.1142779316724045,world,1.753264864720404,0.13766438094258776,world
soft_none,neither,90074,False,False,,1.0,0.0,,67,0.09805156383663416,0.03039838194672484,world,0.19129109401255845,0.08051324074331206,world,0.26917194249108434,0.08935263893654338,world,0.6556831781286746,0.08695971649649437,world,1.5042037358740346,0.0918435219755338,world,1.705320482039824,0.10200601507152895,world
soft_none,neither,90075,False,False,,1.0,0.0,,71,0.10600636806339025,0.04910951433703303,world,0.22282525319606067,0.16287854057736695,world,0.3010840334929526,0.19917458338313737,world,0.745215553091839,0.19196136227692476,world,1.4056490302318707,0.19199132652938716,world,1.6572074094507845,0.19056336712528718,world
soft_none,neither,90076,False,False,,1.0,0.0,,75,0.08691515447571874,0.022393115563318133,world,0.15269241640344264,0.09003774035954848,world,0.25170753062702717,0.1180126094899606,world,0.6236908565508201,0.12125954640214331,world,1.5304417255916634,0.1268735272307822,world,1.754528157399036,0.14711176540789894,world
soft_none,neither,90077,False,False,,1.0,0.0,,63,0.08078870456665754,0.027746617211960256,world,0.19872049149125814,0.08429083502851427,world,0.2656659257598221,0.10314354185538832,world,0.6842509519774467,0.10442703501757933,world,1.5731386468047277,0.10305830822690042,world,1.767991703087464,0.10512673633318627,world
soft_none,neither,90078,False,False,,1.0,0.0,,63,0.1077967444434762,0.05703706666827202,world,0.22618636004626752,0.1796981242252514,world,0.30572156272828577,0.18681939033558592,world,0.6859179966151714,0.184309759887401,world,1.3085679538547992,0.18431014454981778,world,1.6127003824710844,0.18599373098812066,world
soft_none,neither,90079,False,False,,1.0,0.0,,64,0.10316912643611431,0.07264222844969481,world,0.20867029745131732,0.19208806899841874,world,0.29125327998772266,0.22099995295284316,world,0.6228137433994562,0.21103960448672296,world,1.2539712339872495,0.19402485788959895,world,1.582552139470354,0.18068842834763926,world
soft_none,neither,90080,False,False,,1.0,0.0,,78,0.09103619726374745,0.02416923618875444,world,0.17282897485420107,0.06649049464613199,world,0.2619631453882903,0.08326226888457314,world,0.6718066656729207,0.08280466144351521,world,1.4503884835983627,0.08980772695140332,world,1.6976592023251578,0.09565621163055767,world
soft_none,neither,90081,False,False,,1.0,0.0,,79,0.07725579314865172,0.04337690520333126,world,0.16742701535113155,0.12050036756554618,world,0.2698869951302185,0.1495014152722433,world,0.7412280626711436,0.14167818513815292,world,1.6397155594138892,0.13546757278672883,world,1.7953431516909042,0.15346839361191086,world
soft_none,neither,90082,False,False,,1.0,0.0,,76,0.10794076416641474,0.048813955509103835,world,0.1823280518874526,0.13492778094951063,world,0.28818831993266936,0.15677739629754797,world,0.6261695546563715,0.15280852479045282,world,1.3943108931882306,0.15008644509944133,world,1.6262261973600836,0.15150191834080032,world
soft_none,neither,90083,False,False,,1.0,0.0,,74,0.09704788448289037,0.01641198593279114,world,0.19171866262331605,0.07564322999241994,world,0.2665648131165653,0.09291124813971692,world,0.6341125487582758,0.1045753392700135,world,1.5874497528770006,0.11747573049669882,world,1.8072828493872657,0.14937070388179563,world
soft_none,neither,90084,False,False,,1.0,0.0,,73,0.11398549610748887,0.039789494418073446,world,0.19063737606629733,0.07568077229661867,world,0.276508125057444,0.11467621845076792,world,0.6231530329911038,0.12103312841209117,world,1.3534948774962685,0.1293746447234298,world,1.6331255278503523,0.15243690661212894,world
soft_none,neither,90085,False,False,,1.0,0.0,,72,0.06728644482791424,0.06279545783763751,world,0.18783646915107965,0.15324735884787516,world,0.3213297384791076,0.15282336886157283,world,0.8571578744333237,0.16041219208564145,world,1.5688982700696215,0.16662597285612718,world,1.7734235348459333,0.17620934226870305,world
soft_none,neither,90086,False,False,,1.0,0.0,,63,0.11213416326791048,0.03645045740995556,world,0.2118324777111411,0.07648841940390412,world,0.31324885850772266,0.09455489603133174,world,0.7642373905982822,0.0773375444834528,world,1.7166035865200684,0.08086629456774971,world,1.8051628512423485,0.08610867166091339,world
soft_none,neither,90087,False,False,,1.0,0.0,,66,0.0859531695023179,0.013763768496573903,world,0.18911908175796271,0.04409389330830891,world,0.2838590431027115,0.057888634323899166,world,0.7095224402379244,0.053799787318712336,world,1.5660776454722507,0.06363474197460164,world,1.7764277906622736,0.09586674949125153,world
soft_none,neither,90088,False,False,,1.0,0.0,,75,0.1066598892211914,0.05382518976693973,world,0.2510015808045864,0.16902789952000602,world,0.31446595266461375,0.15686983470222912,world,0.6363752968609333,0.15677478385623544,world,1.527071864157915,0.153386289923219,world,1.724934127032757,0.1462586813568487,world
soft_none,neither,90089,False,False,,1.0,0.0,,62,0.07657213881611824,0.0312090085062664,world,0.18352640587836505,0.10510707643115892,world,0.29141253763809805,0.12478976989514193,world,0.684303277777508,0.1234804410050856,world,1.6011347471037878,0.119278800713073,world,1.8016842948738487,0.1131444997905055,world
soft_none,neither,90090,False,False,,1.0,0.0,,68,0.09271195577457547,0.036864933383185416,world,0.2010096232406795,0.08185893509071321,world,0.26295121996663506,0.09280618106713519,world,0.5522335595218465,0.09983581458218396,world,1.4982848310261034,0.1153396287254509,world,1.7355157800531016,0.13311142530779763,world
soft_none,neither,90091,False,False,,1.0,0.0,,77,0.0969843678176403,0.05934253672603518,world,0.21034393161535264,0.11057168085826562,world,0.29042465426027775,0.12139687945018524,world,0.5921292085200549,0.12495895664324053,world,1.4694482652470469,0.1205394785356475,world,1.7204063741117714,0.11649255428288598,world
soft_none,neither,90092,False,False,,1.0,0.0,,68,0.10060696629807353,0.0632127015851438,world,0.2118084873072803,0.127026941254735,world,0.26717138881795105,0.1414212887524627,world,0.6472132926573977,0.13688051330973394,world,1.5775208881939762,0.1352817957929801,world,1.7574291084287688,0.12671640517655758,world
soft_none,neither,90093,False,False,,1.0,0.0,,64,0.06853829091414809,0.07900583557784557,world,0.2265728454105556,0.23751881681382656,world,0.33898325613699853,0.1972172925248742,world,0.8036933202994988,0.1983848199946806,world,1.4356962690479123,0.20224143800296587,world,1.7033200795343144,0.20155565676453988,world
soft_none,neither,90094,False,False,,1.0,0.0,,69,0.0856063524261117,0.02121263195294887,world,0.19461321998387576,0.05588903621537611,world,0.27598393401131033,0.06790059226914309,world,0.6651649081613868,0.06904441765072988,world,1.7079364134697244,0.07382455217666575,world,1.8427810997795313,0.07195162801304832,world
soft_none,neither,90095,False,False,,1.0,0.0,,61,0.07368124113418162,0.03706821543892147,world,0.15513949398882687,0.12403713555686409,world,0.27482656131032857,0.1236715993618418,world,0.6889982218039222,0.12427682325978821,world,1.5009288762754296,0.1355577993514089,world,1.7336303978064098,0.1438507540414139,world
soft_none,neither,90096,False,False,,1.0,0.0,,62,0.06883380096405745,0.03154772624839097,world,0.1696815026924014,0.10749594403896481,world,0.2815187004394829,0.13247600788017735,world,0.728423146950081,0.1362634719174821,world,1.495315171056427,0.1291998420645541,world,1.7132115210685879,0.12355833236739272,world
soft_none,neither,90097,False,False,,1.0,0.0,,61,0.11659725802019238,0.07956636321614496,world,0.24666317580267788,0.13618894612882287,world,0.3803934338968247,0.1441860908700619,body,0.9557000089203939,0.13501840083335992,world,1.7153634073096327,0.1274633697612444,world,1.8178428602917118,0.1285483699350152,world
soft_none,neither,90098,False,False,,1.0,0.0,,70,0.1253776540979743,0.11353952891658992,body,0.2768031176179647,0.20887291731778534,body,0.3559396417811513,0.192324998753611,body,0.7377783262170852,0.19143408254603855,world,1.249321129033342,0.18185340601194183,world,1.5154251750744878,0.17316053727758118,world
soft_none,neither,90099,False,False,,1.0,0.0,,79,0.11563057731837034,0.04979804897448048,world,0.22016500364989045,0.08738138168118895,world,0.2883132251910865,0.09488356491783634,world,0.7195218070875853,0.10583062207588226,world,1.5105777496239172,0.11596817309691687,world,1.7027664243336766,0.13219836005417163,world
soft_none,neither,90100,False,False,,1.0,0.0,,62,0.08598088752478361,0.02850845525972545,world,0.20396027192473412,0.07807766456389799,world,0.2760296190157533,0.08850403221440502,world,0.6580209695734084,0.0842853789581568,world,1.4724763807374985,0.09310910365747986,world,1.6819886888749895,0.09714523223257857,world
soft_none,neither,90101,False,False,,1.0,0.0,,62,0.07781054312363267,0.04013308428693563,world,0.20116521539166568,0.14732330057304352,world,0.27328557283617555,0.12470234215725214,world,0.6721890389220789,0.1305341517116176,world,1.4759221112006344,0.13711769613000796,world,1.7201678927848114,0.13194459447695409,world
soft_none,neither,90102,False,False,,1.0,0.0,,63,0.060638034250587225,0.07564577646553516,world,0.1835718802176416,0.17935494193807244,world,0.33068324117921294,0.18471090798266232,world,0.9042475183261558,0.1878699939872604,world,1.574634018202778,0.18750262808462137,world,1.7700260749598964,0.1763598358875606,world
soft_none,neither,90103,False,False,,1.0,0.0,,62,0.07985656056553125,0.025623647961765528,world,0.16574721215292812,0.1506272442638874,world,0.3100481615867466,0.17736108910758047,world,0.8917545511154459,0.17398006664661808,world,1.5377510023652576,0.17044970524912062,world,1.7298688148474322,0.1593967830944166,world
soft_none,neither,90104,False,False,,1.0,0.0,,72,0.08766717230901122,0.05752768274396658,world,0.2035012044943869,0.13658198860939594,world,0.27944841687567534,0.16611401607515291,world,0.7260615524137393,0.15966843279165915,world,1.5477704536286183,0.1516267351071292,world,1.7460161770926788,0.15958912607136883,world
soft_none,neither,90105,False,False,,1.0,0.0,,74,0.07348488084971905,0.0315039558627177,world,0.17176790153607727,0.09884644153644331,world,0.29006558838300406,0.10463212064059917,world,0.8598627997329459,0.11495938986045076,world,1.6878467582981103,0.12187116670029355,world,1.7963647842733188,0.11721328242594609,world
soft_none,neither,90106,False,False,,1.0,0.0,,79,0.08134952606633306,0.049353218637406826,world,0.20000448925420644,0.0883652177406475,world,0.33135248511098325,0.10915475747315213,world,0.9432395375100895,0.0991709321504459,world,1.6571886790334247,0.10105751608934951,world,1.774110139212571,0.12614174223475857,world
soft_none,neither,90107,False,False,,1.0,0.0,,79,0.09066281281411648,0.056478212820366025,world,0.21707936022430657,0.15763427685014902,world,0.3321228320710361,0.16425694765057414,world,0.9304242766927928,0.1577627125487197,world,1.5978763004532084,0.14830591795325748,world,1.7452499493118374,0.13723789095878602,world
soft_none,neither,90108,False,False,,1.0,0.0,,64,0.07515098247677088,0.031203293649014086,world,0.17227312084287405,0.09156574523076415,world,0.2613177918829024,0.09478527903556824,world,0.7510781134013087,0.09506463726866057,world,1.73538667273242,0.09849419113597832,world,1.8704955474007876,0.11730133171338822,world
soft_none,neither,90109,False,False,,1.0,0.0,,66,0.09112292574718595,0.024364323006011546,world,0.1569692979566753,0.09195156674832106,world,0.2493770548608154,0.10150611824356019,world,0.629061175766401,0.10481373701477423,world,1.5822061133920216,0.10373695520102046,world,1.7707327110087498,0.12383922779234127,world
soft_none,neither,90110,False,False,,1.0,0.0,,60,0.07679975498467684,0.04303307313239202,world,0.21476640962064264,0.11965510848676786,world,0.3255157409235835,0.12786202870192936,world,0.7748227407224476,0.1329503394459607,world,1.6462561229709536,0.13817362465779298,world,1.8177913429774344,0.15440154222917044,world
soft_none,neither,90111,False,False,,1.0,0.0,,76,0.0826035849750042,0.03868325590156019,world,0.2065793190151453,0.07849861939903349,world,0.29841704275459047,0.08561203844146803,world,0.7952416489832104,0.08529002895375015,world,1.6990855859126897,0.08984081030284868,world,1.806146590616554,0.09596129404351814,world
soft_none,neither,90112,False,False,,1.0,0.0,,69,0.10056528588756919,0.06508571159793064,world,0.23508988181129098,0.14826159240910783,world,0.309398994082585,0.15944947199313902,world,0.8528141313465312,0.16027821016323285,world,1.5873731623054481,0.17213439628685592,world,1.765857134112157,0.15456204542366322,world
soft_none,neither,90113,False,False,,1.0,0.0,,60,0.08813691698014736,0.022708471544319764,world,0.18900113515555858,0.038937414152314886,world,0.26954753454774616,0.043213116712286136,world,0.5676912906579674,0.04266596282250248,world,1.6363417455460878,0.04293338036659407,world,1.7918923366628587,0.04437056326365564,world
soft_none,neither,90114,False,False,,1.0,0.0,,65,0.07109939632937312,0.04845932385069318,world,0.17737458338961004,0.13027356379316188,world,0.29371032542549075,0.14248695762653368,world,0.7969485987676307,0.13874799720651934,world,1.507379410264548,0.14393724758410825,world,1.7178347405930983,0.16192446954140904,world
soft_none,neither,90115,False,False,,1.0,0.0,,77,0.08458147454075515,0.06512435176409781,world,0.22950880001299084,0.1593776112422347,world,0.34994627942796797,0.17229626250918956,world,0.9089429305749945,0.17045310582907405,world,1.5987174951413181,0.1702410088852048,world,1.780932921206113,0.15606339695921634,world
soft_none,neither,90116,False,False,,1.0,0.0,,75,0.08566070394590497,0.02245579505688511,world,0.2042491744272411,0.06008473301189951,world,0.31274275328032675,0.07502625862543938,world,0.7069128786912189,0.08168276731557852,world,1.3730295958812349,0.09739303842616209,world,1.6455012975214047,0.12539054748704076,world
soft_none,neither,90117,False,False,,1.0,0.0,,79,0.07985727326013148,0.03841473191278055,world,0.16222700183279815,0.12735984531464056,world,0.27342304124031214,0.13355382240260952,world,0.640957044728566,0.13113777171238325,world,1.5476103636960032,0.1307257118576672,world,1.7519008783833123,0.1327791553433053,world
soft_none,neither,90118,False,False,,1.0,0.0,,68,0.0959042301401496,0.040907364105805755,world,0.18968903766945006,0.11869219856453128,world,0.2917970464099199,0.12918747392541263,world,0.7386586129898205,0.13158998316939685,world,1.6287556666997263,0.1323996369195811,world,1.775451184664853,0.12398574591294163,world
soft_none,neither,90119,False,False,,1.0,0.0,,69,0.06062763347290456,0.03937194659374654,world,0.16496396637521685,0.11463271196698771,world,0.27840668770950283,0.12148805598262699,world,0.8122993736877107,0.1332127819157904,world,1.6959739029116463,0.1423151311420952,world,1.8490665437164715,0.14275662544358056,world
soft_none,body_only,90120,True,False,m,1.5891995503048728,0.0,,74,0.07912262389436364,0.018053397740004584,world,0.21641678707674145,0.03987113565672189,world,0.34525346481241287,0.04531675181351602,world,0.8294351463438943,0.04114198560710065,world,1.666067848226521,0.03908553611381649,world,1.768368019410409,0.03928489809892199,world
soft_none,body_only,90121,True,False,l,1.4812383451425903,0.0,,60,0.08392664836719632,0.009233416523784399,world,0.18702839398756627,0.03086280723073287,world,0.2885477830190212,0.04705246821176843,world,0.8591547889867798,0.05283669777018076,world,1.69592954023974,0.050716847981857424,world,1.7876393974991516,0.05152160459831066,world
soft_none,body_only,90122,True,False,m,1.577333311441059,0.0,,60,0.09277296159416437,0.012252282263943925,world,0.19052969124168156,0.028162675397470596,world,0.26602360429242256,0.04281343768816441,world,0.6339169420767575,0.05700410935096443,world,1.6596955947810783,0.05301654017321198,world,1.8015568909142166,0.05495203297443368,world
soft_none,body_only,90123,True,False,l,1.2659873041674827,0.0,,78,0.08309094328433275,0.007675799683056539,world,0.19802324287593365,0.036849417298071785,world,0.3057877684012056,0.05535096099738439,world,0.789780096616596,0.05649482765129506,world,1.7643913020845503,0.059709578567617425,world,1.8414675579033792,0.06702831894068367,world
soft_none,body_only,90124,True,False,m,1.4143549642821072,0.0,,79,0.08659393293783069,0.02900570398196578,world,0.19371560355648398,0.07652157139964402,world,0.3029211142566055,0.10011626151390374,world,1.0295366619480772,0.0900615879741963,body,1.8621763920760714,0.09162594979861752,body,1.895651089339517,0.08314473937542062,world
soft_none,body_only,90125,True,False,l,1.4086180240535773,0.0,,63,0.08254299592226744,0.010359041203628294,world,0.18253760747611525,0.023948417094652542,world,0.26798242442309855,0.05436691472568782,world,0.6953785190358758,0.06712578915830819,world,1.6374982287175952,0.07330166762585577,world,1.808331095762551,0.0717790466574661,world
soft_none,body_only,90126,True,False,m,1.6448408546174003,0.0,,68,0.0713753835298121,0.015166103461524472,world,0.18399591716006397,0.04781452804454603,world,0.2827842241618782,0.06113727886986453,world,0.7139625423820688,0.05741432953072945,world,1.651402865408454,0.05284460478942492,world,1.8014418341452254,0.05018017176480498,world
soft_none,body_only,90127,True,False,l,1.4986137896780058,0.0,,61,0.07599403336644173,0.009938545466866344,world,0.18055843599140645,0.024747953083715406,world,0.25897758956998584,0.037061439659737516,world,0.5819529709406197,0.05257772922122967,world,1.5906634051818402,0.06048210279732302,world,1.7918689862079917,0.061213878203561764,world
soft_none,body_only,90128,True,False,m,1.416558817025714,0.0,,64,0.08243191102519631,0.021989881992340088,world,0.1833256476558745,0.07422437858185732,world,0.3129491735715419,0.10474961098807398,world,0.8566865461179987,0.10043668165599229,world,1.6716655264724978,0.0970672820789332,world,1.7796025640936568,0.0925646553828119,world
soft_none,body_only,90129,True,False,l,1.38378853736242,0.0,,68,0.07906437432393432,0.009135090003837831,world,0.18168816855177283,0.024943637181422673,world,0.26378870154730977,0.03156683132037869,world,0.6730655031045899,0.03476648803152784,world,1.5545082085649482,0.03616692582199903,world,1.7440353696374222,0.036829406911783734,world
soft_none,body_only,90130,True,False,m,1.4756383192437175,0.0,,71,0.09357611043378711,0.01967196393525228,world,0.19782463191077115,0.06853829507017509,world,0.2954469095449895,0.10323915458866395,world,0.9732291115215048,0.08794646176684182,body,1.7361368062789553,0.09076480713411002,world,1.814935574042611,0.08493012767386973,world
soft_none,body_only,90131,True,False,l,1.3606013397692742,0.0,,80,0.08848837669938803,0.009166199452010915,world,0.17924558836966753,0.024216981948120518,world,0.262008494976908,0.057038676147931254,world,0.656534841703251,0.07653835164383054,world,1.641418080427684,0.08319510011206148,world,1.815563286105171,0.07974565120413898,world
soft_none,body_only,90132,True,False,m,1.3052923183294922,0.0,,64,0.10883719939738512,0.027909888536669314,world,0.23211228009313348,0.04139520168246236,world,0.322191287856549,0.043816863352549265,world,0.6314957515802234,0.04307250553465565,world,1.3293284042505547,0.0460375057929923,world,1.599349913476035,0.051675574307446376,world
soft_none,body_only,90133,True,False,l,1.3207448067237653,0.0,,67,0.08280545938760042,0.01836583348631393,world,0.1828752659261227,0.04550101154891308,world,0.26379453856498003,0.061634589526511255,world,0.7120291176252067,0.06260388228329247,world,1.7114077496808022,0.060225304598498036,world,1.8396695239655676,0.055290998227283124,world
soft_none,body_only,90134,True,False,m,1.4561368550822151,0.0,,64,0.08458544313907623,0.019201643648557365,world,0.19055293779820204,0.038341906259302054,world,0.26926493188366296,0.04789431072422303,world,0.5877458840142935,0.0572684028200456,world,1.5110619779443368,0.06190119931197842,world,1.700432204594836,0.0671263492439175,world
soft_none,body_only,90135,True,False,l,1.4036352699808552,0.0,,79,0.08492947649210691,0.0108499969355762,world,0.19032282922416927,0.03875392640475184,world,0.31433607423678045,0.06464292538585141,world,0.7578789672348649,0.05652292559025227,world,1.5707173423143104,0.05979879072219774,world,1.7063160482514648,0.057454083560442085,world
soft_none,body_only,90136,True,False,m,1.3752498406372067,0.0,,68,0.07976200198754668,0.023923625674797222,world,0.1819916152395308,0.050756728393025696,world,0.27049391386099164,0.07297929864143954,world,0.6436643535504117,0.07139358284766785,world,1.528877675824333,0.07730076190782711,world,1.763507855203934,0.07470847793330904,world
soft_none,body_only,90137,True,False,l,1.3180944856558197,0.0,,66,0.0753167299553752,0.0098572450078791,world,0.17371817380189897,0.03430592287040781,world,0.2711889501661062,0.05447874393867096,world,0.7310983033850789,0.057965970894292694,world,1.7467752152122558,0.06481640765960038,world,1.863725180067122,0.07137047807496856,world
soft_none,body_only,90138,True,False,m,1.3737292058898571,0.0,,76,0.09691563388332725,0.039643115567741916,world,0.19718658970668912,0.075340778689133,world,0.2841644719708711,0.09156561397539918,world,0.7250009317183868,0.08837121640244733,world,1.6780602907878346,0.08731762900206377,world,1.8138693124847487,0.07426576997546362,world
soft_none,body_only,90139,True,False,l,1.2231365368057392,0.0,,78,0.09937659790739417,0.04321871977299452,world,0.20981502057984472,0.08783038356341422,world,0.3258324031252414,0.13182970413472506,world,0.8982983306283132,0.12390787201584318,world,1.6419956874218768,0.11684746123792138,world,1.7865990383969619,0.10838322890165727,world
soft_none,body_only,90140,True,False,m,1.5903123576273737,0.0,,77,0.08853757753968239,0.010811035841470584,world,0.19227076768875123,0.025942255527479575,world,0.27479569111019375,0.04113972703999025,world,0.6635180451907218,0.05388612017013656,world,1.6455197064671667,0.0539178772329251,world,1.7811961914040149,0.05611266930798592,world
soft_none,body_only,90141,True,False,l,1.3983126255738383,0.0,,68,0.0869547575712204,0.005263993385597132,world,0.18938126508146524,0.013402781140757726,world,0.2739926447160542,0.02669598477659747,world,0.6909197871107609,0.039299342314188836,world,1.6224551042774693,0.03980830243890523,world,1.8033830242697149,0.040346304541453715,world
soft_none,body_only,90142,True,False,m,1.5588960124158446,0.0,,77,0.08377050142735243,0.009453722610487603,world,0.18052993882447482,0.032264712479081935,world,0.2779859592206776,0.06042383352905745,world,0.7560997030232102,0.0607834056550928,world,1.4914669996360317,0.06818627390639448,world,1.748184844786301,0.06662832277954295,world
soft_none,body_only,90143,True,False,l,1.3381767659159343,0.0,,76,0.08128731790930033,0.01905506241018884,world,0.17549909222871066,0.03680459476890974,world,0.2678208339028061,0.07163965770450886,world,0.7051693057175725,0.0740215327226906,world,1.6057062881765887,0.08513167326673284,world,1.7597423700522632,0.09950497355399421,world
soft_none,body_only,90144,True,False,m,1.4340779419258376,0.0,,78,0.08933615917339921,0.016120759421028197,world,0.19866046709939839,0.04226219613919966,world,0.3038095913361758,0.05688317716994789,world,0.7011787224328145,0.05269473991211271,world,1.6757526060449892,0.05011404987126297,world,1.7807066539628431,0.04681039475064608,world
soft_none,body_only,90145,True,False,l,1.3732457116762027,0.0,,79,0.07660534605383873,0.006963404834095854,world,0.1775828218087554,0.02224084549379768,world,0.2671892748214304,0.03786053345393157,world,0.626358854630962,0.03889729341535712,world,1.544769245875068,0.041062142344344466,world,1.7390674008149656,0.03863561205862425,world
soft_none,body_only,90146,True,False,m,1.4659264726975494,0.0,,73,0.07377111027017236,0.02079293830320239,world,0.17499131793156264,0.04519379013217986,world,0.2609108953271061,0.05634856213873718,world,0.7059126707958057,0.047111725453578404,world,1.6726131090545096,0.05189616635107086,world,1.8240393396327272,0.05021579105072306,world
soft_none,body_only,90147,True,False,l,1.3697174281168265,0.0,,61,0.08223854005336761,0.01201437329291366,world,0.18758883215487004,0.0366696459823288,world,0.26481877807527776,0.036245607773889785,world,0.6113303533755243,0.03592761629697634,world,1.7174043483566495,0.03978022464943933,world,1.8508628748171032,0.055309555462736165,world
soft_none,body_only,90148,True,False,m,1.3038571531689942,0.0,,77,0.07409406267106533,0.03269380234996788,world,0.1861241305246949,0.09460207486408763,world,0.2759596657939255,0.10784248864219989,world,0.8466914730612188,0.10221467173687415,world,1.752580224839039,0.10410635775333503,world,1.8532445891667155,0.10173112569362275,world
soft_none,body_only,90149,True,False,l,1.2823864181574816,0.0,,69,0.09030350483953953,0.028987098077777773,world,0.18614570200443267,0.07335389320505784,world,0.31369292698800566,0.10202448192867451,world,0.9336440362036228,0.08364463713078293,world,1.7977537978440523,0.08702400428992405,world,1.8622803683578968,0.08160953878570582,world
soft_none,body_only,90150,True,False,m,1.371260065573264,0.0,,77,0.09127257345244288,0.013051634305156767,world,0.18611581167206168,0.03877184351440519,world,0.26896952758543197,0.05342394099570811,world,0.8199389435118065,0.04921855712655088,world,1.8039780452731065,0.055441734706528224,world,1.8709509792877361,0.06356226613537728,world
soft_none,body_only,90151,True,False,l,1.2751118713228489,0.0,,67,0.08045947318896651,0.01675491506466642,world,0.1825655118562281,0.035492086771409956,world,0.2710024439264089,0.040491172672773246,world,0.8109747214475647,0.0394079806173977,world,1.7488787136157042,0.042151167788324534,world,1.851020958092995,0.04994368654988648,world
soft_none,body_only,90152,True,False,m,1.3717293620024857,0.0,,77,0.08415221236646175,0.009420314861927181,world,0.1889152819290757,0.01841724402329419,world,0.2668333220295608,0.03150342342705699,world,0.6219964783173054,0.04288501933697262,world,1.6729880274971947,0.04804996706843667,world,1.811793241566047,0.04810508772628964,world
soft_none,body_only,90153,True,False,l,1.3777582765834164,0.0,,63,0.09116866486147046,0.013790231518214568,world,0.19066033298149707,0.03434344855486415,world,0.2895095678512007,0.04680533373320941,world,0.6426594921620563,0.05939350426342571,world,1.3739473580033519,0.06507058040297126,world,1.6357605666900055,0.05970781564632488,world
soft_none,body_only,90154,True,False,m,1.3240528558094946,0.0,,61,0.0893022371456027,0.03193241753615439,world,0.18406458627432584,0.09487608117051421,world,0.2744132935069502,0.12834815701935443,world,0.7044644416775554,0.11749624089861754,world,1.5017162064788863,0.12044667490699795,world,1.7069060261081903,0.11744306060398231,world
soft_none,body_only,90155,True,False,l,1.2616156540457863,0.0,,75,0.08376181265339255,0.014334720530314371,world,0.18418530160561203,0.047301092807902026,world,0.27327073034830396,0.07440253955719527,world,0.5941657642135396,0.07545182796748122,world,1.444537001021672,0.07543419338107923,world,1.674642166015692,0.07304281717631966,world
soft_none,body_only,90156,True,False,m,1.53054519222226,0.0,,80,0.08590285573154688,0.02552097721491009,world,0.1883567661046982,0.08219146220944823,world,0.3121772062033415,0.10892722874414176,world,0.9795216368511319,0.09185742868285161,body,1.7858986205421388,0.08809601043903967,world,1.853971209190786,0.08206423055729829,world
soft_none,body_only,90157,True,False,l,1.488929027680533,0.0,,67,0.07492451881989837,0.025408134562894702,world,0.1798106969334185,0.050039454613579434,world,0.25466497489251194,0.050735052648815324,world,0.6362671892391518,0.06126722160115605,world,1.5314548911177552,0.059914192325231846,world,1.7389540420332925,0.05406849031336605,world
soft_none,body_only,90158,True,False,m,1.4010988441285952,0.0,,76,0.07598390197381377,0.02198158181272447,world,0.16958332704380155,0.06938975567463786,world,0.28312516086734835,0.0888960599550046,world,1.024661705386825,0.08247272890002932,body,1.8744983589858748,0.07902216920701903,body,1.910661689140834,0.07638303925297805,world
soft_none,body_only,90159,True,False,l,1.3983826888544335,0.0,,76,0.08568470366299152,0.007164100847148802,world,0.18166748639196156,0.01419845541677205,world,0.2506884858943522,0.01660821947953082,world,0.5704062782693655,0.023530953585213864,world,1.612963398755528,0.026838306478202865,world,1.8248987577203661,0.03139027364748472,world
soft_none,body_only,90160,True,False,m,1.6346395142175347,0.0,,78,0.08556716702878475,0.005418757747975178,world,0.19994871392846109,0.012190208570973481,world,0.28876406066119675,0.013446074292005505,world,0.44311726558953524,0.016448688346645212,world,1.1848960171453655,0.01988437359659656,world,1.5315146415308118,0.025972815622044437,world
soft_none,body_only,90161,True,False,l,1.4627355647267428,0.0,,75,0.07747125020250678,0.019159279006998986,world,0.1711441005580127,0.05121185404714197,world,0.26965313660912216,0.08535073155071587,world,0.8017581129213796,0.08657531289136386,world,1.672402135923039,0.08445910997943429,world,1.798381117838435,0.07984954734056374,world
soft_none,body_only,90162,True,False,m,1.3110427449584228,0.0,,70,0.0753552820533514,0.037058493500808254,world,0.19498064983636137,0.09191422965959645,world,0.31756788594648244,0.10221807335328775,world,0.9698157522361726,0.09640149020851821,body,1.7745156148215755,0.09115251078983419,world,1.8715626224037258,0.08907672771922079,world
soft_none,body_only,90163,True,False,l,1.4308898612160117,0.0,,78,0.08583185123279691,0.008745900413487107,world,0.186583714466542,0.02149319782038219,world,0.2867360788863152,0.0325311392050935,world,0.7576662394916638,0.041219067764177456,world,1.718016692053061,0.03953170085515012,world,1.822860756139271,0.0416796411933683,world
soft_none,body_only,90164,True,False,m,1.439856144676443,0.0,,68,0.08693990530446172,0.02137443082756363,world,0.17699820259585974,0.061291899718344214,world,0.26271712337620556,0.0745922754635103,world,0.7117436606669798,0.0781346389092505,world,1.6703993363422343,0.08043207306145632,world,1.8043165034847335,0.07881008326046868,world
soft_none,body_only,90165,True,False,l,1.2997648895781109,0.0,,62,0.08667964395135641,0.011412347404984757,world,0.19003248829394578,0.024626569583779203,world,0.2595323401503265,0.031198267146828586,world,0.6109571633394808,0.03576240362308454,world,1.6469259080244227,0.030746118028400816,world,1.8356026919465511,0.03445562821911153,world
soft_none,body_only,90166,True,False,m,1.679679815459025,0.0,,64,0.08231463376432657,0.020936583634465933,world,0.19993927758187055,0.04781447427812964,world,0.2839323072694242,0.055445119523210455,world,0.5685959813650697,0.05427049610880204,world,1.5939503677887843,0.05756183631128806,world,1.7378956587892027,0.05594889246276579,world
soft_none,body_only,90167,True,False,l,1.3590101711106688,0.0,,72,0.08556557260453701,0.006384718195477035,world,0.18552127219736578,0.014846335594484117,world,0.26232967991381884,0.02021583940295386,world,0.7348381019197405,0.02052951351906813,world,1.8056413065176458,0.022628601269934732,world,1.8929896680824458,0.03449121921024926,world
soft_none,body_only,90168,True,False,m,1.6457533914678304,0.0,,77,0.07774325087666512,0.0263393959030509,world,0.1834363278001547,0.06034764994401485,world,0.2848957849666476,0.08269054290140047,world,0.8589666311629116,0.07203215854824521,world,1.723018027516082,0.06886771747958848,world,1.831899912226945,0.06496536504011602,world
soft_none,body_only,90169,True,False,l,1.372684860076075,0.0,,63,0.08126335684210062,0.005106737808091566,world,0.19586482215672732,0.019111519496073016,world,0.2769008633680642,0.02553434975416167,world,0.46782624744810164,0.030647683976712865,world,1.5346961018862202,0.032926469094309144,world,1.764009393947199,0.03274617147326353,world
soft_none,body_only,90170,True,False,m,1.5110806219967274,0.0,,77,0.07354662753641605,0.024496656231349334,world,0.1615899633616209,0.07170749772922136,world,0.27716382071375845,0.09654632974707056,world,1.0966619204729797,0.08282512977166334,body,1.8908630331978202,0.08918039645577663,body,1.9267557201534509,0.08765402065702801,body
soft_none,body_only,90171,True,False,l,1.3393346079674444,0.0,,80,0.08515031449496746,0.01032612842391245,world,0.1972501680254936,0.02215113958227448,world,0.27686773277819154,0.03052501801576,world,0.7319948062300682,0.04320261904358631,world,1.7080282524228096,0.04036242737420252,world,1.8386806705594063,0.03642382205231115,world
soft_none,body_only,90172,True,False,m,1.5992541406103382,0.0,,69,0.08806035574525595,0.011401717958506197,world,0.17939976677298547,0.045471825997810814,world,0.2804449643939734,0.08164575113332831,world,0.9436958275735379,0.07287287060171366,world,1.8063406627625227,0.07303416108479724,world,1.8744672612845898,0.07292272977210815,world
soft_none,body_only,90173,True,False,l,1.2909310796297793,0.0,,74,0.07457790896296501,0.017777060988009907,world,0.17858167551457882,0.048730911911115976,world,0.2625671122223139,0.05580576935462886,world,0.5901609206572176,0.05127787833407638,world,1.522573119495064,0.051234048296828406,world,1.782771336324513,0.046977544782712356,world
soft_none,body_only,90174,True,False,m,1.4992846063269814,0.0,,60,0.09479710552841425,0.036367088119732216,world,0.19809434060007336,0.0723916909249965,world,0.3103518192656338,0.08006944153748918,world,0.9122162817511708,0.08674923931976082,world,1.7958069465355948,0.07846171679157124,world,1.842144211800769,0.08068666787716211,world
soft_none,body_only,90175,True,False,l,1.375063495490151,0.0,,67,0.08436218649148941,0.009173009500955231,world,0.1872352223843336,0.02532551749900449,world,0.26924305986613034,0.03478686752641806,world,0.5838171266950667,0.04275608650277718,world,1.4054714609403165,0.04034472991952498,world,1.69390747057274,0.04043627651946735,world
soft_none,body_only,90176,True,False,m,1.3570155774731387,0.0,,71,0.07913325540721416,0.02346725079405587,world,0.17656086832284928,0.07069759271980729,world,0.2635939156636596,0.08803157028014538,world,0.8236401899717748,0.0830615588078217,world,1.745452199084684,0.08749215264651866,world,1.8463796891085804,0.09368188044652924,world
soft_none,body_only,90177,True,False,l,1.2641200458110455,0.0,,62,0.08173255203291774,0.01420180860441178,world,0.17709778519347308,0.05155931564513594,world,0.27443522163666784,0.08185782461659982,world,0.6982741811545565,0.06910898945934604,world,1.6052520398632624,0.0728812502726214,world,1.7404691484803334,0.07200168722090894,world
soft_none,body_only,90178,True,False,m,1.5240608064758356,0.0,,68,0.08606071164831519,0.0125078663113527,world,0.18704331004992128,0.03142263462941628,world,0.27113576089031993,0.04205160763085587,world,0.6130051445448771,0.04963768804664141,world,1.4961445050430484,0.05028690644539892,world,1.717800528933294,0.06654074244142974,world
soft_none,body_only,90179,True,False,l,1.4207768660969622,0.0,,63,0.08005459234118462,0.003194878139765933,world,0.19176824502646925,0.014210952798021027,world,0.29123898036777973,0.023569399981352036,world,0.7590286256745458,0.027730776678799883,world,1.7140796306543051,0.033272180381391084,world,1.834857807569206,0.043126925226388266,world
soft_none,body_only,90180,True,False,m,1.6834084531201725,0.0,,70,0.08386529516428709,0.013472072023432702,world,0.18892434984445572,0.022181027632905168,world,0.2843750946223736,0.024298659889609553,world,0.638552581332624,0.030998262322827944,world,1.5722195158712566,0.033798097144244824,world,1.7201505991443993,0.04000368647728465,world
soft_none,body_only,90181,True,False,l,1.3164236438723707,0.0,,75,0.09858502447605133,0.020632616069633514,world,0.19477634988725184,0.03983103063073941,world,0.2780738346278667,0.05755398229521233,world,0.6590920878574252,0.06848517476028065,world,1.6302044617943465,0.06587983606368653,world,1.7737961661443116,0.07434323175868485,world
soft_none,body_only,90182,True,False,m,1.3450601064988406,0.0,,60,0.07201683893799782,0.03633379878010601,world,0.19375407807528972,0.1115537956589833,world,0.3186552500352263,0.1449928775546141,world,0.9466994849033654,0.13205645052948967,world,1.6615379432681947,0.12595782820426393,world,1.7950854722596705,0.11877294749370775,world
soft_none,body_only,90183,True,False,l,1.3429357517410216,0.0,,67,0.07711513945832849,0.009690317907370627,world,0.1880458784289658,0.02174091805936769,world,0.2732558221090585,0.02526224481407553,world,0.5544641269603744,0.03350203340378357,world,1.6164551367168314,0.038418807523703434,world,1.7878949945094065,0.04359562730795005,world
soft_none,body_only,90184,True,False,m,1.6568892806087865,0.0,,73,0.08381585776805878,0.010453963011968881,world,0.205863088183105,0.032745968239760254,world,0.3143814486451447,0.0443695586251124,world,0.7134040670935065,0.04775262311250117,world,1.61176221978385,0.045198157342838385,world,1.7597356705833227,0.05893556927421741,world
soft_none,body_only,90185,True,False,l,1.43334245437914,0.0,,67,0.08706053020432591,0.014999308565165848,world,0.18687268169596793,0.029823951900470998,world,0.26789376107044516,0.04190885029383935,world,0.7092196256155148,0.05253311517008114,world,1.672780559223611,0.05068466735465336,world,1.8152695779548957,0.04413311479656841,world
soft_none,body_only,90186,True,False,m,1.6331529059433587,0.0,,70,0.09170800447463989,0.012585863354615867,world,0.19692533873021603,0.04225499589229002,world,0.27958473972976206,0.0645452363707591,world,0.6371611606329679,0.06816922091820743,world,1.6236122135072946,0.06513808578456519,world,1.7966753812134266,0.059357399321452245,world
soft_none,body_only,90187,True,False,l,1.3141636302230804,0.0,,65,0.08266307227313519,0.005035721878812183,world,0.18402348998934032,0.020469392313680144,world,0.2658745381049812,0.039288600459258305,world,0.5414830883499235,0.05235043528700771,world,1.5862896068720147,0.0540365827802816,world,1.7709062191378324,0.052419659703373325,world
soft_none,body_only,90188,True,False,m,1.68271261290117,0.0,,72,0.08178754057735205,0.008852083061356097,world,0.1924718225374818,0.016080032725585624,world,0.29592063305899496,0.026721329436986706,world,0.6804325997363776,0.032923650984594134,world,1.6083820284111425,0.04183958563007764,world,1.7605809545796365,0.04481774552434217,world
soft_none,body_only,90189,True,False,l,1.2673551846296478,0.0,,69,0.07786785112693906,0.009088721279113088,world,0.17637110603973272,0.021720247577468398,world,0.25203583179973066,0.023040951336588476,world,0.6218765926314518,0.02619763329785201,world,1.6730278000584804,0.0300461242088204,world,1.83640701638069,0.04074252619393519,world
soft_none,body_only,90190,True,False,m,1.4616304439624153,0.0,,61,0.08005456160753965,0.03709315932064783,world,0.19032190609723332,0.06240739129207214,world,0.25801566177979113,0.07080060895277711,world,0.7941398930270225,0.0696570118643649,world,1.7673711369046943,0.0705058398570145,world,1.8703066333476455,0.07221051933742274,world
soft_none,body_only,90191,True,False,l,1.3598610545526153,0.0,,75,0.08141861110925674,0.008884234368451871,world,0.18223557360470294,0.020652553450781853,world,0.26885446943342683,0.028754601324908438,world,0.5770141532644629,0.034496312885312366,world,1.2715651971288024,0.03346938959148246,world,1.6734877714887262,0.03558244310843293,world
soft_none,body_only,90192,True,False,m,1.6394540644586693,0.0,,73,0.0928040063008666,0.009580899495631456,world,0.18870946168899536,0.022507142051472327,world,0.2754113975912333,0.055027719457575584,world,0.6628863964229823,0.06779399000733974,world,1.52162105999887,0.07417103863517696,world,1.7037485153973102,0.07474001981187031,world
soft_none,body_only,90193,True,False,l,1.2806965176607972,0.0,,79,0.0765798818320036,0.02279390930198133,world,0.17556316722184417,0.06323321196250617,world,0.2949988246895373,0.10191334206610916,world,0.8633765917737037,0.08628025324724148,world,1.702350358874537,0.08953340903826756,world,1.801492170924321,0.08985897154256235,world
soft_none,body_only,90194,True,False,m,1.3882151295384004,0.0,,72,0.07292858534492552,0.021794180618599057,world,0.16697432273067536,0.07194483096245677,world,0.285836001415737,0.09981413687346503,world,0.8282971815788187,0.08890081375720911,world,1.7451561392110309,0.08643225651539979,world,1.8349760383670217,0.08503968296456152,world
soft_none,body_only,90195,True,False,l,1.4070168029723402,0.0,,68,0.06992306187748909,0.022957270208280534,world,0.16715570837259291,0.06359992817742749,world,0.2784026797860861,0.09976369314244948,world,0.8854724042117595,0.08114978341764073,world,1.7868462309241295,0.07849264396427316,world,1.8592449550330639,0.07688368003204232,world
soft_none,body_only,90196,True,False,m,1.4747105385822876,0.0,,78,0.0870198467746377,0.011363527810317464,world,0.18724658321589233,0.023772182312677616,world,0.2713934603147209,0.03180866250913823,world,0.6174799777101726,0.04264006210360094,world,1.6395996322622524,0.04418543405172386,world,1.7895325411017984,0.05057453416891804,world
soft_none,body_only,90197,True,False,l,1.3111555143573217,0.0,,62,0.07414460740983486,0.030499345899443142,world,0.1827578078955412,0.07600934403308202,world,0.3085934633389116,0.09589100987795973,world,0.7657983780838549,0.09068455513406662,world,1.6254898600745946,0.08957082900997193,world,1.799003941435367,0.08224736787888105,world
soft_none,body_only,90198,True,False,m,1.379640047296776,0.0,,79,0.0848673889413476,0.02651038335170597,world,0.18169645182788371,0.051053675764705986,world,0.27067681476473804,0.07103004471282474,world,0.8173735255375505,0.07344276023650309,world,1.587188094947487,0.07342526119828108,world,1.7568590003624558,0.07552096604253165,world
soft_none,body_only,90199,True,False,l,1.4868269255907973,0.0,,73,0.0800574766471982,0.00510405347449705,world,0.1815323207527399,0.02192537704249844,world,0.27090782672166824,0.035703018092317504,world,0.6006238259375095,0.042347651754971585,world,1.582104690745473,0.04113352372187364,world,1.805264843404293,0.044504515609442026,world
soft_none,body_only,90200,True,False,m,1.568789452616487,0.0,,75,0.0877280617132783,0.008565216121496633,world,0.18552335500717165,0.015240692935185506,world,0.26709177941083906,0.02167123741528485,world,0.5945898240432144,0.03230342493770877,world,1.688422954734415,0.03558003666912555,world,1.8226818292960525,0.046904892512829977,world
soft_none,body_only,90201,True,False,l,1.237480856854104,0.0,,74,0.08405694644898176,0.012320343172177672,world,0.18018245995044707,0.04058761575433891,world,0.26767867896705866,0.06789748762821546,world,0.678705247770995,0.07499873554261285,world,1.5529965159948915,0.07620896618136613,world,1.7384509336017073,0.07188652731390903,world
soft_none,body_only,90202,True,False,m,1.589816924085751,0.0,,69,0.08665710780769587,0.008245957069448195,world,0.19610474109649656,0.02394854659505654,world,0.29422123692929747,0.037439056429138876,world,0.6760395865887403,0.04906563728072797,world,1.7333522064611315,0.043688606297291696,world,1.8335087814182043,0.0433610386030341,world
soft_none,body_only,90203,True,False,l,1.2163108575505985,0.0,,68,0.07379336329177022,0.027706261636922136,world,0.17247518552467228,0.07540921422769314,world,0.2763499222230166,0.1105390030046692,world,0.7660255525028332,0.1078187170322053,world,1.5523622443783096,0.11802379654691322,world,1.7395993915898726,0.11229053256407497,world
soft_none,body_only,90204,True,False,m,1.577624770964431,0.0,,61,0.08315994404256344,0.011006016313331202,world,0.1811784889549017,0.02477040045778267,world,0.2588153719902039,0.04565237792266998,world,0.6832981033250689,0.0626983179608942,world,1.6846523857675493,0.06328371230774792,world,1.815975992642343,0.06045059477706673,world
soft_none,body_only,90205,True,False,l,1.3675497082151145,0.0,,65,0.09360557235777378,0.012198281809105538,world,0.19429815746843818,0.02375037943420466,world,0.27012106627225874,0.03273022564681014,world,0.6114635735750198,0.036658764805906685,world,1.6315011456608772,0.035729798983811636,world,1.7924692019820214,0.038033567128295545,world
soft_none,body_only,90206,True,False,m,1.5176465510618466,0.0,,74,0.09045231994241476,0.013093944638967514,world,0.1798582201823592,0.026619527756702156,world,0.24854986080899832,0.05281070303753949,world,0.6258120021317155,0.057129140989854936,world,1.656896620360203,0.05896645514803822,world,1.8106795323360712,0.05698207239591283,world
soft_none,body_only,90207,True,False,l,1.2488637580931352,0.0,,80,0.0983468028716743,0.028437012690119445,world,0.19756364384666086,0.0692788922926411,world,0.28959037461318077,0.0988144877483137,world,0.8664460343541578,0.08989686990062183,world,1.6536400978104213,0.09662857259227167,world,1.8060928322607652,0.08679877922171728,world
soft_none,body_only,90208,True,False,m,1.4834364114696996,0.0,,66,0.07784716691821814,0.009628068277379498,world,0.16926697790622708,0.02847338571154978,world,0.26196990776807066,0.049475363122473935,world,0.6648128586821258,0.05307613372788182,world,1.697661208314821,0.06310610499822361,world,1.8506040955893697,0.06879539694418782,world
soft_none,body_only,90209,True,False,l,1.263629522578016,0.0,,60,0.0773160420358181,0.020281095581594855,world,0.17551560327410698,0.05474907219177112,world,0.28001596946269275,0.07646667158114723,world,0.7541461993940175,0.0776555182004813,world,1.7257466936949641,0.07541499824728817,world,1.8282914354838429,0.06953576849453384,world
soft_none,body_only,90210,True,False,m,1.3346147837212192,0.0,,73,0.09773254673928022,0.019022814987692982,world,0.1900147158652544,0.03730684851179831,world,0.2737818306311965,0.05708295925069251,world,0.7077661131508648,0.05623006372952659,world,1.5302037271205335,0.05887118202026614,world,1.7154803232289852,0.063520746619688,world
soft_none,body_only,90211,True,False,l,1.30656153459059,0.0,,71,0.07909550983458757,0.012867793091572821,world,0.16641617529094221,0.05013215993531048,world,0.2535245398059487,0.07993599541950971,world,0.7606379681266844,0.07228681527485604,world,1.7239052642602473,0.0750736137990316,world,1.855006417352706,0.07458866887551267,world
soft_none,body_only,90212,True,False,m,1.6930851814175538,0.0,,60,0.08361246343702078,0.012418500118656084,world,0.18709178417921069,0.030180919816484672,world,0.285798910073936,0.0516683906520484,world,0.6677301374264062,0.06233770715916762,world,1.5237426890525967,0.06904833416992914,world,1.7433177026547493,0.06576902184839127,world
soft_none,body_only,90213,True,False,l,1.3559979569855254,0.0,,66,0.08643439458683133,0.02004754336667247,world,0.1987383040599525,0.042781906039454046,world,0.2829280184116214,0.04625941962003708,world,0.6724008264718577,0.048075796556076966,world,1.677031397202518,0.05319644987612264,world,1.7943771285330876,0.054984482567524536,world
soft_none,body_only,90214,True,False,m,1.3935857870234445,0.0,,60,0.09365336643531919,0.053188146906904876,world,0.19900818010792137,0.13525326948147268,world,0.3286276570986957,0.16035503005841747,world,0.8582727355649695,0.1333110016596038,world,1.650539889081847,0.12581352224515285,world,1.772290608244948,0.11235268291879039,world
soft_none,body_only,90215,True,False,l,1.3131198647094737,0.0,,80,0.07845039665699005,0.007666319026611745,world,0.18008569777011874,0.01496027801767923,world,0.270236087217927,0.02738636614813004,world,0.6830448092892766,0.039431756451085674,world,1.7362272561527787,0.03804672297628713,world,1.8463513361290098,0.03802434447221458,world
soft_none,body_only,90216,True,False,m,1.681261135717984,0.0,,66,0.0846150922589004,0.021573567704763263,world,0.19845008542761206,0.06074901640531607,world,0.29262485704384744,0.08362203197611962,world,0.7654090615687893,0.08000516104657435,world,1.7042543565272354,0.07720973995747045,world,1.8224774994468316,0.07979045273619705,world
soft_none,body_only,90217,True,False,l,1.413471960665546,0.0,,75,0.07864122604951262,0.023388198111206293,world,0.19935472356155515,0.05876445162575693,world,0.31368447360582646,0.07217346297111363,world,0.7148152422392741,0.055951741902390495,world,1.6051519243163057,0.051742453717452,world,1.7327912456588819,0.04976688335329527,world
soft_none,body_only,90218,True,False,m,1.584896311018346,0.0,,74,0.08286283910274506,0.024702799186343327,world,0.1917154036462307,0.05641152715543285,world,0.29142586365342144,0.07774243668536655,world,0.7522597806528211,0.06242551971517969,world,1.7047003502957523,0.06364727998734451,world,1.8283664150163532,0.06271512977749807,world
soft_none,body_only,90219,True,False,l,1.3119810143159762,0.0,,70,0.08556443732231855,0.009934242771123536,world,0.19628645088523627,0.022434896597405895,world,0.2639292716048658,0.029139812910580078,world,0.5181179867591709,0.03575443929148605,world,1.5120142933679745,0.03418231423856923,world,1.76026283997111,0.0450841834493258,world
soft_none,body_only,90220,True,False,m,1.300500753923412,0.0,,65,0.0838654087856412,0.016704778448911384,world,0.17742414716631172,0.05208727088174783,world,0.2678129688836634,0.07591301449283493,world,0.7440896220970898,0.06908312169689453,world,1.7601689823204651,0.07272209099319299,world,1.8541951318178327,0.08206172097736271,world
soft_none,body_only,90221,True,False,l,1.325946290087466,0.0,,69,0.07910497672855854,0.0067365961003815755,world,0.18063361551612617,0.018252213386585937,world,0.25225330302491783,0.027491355055826713,world,0.5458336156327277,0.03642861319021904,world,1.623979342565872,0.03782931542627921,world,1.8359676087740808,0.046956063952238766,world
soft_none,body_only,90222,True,False,m,1.3799548422979533,0.0,,63,0.09195476723834872,0.022413029088056646,world,0.19445998826995492,0.05504777160240337,world,0.3010308724362403,0.08000449222163297,world,0.8080113305011765,0.08685597286967095,world,1.6704424229566939,0.08637728010799037,world,1.7922293276013808,0.08842201643739828,world
soft_none,body_only,90223,True,False,l,1.2088747342560058,0.0,,66,0.08754102233797312,0.03896478295791894,world,0.1802208472043276,0.10084279105067254,world,0.2981890294700861,0.12261979593895377,world,0.9487250391393899,0.10869074078800622,world,1.772180443070829,0.10859664444215014,world,1.8672652743011713,0.10173806101112859,world
soft_none,body_only,90224,True,False,m,1.3689372681649405,0.0,,67,0.09412329643964767,0.019217322289478034,world,0.1925876174122095,0.03384238899452612,world,0.2630253786221146,0.05574034925666638,world,0.6932958803139627,0.0670797467842931,world,1.732794235786423,0.06636105297948233,world,1.8598759364150466,0.07595840472989948,world
soft_none,body_only,90225,True,False,l,1.4190999555086545,0.0,,76,0.08809330966323614,0.005904869292862713,world,0.1941555792465806,0.015966495551401748,world,0.28447555704042315,0.029540973392431627,world,0.6393199307378381,0.03875298408383969,world,1.6347630883334205,0.040965228922141245,world,1.770972944898531,0.04406113159318921,world
soft_none,body_only,90226,True,False,m,1.3666051873938825,0.0,,68,0.08209464699029922,0.00891803513513878,world,0.18570157848298552,0.024735482450341805,world,0.28533906433731315,0.04116999245306943,world,0.7115390240214765,0.04797333744209027,world,1.5468287234660238,0.04622954571023001,world,1.7412475777231156,0.05336420640785945,world
soft_none,body_only,90227,True,False,l,1.2089853713110907,0.0,,76,0.07005887664854527,0.025975063646910712,world,0.1884233307093382,0.07107099994900637,world,0.2818122340366244,0.0832647096918663,world,0.7644287724979222,0.0727010821326985,world,1.6928044131491333,0.07920369823041257,world,1.8307854550518095,0.07845794681925326,world
soft_none,body_only,90228,True,False,m,1.3941552835422104,0.0,,76,0.0790069536305964,0.01320444682642119,world,0.17988521186634898,0.037822152856097094,world,0.2550078304018825,0.04525579598048353,world,0.6353101157350465,0.05532811819466587,world,1.704871234332677,0.05584331216759893,world,1.8414562486251818,0.06226173956478305,world
soft_none,body_only,90229,True,False,l,1.4129882265602367,0.0,,60,0.07905602781102061,0.014363933121785522,world,0.18086295584216716,0.028890342439990488,world,0.26717701707966623,0.03301746962533798,world,0.6670544538879767,0.044347643856599464,world,1.6714648284134455,0.04300353259204712,world,1.8115217244671658,0.043980948622192956,world
soft_none,body_only,90230,True,False,m,1.387380358400205,0.0,,62,0.07775703584775329,0.01942299143411219,world,0.16626217374578117,0.05394382355734706,world,0.2622180128935725,0.0696426913025789,world,0.896762768481858,0.06088847615028499,world,1.8188527462654749,0.06322435744150426,world,1.8910481399903074,0.05910398800304392,world
soft_none,body_only,90231,True,False,l,1.2736796593502162,0.0,,79,0.07746206317096949,0.0181377197150141,world,0.17245405167341232,0.06632597497664393,world,0.26890818011015655,0.09054146648850292,world,0.7454907949082553,0.0748870726703899,world,1.697146058594808,0.07834821245087369,world,1.8214987326227128,0.07161674486487754,world
soft_none,body_only,90232,True,False,m,1.3398772042708087,0.0,,65,0.07854533195495605,0.010373319106292911,world,0.170692122541368,0.03325391558755655,world,0.27117308182641864,0.06562921990844188,world,0.7548186307307333,0.06477400543735712,world,1.7601850830717012,0.0667097467736312,world,1.8621521336119624,0.07274083094263914,world
soft_none,body_only,90233,True,False,l,1.2151805568406018,0.0,,74,0.09579887241125107,0.023064742737915367,world,0.20236835777759554,0.04795583331724629,world,0.28443496152758596,0.055154613609192896,world,0.6746806457638741,0.05231578671373427,world,1.6129683354869484,0.05487155370428809,world,1.800841196253896,0.05487486059675575,world
soft_none,body_only,90234,True,False,m,1.412785576783788,0.0,,80,0.08031029207631946,0.008726951258722693,world,0.18640376375988127,0.020988056220812724,world,0.2761544105131179,0.036696329232654534,world,0.7277871070662513,0.04846112817322137,world,1.7459823369164948,0.04708541137442808,world,1.8437824912043288,0.052147336399648345,world
soft_none,body_only,90235,True,False,l,1.4243033807217698,0.0,,60,0.08074739668518305,0.004185786950984038,world,0.18789316024631264,0.01616799796174746,world,0.2787773211486637,0.029744510738237296,world,0.5855325362179429,0.038574860478547635,world,1.618056253087707,0.03909857884173107,world,1.796547521399334,0.049170452766193196,world
soft_none,body_only,90236,True,False,m,1.6997035312296203,0.0,,64,0.08428039774298668,0.010866298325709067,world,0.19530938006937504,0.02496866723813582,world,0.28547622468322514,0.03574737541639479,world,0.6311549433507025,0.039782791466132034,world,1.6371960919816049,0.03882362085023487,world,1.8326895503886045,0.03892251595985727,world
soft_none,body_only,90237,True,False,l,1.376968432617344,0.0,,75,0.08976780157536268,0.007939381772303022,world,0.1952857134863734,0.01484754256089218,world,0.2793140198104084,0.028729871328687297,world,0.5634434051346033,0.03781798263371457,world,1.6483522187685593,0.035341211633203785,world,1.799905366739258,0.042871029543020994,world
soft_none,body_only,90238,True,False,m,1.5968317899030746,0.0,,62,0.07999700587242842,0.01470424240687862,world,0.18183401580899955,0.04383297300082631,world,0.28436937229707837,0.08168448178621475,world,0.8038743915501982,0.08490058134339051,world,1.5149055927293376,0.08390589312475641,world,1.698737959684804,0.07996304533910006,world
soft_none,body_only,90239,True,False,l,1.3434682340044826,0.0,,67,0.07696161884814501,0.009482379493420012,world,0.1718026904389262,0.022189737754524687,world,0.2521138939075172,0.02659021720319288,world,0.747031869692728,0.03408805042345193,world,1.7512263726210222,0.03681187915990449,world,1.8641196471359582,0.051849430527436194,world
soft_none,world_only,90240,False,True,,1.0,1.0,short,59,0.10011516604572535,0.0778134319698438,world,0.24947106074541808,0.1968956160824746,world,0.34670933922752734,0.22004816101398322,world,0.858520665159449,0.20749644001480191,world,1.4842275333357975,0.18965982424269895,world,1.6901697762589902,0.17339901741506766,world
soft_none,world_only,90241,False,True,,1.0,1.0,medium,75,0.08146737329661846,0.01749692379962653,world,0.18997726663947104,0.051995801867451515,world,0.3001193340867758,0.07689897835371085,world,0.7751694675534964,0.06561809866689144,world,1.7031533984467386,0.07292577834159603,world,1.8033387363702058,0.07968858300955617,world
soft_none,world_only,90242,False,True,,1.0,-2.0,short,69,0.07712435210123658,0.07730094087310135,world,0.19063212210312486,0.211803083634004,world,0.3263987031299621,0.2089148013445083,world,0.7714043984422461,0.21555704475322274,world,1.4715859013726003,0.21632450375764167,world,1.7170486032636836,0.2035757353785448,world
soft_none,world_only,90243,False,True,,1.0,2.0,medium,68,0.060866931453347206,0.16411338839679956,world,0.14467301667900756,0.5107488186098635,world,0.18774218718172053,0.8717011275235563,world,0.2536403998761671,1.1233553590835073,world,0.27968653260177234,1.1489931616291869,world,0.23672898052784147,1.1543175665751915,world
soft_none,world_only,90244,False,True,,1.0,-4.0,short,65,0.05957701988518238,0.2006571372039616,world,0.18415486507583412,0.5986268707085401,world,0.26421624236973,1.0337075888412073,world,0.3226484249171335,1.3412757313926702,world,0.3497073303238722,1.3248744038952283,world,0.2866345406684559,1.327816106189275,world
soft_none,world_only,90245,False,True,,1.0,4.0,medium,65,0.08441853732801974,0.1649972761515528,world,0.16733195441775023,0.4389367021154612,world,0.2022277157055214,0.6737193083157763,world,0.24346299018943682,0.8254997230658774,world,0.2704682605632115,0.8145057416375494,world,0.23806555890012535,0.8115019603562541,world
soft_none,world_only,90246,False,True,,1.0,-1.0,short,75,0.07438338035717607,0.04987826885189861,world,0.1984940988011658,0.10634316605282948,world,0.34211621512658896,0.10379880053806119,world,1.1501701548928396,0.09253845294442725,body,1.900730166223366,0.08962616688440903,body,1.905864474182017,0.09956747679432737,world
soft_none,world_only,90247,False,True,,1.0,-1.0,medium,77,0.12069122307002544,0.043782786873634905,world,0.21027128491550684,0.11010671871481464,world,0.28585090832784776,0.13863487741327846,world,0.6040809330064804,0.13498941026919054,world,1.474041313701309,0.12904326416173717,world,1.6970371069107206,0.14193948341475335,world
soft_none,world_only,90248,False,True,,1.0,-2.0,short,70,0.10295408964157104,0.08439914649352431,world,0.23412758242338894,0.21232263501733545,world,0.29078376991674304,0.21325436707120388,world,0.5831966848578304,0.20999842237797567,world,1.1879458552924915,0.2041841303871479,world,1.5307270518969744,0.2097642427484971,world
soft_none,world_only,90249,False,True,,1.0,2.0,medium,60,0.04981825593858957,0.2013246847782284,world,0.10274848679546267,0.528102329513058,world,0.15368081125197933,0.7864908308489248,world,0.21627414351678453,1.0926748175406829,world,0.2708169960969826,1.1637624252151,world,0.2475452590722125,1.1878154534858185,world
soft_none,world_only,90250,False,True,,1.0,4.0,short,68,0.07821418216917664,0.1997311031445861,world,0.13933180060703304,0.4523304285481572,world,0.16625584388384596,0.7353991308191326,world,0.20151894998853095,1.0351886410469888,world,0.23743653721467128,1.079675497325661,world,0.22548311836901122,1.1120416029595073,world
soft_none,world_only,90251,False,True,,1.0,-4.0,medium,77,0.04079135286156088,0.1741058640764095,world,0.11404197502415626,0.4746364599210211,world,0.19545918552903457,0.7699163942656013,world,0.24275272189988756,0.9030837002123007,world,0.28623801174981056,0.8491154934061341,world,0.24277002990827895,0.8330859430629061,world
soft_none,world_only,90252,False,True,,1.0,-1.0,short,78,0.08034238847903907,0.06779011874459684,world,0.23253307933919132,0.21929312124848366,world,0.3233961986145004,0.22641830816864966,world,0.745625654316973,0.22680809752782807,world,1.4098071011190767,0.21521162550197914,world,1.6416712387814185,0.21748601900530046,world
soft_none,world_only,90253,False,True,,1.0,1.0,medium,60,0.10622334107756615,0.09416072419844568,world,0.22529604649171234,0.18077547363936902,world,0.3204974529799074,0.1966677558841184,world,0.7345148197142407,0.1946257476010942,world,1.2917531065060757,0.18900859997011138,world,1.6015300647681578,0.18763224926951805,world
soft_none,world_only,90254,False,True,,1.0,2.0,short,75,0.075492262840271,0.015641552163287997,world,0.16566297877579927,0.06557608211878688,world,0.2512199469842017,0.08527453501010314,world,0.7434111714828759,0.0876076917644241,world,1.6864243230083957,0.08907564043838648,world,1.83378563397564,0.08666542026563548,world
soft_none,world_only,90255,False,True,,1.0,2.0,medium,70,0.0604320231359452,0.19088755710981786,world,0.10622277564834803,0.4793657075148076,world,0.16529668184230106,0.814780318713747,world,0.2080246315395925,1.185878552997019,world,0.27738706976815597,1.2274972791201435,world,0.2684019906341564,1.240050426805392,world
soft_none,world_only,90256,False,True,,1.0,-4.0,short,70,0.08783746598055586,0.20423949882388115,world,0.20750074660172688,0.5710103589110077,world,0.22424596973578445,0.8217525301035493,world,0.2773881232686108,1.013386096979957,world,0.29349682214524364,0.9822063757339492,world,0.2440652446442982,0.9836000711721136,world
soft_none,world_only,90257,False,True,,1.0,-4.0,medium,64,0.06303684471640736,0.17980853747576475,world,0.1296440897276625,0.4566901209764183,world,0.20118943428387867,0.7244954945985229,world,0.2726969158684369,0.867414029315114,world,0.28855620024551176,0.8230951623409055,world,0.2521871275862213,0.8174136304442072,world
soft_none,world_only,90258,False,True,,1.0,-1.0,short,67,0.10279760789126158,0.05707800801610574,world,0.19880370181053875,0.10767355134012177,world,0.2925075487233698,0.13732466808869503,world,0.7870844478253276,0.1280562255415134,world,1.6884252284886316,0.12246428406797348,world,1.7978872569371016,0.13183721654640976,world
soft_none,world_only,90259,False,True,,1.0,1.0,medium,71,0.07379238260909915,0.01652041942725191,world,0.1837007739581168,0.046430961393343746,world,0.2709218522999436,0.06029719432190177,world,0.6329050618456677,0.06049855956553074,world,1.642630565131549,0.07301870622777643,world,1.8190460988739505,0.09899089813385217,world
soft_none,world_only,90260,False,True,,1.0,-2.0,short,78,0.08777124295011163,0.08836862584576011,world,0.22731841737404468,0.2617022706195712,world,0.3015193921048194,0.26808520501945166,world,0.636525832884945,0.25781388326431626,world,1.2612342795473523,0.2378483669483103,world,1.5841548583703116,0.23849528544815257,world
soft_none,world_only,90261,False,True,,1.0,-2.0,medium,76,0.09548795234877616,0.18840562971308827,world,0.2621134008048102,0.5753402446396649,body,0.2985550737823359,0.8949525657575577,world,0.3506608286581468,1.0971995035652071,world,0.3507163973263232,1.0814500634733122,world,0.27938069425406864,1.069334569911589,world
soft_none,world_only,90262,False,True,,1.0,-4.0,short,68,0.07121930021094158,0.16627708252053708,world,0.21108647206565365,0.49668721717316655,world,0.26131041832850316,0.8335216990322805,world,0.31236192214128095,1.0737167816667352,world,0.361069260405202,1.0962423175589722,world,0.29677061007649175,1.0988909665338724,world
soft_none,world_only,90263,False,True,,1.0,-4.0,medium,76,0.058671361301094294,0.16058103649993427,world,0.12709611497120932,0.459370228642365,world,0.18791453741141595,0.7672926781669958,world,0.24977276547870134,0.8269493628045894,world,0.268805319625244,0.7740933788525581,world,0.2314965360966744,0.7518819324704237,world
soft_none,world_only,90264,False,True,,1.0,1.0,short,76,0.10681591555476189,0.03243120154365897,world,0.20026898477226496,0.09413200891576706,world,0.2986361981369555,0.11991083472385071,world,0.635030303755775,0.107283288743929,world,1.6044732461916282,0.10461349410034018,world,1.7381041964609176,0.1260920039610937,world
soft_none,world_only,90265,False,True,,1.0,1.0,medium,73,0.07103272201493382,0.033502823644084856,world,0.1757400604896247,0.09433797174715436,world,0.27758146352134644,0.0920841714629205,world,0.8171280395938083,0.09666475233534584,world,1.6939951202250085,0.09820777517234092,world,1.8457487055053934,0.10261743953626137,world
soft_none,world_only,90266,False,True,,1.0,2.0,short,80,0.1178886357229203,0.1907549913157709,world,0.3034156135749072,0.5467496194527484,body,0.4715188355883584,0.9728975940553938,body,0.7268697430961765,1.5654787206585752,world,0.905597414280055,1.9206842158469954,world,0.5935364941926673,1.8890772410813952,world
soft_none,world_only,90267,False,True,,1.0,2.0,medium,73,0.03953713062219322,0.16404153779149055,world,0.11348399224225432,0.500317687727511,world,0.15866947924951091,0.8251718413550406,world,0.19552372115431352,1.1206325728213413,world,0.24162656817934475,1.1315622638663625,world,0.22017252845689658,1.1170491338550348,world
soft_none,world_only,90268,False,True,,1.0,-4.0,short,69,0.08261778426822275,0.22739595314487815,world,0.18366841645911336,0.5769860642030835,world,0.20397457091603427,0.8155607677064836,world,0.2634666942874901,1.0503376723791007,world,0.3008828279038426,0.9824999429663877,world,0.25910972388926895,0.9839079043420498,world
soft_none,world_only,90269,False,True,,1.0,4.0,medium,74,0.06571420701220632,0.1812764024361968,world,0.15148041467182338,0.48182567567564544,world,0.19929740130901336,0.7293879851931705,world,0.24237672662711704,0.8223272243514658,world,0.2558640355739044,0.7903573561474332,world,0.21811912824516183,0.7731314380170079,world
soft_none,world_only,90270,False,True,,1.0,-1.0,short,81,0.0943897059187293,0.07140735967550427,world,0.2320562219247222,0.1600142685463652,world,0.3328399517573416,0.17519474661676215,world,0.7432029309216887,0.17422837559715845,world,1.401766765047796,0.17044756558607332,world,1.6602888089139014,0.15789382096729243,world
soft_none,world_only,90271,False,True,,1.0,1.0,medium,77,0.09178041340783238,0.02030765451490879,world,0.19260922698304056,0.07954598010983319,world,0.2736480365972966,0.08968360996805132,world,0.7152858352055773,0.0891904398886254,world,1.556796105101239,0.0901078886097821,world,1.7700225555477664,0.1152392933217925,world
soft_none,world_only,90272,False,True,,1.0,-2.0,short,58,0.07548422692343593,0.05393695057136938,world,0.20562336714938284,0.11914855246432125,world,0.36519899875856937,0.13665349332150073,body,1.1043634825618938,0.1329213077202439,body,1.8665063616470434,0.1356515929699526,body,1.9041535757714882,0.14250386963118217,world
soft_none,world_only,90273,False,True,,1.0,2.0,medium,71,0.07622069653007202,0.1762613425962627,world,0.1604446726210881,0.48009682241827256,world,0.17089611961564516,0.7845443559577688,world,0.22182466821541308,1.0466572294855723,world,0.2736592104112788,1.0630580899261985,world,0.24937718116590987,1.060517987063504,world
soft_none,world_only,90274,False,True,,1.0,4.0,short,60,0.05604636843781918,0.15501815162133425,world,0.11959504790138453,0.4362630956573412,world,0.14985406453488395,0.6994099644361995,world,0.18995894669205882,0.9419938479026313,world,0.21972868405573534,0.9501219059544384,world,0.20186427864828144,0.9482658507896122,world
soft_none,world_only,90275,False,True,,1.0,4.0,medium,76,0.0684089851565659,0.17592291301116347,world,0.14518155087716877,0.47924551125615844,world,0.19247646739240737,0.7396372861228884,world,0.24701836680760608,0.853868804499507,world,0.2718027232331224,0.8249120278283953,world,0.25754225929500535,0.8248848120839103,world
soft_none,world_only,90276,False,True,,1.0,1.0,short,69,0.07917361753061414,0.025436832336708903,world,0.2018144025467336,0.08683417030260898,world,0.2894483498763293,0.1180910228897119,world,0.7704103505006059,0.11690348570846254,world,1.6379402289981955,0.1230442393491103,world,1.7779622935829684,0.14643708961171795,world
soft_none,world_only,90277,False,True,,1.0,-1.0,medium,75,0.10546565614640713,0.0976743851788342,world,0.2495092239230871,0.22593714212998747,world,0.3613306930288672,0.22225209914613514,body,0.7501217768527567,0.21520839885924942,world,1.292830988811329,0.1940936039274675,world,1.579054112005979,0.17628630178049207,world
soft_none,world_only,90278,False,True,,1.0,2.0,short,64,0.08840505080297589,0.05933556018862873,world,0.2308050003834069,0.1697125024627894,world,0.3328249777201563,0.18246632998343557,world,0.7614258519606665,0.18126388776581737,world,1.3935096513130703,0.1712040785845602,world,1.6519097882369533,0.15756813570740635,world
soft_none,world_only,90279,False,True,,1.0,-2.0,medium,63,0.08522785687819123,0.19906742358580232,world,0.22888097323011608,0.5917196174152195,world,0.29701333843404426,0.99133369657211,world,0.36178744480130265,1.2240264968364498,world,0.3751486717519583,1.2455602191505024,world,0.2938998598966282,1.2545503047225064,world
soft_none,world_only,90280,False,True,,1.0,4.0,short,77,0.05764978961087763,0.1694635454332456,world,0.13575981355970723,0.4937919166637585,world,0.15828937654732728,0.7757029779604636,world,0.20636278249730822,1.034023362857988,world,0.2534949817621964,1.0469324524776311,world,0.22833586768072564,1.0506764344742987,world
soft_none,world_only,90281,False,True,,1.0,4.0,medium,77,0.04667433106806129,0.1403527824440971,world,0.11136178646702319,0.4161867928924039,world,0.15188585404539479,0.6472477752366103,world,0.18956000569160097,0.8065577297529671,world,0.22424458105524533,0.7874717433121987,world,0.2128676729032304,0.7899251327768434,world
soft_none,world_only,90282,False,True,,1.0,1.0,short,68,0.08811994642019272,0.048009742982685566,world,0.19772288613021372,0.11045336851384491,world,0.285176963545382,0.1198875974980183,world,0.800599689874798,0.12694350248784758,world,1.5824390044901517,0.13464270053955263,world,1.769879235867411,0.1547076996602118,world
soft_none,world_only,90283,False,True,,1.0,-1.0,medium,74,0.11639499105513096,0.07412516372278333,world,0.21725493669509888,0.23310685027390718,world,0.3293454701080918,0.27644960361067206,world,0.665956646669656,0.2687964851182187,world,1.1739877367857843,0.24988987253454978,world,1.5174351006187499,0.2391373433696572,world
soft_none,world_only,90284,False,True,,1.0,2.0,short,72,0.08061610069125891,0.20102053438313305,world,0.1701856879517436,0.6092759557068348,world,0.1897144036600366,1.0499437244143337,world,0.23761942525743507,1.3133305566501803,world,0.28895140274835285,1.3579709806828761,world,0.2667912301269825,1.3307047567493284,world
soft_none,world_only,90285,False,True,,1.0,-2.0,medium,73,0.0770944821415469,0.22917465644422919,world,0.17788153925212102,0.6029968499904499,world,0.20596160446875728,0.8678035288932733,world,0.2681346230703639,1.1814746116113384,world,0.3368033680206281,1.2138526779745007,world,0.29419874045124744,1.2548207103449387,world
soft_none,world_only,90286,False,True,,1.0,4.0,short,67,0.06903835153207183,0.18000328913331032,world,0.14342151649761947,0.49104948174208407,world,0.167245007539168,0.806784191634506,world,0.2083614853618201,1.035966751165688,world,0.25599259020818865,1.0476162867533276,world,0.22634989030775615,1.0518561604683054,world
soft_none,world_only,90287,False,True,,1.0,4.0,medium,79,0.07545952219516039,0.18181153712794185,world,0.12268218444660306,0.46362828793935473,world,0.1566941156052053,0.7358361175050958,world,0.19515559471328742,0.9040252067963592,world,0.25390405240759717,0.8932570341567043,world,0.22763247015071103,0.892377832843922,world
soft_none,world_only,90288,False,True,,1.0,-1.0,short,78,0.0803590714931488,0.043659937946358696,world,0.20578967314213514,0.0659737761656288,world,0.31559301996603606,0.07723670283739921,world,0.957566191861406,0.06527123187843244,world,1.756933608953841,0.05928767888071888,world,1.8401996721047906,0.0652717253562878,world
soft_none,world_only,90289,False,True,,1.0,1.0,medium,64,0.1203337935730815,0.04106309433700517,world,0.257664093747735,0.10154955923790113,body,0.39773023743182423,0.13027708163135684,body,0.8502401671372355,0.1335138871014351,world,1.5266123906243594,0.14340491504553937,world,1.712497058082372,0.1544604986035847,world
soft_none,world_only,90290,False,True,,1.0,2.0,short,66,0.10909646563231945,0.020328180689830333,world,0.21423325948417188,0.060743376379832625,world,0.34267251454293723,0.09945179378846661,world,0.7443727700039744,0.11642997582675889,world,1.5690903862006962,0.14029259035742142,world,1.7861764857545497,0.16033556963346202,world
soft_none,world_only,90291,False,True,,1.0,-2.0,medium,75,0.055589679046534,0.18442753539420664,world,0.13523947556968777,0.49671943201683466,world,0.2326819253503345,0.8704853769158944,world,0.28751047313562594,1.2349968883558176,world,0.36057336916856,1.29078041013272,world,0.288117156670196,1.31220730128116,world
soft_none,world_only,90292,False,True,,1.0,-4.0,short,74,0.0906225573271513,0.2118875663727522,world,0.21110018737381325,0.6190941234584898,world,0.2185122502676677,0.9055032665142789,world,0.26895041974203193,1.1550754020106977,world,0.29353051405487346,1.0946220886951779,world,0.24636766915617045,1.0832173570862504,world
soft_none,world_only,90293,False,True,,1.0,4.0,medium,69,0.07008138298988342,0.1813619202002883,world,0.10934468269115315,0.4483191128820181,world,0.13783306544064544,0.6638283148407936,world,0.17164321787131484,0.7939956063753926,world,0.21343890302086949,0.7362301102300989,world,0.19175497768621427,0.7246106568945107,world
soft_none,world_only,90294,False,True,,1.0,-1.0,short,70,0.07792983436957002,0.028464568662457168,world,0.2132120427675545,0.0871756523498334,world,0.3078604301903397,0.1151803589600604,world,0.8226112776668743,0.11112670196744148,world,1.627500873489771,0.11545712495862973,world,1.7449331459635868,0.11925165587497757,world
soft_none,world_only,90295,False,True,,1.0,1.0,medium,64,0.06767817353829741,0.03589166700839996,world,0.16863924441859127,0.14885012242011725,world,0.2942217299249023,0.16237237613240724,world,0.9186571652768181,0.15513520332897315,world,1.7045776834129356,0.14615160734465463,world,1.8324819286679848,0.13883375144243473,world
soft_none,world_only,90296,False,True,,1.0,-2.0,short,84,0.12074492312967777,0.05914392147678882,world,0.23434516079723836,0.1959143792046234,world,0.2921996522694826,0.19994308265158905,world,0.5200225604698062,0.19535240432742285,world,1.1055900902487337,0.18957093948265538,world,1.500505768097937,0.17347215016518022,world
soft_none,world_only,90297,False,True,,1.0,2.0,medium,62,0.07429216033779085,0.1804192578420043,world,0.15839929087087512,0.5010995108634233,world,0.19105573520064356,0.7746456306427717,world,0.24268176262266933,1.0101803603465669,world,0.2716970777546521,1.0306928305653855,world,0.24170880146790297,1.0255262317159213,world
soft_none,world_only,90298,False,True,,1.0,4.0,short,62,0.05071425240021199,0.1744963489472866,world,0.1462795419152826,0.5159019451588392,world,0.18477446432225408,0.8024094831198454,world,0.22421111923758874,1.0256602332461624,world,0.27015731552091893,1.0353930193785346,world,0.2366708903142717,1.0320593884482512,world
soft_none,world_only,90299,False,True,,1.0,-4.0,medium,67,0.06306956216576509,0.15797469043172896,world,0.12693639830104075,0.4671228415332734,world,0.20842031726788263,0.8311123319319449,world,0.2709215579423471,0.976795743353432,world,0.30873252701640014,0.9328618851519423,world,0.23568150224135026,0.9063707961392355,world
soft_none,world_only,90300,False,True,,1.0,-1.0,short,67,0.08238781243562698,0.05776826152577996,world,0.21875472236424684,0.1748084757477045,world,0.30042944801971316,0.17678380767465568,world,0.7888641707133502,0.17093890148389618,world,1.398877428821288,0.16974245090241313,world,1.6354813611414283,0.16513734303822275,world
soft_none,world_only,90301,False,True,,1.0,-1.0,medium,72,0.09683558577671647,0.06965408677933738,world,0.23400557646527886,0.15763586376560854,world,0.3296567533630878,0.16088250302127563,world,0.8430382749298587,0.16093437270610594,world,1.6141435866360552,0.1550262519100215,world,1.791032369029708,0.14775710280868226,world
soft_none,world_only,90302,False,True,,1.0,-2.0,short,78,0.11631117854267359,0.03237515868386254,world,0.20791037045419217,0.07597030837787315,world,0.28007519636303185,0.088098246086156,world,0.7269276998005807,0.08742451615689788,world,1.5484668755438178,0.09033837846800452,world,1.7620752190612254,0.1014046672481345,world
soft_none,world_only,90303,False,True,,1.0,2.0,medium,59,0.0612721984507516,0.2082234309054911,world,0.1263879938982427,0.545271017914638,world,0.17401230850373395,0.8026561135658994,world,0.2436147773900302,1.1047118520946242,world,0.27474211749649835,1.1671898788714317,world,0.25337584667431656,1.1989068545564077,world
soft_none,world_only,90304,False,True,,1.0,4.0,short,80,0.040024050045758486,0.16383394075091928,world,0.10558647220022976,0.4565243495395407,world,0.15661518971901386,0.7658714749733918,world,0.20690336533589287,1.0669896400009748,world,0.26582406685338356,1.1126354922918835,world,0.24383580265101046,1.1227238418336494,world
soft_none,world_only,90305,False,True,,1.0,-4.0,medium,73,0.04745793354231864,0.16055935015901923,world,0.1318032377632335,0.46248855581507087,world,0.2192378388135694,0.7589513263199478,world,0.27969728223397394,0.8747245130012744,world,0.3075768612936372,0.8470860419329256,world,0.2593140482401941,0.8409212221729103,world
soft_none,world_only,90306,False,True,,1.0,1.0,short,64,0.08214438566938043,0.04187726275995374,world,0.1814770839177072,0.1107468013651669,world,0.30931624113582074,0.12307387748733163,world,0.8698802941245959,0.11896244718227536,world,1.571129034308251,0.11793334819667509,world,1.7835874918987975,0.12271250340621918,world
soft_none,world_only,90307,False,True,,1.0,1.0,medium,72,0.08048134320415556,0.0715027297846973,world,0.23957171034999192,0.2079923582263291,world,0.3634742154041305,0.2015988267608918,body,0.9068744861637242,0.2005734706137446,world,1.5709126273693983,0.19384418930058017,world,1.7541637664497831,0.1723862021116656,world
soft_none,world_only,90308,False,True,,1.0,-2.0,short,62,0.08126344229094684,0.0684095369069837,world,0.22669268636964263,0.15992225584341213,world,0.32985019467305393,0.1455546476820018,world,0.8604449624544941,0.14231350795598702,world,1.5447568237024827,0.133022622417775,world,1.728422318219673,0.12307943461812101,world
soft_none,world_only,90309,False,True,,1.0,2.0,medium,65,0.048128679976798594,0.19203574920538813,world,0.12163888537324966,0.5106303991982712,world,0.17685101462993771,0.7694019139860756,world,0.23417824356583877,1.1063293541839812,world,0.286750586918788,1.1850467067939463,world,0.2602400677488185,1.2063684834833839,world
soft_none,world_only,90310,False,True,,1.0,4.0,short,70,0.05698450066847727,0.17189008183777332,world,0.1438366039772518,0.4959138289093971,world,0.15186435725190678,0.7728865663520992,world,0.20873559939500408,1.0259024817525642,world,0.2476089841700741,1.0316819550513174,world,0.21781723539170345,1.030059289779747,world
soft_none,world_only,90311,False,True,,1.0,-4.0,medium,66,0.06545116612687707,0.15565452608279884,world,0.13861512811854482,0.4101969467359595,world,0.19477512501180172,0.7023324156587478,world,0.24117002622224393,0.8937812026561005,world,0.278723549953429,0.8551785278526949,world,0.21567278345348315,0.8411167486367049,world
soft_none,world_only,90312,False,True,,1.0,1.0,short,69,0.09255336783826351,0.08915696758776903,world,0.23647235743701459,0.21236238963902,world,0.3560126252472401,0.20135903502814473,body,0.9022540638223291,0.192345315698185,world,1.4842232733033596,0.17864430438057752,world,1.6803039243444802,0.1591918154293671,world
soft_none,world_only,90313,False,True,,1.0,-1.0,medium,66,0.08906595734879375,0.01702669501537457,world,0.15666444255039097,0.08649053537519649,world,0.2454438544344157,0.10946999815641903,world,0.6157403765013442,0.10844354132714215,world,1.4598997796769253,0.10720313438614539,world,1.6788392491219566,0.11140909672627458,world
soft_none,world_only,90314,False,True,,1.0,2.0,short,66,0.09257264900952578,0.018039743008557707,world,0.18087156265974047,0.06026626277016475,world,0.28021134063601494,0.08246376435854472,world,0.8190424025058747,0.08218225586315384,world,1.7150372933596372,0.08002089944275212,world,1.8321636871993543,0.07568864332861266,world
soft_none,world_only,90315,False,True,,1.0,2.0,medium,65,0.053115284332307056,0.16690994310192764,world,0.14578040042542853,0.49669170039705934,world,0.16821422584180254,0.8148602736881003,world,0.2222924586865702,1.0811376653145999,world,0.2541210439354472,1.08908400319051,world,0.2205736739610438,1.1073549599491526,world
soft_none,world_only,90316,False,True,,1.0,4.0,short,63,0.05735185247613117,0.15723231562878937,world,0.14233474045176991,0.42971982036251577,world,0.17889796019589993,0.7020522484206594,world,0.22246613648749192,0.9408918109664227,world,0.24461760658086862,0.9608313480421202,world,0.21830449924018466,0.9721036540006753,world
soft_none,world_only,90317,False,True,,1.0,4.0,medium,84,0.05668207514099777,0.1647807511035353,world,0.11973565239459276,0.45669150571338835,world,0.14836788950487972,0.7020904829492792,world,0.17911151416483334,0.8589475241606124,world,0.21176800895191264,0.8258640432119136,world,0.1917192978656385,0.8246402323641814,world
soft_none,world_only,90318,False,True,,1.0,-1.0,short,75,0.0763833043165505,0.026380217517726123,world,0.1814819301478565,0.08399607970495708,world,0.2884042340796441,0.10001093255414163,world,0.8759450321784243,0.10568870074203006,world,1.720938810601365,0.10680683688187856,world,1.838823945331387,0.11499917276523774,world
soft_none,world_only,90319,False,True,,1.0,1.0,medium,65,0.068830247502774,0.03756019985303283,world,0.17692048894241452,0.05922353812493383,world,0.2678178748581559,0.0672691905099782,world,0.8086740563856438,0.066783764075808,world,1.6435145949595609,0.06482656886373661,world,1.8075939757237212,0.09124981558245054,world
soft_none,world_only,90320,False,True,,1.0,2.0,short,76,0.09059985645581037,0.18934157956391573,world,0.2170285932952538,0.5841455796733498,world,0.2934363825013861,1.0156683525070547,world,0.3642915084492415,1.4612949911039321,world,0.41261355922324583,1.5676386931329036,world,0.31475896620191635,1.5124952144827692,world
soft_none,world_only,90321,False,True,,1.0,2.0,medium,57,0.07043921865988523,0.18123667209874839,world,0.13578798566013572,0.4895557685056701,world,0.17856387901119888,0.7756272581056691,world,0.24345311748329548,1.042016131413402,world,0.28053486347198486,1.0643964224407683,world,0.2394931863853708,1.0635595492800347,world
soft_none,world_only,90322,False,True,,1.0,4.0,short,74,0.050423333304934204,0.1891235996154137,world,0.12275114250369369,0.4850721302558668,world,0.1608046129345894,0.7692886863427704,world,0.22996419398114085,1.1010881067224545,world,0.2739698281162418,1.149500485531462,world,0.2830733342305757,1.1840377961937338,world
soft_none,world_only,90323,False,True,,1.0,-4.0,medium,75,0.045425443327985704,0.17259253840893507,world,0.12107359736692161,0.48293481003493066,world,0.20166869167005644,0.7613127972930669,world,0.2575098287372384,0.9007130237296224,world,0.28605360587534956,0.8375071889124228,world,0.24086581366485915,0.8278824112593429,world
soft_none,world_only,90324,False,True,,1.0,1.0,short,72,0.0946281235665083,0.018603204167447984,world,0.18870274238288404,0.0964999930234626,world,0.2773094581440091,0.12762549464823678,world,0.8584661741741002,0.12975012099923333,world,1.6415348668117078,0.1272516756733239,world,1.773498374093324,0.12352900400430372,world
soft_none,world_only,90325,False,True,,1.0,1.0,medium,80,0.09616401605308056,0.07417932874523103,world,0.2555962422862649,0.20174787025898694,world,0.35487593049183486,0.21320971064269545,world,0.7351841984782368,0.2102678065886721,world,1.3914561080979184,0.20427959022927097,world,1.6522703185398133,0.20236562284946558,world
soft_none,world_only,90326,False,True,,1.0,2.0,short,73,0.06168596399948001,0.05206408514641225,world,0.14889267375692725,0.14343843781389295,world,0.28948133303783835,0.1276804736291524,world,0.9145934582455083,0.13656490325520282,world,1.7293995267129503,0.14033132022595965,world,1.8607111022761091,0.15451734833419323,world
soft_none,world_only,90327,False,True,,1.0,-2.0,medium,78,0.06399295793380588,0.18035638646688312,world,0.2098238019971177,0.5812330294633284,world,0.28838381784735245,1.0074279213440605,world,0.3545339458563831,1.227502207364887,world,0.38574339802435137,1.2502982588732268,world,0.30375015653553417,1.2627699979324825,world
soft_none,world_only,90328,False,True,,1.0,-4.0,short,74,0.08045854407828301,0.20478464069310576,world,0.2285987255279906,0.6099187448155134,world,0.25145850536064246,0.8947702611563727,world,0.3234802182560088,1.0464301664265805,world,0.3429918546709814,1.0422887653519866,world,0.2821949053631397,1.0501293972646817,world
soft_none,world_only,90329,False,True,,1.0,4.0,medium,75,0.06505984091199934,0.17691743676550686,world,0.14259026220534,0.4568093362729997,world,0.19101561029674485,0.68328650186304,world,0.21769686178886333,0.7995339048909955,world,0.26414638408168684,0.7791254553885664,world,0.23418346483842467,0.7736746115423739,world
soft_none,world_only,90330,False,True,,1.0,1.0,short,82,0.09005989436991513,0.07027230155654252,world,0.21213082880713047,0.2055420996621251,world,0.32003816750366243,0.22136760144494477,world,0.7936855899752118,0.21556291286542545,world,1.3828947807953227,0.1974727848530165,world,1.6309489513677544,0.1865925202984363,world
soft_none,world_only,90331,False,True,,1.0,1.0,medium,61,0.10961745213717222,0.09316495805978775,world,0.26929005403071643,0.2184187687933445,body,0.36125788567587735,0.220961346430704,body,0.774480016110465,0.21667799132992516,world,1.3394581066211686,0.20129902557964668,world,1.6239648719783872,0.1960082745559339,world
soft_none,world_only,90332,False,True,,1.0,-2.0,short,70,0.09025736805051565,0.06194128798961174,world,0.23269430827349424,0.13171803578734398,world,0.3206870346330106,0.1399477200640831,world,0.8765447157900781,0.13757493229059037,world,1.6584091782337054,0.1444128631192143,world,1.8238549771811812,0.16495882413873914,world
soft_none,world_only,90333,False,True,,1.0,2.0,medium,72,0.05092548011452891,0.15965243824757636,world,0.13376618286711164,0.4659937672782689,world,0.16544440635771027,0.7895789966220037,world,0.21758080454455922,1.0805078503792174,world,0.2672831722309639,1.1049098825547843,world,0.2324418192220037,1.109887471877737,world
soft_none,world_only,90334,False,True,,1.0,4.0,short,61,0.05750140128657222,0.1489523573545739,world,0.13331924737431108,0.41461073632817713,world,0.17468108378816397,0.7399044074001722,world,0.23601628890028223,1.0396001304674427,world,0.2930016783007886,1.096675218784367,world,0.2648319943482056,1.0952120744099374,world
soft_none,world_only,90335,False,True,,1.0,-4.0,medium,77,0.054455876466818154,0.14503904106095433,world,0.10852404520846903,0.4369744191877544,world,0.18843424960505217,0.73408526442945,world,0.2558182581560686,0.8625240870169364,world,0.2889014742686413,0.8300244631245732,world,0.2395568778051529,0.8184160579869059,world
soft_none,world_only,90336,False,True,,1.0,-1.0,short,76,0.08504952816292644,0.09274977969471365,world,0.23623710153624417,0.2019179592607543,world,0.3423170722555369,0.20595490456325932,world,0.767556851147674,0.200425160251325,world,1.4944407380069604,0.18497644487943035,world,1.7190801691589876,0.16503373430401552,world
soft_none,world_only,90337,False,True,,1.0,1.0,medium,60,0.09911714447662234,0.02268514409661293,world,0.18383959708735348,0.07991269817575813,world,0.26405927403829993,0.0902669293456711,world,0.6932204472599551,0.09607518455304671,world,1.7097434562980198,0.10244972887740005,world,1.8680463190888987,0.1273901791666867,world
soft_none,world_only,90338,False,True,,1.0,2.0,short,58,0.08233506139367819,0.012559437411255203,world,0.18242989461869,0.034647930288338104,world,0.26223898129537704,0.044923385391302875,world,0.6913834969047457,0.05632789105875417,world,1.7233772573294117,0.06870742585451808,world,1.854549938933924,0.09732293600871345,world
soft_none,world_only,90339,False,True,,1.0,2.0,medium,61,0.08746529370546341,0.17751338379457593,world,0.16304788338020443,0.46700152130797506,world,0.16794240809977057,0.7791413263883442,world,0.22064988049678505,1.0610068761743605,world,0.26189391074003654,1.0929746264126152,world,0.22580470332875846,1.105194772801915,world
soft_none,world_only,90340,False,True,,1.0,4.0,short,57,0.06969418353401124,0.17563816555775702,world,0.1506810845807195,0.48065219470299786,world,0.17452303897589447,0.7222662618616597,world,0.2163582723704167,0.9185002772312146,world,0.24082366389047818,0.9166617086913903,world,0.22360179306822828,0.9317016624973621,world
soft_none,world_only,90341,False,True,,1.0,4.0,medium,71,0.05297172348946333,0.16709192469716072,world,0.15120428837835787,0.4822790331672877,world,0.2048603404778987,0.7184780007926747,world,0.26873549523297696,0.778325081395451,world,0.2656533560832031,0.7588758417696226,world,0.22432812951738015,0.7374129455076763,world
soft_none,world_only,90342,False,True,,1.0,1.0,short,69,0.0744778597727418,0.03411817236337811,world,0.18213713895529507,0.1040108474844601,world,0.2761083339340985,0.11414861196244602,world,0.681489283265546,0.11164857378607848,world,1.4772804823005572,0.10610523227442173,world,1.6958699788246303,0.10589386994106463,world
soft_none,world_only,90343,False,True,,1.0,1.0,medium,70,0.09263723529875278,0.061615576851181686,world,0.2318260133266449,0.09965536470408551,world,0.3300453839823604,0.11909236189385411,world,0.8675076817162335,0.1325963489813148,world,1.5771623604465277,0.1450477393627807,world,1.7424925844557584,0.14479557064565596,world
soft_none,world_only,90344,False,True,,1.0,2.0,short,65,0.0973468511365354,0.05754367518238723,world,0.22138177501037717,0.13093275530263782,world,0.3006045163143426,0.1416371088591404,world,0.6066575510660186,0.15154730947106146,world,1.2502475676243194,0.1537330615130486,world,1.584386577499099,0.1627103189204354,world
soft_none,world_only,90345,False,True,,1.0,-2.0,medium,75,0.07636261626612395,0.23002976132556796,world,0.14844720175024123,0.5687754174694419,world,0.22895512523828077,0.9080520869232713,world,0.29300729103269985,1.2807833967846818,world,0.3422224479581928,1.3488605205493513,world,0.2943904132989701,1.3781487869215199,world
soft_none,world_only,90346,False,True,,1.0,4.0,short,59,0.050315531669184566,0.1592681272304617,world,0.12133528543636203,0.42834100222680715,world,0.14217662357259542,0.6931013572146185,world,0.17820282967295498,0.9567613455525134,world,0.2318961148674134,0.985147484022309,world,0.21180066236760464,0.9976415444037412,world
soft_none,world_only,90347,False,True,,1.0,-4.0,medium,63,0.03889928283751942,0.15390837495215237,world,0.12529818204347976,0.44107348038814964,world,0.20616710004687777,0.7754076783312485,world,0.2649419520763331,0.8740209023118951,world,0.29211060595771415,0.82973203251604,world,0.2468807081648265,0.8185360445355764,world
soft_none,world_only,90348,False,True,,1.0,-1.0,short,77,0.09369748877361417,0.08516332623548806,world,0.23340297704562546,0.1692712738644332,world,0.36748071755282585,0.16222278096247467,body,0.9659791698446498,0.15453693144663705,body,1.710664076253306,0.1397818966433988,world,1.8095591468689962,0.12992902712809154,world
soft_none,world_only,90349,False,True,,1.0,1.0,medium,63,0.08241775818169117,0.015852456650463864,world,0.19916120227426293,0.08238145121722483,world,0.28188822222873566,0.10172733603685627,world,0.6832984080072493,0.09822177593741799,world,1.5516057013301179,0.10369976350848448,world,1.7352896266710012,0.12362195215624523,world
soft_none,world_only,90350,False,True,,1.0,-2.0,short,79,0.06740764481946826,0.06985032587544993,world,0.20936653707176447,0.18048297442728653,world,0.3613749791868031,0.1534053617680911,body,1.0010250924620778,0.14576206110068596,body,1.7735068905400113,0.14624510462308535,world,1.8481080959457903,0.13311739322787616,world
soft_none,world_only,90351,False,True,,1.0,2.0,medium,75,0.052769136033020914,0.16410089656710625,world,0.15446217723656444,0.5091963696293533,world,0.1945175372180529,0.8323114949744195,world,0.25154372275574133,1.065518270805478,world,0.29888809748808853,1.0721918925526552,world,0.26815433803945776,1.0682208748505218,world
soft_none,world_only,90352,False,True,,1.0,-4.0,short,76,0.09196619328577071,0.23368301708251238,world,0.21552442093379792,0.6126739130355418,world,0.22458171234466134,0.8781479220837354,world,0.2969989434350282,1.0733625304303134,world,0.30993338325060904,1.0028285486012465,world,0.2623307951260358,0.9930734110169578,world
soft_none,world_only,90353,False,True,,1.0,-4.0,medium,65,0.040240820962935686,0.15049848263151944,world,0.140748651442118,0.46474063941277566,world,0.21735039028571917,0.787326650810428,world,0.26951431815396065,0.9041385737480596,world,0.29810507390939167,0.8631070161645766,world,0.2642151268280577,0.8624325935821979,world
soft_none,world_only,90354,False,True,,1.0,-1.0,short,72,0.078128925524652,0.04898665600921959,world,0.20025562029331923,0.11613473470788449,world,0.2872311676852405,0.11522766913985832,world,0.7966449971776455,0.10817525609163568,world,1.54382325054612,0.09692526300059398,world,1.7273371726926416,0.09435026342223865,world
soft_none,world_only,90355,False,True,,1.0,1.0,medium,71,0.0778374494984746,0.029321792535483837,world,0.19108957815915345,0.12591290664859117,world,0.27220680797472596,0.13586088914889843,world,0.6555521432776004,0.13346516247838736,world,1.6213705482194198,0.1306173755641794,world,1.788792007798329,0.14356258034618805,world
soft_none,world_only,90356,False,True,,1.0,2.0,short,78,0.0791030959226191,0.026187542884144932,world,0.2096464321948588,0.06030530895804987,world,0.31256965291686356,0.08045649567502551,world,0.7195493780309334,0.09277646519476548,world,1.4825290119391865,0.1137060277411365,world,1.7187972881691531,0.14344760388717986,world
soft_none,world_only,90357,False,True,,1.0,-2.0,medium,69,0.06453727395273745,0.2069531101733446,world,0.17457929516676812,0.5457500172778964,world,0.2343881924287416,0.7948938394896686,world,0.2968409909226466,1.0959999219980092,world,0.34685525701206643,1.1694471470633288,world,0.2839940325531643,1.1785072974141804,world
soft_none,world_only,90358,False,True,,1.0,4.0,short,74,0.04744339361786842,0.15246452833525836,world,0.129365621926263,0.5061806999612599,world,0.16249170368537305,0.8563949297182262,world,0.22009615655988451,1.1259532437659798,world,0.2768765553249978,1.1465862182783892,world,0.2932505224947818,1.1534305659378878,world
soft_none,world_only,90359,False,True,,1.0,-4.0,medium,57,0.06011731218313798,0.15731135662645102,world,0.11658388896612451,0.4453393458388746,world,0.19832970371353442,0.7694219887256623,world,0.2539820155216148,0.9271621803520247,world,0.2759707944336697,0.888087226630887,world,0.23268638431967703,0.8664004761487013,world
soft_none,body_world,90360,True,True,m,1.436507707360915,1.0,short,74,0.08296363102272153,0.014775068237213418,world,0.18885233597829937,0.030627542937872933,world,0.27847890467382963,0.037911892382544464,world,0.6386995570035652,0.047713319642207354,world,1.5528042631805876,0.05114097301520815,world,1.765296797999181,0.053383850187165086,world
soft_none,body_world,90361,True,True,l,1.4256287739373548,-1.0,medium,60,0.08828168828040361,0.017994087385886814,world,0.1920305797830224,0.03774946716002887,world,0.30542801646515727,0.05793826033113873,world,0.9994289261754602,0.0725482688354532,body,1.8827997776446863,0.07670719376819762,body,1.9135973569285125,0.07144007084913029,body
soft_none,body_world,90362,True,True,m,1.4329806398316671,-2.0,short,74,0.09685721108689904,0.04111161991022527,world,0.22306257067248225,0.07659487687051297,world,0.3528724835719913,0.0983864309033379,world,0.9281583404866979,0.10495567007455975,world,1.7401898573501966,0.10792346610069216,world,1.8025940406089649,0.10476889611614751,world
soft_none,body_world,90363,True,True,l,1.210563351806276,-2.0,medium,77,0.05507945583667606,0.22895076917484403,world,0.12360014866571874,0.5851072703953832,world,0.15272053697844967,0.9795569490408526,world,0.20275170604581946,1.4943299367441796,world,0.21836586518620607,1.5360992788046133,world,0.1940825850039255,1.5366882572311442,world
soft_none,body_world,90364,True,True,m,1.372696280105733,-4.0,short,58,0.04268674831837416,0.2144834160571918,world,0.11887707368005065,0.6632456754567102,world,0.15553982002893463,1.0589878689148464,world,0.22461753667448647,1.4180275094986428,world,0.2452937848836882,1.3445697300281607,world,0.2267020859767217,1.3421332383563276,world
soft_none,body_world,90365,True,True,l,1.2749895656307437,-4.0,medium,74,0.058951428858563304,0.21012824214994907,world,0.1333418409107253,0.5717021942138671,world,0.15875750841805714,0.9014621336013077,world,0.19307326349080542,1.2873374052520377,world,0.2029968380491482,1.2150761374010473,world,0.18123498147935607,1.1875377719197424,world
soft_none,body_world,90366,True,True,m,1.3066897985826524,-1.0,short,69,0.07824576133862138,0.011999523412669078,world,0.18901664717122912,0.030481509724631907,world,0.27139379731379454,0.041177558375056836,world,0.7705795340938494,0.040894766282872294,world,1.8186960816732607,0.04442013746011071,world,1.8944971837243065,0.05175332828657701,world
soft_none,body_world,90367,True,True,l,1.3576619828175316,1.0,medium,62,0.08585206465795636,0.014165863423841074,world,0.20636260444298388,0.035781183099607004,world,0.3087697288487107,0.04645887398219202,world,0.6585354208247736,0.06726405750814593,world,1.5899097345420161,0.07765544196372502,world,1.7529837277391924,0.07983524472023418,world
soft_none,body_world,90368,True,True,m,1.4143053583788585,2.0,short,60,0.08956385543569922,0.012328295852057636,world,0.2149917776696384,0.035022498911712316,world,0.34104133970104156,0.06598914489732124,world,0.8801188747165725,0.08663587490736972,world,1.7119991000159644,0.10488212638301775,world,1.8196333916252478,0.11310591863206355,world
soft_none,body_world,90369,True,True,l,1.3743712386074276,-2.0,medium,67,0.0659208144643344,0.21999870636500418,world,0.14522983256028965,0.6859025830868631,world,0.1971123579831328,1.2596903012366965,world,0.32650596324529035,1.8923433492542243,world,0.3725829357616022,1.9633225506928285,world,0.2599395847407868,1.899157620330807,world
soft_none,body_world,90370,True,True,m,1.5116611087725051,4.0,short,61,0.04686196238617413,0.214510690420866,world,0.09806460365070963,0.5898719416931271,world,0.14567655247810762,0.990610956121236,world,0.20702310338238022,1.3441575312055647,world,0.2776631495267793,1.2712959613651038,world,0.2580869512583013,1.2579288884915876,world
soft_none,body_world,90371,True,True,l,1.462891218935012,4.0,medium,69,0.06450754927936941,0.23250337224453688,world,0.14296580959344282,0.613260561041534,world,0.18957929548923858,0.9719927032478154,world,0.2222174345894018,1.5744502664078028,world,0.2733674034316209,1.696454922412522,world,0.24967584304802587,1.6742776588071138,world
soft_none,body_world,90372,True,True,m,1.6331779731038802,-1.0,short,65,0.08862281451001763,0.01651395799126476,world,0.1830853852443397,0.05521680649835617,world,0.2836757456418127,0.07849893908714875,world,0.6939527273876593,0.07002970671965159,world,1.338003568944987,0.07490622032964894,world,1.6626261248579248,0.0838119948891108,world
soft_none,body_world,90373,True,True,l,1.2018022497580947,-1.0,medium,66,0.08927410934120417,0.04350288410205394,world,0.18715852033346891,0.10906388198491185,world,0.280420886259526,0.14076540766982362,world,0.7387506110128016,0.12525892773410308,world,1.577616327139549,0.1265088452193595,world,1.7862729833554476,0.1201412087935023,world
soft_none,body_world,90374,True,True,m,1.3280228263513763,-2.0,short,73,0.10059878649190068,0.05285159161758202,world,0.22046928396448492,0.11762158201490819,world,0.3262962581124157,0.12278398049038514,world,0.8407165704993531,0.11550373186664728,world,1.6659341450198553,0.10694713023353872,world,1.7846839266782626,0.10158947083846215,world
soft_none,body_world,90375,True,True,l,1.308876304017658,2.0,medium,65,0.04478684923378751,0.21982465079054236,world,0.1327818747260608,0.5903622958809137,world,0.16066971780383027,0.9324634116608648,world,0.17978092789708172,1.3645798587007447,world,0.22941178965411382,1.5197186011355373,world,0.21959913636383135,1.5040872801977094,world
soft_none,body_world,90376,True,True,m,1.5016949779873145,4.0,short,70,0.0633455339120701,0.27435120241716504,world,0.17430895635625349,0.7412392704747618,world,0.2217024214740377,1.1673742756713181,world,0.29832269582839216,1.6006378460064297,world,0.3577995615298277,1.6160484996202285,world,0.29415827805816663,1.6092894145246825,world
soft_none,body_world,90377,True,True,l,1.2414565409093206,-4.0,medium,66,0.06417983584105968,0.19051661540288478,world,0.10770534633193166,0.5595180529402569,world,0.13496311024064198,0.9940595279098489,world,0.1640792744292412,1.5001636909611988,world,0.17904528375074732,1.487800035814871,world,0.16043992588412948,1.4959401922381947,world
soft_none,body_world,90378,True,True,m,1.4238236120964585,1.0,short,66,0.08514179149642587,0.016326439785188995,world,0.17590764304623008,0.035737237692228516,world,0.26505390047095717,0.05706595778901829,world,0.7304710394470021,0.06055732862369041,world,1.6278756174608133,0.06741963113781821,world,1.8134765848284586,0.0672346613141417,world
soft_none,body_world,90379,True,True,l,1.2836548774066676,-1.0,medium,64,0.10514221200719476,0.034761576913297176,world,0.2288741561584175,0.07565696816891432,world,0.3336741497274488,0.0877468065591529,world,0.8804551708279178,0.0783965336100664,world,1.6759874717681669,0.07289108588011003,world,1.7629471137141808,0.06775312389712781,world
soft_none,body_world,90380,True,True,m,1.3621236417497946,2.0,short,70,0.09640986658632755,0.011926396400667727,world,0.1996405800804496,0.040577185014262794,world,0.3070172906853259,0.07183104050345718,world,0.7899072230327874,0.08046000870526768,world,1.6672221388900652,0.1009606677791453,world,1.7784794746432453,0.10910867909609806,world
soft_none,body_world,90381,True,True,l,1.3983378082528164,-2.0,medium,74,0.06497361499350518,0.2701665216591209,world,0.16944235686678438,0.7909197326283901,world,0.24558838160010055,1.2632727328455076,world,0.3136158716690261,1.7434985658037476,world,0.36508719213597945,1.8476464878011027,world,0.26355031005572527,1.7828089172649197,world
soft_none,body_world,90382,True,True,m,1.3509200717074077,-4.0,short,74,0.0646500054281205,0.21201318479143083,world,0.16421717990306206,0.643883548071608,world,0.176130746761919,1.0359908415237442,world,0.2244867287299712,1.3974620975437575,world,0.25003795330776485,1.33990534372424,world,0.21670853082236136,1.3191579610802,world
soft_none,body_world,90383,True,True,l,1.2311925915846564,4.0,medium,58,0.03642939298879355,0.16458778834203258,world,0.08073322372511028,0.4726171634858475,world,0.10042900877888314,0.7434096014942042,world,0.1419326084520435,0.988436344108777,world,0.1919161837126012,0.9786543909605826,world,0.1964307664538501,0.9608444923191564,world
soft_none,body_world,90384,True,True,m,1.524037917146982,-1.0,short,63,0.09383084252476692,0.016068279292085208,world,0.20220169890671968,0.02922866495500784,world,0.29335935665294527,0.03416216988698579,world,0.6692553752567618,0.04181984146125615,world,1.7186834637774155,0.04274462349058013,world,1.8086500689666718,0.04618447487504454,world
soft_none,body_world,90385,True,True,l,1.3531822605860213,1.0,medium,58,0.07379544316790998,0.23328715353272855,world,0.1691142873140052,0.6633624572074042,world,0.2506227922509424,1.0919277999666521,world,0.29853515212307685,1.6583264156070072,world,0.37192294428532474,1.8423920011759036,world,0.293514914928237,1.7573189360147807,world
soft_none,body_world,90386,True,True,m,1.3095845696334245,2.0,short,61,0.09884771145880222,0.028179878514492884,world,0.2168712528422475,0.09478592873201705,world,0.31730605913326143,0.12545982201409062,world,0.8173947071190923,0.11993512976478088,world,1.5908889931393788,0.12787777885750984,world,1.7485372703056783,0.12503221542108806,world
soft_none,body_world,90387,True,True,l,1.3723802328668413,-2.0,medium,61,0.06617240112973377,0.19951909338124096,world,0.1308608634979464,0.5460576611105353,world,0.16594154886552132,0.9487918280763552,world,0.2358585416834103,1.5256090146373027,world,0.2764234508169465,1.5685913231311133,world,0.24096452807134483,1.560687855196884,world
soft_none,body_world,90388,True,True,m,1.6369604542264304,4.0,short,64,0.06713010696694255,0.28171135066077113,world,0.15515158767811954,0.7903658597730101,world,0.21468100480269642,1.252428470691666,world,0.2748704562080093,1.763887209771201,world,0.32236239336198197,1.7295533277851063,world,0.30375491378363223,1.741741898593027,world
soft_none,body_world,90389,True,True,l,1.4434986184388112,4.0,medium,68,0.05481289920862764,0.2179965409450233,world,0.1509962318232283,0.5973788233473898,world,0.18484477613819764,0.9930075083859264,world,0.22969074362772518,1.5821934577543288,world,0.2912433584308019,1.6588040181901307,world,0.23718976588337684,1.636017331695184,world
soft_none,body_world,90390,True,True,m,1.628686273513856,1.0,short,63,0.09218089003115892,0.26864177733659744,world,0.19088997696526347,0.7799089172855019,world,0.2562048876890913,1.3892098181881012,world,0.37470678399549795,2.088107096636668,world,0.5039527754823212,2.154177580703981,world,0.42071838796371597,2.022586302803829,world
soft_none,body_world,90391,True,True,l,1.4997252692437577,-1.0,medium,60,0.09917704854160547,0.2662830604240298,world,0.24611089457757768,0.8065041879191994,world,0.3647552973357961,1.3608138442970812,body,0.5274513452663087,2.028452465357259,world,0.6681719448359218,2.2173324723029513,world,0.5065361867914908,2.0510455210413783,world
soft_none,body_world,90392,True,True,m,1.4793682183432437,2.0,short,56,0.04361795540899038,0.2610148121602833,world,0.13195781564572825,0.7419887007330543,world,0.19356384396669457,1.1689367143961136,world,0.24505906574486291,1.5856446530931863,world,0.29864775531605114,1.607374968381191,world,0.2970363361254567,1.6017368484818144,world
soft_none,body_world,90393,True,True,l,1.373838534697687,-2.0,medium,80,0.09495457238517702,0.23728496651165187,world,0.19990054094232618,0.6672080032993108,world,0.2567631768528372,1.208522823941894,world,0.40431394197512416,1.9086957226623782,world,0.4517680058372207,2.0050106161099395,world,0.33290643462911246,1.9179071702132933,world
soft_none,body_world,90394,True,True,m,1.374879786515465,4.0,short,58,0.05013569293078035,0.186854540836066,world,0.1033315792446956,0.5386334352195262,world,0.1412610601983033,0.9019645649706945,world,0.19150092878262512,1.2387349047814498,world,0.23812423154886347,1.2161486437660642,world,0.2147183481452521,1.2076358888117829,world
soft_none,body_world,90395,True,True,l,1.2278138310881848,-4.0,medium,72,0.06897223996929824,0.20730601344257593,world,0.14285595389083028,0.5416759204119443,world,0.1469804686959833,0.8655783766880631,world,0.18385149264940992,1.195911527820863,world,0.1817430707800668,1.0996444335818525,world,0.17338106833398342,1.0886438975145576,world
soft_none,body_world,90396,True,True,m,1.5997246997728216,1.0,short,76,0.08377070119604468,0.012628352444153279,world,0.20378222046419978,0.021292640356114133,world,0.3028496959712357,0.0301688995299628,world,0.5705912160454318,0.03754761327145388,world,1.4181441136985087,0.041751512463633844,world,1.6282698992406948,0.04296717831770366,world
soft_none,body_world,90397,True,True,l,1.2083810902658325,1.0,medium,74,0.08867831574752927,0.019068894180236384,world,0.19129579765722154,0.04755760925472714,world,0.26825429159216585,0.06298919003747869,world,0.6139740036567674,0.058951230991806366,world,1.5971512812073343,0.062329262569983265,world,1.775434431838803,0.07225932751891379,world
soft_none,body_world,90398,True,True,m,1.605681322392905,2.0,short,61,0.09521103114821017,0.25607782404404134,world,0.19249534560367465,0.7452420135727151,world,0.26952256709337236,1.342712440143805,world,0.4104995282832533,2.0603628117532935,world,0.6712545656133444,2.316704677787493,world,0.5532554664881899,2.2135104408848565,world
soft_none,body_world,90399,True,True,l,1.216354811034764,-2.0,medium,60,0.06145327672129497,0.22249211138114333,world,0.13673706190893425,0.5698833351256326,world,0.1612057733873371,0.8798069658339954,world,0.2284617006807821,1.340409363701474,world,0.25756273043371036,1.4123677456460428,world,0.21574736868788025,1.415606321541127,world
soft_none,body_world,90400,True,True,m,1.3999353886758357,4.0,short,71,0.06891543592792004,0.21149963326752186,world,0.11453839171444996,0.5776800263673068,world,0.13009309479384681,0.9567489923909307,world,0.1826239933812758,1.3375358120305463,world,0.24230007266596656,1.2885013640887337,world,0.24522774803626815,1.2654923746414717,world
soft_none,body_world,90401,True,True,l,1.3909618610188579,-4.0,medium,64,0.09625287761446089,0.24111851351335645,world,0.19253644689451901,0.635108088515699,world,0.2294559799367562,0.996105284243822,world,0.30277622637804597,1.5846130855847151,world,0.33661819974659013,1.7013414774090052,world,0.2529318525129929,1.6854246296570636,world
soft_none,body_world,90402,True,True,m,1.4765881692612393,-1.0,short,72,0.07571387267671525,0.026843651430681348,world,0.17284389934502542,0.06047294305171817,world,0.2563441521255299,0.06732201084960251,world,0.6795925950049423,0.06636181196154212,world,1.6789298032119404,0.065828999810401,world,1.8131531253713185,0.06321664882721961,world
soft_none,body_world,90403,True,True,l,1.2287348099119875,1.0,medium,60,0.0983625971712172,0.03004228975623846,world,0.2067121989093721,0.05935816385317594,world,0.3113915794994682,0.09682517309556715,world,0.7278150501428171,0.10796538689464796,world,1.5303549246280455,0.12116492710192688,world,1.696789439818822,0.12191486915253336,world
soft_none,body_world,90404,True,True,m,1.5959684874168683,-2.0,short,61,0.08400760963559151,0.02235306045622565,world,0.1830714512616396,0.06151927377213724,world,0.27481934931129215,0.08282515035534743,world,0.5941766091622412,0.08666051961045013,world,1.3580409832764417,0.08991221596152173,world,1.6388468229956925,0.09221543878200464,world
soft_none,body_world,90405,True,True,l,1.4263406910614387,-2.0,medium,77,0.0715813540155068,0.25277345930226147,world,0.17923213473986832,0.7059910484589635,world,0.23454061277443541,1.0782608557958155,world,0.3129682392638642,1.5716539240675047,world,0.35052265449485276,1.7407071299734527,world,0.2589735378685873,1.6954310166602955,world
soft_none,body_world,90406,True,True,m,1.5761825745829299,-4.0,short,68,0.07693939644377679,0.3076312681660056,world,0.1819648389006034,0.7968968166969717,world,0.21822906687157226,1.2189645433332772,world,0.27623954790760763,1.7066007708373945,world,0.3247281827527331,1.7053299460865674,world,0.27948477515135894,1.7076056563301245,world
soft_none,body_world,90407,True,True,l,1.3075505965528191,-4.0,medium,60,0.061842989758588374,0.21994268614798784,world,0.12442614545579998,0.5663544143550098,world,0.14558682997012512,0.9117024794686585,world,0.19711490397457965,1.458265459095128,world,0.20445886715024242,1.528775683848653,world,0.18029955723672172,1.5455104966671205,world
soft_none,body_world,90408,True,True,m,1.5508532757037867,1.0,short,74,0.08920612651854753,0.015582763851853088,world,0.19148085564374923,0.061596730496967206,world,0.30306201204657557,0.09285757867910434,world,0.8091926336288452,0.08952745469214278,world,1.4998196106404067,0.10815703902298993,world,1.6905011163651944,0.11543908415813348,world
soft_none,body_world,90409,True,True,l,1.386472676208235,1.0,medium,62,0.08617061981931329,0.02018839359516278,world,0.18697898844256997,0.05458514218917117,world,0.29914756533689796,0.08454380516777746,world,0.8098968617850915,0.07144281438959296,world,1.6960317498189397,0.07027898669275601,world,1.789975562323816,0.06869007961919124,world
soft_none,body_world,90410,True,True,m,1.305798982810204,2.0,short,73,0.08249356399755925,0.24644674826413393,world,0.19257337695453314,0.7048219156451523,world,0.23432477914029734,1.1529328382108361,world,0.33192347766016606,1.7049753136816435,world,0.34951335774094333,1.7524891704291803,world,0.3048921315104235,1.6917642308434004,world
soft_none,body_world,90411,True,True,l,1.201605261104429,-2.0,medium,64,0.06028198089916259,0.21405379567295313,world,0.13499428037903272,0.6548734171316027,world,0.19527073341596404,1.1840736841782928,world,0.2739866349831573,1.6776136921718716,world,0.3111717641579162,1.7210555022465996,world,0.2755396795875276,1.6709014918038156,world
soft_none,body_world,90412,True,True,m,1.6785527327767333,-4.0,short,66,0.054984155809506774,0.24404819955816492,world,0.1323067746590823,0.6744536875630729,world,0.15367896636598743,1.063401254307246,world,0.21136540863953995,1.4758148575172527,world,0.21371302437764825,1.3584171658600097,world,0.20311178895935883,1.3559774550091244,world
soft_none,body_world,90413,True,True,l,1.497413653722908,4.0,medium,68,0.08047847374109551,0.19019483216106892,world,0.1975012006587349,0.5651527961716056,world,0.23643353208317422,0.9765859949402511,world,0.25755060008668806,1.4649545036721974,world,0.30876913717220306,1.4735148820793256,world,0.2639799378736643,1.4046553969406521,world
soft_none,body_world,90414,True,True,m,1.6384059842206313,-1.0,short,67,0.08632554765790701,0.010965531459078193,world,0.19737765323370696,0.018907939549535513,world,0.2973206087015569,0.025844831744325347,world,0.5812679977621884,0.028040222258277937,world,1.5036312150536104,0.030753627841113483,world,1.677210780782625,0.031350219226878834,world
soft_none,body_world,90415,True,True,l,1.4445958942354706,1.0,medium,61,0.08639104943722486,0.009755680497619323,world,0.19885631389915942,0.023556512824143283,world,0.3007370619103312,0.03371067587722792,world,0.6032748361118138,0.03335580425264198,world,1.471256985189393,0.03271042990490969,world,1.6686970803327859,0.03680992909881752,world
soft_none,body_world,90416,True,True,m,1.4228738912776615,-2.0,short,70,0.09060588013380766,0.01469380472553894,world,0.19915906582027676,0.04167220998788253,world,0.2996416765265167,0.07022784593864345,world,0.8316531428601592,0.0709217467257986,world,1.675278707849793,0.07147357568865118,world,1.815566449565813,0.07035983461813886,world
soft_none,body_world,90417,True,True,l,1.412003609654068,-2.0,medium,63,0.06792518589645624,0.24134693597443402,world,0.16560450975084678,0.6815838896669448,world,0.20710886687156743,1.0387551586609334,world,0.284727612012648,1.5503005791222675,world,0.3209138220132445,1.680088288674597,world,0.2473430699837627,1.6565890819299969,world
soft_none,body_world,90418,True,True,m,1.6633408277228265,4.0,short,65,0.046652908087708056,0.2868174621835351,world,0.1628812829963863,0.8320634755480569,world,0.22716807201504707,1.2803096802759681,world,0.29465680677676576,1.7549795933053245,world,0.35271046294947156,1.7475631437722767,world,0.31257710211211814,1.7363928239486996,world
soft_none,body_world,90419,True,True,l,1.4868039659450991,-4.0,medium,75,0.0902794823050499,0.25640140287578106,world,0.19939140093047172,0.7230098368600012,world,0.2656652103178203,1.1402502576820552,world,0.3543153894483112,1.6374055560678245,world,0.4101032281818334,1.8189482129295356,world,0.3023581611784175,1.7515180797409267,world
soft_none,body_world,90420,True,True,m,1.5449902128447706,1.0,short,63,0.08780918642878532,0.019320821564178914,world,0.18629212807863949,0.0646631795563735,world,0.2945872171781957,0.09379998802323827,world,0.9300556631293148,0.08332630857184994,world,1.7803426169557497,0.08259666414087406,world,1.8433604249637572,0.07977817302133189,world
soft_none,body_world,90421,True,True,l,1.3429074718778478,1.0,medium,68,0.08356025163084269,0.012983665517822374,world,0.18422923013567924,0.028705052410077765,world,0.2728569766506552,0.03643339389382163,world,0.8096872837282716,0.04962410737425671,world,1.7902867015916855,0.05526482423410925,world,1.8840513093955815,0.06402741598765715,world
soft_none,body_world,90422,True,True,m,1.4859152920245902,2.0,short,56,0.07567237550392747,0.017027087858878076,world,0.18313797255977987,0.0398965577391209,world,0.2903618625830859,0.054463279851188415,world,0.807259365147911,0.06024388441946939,world,1.7299381220596843,0.05613246793909638,world,1.8111507580382749,0.058319646915624614,world
soft_none,body_world,90423,True,True,l,1.4537628318674107,-2.0,medium,61,0.06884562503546476,0.22161384904757142,world,0.17543608155101537,0.6637320663779974,world,0.23364786971360446,1.2010673951823265,world,0.3604487249627709,1.7929558847332374,world,0.43271806119009854,1.9006608432275245,world,0.32934519672067836,1.819313773564063,world
soft_none,body_world,90424,True,True,m,1.5039422662674549,-4.0,short,72,0.05575110577046871,0.2629326458554715,world,0.13545310297049581,0.7475450955564156,world,0.16224800811614842,1.1567911453661508,world,0.23975299852900206,1.530975374142872,world,0.253242183662951,1.4226245856712922,world,0.22897475135046988,1.4137674617237646,world
soft_none,body_world,90425,True,True,l,1.484051795950852,4.0,medium,66,0.06532951479312032,0.18913396913558245,world,0.14305995432659985,0.5205550011247396,world,0.2015528663992882,0.921351221203804,world,0.2287961820489727,1.5081582866609096,world,0.27345707844942807,1.5808956785593182,world,0.22913093590177597,1.5555372630152853,world
soft_none,body_world,90426,True,True,m,1.499613542769097,-1.0,short,68,0.07212600158527493,0.016435083794931415,world,0.1566770768724382,0.037903193525562526,world,0.2522814908530563,0.04820888770118472,world,0.8457390927476808,0.05258512504697137,world,1.8338332664570771,0.05047799575386307,body,1.9066779898246748,0.05130249347064819,world
soft_none,body_world,90427,True,True,l,1.2434438593395136,1.0,medium,67,0.08157155616208911,0.027163634222233668,world,0.1701867329888046,0.08274628574145027,world,0.2796774362679571,0.10857280837662983,world,0.7875332123367116,0.09480711045762291,world,1.7217965460731648,0.0987996565629146,world,1.847858918881975,0.09422073118155823,world
soft_none,body_world,90428,True,True,m,1.5747146197091175,2.0,short,64,0.0984370419755578,0.011817500853794627,world,0.2052695419639349,0.03013785351940896,world,0.31493454687297345,0.042904479039134455,world,0.6829557040706277,0.058513615430274515,world,1.641476803366095,0.0677088341813942,world,1.7623026757314801,0.07397117348817119,world
soft_none,body_world,90429,True,True,l,1.4646053079069046,-2.0,medium,67,0.08782621833961457,0.2573840245604515,world,0.1980712206335738,0.7042638034559786,world,0.26449213550658895,1.1753517421428115,world,0.426417877903441,1.8897837361553682,world,0.5150545475567923,2.084979067801032,world,0.3653880568302702,2.005223277811892,world
soft_none,body_world,90430,True,True,m,1.6725099978259204,-4.0,short,62,0.07804227620363235,0.2819608352147043,world,0.1468662824714556,0.7329487948678435,world,0.1853176141739823,1.1857690346892924,world,0.23614408762077804,1.737873916211538,world,0.2809246504766634,1.702843979082536,world,0.24308861638302914,1.705965474152763,world
soft_none,body_world,90431,True,True,l,1.3236542402011626,-4.0,medium,67,0.0500415408750996,0.18920000619255006,world,0.09029160116333515,0.5859318765345961,world,0.12466944894986227,0.9980612586950882,world,0.1775772373948712,1.43137951384997,world,0.21606514145678374,1.3989090805116575,world,0.1896254674869124,1.3706632124236784,world
soft_none,body_world,90432,True,True,m,1.3642720743548598,-1.0,short,61,0.08101624622941017,0.02797892970556859,world,0.18710058741271496,0.0632525725668529,world,0.28514114804565904,0.08031741339509609,world,0.6696724252775311,0.07881524793410791,world,1.529528000112623,0.07464269711817906,world,1.715988489948213,0.07214304830980836,world
soft_none,body_world,90433,True,True,l,1.3743791243103016,-1.0,medium,77,0.0795348989777267,0.026019705372164026,world,0.194294826220721,0.06479992622043938,world,0.3129745905753225,0.08783421301050112,world,0.8835188911063596,0.07445824702226672,world,1.7119573405361734,0.07567668586016225,world,1.7912845998397096,0.07066968382285267,world
soft_none,body_world,90434,True,True,m,1.4747028802268096,2.0,short,62,0.07917485077632591,0.264504307648167,world,0.15114727994659916,0.7401422794442624,world,0.190382043417776,1.2996940167387947,world,0.2811451699672034,1.7850469000986775,world,0.34448002154676943,1.7477746972755994,world,0.29133262164599727,1.6706089220184368,world
soft_none,body_world,90435,True,True,l,1.3038106075252267,-2.0,medium,60,0.061440880643203855,0.22160298307426274,world,0.10220124393817968,0.5797348022460938,world,0.14338517397700343,0.9803329178364948,world,0.20805375114578054,1.5570464895339682,world,0.24091055418612087,1.5911823330272454,world,0.2189846766125993,1.5942167395958677,world
soft_none,body_world,90436,True,True,m,1.6168586909623586,4.0,short,79,0.05078572151251137,0.23047689627856016,world,0.11756985140964388,0.6769989682361484,world,0.14045514299068598,1.1201383810490368,world,0.19337083691498264,1.5500643264502285,world,0.2311991377326194,1.4518052361556326,world,0.23136468759970738,1.4471186375641265,world
soft_none,body_world,90437,True,True,l,1.3291113567705524,-4.0,medium,77,0.04864383855601773,0.1834342919755727,world,0.11660145499045028,0.5296747450251132,world,0.13971674382337368,0.9309734793147072,world,0.18141800980374684,1.4232359486515636,world,0.20451737254770705,1.4329743961512575,world,0.19795151163416447,1.4351104781473987,world
soft_none,body_world,90438,True,True,m,1.329008599029527,-1.0,short,80,0.06982377730309963,0.03054742922540754,world,0.16575044244527815,0.07424052555579692,world,0.2796213136985898,0.0804853490786627,world,0.8003855948336422,0.07276967980433256,world,1.5108205864671618,0.0787457878002897,world,1.7139896563626826,0.07930264947732213,world
soft_none,body_world,90439,True,True,l,1.445391509411858,1.0,medium,66,0.08856021892279387,0.009930183296091855,world,0.18853546716272832,0.03972295472631231,world,0.29125645272433753,0.06684060381376185,world,0.7271329291164874,0.07252476749999914,world,1.5219819590449335,0.07449382228514878,world,1.7041544348001478,0.07538613566895946,world
soft_none,body_world,90440,True,True,m,1.5564106744089927,2.0,short,74,0.09204172622412443,0.017542152374517173,world,0.20193055979907512,0.055407125980127606,world,0.3020530486479402,0.07695003948756493,world,0.5359918949194253,0.08894236367486882,world,1.3231932806316764,0.09853072765254182,world,1.5822703438438475,0.10135814371431479,world
soft_none,body_world,90441,True,True,l,1.3070596772413094,2.0,medium,71,0.05132655624765903,0.21486810874193907,world,0.1280517064034939,0.6573671335354447,world,0.16069956342689692,1.1737710489891469,world,0.2213432930642739,1.6785842854063957,world,0.26759377954876984,1.7179941092967055,world,0.22600293854251502,1.646524738711305,world
soft_none,body_world,90442,True,True,m,1.6269524228642334,4.0,short,74,0.04403229570016265,0.27607044111937284,world,0.1467649314319715,0.80974081158638,world,0.2128716558567248,1.2828129303175957,world,0.2774809740891215,1.7488269553752616,world,0.3411817142012296,1.7450061913696118,world,0.3149480158986989,1.7275322180776855,world
soft_none,body_world,90443,True,True,l,1.378277312801848,-4.0,medium,72,0.04759897815529257,0.19506498123519123,world,0.14333323570899664,0.5769252002704889,world,0.1819624799420126,0.9530455744126811,world,0.22572522690170443,1.357710023096297,world,0.2537629696336807,1.339542630154756,world,0.21508904025075026,1.299165578649845,world
soft_none,body_world,90444,True,True,m,1.453510197141481,1.0,short,71,0.09323347499594092,0.015724075055914,world,0.1907145409844816,0.04227074119262397,world,0.27289941455237565,0.0713578773633344,world,0.7074384856736287,0.07718848143776996,world,1.6574477232876235,0.08177754373864445,world,1.7941807825816793,0.09154360769098276,world
soft_none,body_world,90445,True,True,l,1.3665797638238526,-1.0,medium,62,0.07797314133495092,0.02686146648193244,world,0.20032779034227133,0.055532130386563947,world,0.2706106501631439,0.057057555926439824,world,0.6056747212540359,0.05307301900538733,world,1.5777318570530041,0.051858301120591935,world,1.7612669320311398,0.049582500429751236,world
soft_none,body_world,90446,True,True,m,1.33490869903924,-2.0,short,64,0.07837604242376983,0.05331890401430428,world,0.1963075469713658,0.1558555971365422,world,0.3366809988161549,0.20978378064464778,world,0.8528128572623246,0.20760824071767275,world,1.6162556372990367,0.20189193717887977,world,1.7622813230915928,0.19995203010941623,world
soft_none,body_world,90447,True,True,l,1.360545744961593,2.0,medium,71,0.06791031046304852,0.21773349144496024,world,0.15720215941546484,0.619900124752894,world,0.19460092862718736,1.093449845840223,world,0.2509306026884588,1.7501009402447378,world,0.30127244386967506,1.8558582892932465,world,0.24834407184796875,1.8032937675178984,world
soft_none,body_world,90448,True,True,m,1.3926898559008811,4.0,short,79,0.05131315719336271,0.22862542980874423,world,0.1298487156862393,0.6295610470959219,world,0.15257639250485228,0.9425990871517569,world,0.20203935946919957,1.3527212609573325,world,0.24048568172438534,1.3831016284490032,world,0.21184032595832833,1.4009044706991698,world
soft_none,body_world,90449,True,True,l,1.4996288562259714,4.0,medium,69,0.06942660134518519,0.197017788188532,world,0.1666618402232416,0.6001899499911815,world,0.1939197777712252,1.0342114802682771,world,0.23572889201750513,1.5025052652345037,world,0.28494617594842564,1.4839958936267066,world,0.2485741735220654,1.4163282589823938,world
soft_none,body_world,90450,True,True,m,1.6497126455801099,-1.0,short,68,0.07596771977841854,0.011179847497260198,world,0.18682796955108644,0.05202844997402281,world,0.30256405659019947,0.07650841096183285,world,0.9016802884638311,0.09338119056192226,world,1.7390287674963476,0.0960464249852521,world,1.8635303765535354,0.10010142626066226,world
soft_none,body_world,90451,True,True,l,1.4011624978174013,-1.0,medium,69,0.08821856742724776,0.01982500497251749,world,0.19524662168696522,0.03653627743478864,world,0.2697067747358233,0.04148853715742007,world,0.6059214220615103,0.0475239673658507,world,1.5615515152574515,0.045079384963901244,world,1.7956005854392423,0.037346277161559555,world
soft_none,body_world,90452,True,True,m,1.3459971515369575,2.0,short,75,0.08186105685308576,0.033921670605195686,world,0.17926523508504033,0.10141628187266177,world,0.2755438890773803,0.12921235907415393,world,0.7874247897649185,0.1253462608976406,world,1.5625428136554547,0.12106478462883388,world,1.7387396244751288,0.11452636924863328,world
soft_none,body_world,90453,True,True,l,1.3128410648573021,-2.0,medium,60,0.06782393355388194,0.1913890573196113,world,0.11994747205171734,0.5476191219873726,world,0.13349003932671621,0.9770863180514424,world,0.183347913029138,1.5106488989898936,world,0.20609469593618995,1.5247075467719697,world,0.17540233554085716,1.5317827493790537,world
soft_none,body_world,90454,True,True,m,1.4532800695650452,4.0,short,80,0.048029141762526706,0.28028501383960247,world,0.13501590379164552,0.7993796586990356,world,0.2150083810352953,1.2622068057768048,world,0.29306885913392766,1.6916968935664043,world,0.3681270635403052,1.6863188579693087,world,0.3117088152075303,1.6643423155398342,world
soft_none,body_world,90455,True,True,l,1.4639866887179158,4.0,medium,63,0.07436858071014285,0.20639875531196594,world,0.16652334723621606,0.5664681844413281,world,0.21267659785225987,0.9879533026367426,world,0.2479585398337804,1.5860154865309595,world,0.3026192866440397,1.6124140457832254,world,0.2533781034848652,1.5887429801467807,world
soft_none,body_world,90456,True,True,m,1.437503394575647,1.0,short,71,0.07481061853468418,0.02065348270116374,world,0.18069987017661332,0.06383215950336307,world,0.2790940414182842,0.0829563470208086,world,0.8025387383531779,0.0795219333464047,world,1.6272789699723944,0.0799713984291884,world,1.7794242459442466,0.08082686096793623,world
soft_none,body_world,90457,True,True,l,1.433005966120608,-1.0,medium,79,0.08479443285614252,0.01089327287627384,world,0.1708296850323677,0.02777016148902476,world,0.25194802340120076,0.05402518225600943,world,0.6671466768719256,0.06858558961830569,world,1.6694595475215466,0.06775609689721024,world,1.8142012788541615,0.0699930135536124,world
soft_none,body_world,90458,True,True,m,1.5714723561915191,-2.0,short,75,0.0839280798099935,0.028773122117854655,world,0.18851807927712796,0.06597326854825951,world,0.30814876570366323,0.07458072163572069,world,0.7639940812019632,0.07213689782220171,world,1.4250236793770457,0.07083662418663153,world,1.6541433804994448,0.07352659557567676,world
soft_none,body_world,90459,True,True,l,1.423809978213943,-2.0,medium,75,0.07871256285579875,0.2198223324958235,world,0.137393793114461,0.5782482959795743,world,0.16938104963628575,0.9579570967005566,world,0.23770402396912688,1.5459503084537576,world,0.2766529958083993,1.6105907820106948,world,0.2267069396597799,1.5982852392131461,world
soft_none,body_world,90460,True,True,m,1.501503010941712,-4.0,short,65,0.06780444085597992,0.25006417161785066,world,0.12767339027486743,0.6813769036438316,world,0.17319653264712542,1.1303314413642511,world,0.20402595051564276,1.6618573224986903,world,0.24030986569123342,1.6348497931088788,world,0.2181285186484456,1.6401143684214912,world
soft_none,body_world,90461,True,True,l,1.4979893620177673,-4.0,medium,68,0.06645054335240275,0.18550923827569932,world,0.15363621769938618,0.5696899589383975,world,0.21021646879380568,0.9993541934643873,world,0.26923001583782025,1.502912751730764,world,0.31333442526229194,1.4853238363015406,world,0.25372718910104597,1.430663165836304,world
soft_none,body_world,90462,True,True,m,1.32405485767968,-1.0,short,61,0.10550160054117441,0.04480966890696436,world,0.19624503403902055,0.09404628241900355,world,0.27412960659712554,0.11961902851471677,world,0.6460985212586821,0.10276462839683517,world,1.5740984117146581,0.10368035455467178,world,1.7583970594964922,0.09584463493694784,world
soft_none,body_world,90463,True,True,l,1.2959566174498844,1.0,medium,60,0.08482322376221418,0.009353530127555132,world,0.17617589179426432,0.037567284889519215,world,0.28655312256887555,0.08032395020127296,world,0.8724152241367847,0.08977568747650366,world,1.8126848502317443,0.08961940989029243,world,1.861977680409327,0.09268439833045705,world
soft_none,body_world,90464,True,True,m,1.5484915809048363,-2.0,short,68,0.08713254425674677,0.03086698183324188,world,0.17495643235743047,0.08349541872739792,world,0.2863254241645336,0.12286940154153854,world,0.8501537965610624,0.12602248548937495,world,1.644503449741751,0.13025713051174534,world,1.7940200721099973,0.12577229985850863,world
soft_none,body_world,90465,True,True,l,1.428408630737959,-2.0,medium,69,0.08793844853062183,0.22244081599637866,world,0.1747329480946064,0.598472671303898,world,0.21553170280531048,0.9746575386729092,world,0.3024380095070228,1.5921769766835498,world,0.3481753571308218,1.7193427117425018,world,0.26892563835717737,1.6988752636755815,world
soft_none,body_world,90466,True,True,m,1.3278826334953207,4.0,short,72,0.058153222664259374,0.2052439358085394,world,0.12433392158709466,0.5359677031636239,world,0.15829986908938737,0.8801306055393071,world,0.21347304076189175,1.2552739112637936,world,0.2459613024198916,1.2508652818811241,world,0.24846879861084745,1.242263476900407,world
soft_none,body_world,90467,True,True,l,1.224242705022093,-4.0,medium,67,0.04565696115605533,0.17304928763769567,world,0.10642994990339502,0.5058729447890074,world,0.14278049499844203,0.9100054212147369,world,0.17581576704105828,1.370969268924091,world,0.21934353353717598,1.3826769577906817,world,0.19406420721032192,1.3760906394355699,world
soft_none,body_world,90468,True,True,m,1.377155487281401,1.0,short,65,0.07621820457279682,0.01951066975016147,world,0.18571202754974364,0.0659419065574184,world,0.2824045162647963,0.08852527724811807,world,0.8042729556560517,0.08084154507087077,world,1.6941569386050104,0.08418894968490348,world,1.8171047968417406,0.0775066524752765,world
soft_none,body_world,90469,True,True,l,1.2775926055522053,-1.0,medium,67,0.08230295963585377,0.02456391806481406,world,0.2056037999689579,0.06023184849182144,world,0.3280993331223726,0.09466780632792507,world,0.8169481962919235,0.09342910724808462,world,1.6399004617705941,0.10551352865004447,world,1.7806407422572375,0.10689688314319938,world
soft_none,body_world,90470,True,True,m,1.5219750255884492,2.0,short,70,0.07565849157981575,0.26344842510297894,world,0.18277044887654484,0.7557800548151137,world,0.21031075104838237,1.2775593069382012,world,0.3144588306604419,1.8843634707387538,world,0.37782142039213795,1.8583946945727805,world,0.3444573667796794,1.7842926922813058,world
soft_none,body_world,90471,True,True,l,1.2543795609592172,2.0,medium,63,0.04262574133463204,0.20781601406633854,world,0.11535443420289085,0.5794405058957637,world,0.1458822185813915,0.9229848403949292,world,0.18459689836890902,1.3651099172682732,world,0.2265348645436461,1.4732799105593586,world,0.22139465415093582,1.4695850355556468,world
soft_none,body_world,90472,True,True,m,1.523888147333015,4.0,short,77,0.05725355262984522,0.2628182203043252,world,0.14672258728533052,0.7192030479200185,world,0.19674378568015527,1.1413648379500956,world,0.2557842549154884,1.5670596996787935,world,0.30905370149921507,1.6067507547093558,world,0.2588835658828612,1.5938656618981621,world
soft_none,body_world,90473,True,True,l,1.4189126139922845,-4.0,medium,63,0.06846828054403886,0.20397442777175456,world,0.18107052539708093,0.5824935847660526,world,0.20727250663330776,0.9423823328106664,world,0.25700281478348186,1.3570430457766633,world,0.2881136890297057,1.3497148380803992,world,0.24313476807554255,1.3113413707813015,world
soft_none,body_world,90474,True,True,m,1.3393605416224226,1.0,short,80,0.07864684937521815,0.039470844611059874,world,0.19350375989452004,0.0939100204850547,world,0.2838497367221862,0.10388524055015297,world,0.6594627974787727,0.09327644151053391,world,1.616050099686254,0.10107157032907708,world,1.782606153381057,0.09351226255093933,world
soft_none,body_world,90475,True,True,l,1.4134205728523153,1.0,medium,66,0.08509309310466051,0.007843437284464017,world,0.19056225605309007,0.027798512496519837,world,0.28764855209738016,0.03895813305280171,world,0.6913221775554121,0.05040357888792641,world,1.4508344349917024,0.046279857712215745,world,1.678953637536615,0.050097836183267644,world
soft_none,body_world,90476,True,True,m,1.3814810158500825,-2.0,short,70,0.08814581809565425,0.016898363064683508,world,0.19670773101970554,0.03354695558227832,world,0.30916176284663377,0.058538127510837513,world,0.8054577696835622,0.0733340428534575,world,1.6543199509265833,0.08527082530508778,world,1.7747131343139335,0.09293923639583226,world
soft_none,body_world,90477,True,True,l,1.4674729887667173,2.0,medium,78,0.1070864622015506,0.21990183577872813,world,0.25392550085671245,0.6165702295023947,world,0.35554613562999293,1.0744000317761675,world,0.44880506391054953,1.8441366766695864,world,0.589259175650659,2.1232436972262807,world,0.4487215890630614,2.0467892149300315,world
soft_none,body_world,90478,True,True,m,1.5027032697774165,4.0,short,80,0.06101735820993781,0.25461579812690616,world,0.1641979394480586,0.6949402998201549,world,0.18343057616148145,1.089211700251326,world,0.24696134832920508,1.4889229343156332,world,0.29472631007083694,1.4677485391148366,world,0.25840574701083824,1.4507754253596068,world
soft_none,body_world,90479,True,True,l,1.3850046666885212,-4.0,medium,66,0.05276225577108562,0.2087454185821116,world,0.12414603675715624,0.6380273398943246,world,0.18685487656039187,1.0871627714019267,world,0.23172551576572004,1.5677042912459003,world,0.2596534567026538,1.5393264169615577,world,0.23091064544219989,1.4901140206929995,world
soft_none,calib,90480,False,False,,1.0,0.0,,64,0.08300775894895196,0.020373165141791105,world,0.1974899464286864,0.09303990334738046,world,0.2786852799821645,0.10400301652261987,world,0.7349658718565479,0.1065562465635594,world,1.718120701157022,0.11551767498167465,world,1.8426596955629067,0.1266042660799576,world
soft_none,calib,90481,False,False,,1.0,0.0,,76,0.10553081566467881,0.06838871270883828,world,0.2215555083937943,0.1819607045734301,world,0.3006231757346541,0.21218153232475742,world,0.6983534508617595,0.21227181878639384,world,1.4265431820065713,0.20350566906272435,world,1.65515150512103,0.19942202368343714,world
soft_none,calib,90482,False,False,,1.0,0.0,,79,0.08154727937653661,0.01434308328316547,world,0.1881125913001597,0.029967918399779594,world,0.26270177816040813,0.027935436668485636,world,0.5841879183659331,0.028963593376465722,world,1.5722635441576132,0.034885558438145385,world,1.8000849953712894,0.04238995233579772,world
soft_none,calib,90483,False,False,,1.0,0.0,,70,0.11006575496867299,0.045452074613422155,world,0.23225287096574904,0.1676396750845015,world,0.31755533707328143,0.16764229350374082,world,0.7257196765625848,0.16761415775690694,world,1.4690671173972079,0.16668598784162897,world,1.7116600126819685,0.1636112285091076,world
soft_none,calib,90484,False,False,,1.0,0.0,,69,0.08510401798412204,0.02631959255086258,world,0.1952962734736502,0.10469053477281705,world,0.2861918943468481,0.1185470196243841,world,0.6338124861242249,0.11492509418458212,world,1.4534141067997552,0.11852891711787379,world,1.6982931803399697,0.1177048871088482,world
soft_none,calib,90485,False,False,,1.0,0.0,,78,0.0551261231303215,0.06242986174765974,world,0.18864820972084997,0.17560205843765286,world,0.33130189776420593,0.19591345566150267,world,0.906964828632772,0.19714152229862522,world,1.6088484383188189,0.1903428582161723,world,1.793707817159593,0.19066831370641013,world
soft_none,calib,90486,False,False,,1.0,0.0,,79,0.09979655966162682,0.035218529228586704,world,0.16323378439992667,0.13808773542987182,world,0.2643863934092224,0.14837472586077638,world,0.609798795497045,0.1559825922071468,world,1.4190864478005096,0.166503892687615,world,1.6960189703386277,0.18277562327915803,world
soft_none,calib,90487,False,False,,1.0,0.0,,74,0.1295861629769206,0.07522593764588237,body,0.20256991460919382,0.13201508049387484,world,0.2830761469900608,0.15966851386474445,world,0.7162856116890908,0.15740139285189797,world,1.3951257821172476,0.16706687134501408,world,1.6444829620420933,0.1516906700504478,world
soft_none,calib,90488,False,False,,1.0,0.0,,62,0.0926188719458878,0.02901308939908631,world,0.21118358736857773,0.07762032489408739,world,0.3005682084243745,0.09645734165387693,world,0.7794873993610963,0.0844449159267242,world,1.5410364007460884,0.08349081060587196,world,1.7415800075931474,0.08219791713170707,world
soft_none,calib,90489,False,False,,1.0,0.0,,65,0.13766131456941366,0.0765022118575871,body,0.2038126915693283,0.12146773801650854,world,0.2959207916632295,0.14341557426378132,world,0.6521512222476304,0.13800328201032241,world,1.419858273351565,0.13803767143326695,world,1.659052522275597,0.12835648868436692,world
soft_none,calib,90490,False,False,,1.0,0.0,,70,0.07139259995892644,0.019363635132322088,world,0.1657163958065212,0.0705618672829587,world,0.27269619847647847,0.07400254961976316,world,0.848438598564826,0.07299071049783379,world,1.7250224707531743,0.0795507726543292,world,1.840654597650282,0.09515147132740823,world
soft_none,calib,90491,False,False,,1.0,0.0,,63,0.08583450643345714,0.04236201767344028,world,0.1859084856696427,0.0963511933805421,world,0.284348786296323,0.0842281269520754,world,0.860084998817183,0.08822549441392766,world,1.8085411888663656,0.0849291750928387,world,1.8835694627882913,0.09188002641370985,world
soft_none,calib,90492,False,False,,1.0,0.0,,66,0.10566655825823545,0.05920899979537353,world,0.22032443955540656,0.14246163867646827,world,0.3066910330206156,0.17015456925728356,world,0.7781064163893461,0.15853972929471638,world,1.4073896860703827,0.1684451307577547,world,1.629274315610528,0.16531215472670738,world
soft_none,calib,90493,False,False,,1.0,0.0,,80,0.0844565937295556,0.030321551952511072,world,0.19267415907233953,0.06693903401028364,world,0.2788827865384519,0.07934600145090372,world,0.7680452268105,0.07732762863306562,world,1.734339669137262,0.08077878035037428,world,1.836323679452762,0.08262557507870952,world
soft_none,calib,90494,False,False,,1.0,0.0,,79,0.10044440254569054,0.07598018704447895,world,0.22535554254427553,0.15163588596042243,world,0.31194654894061385,0.14505280813900756,world,0.7448878523195164,0.14493762037018312,world,1.4253759365645238,0.1298291796607373,world,1.6557398344622924,0.1274546339988592,world
soft_none,calib,90495,False,False,,1.0,0.0,,75,0.05744902743026614,0.03240938426461071,world,0.17892269613221287,0.08867468992248179,world,0.28005687561817466,0.09600625141174532,world,0.8997989461058751,0.10295150802558056,world,1.6759086175006814,0.10989043568624766,world,1.8358547326223926,0.11889935947518097,world
soft_none,calib,90496,False,False,,1.0,0.0,,76,0.1017612935975194,0.024499396997271106,world,0.23842111732810736,0.06397335143992677,world,0.3162029442377388,0.06538739537936636,world,0.5958248144481331,0.06774173805024475,world,1.6181696034269408,0.0717041985670221,world,1.744427881212905,0.07222780628944747,world
soft_none,calib,90497,False,False,,1.0,0.0,,68,0.11802843306213617,0.08433382504153997,world,0.263802670687437,0.18049773836974056,body,0.32456962764263153,0.16674836644669996,world,0.7619584804400801,0.1669478646304924,world,1.4775184894911946,0.16461073108912389,world,1.6854272769019008,0.15426019444988925,world
soft_none,calib,90498,False,False,,1.0,0.0,,70,0.06167427962645888,0.05109460628591478,world,0.20621048668399453,0.14554158783284948,world,0.30765503947623074,0.13707456467091106,world,0.8772773087257519,0.13674753962113756,world,1.6705655481782742,0.13213456946323276,world,1.8123034399794415,0.13112532648417982,world
soft_none,calib,90499,False,False,,1.0,0.0,,79,0.0686941989697516,0.022294655551377218,world,0.17112986939027902,0.0708826770671294,world,0.2719190039206296,0.07903289255991694,world,0.7897495003649966,0.07379931430659781,world,1.695428967953194,0.0734935886133826,world,1.8240414147498085,0.07929810776528029,world
soft_none,calib,90500,False,False,,1.0,0.0,,72,0.07682764530181885,0.026722338545368984,world,0.18696512915194033,0.07944705845438876,world,0.2956176558509469,0.09359714129532222,world,0.7796407791785895,0.08562787602859316,world,1.577052862709388,0.08370884060350363,world,1.7653726716898381,0.09616381843676208,world
soft_none,calib,90501,False,False,,1.0,0.0,,76,0.10326803335919976,0.03221274568932131,world,0.19341750470921398,0.07555168332764879,world,0.28432630538009107,0.10246490070712752,world,0.6433634117944166,0.09326888234063518,world,1.5444364969036541,0.09281514416070422,world,1.7476913532754406,0.09299844447814394,world
soft_none,calib,90502,False,False,,1.0,0.0,,76,0.09382594982162118,0.05884290189715102,world,0.20628977064043283,0.16691808113828302,world,0.32617566352710126,0.20735884397290646,world,0.7620180563535541,0.20584732718416487,world,1.4019308461574838,0.19900597744417609,world,1.6529854014050216,0.19128495931334327,world
soft_none,calib,90503,False,False,,1.0,0.0,,63,0.08242376986891031,0.05530985549557954,world,0.22015793733298777,0.17221781455446034,world,0.33041461892426016,0.20749231750378383,world,0.8058641055598854,0.20380590402637608,world,1.481449778471142,0.18539340809802524,world,1.7144260004535319,0.17560062579170335,world
soft_none,calib,90504,False,False,,1.0,0.0,,72,0.08506046701222658,0.02379836223553866,world,0.20017758365720512,0.06634061912773177,world,0.28480741707608104,0.07807356413104571,world,0.6862870858516543,0.07969521949999034,world,1.4888079014373943,0.08275298645021394,world,1.6931598575692623,0.08294547004261403,world
soft_none,calib,90505,False,False,,1.0,0.0,,75,0.09438757877796888,0.096458510030061,world,0.25714150387793777,0.24177609281614423,body,0.37992771724238994,0.21734865512698887,body,0.8206104744691403,0.216517822368769,world,1.4184851994970813,0.21339716513757592,world,1.6750737043563277,0.20097635331447236,world
soft_none,calib,90506,False,False,,1.0,0.0,,78,0.08858114248141646,0.02198349841637537,world,0.16503434842452408,0.104325892648194,world,0.25311683653853834,0.12115367131191306,world,0.6717990313423797,0.11869142710056622,world,1.5991326988092625,0.11794212014065125,world,1.7966956927021966,0.11940697393059964,world
soft_none,calib,90507,False,False,,1.0,0.0,,72,0.08738162741065025,0.04689869232242927,world,0.22833730541169645,0.13466725763864815,world,0.2927463507279754,0.14676287823822348,world,0.6313347049988807,0.15210417840862647,world,1.4145164642948655,0.1550569934246596,world,1.684575299639255,0.1599580824957229,world
soft_none,calib,90508,False,False,,1.0,0.0,,68,0.1137623405084014,0.03462194715393707,world,0.21651789788156747,0.08913282657740637,world,0.30970728276297455,0.11158056446001866,world,0.7654637487139553,0.10997574074717703,world,1.5503777901409195,0.11248181635455694,world,1.7456059942673892,0.1275817377923522,world
soft_none,calib,90509,False,False,,1.0,0.0,,69,0.0652636787854135,0.03434257453773171,world,0.18151991805061699,0.09484409084543585,world,0.2551002883818001,0.0915643757150974,world,0.5615367539925501,0.08981304371554871,world,1.57851128395414,0.08439449428697117,world,1.785947304381989,0.08481793979881333,world
soft_none,calib,90510,False,False,,1.0,0.0,,60,0.1116438121534884,0.10198840638622642,world,0.2584732203744352,0.254650988522917,body,0.3179062315728515,0.23069941448047757,world,0.5756408414570615,0.2256125813466497,world,1.0165646651177667,0.21943853621778545,world,1.3900333442306145,0.1999876386922551,world
soft_none,calib,90511,False,False,,1.0,0.0,,67,0.09085990535095334,0.08595209149643779,world,0.23707585791125893,0.20804748916998506,world,0.34988100701011715,0.24093405545572752,world,0.7474898384185508,0.22822751853964293,world,1.3868666010559536,0.21443164763622918,world,1.6164320605481044,0.20756138298544102,world
soft_none,calib,90512,False,False,,1.0,0.0,,65,0.08136448170989752,0.041079064598307014,world,0.19590608179569244,0.10470867173280568,world,0.2884528597816825,0.12390591198345646,world,0.7931524191983044,0.12231630755559308,world,1.524461510637775,0.12342777289959485,world,1.7629771586693823,0.12696509327157401,world
soft_none,calib,90513,False,False,,1.0,0.0,,79,0.0782095086760819,0.019974639726569876,world,0.17702226927503945,0.04571062177419662,world,0.2545235646422952,0.05283077369676903,world,0.7524006445659324,0.04822151660337113,world,1.717987564241048,0.05363643696036888,world,1.8407429129024968,0.06988507700618356,world
soft_none,calib,90514,False,False,,1.0,0.0,,62,0.0807943046092987,0.05505910876672715,world,0.2024178033694625,0.18003563908860087,world,0.29685047911480067,0.16504359272075816,world,0.8185835345182567,0.15889869594830086,world,1.6238976921187716,0.14868250264553354,world,1.7881369501072915,0.1479558497731341,world
soft_none,calib,90515,False,False,,1.0,0.0,,75,0.08163677109405398,0.0621667318046093,world,0.1924882707186043,0.1604751696344465,world,0.31436909646727146,0.1734997051185928,world,0.9027724870713427,0.16663094906834885,world,1.6122999815852381,0.15338660587731284,world,1.7636269022012128,0.14761361496406605,world
soft_none,calib,90516,False,False,,1.0,0.0,,71,0.09917043708264828,0.037880510339164175,world,0.20131947156041863,0.09327858424803709,world,0.26776377530768514,0.1071544310383615,world,0.5922671957407146,0.10876338232701527,world,1.4216956998454406,0.10373393152840435,world,1.6732272896636278,0.09546386539906962,world
soft_none,calib,90517,False,False,,1.0,0.0,,77,0.06584101333282888,0.04620809032348916,world,0.19052725466899573,0.1313000124762766,world,0.3129125954350457,0.13964501786394976,world,0.9426498417626135,0.13509892935981044,world,1.7032955512811896,0.1247847488062689,world,1.8487482561334037,0.1170787796084187,world
soft_none,calib,90518,False,False,,1.0,0.0,,72,0.06790344323962927,0.045568811940029263,world,0.17816042602062226,0.13821407125797122,world,0.2858282962813974,0.14163599236053415,world,0.7633006605319679,0.14213654480117838,world,1.4950062173884362,0.13714496083921404,world,1.6903466073982418,0.1348700517237012,world
soft_none,calib,90519,False,False,,1.0,0.0,,76,0.07655192445963621,0.09007486281916499,world,0.23130743242800236,0.16897052405402063,world,0.3561234463006258,0.1359470825525932,body,0.9985012395307422,0.13598028069827706,body,1.6231529924087227,0.13394896895624697,world,1.7934559893235564,0.13757040394295472,world
soft_none,calib,90520,False,False,,1.0,0.0,,76,0.08836968895047903,0.07241842965595424,world,0.2446062996983528,0.18495138119906188,world,0.3402573121711612,0.20293383727548647,world,0.7544923338107765,0.19837034699739886,world,1.3365297616925091,0.18491722188482526,world,1.658948300536722,0.1741025735981384,world
soft_none,calib,90521,False,False,,1.0,0.0,,64,0.06869039637967944,0.014040611393284053,world,0.17885353909805415,0.040825309703359375,world,0.25866059795953333,0.0523316537583014,world,0.7041414340259506,0.057588612246036064,world,1.5721298872143963,0.06554935515232502,world,1.7924961140239613,0.08423801438781084,world
soft_none,calib,90522,False,False,,1.0,0.0,,80,0.0847621844150126,0.014784114027861506,world,0.19863084955140947,0.07915512496256269,world,0.29129971093498175,0.08887230363034178,world,0.69967715467792,0.1023557558786706,world,1.5464149386971258,0.1109183889500855,world,1.7808583294367417,0.13202394518535585,world
soft_none,calib,90523,False,False,,1.0,0.0,,64,0.06869199639186263,0.06045932148117572,world,0.194122692104429,0.10077409034129232,world,0.2938653116580099,0.12577125428942965,world,0.7644700507400557,0.11954639127361588,world,1.6422801238833928,0.11361651008337503,world,1.7732171506201848,0.0969972136587603,world
soft_none,calib,90524,False,False,,1.0,0.0,,60,0.09981573559343815,0.0682272999547422,world,0.23109720926731825,0.13475283123552798,world,0.3235060871578753,0.14000639922451227,world,0.7657625738997013,0.13354001652623992,world,1.6365517208585516,0.13807828483259071,world,1.7799510666076093,0.13478067012911196,world
soft_none,calib,90525,False,False,,1.0,0.0,,74,0.07854981301352382,0.02542733505833894,world,0.1921904948540032,0.0749998944811523,world,0.28677608263678844,0.10780067353043706,world,0.8213044604519382,0.11452424597664503,world,1.7034643623162995,0.12324118461910985,world,1.816883679595776,0.1464646579910186,world
soft_none,calib,90526,False,False,,1.0,0.0,,64,0.09273431170731783,0.0320384512306191,world,0.17627377100288866,0.09021107227890753,world,0.2740280833095312,0.10973880081146489,world,0.7009104175493122,0.10930567126924871,world,1.6877358303405345,0.11378973615610448,world,1.8201383456960318,0.11146215099899565,world
soft_none,calib,90527,False,False,,1.0,0.0,,77,0.08573913713917136,0.07591827295254916,world,0.20663937041535974,0.17484058019472287,world,0.30698479604907336,0.18680409597582187,world,0.7947637209901586,0.18898634129436687,world,1.463146492757369,0.17174659392912872,world,1.691546854195185,0.15812249274342322,world
soft_none,calib,90528,False,False,,1.0,0.0,,69,0.12546009034849703,0.0763014069525525,body,0.25699464534409344,0.18646747812163084,body,0.3557276141131297,0.19622776649193838,world,0.8996411988628097,0.18728690153802746,world,1.5542033814883327,0.17869910053850618,world,1.7351328544714488,0.17270519092911857,world
soft_none,calib,90529,False,False,,1.0,0.0,,61,0.06619023811072111,0.046149522764608264,world,0.18376584965735673,0.09612759952433407,world,0.30040610888972874,0.11065670179668814,world,0.9212613104376942,0.09201548848068342,world,1.6428032004507258,0.08643168681664974,world,1.7682937863934785,0.11158626171731156,world
