config,cell,seed,has_body,has_push,param,factor,torque,duration_name,onset,roll_1,hold_1,verdict_1,roll_5,hold_5,verdict_5,roll_10,hold_10,verdict_10,roll_20,hold_20,verdict_20,roll_40,hold_40,verdict_40,roll_100,hold_100,verdict_100
rigid_low,neither,90000,False,False,,1.0,0.0,,79,0.028668814920820296,0.04986388154793531,world,0.03359643286094069,0.07329219887033106,world,0.06359535022638739,0.08863356963265687,world,0.29261573655530815,0.10034245174610987,world,2.6054984455462544,0.09375949449531618,world,3.9258336763642725,0.09624704098532674,world
rigid_low,neither,90001,False,False,,1.0,0.0,,75,0.014234005997423083,0.04257896658964455,world,0.024713405163493008,0.05913027296774089,world,0.052663711522473025,0.06577003409038298,world,0.24913550613855479,0.07397381236369255,world,2.576050789181318,0.070448027340899,world,4.247283209969174,0.07094085229182384,world
rigid_low,neither,90002,False,False,,1.0,0.0,,65,0.03114931276650168,0.09528794814832509,world,0.04168800297775306,0.09310560952872038,world,0.07011173721693922,0.08366733824368566,world,0.3120705468594679,0.07928677898307797,world,2.709642676357907,0.08598367297927326,world,4.4297805184501335,0.08994203333651966,world
rigid_low,neither,90003,False,False,,1.0,0.0,,61,0.02352469932520762,0.04113803245127201,world,0.03738102572970092,0.06522349086008034,world,0.06391179002821445,0.0659690635104198,world,0.2454156301682815,0.06648747434228426,world,2.314039903250523,0.06564864934698562,world,4.146122181834653,0.06751031097461237,world
rigid_low,neither,90004,False,False,,1.0,0.0,,76,0.026296672062017024,0.045105878612957895,world,0.037972905091010034,0.0754589345655404,world,0.07295871422393248,0.07900615296675824,world,0.31581982743809933,0.08634442102338652,world,2.594299535252503,0.09480394042475382,world,4.104611736902735,0.0921655189912417,world
rigid_low,neither,90005,False,False,,1.0,0.0,,79,0.02740805468056351,0.04221615847200155,world,0.02864650948904455,0.04018320085742744,world,0.06188290424179285,0.04948411630830378,world,0.3221688660676591,0.058974683670749074,world,2.7271641842497045,0.06538663785704557,world,4.286976857164409,0.07143453628268617,world
rigid_low,neither,90006,False,False,,1.0,0.0,,74,0.0245343555288855,0.05960266798501834,world,0.03756597760948352,0.07542686434462667,world,0.06750555607432034,0.08157571566989646,world,0.33169270484213487,0.08284808529424481,world,2.7708424251082757,0.08798353992388001,world,4.433138643187412,0.09081396983965534,world
rigid_low,neither,90007,False,False,,1.0,0.0,,79,0.025923577835783362,0.07456132693914697,world,0.03464532035868615,0.06905706390971318,world,0.07892987671075388,0.06906215539202094,world,0.4005191374046262,0.06867145292490022,world,2.8400499790644975,0.0692022462899331,world,4.392559522379888,0.07532061356352643,world
rigid_low,neither,90008,False,False,,1.0,0.0,,62,0.02387039817404002,0.06636161616188474,world,0.03794364433852024,0.09260236176778562,world,0.06750081921054515,0.09150413011957426,world,0.30550373310252327,0.09195203357521678,world,2.5030394395907933,0.08769581424166972,world,4.373434732783644,0.087048667439376,world
rigid_low,neither,90009,False,False,,1.0,0.0,,74,0.022049225866794586,0.022903784760273993,world,0.03147587825078517,0.04769435139605775,world,0.06709117124555633,0.05587413646862842,world,0.3546992978022899,0.06759572650189512,world,2.837580811136286,0.0783110772143118,world,4.467681459001033,0.07961393030185718,world
rigid_low,neither,90010,False,False,,1.0,0.0,,72,0.03146311524324119,0.057568766293115914,world,0.03744850177317857,0.05819450357230381,world,0.08730464251711964,0.08021898176230025,world,0.4321083798073232,0.08428898970159934,world,2.8817622046452014,0.08487479783871094,world,4.010616629254073,0.08529868725541746,world
rigid_low,neither,90011,False,False,,1.0,0.0,,71,0.029350745608098805,0.07952059211675078,world,0.03292307042283937,0.06709427878959104,world,0.07616243925294838,0.07669562752707862,world,0.3833092651999323,0.08264954436453992,world,2.771773311110155,0.08211150038769119,world,4.065202429438359,0.08439691173698521,world
rigid_low,neither,90012,False,False,,1.0,0.0,,62,0.021847513620741665,0.09270101087167859,world,0.03407432187814266,0.10607167575508356,world,0.06326638971222565,0.1108205742901191,world,0.28275683568208476,0.09894343742053024,world,2.460987998833298,0.09714593609824078,world,4.685682243522024,0.09503539809957147,world
rigid_low,neither,90013,False,False,,1.0,0.0,,68,0.02765608741901815,0.05757866473868489,world,0.030995200388133526,0.07289124219678342,world,0.06309455113951117,0.07084593620384112,world,0.34760083673754705,0.07054528698645299,world,2.767732044524746,0.07444229029933921,world,4.1582001765933825,0.07478704499328159,world
rigid_low,neither,90014,False,False,,1.0,0.0,,80,0.03628831193782389,0.08805958132143132,world,0.047673776280134916,0.07885145721375011,body,0.09292468717321753,0.07553605057764798,body,0.46188883776776496,0.08282007977832109,body,2.8733891557669264,0.08389148232454317,world,4.094112331261859,0.08599119865422836,world
rigid_low,neither,90015,False,False,,1.0,0.0,,76,0.02353590214625001,0.05705137021141127,world,0.03764436161145568,0.07134239064762368,world,0.08448264743201434,0.07678046071087011,world,0.3989709643064998,0.08172174374485622,world,2.6481899871199857,0.08065917258427362,world,4.265772566592786,0.079247649049139,world
rigid_low,neither,90016,False,False,,1.0,0.0,,76,0.02241490123560652,0.06592817069031298,world,0.031247775058727712,0.0864926207344979,world,0.06398902166984044,0.1014860043884255,world,0.30369402605283535,0.11398463873774743,world,2.6947574154808533,0.10705660086896387,world,4.43434532975254,0.10509465049181016,world
rigid_low,neither,90017,False,False,,1.0,0.0,,74,0.02293989813188091,0.07034697872586548,world,0.03703414307674393,0.09046853888430632,world,0.08786678073811345,0.08616085776884574,world,0.4420197157276561,0.08287985380884494,world,2.9061030005148494,0.08685557016942766,world,4.333743297794717,0.08451270266930805,world
rigid_low,neither,90018,False,False,,1.0,0.0,,66,0.021866125287488103,0.051256099017336965,world,0.02978924261406064,0.055558765551541,world,0.06852829256094992,0.062331678596092385,world,0.34548742074985056,0.065606793857296,world,2.7901263261795974,0.063629999729892,world,4.380162922092714,0.06330694639123977,world
rigid_low,neither,90019,False,False,,1.0,0.0,,66,0.03376050153747201,0.052145499153994024,world,0.0415290308650583,0.06794926190050318,world,0.07804401887115092,0.07531788959167898,world,0.3744179264060222,0.06825977979460732,world,2.743837436864851,0.07186157467076554,world,4.018721110008191,0.07197540046996437,world
rigid_low,neither,90020,False,False,,1.0,0.0,,73,0.021122377656865865,0.04218066926114261,world,0.03791325994534418,0.0757584855731693,world,0.06764522152370772,0.06576266625852441,world,0.3121690060681431,0.06753751105898118,world,2.7179981749373834,0.06959818101186102,world,3.9669409024011113,0.06851929411182936,world
rigid_low,neither,90021,False,False,,1.0,0.0,,74,0.027970656752586365,0.07138737733475864,world,0.042110285349190237,0.0673967084429023,world,0.079829873284325,0.0753517174593071,world,0.3649405030300841,0.076170034966799,world,2.815201317414176,0.07536735928356392,world,4.7272013008175415,0.08544601104304092,body
rigid_low,neither,90022,False,False,,1.0,0.0,,66,0.011623146419879049,0.04207235755166039,world,0.03249435088364408,0.06476256126770749,world,0.06916607193998062,0.08112948780762963,world,0.3825685321557103,0.08097922917513643,world,2.8196214958661585,0.07611409085584456,world,3.9570419159851737,0.07737197544513039,world
rigid_low,neither,90023,False,False,,1.0,0.0,,75,0.025907467294018716,0.05130296037532389,world,0.03820239288033918,0.08022399471374228,world,0.0720106728898827,0.08446824559359811,world,0.3538979617442237,0.0919918591811438,world,2.7455100596664126,0.09233442759141325,world,4.438798290519626,0.09216189218626823,world
rigid_low,neither,90024,False,False,,1.0,0.0,,73,0.03737168025691062,0.07086362002883106,world,0.043755870312452316,0.08991708783432842,world,0.06604309438262135,0.08946977239102125,world,0.2679345922195353,0.09814586318098009,world,2.4624830626242327,0.09786246554576791,world,4.159479048580397,0.09509361171949422,world
rigid_low,neither,90025,False,False,,1.0,0.0,,68,0.03240325290244073,0.04744432109873742,world,0.02917341565480456,0.09052564820740372,world,0.04833112665801309,0.10550529138417915,world,0.20447869691706727,0.1160561827942729,world,2.414768556410854,0.10587229409138671,world,4.182865811846568,0.10913938283803873,world
rigid_low,neither,90026,False,False,,1.0,0.0,,73,0.024596744333393872,0.06397764850407839,world,0.040294294222258026,0.07276127531658858,world,0.08566689902218058,0.07390810897340999,world,0.42688308265642266,0.07797179314948152,world,2.885582428707858,0.08008657673490234,world,4.678284757548245,0.08025829028338194,world
rigid_low,neither,90027,False,False,,1.0,0.0,,61,0.016701707325410098,0.04326021735323593,world,0.028449415555223824,0.06326653476571664,world,0.051418766402639454,0.07711403912107925,world,0.25297149923862894,0.08984913491731276,world,2.661463325569639,0.09461005701668909,world,4.448299096117262,0.09197158444454544,world
rigid_low,neither,90028,False,False,,1.0,0.0,,71,0.028702737763524055,0.061188268940895796,world,0.037615300307516,0.07926009295042605,world,0.06917094488744624,0.0795435429085046,world,0.34192555049958173,0.08030950064567151,world,2.783077154618513,0.07804012160559068,world,4.301889072482591,0.08115184677204525,world
rigid_low,neither,90029,False,False,,1.0,0.0,,60,0.027058207895606756,0.03817881888244301,world,0.03487564120441675,0.07302596461959183,world,0.06816024619620294,0.0690558862814214,world,0.32467237244127317,0.08010534457571339,world,2.69173441202729,0.09370002805371769,world,4.25494516450679,0.08997586291283369,world
rigid_low,neither,90030,False,False,,1.0,0.0,,72,0.023230830614920706,0.05132981151109561,world,0.03524329405045137,0.05675809665117413,world,0.06093104667379521,0.06824651540955529,world,0.2670968177699251,0.07314148301957175,world,2.486125925507804,0.0729846501883003,world,4.3659027276741105,0.07275031929675606,world
rigid_low,neither,90031,False,False,,1.0,0.0,,65,0.030950180953368545,0.03753362235147506,world,0.02623200274538249,0.05337867888738401,world,0.05135863668983802,0.058913861043401995,world,0.24141371000441722,0.06138524673879146,world,2.5986706622497877,0.06362812879742705,world,4.238546630613273,0.0691514659607492,world
rigid_low,neither,90032,False,False,,1.0,0.0,,78,0.026936050679069012,0.059155324939638376,world,0.034226051485165956,0.07514358134940266,world,0.06589813462924213,0.07570747805293648,world,0.2768421478220262,0.07899244431173429,world,2.251011864334578,0.07686226877267473,world,3.9362677533389068,0.07614708069158951,world
rigid_low,neither,90033,False,False,,1.0,0.0,,74,0.027048787102103233,0.07087070296984166,world,0.04391062834765762,0.08979805874987506,world,0.08299085915787147,0.09000947148306296,world,0.38451779474853537,0.0932420357305091,world,2.8303810417157367,0.09596652017644375,world,4.604468134025811,0.09827319788571913,world
rigid_low,neither,90034,False,False,,1.0,0.0,,63,0.024205610970966518,0.07400579866953194,world,0.0370608103228733,0.09413185118028196,world,0.06174204292474315,0.08927519382341415,world,0.27189936292706984,0.08537411242905363,world,2.5455298130837036,0.08192025326443399,world,4.3641000541101675,0.08248144678400422,world
rigid_low,neither,90035,False,False,,1.0,0.0,,66,0.021865351824089885,0.049055119743570685,world,0.034026422840543094,0.06989649606402963,world,0.08021525827934965,0.0845304501359351,world,0.4224252193409484,0.0851356219034642,world,2.8333088971296094,0.08769010235992028,world,3.940013289436465,0.08691209364886163,world
rigid_low,neither,90036,False,False,,1.0,0.0,,61,0.035751513263676316,0.07778269983828068,world,0.03688308867858722,0.08520014106761664,world,0.06459890811820514,0.07743781759636477,world,0.3053602140076691,0.07126277677016334,world,2.6307134561080603,0.06995095270540333,world,4.08445692374662,0.07236242231272627,world
rigid_low,neither,90037,False,False,,1.0,0.0,,69,0.031067419709870592,0.07519713137298822,world,0.035147446772316474,0.07683553682873026,world,0.066995236769435,0.07597502744174563,world,0.3180205896162079,0.07103918148495723,world,2.6722519587558056,0.06788248427037614,world,4.064813440807921,0.071240652964334,world
rigid_low,neither,90038,False,False,,1.0,0.0,,63,0.029658665996976197,0.04796443588566035,world,0.03155986906494945,0.06701016192091629,world,0.06897336974507197,0.08146281023509801,world,0.3384795845660847,0.08374061867361889,world,2.5810496121965114,0.08541203446657164,world,4.0379579001420645,0.09003768971422688,world
rigid_low,neither,90039,False,False,,1.0,0.0,,63,0.02499089646153152,0.07658504880964756,world,0.042396511300466955,0.07543032843386754,world,0.08522429353324697,0.0948203788313549,world,0.4236290764005389,0.10263576689467299,world,2.9308012517140014,0.101109449773503,world,4.794663820936112,0.10004403320606797,body
rigid_low,neither,90040,False,False,,1.0,0.0,,66,0.026066514517879114,0.06733703793724999,world,0.03643047254881821,0.07572361283237114,world,0.06762408006179613,0.0851807739934884,world,0.3315946683156653,0.0848041786288377,world,2.5994124202923556,0.08592764527274994,world,4.0956531419206295,0.08235212642131956,world
rigid_low,neither,90041,False,False,,1.0,0.0,,71,0.040782695170491934,0.05910333641804755,body,0.045796746574342254,0.06895601865835488,world,0.08554502124898136,0.06978449117159471,world,0.4086421417770907,0.06520905706856865,world,2.860671832168009,0.06477046481741126,world,4.06296565388795,0.06734968614735408,world
rigid_low,neither,90042,False,False,,1.0,0.0,,64,0.023479741299524903,0.04545181026333012,world,0.03245604448020459,0.06416253912611865,world,0.07181795178912581,0.06375303836539388,world,0.3370985838817433,0.0658678880194202,world,2.813525691034738,0.06858936503413134,world,4.464294354082085,0.06956137745990418,world
rigid_low,neither,90043,False,False,,1.0,0.0,,79,0.012981547857634723,0.05249639198882505,world,0.03140104354824871,0.06493355706334114,world,0.06540095371892676,0.08377849876414985,world,0.3271479415881913,0.09977748929522931,world,2.751005400679423,0.09975249712588266,world,4.042967935785418,0.10121595603151945,world
rigid_low,neither,90044,False,False,,1.0,0.0,,65,0.021444300946313888,0.038468927377834916,world,0.03006996907060966,0.06831414941698312,world,0.06986913775908761,0.08415921756532044,world,0.3637892110360554,0.08262889187899419,world,2.7902124133936015,0.08765370478940895,world,4.301837293917197,0.08498987691418733,world
rigid_low,neither,90045,False,False,,1.0,0.0,,64,0.028616055380553007,0.06322153541259468,world,0.039095934561919427,0.06447390352841467,world,0.07387181925005279,0.06317237414768898,world,0.37682546612049916,0.06863778347906191,world,2.7938169863642544,0.07589701749820961,world,4.011328662358574,0.07657716441870435,world
rigid_low,neither,90046,False,False,,1.0,0.0,,73,0.040478844312019646,0.06831216509453952,body,0.04599068146198988,0.08020094984676689,world,0.08332231116946787,0.0793877252493985,world,0.3883402134175412,0.08158750840520952,world,2.756677312910324,0.08259917305986164,world,4.230116120257881,0.08427777987613808,world
rigid_low,neither,90047,False,False,,1.0,0.0,,66,0.012187643616925925,0.04575150238815695,world,0.03083100194344297,0.062171591620426625,world,0.06211284604505635,0.06461156847071833,world,0.30967059717804657,0.06881175780144985,world,2.706215154683741,0.07095151660832927,world,4.134577002945006,0.07116161550948163,world
rigid_low,neither,90048,False,False,,1.0,0.0,,76,0.0182973068440333,0.04836802196223289,world,0.024369856179691854,0.0691442213836126,world,0.05063585959142074,0.0743710533308331,world,0.27102834663237446,0.07052452582574915,world,2.680409884484834,0.07153562261082698,world,3.930716132646194,0.07687530000432162,world
rigid_low,neither,90049,False,False,,1.0,0.0,,76,0.018422043009195477,0.047737434040755033,world,0.03796885182382539,0.06999626255710609,world,0.07585502318688668,0.07461873102292885,world,0.35151921755459625,0.07882285978703293,world,2.77047774951352,0.08016250012442469,world,4.364419725877815,0.0789832108063274,world
rigid_low,neither,90050,False,False,,1.0,0.0,,60,0.0198481798870489,0.049491511192172766,world,0.029683554801158606,0.07571924579096959,world,0.06315850090468303,0.08225620767334477,world,0.31343063025851736,0.0793352554552257,world,2.742044155221083,0.08261163557763213,world,4.433345464734593,0.08319083643036719,world
rigid_low,neither,90051,False,False,,1.0,0.0,,76,0.024359043105505407,0.05579137185122818,world,0.031299225380644204,0.07221736877691001,world,0.05950395811814815,0.06709311723825523,world,0.29111985570052634,0.07073536892276025,world,2.51471048493986,0.07553036139943288,world,3.956884308059234,0.08530233237281208,world
rigid_low,neither,90052,False,False,,1.0,0.0,,68,0.038091416645329446,0.09772499953396618,body,0.04074838408851064,0.08579961477080361,world,0.07905300894344691,0.0882666269026231,world,0.38854389689658997,0.08766654774517518,world,2.752894944584841,0.08919566422191566,world,3.9982818226810193,0.08620852966065286,world
rigid_low,neither,90053,False,False,,1.0,0.0,,72,0.024234846350736916,0.061412626411765814,world,0.029654975491575898,0.05384917880874127,world,0.05830493663670495,0.05553850137512199,world,0.2880882826691959,0.06378096255357377,world,2.6998012589785505,0.06440397035476053,world,4.224696553741814,0.07190010181308026,world
rigid_low,neither,90054,False,False,,1.0,0.0,,65,0.04302965779788792,0.07501564745325595,body,0.03853631344391033,0.08080215036752633,world,0.07121312501258217,0.08162287621235009,world,0.335943988521467,0.08305809307348681,world,2.6917608174480847,0.08630168334184418,world,4.46071315269859,0.08284107780784325,world
rigid_low,neither,90055,False,False,,1.0,0.0,,68,0.02877856371924281,0.0410504185128957,world,0.030154876457527277,0.05021334193879738,world,0.05444840071722866,0.05487769825267605,world,0.2633802378550172,0.06108431445609313,world,2.6348514105193317,0.07065754692994233,world,4.127889287881553,0.06996402619799483,world
rigid_low,neither,90056,False,False,,1.0,0.0,,68,0.023111843853257596,0.035927475430071354,world,0.029663274926133455,0.06721386425197125,world,0.05514956588158384,0.07261261985986493,world,0.2649772422213573,0.07239510705985595,world,2.604414949650527,0.07182239491521614,world,3.941102552447701,0.07765170148282777,world
rigid_low,neither,90057,False,False,,1.0,0.0,,76,0.025898094521835446,0.08329069591127336,world,0.03546486239647493,0.06662538355449214,world,0.07265836127917283,0.07103493157192134,world,0.3630595860857284,0.07870777388161514,world,2.8203138762080924,0.08863496201229282,world,4.376079877798329,0.08730303787713638,world
rigid_low,neither,90058,False,False,,1.0,0.0,,61,0.03526871115900576,0.049521504348376766,world,0.03793792729265988,0.08431192559073679,world,0.06891119336942211,0.08735640491067898,world,0.31340850020642397,0.09713563772238558,world,2.4748346045467766,0.09876690193268586,world,4.108180190467975,0.09482478519254074,world
rigid_low,neither,90059,False,False,,1.0,0.0,,62,0.02008361543994397,0.06705885101109743,world,0.0466625033179298,0.0857580136274919,body,0.0991387728252448,0.09485751758911648,body,0.47959394490462726,0.09774739026761381,body,2.9816485633986307,0.09718171299391543,world,4.724877979975426,0.09445608055058984,body
rigid_low,neither,90060,False,False,,1.0,0.0,,62,0.02332559006754309,0.04790198337286711,world,0.03510373642202467,0.06500410368898883,world,0.0738036775146611,0.06494600710575468,world,0.3576510258077178,0.06825273422582541,world,2.761977570693125,0.07004647037319955,world,4.062392491624923,0.07434410723319161,world
rigid_low,neither,90061,False,False,,1.0,0.0,,80,0.019739759038202465,0.05760538741014898,world,0.045833274594042454,0.09402929926291109,world,0.09314873440307564,0.11032022599829361,body,0.47799502964189744,0.10646557145228144,body,2.9146650156893883,0.10608707227074773,world,4.500936969181639,0.10463401592482113,world
rigid_low,neither,90062,False,False,,1.0,0.0,,66,0.026294916518963873,0.05090995063073933,world,0.035778911481611435,0.08005187918897719,world,0.07006232872372492,0.08406661413609981,world,0.33012796721304766,0.08385919056599961,world,2.7238497639395067,0.0822148612482124,world,4.523982118902495,0.08300277219212149,world
rigid_low,neither,90063,False,False,,1.0,0.0,,62,0.028590073226951063,0.037014405912486836,world,0.03355690964963287,0.06984934668289497,world,0.07689934867667034,0.07515258709318004,world,0.40192271797568535,0.08667668777343351,world,2.793001150575583,0.079163330542724,world,3.948673605864169,0.08546125774053506,world
rigid_low,neither,90064,False,False,,1.0,0.0,,72,0.02119562923326157,0.06534797616768628,world,0.031442005158169195,0.07831035570707173,world,0.05980763352417853,0.07635473922127858,world,0.2970230265098508,0.0796696281642653,world,2.6943744966083614,0.08342651635539368,world,4.349767860519641,0.08569866568082944,world
rigid_low,neither,90065,False,False,,1.0,0.0,,63,0.03171330934856087,0.07981646270491183,world,0.04785314383916557,0.07661534649669192,body,0.10694252715911717,0.08717834751296322,body,0.5365498342434876,0.08550834214402131,body,2.943415327038383,0.0891287042912154,world,4.357833048121538,0.08936649115697948,world
rigid_low,neither,90066,False,False,,1.0,0.0,,61,0.020470835035666823,0.0544279080349952,world,0.03738282034173608,0.0780768288532272,world,0.07660995374899357,0.0835744243231602,world,0.379404888197314,0.08390099326788913,world,2.6424207930860577,0.0891534764188691,world,3.7916985394409854,0.0842187782698602,world
rigid_low,neither,90067,False,False,,1.0,0.0,,71,0.024589064356405288,0.05392585805384442,world,0.03187413435662165,0.059178470156621185,world,0.06187259820871986,0.06427596434368751,world,0.31316948852327187,0.06821684484602883,world,2.6747652039994136,0.07328897766783485,world,4.065314301890903,0.07271836761152371,world
rigid_low,neither,90068,False,False,,1.0,0.0,,76,0.03072273009456694,0.06468068098183721,world,0.041800498380325735,0.0851992764743045,world,0.0812313070637174,0.07731767731020228,world,0.3734099275723566,0.07815875867963769,world,2.6931876974791518,0.07534569196286611,world,4.536739496091613,0.07376744757697451,world
rigid_low,neither,90069,False,False,,1.0,0.0,,70,0.025229947292245924,0.07147087925113738,world,0.02673152212519199,0.06576735880225897,world,0.06044341741362586,0.0638684120378457,world,0.3081766248506028,0.06323386338590353,world,2.7418479543557623,0.06471260120069927,world,4.053831933453912,0.06577438165659259,world
rigid_low,neither,90070,False,False,,1.0,0.0,,76,0.02706493448931724,0.05515130364801735,world,0.03911309177055955,0.08776064747944474,world,0.0735540106659755,0.08974663023254834,world,0.36755263939267024,0.08345302207308122,world,2.7631763893354218,0.08364358844046366,world,3.957405608117115,0.0818868731529801,world
rigid_low,neither,90071,False,False,,1.0,0.0,,77,0.022172000957652926,0.06253849336644635,world,0.04005401604808867,0.07705403241561726,world,0.07806754820048808,0.08096654890687205,world,0.37159316292963923,0.09183400240726769,world,2.7645737222163005,0.08834954523481428,world,4.635645166439936,0.09255623983655824,world
rigid_low,neither,90072,False,False,,1.0,0.0,,70,0.023405295389238745,0.07447821588721126,world,0.03208611818263307,0.09010492286179214,world,0.07160960483015516,0.09704630998894573,world,0.37557606750924605,0.10533138382597826,world,2.810824030348158,0.09691239323001355,world,4.3559490035806085,0.09135924496426015,world
rigid_low,neither,90073,False,False,,1.0,0.0,,80,0.0365954888984561,0.053491084137931466,world,0.03962624012492597,0.059955300902947775,world,0.07832885694224387,0.0773560672882013,world,0.3616156890639104,0.07561268639110494,world,2.622022321337136,0.07978986689486192,world,4.3841704360698355,0.0769767851078359,world
rigid_low,neither,90074,False,False,,1.0,0.0,,67,0.021990055684000254,0.055141494143754244,world,0.026438028411939738,0.08004280796740204,world,0.05067330934107303,0.08512089576688595,world,0.2598660084418952,0.08714334182732272,world,2.6110298617277294,0.08983179557544645,world,4.290763933304698,0.08984001320437529,world
rigid_low,neither,90075,False,False,,1.0,0.0,,71,0.01751160155981779,0.056770727096591145,world,0.03667273595929146,0.07002875406760722,world,0.0720697023672983,0.07235567374154925,world,0.33757857915479683,0.06657340837118682,world,2.528076078079175,0.06953466036720783,world,3.814214043035172,0.06869483546324773,world
rigid_low,neither,90076,False,False,,1.0,0.0,,75,0.013188478420488536,0.045996208442375064,world,0.03566151645500213,0.08178954152390361,world,0.07478733487660065,0.08746530568460002,world,0.3705502064258326,0.09602898934972473,world,2.8306568042055007,0.09224864933639765,world,4.521916479045759,0.09158673823607386,world
rigid_low,neither,90077,False,False,,1.0,0.0,,63,0.014430086011998355,0.04508541361428797,world,0.03707257774658501,0.08041106648743153,world,0.08310947159770876,0.0990781455184333,world,0.3973297244752757,0.09835022972838486,world,2.719621769100195,0.1067484961822629,world,4.43441532706609,0.10573317166708876,world
rigid_low,neither,90078,False,False,,1.0,0.0,,63,0.023911451862659305,0.04201784485485405,world,0.038329562835860996,0.07990849586203694,world,0.0662646907439921,0.08879077836172655,world,0.3183139173110249,0.09682177483919076,world,2.7036846271614197,0.09454011655543582,world,4.156282833028236,0.09540125563304172,world
rigid_low,neither,90079,False,False,,1.0,0.0,,64,0.03118203522171825,0.049065505794715136,world,0.037547493097372354,0.05979244810296223,world,0.07845228762598708,0.07169727519503795,world,0.3777829507889692,0.08590379599190782,world,2.7887391331867546,0.09346932772459696,world,4.231197330338182,0.09280464022856905,world
rigid_low,neither,90080,False,False,,1.0,0.0,,78,0.02253415249288082,0.08679843181744218,world,0.03464440295938402,0.0751690344652161,world,0.070302364428062,0.08832955585676246,world,0.3456711762410123,0.09730668012925889,world,2.723358836249099,0.09010790400207043,world,4.0560349787923045,0.08622956431237981,world
rigid_low,neither,90081,False,False,,1.0,0.0,,79,0.0255158367799595,0.046737513213884085,world,0.036554233334027235,0.0709096716134809,world,0.06656045900890603,0.07681368188350461,world,0.3157796221144963,0.07222344587498811,world,2.73577379930357,0.07387163142411737,world,4.3908668837382,0.07461147988520679,world
rigid_low,neither,90082,False,False,,1.0,0.0,,76,0.024903427925892174,0.046251369756646454,world,0.029166781227104366,0.06579577324446291,world,0.06373476471053437,0.07204459436470644,world,0.3247482618840877,0.07774905008845963,world,2.792039039664087,0.08119342315476388,world,4.362561703297542,0.08019918785139453,world
rigid_low,neither,90083,False,False,,1.0,0.0,,74,0.026863813895033672,0.06940641207620502,world,0.037290115311043336,0.06791583350859584,world,0.07562081030628179,0.0707239192619454,world,0.32158995773206694,0.07234583740937524,world,2.464594679696165,0.07957041384361219,world,4.097874800561986,0.07325085318007041,world
rigid_low,neither,90084,False,False,,1.0,0.0,,73,0.021841167472302914,0.04079696402186528,world,0.03335388260893524,0.06774885517079383,world,0.05482973055914045,0.07377408752217889,world,0.22222705418244004,0.07628086336771957,world,2.3938973438460383,0.07613448180782142,world,4.0501731451042,0.07752699647680857,world
rigid_low,neither,90085,False,False,,1.0,0.0,,72,0.026912956847809255,0.06026174838189036,world,0.03495932918740437,0.07184811762999743,world,0.06972434475901537,0.0708662970981095,world,0.3398680868645897,0.07366913932200986,world,2.67894515167427,0.0710874586031423,world,3.8742740680853602,0.07297973594337236,world
rigid_low,neither,90086,False,False,,1.0,0.0,,63,0.023434490663930774,0.05436794296838343,world,0.04438174879178405,0.059862309443997216,world,0.08471616788301617,0.058644258705317046,world,0.4173191676032729,0.06143468568407115,world,2.9005661868548485,0.07058238072386303,world,4.432121264229063,0.07268394191327389,world
rigid_low,neither,90087,False,False,,1.0,0.0,,66,0.022238125442527235,0.048138579120859504,world,0.03181760245934129,0.06756108673289418,world,0.050193732068873946,0.07255607583792881,world,0.19394457916496322,0.08341452801250854,world,2.1439472091558853,0.09216923625463096,world,3.840391544352751,0.08930818276523496,world
rigid_low,neither,90088,False,False,,1.0,0.0,,75,0.01703997713048011,0.03611564735183492,world,0.030048760864883665,0.04959581333678216,world,0.0629335603211075,0.0628745345515199,world,0.3388255668571219,0.07931583996978588,world,2.7446617367560973,0.08015981467615348,world,3.945516794580035,0.08470449725893558,world
rigid_low,neither,90089,False,False,,1.0,0.0,,62,0.021215056418441236,0.056169604446040466,world,0.03254588281270117,0.060505761747481304,world,0.057921168662142,0.05922217735496815,world,0.2834746478532907,0.06592994270758937,world,2.701782438645023,0.07325698848799221,world,4.421153879658086,0.07871966760707437,world
rigid_low,neither,90090,False,False,,1.0,0.0,,68,0.018178299069404602,0.06586722447536886,world,0.033717901958152656,0.08865234207478351,world,0.06988295966293663,0.0843638159247348,world,0.31660140090389177,0.08252008330455282,world,2.536043536331272,0.08150828437355812,world,3.948204688669648,0.07951402847131249,world
rigid_low,neither,90091,False,False,,1.0,0.0,,77,0.02961286879144609,0.08458631602115929,world,0.042839086963795125,0.08745541744865477,world,0.08552405781811104,0.08924600009340793,world,0.41776855640928257,0.09715062238974498,world,2.8423624108399963,0.09540849314653314,world,4.30108531396254,0.0923732794699754,world
rigid_low,neither,90092,False,False,,1.0,0.0,,68,0.021834020444657654,0.06554830085951835,world,0.03574470452731475,0.07681193352327682,world,0.07354827038361691,0.08225646957580465,world,0.3668294818111463,0.07601826080208411,world,2.8131748930070897,0.08497540573807782,world,4.255189846399589,0.08166036610462471,world
rigid_low,neither,90093,False,False,,1.0,0.0,,64,0.029498102609068155,0.04867172236117767,world,0.03621443037409335,0.06287712923513028,world,0.06919836011948063,0.06763864878230379,world,0.333288629661547,0.07229074779206712,world,2.471378301808727,0.07351598848854338,world,4.036850253484445,0.07785772360315604,world
rigid_low,neither,90094,False,False,,1.0,0.0,,69,0.03596419654786587,0.06624868616927415,world,0.03678329716785811,0.07563006253913045,world,0.06989736011892092,0.08464167106430978,world,0.3348693399093463,0.09452879562741145,world,2.557607371702761,0.09497508137574186,world,4.143901964116084,0.0949144712886482,world
rigid_low,neither,90095,False,False,,1.0,0.0,,61,0.026086178579134867,0.05318628333043307,world,0.03356734664994292,0.07377888855990022,world,0.05883034168218728,0.0760452194896061,world,0.2699027486072737,0.09309091532195451,world,2.560025616172789,0.08748661316494691,world,3.9502344986036766,0.08466053716809256,world
rigid_low,neither,90096,False,False,,1.0,0.0,,62,0.03522026166319847,0.05006960779428482,world,0.035802709171548486,0.07398096781689674,world,0.06007978572743014,0.08261412207502872,world,0.2801736117864493,0.08404431282542646,world,2.414905930616078,0.08308338089409517,world,4.086033446091459,0.08894853716657963,world
rigid_low,neither,90097,False,False,,1.0,0.0,,61,0.0239676681230776,0.045789065916324034,world,0.031101230776403102,0.0778231532254722,world,0.0604374395974446,0.0827463755995268,world,0.31805527099932074,0.08551965211954667,world,2.7343573145641127,0.08461513597430895,world,4.285264596047927,0.08301881667342968,world
rigid_low,neither,90098,False,False,,1.0,0.0,,70,0.0340387950418517,0.034182208066340536,world,0.035908812936395404,0.06626872640335932,world,0.05700032482855022,0.06501608812250197,world,0.2498288293601945,0.06930280779779423,world,2.491287279094104,0.06787712361256126,world,4.2259378999331965,0.07378599822666729,world
rigid_low,neither,90099,False,False,,1.0,0.0,,79,0.030180333298631012,0.0447592026903294,world,0.035658382973633704,0.053488024161197245,world,0.07277036117156968,0.06338910091435537,world,0.3559215246874373,0.06808566101244651,world,2.78018168505223,0.06865693244835712,world,4.312215961947804,0.0713921755512274,world
rigid_low,neither,90100,False,False,,1.0,0.0,,62,0.027221792173804715,0.04293435963336378,world,0.034322999796131626,0.0555374255112838,world,0.059156103807617905,0.058931615474284625,world,0.27518604947399583,0.06251668717159192,world,2.665514226398227,0.06319757084056618,world,4.348328236248635,0.07029958223138237,world
rigid_low,neither,90101,False,False,,1.0,0.0,,62,0.017975313239730895,0.04712648584973067,world,0.02586398117709905,0.06943365479819477,world,0.054131605534348634,0.07581367145758122,world,0.2622814806469251,0.07819201541715302,world,2.6607422194589163,0.07700716990657383,world,4.355418868331471,0.07475073253910523,world
rigid_low,neither,90102,False,False,,1.0,0.0,,63,0.031132574833463877,0.08892995188944042,world,0.04169460147386417,0.09171559950336815,world,0.07987076807185076,0.08370161001803353,world,0.3641676974919392,0.0991004719166085,world,2.502677799550293,0.10121345329971518,world,4.0312336517026415,0.09530091940338024,world
rigid_low,neither,90103,False,False,,1.0,0.0,,62,0.02875750616658479,0.03230999084189534,world,0.03676757067441941,0.0675923943752423,world,0.0677418506704271,0.08531128566246479,world,0.3007827307330445,0.08788992987538222,world,2.616932029707823,0.09856562850764022,world,4.331783203952946,0.09871271945776243,world
rigid_low,neither,90104,False,False,,1.0,0.0,,72,0.03280647995416075,0.05519355501746759,world,0.030520572117529808,0.07249931448022834,world,0.0469500997569412,0.07005778435559479,world,0.20346684526884928,0.08039112667756854,world,2.368616435007425,0.08508892178288079,world,4.203580816120375,0.08441489642602391,world
rigid_low,neither,90105,False,False,,1.0,0.0,,74,0.01801354088820517,0.040066548215691,world,0.03211045248899609,0.06897123843664305,world,0.06558708011871203,0.08015186273260042,world,0.32029155261698183,0.07858561033499427,world,2.7624404677742858,0.0777103888507554,world,4.564749002218013,0.07957738063050783,world
rigid_low,neither,90106,False,False,,1.0,0.0,,79,0.011769070493755862,0.0512675060890615,world,0.030053995217895136,0.0634228393668309,world,0.06429843052465004,0.06162067059194669,world,0.3246223798356368,0.07036431583983357,world,2.738651961384312,0.0688470771885477,world,4.313274719535547,0.07557486717298162,world
rigid_low,neither,90107,False,False,,1.0,0.0,,79,0.02976428158581257,0.08201112097594887,world,0.03648828703444451,0.09232862868811935,world,0.06965528664877638,0.10353278400143609,world,0.30170069371233693,0.100950880383607,world,2.2217922365962295,0.10240100026421714,world,3.933084369999124,0.09729632970469539,world
rigid_low,neither,90108,False,False,,1.0,0.0,,64,0.02952196227852255,0.08325086365221068,world,0.03859176167752594,0.08359014916932211,world,0.07133622003020718,0.08469247607281431,world,0.3359510007139761,0.0902640739121125,world,2.6713942825241244,0.09029677146681933,world,4.15915097383433,0.09238662961201044,world
rigid_low,neither,90109,False,False,,1.0,0.0,,66,0.038295469246804714,0.0750878774560988,body,0.03218246219912544,0.0622265831392724,world,0.057783201971324166,0.06009379434690345,world,0.26275341754371767,0.06409192108985735,world,2.622968510266219,0.06826133703216328,world,4.199524300622871,0.0724413756132708,world
rigid_low,neither,90110,False,False,,1.0,0.0,,60,0.02434682144667022,0.05703324801288545,world,0.03220095885335468,0.06800670060329139,world,0.06510927399795037,0.07289243126870132,world,0.3064610856221407,0.07147591820976232,world,2.7339587510847196,0.07287074017003761,world,4.550041135896172,0.07468050262948965,world
rigid_low,neither,90111,False,False,,1.0,0.0,,76,0.025132982060313225,0.06686181854456663,world,0.03574221837334335,0.07893112979945727,world,0.07083631597924978,0.08282771181839052,world,0.3442881253198721,0.08165036678692558,world,2.7830465959676074,0.08077212024581967,world,4.670548096683342,0.08132420181995258,world
rigid_low,neither,90112,False,False,,1.0,0.0,,69,0.025976963574066758,0.03826396178919822,world,0.03833011384122074,0.046458296058699486,world,0.07643089854391293,0.054725353454705326,world,0.4004048028553371,0.059210820374573814,world,2.841019904872519,0.06602839173756365,world,4.395436854838627,0.06802949885066482,world
rigid_low,neither,90113,False,False,,1.0,0.0,,60,0.033984803420025855,0.07192457374185324,world,0.03990480451611802,0.0839526668190956,world,0.07089930301881395,0.0866300432709977,world,0.31391712398908567,0.08924500868888571,world,2.5994414291795693,0.10115714061539621,world,3.8231381196336587,0.09736604293313576,world
rigid_low,neither,90114,False,False,,1.0,0.0,,65,0.014196479693055153,0.07573442999273539,world,0.02429713972378522,0.07085482146940195,world,0.05138026030035689,0.07879748142731842,world,0.24926546945353037,0.0921539692702936,world,2.5119595047231993,0.08592853393784025,world,4.468198397761444,0.08623282399727031,world
rigid_low,neither,90115,False,False,,1.0,0.0,,77,0.028515002748463303,0.048371019191108644,world,0.03851338966051117,0.05920897040050477,world,0.07508936909143814,0.06537026284495369,world,0.3338263252895558,0.06310792050499003,world,2.7006373702621205,0.06376808429413358,world,4.156229292268981,0.0638639634824358,world
rigid_low,neither,90116,False,False,,1.0,0.0,,75,0.029203264915850013,0.05861554283183068,world,0.03499194738687947,0.08391099544242024,world,0.06486684007686563,0.07508290669647977,world,0.3140897271834546,0.07787162390304729,world,2.712657952758309,0.07290939894592158,world,4.46650339502201,0.07510581102455036,world
rigid_low,neither,90117,False,False,,1.0,0.0,,79,0.029512735665775836,0.07775760418735445,world,0.031993718328885735,0.08062345501966775,world,0.0634511095820926,0.09252420950215309,world,0.32806777392397635,0.0895401273679454,world,2.713048750892631,0.08872606486402218,world,4.183212184155127,0.08511703280717484,world
rigid_low,neither,90118,False,False,,1.0,0.0,,68,0.02465592371299863,0.045455266372300684,world,0.03505652227904647,0.06832841502036899,world,0.056651494966354216,0.0666709489421919,world,0.2499867697886657,0.07425325732037891,world,2.556090061445139,0.0718211334766238,world,4.072525925518712,0.0709824130331981,world
rigid_low,neither,90119,False,False,,1.0,0.0,,69,0.02167446364182979,0.0637961543397978,world,0.034574877959676086,0.06162846474908293,world,0.05779826579382643,0.0645134513033554,world,0.2565663546498399,0.06509643238241551,world,2.6651176450861387,0.06648372138661217,world,4.520122606981313,0.07076178055936908,world
rigid_low,body_only,90120,True,False,m,1.5891995503048728,0.0,,74,0.07094804523512721,0.01797692262334749,body,0.20889471350237726,0.03453605233225971,body,0.5117355232592673,0.04246285172412172,body,2.385347630339675,0.05557209318503738,body,6.439031224825886,0.33608564916939937,body,18.494339862219057,1.6662695513910148,body
rigid_low,body_only,90121,True,False,l,1.4812383451425903,0.0,,60,0.029530057916417718,0.03677428077207878,world,0.1017625003354624,0.03757859061588534,body,0.23694065880263226,0.03811182988865767,body,1.1020659807894844,0.041405821988882964,body,3.8770872386085102,0.04488322459656047,body,9.020535388659919,0.046350658845476574,body
rigid_low,body_only,90122,True,False,m,1.577333311441059,0.0,,60,0.051954388385638595,0.02975505864014849,body,0.17661383184604346,0.04122529247542843,body,0.39821202808525413,0.04454843493294902,body,1.8450439124251716,0.05037048878439236,body,4.840738750941819,0.05602389298583148,body,12.486126311996486,0.06574506498494884,body
rigid_low,body_only,90123,True,False,l,1.2659873041674827,0.0,,78,0.04698156821541488,0.031761500853463076,body,0.0702110012061894,0.05602782617497724,body,0.14095644624903797,0.055242063377227174,body,0.6263309026602656,0.06090941575894249,body,3.1748401497723533,0.06582222023607756,body,5.506842484073713,0.06266130156742293,body
rigid_low,body_only,90124,True,False,m,1.4143549642821072,0.0,,79,0.02892367250751704,0.06546375842299312,world,0.09849324387032538,0.053314193605910984,body,0.2279737804667093,0.04995131690520793,body,1.0559902226843405,0.05822417699964717,body,3.7612798753340027,0.06021308122763003,body,8.448133803723614,0.06397008043641109,body
rigid_low,body_only,90125,True,False,l,1.4086180240535773,0.0,,63,0.053490602876991034,0.02593314938712865,body,0.10738238543272019,0.05969210934708826,body,0.22004886120557782,0.07559073673037348,body,1.0084772627800702,0.0845706603184226,body,3.6996640233322977,0.07763562956097303,body,8.38257010154426,0.07579564471365302,body
rigid_low,body_only,90126,True,False,m,1.6448408546174003,0.0,,68,0.04548272548709065,0.048349816497648135,body,0.1442737576784566,0.05191590255708434,body,0.35097128177294507,0.05097742815560196,body,1.623061367246555,0.05064203597867163,body,4.482186014638864,0.050133455625291395,body,11.176164438003907,0.05535633750778288,body
rigid_low,body_only,90127,True,False,l,1.4986137896780058,0.0,,61,0.06125570251606405,0.04461616009939462,body,0.14389023534022272,0.04151890241773799,body,0.3000918161822483,0.04254623976594303,body,1.370016549376305,0.051147879363270476,body,4.149455013050465,0.06000582693668548,body,10.084039640694392,0.06158034851134289,body
rigid_low,body_only,90128,True,False,m,1.416558817025714,0.0,,64,0.05423990939743817,0.04420987860066816,body,0.11981448396109046,0.05772828058106825,body,0.22518882385920735,0.05390798026928678,body,1.0271497624344192,0.05760524711513427,body,3.668215521535603,0.05999628703211784,body,7.544387356385123,0.06425148435024312,body
rigid_low,body_only,90129,True,False,l,1.38378853736242,0.0,,68,0.017160810239147395,0.047697962843813,world,0.07467170612653717,0.040014466911088675,body,0.17011981538380494,0.046568379877135156,body,0.8246370809472865,0.05317917659504019,body,3.5789482460517323,0.060343769978953785,body,7.823948333903099,0.06685663376778393,body
rigid_low,body_only,90130,True,False,m,1.4756383192437175,0.0,,71,0.05118345282971859,0.03211100213229656,body,0.15263032577931882,0.03794168213789817,body,0.3207536114379763,0.04298039691930171,body,1.4813399235717952,0.05256438217475079,body,4.525220320140942,0.056752126627543475,body,12.099809376206249,0.06250222872942686,body
rigid_low,body_only,90131,True,False,l,1.3606013397692742,0.0,,80,0.04423421580577269,0.0294357193633914,body,0.07939050655113533,0.038629008963471274,body,0.17600056061637587,0.039985934490687214,body,0.791059158081771,0.05154139933147235,body,3.4572481967930795,0.05809111937396665,body,6.723525631742668,0.06327284615159441,body
rigid_low,body_only,90132,True,False,m,1.3052923183294922,0.0,,64,0.029958937666378915,0.04999559937277809,world,0.07211677359882743,0.051207081699976696,body,0.15605844511883332,0.06147256976692006,body,0.7162985086033586,0.069832044087525,body,3.308974710831535,0.06976329125245684,body,5.787994134715991,0.0756956895798794,body
rigid_low,body_only,90133,True,False,l,1.3207448067237653,0.0,,67,0.028403307544067502,0.042715734627563506,world,0.07054871781729162,0.035882003512233494,body,0.16146612295415252,0.0476278986549005,body,0.7123724241624587,0.05514366281859111,body,3.277950197685277,0.06046019457426155,body,5.896938412280287,0.05672304912877735,body
rigid_low,body_only,90134,True,False,m,1.4561368550822151,0.0,,64,0.05233838688582182,0.021525921067222953,body,0.11704115713946521,0.05230868561193347,body,0.25119660624768586,0.0576044492656365,body,1.1493832633714192,0.05802938899723813,body,3.8600117259135,0.06457990926464846,body,8.329971626715269,0.06541143348396872,body
rigid_low,body_only,90135,True,False,l,1.4036352699808552,0.0,,79,0.03543005359824747,0.03870178264332935,world,0.08381124776788057,0.04135621177847497,body,0.17385894118342549,0.049108910109498534,body,0.796136705216486,0.06015748320060084,body,3.2296198448224462,0.0638854074284609,body,6.085369415211026,0.07429033234569943,body
rigid_low,body_only,90136,True,False,m,1.3752498406372067,0.0,,68,0.03267166099976748,0.04354295856319368,world,0.08856538971886038,0.06428720680414698,body,0.18414413998834786,0.07436922936176416,body,0.8210168339079246,0.07927865087694955,body,3.376643631968182,0.07840592823376938,body,6.211413336540572,0.0780146946474997,body
rigid_low,body_only,90137,True,False,l,1.3180944856558197,0.0,,66,0.030148768448270857,0.04725367983337492,world,0.08404107056558133,0.049911211052676666,body,0.17305959374643864,0.06348105986544396,body,0.768106212769635,0.07268370921665337,body,3.4466947568231263,0.07886743619310436,body,6.853147080452182,0.08042685902604717,body
rigid_low,body_only,90138,True,False,m,1.3737292058898571,0.0,,76,0.03388237813487649,0.03674600715748966,world,0.07145961434580386,0.059295312687754634,body,0.15772834860254079,0.06454294229042716,body,0.7373723668628371,0.07112727882049512,body,3.300288780668052,0.0750878410981386,body,6.305007614449133,0.0748312507479568,body
rigid_low,body_only,90139,True,False,l,1.2231365368057392,0.0,,78,0.025931067124474794,0.037413505982840434,world,0.0534512197249569,0.07543925776262768,body,0.112534880527528,0.08464587008638774,body,0.5448815229727189,0.0970300554370624,body,3.1056409960336167,0.09961211915288004,body,5.725511138651637,0.10011707516998286,body
rigid_low,body_only,90140,True,False,m,1.5903123576273737,0.0,,77,0.0677514843409881,0.015459421731065959,body,0.16877739306073636,0.031665975251235066,body,0.37417737873038276,0.041265851503703745,body,1.7192593319050502,0.04823354720138013,body,4.852473308783374,0.05557133085676469,body,15.466395073788007,0.6244880861020646,body
rigid_low,body_only,90141,True,False,l,1.3983126255738383,0.0,,68,0.03493102974607609,0.047789896168978885,world,0.09446291045169347,0.05517288051196374,body,0.2106848269555485,0.06530376824375708,body,0.9561596907602508,0.06765417733258801,body,3.62876062653595,0.07398430790417479,body,7.76745159849379,0.07597451842622832,body
rigid_low,body_only,90142,True,False,m,1.5588960124158446,0.0,,77,0.05814718664623797,0.04820781227317639,body,0.1836318010929972,0.05555691913468763,body,0.41668160308618096,0.0621837219747249,body,1.9677595539600587,0.06874789628200233,body,5.375769510056125,0.07250252957019257,body,16.46333392468514,0.08200202821986749,body
rigid_low,body_only,90143,True,False,l,1.3381767659159343,0.0,,76,0.045162989757955074,0.034425677062245086,body,0.08839899771846832,0.05767950479057617,body,0.2057255533756688,0.06750666499428917,body,0.9436440935940481,0.06728519312600838,body,3.6547722886607517,0.07067750898204395,body,7.808979432408233,0.06666123414674076,body
rigid_low,body_only,90144,True,False,m,1.4340779419258376,0.0,,78,0.044015667866915464,0.05263162450864911,body,0.07738611996173858,0.061945853382349016,body,0.18451096611097456,0.06850815748330205,body,0.8591395475436002,0.06747136809863151,body,3.559678511717357,0.07645316639900557,body,8.303666860023512,0.08148385842287098,body
rigid_low,body_only,90145,True,False,l,1.3732457116762027,0.0,,79,0.039271634886972606,0.022392664395738393,body,0.09804083530325443,0.03213764159008861,body,0.2119362102472223,0.04121737038949505,body,0.9705787194718141,0.05026347649400122,body,3.7460942878300556,0.05806305739970412,body,8.516977951485895,0.06233242057583993,body
rigid_low,body_only,90146,True,False,m,1.4659264726975494,0.0,,73,0.0600377939408645,0.03344187734182924,body,0.1353109472198412,0.049488740996457635,body,0.2968344687833451,0.04984873223584146,body,1.3799205012328457,0.05786181426956318,body,4.352486370861879,0.05970047361770413,body,10.891858938479563,0.06669788933650125,body
rigid_low,body_only,90147,True,False,l,1.3697174281168265,0.0,,61,0.044548978097736835,0.03921765425184276,body,0.10008938340470194,0.06407844085188116,body,0.20801460701040922,0.07012193245609524,body,0.9461644366150723,0.06800613873128897,body,3.5042250797036103,0.06392524705042887,body,7.03772095292341,0.06519009766241653,body
rigid_low,body_only,90148,True,False,m,1.3038571531689942,0.0,,77,0.027675661316607147,0.058493405871558934,world,0.044807808985933666,0.06480285971192642,world,0.11257907061371952,0.06205250133934896,body,0.5807816743035801,0.06996698965522227,body,3.0924648433516273,0.0780761977446673,body,5.338929558501113,0.08406691676296758,body
rigid_low,body_only,90149,True,False,l,1.2823864181574816,0.0,,69,0.03576242923736572,0.03448094485793263,world,0.06778717678971588,0.034648318230756564,body,0.14834411463234576,0.05019468121608952,body,0.6936144637060352,0.06960382209072122,body,3.2787924409902187,0.06808139016720816,body,5.961046217123513,0.0696647386616678,body
rigid_low,body_only,90150,True,False,m,1.371260065573264,0.0,,77,0.022709916986059397,0.0442476220196113,world,0.0723608697182499,0.0643695555627346,body,0.17280337975244037,0.08740233840653672,body,0.8631218068156159,0.09019229632685892,body,3.5495220839904507,0.09538684091094182,body,7.286502454277943,0.09418519366008696,body
rigid_low,body_only,90151,True,False,l,1.2751118713228489,0.0,,67,0.028717283566948026,0.03081665388890542,world,0.07181253832532092,0.03706375118345022,body,0.14937055021873674,0.03848521410836838,body,0.6717879514413653,0.04209764683619141,body,3.18186242707161,0.04324361646722537,body,5.321572039038292,0.04790462205339281,body
rigid_low,body_only,90152,True,False,m,1.3717293620024857,0.0,,77,0.03181690233759582,0.04298878030385822,world,0.05233425195328891,0.04657731457846239,body,0.13669477335643024,0.05099020493798889,body,0.6547658386058174,0.06119996769557474,body,3.20518423478934,0.06505012163324864,body,5.520696090206039,0.06582897293905261,body
rigid_low,body_only,90153,True,False,l,1.3777582765834164,0.0,,63,0.045285792206414044,0.04084437293931842,body,0.10551164904609323,0.05292980803060345,body,0.21423403872177005,0.05617965920537244,body,0.9641257635783403,0.073252577612584,body,3.664358027628623,0.0804399656241003,body,8.053266776939854,0.07507283921208,body
rigid_low,body_only,90154,True,False,m,1.3240528558094946,0.0,,61,0.03119404800236225,0.0417372390802484,world,0.0517425789963454,0.05636043414124288,body,0.12579530861694366,0.06205906365357805,body,0.599776370881591,0.05644244527575211,body,3.2143641263537575,0.059957334709542925,body,6.065633186709601,0.061697726731217706,body
rigid_low,body_only,90155,True,False,l,1.2616156540457863,0.0,,75,0.03190408810041845,0.04277058591833338,world,0.045910476823337376,0.03906547867227346,world,0.10868747740751133,0.0407134018081706,body,0.48042523313197305,0.04571717204162269,body,3.060547332707211,0.05708737848581222,body,5.4962692392838655,0.06304210147543926,body
rigid_low,body_only,90156,True,False,m,1.53054519222226,0.0,,80,0.04275718657299876,0.034021875937469304,body,0.13211942194029688,0.03650240781717003,body,0.2886159913148731,0.04734892052365467,body,1.3279600240988658,0.04761076483264333,body,4.284620093216654,0.0512739002770104,body,12.158138397498988,0.0657968141839956,body
rigid_low,body_only,90157,True,False,l,1.488929027680533,0.0,,67,0.03574179962743074,0.0241766361577902,world,0.09074671294074506,0.047971947153564544,body,0.19345947013935072,0.04849948127230164,body,0.9264747213281226,0.046042128260523896,body,3.58488212878292,0.05267875119952805,body,7.863918132999679,0.058146958401412124,body
rigid_low,body_only,90158,True,False,m,1.4010988441285952,0.0,,76,0.04300374467857182,0.06720421754289418,body,0.10947688962332905,0.06181307591032236,body,0.23431081210728735,0.05653543181251735,body,1.0850542573141864,0.057495246879989276,body,3.8035482696199328,0.06142998608702328,body,8.286441005130763,0.06318745121287066,body
rigid_low,body_only,90159,True,False,l,1.3983826888544335,0.0,,76,0.04466767213307321,0.0500289200572297,body,0.09297509191092104,0.05155761379282922,body,0.2052023657481186,0.06503195095574482,body,0.9621001221647021,0.06923881797702053,body,3.675037373995292,0.06699777293833903,body,8.154607521452709,0.06928446121455636,body
rigid_low,body_only,90160,True,False,m,1.6346395142175347,0.0,,78,0.06509688444202766,0.037123981514014304,body,0.18405309420777485,0.04335107430815696,body,0.4288134199974593,0.0586374681442976,body,1.9826942554413107,0.07418344882316887,body,5.210090237423719,0.07903209778887686,body,15.322461255615925,0.08697752271109493,body
rigid_low,body_only,90161,True,False,l,1.4627355647267428,0.0,,75,0.05545794146019034,0.031271677871700376,body,0.14847500020987353,0.03522112393111457,body,0.3430453208944528,0.03623018232319737,body,1.584277881948219,0.040207270983228224,body,4.721484028681152,0.04128106773241598,body,12.784380204432818,0.047995468522858575,body
rigid_low,body_only,90162,True,False,m,1.3110427449584228,0.0,,70,0.028727680793963373,0.05057298036990687,world,0.05173898646607995,0.06325607339385897,body,0.1259788422379643,0.05560043472214602,body,0.6128352445783094,0.06573590145562774,body,3.2084825056255797,0.06777619181521004,body,5.969029331305064,0.06924617584270891,body
rigid_low,body_only,90163,True,False,l,1.4308898612160117,0.0,,78,0.050237382180057466,0.034988789760973305,body,0.08916351799853146,0.05651959936367348,body,0.20505504619795828,0.05813807438316872,body,0.9505419741035439,0.06073719226005778,body,3.571191703277873,0.06912335649340093,body,7.163329594631214,0.06586689637195377,body
rigid_low,body_only,90164,True,False,m,1.439856144676443,0.0,,68,0.03081213403493166,0.040799173701088876,world,0.09937768068630248,0.04743330776691437,body,0.2453100316808559,0.05860626987414434,body,1.1668455232225825,0.06731836932885926,body,4.019696710459539,0.06594395111169433,body,9.46718395330594,0.06956907482264796,body
rigid_low,body_only,90165,True,False,l,1.2997648895781109,0.0,,62,0.027939953142777085,0.02547168842284009,world,0.05588049672078341,0.04208536201622337,body,0.13111104358686132,0.0462496577820275,body,0.6105441600491759,0.04866243333435705,body,3.1685779266263125,0.05361465470259645,body,5.836133660682244,0.062199589502088204,body
rigid_low,body_only,90166,True,False,m,1.679679815459025,0.0,,64,0.06434436305426061,0.030739381603780203,body,0.18081241213949395,0.05452917964139488,body,0.44772896152571773,0.04656635286955861,body,2.076419991909643,0.05312211268392275,body,5.545933589666674,0.09626756789766659,body,17.11503756536229,1.223053152825305,body
rigid_low,body_only,90167,True,False,l,1.3590101711106688,0.0,,72,0.04768667556345463,0.054587935796007514,body,0.09565696899080649,0.05184182663215324,body,0.1993307249911595,0.05779753515962511,body,0.929841071102419,0.06465740921266842,body,3.706868954615493,0.06667639575825887,body,8.567470501906355,0.0697084056714084,body
rigid_low,body_only,90168,True,False,m,1.6457533914678304,0.0,,77,0.06161954393610358,0.24100519390776753,body,0.20902365082874896,0.7301686237100512,body,0.480972331436351,1.3058910327265039,body,1.648796199937351,2.189539833611343,body,4.49518870745087,3.1196814733615614,body,8.55346356919501,3.7472512761526744,body
rigid_low,body_only,90169,True,False,l,1.372684860076075,0.0,,63,0.03334065785747953,0.041349389852257445,world,0.09129541209549644,0.04686916594218929,body,0.2063825388933765,0.05566161312599434,body,0.9848020533812814,0.06377636078032083,body,3.7145384502953673,0.06814963345932483,body,7.8735515557744655,0.06807071164963419,body
rigid_low,body_only,90170,True,False,m,1.5110806219967274,0.0,,77,0.04770435823593289,0.04424494608247187,body,0.16266733838710934,0.05233229277364444,body,0.356601815961767,0.07064138832356548,body,1.6455342607165222,0.07768741398394922,body,4.62539971403603,0.07495373608944646,body,11.829143708675401,0.07713070362326108,body
rigid_low,body_only,90171,True,False,l,1.3393346079674444,0.0,,80,0.03026373335160315,0.042860981600824744,world,0.08020706814713777,0.06366457591066137,body,0.17338609204161912,0.06680199355469085,body,0.7907858868711628,0.06479394217167282,body,3.344949755334528,0.06841213377556414,body,6.555184875831474,0.0745270967450051,body
rigid_low,body_only,90172,True,False,m,1.5992541406103382,0.0,,69,0.06652378186117858,0.05073796940268949,body,0.17107534322421997,0.047852461261209095,body,0.3877024713321589,0.05291083105257712,body,1.7704821364663075,0.05774939623515819,body,4.841045904983185,0.06826563970607823,body,14.068340638013325,0.07438543659533024,body
rigid_low,body_only,90173,True,False,l,1.2909310796297793,0.0,,74,0.03981552610639483,0.04298591869883239,body,0.06355007325764746,0.04931908713770099,body,0.13251983494265004,0.0594724769500317,body,0.6189926994440611,0.06384778403298697,body,3.1391124753950863,0.06518638670313522,body,5.37245110894437,0.06782377621129854,body
rigid_low,body_only,90174,True,False,m,1.4992846063269814,0.0,,60,0.04220092034665868,0.03061809402424842,body,0.12035639599198475,0.05730101051740348,body,0.2736067133781035,0.06642742627300322,body,1.250953631234006,0.07458313449460548,body,3.874320306694426,0.07082637259882177,body,8.08597609731194,0.07429841228513397,body
rigid_low,body_only,90175,True,False,l,1.375063495490151,0.0,,67,0.02080462808953598,0.021705358114559203,world,0.08834739086451009,0.043210174332489255,body,0.19060987150878644,0.04238682924042223,body,0.8770358331064927,0.045790411432244583,body,3.533717391990649,0.046608798122542795,body,7.60733440979442,0.05197506527780206,body
rigid_low,body_only,90176,True,False,m,1.3570155774731387,0.0,,71,0.02334411651827395,0.05433361616451293,world,0.06039257273077965,0.07494124067015946,body,0.1532563059590757,0.08978957479121163,body,0.7267341715749354,0.08389129947754553,body,3.332567628356628,0.082829655237947,body,6.4432472815644,0.08326884846159374,body
rigid_low,body_only,90177,True,False,l,1.2641200458110455,0.0,,62,0.02910828765016049,0.036369270528666675,world,0.06302542046178132,0.05095053432160057,body,0.13665722823934628,0.052582716257893486,body,0.6436503637174611,0.05985735493159154,body,3.170929084139061,0.06916342357653776,body,5.3110318425961305,0.07507408888137435,body
rigid_low,body_only,90178,True,False,m,1.5240608064758356,0.0,,68,0.04087567038368434,0.026470979501027614,body,0.14702265940140935,0.047785513615235684,body,0.333311720227357,0.04524285898369271,body,1.5592217676516156,0.050303168875689155,body,4.6842257049022,0.06276092692787644,body,13.427349264476216,0.07075921424402623,body
rigid_low,body_only,90179,True,False,l,1.4207768660969622,0.0,,63,0.0438022100715898,0.026737254636827856,body,0.09898421094985678,0.04835982131771743,body,0.21276327027590014,0.05456615860457532,body,0.9619166282500373,0.053660536467214116,body,3.5787758393926197,0.05612037525570485,body,7.411196892215521,0.057046013336512255,body
rigid_low,body_only,90180,True,False,m,1.6834084531201725,0.0,,70,0.07004613324534148,0.16497651929967105,body,0.25157213730271905,0.6096636794973165,body,0.5821641144226305,1.2135726757114753,body,2.130609753489262,2.137136335193645,body,4.999396946767229,3.034453880233923,body,10.558781994477613,3.679853199704085,body
rigid_low,body_only,90181,True,False,l,1.3164236438723707,0.0,,75,0.03720817982684821,0.028048060892615467,world,0.07263315375894308,0.03699223590665497,body,0.15830288529396058,0.04325827117718291,body,0.7124918347224594,0.04815827416459797,body,3.326233288180083,0.05507094078857336,body,6.273350207917392,0.056752889878407584,body
rigid_low,body_only,90182,True,False,m,1.3450601064988406,0.0,,60,0.03609090077225119,0.036865269648842514,world,0.08566977742593734,0.05485542612150311,body,0.181347708159592,0.06899532488314435,body,0.820261094410671,0.08137864531599916,body,3.4408497030235594,0.07370697060541714,body,6.972064999429277,0.07642347461078317,body
rigid_low,body_only,90183,True,False,l,1.3429357517410216,0.0,,67,0.030788626900175586,0.031741435872390866,world,0.06886934850481338,0.052198495552875104,body,0.13877906751877161,0.06246654040878639,body,0.654393626419187,0.061515667301137,body,3.271971716194093,0.05963575967980432,body,6.5792032647962335,0.06259819707513088,body
rigid_low,body_only,90184,True,False,m,1.6568892806087865,0.0,,73,0.059459837852045894,0.030233117926400155,body,0.2107678539585322,0.045517965673934666,body,0.49957608652766794,0.04969244234380313,body,2.268822355929297,0.053063320981163994,body,5.594505084486446,0.06006627629758441,body,17.301776111496146,0.8390747321539676,body
rigid_low,body_only,90185,True,False,l,1.43334245437914,0.0,,67,0.04128916887566447,0.038452977169072255,body,0.07237764559686184,0.05217829088796861,body,0.16838142946362497,0.05174173997074831,body,0.778888700157404,0.050672290824877564,body,3.343841002508998,0.05598475496735773,body,6.452848262935877,0.06741050427575829,body
rigid_low,body_only,90186,True,False,m,1.6331529059433587,0.0,,70,0.06335883517749608,0.0524208020651713,body,0.20944046177901326,0.051278235204517846,body,0.48611810032743963,0.05192414068151265,body,2.2557526453048924,0.05967156370752491,body,5.96741251864587,0.20997617338725832,body,17.901930688295977,1.5141743965877685,body
rigid_low,body_only,90187,True,False,l,1.3141636302230804,0.0,,65,0.03471784631256014,0.04805314517579973,world,0.07362264955881984,0.04397127518022898,body,0.15897024186560882,0.04554071016755188,body,0.740687072678702,0.05121774510553223,body,3.23186680545623,0.05191869327572931,body,5.581910670181969,0.05073874453504687,body
rigid_low,body_only,90188,True,False,m,1.68271261290117,0.0,,72,0.06908395327627659,0.033423107117414474,body,0.21746107172220946,0.06910105851711705,body,0.5392955520190299,0.1352492971753236,body,2.3969908290077004,0.4272125803428935,body,6.217102637165226,0.95200995226769,body,15.208986600199712,2.333213299476192,body
rigid_low,body_only,90189,True,False,l,1.2673551846296478,0.0,,69,0.040037832281086594,0.056255745934322476,body,0.06207488459767774,0.05719446407165378,body,0.14327575285569766,0.05469165916438214,body,0.6406860192335444,0.0540044655877864,body,3.2941772455829774,0.052769317667480206,body,6.468624632154242,0.05146393957518739,body
rigid_low,body_only,90190,True,False,m,1.4616304439624153,0.0,,61,0.03738208388676867,0.04374611604725942,world,0.09069698340026662,0.05846645613783039,body,0.19402761561213994,0.06237942097068298,body,0.8973855101939989,0.06175835282920161,body,3.480473137342779,0.06346276417953049,body,7.02662609237188,0.06695938364333415,body
rigid_low,body_only,90191,True,False,l,1.3598610545526153,0.0,,75,0.04986151529010385,0.018134620622731745,body,0.09805347193032504,0.044793697586283085,body,0.2028212644159794,0.05610140300414059,body,0.8819830143824221,0.061978612716484346,body,3.4308730852790177,0.06369585767024546,body,5.952728817947208,0.06719968929217429,body
rigid_low,body_only,90192,True,False,m,1.6394540644586693,0.0,,73,0.05956778605468571,0.014348501805216074,body,0.1830199699383229,0.035200693923979995,body,0.4264339754125103,0.054601672370336016,body,1.954608794755768,0.061268716356426015,body,4.970092443976318,0.07332554509994224,body,13.0956076067104,0.08024304739228683,body
rigid_low,body_only,90193,True,False,l,1.2806965176607972,0.0,,79,0.03407448576763272,0.033087887801229954,world,0.07602276995312424,0.05441279096994549,body,0.15530824520392345,0.07521526457858271,body,0.699217977601802,0.07632904299825896,body,3.277501237133402,0.07513056280295131,body,6.020619059399468,0.07334853316657244,body
rigid_low,body_only,90194,True,False,m,1.3882151295384004,0.0,,72,0.02750343462685123,0.059720576216932386,world,0.10774740903871134,0.0800040429108776,body,0.23694064762094058,0.09140650247572922,body,1.0809206764941335,0.09653194165439345,body,3.7799828966977658,0.09113962855844875,body,7.944160763840773,0.09255535008764126,body
rigid_low,body_only,90195,True,False,l,1.4070168029723402,0.0,,68,0.040491271152859554,0.039045948651619256,body,0.09767655014875345,0.03640309368493036,body,0.19628811791480982,0.04573280320619233,body,0.8870850205232272,0.05304760216386058,body,3.429257691269595,0.05497307486293721,body,6.686539654876978,0.06083489957120036,body
rigid_low,body_only,90196,True,False,m,1.4747105385822876,0.0,,78,0.03635816473979503,0.03514945140341297,world,0.09522627822589129,0.041136667213868355,body,0.21732788424706084,0.054376093455357474,body,1.0063328096817714,0.05943663063808344,body,3.7366803084587445,0.07098524005705258,body,8.683994217704749,0.07037616868852639,body
rigid_low,body_only,90197,True,False,l,1.3111555143573217,0.0,,62,0.027028702665120363,0.040868065756512806,world,0.04766623178729787,0.055963665602030234,body,0.13086988677387126,0.06559132693218998,body,0.6224570204183693,0.06448733737925068,body,3.3133622901819764,0.06453880096014472,body,6.8032461834821145,0.06819716810219689,body
rigid_low,body_only,90198,True,False,m,1.379640047296776,0.0,,79,0.0218121592188254,0.05772401578724384,world,0.0676469394005835,0.06428552895085886,body,0.16859281919896602,0.0674791995610576,body,0.7872018134221435,0.0664335589564871,body,3.3163427877239884,0.07326635726931272,body,5.905391361825167,0.07669414149422664,body
rigid_low,body_only,90199,True,False,l,1.4868269255907973,0.0,,73,0.05019712052308023,0.04109975532628596,body,0.11646598803345115,0.039987214643042536,body,0.2746640547295101,0.05227806363836862,body,1.3177573782915715,0.06566486654628534,body,4.257928722238285,0.07600130055070622,body,10.148004023089307,0.08203801264229696,body
rigid_low,body_only,90200,True,False,m,1.568789452616487,0.0,,75,0.05213340697810054,0.030038134325877763,body,0.13864422198385,0.038586979912361125,body,0.30312843443825843,0.044680884998524566,body,1.3960551998112352,0.05539226314576809,body,4.135017208312638,0.05504128148168093,body,9.746122001232578,0.05298843567026779,body
rigid_low,body_only,90201,True,False,l,1.237480856854104,0.0,,74,0.03392215841449797,0.046413438743911684,world,0.06558190924115478,0.04858678918099031,body,0.1284276245860383,0.04542886277777143,body,0.6078140409081243,0.044936904378118925,body,3.095621628378285,0.04679302319927956,body,5.3578836012142705,0.052525455741269975,body
rigid_low,body_only,90202,True,False,m,1.589816924085751,0.0,,69,0.031410436844453216,0.051234446465969086,world,0.11913644638843834,0.04830872181337327,body,0.277159383543767,0.04901530927745626,body,1.303864358563442,0.05482814553397475,body,4.090292639384279,0.06531219616517774,body,10.613713450769428,0.06999021202529548,body
rigid_low,body_only,90203,True,False,l,1.2163108575505985,0.0,,68,0.04290960601065308,0.05501953256316483,body,0.05449282575864345,0.05990645362762734,body,0.11554094025632367,0.055860127072082835,body,0.5273169992200564,0.06039990036806557,body,3.1064653719629858,0.06414597977272933,body,5.570426375077805,0.06263573634685599,body
rigid_low,body_only,90204,True,False,m,1.577624770964431,0.0,,61,0.06999324425123632,0.03392226650612429,body,0.15362663310952485,0.05098144724033773,body,0.3421873163664714,0.057385821093339465,body,1.5787812205147929,0.0576129315639264,body,4.565077959100018,0.05936215760848427,body,11.789043535033706,0.06821387397110812,body
rigid_low,body_only,90205,True,False,l,1.3675497082151145,0.0,,65,0.038318467675708234,0.05025524669326842,body,0.07410105203744025,0.054655446804827076,body,0.16403796755475925,0.06323119866137858,body,0.7407490806130227,0.06566518321196782,body,3.4512354665173914,0.05944661899993661,body,7.166579530563904,0.06720015556435101,body
rigid_low,body_only,90206,True,False,m,1.5176465510618466,0.0,,74,0.02918390481499955,0.054959698929451406,world,0.12369387621292843,0.05038212237413973,body,0.2864900418848265,0.06232736026868224,body,1.3509385439247126,0.06028921724064276,body,4.2107277737304685,0.06904761943296761,body,10.599554001142387,0.07069290558429203,body
rigid_low,body_only,90207,True,False,l,1.2488637580931352,0.0,,80,0.0454958250047639,0.03209578356472775,body,0.06638620288576931,0.03472985766129568,body,0.12611247933236883,0.046342294587520885,body,0.5670104656310286,0.05825791757015395,body,3.1542993443057643,0.0606048451296374,body,5.738551950826077,0.0647540552150167,body
rigid_low,body_only,90208,True,False,m,1.4834364114696996,0.0,,66,0.04586983332410455,0.035565333149861544,body,0.11138491195160896,0.041291421488858754,body,0.2671629639924504,0.051562503934837876,body,1.2423703792796004,0.05982521499390714,body,4.04232407376694,0.06884076950373128,body,8.805917271437355,0.08054894457629416,body
rigid_low,body_only,90209,True,False,l,1.263629522578016,0.0,,60,0.037263451726175845,0.04599698429228738,world,0.0819423761451617,0.076534459751565,body,0.16265560631873086,0.0820796227955725,body,0.7310197399056051,0.08354796965868444,body,3.4500545554357815,0.08727773073114804,body,7.191912750323536,0.0881214349603397,body
rigid_low,body_only,90210,True,False,m,1.3346147837212192,0.0,,73,0.0413409227039665,0.043912408931646496,body,0.08187927263788879,0.05067227717954666,body,0.17547375371214002,0.05883611425524577,body,0.7999551320332103,0.05724753189715556,body,3.3779338342079424,0.057061897435050926,body,6.515028821115848,0.05770792552706552,body
rigid_low,body_only,90211,True,False,l,1.30656153459059,0.0,,71,0.03123600425897166,0.032948810228845105,world,0.07383487619226799,0.04026146564865485,body,0.1565620694484096,0.05261531489959452,body,0.727132992175757,0.057633913894824224,body,3.391687937318056,0.061430679941258864,body,6.9823469758982535,0.06370047539181542,body
rigid_low,body_only,90212,True,False,m,1.6930851814175538,0.0,,60,0.0858602657681331,0.2015258347382769,body,0.2773067849455401,0.5662033252010588,body,0.6132285965024493,0.9610120467870729,body,2.1684752266563008,1.741590053519758,body,5.382860175412498,2.714580749569723,body,11.81433938435628,3.49231113750051,body
rigid_low,body_only,90213,True,False,l,1.3559979569855254,0.0,,66,0.051109607331454754,0.046431993367150426,body,0.117916901409626,0.058601384365465484,body,0.24770457595586778,0.06828647291404194,body,1.1184974543750288,0.08410271840693895,body,3.809572448953986,0.08595264877076261,body,8.095210199803114,0.08736760881380178,body
rigid_low,body_only,90214,True,False,m,1.3935857870234445,0.0,,60,0.03271406760904938,0.04118478624150157,world,0.07460171643178909,0.0554465948138386,body,0.17475179986795414,0.06506274761050009,body,0.8015452686406207,0.07466440209827852,body,3.3878800416219743,0.0743772005484061,body,6.449674411186716,0.07237542415969073,body
rigid_low,body_only,90215,True,False,l,1.3131198647094737,0.0,,80,0.041694361716508865,0.03894412720910623,body,0.0762595793697983,0.04100000568651012,body,0.16415375943761318,0.04176145395722415,body,0.753862971009221,0.04837457074299891,body,3.441403650463326,0.050918246464334516,body,7.0327370187523774,0.054815207323663344,body
rigid_low,body_only,90216,True,False,m,1.681261135717984,0.0,,66,0.061145657557062805,0.027764770231442526,body,0.21193806396331638,0.04128374704741873,body,0.5070611876319162,0.04683172628574539,body,2.327554548386251,0.05487538271263474,body,5.7787861022370635,0.060086407316703117,body,18.698819182039003,0.5364192970268777,body
rigid_low,body_only,90217,True,False,l,1.413471960665546,0.0,,75,0.0377056326251477,0.04428948508575559,world,0.09989853971637785,0.040018143865745516,body,0.21969291719142348,0.04652596825617365,body,1.0180420374614185,0.05060087527381256,body,3.6477931524685117,0.049057576251652794,body,8.01014012079919,0.05285358633300348,body
rigid_low,body_only,90218,True,False,m,1.584896311018346,0.0,,74,0.04277611325960606,0.033740166341885924,body,0.1482759617269039,0.048632317740703,body,0.3549656493589282,0.05920685080636759,body,1.6455754415132107,0.061697760935931004,body,4.696239512460306,0.06471804403990973,body,12.437220206577331,0.07878907412668923,body
rigid_low,body_only,90219,True,False,l,1.3119810143159762,0.0,,70,0.017602221458218992,0.04005479297484271,world,0.0542722704121843,0.05770924912649207,body,0.13353824984515086,0.0681566195358755,body,0.6299827730108518,0.07214672368863831,body,3.20189845887071,0.07406468121553189,body,5.6442107607016805,0.07102841173495107,body
rigid_low,body_only,90220,True,False,m,1.300500753923412,0.0,,65,0.040073944604955614,0.048298521200194955,body,0.056298082158900795,0.05204216539277695,body,0.1375374565948732,0.054753840234479864,body,0.6621226951072459,0.05712473487219541,body,3.230811803395045,0.05843316648097244,body,5.478744692347245,0.06287885516809183,body
rigid_low,body_only,90221,True,False,l,1.325946290087466,0.0,,69,0.0322144138335716,0.018341192160733044,world,0.06018452832358889,0.03504665351065341,body,0.12511710031831172,0.04825655413587811,body,0.584215538627177,0.051576846300304166,body,3.1224791994573025,0.05799590435090067,body,5.547151335413509,0.061894175468041795,body
rigid_low,body_only,90222,True,False,m,1.3799548422979533,0.0,,63,0.042917673010379076,0.04651583719532937,body,0.08834548145532609,0.05283468167181127,body,0.20292666759341954,0.05983017824182753,body,0.903160138707608,0.058880223931919315,body,3.5586315052118156,0.062400285196417826,body,7.190440408047288,0.0630029722089239,body
rigid_low,body_only,90223,True,False,l,1.2088747342560058,0.0,,66,0.023964049760252237,0.018778089783154428,world,0.04326391716022045,0.04924727118341252,world,0.10447546268114821,0.060456427145982164,body,0.534478331572609,0.06175611099752132,body,3.00620373460988,0.0694666814415541,body,4.612419728828828,0.06924911226189578,world
rigid_low,body_only,90224,True,False,m,1.3689372681649405,0.0,,67,0.02859904244542122,0.04679238615790382,world,0.08234427922870963,0.05030073610832915,body,0.18538685747189448,0.05830946184578351,body,0.8450239886005875,0.061378248891560364,body,3.3991116868535753,0.07000243231886998,body,6.063173878275556,0.06944585900870151,body
rigid_low,body_only,90225,True,False,l,1.4190999555086545,0.0,,76,0.05028588103596121,0.02992536121746525,body,0.1087184133939445,0.03740733916056342,body,0.21968761426396669,0.043576137154013844,body,1.013493469194509,0.04299553095770534,body,3.770254184969235,0.047029449147521524,body,8.539022081759757,0.056534062786086,body
rigid_low,body_only,90226,True,False,m,1.3666051873938825,0.0,,68,0.03860139334574342,0.056969831872265786,body,0.07014655962120742,0.061121928249485785,body,0.1568124385899864,0.0742049412583583,body,0.7490893765527289,0.07428541553454124,body,3.3351488932588835,0.07593776964822609,body,6.4477558374253565,0.07645633888110752,body
rigid_low,body_only,90227,True,False,l,1.2089853713110907,0.0,,76,0.025522297044517472,0.030941009696107358,world,0.06388071273104287,0.05078644618624821,body,0.1291413002909394,0.06122688568430021,body,0.5687433266677544,0.06816156237618998,body,3.1960942101497496,0.06635929141193628,body,5.903608405471605,0.07045998906163731,body
rigid_low,body_only,90228,True,False,m,1.3941552835422104,0.0,,76,0.04321601218543947,0.05494411918334663,body,0.07586618205532432,0.07030697706068167,body,0.1666060085874051,0.06408393938982045,body,0.7761111207073554,0.06276885901497735,body,3.415620411548298,0.06625886048150278,body,6.685302588785999,0.06453464739322953,body
rigid_low,body_only,90229,True,False,l,1.4129882265602367,0.0,,60,0.024216243531554937,0.05030222004279494,world,0.08438097287435085,0.06678260820917785,body,0.1956044440739788,0.0726975847617723,body,0.9078348641109187,0.07504188235616312,body,3.4475709008431297,0.07690240207011811,body,6.761993186563487,0.08452841320278823,body
rigid_low,body_only,90230,True,False,m,1.387380358400205,0.0,,62,0.05017788453551475,0.03418703144416213,body,0.10757629737781826,0.04767547222436405,body,0.23071969727316172,0.0636692426429363,body,1.0784728060396447,0.067888787832635,body,3.828402239592469,0.06974344401605777,body,8.334101488197485,0.07311032617551974,body
rigid_low,body_only,90231,True,False,l,1.2736796593502162,0.0,,79,0.030487186508253217,0.052261666365666315,world,0.051641096384264534,0.04531867795740255,body,0.1124438438215293,0.05496929794026073,body,0.5551510231394786,0.054662068084871854,body,3.1338489712128648,0.05660421436332399,body,5.794743059311295,0.059767301516621955,body
rigid_low,body_only,90232,True,False,m,1.3398772042708087,0.0,,65,0.028230557101778686,0.053111996268853545,world,0.05929821273311973,0.049768474977463485,body,0.15052847578190268,0.05312585795181803,body,0.7048234519315884,0.05748433699700399,body,3.3046704350388607,0.061833656292219534,body,6.6341990824928505,0.07146906371854128,body
rigid_low,body_only,90233,True,False,l,1.2151805568406018,0.0,,74,0.03312069573439658,0.028919190139276907,world,0.04333674600347877,0.041795392433414236,world,0.09017646443098784,0.045459086334449235,world,0.3968540242873132,0.04870117580721853,world,2.9194120261352507,0.05185412869614084,world,4.866333961915225,0.057192978933162525,body
rigid_low,body_only,90234,True,False,m,1.412785576783788,0.0,,80,0.03763872350100428,0.0360647717025131,world,0.07153637313749642,0.03582511600106955,body,0.18438756976975126,0.04288169518695213,body,0.8549536097270902,0.04783702924323734,body,3.5055109927168813,0.049980282985779924,body,7.4364254210039515,0.055945015139295715,body
rigid_low,body_only,90235,True,False,l,1.4243033807217698,0.0,,60,0.050417596474289894,0.03212821009219624,body,0.1043822867795825,0.03868226011982188,body,0.23217583168298003,0.04409063158673235,body,1.0221005502156912,0.04427494140982162,body,3.6871065334882585,0.04903105226585467,body,7.627957153972238,0.049487182020529874,body
rigid_low,body_only,90236,True,False,m,1.6997035312296203,0.0,,64,0.0959762908751145,0.11983187345322222,body,0.2469421561108902,0.34330385823268444,body,0.5348451575846411,0.736933043098543,body,2.030034071515547,1.4087120221985971,body,5.007989833471948,2.415696229520836,body,11.08433515465469,3.3751682876015545,body
rigid_low,body_only,90237,True,False,l,1.376968432617344,0.0,,75,0.02636550908209756,0.03466973372269422,world,0.07979856588644907,0.03803799996094312,body,0.17608160771778786,0.04368319369823439,body,0.7951641879248199,0.052039767053065594,body,3.4720682207131177,0.05666173885801981,body,7.779998017087928,0.06053982675701263,body
rigid_low,body_only,90238,True,False,m,1.5968317899030746,0.0,,62,0.058695197571069,0.04131298779975623,body,0.16207413291558626,0.04515623576007784,body,0.3560902423691005,0.04731843976696837,body,1.6305553819751366,0.053121772635131494,body,4.789566029410343,0.06410483654235577,body,15.559254032890312,0.3623365362095501,body
rigid_low,body_only,90239,True,False,l,1.3434682340044826,0.0,,67,0.05135303654242307,0.02726532646920532,body,0.07515424727462233,0.04283839407726191,body,0.16085294040385634,0.05437853230105247,body,0.75048539043637,0.061729227814066694,body,3.3038487050740515,0.06327073066568119,body,6.007311022134964,0.06178308334958274,body
rigid_low,world_only,90240,False,True,,1.0,1.0,short,59,0.014590747508918867,0.030485019669868052,world,0.030879142699996007,0.07665713236201555,world,0.0618898318411084,0.0779056096856948,world,0.3059590604752884,0.08885083848435897,world,2.652913930110662,0.08903588683460839,world,4.0288558890789865,0.09168002431979402,world
rigid_low,world_only,90241,False,True,,1.0,1.0,medium,75,0.034603129781316966,0.03937120974296704,world,0.03809573914622888,0.059367151034530254,world,0.06966924606240354,0.08030269296723418,world,0.3089568880357547,0.08508900262240787,world,2.541536421001365,0.08716597854800057,world,3.992819465267821,0.09185194551566384,world
rigid_low,world_only,90242,False,True,,1.0,-2.0,short,69,0.021020673244493082,0.08091977937147021,world,0.028195032203802838,0.0878643431700766,world,0.05970528384495992,0.09426496230589693,world,0.28000461360352347,0.09364444752500276,world,2.6506785521931304,0.0927088454071054,world,4.284137913983141,0.0928162013880501,world
rigid_low,world_only,90243,False,True,,1.0,2.0,medium,68,0.03232350101461634,0.17044371424708515,world,0.032595642434898764,0.3988019145443104,world,0.05699650233727879,0.5827590440108906,world,0.21020149729738477,0.8625416830080213,world,2.016439096706745,1.1250373136856069,world,4.077759609849309,1.3161360964656341,world
rigid_low,world_only,90244,False,True,,1.0,-4.0,short,65,0.021668161440175027,0.28277629357762635,world,0.05253261557081714,0.8112283028196543,body,0.09035243972321041,1.3568696353817358,world,0.2360883876826847,2.226181040529627,world,1.5659814047234248,3.0442157281155233,world,3.916483674964984,2.9884338284493426,world
rigid_low,world_only,90245,False,True,,1.0,4.0,medium,65,0.026642408105544746,0.14934170548804104,world,0.035828022146597506,0.34568768258322957,world,0.060005393368192016,0.49074688281107226,world,0.22253746242495254,0.6348965162367676,world,2.376661799574504,0.7422800032501982,world,4.218808527702932,0.8164009448277647,world
rigid_low,world_only,90246,False,True,,1.0,-1.0,short,75,0.015812300727702677,0.044721512182150036,world,0.028534557926468553,0.05642561308341101,world,0.06182982315076515,0.0713313461339567,world,0.3298459676036145,0.07662624022050296,world,2.717863608567859,0.08088845152087742,world,3.8835017202410382,0.088297262773267,world
rigid_low,world_only,90247,False,True,,1.0,-1.0,medium,77,0.024921092204749584,0.061795056564733386,world,0.04919271483086049,0.08040967409033328,body,0.08392900137696414,0.09438431538874284,world,0.3881167997955345,0.1041479624225758,world,2.6831863254948987,0.10400030422024428,world,4.3987032400327735,0.1098458318435587,world
rigid_low,world_only,90248,False,True,,1.0,-2.0,short,70,0.027491824701428413,0.03951866063289344,world,0.03212014930322766,0.08248184847179801,world,0.06026527294307016,0.0923585301847197,world,0.273799883571337,0.10072809381235856,world,2.5600150007740012,0.10585343494167318,world,3.808766707851901,0.10978479401965159,world
rigid_low,world_only,90249,False,True,,1.0,2.0,medium,60,0.027093943557702005,0.18621297471690923,world,0.035862185037694866,0.4897046496393159,world,0.055278483137954026,0.7802331006503664,world,0.21750200278474946,0.9965475617384073,world,2.224006016177009,1.2204685777571287,world,3.7890329951967576,1.4016384590422968,world
rigid_low,world_only,90250,False,True,,1.0,4.0,short,68,0.02294624736532569,0.14842831145506352,world,0.03633170863613486,0.32080954207340256,world,0.05198159038554877,0.5327263597457205,world,0.21633114962605757,0.8028935464011738,world,2.4581216538266744,1.009679529749701,world,3.968644944799598,1.1517834399518325,world
rigid_low,world_only,90251,False,True,,1.0,-4.0,medium,77,0.029136715573258698,0.16252852138131857,world,0.05259109525941312,0.3453599089756608,body,0.12296338684391231,0.4615477054787334,body,0.6372287222300657,0.5826783323660494,body,2.702810293022776,0.6879495123866946,world,3.971532922333572,0.7646305913478135,world
rigid_low,world_only,90252,False,True,,1.0,-1.0,short,78,0.018343254050705582,0.05641279323026538,world,0.03243089237948879,0.06574002762790769,world,0.07057193971122616,0.06299302080878988,world,0.35516852609289346,0.06642778919776901,world,2.7969988656390345,0.06816796646671719,world,4.22083712358668,0.06695078874749015,world
rigid_low,world_only,90253,False,True,,1.0,1.0,medium,60,0.034070962807163596,0.04432163364253938,world,0.0391770324902609,0.08011468849726952,world,0.06905978572322055,0.08544507680053356,world,0.32808883336256256,0.08394258573680417,world,2.620752399493358,0.08303428076105775,world,4.287650030137739,0.08212910002534043,world
rigid_low,world_only,90254,False,True,,1.0,2.0,short,75,0.02180973079521209,0.06955321354325861,world,0.03638321198523045,0.09663051401730627,world,0.081516582518816,0.1070244969392661,world,0.4083913969807327,0.11630766160960776,world,2.831377757852897,0.11534135571200749,world,4.181569851990789,0.11793159625933186,world
rigid_low,world_only,90255,False,True,,1.0,2.0,medium,70,0.027023239876143634,0.21122569451108575,world,0.031090383755508808,0.5019412023248151,world,0.05912211228278465,0.6879517949069849,world,0.22536924493324476,0.9177557455084753,world,1.988366013772611,1.1737117629789282,world,3.9302164357184664,1.362365611800342,world
rigid_low,world_only,90256,False,True,,1.0,-4.0,short,70,0.03997149888891727,0.40692084887996316,body,0.05534221730194985,1.2392956812866034,body,0.10173778024036437,2.0170677343849093,body,0.2203580397297628,3.0201414094539363,world,0.48223504532070366,3.2199728925363162,world,1.717628079749411,2.9595920470962302,world
rigid_low,world_only,90257,False,True,,1.0,-4.0,medium,64,0.03704722167458385,0.14113235543482006,world,0.05236386264441535,0.3007977878209203,body,0.11118882586597464,0.4290767705300823,body,0.5804670327546774,0.5576795455417596,body,2.7523720207260336,0.6679122063040268,world,4.284720699772588,0.7499473036231938,world
rigid_low,world_only,90258,False,True,,1.0,-1.0,short,67,0.015333399816881865,0.05297446525946725,world,0.03461663903435692,0.07155491146550048,world,0.0781546130485367,0.07414539186429464,world,0.4134888471890008,0.07398978930796148,world,2.8830144175255557,0.07545048956126266,world,4.2916460079298115,0.07311277665852686,world
rigid_low,world_only,90259,False,True,,1.0,1.0,medium,71,0.02748821646673605,0.05705013399710879,world,0.033203057991340754,0.07178977156290783,world,0.05396247920580208,0.07858863555593415,world,0.26453566619893537,0.08912974391132594,world,2.4098542303952852,0.09823142820969225,world,3.9796527561987753,0.10273703870421741,world
rigid_low,world_only,90260,False,True,,1.0,-2.0,short,78,0.0228372955461964,0.06241384788881987,world,0.031069036270491776,0.08555672902148218,world,0.06121758819790557,0.09362860224209726,world,0.29970957411569543,0.10093987566651777,world,2.710040791510255,0.10328263175761095,world,4.447320002686465,0.10625951975176576,world
rigid_low,world_only,90261,False,True,,1.0,-2.0,medium,76,0.030148009420372546,0.14737759984564036,world,0.05520301889628172,0.340386965428479,body,0.11617605802603066,0.5326792534790001,body,0.5755621757823974,0.8241956088808365,body,2.5689693240216,1.0720059104904065,world,3.914227759419009,1.2579794472886716,world
rigid_low,world_only,90262,False,True,,1.0,-4.0,short,68,0.031723482767120004,0.32182034774450585,world,0.069487533159554,0.8664915187167935,body,0.12517820885404946,1.6079586772189942,body,0.24113137130625545,2.453603743502754,world,0.3630932286847383,2.4104699575676936,world,1.1593355741165579,2.261916553964256,world
rigid_low,world_only,90263,False,True,,1.0,-4.0,medium,76,0.032184080220758915,0.14003884000703692,world,0.049575660334085114,0.3207521182659548,body,0.1199828567696386,0.4540944576350739,body,0.6849851355313149,0.5691499601947725,body,2.935511263850276,0.6753238575598516,world,4.064425399869361,0.7581466274971171,world
rigid_low,world_only,90264,False,True,,1.0,1.0,short,76,0.028950089763384312,0.08181408216478303,world,0.04140959637006745,0.08367798874969594,world,0.08063052780344152,0.09845429651613812,world,0.3969844507257221,0.10210555902012858,world,2.533550002226548,0.100800801168225,world,4.005881344745284,0.10011746590025725,world
rigid_low,world_only,90265,False,True,,1.0,1.0,medium,73,0.026441079389769584,0.052867954364046454,world,0.039324413274880496,0.07365143825300038,world,0.06938873009639793,0.07827987899072468,world,0.32423021268041335,0.07942054287414066,world,2.6949590459276807,0.08161863771019853,world,4.106591799102607,0.08257171565404861,world
rigid_low,world_only,90266,False,True,,1.0,2.0,short,80,0.034447437967173755,0.06577388779260218,world,0.04512795468326658,0.08832556933630259,world,0.08810027983272448,0.09760640547610819,world,0.4348255356599111,0.09592828220047522,world,2.918649277361692,0.09559188484709011,world,4.589644449461484,0.09223020045232261,world
rigid_low,world_only,90267,False,True,,1.0,2.0,medium,73,0.026480061933398247,0.21696703019551933,world,0.04706644422840327,0.5223386737518012,body,0.09321926798438654,0.74991854414111,body,0.3463268155639525,0.9517285653651926,world,2.531949672216433,1.1930665255684287,world,4.215677670323057,1.3690630193499964,world
rigid_low,world_only,90268,False,True,,1.0,-4.0,short,69,0.03444323709845776,0.14604648551903665,world,0.057636539680243,0.34417889402247964,body,0.11979795186562114,0.5438376943930052,body,0.668910423525449,0.7978419418388513,body,2.7260030677769462,1.0009339825104688,world,3.8314879400746573,1.1652031631324642,world
rigid_low,world_only,90269,False,True,,1.0,4.0,medium,74,0.01607922711991705,0.16461861273273826,world,0.02918503448017873,0.31158508970402177,world,0.05733311670192051,0.46058994350605637,world,0.257720777184295,0.6125783061259426,world,2.5050447616617024,0.727578488404106,world,4.216979422751174,0.806680125699495,world
rigid_low,world_only,90270,False,True,,1.0,-1.0,short,81,0.02504301443696022,0.04860139172524214,world,0.03494142410345376,0.07481040705461056,world,0.07128171033691616,0.08080454206792638,world,0.3417844257201068,0.08684720581513829,world,2.62798963705427,0.08274691697879462,world,4.1237760357349185,0.08742772809229792,world
rigid_low,world_only,90271,False,True,,1.0,1.0,medium,77,0.03329395913169719,0.05497621733229607,world,0.03442517785006203,0.08385117806028575,world,0.055942076517385426,0.08173166607157328,world,0.2253828184111626,0.08769540481007425,world,2.2676132712229444,0.10017184834941872,world,4.350723937291478,0.1078224997194775,world
rigid_low,world_only,90272,False,True,,1.0,-2.0,short,58,0.026761573390103877,0.05121983389835805,world,0.027705975377466528,0.08703562910668552,world,0.05943083408637904,0.09976827220525593,world,0.28340678645472506,0.11362676725839266,world,2.4399237986988735,0.10505968944635243,world,4.126173097877182,0.10425159771984908,world
rigid_low,world_only,90273,False,True,,1.0,2.0,medium,71,0.02761198952794075,0.17303913971409202,world,0.04121424052864313,0.3802991487304098,world,0.0677890496328473,0.5457816540547356,world,0.2152526968391612,0.8320805984109029,world,1.8604533644276673,1.08766548399999,world,3.8097830804390833,1.2635774837445206,world
rigid_low,world_only,90274,False,True,,1.0,4.0,short,60,0.01858479279326275,0.20677245128899813,world,0.034784855123143645,0.38879200265510017,world,0.0570567918184679,0.555373518174747,world,0.21694716043712106,0.8367701546550961,world,2.066639996347658,1.0977737051463918,world,3.7012377000710694,1.2772457466239575,world
rigid_low,world_only,90275,False,True,,1.0,4.0,medium,76,0.021996514580678195,0.15011429006699473,world,0.03876459792954847,0.37326828768709674,world,0.06655472536222078,0.5316470815159846,world,0.2742987889359938,0.6961572984029771,world,2.2474470124245274,0.8070225014773315,world,3.38026930021646,0.8895588969974778,world
rigid_low,world_only,90276,False,True,,1.0,1.0,short,69,0.029576452914625406,0.0652948459610343,world,0.037173838494345544,0.07379217142006382,world,0.08054705152753741,0.07901707296841778,world,0.4082439212710597,0.08456350755004677,world,2.8408447516441813,0.09261773555917899,world,4.468978105087299,0.09344140476023312,world
rigid_low,world_only,90277,False,True,,1.0,-1.0,medium,75,0.027506158221513033,0.05875363480299711,world,0.030854996759444475,0.07987940610619262,world,0.06301419921219348,0.08199251979240216,world,0.3470492607913911,0.08530426753859502,world,2.745962168602273,0.08954141007416183,world,3.7916760626062755,0.09984527947264724,world
rigid_low,world_only,90278,False,True,,1.0,2.0,short,64,0.018266172730363905,0.05312261404469609,world,0.028155585005879398,0.0911895003169775,world,0.06518814377486706,0.09515417800284923,world,0.3652575645130128,0.10465624645003117,world,2.816642263694666,0.0989734332786611,world,4.149151975130662,0.10084425785506029,world
rigid_low,world_only,90279,False,True,,1.0,-2.0,medium,63,0.026285117026418447,0.12364806549157947,world,0.05222590137273073,0.3110793038038537,body,0.115788045222871,0.5243764823244419,body,0.6155457197106444,0.8277104549051728,body,2.8027601011272054,1.0708743487106405,world,3.704740599177312,1.2453272943093907,world
rigid_low,world_only,90280,False,True,,1.0,4.0,short,77,0.03171846061013639,0.1740835029631853,world,0.038033212232403454,0.33915893735829744,world,0.060030828940216455,0.5220029029645957,world,0.24451161858742126,0.8144275608210592,world,2.0938423419866012,1.067886593780713,world,3.8492383031744977,1.2442052358925866,world
rigid_low,world_only,90281,False,True,,1.0,4.0,medium,77,0.021621853462420404,0.14779914112295955,world,0.03785325970966369,0.3042087714537047,world,0.06352610961766914,0.4352712652238552,world,0.2652443115657661,0.5792957417404977,world,2.2220083095511654,0.6816094278125092,world,4.111547017708654,0.751115769330354,world
rigid_low,world_only,90282,False,True,,1.0,1.0,short,68,0.02093006536597386,0.04524357046466321,world,0.03337624004343524,0.07501904112286865,world,0.08041681333561428,0.07356375200906769,world,0.39698642714938615,0.08309827249613591,world,2.769900638605759,0.07941886543267174,world,3.5469815063179704,0.08347841626236913,world
rigid_low,world_only,90283,False,True,,1.0,-1.0,medium,74,0.02424280549166724,0.05657724221237004,world,0.02896444295765832,0.07087675335351379,world,0.05098169060074724,0.07648297185078262,world,0.2228642206900986,0.07949012833996676,world,2.442814509118034,0.08510242946067592,world,4.065874235150986,0.09227175289066508,world
rigid_low,world_only,90284,False,True,,1.0,2.0,short,72,0.034525493741966784,0.052279198658652604,world,0.041181260347366334,0.05505735905608162,world,0.08259514702949672,0.06643714986857958,world,0.4137731443275698,0.07618634535174351,world,2.8768038110400083,0.07891269538595225,world,4.253889635412488,0.07946423335233703,world
rigid_low,world_only,90285,False,True,,1.0,-2.0,medium,73,0.022745608759578317,0.1369746954587754,world,0.05469040799653158,0.3263461168098729,body,0.10976925819995814,0.5298001630319049,body,0.45031189917062875,0.8253408578690141,world,2.0667622542634487,1.0735756384645356,world,3.6510719528299527,1.2556422962222131,world
rigid_low,world_only,90286,False,True,,1.0,4.0,short,67,0.024500997737050056,0.12751615641172975,world,0.03956004306674003,0.3001381644255161,world,0.06906141745857895,0.5100602644948595,world,0.2469798356760293,0.8008808281033453,world,2.108095844299532,1.0315477880093111,world,4.038185423025862,1.1854342240149163,world
rigid_low,world_only,90287,False,True,,1.0,4.0,medium,79,0.01641673018457368,0.1572356621036306,world,0.04132607484934851,0.3648248167941347,world,0.07387426953646355,0.518196953937877,world,0.3153601044643437,0.6820199803216384,world,2.470929886812519,0.8060503518863698,world,4.111859529481153,0.8913127234121202,world
rigid_low,world_only,90288,False,True,,1.0,-1.0,short,78,0.01600655441870913,0.07085313298739493,world,0.035391301766503604,0.0827259167097509,world,0.07514811186701992,0.079003091173945,world,0.3498809291078942,0.08331977840571199,world,2.7703056165031743,0.08855858959868784,world,4.336740415879175,0.09186544650350698,world
rigid_low,world_only,90289,False,True,,1.0,1.0,medium,64,0.026086256722919643,0.04287608322920278,world,0.037263163132593036,0.07683323737001047,world,0.06596098565496504,0.0764218351978343,world,0.3113018303876742,0.0863729502161732,world,2.713470877322834,0.09173013721447204,world,4.407118635321968,0.092397712993843,world
rigid_low,world_only,90290,False,True,,1.0,2.0,short,66,0.031710887677036226,0.05949967470951378,world,0.032664280338212844,0.06566708000609651,world,0.05934449951164425,0.07344954509171658,world,0.2917897757608443,0.08165777925460134,world,2.7377355078468097,0.09516252182875178,world,4.566510047996417,0.0992821343059768,world
rigid_low,world_only,90291,False,True,,1.0,-2.0,medium,75,0.027458178577944636,0.13989512796979398,world,0.06313800676725806,0.3121319666039199,body,0.1375921721337363,0.5200836006551981,body,0.6968931546784006,0.8061854434781708,body,2.8542790536943357,1.0405327161803142,world,4.267739527083467,1.2204407590330812,world
rigid_low,world_only,90292,False,True,,1.0,-4.0,short,74,0.026495511294342577,0.1192516612354666,world,0.03571634644176811,0.3306542933918536,world,0.08685581983299925,0.5294816653942689,world,0.4921414883865509,0.7491028008487773,body,2.505623303729226,0.9301754361542407,world,3.7746663607668594,1.0745737729716347,world
rigid_low,world_only,90293,False,True,,1.0,4.0,medium,69,0.02294897916726768,0.1509845510008745,world,0.03169247901532799,0.3183214394142851,world,0.0701578169944696,0.46790496060857556,world,0.3046531166357454,0.6118536429537926,world,2.430393033914152,0.7199586649701815,world,3.568966968943132,0.7978637347376206,world
rigid_low,world_only,90294,False,True,,1.0,-1.0,short,70,0.027945474721491337,0.05250523169524968,world,0.043087910092435774,0.07822932112030685,world,0.08332572093931959,0.08348863100400195,world,0.39029357432737016,0.08066455959051383,world,2.850460644063424,0.07957405788620237,world,4.59388263225439,0.07414364544536511,world
rigid_low,world_only,90295,False,True,,1.0,1.0,medium,64,0.019831984594929963,0.05945472573512234,world,0.038312139513436705,0.10557708357227967,world,0.08167075291858056,0.10478317797533236,world,0.40963643992145077,0.10493064991023857,world,2.8092363546500563,0.10742387888749363,world,4.2035774818394565,0.1051940002759511,world
rigid_low,world_only,90296,False,True,,1.0,-2.0,short,84,0.028409595834091306,0.06828280980698764,world,0.03684285121271387,0.08296670109266416,world,0.06490202793502249,0.07781716655590572,world,0.28786382430989765,0.09082368689923898,world,2.655638620526588,0.1038333906322805,world,4.329950723085203,0.11326487236001412,world
rigid_low,world_only,90297,False,True,,1.0,2.0,medium,62,0.014955564169213176,0.18403500691056252,world,0.03339384875725955,0.4258698487654329,world,0.05500069685513154,0.6022986337542533,world,0.2217012078675907,0.8837392869667383,world,2.0658932634949454,1.1526936553476843,world,4.292652640690793,1.343010249106737,world
rigid_low,world_only,90298,False,True,,1.0,4.0,short,62,0.031593044579494745,0.1370591690938454,world,0.03467477555386722,0.33884139437577687,world,0.05993157583288848,0.520884630116052,world,0.2110159551841207,0.8159137300433941,world,2.1915012435114476,1.069035708350566,world,4.073410566339735,1.2481764990717055,world
rigid_low,world_only,90299,False,True,,1.0,-4.0,medium,67,0.01868140499573201,0.1504982733167708,world,0.04515720496419817,0.3117729648947716,world,0.10926121684024112,0.41853626636439006,body,0.6073322550219018,0.5366724397725192,body,2.829086798653589,0.6347158165241126,world,4.053259750135476,0.7073710205825046,world
rigid_low,world_only,90300,False,True,,1.0,-1.0,short,67,0.02760022657457739,0.06233804114162922,world,0.04941254889126867,0.05910815318929963,body,0.09729959001997486,0.05709389678959269,body,0.4737157712515909,0.05801566941809142,body,2.898453224022524,0.06459596770073403,world,4.429221229978138,0.0714413173252251,world
rigid_low,world_only,90301,False,True,,1.0,-1.0,medium,72,0.03163845487870276,0.038486822857521474,world,0.03688264805823564,0.048301353125134484,world,0.05661310923751443,0.06362733444257174,world,0.22055940077407285,0.07452765013586031,world,2.235911564429989,0.08256138817887404,world,4.32992807980394,0.08605958453816129,world
rigid_low,world_only,90302,False,True,,1.0,-2.0,short,78,0.021669137058779597,0.0342618337017484,world,0.03350814655423164,0.10217304654652254,world,0.05884772459976376,0.12487828238517976,world,0.2518111786339432,0.13353627813921776,world,2.482134684477933,0.14554761864128524,world,4.371990334214643,0.15348321546334776,world
rigid_low,world_only,90303,False,True,,1.0,2.0,medium,59,0.027587027056142688,0.21438899129861966,world,0.0388492978643626,0.4894986592000351,world,0.05911368886008858,0.6701777316513472,world,0.210905031231232,0.9188295441970694,world,2.0694437623606063,1.17933134283885,world,4.346711145066656,1.365214217476314,world
rigid_low,world_only,90304,False,True,,1.0,4.0,short,80,0.020865795435383916,0.14888542890548706,world,0.03789559986907988,0.30620984348934144,world,0.05748433995759114,0.5124612797168083,world,0.2182639448728878,0.7959403306711464,world,2.0569754726748215,1.0240469521668274,world,4.145767085385742,1.1764809570868964,world
rigid_low,world_only,90305,False,True,,1.0,-4.0,medium,73,0.016073007383965887,0.12370910216122866,world,0.04423070913471747,0.3158355275169015,world,0.12080597919557479,0.44325189869850873,body,0.6399566666230385,0.562009292730363,body,2.670692563010743,0.6594963736082717,world,4.140950731989141,0.7379971198402927,world
rigid_low,world_only,90306,False,True,,1.0,1.0,short,64,0.024656575871631503,0.06959595414809883,world,0.0372874985798262,0.07244919647928327,world,0.07163934599957429,0.0688563993491698,world,0.354303612766671,0.07802037253859453,world,2.747278629905486,0.07846191673452267,world,4.353737899031839,0.0775318822474219,world
rigid_low,world_only,90307,False,True,,1.0,1.0,medium,72,0.018224937142804265,0.046411655959673226,world,0.032621173071675,0.06996783514041453,world,0.05791608247673139,0.0691986670019105,world,0.28572792310151274,0.0800131032592617,world,2.644335811267956,0.09727231154975016,world,4.348724939547246,0.10315659710962792,world
rigid_low,world_only,90308,False,True,,1.0,-2.0,short,62,0.017743644100846723,0.06870550545863807,world,0.03182654048432596,0.06198017656570301,world,0.06777649269497488,0.06312422446208076,world,0.327306781844527,0.06718917199759744,world,2.7781557456335575,0.06666942306364945,world,4.479272058931237,0.06704315360955661,world
rigid_low,world_only,90309,False,True,,1.0,2.0,medium,65,0.023097298631910235,0.20700520178070292,world,0.03248105427483097,0.4981549661257304,world,0.05093780047609471,0.7187558575358708,world,0.1762297228531679,0.9254658362624468,world,1.9519748886392336,1.1661508367731583,world,3.7946830854302966,1.348913611000171,world
rigid_low,world_only,90310,False,True,,1.0,4.0,short,70,0.022476733312942088,0.13113856548443437,world,0.03836549418047071,0.3270685087074525,world,0.05979452598839998,0.5174376620270777,world,0.2293292875634506,0.8049263344524661,world,2.2891707162954846,1.0509014092429423,world,3.895799909667112,1.2245207068233868,world
rigid_low,world_only,90311,False,True,,1.0,-4.0,medium,66,0.030840804101899266,0.12657730176579207,world,0.04186522795353084,0.2667401829501614,world,0.10013426047516986,0.3909349943278358,body,0.576827548694564,0.5134808592963964,body,2.709346951296902,0.6165259831032017,world,3.955420373802772,0.6991511164349504,world
rigid_low,world_only,90312,False,True,,1.0,1.0,short,69,0.02648445131490007,0.05622504884377122,world,0.03605160928564147,0.058333806635346264,world,0.07314447272219696,0.07667901665554382,world,0.34631706883956215,0.07955251469102223,world,2.7171377306702196,0.07989880537352292,world,3.92567149944196,0.0852651120792143,world
rigid_low,world_only,90313,False,True,,1.0,-1.0,medium,66,0.020364624040666968,0.07389840460382402,world,0.027353570668492467,0.09774057469330727,world,0.06501475303084589,0.11431514739524573,world,0.3385387441172497,0.11033048260433134,world,2.7374229305438345,0.11933319598174422,world,4.155343146958039,0.120912201248575,world
rigid_low,world_only,90314,False,True,,1.0,2.0,short,66,0.02485421218443662,0.0581591158406809,world,0.036592344962991775,0.07580090208211915,world,0.0686537133413367,0.08694621716858819,world,0.32468513398780485,0.09277467282081489,world,2.7519291069329483,0.09235409317625454,world,4.350594025849132,0.09532326556131011,world
rigid_low,world_only,90315,False,True,,1.0,2.0,medium,65,0.03366286773234606,0.19531203209771775,world,0.04247647584415973,0.4886903083359357,world,0.0725823260843754,0.6773934621218359,world,0.25858828304335474,0.9054530350447749,world,2.3439404774457215,1.161991959928855,world,4.194004983976483,1.3518061982665674,world
rigid_low,world_only,90316,False,True,,1.0,4.0,short,63,0.030746330157853663,0.13439084915444255,world,0.04648841416928917,0.3131126792402938,body,0.07890888702822849,0.5209885111544281,world,0.28929591345950034,0.7994818533130454,world,2.324088320505689,1.0265752981387777,world,3.4361009107145946,1.1827731207263423,world
rigid_low,world_only,90317,False,True,,1.0,4.0,medium,84,0.025271535152569413,0.15249943593516946,world,0.04243686087429524,0.33258670396171514,world,0.07450725440867245,0.4744086716731545,world,0.30097524703014644,0.6211995109770215,world,2.506806062313262,0.7236489492715918,world,4.26493110617157,0.7905020131822675,world
rigid_low,world_only,90318,False,True,,1.0,-1.0,short,75,0.030673530767671764,0.03453487501246855,world,0.030502754519693552,0.07053013920667581,world,0.062350582832004876,0.07865355063404422,world,0.29447591902571735,0.07470048927934841,world,2.705570520655601,0.07482181752493489,world,3.971015869457042,0.07356289642804768,world
rigid_low,world_only,90319,False,True,,1.0,1.0,medium,65,0.018735056626610458,0.040624845190905035,world,0.029486276872921734,0.07437398934271186,world,0.06103542037890293,0.08987696134718134,world,0.328536969612469,0.10761613845534157,world,2.777002690640802,0.10774309625849127,world,4.292065257961513,0.11228305553784593,world
rigid_low,world_only,90320,False,True,,1.0,2.0,short,76,0.02980294043663889,0.047578212106600404,world,0.03089917596662417,0.07239410622278229,world,0.051566889934474607,0.09157887388137169,world,0.21658938282926102,0.10038466803671327,world,2.299118893746345,0.10316021633771015,world,4.22241023576411,0.10049599821708399,world
rigid_low,world_only,90321,False,True,,1.0,2.0,medium,57,0.03698708990123123,0.20957791502587497,world,0.042455990239977835,0.533931290335022,world,0.07412293734960257,0.7619351043424104,world,0.29380339649505915,0.9630643369077008,world,2.3354172496357934,1.2030280700695584,world,3.7698955469671636,1.392144013824145,world
rigid_low,world_only,90322,False,True,,1.0,4.0,short,74,0.029575199936516583,0.1426753862760961,world,0.03844925261801108,0.32358268084935843,world,0.06399623373872601,0.5394684507627971,world,0.21872649716387968,0.8196271792869083,world,2.1070151156382053,1.0436117825571272,world,4.019788752146415,1.1980250187756611,world
rigid_low,world_only,90323,False,True,,1.0,-4.0,medium,75,0.027205009246245027,0.14739401481347159,world,0.04923296208144165,0.312812475359533,body,0.12600329595443327,0.4380218095204327,body,0.7066671532709734,0.5660131026030286,body,2.9226449875692193,0.67068762628478,world,4.044129639624443,0.7528265953983646,world
rigid_low,world_only,90324,False,True,,1.0,1.0,short,72,0.025903266272507608,0.06963232974521816,world,0.03468857586558442,0.08478752616792917,world,0.06060061576863518,0.08868269424128811,world,0.3058468897877901,0.08919230468891329,world,2.7019991470991953,0.09268813976595994,world,3.9882749702232836,0.09128248168417485,world
rigid_low,world_only,90325,False,True,,1.0,1.0,medium,80,0.02653770224424079,0.05555944563820958,world,0.03457396698649973,0.06870341875473969,world,0.07034880816354416,0.08312435715342871,world,0.3617549074551789,0.0947036341385683,world,2.713927667574899,0.1005697106491425,world,4.257504190946348,0.10315006462100428,world
rigid_low,world_only,90326,False,True,,1.0,2.0,short,73,0.030541628831997514,0.07495026383548975,world,0.03878189926035702,0.10146159497089685,world,0.06863709329627454,0.11891708974726499,world,0.303876459505409,0.1290041549364105,world,2.5622269527520984,0.12370193076421857,world,4.42491177206859,0.12090294592926511,world
rigid_low,world_only,90327,False,True,,1.0,-2.0,medium,78,0.026927277445793152,0.13058211540919729,world,0.05854839095845818,0.319623063277686,body,0.12884118056390434,0.5213103235902963,body,0.6302602422540076,0.8166121028698399,body,2.6620730033202564,1.062324685096246,world,3.7689089397736826,1.2529789267791787,world
rigid_low,world_only,90328,False,True,,1.0,-4.0,short,74,0.03188078640960157,0.13614060101099312,world,0.0559400919242762,0.3164564407430589,body,0.13198987459181807,0.528031173418276,body,0.6979958356096176,0.7659028403752017,body,2.7019044080152526,0.9561556706321426,world,3.840001361867762,1.1054963762845729,world
rigid_low,world_only,90329,False,True,,1.0,4.0,medium,75,0.040106710279360414,0.14102981612086296,body,0.042886743484996256,0.32472113253315915,world,0.08032139166025445,0.47224199406919065,world,0.3334167629654985,0.6251154021389084,world,2.712745368582546,0.7361900092990253,world,4.493298244815087,0.8089672075489943,world
rigid_low,world_only,90330,False,True,,1.0,1.0,short,82,0.015320687205530703,0.05380376102402806,world,0.032072982750833035,0.0720068353228271,world,0.0667777135502547,0.07957303137518465,world,0.3410045490832999,0.08835640972829424,world,2.776405271387193,0.09256700328405713,world,4.23147174934391,0.0843910829431843,world
rigid_low,world_only,90331,False,True,,1.0,1.0,medium,61,0.024315742775797844,0.05298095569014549,world,0.029502503399271515,0.06837231088429689,world,0.06234200504259207,0.07268290863721631,world,0.2907262911350699,0.0845852052574628,world,2.6711950629614876,0.08629408599299496,world,4.546205293522799,0.08847613009755151,world
rigid_low,world_only,90332,False,True,,1.0,-2.0,short,70,0.02166494500124827,0.0455718832090497,world,0.028222798241768033,0.056424335256451734,world,0.04823238342651166,0.06537168586801272,world,0.22047225218557287,0.07714122516044881,world,2.498907836434955,0.08169617566891246,world,4.027725273185061,0.08584967688511824,world
rigid_low,world_only,90333,False,True,,1.0,2.0,medium,72,0.03536759945563972,0.1511613759212196,world,0.051417247857898474,0.31270824796520175,body,0.08063140760641545,0.510561358067207,world,0.2735974257811904,0.8051065797626507,world,2.160242978786118,1.0479653530899669,world,3.7971269080787895,1.2149636618123623,world
rigid_low,world_only,90334,False,True,,1.0,4.0,short,61,0.02199537248816341,0.14354447834193707,world,0.03032216392457485,0.3156832744585699,world,0.0551026655593887,0.5212190366110008,world,0.2327137602842413,0.8100196270035668,world,2.540220378822414,1.058257009435147,world,4.165024953901302,1.225859835756928,world
rigid_low,world_only,90335,False,True,,1.0,-4.0,medium,77,0.027881417889147997,0.14717609237413853,world,0.05005415093619377,0.30734829962020743,body,0.1277286551776342,0.4152013204351533,body,0.6965374494378921,0.5422591404785635,body,2.866006146671134,0.6398344755303697,world,3.826917595657287,0.7159431499824859,world
rigid_low,world_only,90336,False,True,,1.0,-1.0,short,76,0.027604574046563357,0.06136392767075449,world,0.035583072260487826,0.0802238036179915,world,0.07736614723107778,0.0933371324907057,world,0.38731728035199925,0.09594715675339102,world,2.7814239505081786,0.09563001930946484,world,3.870768250426627,0.09781257773051039,world
rigid_low,world_only,90337,False,True,,1.0,1.0,medium,60,0.023284635040909052,0.03858333179960027,world,0.03636784966802225,0.06597534188767895,world,0.08004692338290624,0.08394443931756543,world,0.4063152962684398,0.09732040268718264,world,2.7529532128639405,0.10410882284340914,world,3.8539992672082732,0.1094544109981507,world
rigid_low,world_only,90338,False,True,,1.0,2.0,short,58,0.028717906156089157,0.050929129181895405,world,0.03479788562981412,0.08939315840834752,world,0.05798500198288821,0.10373057574615814,world,0.23270855110313277,0.0998012501600897,world,2.3785605749682874,0.09802468148700427,world,4.35848019773548,0.09706635988026392,world
rigid_low,world_only,90339,False,True,,1.0,2.0,medium,61,0.022495383862406015,0.20653382735326886,world,0.036020462308079,0.4614062044769526,world,0.06606496423482894,0.6371880154474637,world,0.28129359262529763,0.8924349921173416,world,2.5135170183260924,1.1542748961612233,world,4.473453615573235,1.3428403209015962,world
rigid_low,world_only,90340,False,True,,1.0,4.0,short,57,0.030606513668317348,0.14232952619204298,world,0.03616682033753022,0.33456300043035303,world,0.06266793955001049,0.5415376852150076,world,0.21480379916902165,0.8439360821445007,world,1.8903519038911327,1.0920194188860477,world,4.073917493256158,1.2628993356681895,world
rigid_low,world_only,90341,False,True,,1.0,4.0,medium,71,0.024686249438673258,0.12646221672184765,world,0.035491604916751386,0.33242847408400844,world,0.07067377869971098,0.4960608499328373,world,0.3228590396000072,0.6589061126913294,world,2.6168860148987734,0.7808280370190914,world,4.08421125294175,0.866397979177127,world
rigid_low,world_only,90342,False,True,,1.0,1.0,short,69,0.021959879668429494,0.07053631052258424,world,0.031376201286911966,0.07711738843936472,world,0.06655095212627202,0.06820893261465244,world,0.31438969502924013,0.06447153334738687,world,2.6689658656658137,0.06568688183033373,world,4.347294917700347,0.07280987223028206,world
rigid_low,world_only,90343,False,True,,1.0,1.0,medium,70,0.03880346065852791,0.08755746320821345,body,0.03434476214461028,0.07744581177830695,world,0.060416983999311925,0.08411286522168666,world,0.2984450037358329,0.0995196149786352,world,2.601769677863922,0.10703144605722628,world,4.100304759419523,0.11590027314552573,world
rigid_low,world_only,90344,False,True,,1.0,2.0,short,65,0.029218587093055248,0.049820265267044306,world,0.030592092324513945,0.0629592461977154,world,0.06959858243935742,0.07328441797872073,world,0.36074569744814655,0.08592542952974327,world,2.7958174820887507,0.08632163480506277,world,4.169532616432407,0.08809073728007205,world
rigid_low,world_only,90345,False,True,,1.0,-2.0,medium,75,0.017095002287533134,0.13535880990093574,world,0.0398326198454015,0.30756382463732734,world,0.09081054597045295,0.5248192616680171,world,0.5298414908669656,0.8088072455044312,body,2.613088448547933,1.0412382660386355,world,4.0718838983093155,1.2253052646042488,world
rigid_low,world_only,90346,False,True,,1.0,4.0,short,59,0.023862004512920976,0.1681311042048037,world,0.04129171655513346,0.33572124582715335,world,0.06205278956331312,0.5249070297693834,world,0.22839108158368618,0.8197213895968161,world,2.243670400616247,1.0647810858394224,world,4.115662218858488,1.2291380390258566,world
rigid_low,world_only,90347,False,True,,1.0,-4.0,medium,63,0.037587524158880115,0.13817767950240523,world,0.05440984421875328,0.2829651715699583,body,0.11068372685695066,0.4126211661146954,body,0.5541163729096297,0.5338695721933618,body,2.28402670105279,0.626781199072866,world,3.5620622165419626,0.7065791679840185,world
rigid_low,world_only,90348,False,True,,1.0,-1.0,short,77,0.026374410721473396,0.07860824489034712,world,0.036872419354040176,0.08467852557078004,world,0.054514057125197725,0.08023780514486134,world,0.21453602087276522,0.08318767955352087,world,2.3660091443758575,0.08114263208117337,world,4.046462111429428,0.0831070406352228,world
rigid_low,world_only,90349,False,True,,1.0,1.0,medium,63,0.033350216515827924,0.06919189856853336,world,0.054019950481597336,0.09741520106326788,body,0.08656244599842466,0.096568821312394,world,0.33843177962407933,0.10395226227701641,world,2.5875841141925777,0.11441274729004361,world,4.444198233085335,0.12424577244964895,world
rigid_low,world_only,90350,False,True,,1.0,-2.0,short,79,0.0189150208607316,0.07779566990211606,world,0.036029363982379436,0.07445512582780793,world,0.07112444047816098,0.06979670593864284,world,0.3428753857733682,0.08366871880716645,world,2.6399560705409386,0.09056441991851898,world,3.857329365652986,0.09530017418554053,world
rigid_low,world_only,90351,False,True,,1.0,2.0,medium,75,0.020929118327330798,0.21287819580174983,world,0.0434467300074175,0.4828591026831418,world,0.07126882761949674,0.66215795907774,world,0.26568818493396973,0.9047991369996453,world,2.2359105396462837,1.1621198248773,world,4.20061583978706,1.3463891177566256,world
rigid_low,world_only,90352,False,True,,1.0,-4.0,short,76,0.027478249452542514,0.1437762388959527,world,0.05503989836433902,0.3198759795865044,body,0.13237818750203587,0.5331542401312618,body,0.7055719895550283,0.7906519184049102,body,2.7934018776883023,0.998988569109497,world,3.7530172913201385,1.1502302847133252,world
rigid_low,world_only,90353,False,True,,1.0,-4.0,medium,65,0.03294940403429791,0.1290462496690452,world,0.05909699501935393,0.2949285410344601,body,0.13609654082683847,0.4319965093862265,body,0.7525275976804551,0.5544299219967798,body,2.8322369719593556,0.6427538192889188,world,4.001867690597429,0.7172930930927395,world
rigid_low,world_only,90354,False,True,,1.0,-1.0,short,72,0.026773567777127028,0.06485372918541543,world,0.039197573764249684,0.09738205557223409,world,0.09331096985843032,0.0985310911317356,body,0.5123689166153781,0.10561882879119366,body,2.954381925187772,0.10798569555117865,world,4.242326632344629,0.10328318631465663,world
rigid_low,world_only,90355,False,True,,1.0,1.0,medium,71,0.019416782131884247,0.06502401572652161,world,0.030852339102420953,0.06736286750528961,world,0.05937823188141919,0.07194859847077167,world,0.25465828255109957,0.08010612618963933,world,2.643412388862634,0.08402077559803728,world,4.31338950455247,0.09127822826936607,world
rigid_low,world_only,90356,False,True,,1.0,2.0,short,78,0.03129778488073498,0.06585577479563653,world,0.033330060832668096,0.08530936549650506,world,0.06019080875557847,0.09819637498585507,world,0.2966786201955983,0.10216069485177286,world,2.6823889139996027,0.10362291963538155,world,4.1379881636780915,0.11049482346716105,world
rigid_low,world_only,90357,False,True,,1.0,-2.0,medium,69,0.018441791326040402,0.17122288106475025,world,0.04843396460055374,0.3236214043805376,body,0.10521513613348363,0.526151406543795,body,0.5213750744165736,0.8214006221911404,body,2.4894176444002367,1.0720512879226591,world,3.972366796246206,1.2523120429419212,world
rigid_low,world_only,90358,False,True,,1.0,4.0,short,74,0.03226509864907712,0.11077151086647063,world,0.05210077918600291,0.3024471299955621,body,0.08422702635871246,0.5138473058817908,world,0.29539590154890905,0.7751465221110265,world,2.2683270334411647,0.9796591219084803,world,3.906402618592838,1.120785482551437,world
rigid_low,world_only,90359,False,True,,1.0,-4.0,medium,57,0.037665876909159124,0.13043504219967872,world,0.047840939927846195,0.2935970852733589,body,0.10896565332077444,0.41390580265433524,body,0.6417509799590335,0.5316793032252461,body,2.830615125864279,0.6353010131671908,world,4.034557407326066,0.722209197258926,world
rigid_low,body_world,90360,True,True,m,1.436507707360915,1.0,short,74,0.040625927271321416,0.02357589441817254,body,0.09614445413462819,0.06085481219924986,body,0.2037197153782472,0.06819798122160137,body,0.9597057722392492,0.07546929761883803,body,3.6245766777487005,0.08851508530497085,body,8.166027527002152,0.0927336395974271,body
rigid_low,body_world,90361,True,True,l,1.4256287739373548,-1.0,medium,60,0.11642328184098005,0.329494247213006,body,0.35337633509188887,1.043574558570981,body,0.5765988788567483,1.793317993171513,body,0.9531665035989134,2.7517625694163144,body,1.759879428590648,3.0331487846095113,world,2.9421570239495485,2.7317107451148326,world
rigid_low,body_world,90362,True,True,m,1.4329806398316671,-2.0,short,74,0.04146332369418815,0.4451185083016753,body,0.1681497074314393,1.2785325242206453,body,0.3545070575375575,2.2835762700997293,body,0.7908497970929602,3.9167803991120307,body,2.2319501145466347,5.302146476670169,world,5.861192378800479,4.970583599647507,body
rigid_low,body_world,90363,True,True,l,1.210563351806276,-2.0,medium,77,0.02491832128725946,0.15772652043960989,world,0.08166094629559666,0.3676227499498054,body,0.18878565623890609,0.5445244340517092,body,0.8068320299382321,0.822491649989388,body,2.884361312485998,1.0772649108766927,world,4.732908640184905,1.2667433243215782,body
rigid_low,body_world,90364,True,True,m,1.372696280105733,-4.0,short,58,0.0644587513525039,0.3928315984085202,body,0.17685606798622755,1.301580117829144,body,0.39211873478488996,2.3426245384849604,body,1.2632758508960251,3.6782988604623825,body,4.331489922179026,5.16832230410073,body,7.337685374348657,4.945847600316629,body
rigid_low,body_world,90365,True,True,l,1.2749895656307437,-4.0,medium,74,0.042704153107479215,0.11234422377310693,body,0.09036485494580118,0.3351150894071907,body,0.19193334145238622,0.4944465453969315,body,0.8054068345751147,0.676073522371007,body,2.9371279405517274,0.8169311827223282,world,4.775181257169461,0.9051059623947367,body
rigid_low,body_world,90366,True,True,m,1.3066897985826524,-1.0,short,69,0.0400739754550159,0.048668714822269976,body,0.0814848320093006,0.06013621927122585,body,0.19138057332020253,0.07052898227120749,body,0.9098075549467467,0.07153697178000584,body,3.539721917145653,0.07534685352584347,body,7.042534913036507,0.072053426518396,body
rigid_low,body_world,90367,True,True,l,1.3576619828175316,1.0,medium,62,0.031566277728416026,0.04836071652243845,world,0.06098832229617983,0.061225760361412536,body,0.1450042713084258,0.06329798301158007,body,0.699549235944869,0.06764103438326856,body,3.1333354047412287,0.07490080902862246,body,5.5404429996351245,0.08263920275698183,body
rigid_low,body_world,90368,True,True,m,1.4143053583788585,2.0,short,60,0.04735978785902262,0.06416741921566427,body,0.08847335008904339,0.06708890054142103,body,0.20380035196430982,0.07370709884562529,body,0.947268408932723,0.08258291055972222,body,3.6491778293740937,0.08075902606069577,body,8.164471802194603,0.08563189771550242,body
rigid_low,body_world,90369,True,True,l,1.3743712386074276,-2.0,medium,67,0.06631545018171892,0.16821071738377213,body,0.15547728560632096,0.45560812507756054,body,0.30842576643335634,0.7719466312322765,body,1.083900735838688,1.0434712716378272,body,2.7305713925205057,1.2594056368106976,world,5.199098296600278,1.4692719417822082,body
rigid_low,body_world,90370,True,True,m,1.5116611087725051,4.0,short,61,0.066243079258129,0.4925912097096443,body,0.1884018029551953,1.4227000802755356,body,0.3911524814320728,2.512765660881996,body,1.1180989320273511,4.230449590086938,body,3.026585314742988,5.5420809287577875,body,5.8991149842529556,5.157996573423443,body
rigid_low,body_world,90371,True,True,l,1.462891218935012,4.0,medium,69,0.06841646996326745,0.16733595554251224,body,0.17640075811650602,0.45517766728298736,body,0.33658377536339684,0.7296790015068836,body,1.1278921839257237,0.978569045139011,body,3.0861927969584944,1.2443471536505968,body,5.625878646828934,1.447320008180104,body
rigid_low,body_world,90372,True,True,m,1.6331779731038802,-1.0,short,65,0.0746130293700844,0.0308836615877226,body,0.2460413415450603,0.03819721607724205,body,0.5797614438692108,0.0402580361434957,body,2.6455462082405576,0.04313428375462536,body,6.374223569739843,0.06458766496289173,body,20.236353650374806,1.1045307373025572,body
rigid_low,body_world,90373,True,True,l,1.2018022497580947,-1.0,medium,66,0.02496363827958703,0.048425975461213966,world,0.055211324943229556,0.060803721327465615,body,0.12541024589445443,0.06517825510545663,body,0.579791419475805,0.07941670694426647,body,3.205282216280466,0.08780604240678258,body,6.0558178560971285,0.09463982538700293,body
rigid_low,body_world,90374,True,True,m,1.3280228263513763,-2.0,short,73,0.05267677683150396,0.41479676589369774,body,0.14896541432244703,1.2574123956263066,body,0.27722653122036717,2.3690872494131323,body,0.5905842863459838,3.987778333760798,body,1.8167071999268956,5.40956053333357,world,5.238712956057279,5.071153829945251,body
rigid_low,body_world,90375,True,True,l,1.308876304017658,2.0,medium,65,0.036592852033209056,0.1928793671540916,world,0.11718898242106661,0.4867239876533858,body,0.2330342183529865,0.7745438580051995,body,0.8388666051760083,1.0035164487024304,body,3.0676994589783133,1.238521707736072,body,5.458135265081073,1.4122302379347094,body
rigid_low,body_world,90376,True,True,m,1.5016949779873145,4.0,short,70,0.08195734024047852,0.45513345673680305,body,0.20231026588007808,1.4409174136817455,body,0.37455177917145194,2.6171518202871082,body,0.8718116611475124,4.180625346861779,body,2.2916455863625744,5.447908057551832,world,4.95403073346708,5.061535439891741,body
rigid_low,body_world,90377,True,True,l,1.2414565409093206,-4.0,medium,66,0.03832463698927313,0.15121022192761302,body,0.10311253417748957,0.34824440369848164,body,0.23746011076727885,0.5537647260236555,body,0.9828426651947666,0.866271657065954,body,3.1531169389520075,1.130205827052123,body,5.289252206912497,1.3195365069503897,body
rigid_low,body_world,90378,True,True,m,1.4238236120964585,1.0,short,66,0.037455182522535324,0.04788086633197963,world,0.11106461514718831,0.04691029912792146,body,0.24210286645684392,0.052248568023787814,body,1.1226178274606355,0.059674105158774186,body,3.8696087644028014,0.07344565549283288,body,8.655769648572894,0.07961121038970305,body
rigid_low,body_world,90379,True,True,l,1.2836548774066676,-1.0,medium,64,0.036182175477733836,0.0281221229233779,world,0.07820032036979682,0.04784098679665476,body,0.14986760301108007,0.06490158931119366,body,0.6661550192235155,0.0800671135308221,body,3.2370990979521594,0.0843383263942087,body,5.845470289701188,0.09349453328410164,body
rigid_low,body_world,90380,True,True,m,1.3621236417497946,2.0,short,70,0.03828596172388643,0.03980354021769017,body,0.08262062498833984,0.038741865873453206,body,0.1789748815004714,0.05023687254433753,body,0.8337875943223481,0.061371829002018784,body,3.4092884098907232,0.0731913482737582,body,6.520530652321177,0.08037805586776813,body
rigid_low,body_world,90381,True,True,l,1.3983378082528164,-2.0,medium,74,0.05206035228911787,0.1601939674001187,body,0.12077265020925552,0.37618262430187316,body,0.24411863608984274,0.5684111880022101,body,0.9642017788195517,0.8474251507490408,body,3.2483008800511017,1.1184148834174266,body,5.721541101279436,1.3087507658667163,body
rigid_low,body_world,90382,True,True,m,1.3509200717074077,-4.0,short,74,0.06882556155323982,0.5483877845108509,body,0.15673904023133217,1.5630825169384481,body,0.3077632820466533,2.6140663702040907,body,0.7896161803626456,4.269398356415332,body,2.3563660028215967,5.379438622761517,world,6.136789260611404,5.03634186959127,body
rigid_low,body_world,90383,True,True,l,1.2311925915846564,4.0,medium,58,0.03758380585350096,0.1384790437296033,world,0.09032436099369079,0.3408440644270741,body,0.1906234030262567,0.5376955655345227,body,0.7365177021652926,0.7420645828635315,body,3.0776177395746345,0.8834461322494462,body,5.050330235535512,0.9740798021700177,body
rigid_low,body_world,90384,True,True,m,1.524037917146982,-1.0,short,63,0.056067720521241426,0.038453525747172534,body,0.1672841682098806,0.05289712528465315,body,0.38499131104908885,0.06834672467666678,body,1.807133228215389,0.06538011453667422,body,5.003400379733648,0.06661945675732568,body,13.857495398647153,0.07155390743500903,body
rigid_low,body_world,90385,True,True,l,1.3531822605860213,1.0,medium,58,0.043427730503026396,0.03176586935296655,body,0.11684161842567847,0.06219046346377582,body,0.2569497035292443,0.07831190278520808,body,1.1111754195968389,0.09602588262059726,body,2.855403985733574,0.10392260933112994,world,5.1155177319416545,0.12595732795234654,body
rigid_low,body_world,90386,True,True,m,1.3095845696334245,2.0,short,61,0.028367554303258657,0.052780894679017365,world,0.05153039323631674,0.07806094525149093,body,0.12314736862899735,0.07934830643353052,body,0.6309967876470182,0.09402069329808,body,3.0511920268210817,0.11211226274608635,body,4.94476236155373,0.12149221108207713,body
rigid_low,body_world,90387,True,True,l,1.3723802328668413,-2.0,medium,61,0.10330604296177626,0.3136576688848436,body,0.3232478635385633,0.9592169730924069,body,0.5104784899041988,1.5995323329698294,body,0.790584166563349,2.3164870351320133,body,1.3535435850877549,2.5745251483167526,world,2.4134756498469505,2.369466859246604,world
rigid_low,body_world,90388,True,True,m,1.6369604542264304,4.0,short,64,0.06083403527736664,0.5152284055948257,body,0.19052002616226674,1.6658830299973488,body,0.3931471586227417,2.89289488568902,body,0.8535172860138118,4.4653826978057625,body,1.900532061094418,5.547276800312102,world,4.0494282051641495,4.865578706949018,world
rigid_low,body_world,90389,True,True,l,1.4434986184388112,4.0,medium,68,0.05393559281947091,0.17051897221244872,body,0.14513483579503372,0.3818643965758383,body,0.3051568551512901,0.5719822901068256,body,1.2043425322772237,0.8575115641695448,body,3.218296411879419,1.1398411834728903,body,6.442755928771221,1.333373487270437,body
rigid_low,body_world,90390,True,True,m,1.628686273513856,1.0,short,63,0.05554107908392325,0.03269968886161223,body,0.14207671616459264,0.0409638310840819,body,0.3236067946825642,0.046948928755591625,body,1.5316638158546994,0.057514790094865015,body,4.570857719420746,0.07054445777539514,body,14.104068022107821,0.9191062313553993,body
rigid_low,body_world,90391,True,True,l,1.4997252692437577,-1.0,medium,60,0.1637976597994566,0.33299112133681774,body,0.4428240269422531,0.9853433009237051,body,0.6720906442031265,1.7525471633300187,body,1.028214339632541,2.772571093123406,body,1.9154172324109822,3.0809642024803905,world,3.090715908128768,2.7493144781701266,world
rigid_low,body_world,90392,True,True,m,1.4793682183432437,2.0,short,56,0.03571934159845114,0.03345800086390227,world,0.09931381335482001,0.06602037865668535,body,0.21334554771892722,0.07366623405832798,body,0.9786447563441469,0.07700909898267128,body,3.4860755967558363,0.09247814941918477,body,8.386456832834519,0.10711258230498061,body
rigid_low,body_world,90393,True,True,l,1.373838534697687,-2.0,medium,80,0.11763914185576141,0.2979694805108011,body,0.3196002852637321,0.8481983962468802,body,0.5485329186776653,1.5358621298801154,body,0.8189336719107814,2.4217877860879526,body,1.4391412181837948,2.6613789910334162,world,2.616678483413998,2.4432920110924172,world
rigid_low,body_world,90394,True,True,m,1.374879786515465,4.0,short,58,0.05709944921545684,0.45203609578311443,body,0.1619222320150584,1.3086195435374974,body,0.3615499328589067,2.2978250516578553,body,1.139469080872368,3.907720916625112,body,3.5447335426171778,5.452697268081829,body,6.983232144878712,5.127363659557886,body
rigid_low,body_world,90395,True,True,l,1.2278138310881848,-4.0,medium,72,0.03970425087027252,0.09716232435312122,body,0.08024117082823068,0.28850924274884165,body,0.1916441920096986,0.4552050083060749,body,0.8706922398356255,0.6252138753450709,body,2.9721481651737123,0.7552900924769346,world,5.162260051843477,0.8480207567970501,body
rigid_low,body_world,90396,True,True,m,1.5997246997728216,1.0,short,76,0.03567461099009961,0.044025280862115324,world,0.12123744029086082,0.05184821838047356,body,0.2860549389733933,0.05396867634262889,body,1.35486396101187,0.056610281390021555,body,4.1852956749353325,0.058814581902697685,body,11.308652506166837,0.0744837304065004,body
rigid_low,body_world,90397,True,True,l,1.2083810902658325,1.0,medium,74,0.041127614298602566,0.04788317030761391,body,0.06353337312466464,0.04828889619093388,body,0.12660376594576517,0.057634239962499126,body,0.6134949002283974,0.06688885736730299,body,3.107032282830187,0.08060619135176239,body,5.048163855147722,0.08967461687439936,body
rigid_low,body_world,90398,True,True,m,1.605681322392905,2.0,short,61,0.0553688695654273,0.05513589852489531,body,0.1510534425266087,0.05711362361325882,body,0.3357560001779347,0.06055565026181284,body,1.553493591421284,0.07344918448507087,body,4.572036984574515,0.0932560530003684,body,14.753205164079555,0.4199868493448594,body
rigid_low,body_world,90399,True,True,l,1.216354811034764,-2.0,medium,60,0.029467344866134226,0.14988051308318973,world,0.07910198436584323,0.3707835608627647,body,0.1970678186393343,0.5432064964901656,body,0.8341320576320868,0.8184853296465007,body,2.813287559719174,1.082260535027308,world,4.624332117665325,1.2768216730747373,world
rigid_low,body_world,90400,True,True,m,1.3999353886758357,4.0,short,71,0.07599691394716501,0.4686098527163267,body,0.1628826517611742,1.3314790409058332,body,0.3189999377820641,2.311293289624155,body,0.9674812083365396,3.9884661260060965,body,3.3013610844151113,5.508071075519547,body,6.309967085891403,5.164513070671819,body
rigid_low,body_world,90401,True,True,l,1.3909618610188579,-4.0,medium,64,0.06209702847991139,0.1554410758544691,body,0.135255585773848,0.3690961930551567,body,0.2703695199801586,0.5574757701542694,body,1.0812217006168794,0.8465711863071193,body,3.1810369758721206,1.129579037287476,body,5.487850963243982,1.326019146447943,body
rigid_low,body_world,90402,True,True,m,1.4765881692612393,-1.0,short,72,0.049235538695938885,0.04035214055329561,body,0.1536050126189366,0.053237834176979956,body,0.3401955839362927,0.05487108349334449,body,1.560729252366582,0.06904415017925203,body,4.442181179954787,0.06534152570893638,body,10.577285128050717,0.0626552351488499,body
rigid_low,body_world,90403,True,True,l,1.2287348099119875,1.0,medium,60,0.03300471685361117,0.04845850053243339,world,0.05478678764775395,0.05572759206406772,body,0.11522117094136775,0.07668428961187601,body,0.541077389405109,0.08504875323269516,body,3.1091834607650526,0.09185781879350544,body,5.6581469012470915,0.10410663087852298,body
rigid_low,body_world,90404,True,True,m,1.5959684874168683,-2.0,short,61,0.10283564683049917,0.5005381293594837,body,0.2151973112951964,1.5160474605858325,body,0.37106507623102514,2.6991699907928703,body,0.7743989524315111,4.407580110616982,body,1.7208351024368314,5.620074376184493,world,4.54717423554277,5.083464940991253,world
rigid_low,body_world,90405,True,True,l,1.4263406910614387,-2.0,medium,77,0.1435596994124353,0.314626925624907,body,0.3709109231829643,0.9360501946881414,body,0.5755876864306628,1.5118415550328792,body,0.9165872949641198,2.3688581951428205,body,1.5424305532826108,2.6045239901402963,world,2.6259956442099064,2.4156318906042724,world
rigid_low,body_world,90406,True,True,m,1.5761825745829299,-4.0,short,68,0.07260807743296027,0.4880051501095295,body,0.18361998652108014,1.3484781853854657,body,0.3336470413021744,2.5055577795952555,body,0.8190080558415502,4.3460098577663295,body,2.1957722109043973,5.630283164512366,world,5.399341205442324,5.199279865119606,body
rigid_low,body_world,90407,True,True,l,1.3075505965528191,-4.0,medium,60,0.05254754307679832,0.14728496028692462,body,0.1091545389033854,0.3476994974596891,body,0.25692341411486264,0.5479902587263495,body,0.9934732589405031,0.856884476776031,body,3.2286797867855057,1.1337703981324012,body,6.118875024085864,1.3282133574965702,body
rigid_low,body_world,90408,True,True,m,1.5508532757037867,1.0,short,74,0.04085504019167274,0.05527317937230691,body,0.11050711035495625,0.05083859980804846,body,0.26828806816483847,0.05903513540397398,body,1.2750122441299028,0.06584796171810012,body,4.225592739057902,0.0739510095474543,body,11.767389896183158,0.08045827669790015,body
rigid_low,body_world,90409,True,True,l,1.386472676208235,1.0,medium,62,0.036663577251601964,0.0453080601291731,world,0.095741383836139,0.0462168825295521,body,0.19324967503198423,0.05644048781105084,body,0.8953642088250491,0.06533937707936274,body,3.442958709098457,0.07363828877678316,body,7.046268832036876,0.08053304070301237,body
rigid_low,body_world,90410,True,True,m,1.305798982810204,2.0,short,73,0.0259596542455256,0.034807258809451014,world,0.052033304885844706,0.046329739096108824,body,0.12029084865789627,0.05339434819179587,body,0.578371606789733,0.06043380236988014,body,3.161633678909493,0.06219399207202514,body,6.023053790782432,0.07038692934649589,body
rigid_low,body_world,90411,True,True,l,1.201605261104429,-2.0,medium,64,0.033473149756900966,0.20335767464712262,world,0.08202544829109684,0.49671645346097654,body,0.18453678854857572,0.7510311061283573,body,0.8355633220315212,0.9599674206518101,body,2.7711841120690224,1.2017056578519258,world,4.001268504460459,1.4049824364464438,world
rigid_low,body_world,90412,True,True,m,1.6785527327767333,-4.0,short,66,0.08771292911842465,0.5586061365902424,body,0.18887932901270688,1.5680082760751248,body,0.32361339072231204,2.749703764542937,body,0.7453926461865195,4.589065403304994,body,1.7498034187185114,5.78395222639665,world,5.0436244531930425,5.198547702810028,body
rigid_low,body_world,90413,True,True,l,1.497413653722908,4.0,medium,68,0.06367396359564736,0.12920132494764403,body,0.17092167109949516,0.31478275599656624,body,0.3853598116140347,0.5233992868743371,body,1.4265086443716426,0.817789920893847,body,3.159757185394119,1.0682607999347966,body,5.886177332118969,1.2320475463493494,body
rigid_low,body_world,90414,True,True,m,1.6384059842206313,-1.0,short,67,0.07842825597617775,0.026546076929662377,body,0.2295780997024849,0.038280102924909444,body,0.5565785949700512,0.039843339740764344,body,2.523747075611027,0.04805027563270414,body,6.208402175214723,0.07863246686101774,body,19.591458013259107,1.178383707033645,body
rigid_low,body_world,90415,True,True,l,1.4445958942354706,1.0,medium,61,0.040914520737715065,0.018145135138183832,body,0.0920636567985639,0.0429878248134628,body,0.20187408271012827,0.04879624418681487,body,0.9427679817134048,0.06613904841360635,body,3.583770911346073,0.08186346475122264,body,7.975525676886319,0.09473760375578422,body
rigid_low,body_world,90416,True,True,m,1.4228738912776615,-2.0,short,70,0.046375935431569815,0.36228492902591825,body,0.15740581722930075,1.0993150348542258,body,0.35450604851357637,2.0522790673072446,body,1.0809385590953753,3.5084371804667174,body,2.9248108559637327,4.7339354064053625,world,6.336543615176343,4.5391196782106995,body
rigid_low,body_world,90417,True,True,l,1.412003609654068,-2.0,medium,63,0.12656698806677014,0.3474722933024168,body,0.3594662879826501,0.9940260913223029,body,0.5551364346523769,1.5603099426254632,body,0.9094338094408159,2.4143216299824415,body,1.547428810110432,2.6239042682107536,world,2.6203352622233798,2.4405947112850845,world
rigid_low,body_world,90418,True,True,m,1.6633408277228265,4.0,short,65,0.07551804347895086,0.45726856403052807,body,0.2352607888635248,1.396298747882247,body,0.42509642883669585,2.550733703188598,body,0.935513693455141,4.274821072723716,body,2.052872261585435,5.578945910884068,world,5.1059759246534675,5.048848536126316,body
rigid_low,body_world,90419,True,True,l,1.4868039659450991,-4.0,medium,75,0.07936590583994985,0.16578591549478006,body,0.21087079932913186,0.4367641926830401,body,0.4089753775391728,0.6470098778474493,body,1.642252658237703,0.9027436277385277,body,4.0887980371364385,1.1897370009824955,body,9.459573636190033,1.4106325374041626,body
rigid_low,body_world,90420,True,True,m,1.5449902128447706,1.0,short,63,0.04276057216338813,0.04689966992009431,body,0.10216958463424816,0.05359957575565204,body,0.24211321666953156,0.05990661539835856,body,1.1575484590983252,0.06761125459743197,body,3.941642658897035,0.07578270682279253,body,9.550294468596693,0.08750493490544614,body
rigid_low,body_world,90421,True,True,l,1.3429074718778478,1.0,medium,68,0.033196943666553125,0.03590166725916788,world,0.09015709696686827,0.043235707643907516,body,0.1795749417244224,0.05168199833133258,body,0.7902025369330659,0.06532673214969692,body,3.2395004710815556,0.07996793689526385,body,5.376959609712649,0.0888903441336879,body
rigid_low,body_world,90422,True,True,m,1.4859152920245902,2.0,short,56,0.05420235375640914,0.035833422385621816,body,0.12915803821524605,0.06113052900182083,body,0.2933928718499374,0.07235985998413526,body,1.3254071718867635,0.09402866389427801,body,3.5544444646147895,0.1133682737709023,body,7.6951482213818245,0.13208682836178923,body
rigid_low,body_world,90423,True,True,l,1.4537628318674107,-2.0,medium,61,0.12174011953175068,0.31792233046144247,body,0.39430079963058234,0.9186552111059428,body,0.6348430952988565,1.6456396309658885,body,0.9600124283228069,2.483771502505988,body,1.6914838682161644,2.764930290589109,world,2.8670371924061326,2.5030476176552474,world
rigid_low,body_world,90424,True,True,m,1.5039422662674549,-4.0,short,72,0.07391811162233353,0.5639487020671368,body,0.17172548919916153,1.5533271931111812,body,0.2847174779977649,2.647515834495425,body,0.6062031641835347,4.45687368568033,body,1.2901062836986967,5.648116058390588,world,3.563141991388984,4.915149937346578,world
rigid_low,body_world,90425,True,True,l,1.484051795950852,4.0,medium,66,0.054326176876202226,0.15097649971721694,body,0.15745244482532145,0.37190405490109696,body,0.31090746584814044,0.5634507963026407,body,1.2066472937702202,0.8524018723081098,body,3.3192947257484775,1.1316309420231847,body,7.0984843453834765,1.3105614674242678,body
rigid_low,body_world,90426,True,True,m,1.499613542769097,-1.0,short,68,0.04396775196073577,0.03794892906444147,body,0.12088049649028107,0.06957289102720096,body,0.27163879423751497,0.07742645952966995,body,1.2495660506159765,0.09094874376023654,body,3.9439353708163254,0.08358359112098697,body,9.228203793912545,0.08964126646780642,body
rigid_low,body_world,90427,True,True,l,1.2434438593395136,1.0,medium,67,0.034068197826854885,0.02569291030522436,world,0.07054498780053109,0.06437811809591948,body,0.1388164386502467,0.06816937741823495,body,0.6185596382420044,0.08017112121451646,body,3.0682221847673645,0.08918484900932526,body,4.975753787945723,0.08916519434962539,body
rigid_low,body_world,90428,True,True,m,1.5747146197091175,2.0,short,64,0.04410627292236313,0.057669162983074784,body,0.11645988019881769,0.05533122336491943,body,0.27122081396519204,0.06071799853816629,body,1.2171161340986145,0.07366704843589104,body,3.6872570116756833,0.08660754324228037,body,7.610433153462945,0.1045007591607282,body
rigid_low,body_world,90429,True,True,l,1.4646053079069046,-2.0,medium,67,0.1460433518514037,0.31749708764255047,body,0.37042495170608164,0.9043114520609379,body,0.6182416625786573,1.5805551674216987,body,0.9354459806578235,2.4875607552006844,body,1.6596874890499747,2.796994975116104,world,2.771244211257435,2.5321941894665363,world
rigid_low,body_world,90430,True,True,m,1.6725099978259204,-4.0,short,62,0.09172725398093462,0.5133641734719276,body,0.22216765144839884,1.589599086344242,body,0.3631000576075166,2.7893251337111,body,0.7219051159219816,4.419255227223038,body,1.6080430832342243,5.623298027925193,world,3.647222344004549,4.91427011650987,world
rigid_low,body_world,90431,True,True,l,1.3236542402011626,-4.0,medium,67,0.04841747717000544,0.12111273559276015,body,0.11961469582747669,0.321183407609351,body,0.256355178670492,0.5360032822936773,body,0.9976000812544954,0.8277213378984015,body,3.254927353406674,1.0558133780199568,body,5.792653335196665,1.220194461120991,body
rigid_low,body_world,90432,True,True,m,1.3642720743548598,-1.0,short,61,0.03549365990329534,0.037722301902249455,world,0.0808885155012831,0.0672336798044853,body,0.17491286386502908,0.07223365547251888,body,0.8010993057338054,0.07510759799915831,body,3.4164542023761895,0.07001193835458253,body,6.7343344836204775,0.07152166277315701,body
rigid_low,body_world,90433,True,True,l,1.3743791243103016,-1.0,medium,77,0.033297047310043126,0.05137513886438683,world,0.08394271022407339,0.06472995522199199,body,0.18692266716971062,0.06786891233059578,body,0.8639436652854784,0.07659671169531067,body,3.362240993882006,0.07943052803966566,body,6.371933655700996,0.08206838874117238,body
rigid_low,body_world,90434,True,True,m,1.4747028802268096,2.0,short,62,0.04872340173460543,0.04354944912483916,body,0.08526529727969319,0.049227590067312116,body,0.1957177422591485,0.057762289221864195,body,0.9365687593643088,0.06794210894440766,body,3.5786637782963227,0.08979308264679275,body,8.019251480099047,0.09758752992958762,body
rigid_low,body_world,90435,True,True,l,1.3038106075252267,-2.0,medium,60,0.03806961257942021,0.151436271116836,body,0.0816601449623704,0.3540622431959491,body,0.21594356899149714,0.5325447058625287,body,0.9781805571401492,0.8133899600754376,body,2.9390102537465284,1.0760704638370953,world,4.860230932910927,1.2770567094007856,body
rigid_low,body_world,90436,True,True,m,1.6168586909623586,4.0,short,79,0.0683620274066925,0.49790700897574425,body,0.2008432182483375,1.4381950519979,body,0.377784066228196,2.6008919086307287,body,0.890536275669001,4.363328862003982,body,2.2149633434484715,5.619963787030429,world,4.562507587033323,4.875722079582047,world
rigid_low,body_world,90437,True,True,l,1.3291113567705524,-4.0,medium,77,0.05263430462218821,0.14893638342618942,body,0.14894286897033454,0.33094476321712135,body,0.28923260238952936,0.5491123605926987,body,1.1111907326849177,0.8521280715445755,body,3.383627100160811,1.0982989589087084,body,6.428000651434996,1.2741815687736744,body
rigid_low,body_world,90438,True,True,m,1.329008599029527,-1.0,short,80,0.027538517955690622,0.07019356242381036,world,0.06040847583208233,0.06609839026350528,body,0.14415870477678255,0.0713206161162816,body,0.6635914529731963,0.07343202175397892,body,3.230206091844593,0.07841105960396817,body,5.7984543267462865,0.08192546287435107,body
rigid_low,body_world,90439,True,True,l,1.445391509411858,1.0,medium,66,0.04314889817032963,0.03245833283290267,body,0.07120262999087572,0.043095828802324834,body,0.12304297373630105,0.051209753367584196,body,0.5675248861545696,0.059243849263293666,body,3.0912197988596746,0.0648302932298975,body,6.408023629714735,0.08517268131836317,body
rigid_low,body_world,90440,True,True,m,1.5564106744089927,2.0,short,74,0.029451695387251675,0.028671609761659056,world,0.1061434879200533,0.03941392627311871,body,0.2325361791648902,0.05161775781889446,body,1.0673326332413127,0.05942067255091388,body,3.601146883112961,0.07282919957433479,body,9.99283423556597,0.08731292175740235,body
rigid_low,body_world,90441,True,True,l,1.3070596772413094,2.0,medium,71,0.09375168301630765,0.31049934960901737,body,0.2669717486249283,0.983806749805808,body,0.39192068033153193,1.7325139662250877,body,0.6215564563695807,2.601639952044934,body,1.1189312585076552,2.851710553606972,world,2.1993190524878448,2.605174433197826,world
rigid_low,body_world,90442,True,True,m,1.6269524228642334,4.0,short,74,0.08276124345138669,0.5214629136025906,body,0.17257198728621007,1.6107514686882496,body,0.3494039380457252,2.865915847197175,body,0.7569698431296275,4.502518309839069,body,1.7748251843848266,5.53412222834304,world,3.159119838406332,4.809792700493708,world
rigid_low,body_world,90443,True,True,l,1.378277312801848,-4.0,medium,72,0.05344923434313387,0.1323004229925573,body,0.1416802461259067,0.3272088707220973,body,0.28472870104014875,0.5199543234150041,body,1.0872416896745563,0.748512726950139,body,3.300989969540387,0.9106788178996795,body,5.977022457048298,1.0233099950036557,body
rigid_low,body_world,90444,True,True,m,1.453510197141481,1.0,short,71,0.019395170122152194,0.051489545265212655,world,0.07434805279481224,0.060681358841247854,body,0.17894817843043712,0.06384482993744313,body,0.8378375375221366,0.07254284415685107,body,3.4688910824035704,0.07287554592912784,body,7.201656017779314,0.07927972208999563,body
rigid_low,body_world,90445,True,True,l,1.3665797638238526,-1.0,medium,62,0.0935812524985522,0.27145098336040974,body,0.2887177988421172,0.8620827440172434,body,0.4636029795045033,1.6125649088993668,body,0.7066979668219573,2.4625961068086326,body,1.302458839729661,2.700538417743519,world,2.33662730867276,2.4510277501679956,world
rigid_low,body_world,90446,True,True,m,1.33490869903924,-2.0,short,64,0.039181288331747055,0.034264240064658225,body,0.10128749269060791,0.05494637610390782,body,0.209603402367793,0.05322001353633823,body,0.9529736939701251,0.06552236235656893,body,3.767887536616763,0.07993719030673674,body,8.646760033739264,0.08607199187521473,body
rigid_low,body_world,90447,True,True,l,1.360545744961593,2.0,medium,71,0.11429417575709522,0.29341805167496204,body,0.3084519579540938,0.9652165859937668,body,0.4461817070608959,1.751421284675598,body,0.7136232151533477,2.670454984903335,body,1.3026262712141032,2.9354055037721993,world,2.374136938692536,2.6568923737108707,world
rigid_low,body_world,90448,True,True,m,1.3926898559008811,4.0,short,79,0.06837734580039978,0.463537210598588,body,0.1859556400217116,1.3059478383511305,body,0.35075869609136134,2.2650571664795276,body,1.0572864303481766,3.729909541737288,body,3.365435566945234,5.401958144223317,body,6.4717947325878775,5.157868118435145,body
rigid_low,body_world,90449,True,True,l,1.4996288562259714,4.0,medium,69,0.09371804026886821,0.12233269191347063,body,0.313801576429978,0.3399925124365837,body,0.7110410693800078,0.5503770523238927,body,2.6116078846971504,0.8299195519415662,body,4.426812201779104,1.0709206905798054,body,6.722525997885969,1.2092045983299613,body
rigid_low,body_world,90450,True,True,m,1.6497126455801099,-1.0,short,68,0.06952445325441658,0.3160416844766587,body,0.24497383208945395,1.0110741825308651,body,0.517249984620139,1.82892821963178,body,1.6359172120923176,3.110557121486636,body,3.9203763794270348,4.488781795222894,body,7.239878163640387,4.504945454519475,body
rigid_low,body_world,90451,True,True,l,1.4011624978174013,-1.0,medium,69,0.0992344522383064,0.2937024082057178,body,0.29049550606869157,0.8045555521268398,body,0.5353011824889109,1.4503815367119386,body,0.9729333574301564,2.5419931628392076,body,2.2448023647244555,3.0715715311758682,world,3.7437855848739856,2.8586371432361197,world
rigid_low,body_world,90452,True,True,m,1.3459971515369575,2.0,short,75,0.029718739562667906,0.04612606845330447,world,0.0555682307574898,0.05546260823030025,body,0.1292783852433786,0.05559848197735846,body,0.6261415338027292,0.0593008544848999,body,3.2272647979611064,0.06340885472964147,body,6.187363922109362,0.0708412183044129,body
rigid_low,body_world,90453,True,True,l,1.3128410648573021,-2.0,medium,60,0.1191949974745512,0.36270876694470644,body,0.28459582654759286,0.9065993696451187,body,0.4524848811794072,1.392143047787249,body,0.7149660287657753,2.2496478968299924,body,1.1787327833590098,2.3734797969926147,world,2.1605815780954436,2.2540757527574895,world
rigid_low,body_world,90454,True,True,m,1.4532800695650452,4.0,short,80,0.07560569746419787,0.44856710359454155,body,0.18278482323512435,1.3714418955147267,body,0.35298577388748525,2.532659878209233,body,0.9083879847545175,4.079597658850252,body,2.446351529355161,5.496187113691121,world,4.92739460366778,5.105684756264091,body
rigid_low,body_world,90455,True,True,l,1.4639866887179158,4.0,medium,63,0.08479245705530047,0.15425473835784942,body,0.1998357783071697,0.367632433201652,body,0.4239510257728398,0.5582303495670203,body,1.6736909434664993,0.855169915271108,body,3.7492358470568434,1.1486553694368922,body,8.19017019876279,1.3343845835776302,body
rigid_low,body_world,90456,True,True,m,1.437503394575647,1.0,short,71,0.030672790395328775,0.08263560896739364,world,0.08646958761964924,0.06703945127810584,body,0.20211775476636828,0.0733014638080931,body,0.9652470114946482,0.07769214842610381,body,3.7866015115439953,0.07765077090834893,body,9.21347586548567,0.08115776176546205,body
rigid_low,body_world,90457,True,True,l,1.433005966120608,-1.0,medium,79,0.06629675440490246,0.03480090317316353,body,0.1857300652191043,0.03913280018605292,body,0.4278001393191516,0.047781881783157586,body,1.9621382848825306,0.06464447859907524,body,5.015208263765089,0.09064235662444844,body,11.485105887083336,0.1164695979867247,body
rigid_low,body_world,90458,True,True,m,1.5714723561915191,-2.0,short,75,0.07645637867972255,0.5167063623666763,body,0.19387974217534065,1.5622922763228417,body,0.3579170603305102,2.6940757282078267,body,0.6865458558779209,4.418406381830573,body,1.6377189655322582,5.600479909591376,world,4.012497647460551,5.048572077474091,world
rigid_low,body_world,90459,True,True,l,1.423809978213943,-2.0,medium,75,0.1513675833120942,0.35220502875745296,body,0.41191667262464765,1.001223987713456,body,0.5937222745269537,1.63453807849437,body,0.9486047005280852,2.4298464336432515,body,1.6027431373484433,2.6961052715312688,world,2.7042444405332207,2.458206781055778,world
rigid_low,body_world,90460,True,True,m,1.501503010941712,-4.0,short,65,0.08242162875831127,0.5173875130712986,body,0.21698195333592596,1.5424580045044423,body,0.35028951198328284,2.675514190271497,body,0.7865069607854822,4.3417999314144256,body,1.817600763431983,5.592673004511744,world,4.692191288929899,5.116179794566706,world
rigid_low,body_world,90461,True,True,l,1.4979893620177673,-4.0,medium,68,0.07940442045219243,0.11010834760963917,body,0.25276790210045874,0.29549616859294475,body,0.5576486249687149,0.49814813353004866,body,2.1877382359118203,0.7566984678298467,body,4.91392432556604,0.9627998382668009,body,11.555170423809905,1.10508121320745,body
rigid_low,body_world,90462,True,True,m,1.32405485767968,-1.0,short,61,0.023678452474996448,0.039824614992539864,world,0.07413235686253757,0.04867344839585712,body,0.16948518579592928,0.05114977388220723,body,0.7611322804063093,0.05778556530676725,body,3.389413322447217,0.07016213374135986,body,6.494231482719769,0.0699691512449499,body
rigid_low,body_world,90463,True,True,l,1.2959566174498844,1.0,medium,60,0.05679027200676501,0.02657525730319321,body,0.07688130368478596,0.04434893497964368,body,0.1482745346962474,0.05552132961456664,body,0.6629595671722199,0.06029960901651066,body,3.088777542809839,0.06799764087190852,body,6.132113547007321,0.08093785948192816,body
rigid_low,body_world,90464,True,True,m,1.5484915809048363,-2.0,short,68,0.07215393986552954,0.5261364094913006,body,0.18291668146848677,1.5457408539950848,body,0.3353703183587641,2.698526380583644,body,0.6806648834375665,4.438812067173421,body,1.4405120007577352,5.370606574695557,world,2.775940374075435,4.640911726504564,world
rigid_low,body_world,90465,True,True,l,1.428408630737959,-2.0,medium,69,0.14450352173298597,0.32662441208958626,body,0.3784503750037402,0.9893060512840748,body,0.5878088208613917,1.6637805964797736,body,0.9699975773110054,2.603294371627271,body,1.6712506145879162,2.880858801398426,world,2.7421342551964334,2.6268635680899024,world
rigid_low,body_world,90466,True,True,m,1.3278826334953207,4.0,short,72,0.05008652061223984,0.37465956481173635,body,0.15281203677877786,1.0984008972533048,body,0.33365232117939736,1.8300228545907884,body,1.171687328896951,2.9946761504979804,body,3.7479794094280807,4.136388187168632,body,8.467349628333467,4.431049494431354,body
rigid_low,body_world,90467,True,True,l,1.224242705022093,-4.0,medium,67,0.057345455046743155,0.12579600815661252,body,0.12112199617549778,0.3432258872780949,body,0.2520503069739789,0.5600365482037888,body,0.9815172252943739,0.870175741656567,body,3.0862536811153403,1.1200962938120937,body,5.157487340602092,1.3011697777704103,body
rigid_low,body_world,90468,True,True,m,1.377155487281401,1.0,short,65,0.037931911763735116,0.051283406966831535,world,0.08597658353392035,0.06654290666338056,body,0.17192787557141856,0.06708169509656728,body,0.7893443490902428,0.0639029792015208,body,3.431723319532466,0.06514364043050591,body,7.473973305142717,0.06924689483894327,body
rigid_low,body_world,90469,True,True,l,1.2775926055522053,-1.0,medium,67,0.0708239187952131,0.25619602482765913,body,0.20908321705646812,0.7333998564630746,body,0.35247339971829206,1.4016938274726272,body,0.6090370411635376,2.285707600135356,body,1.021819591644453,2.5214901027735324,world,1.7530866659549065,2.3177319447509945,world
rigid_low,body_world,90470,True,True,m,1.5219750255884492,2.0,short,70,0.031181666417978704,0.06289110134821385,world,0.09584239737596363,0.07903018426150084,body,0.19845009370474145,0.08899722881615163,body,0.8753553933172952,0.09236447142902762,body,3.1272614021407206,0.09550678818777669,body,7.327535476855701,0.11123741153511219,body
rigid_low,body_world,90471,True,True,l,1.2543795609592172,2.0,medium,63,0.08661014097742736,0.37334463372826576,body,0.2328267764300108,1.0643096400424839,body,0.3497570269741118,1.7464438076131046,body,0.5726316352840513,2.44892815570347,body,1.0401266868924721,2.678338945633732,world,1.9966247561480852,2.483843034571037,world
rigid_low,body_world,90472,True,True,m,1.523888147333015,4.0,short,77,0.06163632764946669,0.4925999976694584,body,0.20411934203002602,1.4514661364257335,body,0.399856835056562,2.543614658340812,body,1.0305408396350686,3.998363444767892,body,2.792033095125225,5.43063940955326,world,5.410239473666298,5.050538142761216,body
rigid_low,body_world,90473,True,True,l,1.4189126139922845,-4.0,medium,63,0.07974193815607578,0.10608648473862559,body,0.2237971906084567,0.29769565029419026,body,0.4708728694589809,0.4715050936938497,body,1.8149474550620652,0.6725201455425122,body,4.338077254063682,0.8194093202073418,body,9.758629216935951,0.9066188950871583,body
rigid_low,body_world,90474,True,True,m,1.3393605416224226,1.0,short,80,0.024956589040812105,0.04204877698794007,world,0.06467471515061335,0.05934258691268042,body,0.14651769693591632,0.05629056624893565,body,0.7207811935601058,0.06258879536035238,body,3.294453271794191,0.06409615429802215,body,6.286387261874625,0.062391306456702295,body
rigid_low,body_world,90475,True,True,l,1.4134205728523153,1.0,medium,66,0.034380471566691995,0.040423259197268635,world,0.06305843810550868,0.04860505764372647,body,0.1464387063169852,0.04518143753521145,body,0.6726126808323897,0.0490865486470284,body,3.1744414506305474,0.05575549561472144,body,6.119577168964315,0.07169655144447461,body
rigid_low,body_world,90476,True,True,m,1.3814810158500825,-2.0,short,70,0.058508084912318736,0.036233786144293845,body,0.10256243363255635,0.04945547662209719,body,0.21798434870433994,0.06024529794231057,body,0.9640718306327472,0.06756937713362277,body,3.6947261606765096,0.06606073066504906,body,7.997245888317121,0.06964384976396104,body
rigid_low,body_world,90477,True,True,l,1.4674729887667173,2.0,medium,78,0.14504817489068955,0.34277188032865524,body,0.39781952963676304,1.029219037294388,body,0.6033048882032744,1.7526725053787233,body,0.9825084102747496,2.695330055803061,body,1.7581668118684317,3.014152478054166,world,2.881447849002434,2.7138805264979604,world
rigid_low,body_world,90478,True,True,m,1.5027032697774165,4.0,short,80,0.07036553253419697,0.5331218168139458,body,0.1566553785931319,1.4841488733887673,body,0.30896132211200894,2.5562166146934033,body,0.797124889283441,4.303322192654013,body,2.357802165101748,5.569025811739266,world,4.5328215539036325,5.039843913044315,world
rigid_low,body_world,90479,True,True,l,1.3850046666885212,-4.0,medium,66,0.05012368317693472,0.10754870378877968,body,0.15952017405070362,0.3098412491497584,body,0.32621682991739365,0.5181847341766115,body,1.2437215685728007,0.772273518666043,body,3.6036348417343107,0.9627293373807333,body,6.885391956565436,1.0905541779485064,body
rigid_low,calib,90480,False,False,,1.0,0.0,,64,0.03379503870382905,0.07620586990378797,world,0.036971998331137,0.06868863311829046,world,0.07528947027167306,0.06776376364869066,world,0.38236930590937845,0.07441565647313837,world,2.8148403011116896,0.07743337202555267,world,3.9777008797170126,0.08156339670618763,world
rigid_low,calib,90481,False,False,,1.0,0.0,,76,0.02982152288313955,0.05918852402828634,world,0.04012356353923679,0.0839688470470719,world,0.07724656302016228,0.07131290680263191,world,0.34915968320565305,0.06594314959947951,world,2.797507269267226,0.06775960691666115,world,4.734439034594688,0.07183302544493927,body
rigid_low,calib,90482,False,False,,1.0,0.0,,79,0.02053400973090902,0.028410960629116744,world,0.0423235593480058,0.06906707399757579,world,0.09314077273593284,0.07513196026557126,body,0.4363892529421719,0.07854357269534376,world,2.7344967312310473,0.08308207245863741,world,4.041044551828527,0.0808298351551639,world
rigid_low,calib,90483,False,False,,1.0,0.0,,70,0.019967475556768477,0.041637496557086706,world,0.0333175792475231,0.06284499180037528,world,0.06380190463387407,0.0718882842338644,world,0.2926130181207554,0.07666814868862276,world,2.470953582601214,0.08126980899542105,world,3.8758383080369097,0.08618073004239704,world
rigid_low,calib,90484,False,False,,1.0,0.0,,69,0.03115165699273348,0.06742148497141898,world,0.041068672249093656,0.07275937676895411,world,0.08401890101376921,0.07329719479894266,world,0.41360467049526045,0.07317913782899269,world,2.830148445867235,0.07933087891724426,world,4.231268913468812,0.07568243470137531,world
rigid_low,calib,90485,False,False,,1.0,0.0,,78,0.02912725752685219,0.08511067018844187,world,0.03204837311059237,0.07447823520051315,world,0.06013199707958848,0.07099185707629659,world,0.3088342437171377,0.07088795813760954,world,2.7247845873993355,0.07297973225722672,world,4.008304348469247,0.07778941907381523,world
rigid_low,calib,90486,False,False,,1.0,0.0,,79,0.02034987969091162,0.054164998058695346,world,0.026498327741865068,0.07150782301323488,world,0.05210006293491461,0.08426390004460699,world,0.246428750504856,0.08624041015573311,world,2.539573857864889,0.0913768320941017,world,4.741264775070013,0.09614598786691203,body
rigid_low,calib,90487,False,False,,1.0,0.0,,74,0.023180325631983578,0.040111371548846364,world,0.03236971984151751,0.07118807671940885,world,0.0670244502951391,0.06891120038635563,world,0.34005527855479156,0.06609468942770036,world,2.798125736534712,0.06818996546862763,world,4.215325073051499,0.06913610362826147,world
rigid_low,calib,90488,False,False,,1.0,0.0,,62,0.029227750608697534,0.03600350990018342,world,0.03329014567425474,0.06930290470190811,world,0.06719441539025865,0.08332825146062534,world,0.34024948598525956,0.0889777413867705,world,2.6774739421423877,0.0978079017750133,world,4.181720380763872,0.09447541839574115,world
rigid_low,calib,90489,False,False,,1.0,0.0,,65,0.018474994460120797,0.06214322673622519,world,0.03178316536359489,0.10837347105843947,world,0.056896232906728975,0.10697002267115749,world,0.2575818466022611,0.10181310408806893,world,2.4923488882370295,0.10253125562885543,world,4.39837915416807,0.09815707874164219,world
rigid_low,calib,90490,False,False,,1.0,0.0,,70,0.023997078416869044,0.052533255657181144,world,0.038333387183956805,0.058605289994739,world,0.07449188582831993,0.06658781382138841,world,0.36553652601432984,0.06915267108997795,world,2.761469242061139,0.07309769922685519,world,4.20180880192318,0.0757244921081292,world
rigid_low,calib,90491,False,False,,1.0,0.0,,63,0.030593702918849885,0.051186840573791414,world,0.04019183337222784,0.0609702548594214,world,0.06928136606002228,0.06136029814369977,world,0.3450630846491549,0.06499033873551525,world,2.6986001701588975,0.06789656299406488,world,4.272159048077883,0.06819372591984574,world
rigid_low,calib,90492,False,False,,1.0,0.0,,66,0.030911145848222077,0.04790634661912918,world,0.031988301419187334,0.06362029713345692,world,0.055464125872822484,0.07380435092491097,world,0.25392544247733895,0.07046113786927889,world,2.571652412491676,0.07594555269752164,world,3.988594178737258,0.07699601632106351,world
rigid_low,calib,90493,False,False,,1.0,0.0,,80,0.029734014184214175,0.06622387492097914,world,0.04256858774460852,0.07515470503130928,world,0.08707020536530763,0.08820106067578308,world,0.41863055700669066,0.09168806652596687,world,2.8496497915417422,0.08489364595588995,world,4.154068526525516,0.0853189119779563,world
rigid_low,calib,90494,False,False,,1.0,0.0,,79,0.027271533734165132,0.05878364678937942,world,0.037212214525789024,0.06730345087125897,world,0.07827043863944709,0.06509269862435758,world,0.4032557656755671,0.07554187875939533,world,2.905586960434448,0.07946291745756753,world,4.50583922337275,0.07781634238548576,world
rigid_low,calib,90495,False,False,,1.0,0.0,,75,0.03499590398860164,0.08697751024737954,world,0.04689878144417889,0.08628286193124951,body,0.09064195050450506,0.09801148751284927,world,0.4279587475190056,0.10404080204607453,world,2.7616498372321074,0.09856707103026566,world,4.0281852232958775,0.09979895741154905,world
rigid_low,calib,90496,False,False,,1.0,0.0,,76,0.034232427715323865,0.08334880578331649,world,0.04312398049514741,0.08077190772164614,world,0.07613785919966176,0.07460099781164899,world,0.3237380116072017,0.06691721630995745,world,2.4787311164807764,0.06789738658662828,world,4.288781834474066,0.06711083896225319,world
rigid_low,calib,90497,False,False,,1.0,0.0,,68,0.021891330601647496,0.054520025849342346,world,0.031806045514531436,0.08253924708114938,world,0.05914679396664724,0.08270568153238855,world,0.2602806614188012,0.08391040879359934,world,2.5414479845872844,0.08493776344985235,world,4.582861967448844,0.08634337719646283,world
rigid_low,calib,90498,False,False,,1.0,0.0,,70,0.024357932445127517,0.06410732318181545,world,0.03372960177948699,0.08066599268931895,world,0.0695055376214441,0.08554655676707625,world,0.34593237528752074,0.08479597226832994,world,2.726331210053468,0.08721131023194176,world,4.039580447621993,0.08862238720692403,world
rigid_low,calib,90499,False,False,,1.0,0.0,,79,0.0230716165388003,0.04820650699548423,world,0.03582295863889158,0.05954683485324495,world,0.07373519183602184,0.06258643196197228,world,0.3959051919053309,0.07073886154685169,world,2.864372534531867,0.07670374170775177,world,4.305265385301318,0.08286591938438505,world
rigid_low,calib,90500,False,False,,1.0,0.0,,72,0.018461328116245568,0.02737358200829476,world,0.03191115187946707,0.0703832914121449,world,0.06441372948465869,0.07064930513151921,world,0.33538650255068203,0.0710715730296215,world,2.799855784975807,0.07146457226772326,world,4.437530103287427,0.07342097715532872,world
rigid_low,calib,90501,False,False,,1.0,0.0,,76,0.023280924709979445,0.06558355665765703,world,0.03783222957281396,0.08096874399343505,world,0.07828406779444777,0.08134694749605842,world,0.35844891788146926,0.07808993204962461,world,2.7237493910346533,0.08450429038784932,world,4.324484778362676,0.08505215838900768,world
rigid_low,calib,90502,False,False,,1.0,0.0,,76,0.025277784559875727,0.06998804162140004,world,0.030722752725705505,0.06710233899066224,world,0.07124614724889397,0.06962002239888535,world,0.3682855355087668,0.07084401178581175,world,2.829740480077453,0.07112338250517497,world,4.40977954913862,0.07296503722180206,world
rigid_low,calib,90503,False,False,,1.0,0.0,,63,0.022660039190668613,0.08965872204862535,world,0.03414686665637419,0.07952327379607596,world,0.065863780741347,0.0747464131185552,world,0.3123721350770211,0.0793062923286925,world,2.698205371054064,0.08030644842874607,world,4.316679439038853,0.07727911660974314,world
rigid_low,calib,90504,False,False,,1.0,0.0,,72,0.020059511007275432,0.09056778997182846,world,0.036434629315044736,0.09363520758925006,world,0.08156944577931427,0.10316843325854279,world,0.4315653737605316,0.11851043632195797,world,2.7759237820268026,0.11301615109332487,world,4.161315401717438,0.11352421867690281,world
rigid_low,calib,90505,False,False,,1.0,0.0,,75,0.04011788382194936,0.08283909899182618,body,0.03285010703839362,0.06981321259809192,world,0.05543453493155539,0.0705763716759975,world,0.25294906402705236,0.0833125722441764,world,2.2989866474585146,0.08571003186043527,world,4.032101521862205,0.08856615199343651,world
rigid_low,calib,90506,False,False,,1.0,0.0,,78,0.024452087469398975,0.05223532114177942,world,0.03335505570285022,0.06257209993200377,world,0.06308726603165268,0.07773767591570505,world,0.26124295002082365,0.08467027987644543,world,2.282671179488534,0.08232624154770747,world,3.885243440701161,0.08452357869740809,world
rigid_low,calib,90507,False,False,,1.0,0.0,,72,0.021782698517199606,0.050268560415133834,world,0.03982952543301508,0.0652533584041521,world,0.07672541527426802,0.06166690527461469,world,0.35171871466736776,0.07218760476971511,world,2.6957031940211893,0.0784441944975697,world,4.0826744311716165,0.07669863722054288,world
rigid_low,calib,90508,False,False,,1.0,0.0,,68,0.019874333986081183,0.044684797641821206,world,0.03292251206003129,0.07735027223825455,world,0.04490015404298901,0.078242389310617,world,0.17650377850513904,0.07411597574682674,world,2.239154605974909,0.0771280416931404,world,4.107832307382487,0.08182541283444153,world
rigid_low,calib,90509,False,False,,1.0,0.0,,69,0.028709795558825135,0.04512402159161866,world,0.03943360717967152,0.06820396108087153,world,0.0724768989952281,0.07987180823693052,world,0.3186147528584115,0.08184521207585932,world,2.6583615733718036,0.08512079179199646,world,4.347666577638592,0.08761780769913458,world
rigid_low,calib,90510,False,False,,1.0,0.0,,60,0.016675430902978405,0.04128466488327831,world,0.03278210949501954,0.10139940287917852,world,0.06611214754811955,0.0954127783770673,world,0.34645099094923354,0.0991160206060158,world,2.788227144884149,0.0912055403146951,world,4.3066647134252705,0.09187430028425297,world
rigid_low,calib,90511,False,False,,1.0,0.0,,67,0.02201459021307528,0.05475078313611448,world,0.0317534914240241,0.06585935279726982,world,0.070897151902318,0.07837227556155996,world,0.35638343594037,0.07313205646642018,world,2.814005678216927,0.07560197951679584,world,4.071135846329852,0.08174608833563979,world
rigid_low,calib,90512,False,False,,1.0,0.0,,65,0.034558713901787996,0.06626007577870041,world,0.03839964019134641,0.07633564497809858,world,0.07516255113296211,0.08413987443491351,world,0.3700391064397991,0.08894208830970457,world,2.71007788660936,0.09026005573869042,world,3.763886976856738,0.09675314145963057,world
rigid_low,calib,90513,False,False,,1.0,0.0,,79,0.029086579743307084,0.0466117124306038,world,0.04212109158979729,0.07129738868679851,world,0.07962393272318877,0.06859904687735252,world,0.37724199903022965,0.07123890919756376,world,2.805949120655714,0.0732645335367124,world,4.226798293018364,0.07685920908290428,world
rigid_low,calib,90514,False,False,,1.0,0.0,,62,0.04304523573955521,0.06581313780043274,body,0.04342223316198215,0.0823134754842613,world,0.08058325033052824,0.09415051882097031,world,0.37656077465217097,0.08812879935285309,world,2.7166364389573574,0.09114172420158867,world,3.817032824647031,0.09265927115513478,world
rigid_low,calib,90515,False,False,,1.0,0.0,,75,0.01879551965976134,0.06099645636277273,world,0.03442623590817675,0.08555895476602018,world,0.07504885529051535,0.09545075081987306,world,0.3909913133684313,0.08638635471870657,world,2.8646720791162807,0.08351313388848211,world,4.5049565181852085,0.08561782059114194,world
rigid_low,calib,90516,False,False,,1.0,0.0,,71,0.024850073270499706,0.04352862390805967,world,0.04030664341989905,0.0815657442988595,world,0.08234182732412591,0.07540688678709556,world,0.38253661885974,0.07292932767813909,world,2.8539530851325257,0.07428494081868849,world,4.583170363620156,0.07814310806585127,world
rigid_low,calib,90517,False,False,,1.0,0.0,,77,0.020974958722945303,0.05906286207027733,world,0.030337747291196142,0.06344323511002585,world,0.06823867473867722,0.06577944965683855,world,0.36358862634806427,0.07015818138897885,world,2.831652082335495,0.0757706002848863,world,4.475443037979421,0.08137976828933462,world
rigid_low,calib,90518,False,False,,1.0,0.0,,72,0.025720463832840323,0.04470728460000828,world,0.03441815418191254,0.0682890372350812,world,0.06482966917101293,0.08511738817906007,world,0.3082597217173315,0.10001724326284603,world,2.676250613789307,0.11610643827880268,world,4.323332554672379,0.11222201744676567,world
rigid_low,calib,90519,False,False,,1.0,0.0,,76,0.03030651214066893,0.04465343407355249,world,0.032019062293693425,0.06806646811310202,world,0.05040982193313539,0.07599806225625798,world,0.20614342759363355,0.08181978416396306,world,2.4804079573368654,0.0857172439340502,world,4.17545804454945,0.08742727245786228,world
rigid_low,calib,90520,False,False,,1.0,0.0,,76,0.014651476580183953,0.0454515372402966,world,0.03360893605276943,0.06394105441868304,world,0.07265598310623317,0.06475669365609063,world,0.33954485977301374,0.07003497171390335,world,2.75396801152383,0.06934865571965929,world,4.798034776125569,0.07281013301573694,body
rigid_low,calib,90521,False,False,,1.0,0.0,,64,0.023323240573517978,0.024885082442779094,world,0.033088827517349276,0.06434864670736715,world,0.0641984011803288,0.062145551695721224,world,0.3314285188360373,0.06763683441968169,world,2.7240321425444565,0.07048486311250599,world,4.147981908831862,0.07005908652179642,world
rigid_low,calib,90522,False,False,,1.0,0.0,,80,0.027282645227387547,0.05912810173322214,world,0.03200927386060357,0.06405789973650826,world,0.07682535224594177,0.07447633062765817,world,0.3769276326755062,0.0800409685147315,world,2.7850196466897614,0.08399403547937254,world,4.280379461986013,0.08756543708783283,world
rigid_low,calib,90523,False,False,,1.0,0.0,,64,0.013227856805315241,0.04471872572321445,world,0.026920961862197147,0.062227926414925604,world,0.05609100432775449,0.0670074986119289,world,0.2754687160238973,0.070571083392133,world,2.6517877928905365,0.0747804047721729,world,4.081045604943938,0.07560842277889607,world
rigid_low,calib,90524,False,False,,1.0,0.0,,60,0.03274829324800521,0.07410504762083292,world,0.044032326946035025,0.092240120889619,world,0.0771130882203579,0.09913707387167961,world,0.34415764226578177,0.09239086485467851,world,2.522268851217814,0.09292860634013778,world,4.2324701202381405,0.09354341423255391,world
rigid_low,calib,90525,False,False,,1.0,0.0,,74,0.027102901367470622,0.03314385830890387,world,0.028534432011656466,0.06160059692338109,world,0.05916993535356596,0.06504736504284665,world,0.29821756869205274,0.07051807812531478,world,2.653219176622224,0.0686454716254957,world,4.2703640135296155,0.06596826417640841,world
rigid_low,calib,90526,False,False,,1.0,0.0,,64,0.02363223652355373,0.06364138587377965,world,0.04864746737293899,0.06514725138549693,body,0.08796449918299913,0.06263967190461699,world,0.43660075808875265,0.06615497454913566,world,2.8398076493060214,0.0696222551378014,world,4.0372726067435,0.07062459051492624,world
rigid_low,calib,90527,False,False,,1.0,0.0,,77,0.021061717648990452,0.06116630637552589,world,0.03145686555653811,0.05906104960013182,world,0.06816257224418223,0.06081208065443207,world,0.34508220355492086,0.0618666902082623,world,2.7873368242173457,0.06119694046865334,world,4.316672211191617,0.061027482961217176,world
rigid_low,calib,90528,False,False,,1.0,0.0,,69,0.028568413574248552,0.08306402422022074,world,0.03955796393565833,0.081847507157363,world,0.07637202586047351,0.07777483817772009,world,0.376337288483046,0.078634684291319,world,2.7517410375992766,0.08443451888633718,world,3.9781088874069974,0.08441057705393176,world
rigid_low,calib,90529,False,False,,1.0,0.0,,61,0.021797847177367657,0.03447241638787091,world,0.028514489892404526,0.0707893518032506,world,0.05955706999520771,0.07146857122133951,world,0.3085066694155103,0.07283475502335932,world,2.735631541877228,0.07716776933084475,world,4.399289343940909,0.07973589201516007,world
