config,cell,seed,has_body,has_push,param,factor,torque,duration_name,onset,roll_1,hold_1,verdict_1,roll_5,hold_5,verdict_5,roll_10,hold_10,verdict_10,roll_20,hold_20,verdict_20,roll_40,hold_40,verdict_40,roll_100,hold_100,verdict_100
rigid_medium,neither,90000,False,False,,1.0,0.0,,79,0.15855208254652098,0.21172038652002811,world,0.14315055921906605,0.1944967190735042,world,0.1954881865356583,0.2180736262584105,world,0.6148703127080808,0.21165415419964118,world,3.14824706553045,0.19869821411302838,world,5.539174640530836,0.1874870499969984,world
rigid_medium,neither,90001,False,False,,1.0,0.0,,75,0.042225135723128915,0.09081955091096461,world,0.14626234679017214,0.1616765428800136,world,0.25098886816995214,0.16562762662069871,world,0.773364049155498,0.17026590271270836,world,3.118019098581863,0.16634006940876134,world,4.913969134680228,0.1733235907758353,world
rigid_medium,neither,90002,False,False,,1.0,0.0,,65,0.13790198392234743,0.14791269996203482,world,0.15726542002521454,0.15344165838323534,world,0.19570730931591243,0.15396772560197858,world,0.5185288633103483,0.14754498192778553,world,2.5700440292654094,0.14797274325610488,world,6.661483437546995,0.14555393868446118,world
rigid_medium,neither,90003,False,False,,1.0,0.0,,61,0.12401518016122282,0.1612232264596969,world,0.16723104394041002,0.16278258636593818,world,0.2512733354000375,0.16551555473124607,world,0.8771781826741063,0.1698782280116575,world,3.0078912141907495,0.16491764090169453,world,4.013797296478879,0.1677541744732298,world
rigid_medium,neither,90004,False,False,,1.0,0.0,,76,0.14574328588787466,0.1348712865728885,world,0.14942371530923992,0.1194686310540419,world,0.21795103341573852,0.11680626829911489,world,0.7467867313709575,0.1168053368703113,world,2.8324344118504086,0.12208319043929805,world,5.79935744428658,0.1293733117872034,world
rigid_medium,neither,90005,False,False,,1.0,0.0,,79,0.12470931373536587,0.17407022952102125,world,0.11098002905491738,0.13212543143890798,world,0.18182458394439893,0.14149048917461185,world,0.564986508252332,0.1527550958271604,world,3.0123245007853257,0.15904960351836053,world,4.627115878184559,0.15967605660000117,world
rigid_medium,neither,90006,False,False,,1.0,0.0,,74,0.15255092550069094,0.2092512557283044,world,0.14920670189894736,0.18444013001862913,world,0.19266819187905637,0.18649464806076138,world,0.47816235724603756,0.17506018467829565,world,2.695114734972594,0.1681225336884381,world,6.895491028956604,0.16509283662191593,world
rigid_medium,neither,90007,False,False,,1.0,0.0,,79,0.1389305314514786,0.14355943049304187,world,0.16234447788447143,0.13932445386890321,world,0.22569328392855825,0.13813151051290334,world,0.7323933298001066,0.1392554677091539,world,3.2414473363314755,0.14045572983304738,world,4.525288931508548,0.13637065195827747,world
rigid_medium,neither,90008,False,False,,1.0,0.0,,62,0.12220682599581778,0.10872026975266635,world,0.1657117367722094,0.13384839072823523,world,0.2548916795756668,0.143559895362705,world,0.8256603087997064,0.14213463742635213,world,2.827181358996313,0.13808949843223672,world,5.318016393030994,0.139509599917219,world
rigid_medium,neither,90009,False,False,,1.0,0.0,,74,0.13133769622072577,0.18189648911356926,world,0.13558537198696285,0.12926554086152464,world,0.1739203781937249,0.12236333038890734,world,0.5551362420956139,0.13348363298573532,world,3.326575533094001,0.14158019461319782,world,7.823369323677617,0.14409947248583194,body
rigid_medium,neither,90010,False,False,,1.0,0.0,,72,0.14510273560881615,0.1504862642614171,world,0.13912250995635986,0.14111656947061418,world,0.1884107575751841,0.16281432445393873,world,0.5390274717006832,0.17345049743889832,world,3.3087397183524443,0.17289506070083008,world,5.354711943315342,0.18013485580449923,world
rigid_medium,neither,90011,False,False,,1.0,0.0,,71,0.16392890573479235,0.22764656925573945,world,0.16651528025977314,0.1792726607294753,world,0.21683692557271572,0.1827270310255699,world,0.7240298299002461,0.18560976087173914,world,3.3604796185099985,0.1841744537188788,world,5.637907591161784,0.18018835995870178,world
rigid_medium,neither,90012,False,False,,1.0,0.0,,62,0.11613005166873336,0.1547924797050655,world,0.15858096852898598,0.1365777655504644,world,0.22895286567509177,0.14385799430310725,world,0.6777852253988386,0.13817498616990634,world,2.7196486425586044,0.14431095019390341,world,6.92664276342839,0.13563107573369051,world
rigid_medium,neither,90013,False,False,,1.0,0.0,,68,0.17062147986143827,0.21645783307030797,world,0.17250782847404478,0.17242571185342967,world,0.2667409827932715,0.17348006065003574,world,0.9081429368816316,0.1750417588453274,world,2.7874564447905867,0.17301541735359932,world,5.8195511740259835,0.17528027763182763,world
rigid_medium,neither,90014,False,False,,1.0,0.0,,80,0.1816099053248763,0.21365910849999636,world,0.19143429584801197,0.19279215920250864,world,0.2686839417554438,0.18574140324490146,world,0.843554687872529,0.18613382430048658,world,2.9562053619883955,0.18880164999718546,world,7.0111437348276375,0.1875293900190445,world
rigid_medium,neither,90015,False,False,,1.0,0.0,,76,0.11262076848652214,0.15683158684987575,world,0.17083000072743743,0.19177681303117425,world,0.2279630905832164,0.21072772695915773,world,0.7194734799151774,0.19332955140853297,world,3.270995531065273,0.1873786227602977,world,7.284945452836109,0.1893197874131147,world
rigid_medium,neither,90016,False,False,,1.0,0.0,,76,0.12187018897384405,0.14163876697421074,world,0.13981611235067248,0.14264605985954404,world,0.20318784317933022,0.1403944490593858,world,0.6295187758980318,0.14619146347395146,world,2.3194506786181592,0.1471407882665517,world,6.901189421764576,0.1481407504074741,world
rigid_medium,neither,90017,False,False,,1.0,0.0,,74,0.14088943833485246,0.1532629479188472,world,0.15839263615198435,0.16225997675210235,world,0.24598078776616605,0.15852250715252011,world,0.8238036535331048,0.16234939048299568,world,2.9496869339433034,0.1543326428392902,world,5.856394409418572,0.1511765945883235,world
rigid_medium,neither,90018,False,False,,1.0,0.0,,66,0.11256255395710468,0.11183872120454907,world,0.13622913104481996,0.11919976440258323,world,0.1933348772348836,0.13535180614562706,world,0.5822743713972158,0.13304687236668541,world,2.6888089366315397,0.13288208385492906,world,5.965109084995929,0.13523531172191725,world
rigid_medium,neither,90019,False,False,,1.0,0.0,,66,0.16176192043349147,0.16414471250027418,world,0.17194483359344304,0.17865762289147824,world,0.21931135675404223,0.17273789128521455,world,0.6797816918347963,0.1782861228915863,world,3.064322576537961,0.17169326027069476,world,6.874770980498288,0.174858995192335,world
rigid_medium,neither,90020,False,False,,1.0,0.0,,73,0.08794378652237356,0.09979338967241347,world,0.1348313125781715,0.13771589291282,world,0.18439657813869414,0.12271800646558403,world,0.5282791897421703,0.12992564629967093,world,2.680624295573216,0.13067427064452206,world,6.865581279280596,0.13742960987641709,world
rigid_medium,neither,90021,False,False,,1.0,0.0,,74,0.15205018868437037,0.19442174537107348,world,0.17036365763051436,0.16037421375513078,world,0.24341397010139187,0.15572668535169215,world,0.8790202470700024,0.16747075973835307,world,3.3700164164518354,0.16900217999791495,world,6.64868718112295,0.16965678067266707,world
rigid_medium,neither,90022,False,False,,1.0,0.0,,66,0.0667345505207777,0.09382105991244316,world,0.15428422421682625,0.16430277137551455,world,0.22983674715505914,0.1630744894151576,world,0.7704532119969372,0.15849122860236092,world,3.1207905290444615,0.1581377915426856,world,7.220188525795239,0.1590394182287855,world
rigid_medium,neither,90023,False,False,,1.0,0.0,,75,0.10391632677055895,0.1454244670458138,world,0.1472514017019421,0.15540440684417262,world,0.21982726168353112,0.14813967780792153,world,0.6116629577823914,0.1518328437843593,world,3.1312680460338016,0.14836149019101869,world,4.710385467850137,0.14576304760179482,world
rigid_medium,neither,90024,False,False,,1.0,0.0,,73,0.181188662070781,0.1956986814038828,world,0.23118163980543616,0.1735594348516315,body,0.3300393963232636,0.16344790421426297,body,1.141350175347179,0.16955527273239568,body,3.0627243225928398,0.1739294076760416,world,4.2135825785808265,0.17309377129131462,world
rigid_medium,neither,90025,False,False,,1.0,0.0,,68,0.12805256177671254,0.20017941249534488,world,0.13481235573999584,0.15513132732012308,world,0.2012645339826122,0.16214449027611405,world,0.6730950920027681,0.16477618671924574,world,2.7723577216325794,0.16175224388935022,world,4.491353780108039,0.1628240715146967,world
rigid_medium,neither,90026,False,False,,1.0,0.0,,73,0.11577820545062423,0.1351114446297288,world,0.1269180303439498,0.17552964319474995,world,0.1608551198616624,0.16898946872679516,world,0.40022809584625063,0.1651969109487254,world,3.0234483022475613,0.1627157482325856,world,6.8742324920091775,0.15900188033439916,world
rigid_medium,neither,90027,False,False,,1.0,0.0,,61,0.09467002772726119,0.14660545601509511,world,0.13506668801419436,0.15109040611423552,world,0.21609731477219613,0.1509771237557288,world,0.6520154347526841,0.1658500854362501,world,2.841738814016571,0.17434093296760694,world,6.811779176180717,0.17221947481390087,world
rigid_medium,neither,90028,False,False,,1.0,0.0,,71,0.13806764385662973,0.1949297753162682,world,0.18003549841232597,0.19970497428439557,world,0.26091133842710407,0.20053638597019013,world,0.8437771477852949,0.20961258937695676,world,2.7404650308715643,0.20200818402563528,world,6.440017250014935,0.20326077967434683,world
rigid_medium,neither,90029,False,False,,1.0,0.0,,60,0.13881321158260107,0.1829058788716793,world,0.1556661539711058,0.18886310379020868,world,0.20123925996012984,0.1833203589776531,world,0.5399385916767642,0.19544481083285062,world,2.839958989189472,0.19498979428317398,world,5.3251866043871265,0.19431629065657036,world
rigid_medium,neither,90030,False,False,,1.0,0.0,,72,0.12679959344677627,0.16909725917503238,world,0.16532328305765986,0.1450613050721586,world,0.25666994168423113,0.1418216100661084,world,0.9371822765795514,0.15023181865108198,world,3.4564923682599327,0.15577086712582966,body,6.058407371467911,0.15394817934109595,world
rigid_medium,neither,90031,False,False,,1.0,0.0,,65,0.17926685605198145,0.20513881742954254,world,0.1490645045414567,0.1321493362542242,world,0.19755175355821847,0.13897550472756848,world,0.5722370277158917,0.14774633505148813,world,3.1146963281091304,0.15279374543679297,world,4.796248334106058,0.15001990602264414,world
rigid_medium,neither,90032,False,False,,1.0,0.0,,78,0.13843679788988084,0.16856257244944572,world,0.19095926678273828,0.17030484976712612,world,0.27719070214079694,0.16353097321698443,world,0.9342431834491436,0.1620049541350454,world,2.806000410512206,0.15753643614880275,world,5.3500079168484085,0.16459379433305002,world
rigid_medium,neither,90033,False,False,,1.0,0.0,,74,0.13412917801178992,0.2171674775891006,world,0.16150898430496455,0.1960207971278578,world,0.2367396042216569,0.18805182034848258,world,0.7931436365703122,0.20294745470746417,world,3.3611105858464723,0.1981882427659002,world,4.851940923403017,0.19405408881895708,world
rigid_medium,neither,90034,False,False,,1.0,0.0,,63,0.10973155673127621,0.20458681788295507,world,0.18810189857613294,0.20770668275654317,world,0.2892337669036351,0.21185102947056295,world,0.9017889108683449,0.20340594770386816,world,3.1094513030810047,0.20195661041070706,world,4.40178615909419,0.19896449732594193,world
rigid_medium,neither,90035,False,False,,1.0,0.0,,66,0.0874714304227382,0.13781869038939476,world,0.12737360266037284,0.14471170264296232,world,0.16629439701791854,0.13747950287070124,world,0.46399915058864283,0.13516698565217666,world,3.1285750826296863,0.13565722750354325,world,5.239801458360161,0.13034256215323695,world
rigid_medium,neither,90036,False,False,,1.0,0.0,,61,0.1687457205262035,0.21554379630833864,world,0.174030458368361,0.18880525627173483,world,0.241027950681746,0.18762156990123913,world,0.7666974121704697,0.19671968273760285,world,3.1279166006483137,0.1976260134935728,world,4.497313952054828,0.17904435622767778,world
rigid_medium,neither,90037,False,False,,1.0,0.0,,69,0.1393880513496697,0.19735218677669764,world,0.1765648448839784,0.1766997165046632,world,0.2533848755992949,0.15786180629511365,world,0.7665197967085988,0.1520059233997017,world,2.8437802949221807,0.15707973839889747,world,5.832718714596703,0.15795196289138402,world
rigid_medium,neither,90038,False,False,,1.0,0.0,,63,0.15058592171408236,0.15060049551539123,world,0.1561972547788173,0.14558323692763223,world,0.21046910379081965,0.15327399706584402,world,0.5524831335060298,0.15371039038582238,world,2.7513581275474284,0.1508099533515633,world,5.66847795886919,0.14665272757643832,world
rigid_medium,neither,90039,False,False,,1.0,0.0,,63,0.11157797370105982,0.13641219167038798,world,0.14385221097618342,0.16816229233518243,world,0.20198873183690014,0.17417933591641485,world,0.6379207364050672,0.17471557671087792,world,3.181611268164124,0.1732621293485863,world,6.458962361603044,0.17386327729560436,world
rigid_medium,neither,90040,False,False,,1.0,0.0,,66,0.14071449812036008,0.21030214382335544,world,0.14477978248614817,0.21485647088848056,world,0.23037628034362567,0.22749670231714847,world,0.7832431709684897,0.23091887095943092,world,2.766400155905285,0.21865342911623886,world,6.27507206556038,0.21296975998790005,world
rigid_medium,neither,90041,False,False,,1.0,0.0,,71,0.19655316835269332,0.19838015385903418,body,0.15576981850899757,0.17144745425321162,world,0.2208766179392114,0.16799775860272348,world,0.6114686891087331,0.1671185096100089,world,2.5899591039691585,0.1700801533101185,world,8.024693805195856,0.16698411713150563,body
rigid_medium,neither,90042,False,False,,1.0,0.0,,64,0.12646761676296592,0.1585170142352581,world,0.17874200120568276,0.15856976420618593,world,0.23836752884089948,0.1578696508833673,world,0.760692171473056,0.15666879769123626,world,3.208783776918426,0.15356589266230003,world,5.1429380837269125,0.1537738577244454,world
rigid_medium,neither,90043,False,False,,1.0,0.0,,79,0.08327958732843399,0.09700695052742958,world,0.10777950771152972,0.13354890402406455,world,0.16971581117250029,0.1621162096038461,world,0.46856997797731315,0.17520446894923225,world,2.62971749874996,0.18979427029262297,world,7.380102479276248,0.18936830187449233,body
rigid_medium,neither,90044,False,False,,1.0,0.0,,65,0.10829844872932881,0.11880413675680757,world,0.13647934591863303,0.11730277109891177,world,0.20313368170754983,0.12755296704126523,world,0.6712735610606615,0.127688801108161,world,3.2437854881660315,0.1297200800581777,world,5.266309628497111,0.1339205316125299,world
rigid_medium,neither,90045,False,False,,1.0,0.0,,64,0.12136245239526033,0.1433583041653037,world,0.15130572253838181,0.1594961962196976,world,0.2237257576081902,0.1495753380469978,world,0.7117479720385745,0.1414267604413908,world,3.095376703573857,0.14042829704703763,world,4.117380815749057,0.14118974436423742,world
rigid_medium,neither,90046,False,False,,1.0,0.0,,73,0.19396628392860293,0.24137102393433452,body,0.2071838949806988,0.20279426807537676,world,0.28946804883889854,0.1834069261327386,world,0.9187642058124765,0.1868939123931341,world,2.6730116884107704,0.18434049450443127,world,5.530821334081702,0.17690562893330936,world
rigid_medium,neither,90047,False,False,,1.0,0.0,,66,0.04974749777466059,0.08577119640540332,world,0.1492724679876119,0.1302792604546994,world,0.2122028218815103,0.12888623579347042,world,0.7039781335857697,0.12683551796799292,world,2.4745218707306775,0.13120389663017706,world,8.629974825850223,0.13801248389296233,body
rigid_medium,neither,90048,False,False,,1.0,0.0,,76,0.11940903263166547,0.1313027738360688,world,0.15554346973076463,0.15588014997774735,world,0.2220928778871894,0.14386743652285078,world,0.6692369828931988,0.14896144404701772,world,2.721323275333271,0.15151274763593392,world,6.51171308318153,0.14886227451424927,world
rigid_medium,neither,90049,False,False,,1.0,0.0,,76,0.14124315488152206,0.15091920411214232,world,0.18988133184611794,0.18832054692320527,world,0.24925313843414187,0.1746023733401671,world,0.7629914319608361,0.17535985343274663,world,3.1805685376049952,0.17095782108663116,world,3.977355259740725,0.17045832071686162,world
rigid_medium,neither,90050,False,False,,1.0,0.0,,60,0.11647597071714699,0.17439688742160797,world,0.15331410844810306,0.16119490107521414,world,0.22489102811086922,0.1544088131166063,world,0.6545966212288477,0.14762604464776813,world,3.1125038922124073,0.1459060739551205,world,5.999802487615962,0.14423417807731315,world
rigid_medium,neither,90051,False,False,,1.0,0.0,,76,0.10239383252337575,0.11238537915050983,world,0.2005032481625676,0.1563130000140518,world,0.30511348266154525,0.16997160973260178,world,1.087396682240069,0.17477899385849013,body,2.973424647282809,0.18673647779796737,world,4.097870952542872,0.1943547069351189,world
rigid_medium,neither,90052,False,False,,1.0,0.0,,68,0.18899554829113185,0.1851459366735071,world,0.15957873440347614,0.1699232561979443,world,0.2213824975071475,0.18164678026223557,world,0.6533706185757182,0.19764851410291157,world,2.5813047111674674,0.1917744881269755,world,6.053515310983639,0.19288706871098837,world
rigid_medium,neither,90053,False,False,,1.0,0.0,,72,0.1402063558343798,0.11700475169345737,world,0.18651966932229697,0.1257104421965778,world,0.23446088433265685,0.13628351693041624,world,0.7142735167406499,0.14443743359006475,world,2.8684812065679584,0.15032031431474024,world,5.804058435764164,0.15871771512145644,world
rigid_medium,neither,90054,False,False,,1.0,0.0,,65,0.2414203796070069,0.28334532072767615,body,0.2020852302201092,0.1647107270080596,world,0.2772863485384732,0.14829898773750755,world,0.879016715218313,0.14489234510838286,world,2.9769849192933178,0.14620921131645445,world,4.826901821480132,0.15024545649357607,world
rigid_medium,neither,90055,False,False,,1.0,0.0,,68,0.17672175960615277,0.1496446798555553,world,0.19476240638177844,0.14725409040693194,world,0.2677038658759556,0.13046123245730995,world,0.878233545756666,0.12938386616588105,world,2.5117244286084315,0.13152341825916664,world,7.447262321471936,0.13817310183600057,body
rigid_medium,neither,90056,False,False,,1.0,0.0,,68,0.12022914743283764,0.0927739767357707,world,0.19011932649882507,0.12612690245587146,world,0.28416016456321813,0.13785135141733917,world,0.9364116288750665,0.14459501397177518,world,2.461659259350563,0.1375469617310955,world,7.17300210181682,0.1457134633347596,world
rigid_medium,neither,90057,False,False,,1.0,0.0,,76,0.09865640616044402,0.1384407349396497,world,0.1302128099836409,0.14391145003028213,world,0.1860048936214298,0.1502206906094216,world,0.5692483654012904,0.1423061624460388,world,3.350508660345804,0.14764060109446292,world,6.174353532488458,0.15069764648680575,world
rigid_medium,neither,90058,False,False,,1.0,0.0,,61,0.17902539856731892,0.25149567797780037,world,0.20760167855769396,0.19202192863449452,world,0.29560377560555934,0.19706736622465543,world,1.0993245131336153,0.19425045365278493,body,3.1988452249672266,0.1914664339561568,world,4.965938150789588,0.19214522734851924,world
rigid_medium,neither,90059,False,False,,1.0,0.0,,62,0.0945818719919771,0.12052696404862218,world,0.11655347510240972,0.17129584629437886,world,0.16916081064846367,0.1659654255345231,world,0.4573050938430243,0.16446574210276593,world,3.3566182652430143,0.16835715799315948,world,7.216176184935029,0.16711293471889804,world
rigid_medium,neither,90060,False,False,,1.0,0.0,,62,0.12523642648011446,0.17179477610625327,world,0.17331968797370792,0.19736178973689675,world,0.2338132951874286,0.20053549504373225,world,0.7072954671690241,0.1962257944920566,world,3.0797434185747985,0.20116035948158242,world,4.116518844966777,0.19323182397929484,world
rigid_medium,neither,90061,False,False,,1.0,0.0,,80,0.08365255128592253,0.1269431049004197,world,0.11117776324972511,0.14468993935734034,world,0.17591945067979395,0.15269893734948708,world,0.504998477245681,0.14912612838088535,world,2.965350825653877,0.14853745823638748,world,5.846560070193372,0.1552930382019258,world
rigid_medium,neither,90062,False,False,,1.0,0.0,,66,0.11336375051178038,0.12261916045099497,world,0.17663622158579528,0.12416778346523644,world,0.26467711727600546,0.1453522018622607,world,0.9204963819473051,0.14934681949671358,world,3.081887948390795,0.14660397421539528,world,4.524649635355454,0.1525524601660436,world
rigid_medium,neither,90063,False,False,,1.0,0.0,,62,0.18511761398985982,0.2569645410403609,world,0.16373316075187175,0.19390881774015722,world,0.2960583972162567,0.18798965860623867,world,1.0487935196317268,0.19486441932385787,world,2.9407420250441647,0.18480478253040927,world,5.250183803917608,0.1828283568919869,world
rigid_medium,neither,90064,False,False,,1.0,0.0,,72,0.0827279663644731,0.1116967317648232,world,0.1326560838613659,0.1476716797798872,world,0.19165758646558972,0.14693517761770636,world,0.5745936157531104,0.14645536136667942,world,2.793070128111867,0.14840786541390116,world,6.286984689335805,0.13844397633220068,world
rigid_medium,neither,90065,False,False,,1.0,0.0,,63,0.16239877115003765,0.23086558282375336,world,0.15098579921759667,0.20773883895017206,world,0.2282266090856865,0.20320782624185085,world,0.7664275907096453,0.19809622977627442,world,3.3213291477470195,0.20019026520894842,world,5.712426187547389,0.20261731898877772,world
rigid_medium,neither,90066,False,False,,1.0,0.0,,61,0.06657710089348257,0.10323572368361056,world,0.14685514741577207,0.14221926815807817,world,0.22003815833013504,0.14055319338222033,world,0.6828446443541907,0.1418600198143395,world,3.0059624537534546,0.13648831247410273,world,4.6308255496504716,0.14575817034230568,world
rigid_medium,neither,90067,False,False,,1.0,0.0,,71,0.142395687289536,0.20901341270655394,world,0.18295889496803283,0.18414154448546471,world,0.2947213488165289,0.19007454573875293,world,1.0167001158231868,0.18983838232816197,world,2.972854452126194,0.19461859945731702,world,5.7296105868415905,0.1921867608174216,world
rigid_medium,neither,90068,False,False,,1.0,0.0,,76,0.1171753671951592,0.1650746911764145,world,0.17867039362899959,0.155492574069649,world,0.2594715495361015,0.15247002611722565,world,0.7543151552206837,0.16110960990408785,world,3.224076980090467,0.16330617866588001,world,6.191237954765093,0.16808618717521312,world
rigid_medium,neither,90069,False,False,,1.0,0.0,,70,0.14379537873901427,0.12463299138471484,world,0.13566205194219946,0.1370156660210341,world,0.19354576813057064,0.13277660987805573,world,0.5644735537003726,0.14425457189790905,world,2.9248133653542028,0.1547358201671159,world,5.170834720460698,0.15348963323864154,world
rigid_medium,neither,90070,False,False,,1.0,0.0,,76,0.1307138791307807,0.16397899575531483,world,0.1877139768563211,0.1654609778430313,world,0.26202656016685066,0.15760653980541972,world,0.9476199460448698,0.1480819036369212,world,3.250337909406517,0.14909489228011807,world,4.846815097504296,0.14410984982911035,world
rigid_medium,neither,90071,False,False,,1.0,0.0,,77,0.10514810588210821,0.1424147430807352,world,0.14325132174417377,0.1629084400832653,world,0.22797441412694752,0.15049998989561572,world,0.7241933228680864,0.15494683079887184,world,3.0208502050605603,0.15804004103993066,world,5.828617808748968,0.1646981198032154,world
rigid_medium,neither,90072,False,False,,1.0,0.0,,70,0.13750010542571545,0.1510119796730578,world,0.16344626056961714,0.12495363316265866,world,0.22012862956617027,0.14370347984367982,world,0.6221306904335506,0.1429064856201876,world,2.8452298543008507,0.14453606581373607,world,6.00059654208133,0.14972263668430968,world
rigid_medium,neither,90073,False,False,,1.0,0.0,,80,0.18323027528822422,0.20715425489470363,world,0.15886831441894175,0.16872134944424033,world,0.22037594025023283,0.1661026269663125,world,0.674992785253562,0.16246673454297705,world,3.1671363905188628,0.16084819164971123,world,7.222734422092326,0.16036579182429705,world
rigid_medium,neither,90074,False,False,,1.0,0.0,,67,0.1131162226665765,0.1560485321097076,world,0.12637687989044935,0.12225676663219928,world,0.24175179434241728,0.1311473998473957,world,0.8259887436463031,0.14248555955127815,world,2.793913484088262,0.1454806401325186,world,5.340788202137919,0.14909223395821755,world
rigid_medium,neither,90075,False,False,,1.0,0.0,,71,0.10015533748082817,0.09497058857232332,world,0.1554700923617929,0.14706830140203236,world,0.23257844296749683,0.14320815950632096,world,0.7335932143847459,0.13974994469899685,world,2.7182999895361717,0.14521632307878463,world,7.404041137897876,0.1511396139668068,body
rigid_medium,neither,90076,False,False,,1.0,0.0,,75,0.08206586842425168,0.1615817053243518,world,0.1403607068117708,0.1730407802388072,world,0.17053191841114312,0.15974890536163003,world,0.5089764752076008,0.15541099638794548,world,2.8623537017323546,0.15534847250091843,world,7.380551407386083,0.15091062450781464,body
rigid_medium,neither,90077,False,False,,1.0,0.0,,63,0.07965490082278848,0.09230614127591252,world,0.1337024460081011,0.1207637278130278,world,0.22890568191651256,0.12885575480177067,world,0.7040064265136607,0.13273868767137173,world,3.0661684880557,0.13944248406478438,world,4.5413877512351615,0.1479466469946783,world
rigid_medium,neither,90078,False,False,,1.0,0.0,,63,0.11639231629669666,0.10775853809900582,world,0.13946472899988294,0.15673988540656864,world,0.17486505352426318,0.15141180616337807,world,0.46204928426304837,0.14356554295227397,world,2.565408377937274,0.14615943849930774,world,7.000279617730993,0.13979383090219927,world
rigid_medium,neither,90079,False,False,,1.0,0.0,,64,0.1316206087358296,0.12902063282672316,world,0.1266128734219819,0.1345620758133009,world,0.20028949675615876,0.13320445035351441,world,0.5950330179533921,0.1414333397653536,world,2.8743504963058513,0.14906762044192873,world,7.147147306099069,0.15527505145902978,world
rigid_medium,neither,90080,False,False,,1.0,0.0,,78,0.10193687258288264,0.11818188964389265,world,0.14967215224169195,0.1321745769586414,world,0.23667099762242286,0.1376421688240953,world,0.8293609490967355,0.13286137736868114,world,3.128537832311122,0.13268410607124678,world,4.053742938551586,0.13345638740953292,world
rigid_medium,neither,90081,False,False,,1.0,0.0,,79,0.14780130703002214,0.1218660018639639,world,0.15406370733398944,0.1351113692391664,world,0.21932950319023803,0.13357838335214184,world,0.677486567205051,0.13641388964024373,world,3.0946291307016507,0.14607631570252122,world,5.199460758493515,0.1539488197292667,world
rigid_medium,neither,90082,False,False,,1.0,0.0,,76,0.13025671301875263,0.12537812034133822,world,0.1680863815592602,0.1401457328815013,world,0.20944375010440125,0.131443671596935,world,0.5632199562445748,0.13579912605055142,world,2.7879706678591902,0.14047431151848286,world,4.728130654903362,0.14523259710200365,world
rigid_medium,neither,90083,False,False,,1.0,0.0,,74,0.15124469972215593,0.19113267958164215,world,0.18692666473798453,0.15419802106916905,world,0.2884589471621439,0.15953420272562652,world,1.02799780521309,0.15844605159363712,world,3.187453771213768,0.16455752480833324,world,5.093022642626893,0.16469080294889865,world
rigid_medium,neither,90084,False,False,,1.0,0.0,,73,0.12665035808458924,0.1510622836649418,world,0.174429817404598,0.15951720573939385,world,0.256741961883381,0.1544577945722267,world,0.9050720959203318,0.1594068622740451,world,2.9970884807058606,0.16277045712049587,world,4.844006778397597,0.1627728547010338,world
rigid_medium,neither,90085,False,False,,1.0,0.0,,72,0.08400771883316338,0.1003263562452048,world,0.12120879152789713,0.10669243762968109,world,0.20480871670879425,0.11124145337962546,world,0.6244806824950502,0.11515730038518085,world,2.9487494401982985,0.12156301491486375,world,4.556229662350379,0.13085208043718013,world
rigid_medium,neither,90086,False,False,,1.0,0.0,,63,0.1318167697172612,0.1442711427807808,world,0.13242646963335575,0.15095441238954665,world,0.17874016661662606,0.15722012940095736,world,0.5102612683200278,0.15553844685782678,world,2.601045919471653,0.14968786138633733,world,8.400062055245506,0.14333877904631664,body
rigid_medium,neither,90087,False,False,,1.0,0.0,,66,0.13634322118014097,0.16621761908754706,world,0.20425727949477732,0.18140014517121017,world,0.29788619198370725,0.17008761004544792,world,1.0741562447161415,0.16239684596657755,body,3.0955886124924294,0.16056086795579175,world,5.263123454127927,0.15450003380654379,world
rigid_medium,neither,90088,False,False,,1.0,0.0,,75,0.06659995520021766,0.0636769759003073,world,0.2159174517495558,0.1400197572540492,world,0.3038929912610911,0.14544665954308583,world,1.0121609776921106,0.1465701067547343,world,2.9326858781132614,0.14542214134216921,world,4.685744170931866,0.1477158442693326,world
rigid_medium,neither,90089,False,False,,1.0,0.0,,62,0.11300782207399607,0.19972141063772142,world,0.19634591434150933,0.19481828754651362,world,0.2764855424873531,0.18953903088404334,world,0.9197901357430965,0.18339745486882747,world,3.1366140926489607,0.17910639818073834,world,4.492016210602596,0.1779778608234483,world
rigid_medium,neither,90090,False,False,,1.0,0.0,,68,0.10585322044789791,0.1658838214352727,world,0.14983618464320897,0.20183163015171884,world,0.24918965618126093,0.1917865673894994,world,0.8105228489032016,0.1911414962843992,world,2.8398823585244823,0.1927973600191763,world,6.027587654474191,0.1877334969677031,world
rigid_medium,neither,90091,False,False,,1.0,0.0,,77,0.13644819287583232,0.19285482191480696,world,0.16954539506696165,0.17567843040451409,world,0.27308541869278996,0.16137159829959272,world,0.8924037495511584,0.14867807280097622,world,3.1472044867405202,0.1529831935549737,world,6.203527049047406,0.14739160506025656,world
rigid_medium,neither,90092,False,False,,1.0,0.0,,68,0.14077923074364662,0.1779335520695895,world,0.1552641224116087,0.17811547187156973,world,0.2052426508627832,0.16775377313606443,world,0.6091627446468919,0.16442574007669464,world,2.916156314010732,0.16840452271862888,world,6.642048741048201,0.16044811098254286,world
rigid_medium,neither,90093,False,False,,1.0,0.0,,64,0.1278004408814013,0.1597328099887818,world,0.18138238354586064,0.15315915532410143,world,0.27287099084351213,0.16223126271506771,world,0.9253720749286003,0.16658677544328385,world,2.8746872272400648,0.1778261171304621,world,4.258416323440615,0.18949833613820374,world
rigid_medium,neither,90094,False,False,,1.0,0.0,,69,0.19383793091401458,0.23678754456341267,body,0.1610193277709186,0.19518085191957654,world,0.23231334597803652,0.21536286582704633,world,0.7903226847061887,0.20183191324467772,world,2.8812075859052126,0.2041182175715221,world,5.619919977826066,0.20899154951097443,world
rigid_medium,neither,90095,False,False,,1.0,0.0,,61,0.13235620455816388,0.15456966357305646,world,0.14108651629649102,0.15950710559263825,world,0.22240453835111113,0.1533687947783619,world,0.6714315170771443,0.14423899383255046,world,3.0538429151463786,0.13355057763910738,world,5.44187067997409,0.12795954741770402,world
rigid_medium,neither,90096,False,False,,1.0,0.0,,62,0.18456759816035628,0.20850326237268746,world,0.19446042897179722,0.1826653995551169,world,0.3047707988414914,0.1670113160973415,world,1.0812629477353766,0.16051619987701998,body,2.7948874839232305,0.1557336603611475,world,5.024366632611491,0.15697063740459272,world
rigid_medium,neither,90097,False,False,,1.0,0.0,,61,0.14268540451303124,0.14730321383103728,world,0.1716425010934472,0.15788753130473196,world,0.23482343717478216,0.16255958513356744,world,0.753720121900551,0.17202091711515094,world,2.578950332419481,0.1738673733751057,world,7.324868989787064,0.17334502465964763,body
rigid_medium,neither,90098,False,False,,1.0,0.0,,70,0.16324514290317893,0.1925464125815779,world,0.20531141622923316,0.19117586105130613,world,0.3181197138270363,0.19229647831525654,body,1.058335982344579,0.18739153846690898,body,2.976009656715905,0.19062647508544617,world,3.7866894733323715,0.18929504603380337,world
rigid_medium,neither,90099,False,False,,1.0,0.0,,79,0.12060408340767026,0.1281204069382511,world,0.14763067159801724,0.13213963842717932,world,0.1930074729025364,0.12525103235966528,world,0.5481035027652978,0.13533733857620972,world,3.2332039644941686,0.13380699111294234,world,4.979717845879495,0.13531359176675323,world
rigid_medium,neither,90100,False,False,,1.0,0.0,,62,0.13417382934130728,0.1604540089610964,world,0.1396097515244037,0.14346746656810866,world,0.20072619027923794,0.14091459754272362,world,0.6066309228888713,0.13894362092541995,world,2.611827045417158,0.14404801572527504,world,5.021213567710948,0.13670653288078027,world
rigid_medium,neither,90101,False,False,,1.0,0.0,,62,0.06790569750592113,0.07093418692238629,world,0.11959319235756993,0.10356140871299431,world,0.1824157400522381,0.12255339676048606,world,0.5365642591612414,0.12544189551263116,world,2.718170477694366,0.1339513304614229,world,4.886273572617211,0.12801145922392607,world
rigid_medium,neither,90102,False,False,,1.0,0.0,,63,0.1611195751465857,0.19163588131777942,world,0.22318544826703146,0.19356099050492048,body,0.3195868449809495,0.16429083133116365,body,1.0340436746628257,0.17369658123934645,world,2.86827608585736,0.1698551335983211,world,5.39285884304496,0.1767886499821907,world
rigid_medium,neither,90103,False,False,,1.0,0.0,,62,0.139795032562688,0.20379786752164364,world,0.19701070939190685,0.20217225686647,world,0.3135173170128837,0.18664519865415058,body,1.0037711230223065,0.1746164824813604,world,2.693482923187548,0.17026313486167055,world,6.936407572983298,0.16781437486366485,world
rigid_medium,neither,90104,False,False,,1.0,0.0,,72,0.133361313957721,0.16274889884516597,world,0.17067657187581062,0.1553769186255522,world,0.22752618556842208,0.1546684663335327,world,0.7183931776788086,0.15595384168846066,world,2.83304287630599,0.15936613671656233,world,4.853574399231002,0.1593702422712522,world
rigid_medium,neither,90105,False,False,,1.0,0.0,,74,0.05440263100899756,0.06829822668805718,world,0.15346470321528616,0.14287197501398624,world,0.23395111921709033,0.14859503563493492,world,0.7352022943436168,0.14831536503334064,world,2.8489111604809296,0.14870505178259918,world,5.150780107628089,0.1527597031428013,world
rigid_medium,neither,90106,False,False,,1.0,0.0,,79,0.08397751674056053,0.08637058828026056,world,0.15247902385890483,0.12185617922805249,world,0.24136346615850926,0.13133284559007735,world,0.7610644161701202,0.13614041760447435,world,3.168331821449101,0.1387718564394163,world,4.217157896868884,0.14839592576317956,world
rigid_medium,neither,90107,False,False,,1.0,0.0,,79,0.13622078369371593,0.18076068023219705,world,0.15152550898492337,0.15657551239710302,world,0.24879828896373507,0.18205126043176278,world,0.8922084498219192,0.16920841361570638,world,3.1236269327346236,0.16655552758893463,world,5.032695091869682,0.16835186040611008,world
rigid_medium,neither,90108,False,False,,1.0,0.0,,64,0.1654283907264471,0.1835950780659914,world,0.18195087295025586,0.14877499169670044,world,0.23623539418913425,0.13490812497911975,world,0.7424170303391293,0.1411191684543155,world,3.008223612199072,0.1330570100064506,world,5.591150013008155,0.13013896254298743,world
rigid_medium,neither,90109,False,False,,1.0,0.0,,66,0.18222750443965197,0.28292602859437466,world,0.14624941116198897,0.21040859345812352,world,0.17785820947028697,0.20080591278383506,world,0.4080522479722276,0.19274612755398268,world,2.5106499720481223,0.1838281025447941,world,7.664570552003571,0.17357343806448627,body
rigid_medium,neither,90110,False,False,,1.0,0.0,,60,0.14218390523456037,0.15657019149512053,world,0.16118399400729685,0.14881696486845614,world,0.24033510746667164,0.14791607003426177,world,0.7992588576220442,0.13813760214252396,world,3.121449836358079,0.13476639115106082,world,5.234069414293626,0.1388391933304956,world
rigid_medium,neither,90111,False,False,,1.0,0.0,,76,0.08934455178678036,0.11445364379324019,world,0.14821469569578766,0.1534538605250418,world,0.23457710365764795,0.15985308128874748,world,0.711330490722321,0.16643661928828807,world,3.349645648605656,0.17433389197394716,world,6.068394761341624,0.1708275896421401,world
rigid_medium,neither,90112,False,False,,1.0,0.0,,69,0.1648806408047676,0.17491563083603978,world,0.18104605553671718,0.20914847506210207,world,0.28400984085164965,0.18388783978298306,world,0.8581921158125625,0.17996160711336415,world,2.527722152031492,0.17248755298787727,world,6.960770851778799,0.17281515797862085,world
rigid_medium,neither,90113,False,False,,1.0,0.0,,60,0.16397865174803883,0.23999567329883575,world,0.1765415105270222,0.16115591208217667,world,0.225341429898981,0.1771210772858467,world,0.6947825257491786,0.1826470939529827,world,2.925350956470356,0.17731464937678537,world,5.651928047701949,0.1753964122000616,world
rigid_medium,neither,90114,False,False,,1.0,0.0,,65,0.08866940066218376,0.08400283777154982,world,0.13934505158104005,0.11875518299639226,world,0.2030770633602515,0.12847253313520923,world,0.5776914468151517,0.12817948571173474,world,2.596535095671425,0.1294778429190046,world,6.30111575540388,0.13523771993059197,world
rigid_medium,neither,90115,False,False,,1.0,0.0,,77,0.12638539355248213,0.11010148283094168,world,0.14429560620337725,0.14930897685699163,world,0.2021241080481559,0.14441360323689878,world,0.6150605088332668,0.13886639862903394,world,2.9301872469601222,0.14410209157795179,world,6.54214209143538,0.1406304042780539,world
rigid_medium,neither,90116,False,False,,1.0,0.0,,75,0.13794828369282186,0.14914853568188846,world,0.14046933059580624,0.12683931863866746,world,0.20271699295844883,0.11850678051123395,world,0.6186103923129849,0.12001991558354348,world,2.400899594643852,0.12972216991474853,world,7.171575234753545,0.13128506404929796,world
rigid_medium,neither,90117,False,False,,1.0,0.0,,79,0.13357338157948107,0.1682165157981217,world,0.1333137049106881,0.13999022748321296,world,0.17690110629191622,0.14175589847145603,world,0.5251874629117083,0.14771976067568177,world,3.074871784247807,0.14920037121410132,world,5.8498323522077404,0.15488228962378342,world
rigid_medium,neither,90118,False,False,,1.0,0.0,,68,0.1373449086677283,0.19502802658826113,world,0.15687514948658643,0.1805321852210909,world,0.22568246505688877,0.16096602990292014,world,0.7364894704311155,0.1661684969032649,world,3.069500907760812,0.1615853908850113,world,4.48970755739836,0.16099896375671963,world
rigid_medium,neither,90119,False,False,,1.0,0.0,,69,0.13136793032754213,0.1412680228240788,world,0.17809536338318138,0.16062685097567736,world,0.25342967567266894,0.16453887457610109,world,0.7982842749974225,0.17317184830317273,world,2.579961301901494,0.17734816116280855,world,5.829701031466248,0.1810406405327376,world
rigid_medium,body_only,90120,True,False,m,1.5891995503048728,0.0,,74,0.08573217180673964,0.1908242404460907,world,0.12003971101366916,0.15957430738490075,world,0.1693402961274842,0.1757838759862352,world,0.4688536035551806,0.16445943654107398,world,2.7151088080696355,0.15560788294387748,world,6.4702493381258686,0.15615314473048783,world
rigid_medium,body_only,90121,True,False,l,1.4812383451425903,0.0,,60,0.07605501031503081,0.12582601001486182,world,0.12887080926448108,0.1197980924975127,world,0.21785731515847145,0.12503421084256844,world,0.8394576135324314,0.13647504964028484,world,2.7370086721726694,0.1388943645200925,world,9.243286656201818,0.13474911580880872,body
rigid_medium,body_only,90122,True,False,m,1.577333311441059,0.0,,60,0.08622506761457771,0.1360204553930089,world,0.19526449840050192,0.15201470979955045,world,0.3173214893206022,0.1505115895124618,body,1.0689858783676756,0.15597232942527628,body,3.317108425157494,0.15650871261204882,world,6.253978442338994,0.1550273141938669,world
rigid_medium,body_only,90123,True,False,l,1.2659873041674827,0.0,,78,0.15018601529300213,0.16502360999584198,world,0.15063780592754483,0.1611781038111076,world,0.1893789370544255,0.16317292164312674,world,0.5316761903930456,0.1744017104501836,world,3.339682248630561,0.16858191383071244,world,5.311788060823455,0.16667454406735488,world
rigid_medium,body_only,90124,True,False,m,1.4143549642821072,0.0,,79,0.15719694644212723,0.20191206596791744,world,0.19559171376749873,0.15923289875499902,world,0.2705099384766072,0.15394406361156143,world,0.8986286063445732,0.14837282651278655,world,2.7424707524827685,0.15124145075242268,world,6.946985441087746,0.15300295281456783,world
rigid_medium,body_only,90125,True,False,l,1.4086180240535773,0.0,,63,0.13389741955325007,0.13660816522315145,world,0.15214783023111522,0.1051352538575884,world,0.19822854052763433,0.10505683631636203,world,0.5591458235285245,0.10718061282823327,world,3.08221437066677,0.10631377426034305,world,6.350911878615152,0.11378663801122457,world
rigid_medium,body_only,90126,True,False,m,1.6448408546174003,0.0,,68,0.1351761274272576,0.23111053556203842,world,0.16253086037468167,0.19534703181125224,world,0.298316937580239,0.1900464667705819,world,1.1086680130509194,0.20205806621816008,body,3.2192485315463273,0.1927789066772675,world,6.945355072905077,0.1894873123941943,world
rigid_medium,body_only,90127,True,False,l,1.4986137896780058,0.0,,61,0.13301199988927692,0.21864990051835775,world,0.21110433663707226,0.20567147033289074,world,0.3347110430127941,0.19934154895599931,body,1.2009062905970496,0.19200744673144074,body,3.473123247231706,0.1863190940479399,body,6.64989861974842,0.18700226158893202,world
rigid_medium,body_only,90128,True,False,m,1.416558817025714,0.0,,64,0.11592100537382066,0.17090000957250595,world,0.1882690457161516,0.18222587909549476,world,0.2758808041224256,0.19040792705491183,world,0.9753056978457608,0.17984428633935748,world,3.3521183007222133,0.17817685405607336,world,6.078965808630455,0.17679375323699786,world
rigid_medium,body_only,90129,True,False,l,1.38378853736242,0.0,,68,0.11381960194557905,0.1601639746222645,world,0.1562804294284433,0.1432281607761979,world,0.2047221161192283,0.14985612756281624,world,0.55975617346121,0.15482643940922572,world,2.781072210840648,0.14741992004492205,world,7.384694196598138,0.1429026519760373,body
rigid_medium,body_only,90130,True,False,m,1.4756383192437175,0.0,,71,0.09283454017713666,0.14101367350667715,world,0.13115863176062703,0.10750902744475752,world,0.23413500622846187,0.1150209930492565,world,0.7671046580420807,0.11880408804863692,world,3.27371156491572,0.12280354390095455,world,7.371803059042431,0.12535154539975338,body
rigid_medium,body_only,90131,True,False,l,1.3606013397692742,0.0,,80,0.13807943277060986,0.12989508733153343,world,0.1561848407611251,0.12420302636455745,world,0.20666596805676818,0.13394539474975317,world,0.6925413438584656,0.15043342681601643,world,3.4310813900781794,0.1503664670322905,world,6.197253522528335,0.14649396646316745,world
rigid_medium,body_only,90132,True,False,m,1.3052923183294922,0.0,,64,0.12333432957530022,0.11792761064134538,world,0.13801959627307953,0.1465698766289279,world,0.18437297467608005,0.16142494936939328,world,0.6162442524568178,0.15372993009514174,world,3.106602028972702,0.147886014325195,world,5.693766251963098,0.14800115063553676,world
rigid_medium,body_only,90133,True,False,l,1.3207448067237653,0.0,,67,0.1161397120449692,0.13259153068065643,world,0.12590000736527146,0.12506641671061516,world,0.15898096601013095,0.11747009317623452,world,0.4047437942703255,0.12376802661601685,world,2.7516054297389925,0.12952781918647815,world,8.024545122853015,0.133378052021435,body
rigid_medium,body_only,90134,True,False,m,1.4561368550822151,0.0,,64,0.1440134015865624,0.1616431139409542,world,0.16540248114615677,0.16052319668233395,world,0.26945896563120186,0.15269328949216288,world,0.970654903468676,0.15012435748794814,world,2.9623838483938014,0.1473814203774964,world,4.824061129488982,0.1497209742272389,world
rigid_medium,body_only,90135,True,False,l,1.4036352699808552,0.0,,79,0.13030677393544465,0.12058824859559536,world,0.1630239364632871,0.10183138225693256,world,0.20392983592755629,0.11467147237854079,world,0.5345348386777914,0.11572089099208824,world,2.8063348630785185,0.11715924623713363,world,7.254161303951113,0.11910048412624746,world
rigid_medium,body_only,90136,True,False,m,1.3752498406372067,0.0,,68,0.11700325715355575,0.139500570949167,world,0.13440941830631345,0.14955922146327794,world,0.21801832428900525,0.14982473154668696,world,0.7428672155307141,0.15314105599973118,world,3.3079523378022713,0.1521943789521174,world,6.139934984295396,0.14868422530271347,world
rigid_medium,body_only,90137,True,False,l,1.3180944856558197,0.0,,66,0.1039140794891864,0.16929091373458505,world,0.11304660690948368,0.15965267391875387,world,0.1936004772782326,0.17018815937917678,world,0.5883247645106167,0.1809459088544827,world,3.1621012803865596,0.17698010601161512,world,5.517651296732947,0.17825265113002386,world
rigid_medium,body_only,90138,True,False,m,1.3737292058898571,0.0,,76,0.08850264409556985,0.09929107804782689,world,0.12192750750109553,0.13354027578607203,world,0.17846512817777693,0.13500285244081167,world,0.48125689041335135,0.1380996822466841,world,2.984104018157814,0.14404924412810943,world,5.0174138726154345,0.14515845304587854,world
rigid_medium,body_only,90139,True,False,l,1.2231365368057392,0.0,,78,0.12361681833863258,0.09621026716195047,world,0.1617684937082231,0.14120576699497178,world,0.2109696148429066,0.12746339532895945,world,0.672954626311548,0.13568321526108773,world,3.151649273431394,0.1486887202379876,world,5.904330162727274,0.1470613601716468,world
rigid_medium,body_only,90140,True,False,m,1.5903123576273737,0.0,,77,0.07675863453187048,0.10073762759566307,world,0.12692613122053445,0.14372013164684178,world,0.2178645612439141,0.1526531449635513,world,0.760112597688567,0.15142825003131294,world,3.162944246031111,0.15873891452356476,world,7.377195994907524,0.16098409220052418,body
rigid_medium,body_only,90141,True,False,l,1.3983126255738383,0.0,,68,0.13663588417693973,0.19796271063387394,world,0.12607122100889684,0.17216803510673345,world,0.19125042697414757,0.16993363603251055,world,0.5935085919220001,0.1604174912761664,world,3.2317421319196002,0.1639411287069379,world,5.886277874754742,0.16135089807299663,world
rigid_medium,body_only,90142,True,False,m,1.5588960124158446,0.0,,77,0.1068075189832598,0.15697748819366097,world,0.11525002047419547,0.16949038544553333,world,0.16560775795951488,0.16955207702412736,world,0.49211355992592876,0.1614890350596397,world,2.904347625677474,0.15914476734687924,world,5.893298297794536,0.1670543140688096,world
rigid_medium,body_only,90143,True,False,l,1.3381767659159343,0.0,,76,0.11280909646302462,0.16428819997236133,world,0.13826426551677284,0.1482557661831379,world,0.23238915742840616,0.13890123970340937,world,0.9114573987550102,0.15267420433228834,world,3.3409754499036355,0.15215172291500495,world,7.39827845704509,0.1470580878149485,body
rigid_medium,body_only,90144,True,False,m,1.4340779419258376,0.0,,78,0.1494477919768542,0.15850301180034876,world,0.18918460980057716,0.1536732543958351,world,0.25547459137160333,0.15480921658454463,world,0.7204752920777537,0.14508527740254065,world,2.7966125913255384,0.14830245040066076,world,5.850382357512135,0.15238188004062977,world
rigid_medium,body_only,90145,True,False,l,1.3732457116762027,0.0,,79,0.14199405838735402,0.12764600367518142,world,0.1311469523003325,0.14102327019209043,world,0.2456456993124448,0.13889869438135066,world,0.9316582509956788,0.1351410137343919,world,3.2482498020719506,0.14558606502978363,world,7.417016478435834,0.14086833218112588,body
rigid_medium,body_only,90146,True,False,m,1.4659264726975494,0.0,,73,0.12598550342954695,0.17070419806987047,world,0.180414609471336,0.14393138864543287,world,0.28552098746877164,0.14672806895105167,world,1.0900850304751657,0.15464580458938146,body,3.384792496328009,0.1527813605760457,world,6.258467209765222,0.15137356648338027,world
rigid_medium,body_only,90147,True,False,l,1.3697174281168265,0.0,,61,0.11972236586734653,0.10346683254465461,world,0.1674083631951362,0.12565543118398637,world,0.30967448821756993,0.13549240982392802,world,1.152752972964663,0.12931179673178123,body,3.346314322861144,0.12737711510853844,world,5.088188132049982,0.12974309172423093,world
rigid_medium,body_only,90148,True,False,m,1.3038571531689942,0.0,,77,0.15352604072540998,0.1891403808258474,world,0.17709691943600772,0.15912251605186611,world,0.24692205009050666,0.15687958010239528,world,0.8443469527410343,0.16296001191658432,world,3.5265473721199667,0.1574890988995321,body,5.569993209433742,0.16339879867620766,world
rigid_medium,body_only,90149,True,False,l,1.2823864181574816,0.0,,69,0.13405189150944352,0.1658727069152519,world,0.17757948078215122,0.15672124547418206,world,0.24330670265480875,0.16994992883410306,world,0.6664461160544306,0.17542290962301194,world,2.9127384244697168,0.18179809538996777,world,5.3111253000516445,0.18382560882309917,world
rigid_medium,body_only,90150,True,False,m,1.371260065573264,0.0,,77,0.15347176464274526,0.17481187591329217,world,0.14709972273558378,0.1374002407770604,world,0.21080627953633665,0.1466103995568119,world,0.6940225015860051,0.13895081947557628,world,3.2638334976276377,0.14269131983164696,world,6.396253078272567,0.14274085108510917,world
rigid_medium,body_only,90151,True,False,l,1.2751118713228489,0.0,,67,0.11738620139658451,0.10643044742755592,world,0.16140294587239623,0.12873917932156473,world,0.21532396683469412,0.11881261121598072,world,0.665471605444327,0.12375178706715816,world,2.9878917039604858,0.1217712109319109,world,8.29523670961149,0.13562522917083697,body
rigid_medium,body_only,90152,True,False,m,1.3717293620024857,0.0,,77,0.15052983816713095,0.14222338097169995,world,0.15245048662181943,0.11792638369370252,world,0.1963757957215421,0.11687031408073381,world,0.576267358235782,0.12891018798691223,world,3.023366653334233,0.1315939901585807,world,5.463068487745478,0.13730825079372153,world
rigid_medium,body_only,90153,True,False,l,1.3777582765834164,0.0,,63,0.12884186673909426,0.09038883028551936,world,0.13274323167279362,0.12278087990125641,world,0.1786441939417273,0.13182279918692075,world,0.424965263879858,0.13945968391781205,world,2.5278513843077235,0.14430161513591883,world,6.88548215426039,0.14249935692641885,world
rigid_medium,body_only,90154,True,False,m,1.3240528558094946,0.0,,61,0.1304557304829359,0.16353868274018168,world,0.15395454592071472,0.1523010736797005,world,0.21359689969103784,0.1400913145742379,world,0.5809477993636392,0.13924739177018636,world,2.8864827296405564,0.1462976623799477,world,4.93088942394359,0.15147501473460578,world
rigid_medium,body_only,90155,True,False,l,1.2616156540457863,0.0,,75,0.17328938003629446,0.12466591980773956,world,0.2158873558975756,0.12538580915424974,world,0.26852912520989775,0.11847643315559253,world,0.9031197088304908,0.13568233534460888,world,3.118510292028077,0.13556170809606555,world,4.803589899437502,0.14067507408210078,world
rigid_medium,body_only,90156,True,False,m,1.53054519222226,0.0,,80,0.09591911593452096,0.13189168530516326,world,0.10167097151279449,0.1505447159288451,world,0.18248932994902134,0.1802848473773338,world,0.6003791755996644,0.17802250334061684,world,3.093064137129113,0.17900717108568642,world,4.694459335189313,0.1795066505795694,world
rigid_medium,body_only,90157,True,False,l,1.488929027680533,0.0,,67,0.08374841650947928,0.10593775869347155,world,0.18360859313979747,0.12320428378880025,world,0.271709365863353,0.1318737193767447,world,0.8664714625570924,0.1388806108821882,world,3.02306853516493,0.1507318084317376,world,4.993473275313153,0.1504544842591713,world
rigid_medium,body_only,90158,True,False,m,1.4010988441285952,0.0,,76,0.05882966419449076,0.1126806465908885,world,0.1029822953394614,0.09619907867163419,world,0.13761424875701778,0.11617277173209004,world,0.4369414831831818,0.12621896527998613,world,2.8230212836220745,0.12775015633960718,world,7.29984748187184,0.13421301044232678,world
rigid_medium,body_only,90159,True,False,l,1.3983826888544335,0.0,,76,0.09412635851185769,0.17814471386373043,world,0.13135119124781341,0.1428941208170727,world,0.19925188779598102,0.17705926442286,world,0.8163297619845253,0.18050296240253375,world,3.56441502031812,0.18148058011720422,body,6.476914080086862,0.17800460348662456,world
rigid_medium,body_only,90160,True,False,m,1.6346395142175347,0.0,,78,0.10105604259297252,0.1494199074804783,world,0.11027371766977012,0.14935567292850466,world,0.15459431207273155,0.15189917957759463,world,0.49114072985248647,0.14197101606696377,world,2.715172240283573,0.14006376125180398,world,7.796952927245293,0.1400599905679701,body
rigid_medium,body_only,90161,True,False,l,1.4627355647267428,0.0,,75,0.1346917748451233,0.11633796512614936,world,0.16001957503613085,0.11728693542536348,world,0.264318639121484,0.12482445872155949,world,0.8918749150761869,0.12366498263581889,world,3.1001043793250576,0.1281297545247071,world,5.747805057557999,0.13125832780700875,world
rigid_medium,body_only,90162,True,False,m,1.3110427449584228,0.0,,70,0.08349673659540713,0.15290399361401796,world,0.14043008764274417,0.15924078780226408,world,0.1993681891588494,0.14037563183228485,world,0.5376361810951493,0.1353586780402111,world,2.6736272140115034,0.1337152446474647,world,6.799540137823206,0.13493996645440348,world
rigid_medium,body_only,90163,True,False,l,1.4308898612160117,0.0,,78,0.11611229600384831,0.13703345716930926,world,0.1213586749159731,0.13506622249260544,world,0.17660448349197394,0.12528871174436063,world,0.4894856321305269,0.12116231978870928,world,2.8264624785006163,0.12263089297630358,world,6.685959115226869,0.12705558421061142,world
rigid_medium,body_only,90164,True,False,m,1.439856144676443,0.0,,68,0.0989131920505315,0.15506246592849493,world,0.11942151277326046,0.15029637271072716,world,0.19132784388493745,0.155359712371137,world,0.6414176405756734,0.14232211385970003,world,2.9449304324283734,0.14011410223174608,world,6.730194537888746,0.14066136616718722,world
rigid_medium,body_only,90165,True,False,l,1.2997648895781109,0.0,,62,0.1384174225386232,0.13671963778324425,world,0.13044050824828446,0.1369869091082364,world,0.15858925294596704,0.1334388221730478,world,0.3929947683238424,0.12905960990465246,world,2.9541230368253313,0.1326332584110787,world,8.145101879194845,0.13585984377365093,body
rigid_medium,body_only,90166,True,False,m,1.679679815459025,0.0,,64,0.12615068024024367,0.17262537544593215,world,0.21140528339892628,0.17487601963803173,world,0.36011027325876055,0.17808815669268369,body,1.3237565689953044,0.1786628282512538,body,3.8391624656156638,0.18199508362740743,body,6.74790979730431,0.18287023037555628,world
rigid_medium,body_only,90167,True,False,l,1.3590101711106688,0.0,,72,0.11282968078739941,0.21545452205464244,world,0.14537041075527668,0.17994641873519868,world,0.19743137010373174,0.1779536801041104,world,0.5623180472292006,0.17879938293190206,world,3.31665962790139,0.17396212989260673,world,5.85398235315457,0.1703869396232767,world
rigid_medium,body_only,90168,True,False,m,1.6457533914678304,0.0,,77,0.177467439789325,0.19034661259502172,world,0.17537251450121402,0.15611523133702576,world,0.245625360775739,0.16996951547916977,world,0.7473950611893088,0.16685786813031883,world,2.5600205309921877,0.17053671350877264,world,8.531762671405449,0.17112150572473184,body
rigid_medium,body_only,90169,True,False,l,1.372684860076075,0.0,,63,0.1581140859052539,0.172367034945637,world,0.16392431622371076,0.17808722578920425,world,0.2716475774999708,0.17900504590943456,world,0.8919585249153897,0.15389626012038204,world,3.3127907342626712,0.15128302434968646,world,5.747957457765006,0.1518226220874931,world
rigid_medium,body_only,90170,True,False,m,1.5110806219967274,0.0,,77,0.14729786850512028,0.13229098543524742,world,0.17341904686763882,0.12494194099563173,world,0.27380452388897536,0.1361541016114643,world,0.942837107880041,0.13775894924037857,world,3.477717032446526,0.13587295436518615,body,6.757216922631487,0.1334253360235016,world
rigid_medium,body_only,90171,True,False,l,1.3393346079674444,0.0,,80,0.10533097316510975,0.16420958086382598,world,0.14085080036893488,0.16514731561765073,world,0.2081324716564268,0.1873097228584811,world,0.6422233297256753,0.1909313507785555,world,3.2767736693262126,0.18857283059187468,world,6.254762836075388,0.1930369129689643,world
rigid_medium,body_only,90172,True,False,m,1.5992541406103382,0.0,,69,0.12381422845646739,0.1268132464028895,world,0.177188701252453,0.11993756549200042,world,0.38095100376522173,0.12477276720455847,body,1.5407596407632809,0.13330667064583396,body,3.978977650319575,0.1367363574943738,body,6.1096299587597604,0.13729445220844355,world
rigid_medium,body_only,90173,True,False,l,1.2909310796297793,0.0,,74,0.12733484501950443,0.18043348252831493,world,0.1341452721506357,0.12546911640383768,world,0.2267741585150361,0.12300640009489142,world,0.637607637559995,0.11941714965287246,world,2.6310135944513604,0.1250070177080488,world,6.274863013541326,0.1280993452093389,world
rigid_medium,body_only,90174,True,False,m,1.4992846063269814,0.0,,60,0.09375693346373737,0.15365971904248,world,0.15215521859936415,0.12338490984402598,world,0.24380558126140384,0.13487720525590702,world,0.7803836481296458,0.14562754331855104,world,2.8370956326660233,0.14225251207826659,world,7.392311745986809,0.1469147235326818,body
rigid_medium,body_only,90175,True,False,l,1.375063495490151,0.0,,67,0.0996881821192801,0.0744168406818062,world,0.1360901174368337,0.1021442059776746,world,0.22207624070579188,0.11114425468986155,world,0.7500885627989191,0.1137871083781647,world,2.9404796382325005,0.11936110336864658,world,6.057547296505654,0.12447428593717633,world
rigid_medium,body_only,90176,True,False,m,1.3570155774731387,0.0,,71,0.1093466067686677,0.17123258102219552,world,0.12965023713186385,0.16792239502537998,world,0.1712367892730981,0.15163505062228066,world,0.5061055443016812,0.14849208100349642,world,2.4184132041758857,0.13979188720259117,world,8.80764177379664,0.15231673761038111,body
rigid_medium,body_only,90177,True,False,l,1.2641200458110455,0.0,,62,0.08544477622490376,0.07315313559956849,world,0.17392653587739915,0.12317657177336513,world,0.24023457773728296,0.10955471683992074,world,0.6914069031772669,0.12506944250199012,world,2.976640600778046,0.1341526177013293,world,5.206463360068156,0.1399551893491298,world
rigid_medium,body_only,90178,True,False,m,1.5240608064758356,0.0,,68,0.13326639169827104,0.10276082972995937,world,0.1295523017179221,0.11034528734162449,world,0.15945935712661594,0.10785813542315736,world,0.4541859421762638,0.10807370359543711,world,2.980023336870363,0.11597962130472295,world,5.6060835843509995,0.12041766764770727,world
rigid_medium,body_only,90179,True,False,l,1.4207768660969622,0.0,,63,0.10389386583119631,0.0976994102820754,world,0.15262456000782548,0.12422336987219751,world,0.24856668601278217,0.11708044469123706,world,0.8255262594786473,0.12703593719052153,world,3.094037866039434,0.12691110809100792,world,5.713153611423913,0.13475995380867972,world
rigid_medium,body_only,90180,True,False,m,1.6834084531201725,0.0,,70,0.20188409835100174,0.2236528410576284,body,0.23263566605746744,0.18233561809174717,body,0.3683049608487635,0.18603326098527762,body,1.2739146674284711,0.1961255599744618,body,3.5055968647007836,0.21082358076382662,body,6.215907951933332,0.20332698764279486,world
rigid_medium,body_only,90181,True,False,l,1.3164236438723707,0.0,,75,0.08802794764051214,0.1301706221420318,world,0.13338758071186022,0.13525013213511555,world,0.18362887637340464,0.14022053428925574,world,0.54925331233826,0.13586728882219176,world,2.1203220592011345,0.12813815259287364,world,7.982650937145227,0.1308136338595068,body
rigid_medium,body_only,90182,True,False,m,1.3450601064988406,0.0,,60,0.14437042945064604,0.1702366948593408,world,0.1612655098317191,0.14778470920864492,world,0.25303047032793985,0.16480737385572866,world,0.8077449049509596,0.16581869882356842,world,3.225035057761124,0.17537588750274152,world,5.435966192105552,0.1747225024033105,world
rigid_medium,body_only,90183,True,False,l,1.3429357517410216,0.0,,67,0.11119730258360505,0.14870584872551262,world,0.12979255192913114,0.16753724007867277,world,0.17721998321358115,0.1753254130424466,world,0.5940047336858697,0.17483828211843502,world,2.618782766262302,0.17089608655514893,world,7.5961052829795515,0.168352407112543,body
rigid_medium,body_only,90184,True,False,m,1.6568892806087865,0.0,,73,0.11628877266775817,0.164098029024899,world,0.17653231665026398,0.14196104045258837,world,0.2681335473782383,0.14401172868674622,world,0.9138479505374562,0.1455088556103874,world,3.479813386904425,0.15067194862058386,body,7.132196938035776,0.15859632113424596,world
rigid_medium,body_only,90185,True,False,l,1.43334245437914,0.0,,67,0.11905594891868532,0.1452642548829317,world,0.14458144078962504,0.14283326407894492,world,0.2181761384708807,0.15510959916282446,world,0.585711830330547,0.1621868590271333,world,2.8053358267236037,0.1600004872030695,world,6.733033071316314,0.1664080847951118,world
rigid_medium,body_only,90186,True,False,m,1.6331529059433587,0.0,,70,0.16219886217731982,0.2575929891318083,world,0.18871945452410727,0.19240038343705237,world,0.32233726411359387,0.15978938810294493,body,1.264842698170105,0.15782560713705607,body,3.8015207502088746,0.15902557429799347,body,6.621063746326835,0.15869395891946625,world
rigid_medium,body_only,90187,True,False,l,1.3141636302230804,0.0,,65,0.10203073406592011,0.18433345574885607,world,0.15497571602463722,0.1830143359489739,world,0.27905625123530625,0.19314462658949197,world,1.030447685532272,0.19804307591402903,world,3.3693695827387273,0.19627688147011213,world,5.490879551023244,0.2020743691112148,world
rigid_medium,body_only,90188,True,False,m,1.68271261290117,0.0,,72,0.06838358636014163,0.11747367982752621,world,0.14553576298058032,0.12304365970194339,world,0.310114114638418,0.12401841768296436,body,1.1332538052927703,0.14706601236830463,body,3.106998532707803,0.14010401566702058,world,6.950746472505852,0.14268225789441202,world
rigid_medium,body_only,90189,True,False,l,1.2673551846296478,0.0,,69,0.0982632270315662,0.10256820544600487,world,0.11997490713838488,0.11229461751645431,world,0.1531025910866447,0.10780387101112865,world,0.3167402304767165,0.1096941847121343,world,2.86843913961493,0.1113307128311135,world,7.754812980556162,0.11872830462525599,body
rigid_medium,body_only,90190,True,False,m,1.4616304439624153,0.0,,61,0.1316119385883212,0.14504287065938115,world,0.15074507861863823,0.15812185822287572,world,0.23021708283340558,0.16398188098683023,world,0.7802732897165696,0.16738387773220892,world,2.9014020879374582,0.1756190900116053,world,6.260584036282962,0.17326874289770783,world
rigid_medium,body_only,90191,True,False,l,1.3598610545526153,0.0,,75,0.12925691856071353,0.13295529689639807,world,0.14889968242496252,0.12634916184470057,world,0.251484841061756,0.13425578197930008,world,0.9827731170458719,0.14161967429099603,world,3.533622702618595,0.1487367559297127,body,5.212238728119992,0.15196991583157798,world
rigid_medium,body_only,90192,True,False,m,1.6394540644586693,0.0,,73,0.07723296573385596,0.12467711162753403,world,0.13281566915102302,0.1706844935659319,world,0.20522679600398985,0.1680753862543497,world,0.8559703255887143,0.16488333122979382,world,3.2311994399351534,0.16529412102972857,world,7.300436973662581,0.1594327607913874,world
rigid_medium,body_only,90193,True,False,l,1.2806965176607972,0.0,,79,0.1401305862236768,0.16182444849982858,world,0.13752737895119937,0.14891822827048598,world,0.16788428166182712,0.15268179449485614,world,0.44887723597348667,0.15323000465868972,world,2.631120428678696,0.15361608550228992,world,8.804252547604264,0.14640365339204436,body
rigid_medium,body_only,90194,True,False,m,1.3882151295384004,0.0,,72,0.10557727562263608,0.15978811215609312,world,0.11103665768168866,0.15174586372449994,world,0.16166047693695873,0.14498168600257486,world,0.5350919786724262,0.1394654671592889,world,3.191323966992786,0.13725752967095559,world,8.910609229241963,0.13636065891777435,body
rigid_medium,body_only,90195,True,False,l,1.4070168029723402,0.0,,68,0.1293946709483862,0.21446613676380366,world,0.1926744667813182,0.14724830521736293,world,0.30028917444869874,0.154789325396996,world,1.0175458358135074,0.1578716250427533,world,3.3361171741737055,0.15755951958999503,world,5.87289989980869,0.15355188831686975,world
rigid_medium,body_only,90196,True,False,m,1.4747105385822876,0.0,,78,0.0955891598132439,0.12842130661010742,world,0.150046160176862,0.14136235169135034,world,0.23287671367288565,0.13756859697168694,world,0.6557199148024665,0.1334344344562851,world,2.699815978833067,0.14296233592904173,world,6.801759308726178,0.15040393400064203,world
rigid_medium,body_only,90197,True,False,l,1.3111555143573217,0.0,,62,0.08648216386791319,0.12920134468004107,world,0.11730998086277396,0.13782860939390956,world,0.17042708430672066,0.13907082115765662,world,0.45771453891065905,0.133012391946977,world,2.8187974640546596,0.13263375050737525,world,6.856455099933083,0.1318473087158054,world
rigid_medium,body_only,90198,True,False,m,1.379640047296776,0.0,,79,0.11520058661699295,0.15777167188934982,world,0.18063305234536528,0.2013910795445554,world,0.2578212755266577,0.19769048484158702,world,0.88740844943095,0.19502138814132197,world,3.1457682145410217,0.19834950813819888,world,4.9324170784512535,0.20007853337039708,world
rigid_medium,body_only,90199,True,False,l,1.4868269255907973,0.0,,73,0.1733439089730382,0.15649586683139205,world,0.19133004499599338,0.1404913137666881,world,0.28153283437713983,0.1547072551562451,world,0.9549470912199467,0.16160047613666395,world,3.2282218594802545,0.15051791491860056,world,8.786324213324114,0.14675640802801354,body
rigid_medium,body_only,90200,True,False,m,1.568789452616487,0.0,,75,0.08468630781862885,0.13459859549766406,world,0.12875894743483515,0.13586699817096815,world,0.21242888929555193,0.1456004839099478,world,0.7439710319798906,0.15082006196316797,world,3.28720210850297,0.1564421708244481,world,6.100100974008674,0.15966387526888864,world
rigid_medium,body_only,90201,True,False,l,1.237480856854104,0.0,,74,0.11291606759186834,0.14703050162643194,world,0.160362873156555,0.12603290926199406,world,0.20746740937465802,0.12581657637492755,world,0.5813623464491684,0.13512092560122255,world,2.8914086174598195,0.1394488071091473,world,6.00468042803579,0.14213613850355614,world
rigid_medium,body_only,90202,True,False,m,1.589816924085751,0.0,,69,0.12867596140131354,0.14798870543017983,world,0.12910492446972058,0.14492169448640196,world,0.18555037606856786,0.14979995106114075,world,0.611439926570165,0.14842176443198696,world,3.0768864273195504,0.1464498547516996,world,7.544085628357133,0.14202339282550383,body
rigid_medium,body_only,90203,True,False,l,1.2163108575505985,0.0,,68,0.15698803728446364,0.16062881925608963,world,0.1608379831537604,0.1346534203737974,world,0.23404052322730423,0.12920349775231443,world,0.7067194661591203,0.12807036801532376,world,3.2195849974872544,0.1290281789122673,world,5.293410692932084,0.12601355867431266,world
rigid_medium,body_only,90204,True,False,m,1.577624770964431,0.0,,61,0.12863499531522393,0.1321036615408957,world,0.15549956569448115,0.12784669260727244,world,0.2104349641362205,0.13918846115120687,world,0.6736786456895061,0.15537978331267369,world,3.177385122614214,0.16411277150473325,world,6.7678968374081885,0.16703861090420108,world
rigid_medium,body_only,90205,True,False,l,1.3675497082151145,0.0,,65,0.0985608755145222,0.15861237840726972,world,0.13725873338989913,0.16435464289970694,world,0.20771109901834278,0.16984238346340136,world,0.7643238305696286,0.16096302229561843,world,3.2744152150873562,0.16014010336220963,world,4.990065748284105,0.16584150913578924,world
rigid_medium,body_only,90206,True,False,m,1.5176465510618466,0.0,,74,0.1188937125261873,0.13053865428082645,world,0.14789094915613532,0.12293561445549131,world,0.21565546109341086,0.1337245459901169,world,0.7610732056433335,0.1345780805859249,world,3.5989216875401326,0.1350971671345178,body,6.519590658848173,0.13271907157846724,world
rigid_medium,body_only,90207,True,False,l,1.2488637580931352,0.0,,80,0.17729361448436975,0.18384952517226338,world,0.14195435997098682,0.1617401364725083,world,0.19407045068219303,0.17288176781730724,world,0.5171009483281523,0.16787035520537757,world,2.915715760481544,0.15840191067836712,world,6.620179327288643,0.16584530720167096,world
rigid_medium,body_only,90208,True,False,m,1.4834364114696996,0.0,,66,0.13316415110602975,0.12693176185712218,world,0.17140065212734043,0.1374632256105542,world,0.2217948248842731,0.13301419199851808,world,0.7084908648510464,0.13566621377685806,world,3.0322106506268027,0.14578594992344734,world,4.420272607395891,0.1422708036628319,world
rigid_medium,body_only,90209,True,False,l,1.263629522578016,0.0,,60,0.14145264157559723,0.12191080464981496,world,0.14870861808303742,0.1335584996966645,world,0.22459880012320355,0.13479798504849894,world,0.7829451848345342,0.13408239437558223,world,3.543690188814071,0.13423387701186584,body,7.214649322211044,0.13950413844780996,world
rigid_medium,body_only,90210,True,False,m,1.3346147837212192,0.0,,73,0.13093584263697267,0.16835866682231426,world,0.1316569356713444,0.12780518760555426,world,0.19590528460685164,0.12226930644537788,world,0.6201135628041811,0.12734138118976263,world,3.1715079249872358,0.13514792042697082,world,7.420614813121501,0.13782987433543895,body
rigid_medium,body_only,90211,True,False,l,1.30656153459059,0.0,,71,0.0819574089255184,0.16476814972702414,world,0.15177951627410946,0.17473907652311027,world,0.19894368320237843,0.17571886745281518,world,0.5161533948848955,0.1754657449753722,world,2.505787729792064,0.17541336018839504,world,8.280409402453806,0.1730523542049923,body
rigid_medium,body_only,90212,True,False,m,1.6930851814175538,0.0,,60,0.14458104176446795,0.142191895050928,world,0.17437429695855827,0.15697355750016867,world,0.34563065277179705,0.1762885896721855,body,1.4559418157383335,0.17907044323801527,body,4.114502978915698,0.19604357831558444,body,7.095722982821753,0.18579539034835763,world
rigid_medium,body_only,90213,True,False,l,1.3559979569855254,0.0,,66,0.11128044268116355,0.19638448301702738,world,0.15130750900134443,0.16606374536640942,world,0.25647321366705,0.16113962084054945,world,0.9802423334913328,0.162921822728822,world,3.4222068581380882,0.16050468990288208,world,6.543128925473429,0.15627137717976441,world
rigid_medium,body_only,90214,True,False,m,1.3935857870234445,0.0,,60,0.11400525318458676,0.15732923801988363,world,0.14135425018612296,0.14045494254678487,world,0.19703742485726253,0.13657296423334628,world,0.6339675076131244,0.13033112880075348,world,3.1187289545225214,0.1302169713366311,world,6.892324548360193,0.1325966389058158,world
rigid_medium,body_only,90215,True,False,l,1.3131198647094737,0.0,,80,0.12264575902372599,0.1767152058891952,world,0.1455377200152725,0.14193480826215818,world,0.18270983311813324,0.12758163382532076,world,0.4636452796286904,0.1272441551554948,world,2.9683504653337875,0.1247405610018177,world,5.4131668162043205,0.12502587988448796,world
rigid_medium,body_only,90216,True,False,m,1.681261135717984,0.0,,66,0.10497246030718088,0.13476165023166686,world,0.15771273160353305,0.12292724570725114,world,0.2936570974998176,0.11911188445519655,world,1.2935286008287221,0.1270588668063283,body,4.01855922548566,0.13154087912698742,body,6.288970473231748,0.1358888646122068,world
rigid_medium,body_only,90217,True,False,l,1.413471960665546,0.0,,75,0.09319171728566289,0.12270821584388614,world,0.10434943598229438,0.11127074197866021,world,0.15415149080799892,0.11231894327211193,world,0.4600152722152415,0.11869334284128853,world,2.7654122839943738,0.11534853933626438,world,8.659668628174114,0.1140710601126193,body
rigid_medium,body_only,90218,True,False,m,1.584896311018346,0.0,,74,0.10927624395117164,0.15248606307432055,world,0.16463760565966368,0.14394946359097957,world,0.32285710647702215,0.13944725692126667,body,1.2776527316309512,0.13569482926905038,body,3.5041213475633413,0.1480621155231347,body,7.496087318826467,0.15834675051024533,body
rigid_medium,body_only,90219,True,False,l,1.3119810143159762,0.0,,70,0.07846165960654616,0.0871223391732201,world,0.13093197639100254,0.11965567441657185,world,0.2051201182184741,0.11825907099992038,world,0.5963651857688093,0.11989885488292201,world,2.890496971056564,0.12247003961820156,world,5.103248807180208,0.12457403454056476,world
rigid_medium,body_only,90220,True,False,m,1.300500753923412,0.0,,65,0.20304366666823626,0.1995894848369062,body,0.17087307898327708,0.12523823166266085,world,0.25728694670833646,0.14285726367961615,world,0.9198558776872232,0.13588270768523217,world,3.396711310523097,0.14225046482315518,world,6.18918635583017,0.13814885429979767,world
rigid_medium,body_only,90221,True,False,l,1.325946290087466,0.0,,69,0.1220666179433465,0.14319263014476746,world,0.15253128143958747,0.14023032279219477,world,0.24375671923626213,0.12849341036053374,world,0.7262534475536087,0.13037397184525618,world,3.1987799219146837,0.12546987761161288,world,5.697558928329963,0.1250042085145833,world
rigid_medium,body_only,90222,True,False,m,1.3799548422979533,0.0,,63,0.14248142763972282,0.16896929778158665,world,0.15413436153903604,0.19056662772782149,world,0.18529240342322736,0.17657958222553133,world,0.4992900175624527,0.173289838276105,world,3.29901976667461,0.16235174406319858,world,6.697525105953682,0.1614620529662352,world
rigid_medium,body_only,90223,True,False,l,1.2088747342560058,0.0,,66,0.06543966825120151,0.09839496319182217,world,0.10845720316283404,0.1255059910006821,world,0.15439227202441544,0.13924231890123337,world,0.40325282736448576,0.14316973799141125,world,2.5312154677638317,0.13990653346409088,world,8.77806700281566,0.13978933043428698,body
rigid_medium,body_only,90224,True,False,m,1.3689372681649405,0.0,,67,0.1255507457535714,0.13375498284585774,world,0.11930476657580584,0.12819398262072357,world,0.1575381008326076,0.1211476483484148,world,0.44151810930925417,0.12298020505040767,world,3.005078118862002,0.13242837734105706,world,6.317311565469717,0.13852654626338334,world
rigid_medium,body_only,90225,True,False,l,1.4190999555086545,0.0,,76,0.0635925664100796,0.1138951750472188,world,0.1185590335400775,0.1215534949209541,world,0.19065504000755026,0.14569656376261264,world,0.6628657563647721,0.1603346330753993,world,3.1891646071831925,0.15874933495942967,world,5.193528400940123,0.1599140953675669,world
rigid_medium,body_only,90226,True,False,m,1.3666051873938825,0.0,,68,0.11001073778606951,0.15854289021808654,world,0.17020974489860238,0.1617345509759616,world,0.2566946450388059,0.1530227457958972,world,0.9322897157515398,0.1650238830698072,world,3.296647649392253,0.16259793691788216,world,5.607394867071417,0.1633106214554573,world
rigid_medium,body_only,90227,True,False,l,1.2089853713110907,0.0,,76,0.08714429067913443,0.1575691858306527,world,0.1691899942466989,0.1725407039746642,world,0.2401769842603244,0.1532276799553074,world,0.7696645293210167,0.1508682900457643,world,3.293880069433362,0.14882198494160548,world,6.457634540494764,0.15229316059907433,world
rigid_medium,body_only,90228,True,False,m,1.3941552835422104,0.0,,76,0.07725923182442784,0.14576111920177937,world,0.17020619052927943,0.14295838244725018,world,0.22673468169523403,0.13087837047351059,world,0.7542687228124123,0.12785738822858547,world,2.6473885262472323,0.13440520689691765,world,6.897896237674867,0.13625215262145504,world
rigid_medium,body_only,90229,True,False,l,1.4129882265602367,0.0,,60,0.13396594137884676,0.1518451450392604,world,0.1853026359109208,0.13880861840443687,world,0.2992142447619699,0.1391159607854206,world,1.0693296127195935,0.14508884375391062,body,3.4109334996057443,0.143511873560783,world,6.285502249676501,0.1384246682905359,world
rigid_medium,body_only,90230,True,False,m,1.387380358400205,0.0,,62,0.11802772432565689,0.15497580263763666,world,0.16842606319114564,0.15280682491138578,world,0.22696815482340751,0.15394560113782063,world,0.7592782812425868,0.15458446133998222,world,3.323293360939715,0.15534325882035774,world,7.024319738247431,0.14807280255598015,world
rigid_medium,body_only,90231,True,False,l,1.2736796593502162,0.0,,79,0.14131551736500114,0.19338566274382174,world,0.16509927075821906,0.13312274222262205,world,0.2212946928688325,0.14165288270451126,world,0.6023526860226411,0.15271285163471476,world,2.8910010987805435,0.15083200500812383,world,6.313355000537122,0.15043163475813343,world
rigid_medium,body_only,90232,True,False,m,1.3398772042708087,0.0,,65,0.1249258341267705,0.11594371742103249,world,0.12767845084890725,0.1343327641254291,world,0.1492369722574949,0.13069764375686643,world,0.36841458985581993,0.1304709503745471,world,2.8134695170912893,0.1346885199002827,world,8.093616037536412,0.13808096331657,body
rigid_medium,body_only,90233,True,False,l,1.2151805568406018,0.0,,74,0.12107406510040164,0.16297979885712266,world,0.14079970065504313,0.15419195981230588,world,0.17178798587992786,0.14263678427087143,world,0.3928064957261086,0.1458157621324062,world,2.3139254061505197,0.14051792611571728,world,7.489095432460308,0.1395496311056195,body
rigid_medium,body_only,90234,True,False,m,1.412785576783788,0.0,,80,0.11331531801261008,0.13772403355687857,world,0.12226198981516063,0.1570739157963544,world,0.19000444354023785,0.16908698200713845,world,0.6154893092229031,0.17109937383793294,world,3.050665189855499,0.17530245480011217,world,4.859085964958648,0.1771021468064282,world
rigid_medium,body_only,90235,True,False,l,1.4243033807217698,0.0,,60,0.159964814549312,0.14233862969558686,world,0.19428516523912548,0.1358850741526112,world,0.29184883579146115,0.1376077328575775,world,0.8191169213852845,0.13662806491774973,world,2.8700373785744886,0.1395603774479241,world,4.249164796292316,0.14456313521775882,world
rigid_medium,body_only,90236,True,False,m,1.6997035312296203,0.0,,64,0.13362337020225823,0.1823620544746518,world,0.16704415932763367,0.13130143978632985,world,0.29255036289105196,0.13500449038692752,world,0.9503986603871454,0.1442300147289643,world,3.400289458563202,0.15099756432900902,world,5.847680581497261,0.15227827958820855,world
rigid_medium,body_only,90237,True,False,l,1.376968432617344,0.0,,75,0.10489240917377174,0.13219775236211717,world,0.11947865928523244,0.12321724945213647,world,0.1899730995995924,0.13581537613063122,world,0.6937800978659652,0.1464125327562215,world,3.458249220129801,0.149256105045788,body,5.544365953605157,0.14605788316461257,world
rigid_medium,body_only,90238,True,False,m,1.5968317899030746,0.0,,62,0.06014690431766212,0.09710883325897157,world,0.12847892842255532,0.12813583398237824,world,0.21121829773765058,0.1351994051481597,world,0.6759991695056669,0.14284699403797277,world,3.206290253199404,0.13842879429430466,world,5.824108653569128,0.13033532795816427,world
rigid_medium,body_only,90239,True,False,l,1.3434682340044826,0.0,,67,0.0600068251369521,0.11542862327769399,world,0.10148317108396442,0.12818780317902564,world,0.15242981641786174,0.1332427520042984,world,0.41975791021832265,0.1257491253549233,world,2.366075526343775,0.1317538245668402,world,6.510155294492143,0.14004198443610222,world
rigid_medium,world_only,90240,False,True,,1.0,1.0,short,59,0.08520242339000106,0.1321454627905041,world,0.15628080535680056,0.16572726182639597,world,0.22931443080306055,0.1686535123270005,world,0.7680519503541291,0.16344783111126163,world,2.894045324763283,0.16240421334223354,world,6.19459149857983,0.15858598771475957,world
rigid_medium,world_only,90241,False,True,,1.0,1.0,medium,75,0.18094822368584573,0.22922848723828793,world,0.20093903173692523,0.20290262727066877,world,0.2784974825801328,0.20310877119190993,world,0.9521902454667726,0.1989904492511414,world,3.147405597456964,0.2000038926693378,world,4.604266745180357,0.1964741549064638,world
rigid_medium,world_only,90242,False,True,,1.0,-2.0,short,69,0.1187568218447268,0.10915887542068958,world,0.16715328483842312,0.11531148056965321,world,0.25496769507881256,0.12300937802065165,world,0.7974563790368847,0.12655599037825596,world,2.5985240959504154,0.12790088978817948,world,5.793666272906121,0.13087880025625054,world
rigid_medium,world_only,90243,False,True,,1.0,2.0,medium,68,0.1799025172367692,0.2731711817905307,world,0.15244757239706813,0.40411016843281683,world,0.2075723855989054,0.6124700116459281,world,0.695675480843056,0.9099070855183528,world,3.128695490636164,1.1459578171023168,world,5.037460135912989,1.314567622077884,world
rigid_medium,world_only,90244,False,True,,1.0,-4.0,short,65,0.06679751770570874,0.3298682738095522,world,0.11948883947916328,0.900849520880729,world,0.15232292625587435,1.6406121369916944,world,0.25881079367827625,2.5725922956829894,world,0.4492869855253957,2.529954625980463,world,0.5989000587677583,2.4010597191518173,world
rigid_medium,world_only,90245,False,True,,1.0,4.0,medium,65,0.1148321800865233,0.2130169195588678,world,0.1581290140748024,0.35551838981918993,world,0.21808581417426467,0.4858206016710028,world,0.684173475438729,0.5976822969969362,world,2.8156869512284173,0.6846061752468813,world,5.497173188151791,0.7453445609955816,world
rigid_medium,world_only,90246,False,True,,1.0,-1.0,short,75,0.11806627083569765,0.06117484124843031,world,0.12434293802361934,0.10885615518782288,world,0.17959098665742204,0.1156101654865779,world,0.5416650402301457,0.12225785536575132,world,2.997696781667764,0.13148764168727212,world,5.20266091631609,0.137732576058188,world
rigid_medium,world_only,90247,False,True,,1.0,-1.0,medium,77,0.12545603746548295,0.20296610053628683,world,0.15536472029052675,0.20538532850332558,world,0.24520570670720188,0.16346536186756566,world,0.798857216804754,0.16881056323763916,world,3.229271250538295,0.17219146963616366,world,5.960729437002446,0.16683693881612272,world
rigid_medium,world_only,90248,False,True,,1.0,-2.0,short,70,0.16559727699495852,0.14831903018057346,world,0.1393828998785466,0.13164743492379788,world,0.20526208544615657,0.13474454768002034,world,0.607275081530679,0.13660948323085906,world,2.9666739458742084,0.14901031606714243,world,4.469273093885277,0.14355170355047447,world
rigid_medium,world_only,90249,False,True,,1.0,2.0,medium,60,0.13300472777336836,0.2730562463402748,world,0.12831366746686398,0.4830440340563654,world,0.20019159845542162,0.6613527732901275,world,0.7776164204929955,0.9301813738187775,world,3.199619281530613,1.1959441781655185,world,4.548113150505815,1.4012476291891653,world
rigid_medium,world_only,90250,False,True,,1.0,4.0,short,68,0.12269397615455091,0.22210569574963301,world,0.2128135701175779,0.38408710730727763,world,0.3510840923292562,0.5933245818247087,body,1.3001030181418174,0.8458847065514418,body,3.3086841930111404,1.049237853111845,world,5.06152225341415,1.204222728399909,world
rigid_medium,world_only,90251,False,True,,1.0,-4.0,medium,77,0.1495876433327794,0.2562100263312459,world,0.23829412609338763,0.4314405814628117,body,0.3991144348867237,0.5178546991606708,body,1.4666450124699624,0.6289188292372274,body,3.1824629772687327,0.7179243422389846,world,4.153368449220434,0.8071607953993953,world
rigid_medium,world_only,90252,False,True,,1.0,-1.0,short,78,0.07833489077165723,0.13113202550448477,world,0.15088657354936003,0.14174654616508633,world,0.19288604371249674,0.13916080676717685,world,0.6074024824425578,0.14491231422289275,world,2.9114996892400087,0.14746470548270735,world,5.4075224901363255,0.15021784541022498,world
rigid_medium,world_only,90253,False,True,,1.0,1.0,medium,60,0.1553853602381423,0.18725654331501573,world,0.21784526428673417,0.17972618427593262,body,0.3182378466357477,0.19369821854634212,body,1.0938289863115642,0.1857405969465617,body,3.0705292311060477,0.18136241388783672,world,4.1437580042902855,0.18506069308583392,world
rigid_medium,world_only,90254,False,True,,1.0,2.0,short,75,0.0907745542936027,0.15634371526539326,world,0.12752123740501703,0.16234187106601894,world,0.19598885832820087,0.17555287522263824,world,0.605738851998467,0.18851862109731882,world,3.30820172271342,0.1898927605805511,world,5.570808426255826,0.19778556131641378,world
rigid_medium,world_only,90255,False,True,,1.0,2.0,medium,70,0.13480688584968448,0.2670020489022136,world,0.12188923815265298,0.5297169578727334,world,0.1792977021075785,0.7205404801061377,world,0.6914874461013824,0.9643192636955062,world,2.973457970214076,1.2212780692294474,world,5.562384621025995,1.4322863154651715,world
rigid_medium,world_only,90256,False,True,,1.0,-4.0,short,70,0.17790820868685842,0.3071618592366576,world,0.15912436600774527,0.9917531629092992,world,0.19753406578674912,1.8243210633751006,world,0.37014976437203584,2.794819830427877,world,0.5705450172768906,2.7567217526375316,world,0.8828621883969754,2.5617937337933108,world
rigid_medium,world_only,90257,False,True,,1.0,-4.0,medium,64,0.13682943093590438,0.3653696095570922,world,0.14003885767888277,0.8623744204640389,world,0.22379295107675717,1.3639012238010764,world,0.7341483749158215,2.038655699422816,world,2.9062402680137893,2.6874940478272036,world,4.120063565470045,2.469107883760007,world
rigid_medium,world_only,90258,False,True,,1.0,-1.0,short,67,0.058409959776327014,0.12155147222802043,world,0.10074952878057958,0.15958217941224576,world,0.1285111046396196,0.1483717223716667,world,0.23846357041038574,0.15936554937361508,world,2.0300889767939228,0.16265736154382465,world,10.105611808309332,0.1593695549495169,body
rigid_medium,world_only,90259,False,True,,1.0,1.0,medium,71,0.1543900929391384,0.18325789063237607,world,0.18726933915168048,0.1755105941556394,world,0.26710532875731585,0.18190848723752423,world,0.92511838208884,0.18569311618921347,world,2.4222220929339526,0.18985759788483847,world,4.969153108261526,0.18715299396775664,world
rigid_medium,world_only,90260,False,True,,1.0,-2.0,short,78,0.14166228054091334,0.21997654670849442,world,0.15785267851315438,0.1641926343436353,world,0.2504897678038105,0.16716961264028216,world,0.8240274525131099,0.17313787877501455,world,3.269512824196136,0.17750243058399065,world,7.862740988226141,0.17864914406731258,body
rigid_medium,world_only,90261,False,True,,1.0,-2.0,medium,76,0.1214480185881257,0.47012883238494396,world,0.15054140044376255,1.1079349633306264,world,0.17673165686428546,1.7822546979412435,world,0.25230576209723954,2.842993459571153,world,0.45769873121753335,2.8023893456906084,world,0.7371095332130789,2.6690598388947544,world
rigid_medium,world_only,90262,False,True,,1.0,-4.0,short,68,0.08701361040584743,0.4033645943272859,world,0.13148456988856197,1.0958982693497092,world,0.168109291465953,2.0005496376426892,world,0.3039026620099321,2.964787490537856,world,0.5048935088445432,2.808718245133059,world,0.7234653336228802,2.633049065743107,world
rigid_medium,world_only,90263,False,True,,1.0,-4.0,medium,76,0.1514137857593596,0.3298124997818377,world,0.1496210220037028,0.8324478496040684,world,0.2304917509085499,1.3545951766049256,world,0.815634372056229,2.0302277037451857,world,2.788684053937322,2.6881647076246735,world,4.7768342663848316,2.525210723533237,world
rigid_medium,world_only,90264,False,True,,1.0,1.0,short,76,0.09778001252561808,0.12857659463770688,world,0.1614618809428066,0.15889583893585948,world,0.2527071991702542,0.15980071859667078,world,0.8168953290558421,0.1566841197258327,world,2.991483818105189,0.1482904577656882,world,3.949817163448315,0.14864565808122282,world
rigid_medium,world_only,90265,False,True,,1.0,1.0,medium,73,0.12362238916102797,0.1513883110601455,world,0.1598575229989365,0.13040862361085603,world,0.23538536351406947,0.130731184213073,world,0.7853630323719699,0.13453079250029987,world,2.9660898188507416,0.13909867638358264,world,5.385170071251923,0.15345560038898837,world
rigid_medium,world_only,90266,False,True,,1.0,2.0,short,80,0.18933523632586002,0.20415870822034776,world,0.1759653529152274,0.1629934500204399,world,0.26160437003709375,0.15213736527366564,world,0.8455345170805231,0.14710282100713812,world,3.176866323605645,0.14613982552837115,world,5.1529568232269956,0.1479748483291769,world
rigid_medium,world_only,90267,False,True,,1.0,2.0,medium,73,0.13357651745900512,0.45434844493865967,world,0.16514852209948006,1.2738180771470071,world,0.21988698826171454,2.2035953484475614,world,0.3323947073193267,3.4720935001969337,world,0.5972616463084706,4.246117411181331,world,0.9390442864270883,3.815088669359684,world
rigid_medium,world_only,90268,False,True,,1.0,-4.0,short,69,0.14270116272382438,0.34301325725391507,world,0.15184810496866702,0.8812562499428167,world,0.19110061759129165,1.515997299843002,world,0.2623125919606537,2.172179116593907,world,0.3563349536852911,2.1374380935245427,world,0.4286838395800442,2.057391803631326,world
rigid_medium,world_only,90269,False,True,,1.0,4.0,medium,74,0.13732585031539202,0.21792937209829688,world,0.16292894575744868,0.3509927768260241,world,0.23482031626626848,0.4727797108702362,world,0.8323104532901198,0.5833896148484201,world,3.0649626090424134,0.677819991292199,world,4.346302816206589,0.7366947584680746,world
rigid_medium,world_only,90270,False,True,,1.0,-1.0,short,81,0.1421200850745663,0.2229060484096408,world,0.14263273074757307,0.21918257826473564,world,0.21953972241608427,0.2288319592247717,world,0.7126990005082916,0.21758650688570924,world,3.1608534801605854,0.21382792661461278,world,4.969399579906604,0.2085852808522759,world
rigid_medium,world_only,90271,False,True,,1.0,1.0,medium,77,0.1528082808945328,0.17559972894378006,world,0.1906934550497681,0.1767723254626617,world,0.2798222967190668,0.1689090620726347,world,0.9011785900569521,0.16543172420933844,world,3.2065803216013595,0.17535711290547623,world,4.738281712762546,0.17625928551598918,world
rigid_medium,world_only,90272,False,True,,1.0,-2.0,short,58,0.15916311461478472,0.1780401710420847,world,0.19510563239455225,0.15458521666005254,world,0.26382199744693935,0.16278189317090436,world,0.8274017199641093,0.1534790115081705,world,2.6205342508736065,0.15524360215058552,world,5.401570465597324,0.15414897309674416,world
rigid_medium,world_only,90273,False,True,,1.0,2.0,medium,71,0.10582390846684575,0.1956304309424013,world,0.13677850239910183,0.3691853758413345,world,0.19864674562122675,0.5764257092145271,world,0.6628987682866865,0.8631474332883954,world,2.943328181927791,1.0915668465589987,world,6.230340149959083,1.2550811302301008,world
rigid_medium,world_only,90274,False,True,,1.0,4.0,short,60,0.11027863016352057,0.19536142656579614,world,0.16069544800557195,0.42944546020589763,world,0.27011923652607944,0.6650685865664854,world,1.1184440119774082,0.8936855415988247,body,3.6028442330018153,1.0719856754352803,body,5.513930750351864,1.2119286007306072,world
rigid_medium,world_only,90275,False,True,,1.0,4.0,medium,76,0.13116911565884948,0.22756600007414818,world,0.15608742954209448,0.35140144112519917,world,0.22911580414511262,0.4848909422988072,world,0.8239957668120041,0.6027466447092593,world,2.9332416925695726,0.6942248317936902,world,5.365618763719686,0.7590698583016637,world
rigid_medium,world_only,90276,False,True,,1.0,1.0,short,69,0.14901133999228477,0.2022809237241745,world,0.17589855166152119,0.2079632584180217,world,0.24890114082954826,0.19553294157085474,world,0.8093151192879304,0.18972133993956958,world,2.956697765353601,0.18692868867437937,world,6.071593112344853,0.19067601173912407,world
rigid_medium,world_only,90277,False,True,,1.0,-1.0,medium,75,0.13264758232980967,0.13260394521057606,world,0.13236590949818494,0.14697764478623868,world,0.1908963338006288,0.144270988937933,world,0.478221023385413,0.15808614781708458,world,2.8452907146536743,0.167782178914058,world,5.627480428800919,0.17414766843430698,world
rigid_medium,world_only,90278,False,True,,1.0,2.0,short,64,0.05084602860733867,0.05849555227905512,world,0.1060828201007098,0.10320378500036895,world,0.16956089737359437,0.11968579579261132,world,0.4724259156850167,0.12965484415472017,world,2.6793129551282617,0.13883062019231146,world,4.881888002457563,0.14484109981771326,world
rigid_medium,world_only,90279,False,True,,1.0,-2.0,medium,63,0.09379962924867868,0.41956254467368126,world,0.12926674149930478,1.074731845408678,world,0.1625205895397812,1.7612412255257368,world,0.2516941689653322,2.8262928975746036,world,0.4904285010532476,2.845297113759443,world,0.84427617686335,2.6919539185706522,world
rigid_medium,world_only,90280,False,True,,1.0,4.0,short,77,0.13413323368877172,0.21529912017285824,world,0.1714833086822182,0.3843750433297828,world,0.2709422099171206,0.5654089139425196,world,0.9604598402627743,0.7923657734492735,world,2.750070603360655,0.9711089339903993,world,5.225408060245682,1.1010842028404295,world
rigid_medium,world_only,90281,False,True,,1.0,4.0,medium,77,0.08795697975438088,0.23020040057599545,world,0.1535947392927483,0.32344994380837305,world,0.19989710996160284,0.44301421839627436,world,0.6000966248393524,0.5629850785102463,world,2.6842632370680803,0.6533026066652383,world,5.643899908500025,0.7073064323910512,world
rigid_medium,world_only,90282,False,True,,1.0,1.0,short,68,0.12047823704779148,0.13992363354191184,world,0.17601499408483506,0.15624566925689576,world,0.24059151713736354,0.14672091181855648,world,0.7753079035086556,0.14744620755518553,world,3.095657156256493,0.1472429199035105,world,5.175915478481911,0.1454100722304429,world
rigid_medium,world_only,90283,False,True,,1.0,-1.0,medium,74,0.11511694500222802,0.08300485438667238,world,0.16465008910745382,0.10852991191204636,world,0.24008540157228708,0.14304847890743988,world,0.745500111207366,0.1503042733937036,world,3.0117442674934862,0.14955606991497916,world,4.520828340295703,0.15859486801113237,world
rigid_medium,world_only,90284,False,True,,1.0,2.0,short,72,0.17550919950008392,0.18553707492537796,world,0.1690323740709573,0.15387630783952772,world,0.23755150826182214,0.1509488150884863,world,0.728119150258135,0.1507864986473578,world,2.7877446981554383,0.14958232719436637,world,5.491634522581007,0.15848330414126394,world
rigid_medium,world_only,90285,False,True,,1.0,-2.0,medium,73,0.12503620039205998,0.402929462492466,world,0.12360403842758388,1.174845276772976,world,0.16765176480403168,1.8676303118467332,world,0.2926794604107272,2.9101060202345255,world,0.6464213102910434,3.0307581933215264,world,0.9848765019269194,2.8796682855300606,world
rigid_medium,world_only,90286,False,True,,1.0,4.0,short,67,0.0996009805239737,0.15026490180753171,world,0.13349088854156435,0.36082108449190853,world,0.20624362302478405,0.5574187166173943,world,0.6929324373020791,0.7826633420656435,world,2.949864823155804,0.9482868403923931,world,4.408029844749253,1.0724321928923017,world
rigid_medium,world_only,90287,False,True,,1.0,4.0,medium,79,0.08692800556309521,0.2620897786691785,world,0.15192476888187229,0.45224818142596634,world,0.24429643817711622,0.5584182846709155,world,0.9205418883473612,0.6840009020233992,world,3.237769056420075,0.7706218403880485,world,5.052606689457315,0.8418579964965465,world
rigid_medium,world_only,90288,False,True,,1.0,-1.0,short,78,0.07494451338425279,0.12861571460962296,world,0.1313783686142415,0.17342551946640017,world,0.20577834802679718,0.1751646450255066,world,0.7276953766820953,0.1734316258894978,world,2.867638666310813,0.18865980903210583,world,5.223003257452511,0.1904071346699493,world
rigid_medium,world_only,90289,False,True,,1.0,1.0,medium,64,0.1659270701929927,0.17590848915278912,world,0.14678681567311286,0.19049348696134985,world,0.1950831952970475,0.20521802726434546,world,0.5197063558502122,0.19945996298338287,world,3.051691055705305,0.19815596794942394,world,5.023376548378728,0.19645981348876373,world
rigid_medium,world_only,90290,False,True,,1.0,2.0,short,66,0.15267142048105597,0.1595341437496245,world,0.1676600584294647,0.14993984578177333,world,0.21612768948543815,0.1370422773063183,world,0.5866226485581137,0.14137272040825338,world,2.463788614264922,0.1486400762179983,world,5.7689091403153725,0.14633793305823928,world
rigid_medium,world_only,90291,False,True,,1.0,-2.0,medium,75,0.11184673709794879,0.3955396916717291,world,0.18446200927719475,0.9823417523410172,world,0.3049591010902077,1.5404553440166637,world,0.8542265785159543,2.318114349024836,world,2.447738875693176,2.8228078458982053,world,6.28468715722207,2.766722776290844,world
rigid_medium,world_only,90292,False,True,,1.0,-4.0,short,74,0.11688963137567043,0.3379203611984849,world,0.11960847261361779,0.985666803456843,world,0.17187742029782388,1.7922173005528748,world,0.31134104434167964,2.6782548318151385,world,0.49006874701590275,2.6063376834150405,world,0.7519747849949636,2.4417036565719172,world
rigid_medium,world_only,90293,False,True,,1.0,4.0,medium,69,0.11998069519177079,0.23048012796789408,world,0.14276599856093528,0.3559478747367393,world,0.22988260313868525,0.46675914196239315,world,0.7351169958943501,0.5918904259058764,world,2.985993630916346,0.6927751330636966,world,5.900084329326637,0.752627103207924,world
rigid_medium,world_only,90294,False,True,,1.0,-1.0,short,70,0.12791764456778765,0.14431740177678876,world,0.16487093581818044,0.17356948954402468,world,0.22039641009178013,0.17356168467958927,world,0.6335950488108211,0.16518008559796726,world,2.737790542090079,0.1597981865335896,world,7.488244579059537,0.15856326699868079,body
rigid_medium,world_only,90295,False,True,,1.0,1.0,medium,64,0.0937151366379112,0.12929038307629526,world,0.12472274550236762,0.1407566467882134,world,0.214544917200692,0.1502658654062543,world,0.7430848026298917,0.15799982865864876,world,2.5852634733368176,0.15547681163589006,world,7.105427626513411,0.15777226871810854,world
rigid_medium,world_only,90296,False,True,,1.0,-2.0,short,84,0.13438666431466118,0.15131714032031596,world,0.14594932791078463,0.13444315077504143,world,0.19032572087016889,0.13355076035368257,world,0.5788330239622155,0.1353915437561227,world,2.716625619931438,0.13294094365119236,world,7.218269330363837,0.1342404953483492,world
rigid_medium,world_only,90297,False,True,,1.0,2.0,medium,62,0.10118588886689395,0.22500468371436,world,0.12839658346492797,0.4264964770525694,world,0.19792089244583622,0.6305537299253047,world,0.5921387737907935,0.9213154531666078,world,3.1682056381512664,1.1568971672095358,world,5.502933986453572,1.3217592268594305,world
rigid_medium,world_only,90298,False,True,,1.0,4.0,short,62,0.16741967294365168,0.22043759666848928,world,0.1489309230353683,0.3311855646083131,world,0.24771505440585315,0.5580684199347161,world,0.813891003257595,0.8291196654376108,world,3.266149468149524,1.0291566922060156,world,5.51889987945091,1.1766508928444819,world
rigid_medium,world_only,90299,False,True,,1.0,-4.0,medium,67,0.10725993756204844,0.18651722744107246,world,0.1107302893185988,0.34920819723047314,world,0.17453275179723277,0.4504270209232345,world,0.5967877175484319,0.5600938972260338,world,2.5197739262046523,0.6522381197923096,world,6.721778636124218,0.7294966319191736,world
rigid_medium,world_only,90300,False,True,,1.0,-1.0,short,67,0.15500194113701582,0.20889552123844624,world,0.14662334574386476,0.17764355128165335,world,0.2078271077014506,0.15062129594152793,world,0.725358934700489,0.1559149227803573,world,3.4579542094841598,0.15755087120342065,body,7.390334064736962,0.15415000059641898,body
rigid_medium,world_only,90301,False,True,,1.0,-1.0,medium,72,0.17984576849266887,0.24133949261158705,world,0.17855016379617156,0.1657965060789138,world,0.2549965679412708,0.1572433328256011,world,0.7846342742326669,0.17081503942608833,world,2.9664562167541586,0.1758803736040136,world,6.169271045287605,0.172924563610577,world
rigid_medium,world_only,90302,False,True,,1.0,-2.0,short,78,0.15360553143545985,0.1612387290224433,world,0.16504675992764534,0.130607948359102,world,0.247437324677594,0.13082163223298265,world,0.8111660721362568,0.12883840447757394,world,3.1252618980885014,0.13245849280210678,world,4.732685218576808,0.13881575542851352,world
rigid_medium,world_only,90303,False,True,,1.0,2.0,medium,59,0.1167273917235434,0.3459240132942796,world,0.14524457100778818,0.5948804984334857,world,0.23457438806071879,0.7430322167929263,world,0.8523784610442817,0.9982039329886903,world,3.006306473957375,1.2617271672410424,world,7.184727376718073,1.4652561705844709,world
rigid_medium,world_only,90304,False,True,,1.0,4.0,short,80,0.07004163262899965,0.16241457918658853,world,0.1090633020037785,0.39260408440604805,world,0.20323169409530237,0.6048834261717275,world,0.8128173482196871,0.8017314193712082,world,2.706684216138092,0.9599487297789892,world,5.585883256095695,1.071284061226179,world
rigid_medium,world_only,90305,False,True,,1.0,-4.0,medium,73,0.08243170892819762,0.31313375500030816,world,0.12248349022120238,0.848659708397463,world,0.1901466678828001,1.3241283409530298,world,0.6956333027221262,2.009750961698592,world,2.825483673391864,2.6324103361461315,world,5.234031131584197,2.4323362894146703,world
rigid_medium,world_only,90306,False,True,,1.0,1.0,short,64,0.12627474078908563,0.1351412571966648,world,0.16214595986530184,0.13529477051924915,world,0.23214563983492553,0.14665522433351727,world,0.7387179724639281,0.14945839588763193,world,3.0305426595616156,0.1503688938857522,world,4.991979902773164,0.14991477816889529,world
rigid_medium,world_only,90307,False,True,,1.0,1.0,medium,72,0.10165977955330163,0.13411827851086855,world,0.15404394606593996,0.14479154024738816,world,0.2549696884234436,0.15322561452630906,world,0.8722713965515141,0.1602819955791347,world,3.056451625542832,0.16730844309204257,world,3.7014004772820046,0.17171254998975202,world
rigid_medium,world_only,90308,False,True,,1.0,-2.0,short,62,0.07887223723810166,0.13467476813821122,world,0.15020268138032405,0.15476086999988184,world,0.2227142828400247,0.16963580839219505,world,0.5704154048522468,0.1655536527861841,world,3.0340733438933967,0.1587680667609675,world,5.134015119232936,0.15758357586804778,world
rigid_medium,world_only,90309,False,True,,1.0,2.0,medium,65,0.11750757368281484,0.27863110275939107,world,0.17294369684532285,0.5722760471515358,world,0.25628119241446257,0.8046258857706562,world,0.9895790010690689,0.9928754857857712,world,3.2288576905615627,1.2180428507814667,world,5.444584598094225,1.402777257446014,world
rigid_medium,world_only,90310,False,True,,1.0,4.0,short,70,0.1003584919963032,0.19757625740021467,world,0.12416023393161596,0.37971196938306095,world,0.1887376178288832,0.5853285231161862,world,0.7592630918719807,0.7745203182974364,world,3.311534092371585,0.9258779622177825,world,7.263838546716142,1.0459895530040375,world
rigid_medium,world_only,90311,False,True,,1.0,-4.0,medium,66,0.14765783154871315,0.20614742627367377,world,0.13670891823712736,0.2928127461811527,world,0.24825517089338975,0.413817683130037,world,0.9726753543189262,0.534388692007633,world,3.1960445861826887,0.6134844087442616,world,4.620389511418762,0.7135884378035553,world
rigid_medium,world_only,90312,False,True,,1.0,1.0,short,69,0.16376211820170283,0.16336522728670388,world,0.19243572442792356,0.1451541707618162,world,0.24884963610675187,0.14831978174624966,world,0.8023142723250203,0.1490246783650946,world,2.807593492505839,0.14370265856850895,world,4.744558431503829,0.13996765530726407,world
rigid_medium,world_only,90313,False,True,,1.0,-1.0,medium,66,0.06651191983837634,0.11346721241716295,world,0.1167125595966354,0.1391754583688453,world,0.1542170157772489,0.13125073314877228,world,0.408796794252703,0.14324519162182697,world,2.6416334271925734,0.14039664621523118,world,7.376422992228763,0.14665148522763047,body
rigid_medium,world_only,90314,False,True,,1.0,2.0,short,66,0.08560508233495057,0.1322319044265896,world,0.14027503691613674,0.140316663577687,world,0.21080768378451464,0.1505102371738758,world,0.665895054442808,0.1547204422968207,world,2.974925794522278,0.15668550727277764,world,6.560799155486747,0.15157244573172649,world
rigid_medium,world_only,90315,False,True,,1.0,2.0,medium,65,0.1534686367958784,0.23364083375781775,world,0.16474804482422767,0.4423765542451292,world,0.2656682533910498,0.6452495636884122,world,0.9537504019914196,0.9470691892172909,world,3.390783405245747,1.1798526162907366,world,6.840279713845812,1.3385590712336126,world
rigid_medium,world_only,90316,False,True,,1.0,4.0,short,63,0.15764179732650518,0.24723566137254238,world,0.20616747424937784,0.4263486571609974,world,0.2971778310602531,0.6305535861756653,world,1.1545546312700026,0.8353537911782042,body,3.339025096077239,0.9912714524951299,world,4.560732906365301,1.1044178230233956,world
rigid_medium,world_only,90317,False,True,,1.0,4.0,medium,84,0.10643692407757044,0.18405392114073038,world,0.13396745426580312,0.32293722024187443,world,0.15675513264723123,0.4110883977264166,world,0.4777768448228017,0.5119838277038071,world,3.4152309940312993,0.6025236419423892,world,7.539855887857266,0.6639643138911925,body
rigid_medium,world_only,90318,False,True,,1.0,-1.0,short,75,0.1583912130445242,0.1504835996311158,world,0.14177606124430897,0.167286188271828,world,0.2197690710425377,0.15852340498240663,world,0.7415694771334529,0.14314980372437275,world,3.20404740748927,0.14240731308091198,world,4.444774917177856,0.1370611852541333,world
rigid_medium,world_only,90319,False,True,,1.0,1.0,medium,65,0.09004856087267399,0.1344049251638353,world,0.1640161391813308,0.13266678545624017,world,0.22356541675981134,0.13708437830209733,world,0.659917298599612,0.13524191979086025,world,2.728376183233922,0.1374912324390607,world,5.556051729561296,0.14677910094091204,world
rigid_medium,world_only,90320,False,True,,1.0,2.0,short,76,0.156307807774283,0.19317902339389548,world,0.16491477007512004,0.14754326933762058,world,0.23117180654080585,0.15838125277659854,world,0.7454924073128495,0.15910736422229094,world,3.1111322071432372,0.15571124345697174,world,3.937687359565171,0.16067953297853818,world
rigid_medium,world_only,90321,False,True,,1.0,2.0,medium,57,0.20179653051309288,0.37282155081629753,body,0.20105757494457066,0.5016449534217827,world,0.2651144313393161,0.662361883110134,world,0.7811556455446408,0.9446476621989859,world,2.9079140831367116,1.1913176092042705,world,6.488451961749233,1.3758846975205232,world
rigid_medium,world_only,90322,False,True,,1.0,4.0,short,74,0.16652130568400025,0.29403233947232366,world,0.16311755441129208,0.46017620021011674,world,0.23652706472203136,0.6542482540593483,world,0.7745465865358709,0.9338172886709798,world,3.019379660207778,1.1558262250771805,world,6.146420264430344,1.2928447930508993,world
rigid_medium,world_only,90323,False,True,,1.0,-4.0,medium,75,0.11917980434373021,0.17777364433277398,world,0.12494501629844308,0.3558816764736548,world,0.19053423078730702,0.47504544361727313,world,0.6711060849484056,0.5787107444077264,world,2.844298874703236,0.658569070577505,world,6.293875519866123,0.7401381694443989,world
rigid_medium,world_only,90324,False,True,,1.0,1.0,short,72,0.12702789017930627,0.18628052389249206,world,0.18744696900248528,0.19420042661949993,world,0.2535107632633299,0.19092052717460317,world,0.7723041753051803,0.18919585610856302,world,2.776192566507962,0.1873193093953887,world,5.6476721711223945,0.18273840753478,world
rigid_medium,world_only,90325,False,True,,1.0,1.0,medium,80,0.1275554816238582,0.1806223806925118,world,0.12961465353146195,0.1236303759040311,world,0.1957793566863984,0.13385198955656963,world,0.677641068189405,0.13785961766261606,world,3.1903478874708524,0.1395291900698794,world,5.161133196554147,0.13532683287514374,world
rigid_medium,world_only,90326,False,True,,1.0,2.0,short,73,0.18702369648963213,0.2385912025347352,world,0.1763344627339393,0.16310124488081781,world,0.2554802272701636,0.16055505422409622,world,0.7750751249608584,0.1714053764240816,world,3.001801980106393,0.16841614063596352,world,4.350021838436369,0.16871648379456017,world
rigid_medium,world_only,90327,False,True,,1.0,-2.0,medium,78,0.12525372067466378,0.5084693543612957,world,0.155512549681589,1.4239965356886388,world,0.15760658092331142,2.673390891030431,world,0.28601909705903383,4.143725410290062,world,0.5008390939095988,4.613911862764508,world,0.9933430188242347,4.052946477346122,world
rigid_medium,world_only,90328,False,True,,1.0,-4.0,short,74,0.1100394178647548,0.44666130281984806,world,0.13442024814430625,1.4695615325123073,world,0.15795513541670517,2.703743855841458,world,0.2804528779408429,4.229324406478554,world,0.5058700898225652,4.7091978148091584,world,1.2679286862548906,4.12320383420214,world
rigid_medium,world_only,90329,False,True,,1.0,4.0,medium,75,0.17007065122015774,0.18841296806931496,world,0.15260388595052066,0.36930357082746923,world,0.20563629607204348,0.4950524146901444,world,0.6706650314503348,0.6199687213782454,world,3.318324884661706,0.716264509638131,world,5.97407856482314,0.7870733639207902,world
rigid_medium,world_only,90330,False,True,,1.0,1.0,short,82,0.0842205963563174,0.07294701086357236,world,0.1535088623408228,0.14600833961740134,world,0.22605990797746928,0.1494287127861753,world,0.693454451917205,0.1534341009479249,world,2.494031273602741,0.1585113440771238,world,7.144407553311903,0.15706858149264008,world
rigid_medium,world_only,90331,False,True,,1.0,1.0,medium,61,0.1495370687916875,0.2118021440692246,world,0.16980078760534525,0.18610117861535402,world,0.24123604474589228,0.16695355190895497,world,0.8356894399505109,0.1729362940583087,world,3.0683886501705278,0.17199344942018796,world,5.803362596323714,0.17435492543139847,world
rigid_medium,world_only,90332,False,True,,1.0,-2.0,short,70,0.13311259262263775,0.15996189741417766,world,0.1860779644921422,0.17380422544665636,world,0.3072714145295322,0.19931454784236846,world,1.19444184130989,0.19882486272981623,body,3.0398613253375513,0.20664453220451834,world,3.6168200169410554,0.20459850310260663,world
rigid_medium,world_only,90333,False,True,,1.0,2.0,medium,72,0.18831980042159557,0.2795807430520654,world,0.23969079172238705,0.44024208579212426,body,0.3853362328838557,0.6667012835154309,body,1.3403789378469808,0.9029992537689395,body,3.071758439473342,1.0842122523230502,world,4.0124358533276245,1.2095609417086235,world
rigid_medium,world_only,90334,False,True,,1.0,4.0,short,61,0.12779056932777166,0.16626651224214584,world,0.13499411654192955,0.4052479513688013,world,0.22295353739755228,0.5988214856479317,world,0.925482382957125,0.8276031963294371,world,3.3027739634533644,0.9944968978845282,world,7.6355389991321125,1.1410693596431518,body
rigid_medium,world_only,90335,False,True,,1.0,-4.0,medium,77,0.12075312621891499,0.32934408029541373,world,0.12325668283738196,0.8321862852200866,world,0.20659352352377028,1.2867370002903045,world,0.7231707532308065,2.0267832935787737,world,2.393305049900664,2.735841518570669,world,4.687074095334392,2.6304545983765273,world
rigid_medium,world_only,90336,False,True,,1.0,-1.0,short,76,0.15407471428625286,0.165893767029047,world,0.18407291774637996,0.13707044809125363,world,0.2647415422135964,0.15437539911363274,world,0.7995996300247498,0.1563088514492847,world,2.594292856386164,0.15235999725045987,world,7.471172588171903,0.15439584511710563,body
rigid_medium,world_only,90337,False,True,,1.0,1.0,medium,60,0.12222707900218666,0.1231743327807635,world,0.15080963596701621,0.15569257824681698,world,0.21844860124401747,0.15391185500193388,world,0.7935354572487995,0.15246698758855928,world,3.1204399249865675,0.1586063921902678,world,5.21586782952305,0.1594884590461152,world
rigid_medium,world_only,90338,False,True,,1.0,2.0,short,58,0.12823966017458588,0.15203210874460638,world,0.15824315247591586,0.16574485013261436,world,0.2340649585123174,0.15714705280261115,world,0.7896148850151803,0.1585075626964681,world,2.478672864890541,0.1588696473307209,world,5.352094610425411,0.16184941953397358,world
rigid_medium,world_only,90339,False,True,,1.0,2.0,medium,61,0.10297808656468987,0.2057510889135301,world,0.13970737191848456,0.4250230193603784,world,0.2573567985324189,0.6212537067010998,world,0.9250512796803376,0.9387005640659482,world,3.136004893638892,1.1999941690533886,world,5.98767517291708,1.3946788337815086,world
rigid_medium,world_only,90340,False,True,,1.0,4.0,short,57,0.13359888037666678,0.23647521575912833,world,0.11867901934310793,0.38460829686373477,world,0.15023194681853058,0.5968205484794452,world,0.41748232431709764,0.8708207263494842,world,2.4121211236342788,1.0837935436575208,world,6.775935249403119,1.2337065589288247,world
rigid_medium,world_only,90341,False,True,,1.0,4.0,medium,71,0.10164463799446821,0.18392289150506258,world,0.11268284139223397,0.3539743293076753,world,0.17813080318737776,0.4625578031525947,world,0.5849549819366076,0.5871086864965036,world,3.251468793890672,0.6799766908647144,world,5.462179607686121,0.7420027387788286,world
rigid_medium,world_only,90342,False,True,,1.0,1.0,short,69,0.12432041438296437,0.15790245961397886,world,0.18171969391405585,0.16113952323794364,world,0.23178830975666642,0.17064614242408427,world,0.7055370063986629,0.1721789987874217,world,2.7342120074434204,0.1715400900997338,world,5.898789236051961,0.17240170431527077,world
rigid_medium,world_only,90343,False,True,,1.0,1.0,medium,70,0.2098208856768906,0.21585417725145817,body,0.15888795484788718,0.161338379047811,world,0.24328428555745635,0.15390995482448488,world,0.7663470551022329,0.15667685729276853,world,2.564142747578444,0.16016013491534978,world,6.615335481420625,0.16405414151813602,world
rigid_medium,world_only,90344,False,True,,1.0,2.0,short,65,0.16056365706026554,0.17456097109243274,world,0.15643612723797562,0.1379041236359626,world,0.2021185043733567,0.15745474047726019,world,0.5867615792667493,0.15643052031518892,world,2.9592846721294337,0.153810096878442,world,6.133800071659499,0.15852482087699174,world
rigid_medium,world_only,90345,False,True,,1.0,-2.0,medium,75,0.06411309260874987,0.3534916485659778,world,0.1196155324112624,0.946009432617575,world,0.18597563973162323,1.591490620793775,world,0.3097622681525536,2.582240705913864,world,0.5235399127064738,2.632678073842544,world,0.7929588511982002,2.495461958098458,world
rigid_medium,world_only,90346,False,True,,1.0,4.0,short,59,0.12025269586592913,0.3917027493007481,world,0.12861059177666903,0.8908874953165651,world,0.17416028762236238,1.6877540782559661,world,0.5684046033304185,2.6569858480477704,world,2.318095529684797,3.485471675742883,world,3.6987575293891135,3.5967866993742064,world
rigid_medium,world_only,90347,False,True,,1.0,-4.0,medium,63,0.17427007528021932,0.29696206096559763,world,0.20559383017243818,0.41999794116709377,world,0.3002394864859525,0.5253802635124885,world,1.0502473156229826,0.6308366601529998,world,2.868181719970017,0.7158265707606916,world,3.9435049022600284,0.8058718437049537,world
rigid_medium,world_only,90348,False,True,,1.0,-1.0,short,77,0.15346766030415893,0.21473613753914833,world,0.224774104449898,0.20484489831142128,body,0.3003181214444339,0.18065602595452218,world,0.958231780352071,0.18333803120767697,world,2.899934944906272,0.17706247318710666,world,3.563946301313117,0.17160679178196003,world
rigid_medium,world_only,90349,False,True,,1.0,1.0,medium,63,0.21961754001677036,0.23871146060992032,body,0.24635291837621479,0.2119371569948271,body,0.3334737861179747,0.20554580667521805,body,1.0608034749340733,0.19202089937753045,body,3.178522072956548,0.1886199368047528,world,4.1833429652976335,0.1830367601888429,world
rigid_medium,world_only,90350,False,True,,1.0,-2.0,short,79,0.09204799844883382,0.1133073850069195,world,0.14469283069483935,0.12468757100868968,world,0.20058232981245966,0.12345947158755735,world,0.6662509200512432,0.13473086710437202,world,2.8857704457535873,0.1425409859744832,world,7.310464316892903,0.1542823413514998,world
rigid_medium,world_only,90351,False,True,,1.0,2.0,medium,75,0.07756260642781854,0.21549880877137184,world,0.13696495052427055,0.49248250424861906,world,0.19578298260457813,0.6417760311160235,world,0.6397019637515768,0.9100789936899673,world,2.9417597256484442,1.1682571790806833,world,5.783924662801438,1.3719189457144239,world
rigid_medium,world_only,90352,False,True,,1.0,-4.0,short,76,0.08742176182568073,0.34196057450026274,world,0.13324850359931587,0.9869547998532653,world,0.15626583457924426,1.6586962470784783,world,0.24906235642265528,2.62257090897765,world,0.474988467147341,2.6292288436903615,world,0.7256061466946266,2.4629068997118155,world
rigid_medium,world_only,90353,False,True,,1.0,-4.0,medium,65,0.1753487573005259,0.39017278468236327,world,0.1801102187484503,0.8759265218861401,world,0.23354386663995685,1.427305428404361,world,0.845684228814207,2.11474125032546,world,3.044152856047731,2.7484606665500904,world,5.0547056895447895,2.536805065132212,world
rigid_medium,world_only,90354,False,True,,1.0,-1.0,short,72,0.12008862942457199,0.12694465648382902,world,0.1565985708963126,0.16558059202507136,world,0.21953428655397145,0.17502288441173733,world,0.6831072729430161,0.17605677557294258,world,3.0041795628319963,0.18011132944666314,world,6.337848252754194,0.17782546835835092,world
rigid_medium,world_only,90355,False,True,,1.0,1.0,medium,71,0.13541477522812784,0.13786856178194284,world,0.18860583277419207,0.14848718049470336,world,0.26632867963053286,0.1620529080973938,world,0.8141483070561661,0.16461468298221008,world,2.8730984378722497,0.1682179086506949,world,4.196070757214912,0.1698172495502513,world
rigid_medium,world_only,90356,False,True,,1.0,2.0,short,78,0.13548820023424923,0.2048893729224801,world,0.17530618607997894,0.1562170055694878,world,0.253758172923699,0.14591814593877644,world,0.8821403957670555,0.15645750720359503,world,2.8480152954231017,0.16250724536112102,world,5.772331961798482,0.16793148625045434,world
rigid_medium,world_only,90357,False,True,,1.0,-2.0,medium,69,0.06752024363959208,0.309776964597404,world,0.13703463963465765,0.8496537262108177,world,0.17468936914228833,1.5244393331697212,world,0.29013828628521876,2.290527144470252,world,0.4321929609999643,2.249555100838188,world,0.5812844010867411,2.1380419259564953,world
rigid_medium,world_only,90358,False,True,,1.0,4.0,short,74,0.1286852997727692,0.22420894959941506,world,0.1639943986199796,0.3866592437960208,world,0.2478241531527601,0.5743081869324669,world,0.8373194766871166,0.8096116831118706,world,2.8686949216615174,0.9861125091789291,world,6.25823152180179,1.1247821114596446,world
rigid_medium,world_only,90359,False,True,,1.0,-4.0,medium,57,0.1543253161944449,0.22309567301999778,world,0.145380375161767,0.4130504276370629,world,0.2044316954910755,0.5160713586374186,world,0.6914401579415426,0.6248069222347112,world,2.6708938229712658,0.7045044296668493,world,7.089245624835603,0.7955517284653615,world
rigid_medium,body_world,90360,True,True,m,1.436507707360915,1.0,short,74,0.10514307767152786,0.100491086486727,world,0.1547198655549437,0.09850358574185519,world,0.219430616335012,0.12134647067869082,world,0.6945951864239759,0.12307986131636427,world,3.2515018370060718,0.1292324063455453,world,5.874968242126052,0.13926175924309064,world
rigid_medium,body_world,90361,True,True,l,1.4256287739373548,-1.0,medium,60,0.12463381129782647,0.29812042554840446,world,0.32248285331297666,0.8905021040700377,body,0.5655632897862233,1.6109806510154159,body,1.0312918895680923,2.7543503058375793,world,2.3513532526703784,3.3511302233324383,world,3.282208717536414,3.0709685993427414,world
rigid_medium,body_world,90362,True,True,m,1.4329806398316671,-2.0,short,74,0.13131891936063766,0.4394308105111122,world,0.1573957460001111,1.4420961510390042,world,0.21642956202849745,2.6511253325268624,world,0.5369804133544676,4.3981420419178905,world,1.0891714146302547,5.046395076578483,world,2.4631952875084244,4.507989662420005,world
rigid_medium,body_world,90363,True,True,l,1.210563351806276,-2.0,medium,77,0.13158483197912574,0.45019169710576534,world,0.22521715061739087,1.2729032453149558,body,0.2748084179358557,2.0419135382398963,world,0.4048662020941265,3.2453282973729074,world,0.7269822608737742,3.9075228780042375,world,1.3560238165431655,3.516644649785012,world
rigid_medium,body_world,90364,True,True,m,1.372696280105733,-4.0,short,58,0.09647492435760796,0.6071176342666149,world,0.16071365894749762,1.5492721565067769,world,0.2785901109222323,2.570593725517392,world,0.5467924666823819,4.130729726143182,world,1.044369022094179,4.072288035508246,world,1.6389671338023617,3.695427643693983,world
rigid_medium,body_world,90365,True,True,l,1.2749895656307437,-4.0,medium,74,0.10775625181850046,0.2891531945206225,world,0.20224705745931715,0.867777745332569,world,0.3837476642685942,1.466042511491105,body,0.9987206492514815,2.579946735943668,world,2.595394246649812,3.691111522016581,world,4.460419996156125,3.7467516043921933,world
rigid_medium,body_world,90366,True,True,m,1.3066897985826524,-1.0,short,69,0.1396326720714569,0.16559395845979452,world,0.1380138151347637,0.1538160923635587,world,0.25172350658103826,0.16429788488312624,world,1.00526157845743,0.16063364293368068,world,3.3227273777360096,0.15995363156907844,world,5.979519142741338,0.1579636067993124,world
rigid_medium,body_world,90367,True,True,l,1.3576619828175316,1.0,medium,62,0.18466143030673265,0.20845623267814517,world,0.19362261607311665,0.1621838646475226,world,0.2693164055934176,0.15595961925573648,world,0.8836475455085747,0.15864031403325496,world,2.388309403642779,0.15893012640735832,world,5.700648477764335,0.1663206388661638,world
rigid_medium,body_world,90368,True,True,m,1.4143053583788585,2.0,short,60,0.12118264101445675,0.06609973311424255,world,0.14757365114055573,0.13637562384828927,world,0.19141890231985598,0.1343454398564063,world,0.5474435843178072,0.14165795883745885,world,2.9378014031623025,0.14159511689213106,world,5.128015287697781,0.1353043273111689,world
rigid_medium,body_world,90369,True,True,l,1.3743712386074276,-2.0,medium,67,0.19641340151429176,0.3609947273507714,body,0.33420495530590416,1.1702780472114682,body,0.48167388848960396,2.0848608263768256,body,0.7349052007310092,3.238963637175038,world,1.7283607180695983,4.083851340250112,world,3.1647373091243205,3.731427322784439,world
rigid_medium,body_world,90370,True,True,m,1.5116611087725051,4.0,short,61,0.124169577145949,0.5927342288196087,world,0.19820914776064455,1.5537380509078502,world,0.3499285125406459,2.6097370620816944,body,0.984864248719532,4.394255661033094,world,1.9572443577519152,5.069540528487414,world,2.9925800405465997,4.505114285759628,world
rigid_medium,body_world,90371,True,True,l,1.462891218935012,4.0,medium,69,0.17407226283103228,0.26977891381829977,world,0.2651197087485343,0.4790980698657222,body,0.45433663132134827,0.6833521726599429,body,1.551990370277781,0.9357047617057105,body,3.2459452609589787,1.2159870942297857,world,3.918120725790504,1.4176623334409668,world
rigid_medium,body_world,90372,True,True,m,1.6331779731038802,-1.0,short,65,0.1413392904214561,0.12618709250818938,world,0.14438357949256897,0.15315776253119112,world,0.22668524929322303,0.15709877536864952,world,0.8932706098305061,0.15655783096444792,world,3.8845646647387184,0.15257080485025654,body,7.002418971271254,0.15771571346791463,world
rigid_medium,body_world,90373,True,True,l,1.2018022497580947,-1.0,medium,66,0.11053386307321489,0.14510021219030023,world,0.15315928026102482,0.15437200437299908,world,0.20003429518546909,0.13405798232415692,world,0.5457391496631316,0.1354631282680202,world,2.483770016854396,0.13868373908335344,world,5.804469639991876,0.14122649775759782,world
rigid_medium,body_world,90374,True,True,m,1.3280228263513763,-2.0,short,73,0.10874815960414708,0.4700941350311041,world,0.16235099541954695,1.3101409580558538,world,0.25727307486813517,2.257032640092075,world,0.4092058987240307,3.582337391283363,world,0.7679190824215767,3.618775480939075,world,1.398240096566733,3.358092357944697,world
rigid_medium,body_world,90375,True,True,l,1.308876304017658,2.0,medium,65,0.11063131969422102,0.26158467307686806,world,0.19020699663087726,0.5087690757354721,world,0.34425001493655144,0.6944854113156909,body,1.140760405617766,0.9153760292276274,body,2.9826994377537632,1.172925980112632,world,3.7352900322293863,1.3550530049588998,world
rigid_medium,body_world,90376,True,True,m,1.5016949779873145,4.0,short,70,0.11736302031204104,0.5368176363408566,world,0.155909983580932,1.6850821070373059,world,0.2895524790277705,2.680244521424174,world,0.6341230442398228,4.316003709845245,world,1.773171836772235,4.779121182207018,world,2.257150642790366,4.328685138337314,world
rigid_medium,body_world,90377,True,True,l,1.2414565409093206,-4.0,medium,66,0.06535748019814491,0.17168047465384007,world,0.12437358116731048,0.36085119303315877,world,0.17564528579823674,0.5753484274493531,world,0.42585241511696953,0.8932325503847097,world,2.704433551878901,1.1466684492625063,world,7.764414212510456,1.33033166547626,body
rigid_medium,body_world,90378,True,True,m,1.4238236120964585,1.0,short,66,0.12119586346670985,0.11540114227682352,world,0.15092707951553166,0.13349849940277636,world,0.23644952562171967,0.12811409803107382,world,0.7731244318769314,0.13836667394352842,world,3.34481331690331,0.1437025052138779,world,7.468070600416977,0.1411866358431871,body
rigid_medium,body_world,90379,True,True,l,1.2836548774066676,-1.0,medium,64,0.042797661502845585,0.06748861726373434,world,0.09110525015275925,0.116700704023242,world,0.1599238041206263,0.13299469726625832,world,0.5205998259305489,0.1389728159061633,world,3.064172248946852,0.1453842018978321,world,6.684437157580396,0.1645065339055145,world
rigid_medium,body_world,90380,True,True,m,1.3621236417497946,2.0,short,70,0.11536266235634685,0.15831142954993993,world,0.15316001223400233,0.13883396794553846,world,0.23588128029368816,0.13315897766151466,world,0.6977569672046229,0.1247394208330661,world,3.466274845728185,0.13168383832380642,body,7.343554931185208,0.13139481251011603,body
rigid_medium,body_world,90381,True,True,l,1.3983378082528164,-2.0,medium,74,0.08741276036016643,0.46230919659137726,world,0.3092223971616477,1.2592241615056992,body,0.4741365241119638,2.0823236748576166,body,0.7713234953698702,3.264248075336218,world,1.5753101446724032,4.030267673917114,world,3.0281429357849996,3.522836946323514,world
rigid_medium,body_world,90382,True,True,m,1.3509200717074077,-4.0,short,74,0.12098694033920765,0.6030326709151268,world,0.12512180036865175,1.5535011082887649,world,0.22015626929933205,2.663266633450985,world,0.4539736077946145,4.30613818988204,world,0.9011555655306438,4.250895618647338,world,1.4459212997893336,3.8324023636430504,world
rigid_medium,body_world,90383,True,True,l,1.2311925915846564,4.0,medium,58,0.11468071956187487,0.21787733980454504,world,0.1613198269158602,0.4504493338172324,world,0.3226186532527208,0.600593828264391,body,1.0345109462738038,0.7723592907510465,world,3.135850643180311,0.8887804265235901,world,4.416693892776966,0.9631949266907758,world
rigid_medium,body_world,90384,True,True,m,1.524037917146982,-1.0,short,63,0.10104189324192703,0.14184242143528536,world,0.1589506662450731,0.14602738168323412,world,0.2769674512092024,0.14335557609447278,world,0.9481697708601133,0.14996577361307573,world,3.4046524632838553,0.1485644064450753,world,6.520846030716784,0.14413611683645286,world
rigid_medium,body_world,90385,True,True,l,1.3531822605860213,1.0,medium,58,0.11062612943351269,0.10984575084876269,world,0.14084893092513084,0.1200193323311396,world,0.22645306994672865,0.11344985415926204,world,0.7476857030182146,0.11581540019833483,world,2.970778686803533,0.13018231511523481,world,4.963088590677362,0.1441074728348758,world
rigid_medium,body_world,90386,True,True,m,1.3095845696334245,2.0,short,61,0.1319532417692244,0.10047966754063964,world,0.1507929853629321,0.11587294321507215,world,0.20744970219675452,0.11836993037723005,world,0.6012021266971714,0.1379881937406026,world,2.487463461008156,0.1541286419786047,world,6.923623290567193,0.17263613509479914,world
rigid_medium,body_world,90387,True,True,l,1.3723802328668413,-2.0,medium,61,0.08922962192445993,0.358294696547091,world,0.2556725279428065,1.090848926641047,body,0.46231538658030336,1.8792069350369274,body,0.7319102592067793,2.832120289513841,world,1.3747336149797775,3.1366095232078806,world,2.2981619521463292,2.826212478512898,world
rigid_medium,body_world,90388,True,True,m,1.6369604542264304,4.0,short,64,0.08623549458570778,0.4870726093649864,world,0.19434770359657705,1.5917578041553497,world,0.3158876504516229,2.8973105803132055,body,0.5245570741244592,4.3818471938371655,world,0.9132878363889176,4.563740736991168,world,1.6984708628361114,4.138072791546583,world
rigid_medium,body_world,90389,True,True,l,1.4434986184388112,4.0,medium,68,0.12381528806872666,0.2228976933984086,world,0.21767301517538723,0.4026244242908433,body,0.3822179606882855,0.6041749435127712,body,1.3694557088776491,0.9241827901161741,body,3.3279931159398988,1.2252776231121971,world,5.467239891279023,1.395958298955811,world
rigid_medium,body_world,90390,True,True,m,1.628686273513856,1.0,short,63,0.07462404749821872,0.13277661427855492,world,0.14611108116805555,0.16127351170871407,world,0.2201855019200593,0.1595339593011886,world,0.8099039327120409,0.15384508515708148,world,3.0653753696824424,0.1555613629810978,world,7.3171020981995385,0.16595610413933173,world
rigid_medium,body_world,90391,True,True,l,1.4997252692437577,-1.0,medium,60,0.05949830170720816,0.10351930791512132,world,0.14121323144063352,0.12278709442471156,world,0.26222348944284024,0.11239031921431888,world,0.9901007669279351,0.12473109606798971,world,3.055804277874995,0.14056872719374952,world,7.132535098758526,0.13994081567274408,world
rigid_medium,body_world,90392,True,True,m,1.4793682183432437,2.0,short,56,0.09728105459362268,0.0979353697039187,world,0.17789627360180021,0.12257599707227199,world,0.2784312752541155,0.1367459861561656,world,0.9534461832372472,0.15479671966750175,world,3.240673953050282,0.17729417459049726,world,4.526014139070176,0.17292001925350634,world
rigid_medium,body_world,90393,True,True,l,1.373838534697687,-2.0,medium,80,0.10520074516534805,0.4228750541806221,world,0.28940183110535145,1.2183679603040218,body,0.4930327646434307,2.1331401478499172,body,0.8360770668834447,3.2965132294222714,world,1.9617999751120805,4.1012063178233795,world,3.4803820479661227,3.764811302386224,world
rigid_medium,body_world,90394,True,True,m,1.374879786515465,4.0,short,58,0.1290942020714283,0.46976677142083645,world,0.20027465121820567,1.3276364623568953,world,0.3897544904612005,2.361059343023226,body,1.225161257572472,4.063931572786532,body,2.7161329942056907,5.096328076149803,world,3.5648997231293467,4.7220244825212285,world
rigid_medium,body_world,90395,True,True,l,1.2278138310881848,-4.0,medium,72,0.133621274959296,0.15161978779360652,world,0.19437741921283305,0.3227213746868074,world,0.3444338142406196,0.4862995075061917,body,1.139557615923695,0.6608044303837233,body,2.642743918241467,0.8003926975827199,world,4.436949145835824,0.9087326454813592,world
rigid_medium,body_world,90396,True,True,m,1.5997246997728216,1.0,short,76,0.11570499581284821,0.13926542783156037,world,0.16590507789514958,0.14637048256117852,world,0.3434406222542748,0.15422435156069697,body,1.2237565143848768,0.1524483676068485,body,3.6852694592846094,0.148958249433781,body,5.879608094000723,0.15214519741886762,world
rigid_medium,body_world,90397,True,True,l,1.2083810902658325,1.0,medium,74,0.17382412496954203,0.18049962352961302,world,0.14580348497256637,0.1241112323012203,world,0.1618260510265827,0.12171312692225911,world,0.41921845385804773,0.12578582139976788,world,2.3236523182597013,0.12815064743335824,world,5.531680795419961,0.12395085270283744,world
rigid_medium,body_world,90398,True,True,m,1.605681322392905,2.0,short,61,0.18036289559677243,0.19342486071400344,world,0.13822716355789452,0.15007031871937215,world,0.2285689171985723,0.1557218085741624,world,0.8068311755370814,0.1498510250414256,world,3.3422109470149737,0.1588632363185752,world,6.177526474908227,0.16300464500731324,world
rigid_medium,body_world,90399,True,True,l,1.216354811034764,-2.0,medium,60,0.10901527013629675,0.36637558229267597,world,0.18175674891099333,1.1418345801532268,world,0.2780449513345957,2.042812780663371,world,0.42954425513744354,2.9007548658177256,world,0.832126192888245,3.103828360326588,world,1.4256295886076986,2.805060656368732,world
rigid_medium,body_world,90400,True,True,m,1.3999353886758357,4.0,short,71,0.13392765587195754,0.5483589842915535,world,0.2255937783047557,1.5556989058852198,body,0.3503633984888438,2.7166060484945778,body,0.9517506224598038,4.410867793485522,world,2.200160329208302,5.333324153348803,world,3.0568959763931343,4.666452526934445,world
rigid_medium,body_world,90401,True,True,l,1.3909618610188579,-4.0,medium,64,0.17002652119845152,0.2427592114545405,world,0.25821425504982476,0.41842462690547105,body,0.41648645456880334,0.6058431128971279,body,1.2743299087975175,0.9009407464414836,body,2.9060872548492624,1.1821666216215818,world,4.253242325792089,1.3907028202502987,world
rigid_medium,body_world,90402,True,True,m,1.4765881692612393,-1.0,short,72,0.12810465227812529,0.16012087604030967,world,0.10165928252972663,0.1250175558961928,world,0.14148695257026703,0.12557996284449474,world,0.3837570262257941,0.12816337167751043,world,3.3847023087146226,0.12646973454393445,world,7.66322402142221,0.129178806268028,body
rigid_medium,body_world,90403,True,True,l,1.2287348099119875,1.0,medium,60,0.1377041400410235,0.14223820017650723,world,0.15685463049449025,0.137942985445261,world,0.2419188241707161,0.1491850107791834,world,0.7538326453068294,0.15384987798170185,world,2.665075400454225,0.15330383400869324,world,4.456641022146214,0.15789353258674965,world
rigid_medium,body_world,90404,True,True,m,1.5959684874168683,-2.0,short,61,0.13190611451864243,0.6020647883415222,world,0.22517391350120305,1.7675921589136123,body,0.31695076618343593,2.97732844799757,body,0.5295657801674679,4.576749826222658,world,0.9839752033934929,4.992693705670535,world,1.9504104515770448,4.448990099094808,world
rigid_medium,body_world,90405,True,True,l,1.4263406910614387,-2.0,medium,77,0.26080260425806046,0.30414240807294846,body,0.4396587091265246,1.0524268575012683,body,0.626413471752312,1.8226967509835958,body,0.9329304224520456,2.9298272175714373,world,1.7345506408571965,3.353844105172902,world,2.8001988207304382,2.995917901881039,world
rigid_medium,body_world,90406,True,True,m,1.5761825745829299,-4.0,short,68,0.14974174974486232,0.5836056806147099,world,0.21378168994560837,1.769057459384203,world,0.3401237063109875,2.8116456333547832,body,0.6304881619522348,4.489874626882374,world,1.3822089353692717,5.181575357262044,world,2.730667835553177,4.4959325216338035,world
rigid_medium,body_world,90407,True,True,l,1.3075505965528191,-4.0,medium,60,0.16454176139086485,0.2081158517394215,world,0.20509489225223662,0.4109123421367258,world,0.3164316696580499,0.6001438335748389,body,0.9404061319073662,0.8933114492276218,world,3.081038417003583,1.1655640294280603,world,4.469195176619105,1.3768313253531232,world
rigid_medium,body_world,90408,True,True,m,1.5508532757037867,1.0,short,74,0.14293959690257907,0.13055055541917682,world,0.1817548499442637,0.11906901458278299,world,0.24424415309913458,0.1269969583780039,world,0.8126333369174972,0.1320481886388734,world,2.964253487729002,0.14343206440098583,world,5.262426099483855,0.16094809828558937,world
rigid_medium,body_world,90409,True,True,l,1.386472676208235,1.0,medium,62,0.1307927535381168,0.12814247474307194,world,0.17689928379841147,0.1303779714391567,world,0.26606837597209965,0.13273204659926707,world,0.826713208120782,0.13804635393607895,world,3.2497618114633955,0.14321090315206675,world,4.562833314093296,0.14832431145652664,world
rigid_medium,body_world,90410,True,True,m,1.305798982810204,2.0,short,73,0.08353946066927165,0.1356688392115757,world,0.15273042626213282,0.15453122353646903,world,0.21704856868600472,0.14918711148202418,world,0.6606265937618445,0.15939308325760065,world,2.9882075312401866,0.16012712226365694,world,5.178698143031215,0.1584079560689861,world
rigid_medium,body_world,90411,True,True,l,1.201605261104429,-2.0,medium,64,0.09764555841684341,0.4295890051871538,world,0.2493965793401003,1.2517732966691257,body,0.32532415566965933,2.1966362545266747,body,0.449784169299528,3.18777772532776,world,1.078983883955516,3.7827363383490593,world,1.6213785899896174,3.362596759032458,world
rigid_medium,body_world,90412,True,True,m,1.6785527327767333,-4.0,short,66,0.1981227791402489,0.5756410658359528,body,0.2521020532120019,1.805540493130684,body,0.332102737785317,3.0969726994633673,body,0.6180069116991944,4.862489622831345,world,1.1059517545683775,5.113261245377362,world,2.228538467960898,4.550941558890045,world
rigid_medium,body_world,90413,True,True,l,1.497413653722908,4.0,medium,68,0.14688039384782314,0.44949604012072086,world,0.5341860653832554,1.1238211710005999,body,0.8196834505535662,1.9276272231712939,body,1.6793500430416317,3.1084346120245754,body,3.124197760701645,3.586425149301067,world,4.215702350181528,3.6698066813684997,world
rigid_medium,body_world,90414,True,True,m,1.6384059842206313,-1.0,short,67,0.11818132922053337,0.31181288277730346,world,0.18947969349101185,0.9802012558095157,world,0.4459843450691551,1.8374759083148091,body,1.6297206065850334,3.293188521615229,body,3.1738055820693263,4.300652188423555,world,4.140422631469555,4.2053651554090905,world
rigid_medium,body_world,90415,True,True,l,1.4445958942354706,1.0,medium,61,0.06552965368609875,0.11938650347292423,world,0.14007647696416825,0.12656086203060113,world,0.22810269308974968,0.13183904725301546,world,0.7291689097590278,0.14137376106373267,world,3.372450384669355,0.1488431785874127,world,5.133546014124295,0.15201802595198388,world
rigid_medium,body_world,90416,True,True,m,1.4228738912776615,-2.0,short,70,0.14108710503205657,0.17314826603978872,world,0.1585103079676628,0.15201041221152992,world,0.26583723789080976,0.12941737966611983,world,0.9752890691626817,0.13244703715026845,world,3.5126673009479417,0.13698767773166765,body,5.636861859792843,0.14559650741168298,world
rigid_medium,body_world,90417,True,True,l,1.412003609654068,-2.0,medium,63,0.15574329206719995,0.32611501758219674,world,0.30569486059248446,0.9634184607886709,body,0.4582689363509417,1.5700329434883316,body,1.0965667891316115,2.3576655834360283,body,3.037559601152316,3.253475316562981,world,4.2636756984330715,3.258695214184118,world
rigid_medium,body_world,90418,True,True,m,1.6633408277228265,4.0,short,65,0.11821066890843213,0.46660342440009117,world,0.2040260950336233,1.6824217535555364,world,0.37667157120304184,3.0615323085337875,body,0.8092414181272034,4.562591532804072,world,1.9822376675001578,5.408397483360022,world,3.5338579797383862,4.7154327810183165,world
rigid_medium,body_world,90419,True,True,l,1.4868039659450991,-4.0,medium,75,0.07551214110571891,0.19683298515155911,world,0.24729626753833145,0.49093785015866165,body,0.3841574088553898,0.7077046263962984,body,1.1440445527143313,0.9633102972526102,body,3.0655567571375286,1.2466960537654814,world,4.6004656176955905,1.4718588734185323,world
rigid_medium,body_world,90420,True,True,m,1.5449902128447706,1.0,short,63,0.14916299632750452,0.17149821412749588,world,0.14101983984000982,0.14322767042322088,world,0.23610586461145427,0.15288015230908059,world,0.7820696398266591,0.14729524568538183,world,3.0263316142198162,0.14241455570518155,world,8.378935550220776,0.14295467885647667,body
rigid_medium,body_world,90421,True,True,l,1.3429074718778478,1.0,medium,68,0.1042666679713875,0.11750119552016258,world,0.18858334722463044,0.14600824357476083,world,0.2874739884515293,0.14933220804668962,world,0.8822377077594865,0.15712785731302575,world,2.3094135014485797,0.1635815574496519,world,6.489386130670319,0.16638096433074678,world
rigid_medium,body_world,90422,True,True,m,1.4859152920245902,2.0,short,56,0.06741333333775401,0.13090142188593745,world,0.09765571826137603,0.14203811180777848,world,0.15152936389204114,0.1318999194423668,world,0.544601643399801,0.1325667449273169,world,3.3607236814394126,0.13336040380600023,world,6.5306829037773415,0.1426834842559765,world
rigid_medium,body_world,90423,True,True,l,1.4537628318674107,-2.0,medium,61,0.15234533697366714,0.4414728470146656,world,0.3805916684214026,1.1620733261108398,body,0.6107915129745379,1.9027867637574674,body,0.9567862992291339,2.9877751879394054,world,1.7945927104505244,3.4668651599436995,world,2.9056262047053316,3.0932661205530163,world
rigid_medium,body_world,90424,True,True,m,1.5039422662674549,-4.0,short,72,0.1491877983789891,0.5956821776926517,world,0.2491855714470148,1.6061201833188534,body,0.32172783752903344,2.770197009667754,body,0.594595784181729,4.406556348316371,world,1.0747570120031016,4.279387767147273,world,1.7373361740726976,3.880200213976204,world
rigid_medium,body_world,90425,True,True,l,1.484051795950852,4.0,medium,66,0.17469439283013344,0.20240284129977226,world,0.23016670607030393,0.4062941977754235,body,0.3778249539900571,0.6303382982034237,body,1.2159125582082198,0.9416133522638119,body,3.477054145408329,1.184131777944276,body,5.610160274407827,1.334081726584991,world
rigid_medium,body_world,90426,True,True,m,1.499613542769097,-1.0,short,68,0.14977057557553053,0.15418928838334978,world,0.12917786808684467,0.13068828997202217,world,0.17964740297757087,0.12377894636010751,world,0.49457949029747394,0.12582690663111862,world,3.0178799389046618,0.12846666397017542,world,6.668706870754249,0.1298331578457146,world
rigid_medium,body_world,90427,True,True,l,1.2434438593395136,1.0,medium,67,0.10583287384361029,0.11004351126030087,world,0.11192507729865611,0.13261813404969872,world,0.151342195388861,0.13689538148464636,world,0.4677822739467956,0.1317856454581488,world,3.132258623215603,0.13095046062808252,world,7.718940381531137,0.14012855293491155,body
rigid_medium,body_world,90428,True,True,m,1.5747146197091175,2.0,short,64,0.1220964272506535,0.1399121235590428,world,0.10859435233287512,0.1211165226995945,world,0.13728646838571876,0.12534840422449633,world,0.35419872830389065,0.1328063324035611,world,2.4588850487896705,0.13443027058528967,world,7.244148751830217,0.13923510665423236,world
rigid_medium,body_world,90429,True,True,l,1.4646053079069046,-2.0,medium,67,0.16124548856168985,0.3250561337918043,world,0.3875889225862921,1.015013300254941,body,0.6175222437363117,1.766095601208508,body,0.9265661032637581,2.788127377349883,world,1.6649881311575885,3.1235267522279173,world,2.772295305239968,2.7962528731115164,world
rigid_medium,body_world,90430,True,True,m,1.6725099978259204,-4.0,short,62,0.10754714766517282,0.6074709296226501,world,0.23025176459923385,1.6664417862892151,body,0.3923569092061371,2.704635141789913,body,0.7631169407395646,4.559635921567679,world,1.8541311321198009,5.302485354244709,world,2.8397071011876687,4.61782934974879,world
rigid_medium,body_world,90431,True,True,l,1.3236542402011626,-4.0,medium,67,0.1094355434179306,0.1954321162775159,world,0.2584839954972267,0.39215413774363694,body,0.3876054904423654,0.5885572349419819,body,1.329800872458145,0.8766702353721484,body,2.8778258092468603,1.1144348320871358,world,3.482064979104325,1.2797676882310771,world
rigid_medium,body_world,90432,True,True,m,1.3642720743548598,-1.0,short,61,0.1173263187520206,0.18950349371880293,world,0.12149953423067927,0.16453154040500523,world,0.192613187385723,0.14792508403770627,world,0.5727851356146857,0.1491588779608719,world,2.7020791335380636,0.15512496263254433,world,8.292990465699695,0.1577514266234357,body
rigid_medium,body_world,90433,True,True,l,1.3743791243103016,-1.0,medium,77,0.10609493299853057,0.1301198119763285,world,0.1600311212008819,0.1538630378432572,world,0.3237888392875902,0.14079586163861676,body,1.2837444719334599,0.15857069230405613,body,3.3243599741923386,0.1635058763400593,world,8.107992259234887,0.16588186088163637,body
rigid_medium,body_world,90434,True,True,m,1.4747028802268096,2.0,short,62,0.11494543822482228,0.12911341479048133,world,0.13477120837196707,0.12646383056417107,world,0.20351031399331987,0.13525908890878782,world,0.6535131190670654,0.13433725102222524,world,3.338194056635257,0.14434392577095423,world,5.955495400144718,0.15150482620927508,world
rigid_medium,body_world,90435,True,True,l,1.3038106075252267,-2.0,medium,60,0.1977723715826869,0.3624238409101963,body,0.2921021735295653,1.1838280372321606,body,0.40291556366719306,2.0602636110037564,body,0.6466085432562978,3.3226519605144857,world,1.3131872593192384,4.096596120391041,world,2.6391201657708736,3.647218295522034,world
rigid_medium,body_world,90436,True,True,m,1.6168586909623586,4.0,short,79,0.14852106384932995,0.5202729590237141,world,0.22973072482272983,1.5813260965049265,body,0.40571896624751386,2.986550423130393,body,1.035634204861708,4.5889652809128165,world,2.117663404310588,4.895934885460884,world,2.4371607342967763,4.373704607747495,world
rigid_medium,body_world,90437,True,True,l,1.3291113567705524,-4.0,medium,77,0.11024347227066755,0.20287680253386497,world,0.18780268114060164,0.39146139728836715,world,0.29286310826428236,0.6164509421447293,world,1.1086742905201392,0.9053896117373369,body,3.1305278068990448,1.1374274261586834,world,4.6958183814818035,1.3194934451894367,world
rigid_medium,body_world,90438,True,True,m,1.329008599029527,-1.0,short,80,0.16840157378464937,0.17774099530652165,world,0.1401954737957567,0.1431453827302903,world,0.21277188977692274,0.14120893196668477,world,0.7174620146979578,0.14056087794015185,world,2.9887943911890034,0.1435483186985948,world,3.997816079913173,0.15758480571385008,world
rigid_medium,body_world,90439,True,True,l,1.445391509411858,1.0,medium,66,0.11640015849843621,0.10846743453294039,world,0.20012814551591873,0.11125553350429981,world,0.2989512814208865,0.12034658727061469,world,0.8880387463606894,0.12319711133750388,world,2.9045482187066227,0.13875861261840328,world,5.5042811284028,0.14872360518289496,world
rigid_medium,body_world,90440,True,True,m,1.5564106744089927,2.0,short,74,0.09082386153750122,0.10743570164777339,world,0.18171448726207018,0.15185964303091168,world,0.29781726128421726,0.1460175634128973,world,1.0811333952238784,0.15172411464154723,body,3.3502280517364853,0.16645178943872452,world,5.34076948269736,0.1804917247738922,world
rigid_medium,body_world,90441,True,True,l,1.3070596772413094,2.0,medium,71,0.1029792595654726,0.2506425464525819,world,0.18127239402383566,0.5642362352693453,world,0.27047089366242294,0.9119170264923013,world,0.7427160195540636,1.3607597021269613,world,2.388435853063129,1.5247365837567486,world,4.25159845626913,1.5966077173332454,world
rigid_medium,body_world,90442,True,True,m,1.6269524228642334,4.0,short,74,0.1703380774706602,0.6370125003159046,world,0.21588420066982508,1.84414796307683,world,0.342418063711375,2.9264455351978538,body,0.6772599879652261,4.521318692155182,world,1.5891653552651406,5.173331000003964,world,2.654521076902747,4.589524826407432,world
rigid_medium,body_world,90443,True,True,l,1.378277312801848,-4.0,medium,72,0.17494561430066824,0.22605867817765102,world,0.2068933617323637,0.37043049803469336,world,0.3479700422147289,0.559478366060648,body,1.1339974436559714,0.7697159687522799,body,2.874773298652144,0.9294570586585905,world,4.246916320130695,1.0363180271378951,world
rigid_medium,body_world,90444,True,True,m,1.453510197141481,1.0,short,71,0.13502626260742545,0.15422973036766052,world,0.18650254756212234,0.16349577892106026,world,0.2834747393615544,0.15598167413845657,world,1.0038988877553492,0.14696127601200715,world,3.3536054227733985,0.1482323248987086,world,5.2021680846903475,0.15237474033143372,world
rigid_medium,body_world,90445,True,True,l,1.3665797638238526,-1.0,medium,62,0.08917722548358142,0.12002976681105793,world,0.13923709446098653,0.12550653805956244,world,0.27652813390595843,0.1218724417325575,world,1.089121439162409,0.13496257268852788,body,3.5755053914355814,0.13854974705827772,body,6.795773193360073,0.1541378116948181,world
rigid_medium,body_world,90446,True,True,m,1.33490869903924,-2.0,short,64,0.131949404720217,0.4486417658627033,world,0.196775239915587,1.3068393331021069,world,0.31288341936888175,2.4057074232026934,body,0.6152739344222936,3.596237305086106,world,1.1131759956042515,3.708876931620762,world,1.8785714971099514,3.3593745683692395,world
rigid_medium,body_world,90447,True,True,l,1.360545744961593,2.0,medium,71,0.11362942075356841,0.16693101869896054,world,0.1998050548834726,0.5107280067517422,world,0.27007972373394296,0.8703149391047191,world,0.7310436989122535,1.3110873770870966,world,2.9491824030381393,1.491002585098613,world,5.333917510191677,1.583704042272875,world
rigid_medium,body_world,90448,True,True,m,1.3926898559008811,4.0,short,79,0.12611367949284613,0.562621146440506,world,0.17899721576832234,1.4636977635324002,world,0.3807163228513673,2.633847872540355,body,1.0812146058888175,4.198351295106113,body,2.6102706449630206,5.065920039173215,world,3.5894250305206516,4.463029448725283,world
rigid_medium,body_world,90449,True,True,l,1.4996288562259714,4.0,medium,69,0.2208744902163744,0.31479552760720253,body,0.443058667704463,1.0864766098558902,body,0.8063150554895401,1.8961393374949695,body,1.6073784326203169,3.011386968009174,body,2.7888850935269147,3.462122614774853,world,6.548509895000606,3.5026856615021824,world
rigid_medium,body_world,90450,True,True,m,1.6497126455801099,-1.0,short,68,0.16263273684307933,0.19294000416994095,world,0.174997689248994,0.14285741311032324,world,0.2867172112921253,0.15439412707928568,world,1.1797447799355725,0.15906936667743138,body,3.3396464523219036,0.17001447979346268,world,7.344369069796521,0.17042209962877677,body
rigid_medium,body_world,90451,True,True,l,1.4011624978174013,-1.0,medium,69,0.09726389043498784,0.10535421641543508,world,0.10936868039425462,0.13012995128519833,world,0.17442979888292032,0.128399708296638,world,0.6479518685082439,0.1357811555964872,world,3.3530229126830817,0.14733739729708759,world,5.947244569129543,0.1444762640297995,world
rigid_medium,body_world,90452,True,True,m,1.3459971515369575,2.0,short,75,0.14679524186067283,0.14055859972722828,world,0.1532893932890147,0.13674250869080423,world,0.20337092315312477,0.12952680415473877,world,0.5268084426992572,0.13525526389712467,world,2.7629963191982823,0.13690579966350924,world,6.257338987395633,0.1381312798889121,world
rigid_medium,body_world,90453,True,True,l,1.3128410648573021,-2.0,medium,60,0.2235468002036214,0.44102151691913605,body,0.2928799851797521,1.2366740353405477,body,0.40663432436995206,2.007152185216546,body,0.729718767455779,3.2481015274301175,world,1.9933702619629912,4.0462414749898015,world,2.5615411708829923,3.742034784592688,world
rigid_medium,body_world,90454,True,True,m,1.4532800695650452,4.0,short,80,0.18946084578055888,0.659898679703474,world,0.23745659908745437,1.8330523051321506,body,0.33084361358778547,2.882259454205632,body,0.7540168809297028,4.279299126006663,world,2.023960885804263,4.890840259101242,world,2.2566162885085213,4.336410054825246,world
rigid_medium,body_world,90455,True,True,l,1.4639866887179158,4.0,medium,63,0.1250808355398476,0.22019208455458283,world,0.2031954593025148,0.43896163236349817,world,0.4243405331391841,0.6229284586384892,body,1.546293867030181,0.9085914855008014,body,3.465827927936334,1.1782828290997713,body,5.1924544312851495,1.3519495854174604,world
rigid_medium,body_world,90456,True,True,m,1.437503394575647,1.0,short,71,0.17916841874830425,0.2383446767926216,world,0.1724821445066482,0.25658489651978017,world,0.2670202111592516,0.24069752448704093,world,0.8734600281226449,0.23056433902820572,world,3.4032730626815466,0.22519804069015664,world,6.103543800895569,0.22339723837765635,world
rigid_medium,body_world,90457,True,True,l,1.433005966120608,-1.0,medium,79,0.14469752460718155,0.3539459859021008,world,0.4019039685372263,1.0995219417847695,body,0.6330144436331466,1.8975880872923883,body,0.9273699102574028,3.099315642402508,world,1.7478758997109254,3.5061307630618104,world,3.0500172338192355,3.15730289560277,world
rigid_medium,body_world,90458,True,True,m,1.5714723561915191,-2.0,short,75,0.16868535801768303,0.4371923911385238,world,0.23974396451376379,1.2855136814527213,body,0.43593885262962434,2.142407365096733,body,1.3143876152927987,3.567119010421447,body,2.584635438438272,4.2703088029637,world,3.3805291687860155,4.036824661097489,world
rigid_medium,body_world,90459,True,True,l,1.423809978213943,-2.0,medium,75,0.19610613491386175,0.39166294038295746,body,0.40950029259547593,1.1884779915213586,body,0.6438073025550693,1.904079906642437,body,0.9970443309051915,3.0646409872919325,world,1.8384965503937565,3.625292809121311,world,3.0598388780793178,3.2062691461294888,world
rigid_medium,body_world,90460,True,True,m,1.501503010941712,-4.0,short,65,0.14560868684202433,0.542046369984746,world,0.20665907245129345,1.7249316055327655,world,0.23759721573442222,2.9473012620583177,world,0.4311869957251474,4.560197168309242,world,0.8342924182419664,4.736520674312487,world,1.556937110987492,4.300889887008816,world
rigid_medium,body_world,90461,True,True,l,1.4979893620177673,-4.0,medium,68,0.1489756666123867,0.1723307939246297,world,0.21620199610479177,0.342788268084405,world,0.3828447907464579,0.5434726442763349,body,1.1783611830906011,0.802103407359391,body,3.021164360857801,1.0091221592119837,world,6.236500867765863,1.145053611115727,world
rigid_medium,body_world,90462,True,True,m,1.32405485767968,-1.0,short,61,0.1271837130188942,0.09832931600976735,world,0.13093035835772754,0.12337885138113053,world,0.18669007061980664,0.14372576832538472,world,0.5554923309246078,0.15527981962659398,world,3.5063284999807367,0.16450135914201383,body,7.049294251915999,0.15651260154379998,world
rigid_medium,body_world,90463,True,True,l,1.2959566174498844,1.0,medium,60,0.15719824004918337,0.1633019889704883,world,0.15978511096909642,0.11874953696969896,world,0.23372116906102747,0.11861232002265751,world,0.7509756278130226,0.12219625679426827,world,2.768668218603125,0.1246178400120698,world,6.495936996375676,0.1380021894100355,world
rigid_medium,body_world,90464,True,True,m,1.5484915809048363,-2.0,short,68,0.152839460875839,0.6061324924230576,world,0.217249387037009,1.6882442846894266,body,0.3270600200165063,2.9772456981241704,body,0.5689115749904886,4.568914957717061,world,1.054069683526177,5.117701007984579,world,2.0721757149742914,4.460003523863852,world
rigid_medium,body_world,90465,True,True,l,1.428408630737959,-2.0,medium,69,0.19005213188938797,0.39411219768226147,body,0.41309995637275276,1.1101532626897095,body,0.6623352404916659,1.849273423291743,body,1.0331578649696893,3.1221421797759827,world,1.925113414420048,3.6726027185563,world,2.981186801830772,3.2523924967087803,world
rigid_medium,body_world,90466,True,True,m,1.3278826334953207,4.0,short,72,0.16800463059917092,0.5202211886644363,world,0.1973672211635858,1.495773585140705,world,0.3368402848718688,2.5266519643366334,body,0.7991136391996405,4.063202626630664,world,2.092744771641446,4.787048405595123,world,2.326427717308979,4.298714311867952,world
rigid_medium,body_world,90467,True,True,l,1.224242705022093,-4.0,medium,67,0.1647773338481784,0.2634743549861014,world,0.21419072560966015,0.7475921002216637,world,0.3006209071725607,1.3762005201075227,world,0.8085330234840512,2.293314238009043,world,2.6500577410217376,3.1571857490227555,world,4.000357787441462,3.209784254753031,world
rigid_medium,body_world,90468,True,True,m,1.377155487281401,1.0,short,65,0.15289696992840618,0.1693273293785751,world,0.15557436968665572,0.14342100901994853,world,0.2082165079074912,0.13860835398663768,world,0.6148475191032048,0.13811895379039926,world,3.1537479122373044,0.14566991562023757,world,5.268697493233486,0.15137649616517593,world
rigid_medium,body_world,90469,True,True,l,1.2775926055522053,-1.0,medium,67,0.09220496448688209,0.3990140277892351,world,0.2919481011573225,1.1334159478545187,body,0.4231023317668587,1.8260951563715935,body,0.8970139061333611,2.8958493042737246,world,1.8312193105579353,3.254068428836763,world,2.389114806917496,2.992089179679751,world
rigid_medium,body_world,90470,True,True,m,1.5219750255884492,2.0,short,70,0.081495315534994,0.12603717856109142,world,0.1278829975053668,0.1511985208839178,world,0.20266482243314385,0.14343934766948224,world,0.6276228609029204,0.14213646420976145,world,2.8370688886614515,0.14624490235000848,world,6.7382909012306484,0.14738540078542428,world
rigid_medium,body_world,90471,True,True,l,1.2543795609592172,2.0,medium,63,0.22028820775449276,0.36255450639873743,body,0.20470433523878456,0.5562992784194648,world,0.3377617510035634,0.7770260460209101,body,1.1821299046278,0.9887124620989197,body,2.9545787247363475,1.2431144764836062,world,5.256572389248759,1.4333939896011725,world
rigid_medium,body_world,90472,True,True,m,1.523888147333015,4.0,short,77,0.11801195400767028,0.604679437354207,world,0.22377739869989455,1.7486729238182306,body,0.3463040598900989,2.889051526971161,body,0.7260735990828835,4.158186301682145,world,1.861984547431348,4.7692066070158035,world,2.579613522596192,4.202258442211896,world
rigid_medium,body_world,90473,True,True,l,1.4189126139922845,-4.0,medium,63,0.12505855062045157,0.10977251082658768,world,0.17639444484375416,0.334639379568398,world,0.2666186306392774,0.5096849614870735,world,0.7743801924283616,0.7156971455377061,world,3.3742923739773687,0.870016034845321,world,7.5897511528222825,0.9711073105788092,body
rigid_medium,body_world,90474,True,True,m,1.3393605416224226,1.0,short,80,0.08475138363428414,0.146021646913141,world,0.135164283355698,0.1399163280148059,world,0.2184058014070615,0.1363126173382625,world,0.7716776432353072,0.13574966574378777,world,3.540743676101556,0.13853366817784263,body,5.88785026471829,0.13478468677698402,world
rigid_medium,body_world,90475,True,True,l,1.4134205728523153,1.0,medium,66,0.15145186008885503,0.16474269167520106,world,0.15828553759492933,0.16083410209976137,world,0.25718357686419036,0.15293792991433292,world,0.7727194059290923,0.16124559459276497,world,2.7224662671622353,0.16337165357981576,world,8.115583924830425,0.16714640295889693,body
rigid_medium,body_world,90476,True,True,m,1.3814810158500825,-2.0,short,70,0.1183137884363532,0.1785263502970338,world,0.13539532050490377,0.15049560377374294,world,0.22955081751570106,0.14413730814121664,world,0.7575923604890704,0.14007868436165155,world,2.9818830392323434,0.14330889613484032,world,6.596697879321873,0.13992281088198072,world
rigid_medium,body_world,90477,True,True,l,1.4674729887667173,2.0,medium,78,0.17893241671845317,0.3585496135056019,world,0.3626555517315865,1.0129476334899663,body,0.5356338832993061,1.7748866995796562,body,0.8655476773856208,2.780083102267236,world,1.5937795854522845,3.1175864120479675,world,2.7016118323570115,2.7797526722215116,world
rigid_medium,body_world,90478,True,True,m,1.5027032697774165,4.0,short,80,0.11796467867679894,0.5567855574190617,world,0.21273702089674773,1.5430274181067942,world,0.30744577071163803,2.6161245968192817,world,0.7561780528281814,4.290484700165689,world,2.069519372197101,5.224652476515621,world,3.055550007412676,4.577514719739557,world
rigid_medium,body_world,90479,True,True,l,1.3850046666885212,-4.0,medium,66,0.15225980337709188,0.1666454595979303,world,0.19502083938568832,0.3320146059850231,world,0.30600510905496775,0.5335359637043439,world,1.0928363524144515,0.8032702234166209,body,2.860628712724429,1.003340026447404,world,4.312104124980979,1.1433560278519872,world
rigid_medium,calib,90480,False,False,,1.0,0.0,,64,0.1493449262343347,0.1785237556323409,world,0.14898264557123184,0.15443542026914658,world,0.2062403884716332,0.1410735737066716,world,0.5903250446077436,0.13898442662029992,world,2.9523824366508054,0.1399642895361467,world,6.294725402323529,0.13447566368529806,world
rigid_medium,calib,90481,False,False,,1.0,0.0,,76,0.18763478490291163,0.19175186497159302,world,0.16461620082845912,0.16559041042346506,world,0.23574559736880474,0.1551412520580925,world,0.6985269686760147,0.16455866916221568,world,2.957139490013651,0.1672099798510317,world,5.789443124357494,0.1620640318543883,world
rigid_medium,calib,90482,False,False,,1.0,0.0,,79,0.10190929152304307,0.1600657484959811,world,0.18954340071650222,0.17341650658054275,world,0.28208595840842465,0.17581110768369398,world,0.7963429023075149,0.1816695831279503,world,2.6504441845478137,0.1846033150170115,world,7.096117179385037,0.1797712468764803,world
rigid_medium,calib,90483,False,False,,1.0,0.0,,70,0.11009610816836357,0.08788995593204163,world,0.14892496210522949,0.12473881943151355,world,0.249421825283207,0.13840699209831656,world,0.8592618879047222,0.14344921840238384,world,3.016012651851634,0.14169861012051116,world,4.639553161228541,0.14019264602451587,world
rigid_medium,calib,90484,False,False,,1.0,0.0,,69,0.12085227016359568,0.13324015866965055,world,0.13939443449489775,0.128767575439997,world,0.23321525834035128,0.13348188482923434,world,0.8594340587384068,0.1388322905288078,world,3.282524957804708,0.13754733034875244,world,5.575288085348438,0.13989838164488902,world
rigid_medium,calib,90485,False,False,,1.0,0.0,,78,0.13873663009144366,0.1711907982826233,world,0.19227938642725348,0.1648610182572156,world,0.26733970460481943,0.15895901231560855,world,0.8129184588091448,0.15660837033647113,world,2.688431348989252,0.15239054426347137,world,4.8009379133256145,0.15656349127340946,world
rigid_medium,calib,90486,False,False,,1.0,0.0,,79,0.10416414309293032,0.17527679866179824,world,0.13447633646428586,0.140121608908521,world,0.21787631697952747,0.16327187529823278,world,0.737595874723047,0.15749241931625874,world,2.7228085401933644,0.15835003387255714,world,4.922924003060907,0.15944741425162645,world
rigid_medium,calib,90487,False,False,,1.0,0.0,,74,0.11376544297672808,0.09464633814059198,world,0.12231354267569258,0.11853597648441792,world,0.1966182180738542,0.1252814223698806,world,0.6033634827967034,0.13094320120872,world,2.905080577802437,0.1321715529746143,world,5.421470358810039,0.1313728568906663,world
rigid_medium,calib,90488,False,False,,1.0,0.0,,62,0.15976285841315985,0.15403329115360975,world,0.1740488584153354,0.14359636763110756,world,0.2526920685078949,0.14305828390643,world,0.8609703201567754,0.14191572921408807,world,3.3149412886123173,0.14154441950959154,world,4.956631746753119,0.14251146762806455,world
rigid_medium,calib,90489,False,False,,1.0,0.0,,65,0.08674838367733173,0.13062874181196094,world,0.16611102255410515,0.17181813751813024,world,0.214889648949611,0.16489805328892543,world,0.6297527816248476,0.16806352274143138,world,2.8450743759101895,0.1785020832583541,world,4.9253196241354456,0.18245519037474878,world
rigid_medium,calib,90490,False,False,,1.0,0.0,,70,0.10698379576206207,0.1662551611661911,world,0.14208550625480712,0.15175279506947847,world,0.22256340498570354,0.16004612933611498,world,0.6922048263368197,0.16076629470335319,world,2.594742761092493,0.1568938938100473,world,6.127350321041885,0.16219499665341575,world
rigid_medium,calib,90491,False,False,,1.0,0.0,,63,0.13722663931548595,0.16537298168987036,world,0.16252538906410338,0.16489491539541634,world,0.2184391121380031,0.15923614468192682,world,0.6523131939116865,0.15949160399031825,world,2.8640370453009383,0.15861086183285805,world,6.862507833139971,0.15889327736571432,world
rigid_medium,calib,90492,False,False,,1.0,0.0,,66,0.12819548463448882,0.12797688227146864,world,0.13368532266467809,0.18514108532108364,world,0.22512097181752325,0.1754129324341193,world,0.7235915292985737,0.16675792171154172,world,2.7495149037335067,0.16334305109485286,world,4.812209768313914,0.16216477449808736,world
rigid_medium,calib,90493,False,False,,1.0,0.0,,80,0.1182406690204516,0.12183457310311496,world,0.15151990335434676,0.12183618084527553,world,0.22006441550329328,0.1364839453715831,world,0.6036384533625097,0.1449958009587135,world,3.0149824483087286,0.1524917096045101,world,4.515639635464177,0.1577427662425907,world
rigid_medium,calib,90494,False,False,,1.0,0.0,,79,0.1044626145157963,0.14036713214591146,world,0.1404331796336919,0.18097639055922626,world,0.1846864693099633,0.19871948983054608,world,0.5386889159795828,0.19557097415090538,world,3.078819410322467,0.18974488184394434,world,6.953073547522072,0.18960024643980433,world
rigid_medium,calib,90495,False,False,,1.0,0.0,,75,0.15671673230826855,0.17663046740926802,world,0.1464448652230203,0.17104499712586402,world,0.2201877763029188,0.16234131339006125,world,0.6468530859565362,0.16451117342803628,world,3.2686985293286854,0.17966028060764075,world,4.994484880524688,0.18139702077722178,world
rigid_medium,calib,90496,False,False,,1.0,0.0,,76,0.15104835643433034,0.21530662942677736,world,0.1889957080129534,0.16752783211413771,world,0.27909828315023333,0.1712655526585877,world,0.8670410304446705,0.1814121992472792,world,2.276541941385949,0.18506041710206772,world,8.088915389759933,0.17746019572980004,body
rigid_medium,calib,90497,False,False,,1.0,0.0,,68,0.10959307989105582,0.15393457747995853,world,0.18541172924451532,0.16398278234992175,world,0.2928519248729572,0.18731781855458393,world,1.0679382085683755,0.19778957886737772,body,2.871864981757244,0.19657005391200075,world,5.0984529434866275,0.18673381384229287,world
rigid_medium,calib,90498,False,False,,1.0,0.0,,70,0.13976491149514914,0.1725440452573821,world,0.14888605354353787,0.14693397074006498,world,0.21318275486119093,0.16565111698582768,world,0.5963704056339338,0.1593083701445721,world,3.2527849645935927,0.16290895799465943,world,5.589994088434614,0.159187403365504,world
rigid_medium,calib,90499,False,False,,1.0,0.0,,79,0.1116001820191741,0.14975289697758853,world,0.1447286045178771,0.13009627665160223,world,0.24547511953860518,0.14847105310764164,world,0.8534766549244523,0.15438321483088657,world,2.9666718325577675,0.1610159731440945,world,3.30045928183943,0.16629588249314112,world
rigid_medium,calib,90500,False,False,,1.0,0.0,,72,0.07636220718268305,0.091138661140576,world,0.112729207216762,0.11683080978691578,world,0.1721934229019098,0.1282516824314371,world,0.3984860339143779,0.12649529118207284,world,2.494682779951836,0.1304011416636058,world,5.483560747223674,0.1418103408574825,world
rigid_medium,calib,90501,False,False,,1.0,0.0,,76,0.14587546000257134,0.14045473327860236,world,0.18202344081364571,0.162839330220595,world,0.2780846910784021,0.155539017834235,world,0.8862414879840799,0.1629450686799828,world,2.940322534000734,0.16057028221548536,world,6.223164538147394,0.15752268108946738,world
rigid_medium,calib,90502,False,False,,1.0,0.0,,76,0.17556001234333962,0.19652981497347355,world,0.19462372814305126,0.15633926382288338,world,0.27585995390545576,0.1615629423991777,world,0.9438354243873619,0.16644845476839693,world,2.9016262481629385,0.16912880455347476,world,5.661917923230211,0.15695090131135658,world
rigid_medium,calib,90503,False,False,,1.0,0.0,,63,0.11810036143288016,0.15181777975521982,world,0.1619253189302981,0.1307138669071719,world,0.22056775479577478,0.13228185052284971,world,0.7085106995655224,0.1323022308817599,world,2.5348712147562766,0.13253429499745834,world,5.959305178388021,0.13489541739952982,world
rigid_medium,calib,90504,False,False,,1.0,0.0,,72,0.11345543153584003,0.15339415962807834,world,0.1275410672649741,0.14812987963669,world,0.1839070750400424,0.15339858588995414,world,0.5091238405555487,0.15332163080456668,world,2.9154513886198403,0.1478783163562184,world,6.160908833816649,0.14961977682658473,world
rigid_medium,calib,90505,False,False,,1.0,0.0,,75,0.21357185067608953,0.22121818363666534,body,0.16566981477662923,0.18261583977146073,world,0.23604869269765916,0.1695994291396346,world,0.7668497022474186,0.1757617906172527,world,3.3304067926597782,0.16941207513154952,world,5.314426852804608,0.17097612247918734,world
rigid_medium,calib,90506,False,False,,1.0,0.0,,78,0.12090053455904126,0.2107152296230197,world,0.1636349805165082,0.17819707593880596,world,0.257882187073119,0.17542894106591123,world,0.8541388942510821,0.1711282361065969,world,2.753211681294488,0.17642369057284668,world,4.700120135669131,0.18141129350638946,world
rigid_medium,calib,90507,False,False,,1.0,0.0,,72,0.11727204429917037,0.12221981049515307,world,0.11091044838540255,0.12568627009168265,world,0.1609910485567525,0.12771601849235595,world,0.4938141762861051,0.14240180937486002,world,3.0926849359471817,0.14147460410622442,world,5.055623049282003,0.13915045378176727,world
rigid_medium,calib,90508,False,False,,1.0,0.0,,68,0.09878090722486377,0.11160523816943169,world,0.18852168093435465,0.1689870187547058,world,0.27604822188150135,0.17337019104743376,world,0.9044159467681312,0.16505132438614964,world,3.008969535276992,0.16529242137621625,world,4.552782887730282,0.1727903936075745,world
rigid_medium,calib,90509,False,False,,1.0,0.0,,69,0.11631916044279933,0.12596216006204486,world,0.15994634553790094,0.14048888843972235,world,0.2258807960897684,0.1405330069246702,world,0.734154392266646,0.14128723169269508,world,2.989363293000497,0.14330606006697053,world,4.3910721589345485,0.15034600161743583,world
rigid_medium,calib,90510,False,False,,1.0,0.0,,60,0.09405121626332402,0.11735404282808304,world,0.12726800376549363,0.16805561338551345,world,0.19434038377366958,0.1613411351223476,world,0.6136842814041301,0.16238764691806862,world,3.1135862943134267,0.16224842106021242,world,5.605281226872466,0.1605018303466204,world
rigid_medium,calib,90511,False,False,,1.0,0.0,,67,0.13417987572029233,0.16141981864348054,world,0.15034579150378705,0.15927544245496392,world,0.20925477435812356,0.17901383312419056,world,0.6861739313695581,0.1762748122913763,world,3.0130550452740863,0.1767671359812084,world,7.3663756177295,0.17327199364983245,body
rigid_medium,calib,90512,False,False,,1.0,0.0,,65,0.1854495662264526,0.23684414383023977,world,0.22960721198469403,0.21572543974034486,body,0.3183943756856024,0.23039673070888966,body,1.0538671824615449,0.23498476672684773,body,3.1800894986605273,0.22685306704661343,world,5.004840049808845,0.2243473483028356,world
rigid_medium,calib,90513,False,False,,1.0,0.0,,79,0.12773801293224096,0.17270525044295937,world,0.1348437092266977,0.17330454697366804,world,0.17868410106748345,0.17091791396960615,world,0.5694416643120348,0.1563013562816195,world,3.2723285295534876,0.1597976258257404,world,5.43564991561696,0.15692270090832608,world
rigid_medium,calib,90514,False,False,,1.0,0.0,,62,0.19331373553723097,0.24044317193329334,body,0.19798048576340077,0.22863476737402383,world,0.30145916910842063,0.2153003533021547,world,0.9973352047149091,0.21444759988808074,world,3.2873617272125557,0.21569122284126935,world,4.651121037220582,0.2078588548646076,world
rigid_medium,calib,90515,False,False,,1.0,0.0,,75,0.06996671739034355,0.050595882756169885,world,0.11480215233750642,0.11159129197476432,world,0.18454606926534325,0.11726995140197685,world,0.6034706576843747,0.11796005451760719,world,3.1228933998907453,0.12183287086736527,world,5.6387320434884165,0.12673372182383902,world
rigid_medium,calib,90516,False,False,,1.0,0.0,,71,0.1536613519419916,0.17780683597084135,world,0.19086866240249944,0.17125479110982267,world,0.27186568664037625,0.17158219729317353,world,0.9067085400485666,0.16816119982977398,world,3.3741618106272653,0.16978118909464684,world,6.171111043436104,0.17509969805396394,world
rigid_medium,calib,90517,False,False,,1.0,0.0,,77,0.12438159203156829,0.09280128695536405,world,0.15935434941202403,0.11712471258360893,world,0.24755383948795498,0.12889654583996163,world,0.8202563912374898,0.13146484204626177,world,2.9571302922791802,0.1363773398792546,world,4.23592679805588,0.15301957773423053,world
rigid_medium,calib,90518,False,False,,1.0,0.0,,72,0.09775321558117867,0.14133496768772602,world,0.1430921432096511,0.16397134447470307,world,0.22410889060702174,0.1664061449468136,world,0.6996695726993494,0.15571801111800598,world,3.263223206804833,0.16066371118504322,world,5.103202061986085,0.1520431186730275,world
rigid_medium,calib,90519,False,False,,1.0,0.0,,76,0.1684511466883123,0.23816760280169547,world,0.20286190705373883,0.1900679322774522,world,0.26256375000812116,0.16322633684030735,world,0.8527377851540223,0.1756785606878111,world,2.832740040414501,0.17881025097012754,world,5.129216182311065,0.17071022503412678,world
rigid_medium,calib,90520,False,False,,1.0,0.0,,76,0.07743220846168697,0.09571741102263331,world,0.13600775157101452,0.1499095550272614,world,0.2027507868828252,0.14889005122240634,world,0.7052961655077524,0.14385226981248705,world,3.188271361408988,0.14175642558257096,world,6.634883592801634,0.1361182071172516,world
rigid_medium,calib,90521,False,False,,1.0,0.0,,64,0.12515593296848238,0.16509373346343637,world,0.16976959840394557,0.16881750700995327,world,0.22199774656910448,0.17115712550003082,world,0.6871768322424032,0.1732920848473441,world,2.381623381219106,0.16361521962098777,world,7.067553664681036,0.16228183338709642,world
rigid_medium,calib,90522,False,False,,1.0,0.0,,80,0.10916702542454004,0.1744283428415656,world,0.1391590889543295,0.14572936394251884,world,0.20868158834055067,0.1553339098347351,world,0.627823759196326,0.15221443080808966,world,2.7387423608219255,0.15642340502527075,world,5.525447118179873,0.15362761798256544,world
rigid_medium,calib,90523,False,False,,1.0,0.0,,64,0.07740659161936492,0.10270970495184883,world,0.17120136448647827,0.1505940492148511,world,0.2382460683467798,0.16639557284652257,world,0.7445472897903528,0.1765730753511889,world,2.8798863143631026,0.18045426713943014,world,4.368154438285855,0.17272071250998122,world
rigid_medium,calib,90524,False,False,,1.0,0.0,,60,0.15807473682798445,0.2083987456280738,world,0.22547168298624456,0.22298094178549946,body,0.28068212100770323,0.19235137253999712,world,0.893937096640002,0.19801505851792173,world,2.6597231754509263,0.20178955158917233,world,5.640396076643373,0.19760810586973093,world
rigid_medium,calib,90525,False,False,,1.0,0.0,,74,0.12060043355450034,0.13392117992043495,world,0.18620410868898035,0.1542217982467264,world,0.26486661662347616,0.15224464132916182,world,0.9381787440041081,0.15730032030842267,world,3.0048349726130255,0.1568405876401812,world,5.145373299052007,0.1589395266532665,world
rigid_medium,calib,90526,False,False,,1.0,0.0,,64,0.11419064155779779,0.12460014037787914,world,0.19548147860914467,0.15369049762375653,world,0.3099358013831079,0.1485559471999295,world,0.9973292027134449,0.1523627741553355,world,3.081108249002136,0.15421714384283403,world,4.097014646949246,0.15429736819816753,world
rigid_medium,calib,90527,False,False,,1.0,0.0,,77,0.10296814946923405,0.09853773703798652,world,0.1647036802722141,0.13086605723947287,world,0.23392079862533138,0.12704557480756193,world,0.7243244857003446,0.12733676663483495,world,2.74543927909981,0.12749351357633715,world,4.2031557765684555,0.12658715649682561,world
rigid_medium,calib,90528,False,False,,1.0,0.0,,69,0.14649881958030164,0.1579724217299372,world,0.15114291352219877,0.15156173496507108,world,0.21744788263458759,0.14902000920847058,world,0.660244464839343,0.15124714390840382,world,2.981898491160246,0.1542048893054016,world,5.710994640022982,0.160591078051948,world
rigid_medium,calib,90529,False,False,,1.0,0.0,,61,0.1296464977785945,0.15228487504646182,world,0.18251137221232056,0.16700946750934234,world,0.25691643604077397,0.15236017994757275,world,0.8014103299239651,0.16582465371320723,world,3.139570927910972,0.15668597507683443,world,4.4575827491702515,0.15776538579710178,world
