config,cell,seed,has_body,has_push,param,factor,torque,duration_name,onset,roll_1,hold_1,verdict_1,roll_5,hold_5,verdict_5,roll_10,hold_10,verdict_10,roll_20,hold_20,verdict_20,roll_40,hold_40,verdict_40,roll_100,hold_100,verdict_100
soft_low,neither,90000,False,False,,1.0,0.0,,79,0.06506980769336224,0.028663842182140797,world,0.1286801307462156,0.07013020341983064,world,0.21445564995519817,0.07722746093641036,world,0.6603157922392711,0.08229899156867759,world,1.425014832604211,0.08607356023348983,world,1.6266639105929062,0.08825763078406454,world
soft_low,neither,90001,False,False,,1.0,0.0,,75,0.07768138824030757,0.05507525312714279,world,0.18843141607940198,0.13767027133144438,world,0.32189416941255333,0.15932869624812157,body,0.9351583891548216,0.16415709073189647,world,1.701523617701605,0.1634121881550527,world,1.7446457472629844,0.15876743439934216,world
soft_low,neither,90002,False,False,,1.0,0.0,,65,0.0829478008672595,0.045270961127243936,world,0.16432132739573718,0.13016898261848836,world,0.24484266033396124,0.15462800659006462,world,0.7097687206696719,0.15377136778552086,world,1.5097289103781806,0.1470512226813298,world,1.6494630919303745,0.1429149754709215,world
soft_low,neither,90003,False,False,,1.0,0.0,,61,0.04795451322570443,0.03363386320415884,world,0.1252665940672159,0.0705416320124641,world,0.22238278277218343,0.10068902540951967,world,0.6862227435223759,0.10483295670128427,world,1.5505919287446885,0.1085722492181958,world,1.6868669588305056,0.10823822173566441,world
soft_low,neither,90004,False,False,,1.0,0.0,,76,0.05864219833165407,0.05040497938171029,world,0.14584335843101143,0.09526396205183119,world,0.2314819906372577,0.10920278656994924,world,0.6606656851479784,0.10375971311004833,world,1.473025514103938,0.10268096350191627,world,1.644881158140488,0.10417900038213701,world
soft_low,neither,90005,False,False,,1.0,0.0,,79,0.08943612221628428,0.038702238467521966,world,0.1931437963619828,0.12153645374346525,world,0.29805686408653853,0.1282405223115347,world,0.802506426954642,0.12767966224055272,world,1.7016814847709612,0.12050678784735283,world,1.7327212104666978,0.11819344670224381,world
soft_low,neither,90006,False,False,,1.0,0.0,,74,0.07779361493885517,0.05297508102376014,world,0.18927270881831648,0.12665905402973293,world,0.312569803185761,0.14806406856514515,world,0.8411490372382104,0.13771401763078758,world,1.7268053210806102,0.13544865301519166,world,1.771456421446055,0.11963435937650502,world
soft_low,neither,90007,False,False,,1.0,0.0,,79,0.07559710997156799,0.039487821923103184,world,0.14670905130915343,0.052151016646530476,world,0.22554705122020094,0.08013476813794113,world,0.7209282365511172,0.08059429207642096,world,1.6331929451262113,0.0906746893975651,world,1.7178899698867465,0.08344826814573025,world
soft_low,neither,90008,False,False,,1.0,0.0,,62,0.07835381641052663,0.07174937007948756,world,0.18935786965303122,0.12824646922235844,world,0.30542492296081036,0.1424227053488721,world,0.7808653761981986,0.13777615146609606,world,1.5383251635998023,0.13655693282307765,world,1.6833820108580402,0.12039536409327412,world
soft_low,neither,90009,False,False,,1.0,0.0,,74,0.07996859168633819,0.06342902744654566,world,0.16503004282712935,0.16369965553749352,world,0.2833137802779675,0.19392667050706225,world,0.791469301097095,0.17766630319529214,world,1.561471379827708,0.17088858819333835,world,1.671194934360683,0.16614156331517732,world
soft_low,neither,90010,False,False,,1.0,0.0,,72,0.07806983287446201,0.04317180113866925,world,0.18123633009381593,0.09151580552570521,world,0.3115693470695987,0.10271021333173849,world,0.9674321218510159,0.0993883675080724,world,1.8057814858446362,0.10590785289678026,body,1.8051047363714314,0.12287883777287789,body
soft_low,neither,90011,False,False,,1.0,0.0,,71,0.07187681295908988,0.04685059539042413,world,0.1331471791025251,0.0890465713921003,world,0.2228349334327504,0.09696125350019429,world,0.6799796299426817,0.09695077433570987,world,1.4885824340104592,0.10449303170826169,world,1.6594868412124926,0.10390623706683982,world
soft_low,neither,90012,False,False,,1.0,0.0,,62,0.07538124127313495,0.044017450127284974,world,0.15223096320405602,0.11385162778897209,world,0.24846797385253014,0.1450533993949648,world,0.7696028982521965,0.1292494236025959,world,1.5683778908685782,0.13263759690744337,world,1.6886867808038368,0.1283543965910212,world
soft_low,neither,90013,False,False,,1.0,0.0,,68,0.0585478728171438,0.0404177499585785,world,0.12008787519298494,0.08437444114824758,world,0.22663216206710785,0.11333354464150035,world,0.8164664128213189,0.09857111255405471,world,1.6554500899917912,0.0983735736575909,world,1.7193883329513484,0.09361493720294675,world
soft_low,neither,90014,False,False,,1.0,0.0,,80,0.05170460301451385,0.03504261141642928,world,0.12179959840141238,0.05837149470462464,world,0.18927003431599587,0.05981243013811763,world,0.4505328922881745,0.06538788029865827,world,1.482949271396501,0.07378695252118632,world,1.6613073257985524,0.09093918552287505,world
soft_low,neither,90015,False,False,,1.0,0.0,,76,0.07493340643122792,0.046628695679828525,world,0.16694666286930443,0.12761794589459896,world,0.22987029305659235,0.12050741371931509,world,0.6943681266857311,0.12052566620404831,world,1.5068160649738274,0.12324997782852734,world,1.6496525380155074,0.12568109461688437,world
soft_low,neither,90016,False,False,,1.0,0.0,,76,0.06382570415735245,0.025973904936108738,world,0.14089503064751624,0.06726891359430738,world,0.24637167900800705,0.07220235154672992,world,0.7692089755088092,0.06803636998956791,world,1.6067123093642295,0.0679353743136744,world,1.7042964344099163,0.07649175824655685,world
soft_low,neither,90017,False,False,,1.0,0.0,,74,0.0639031189493835,0.04106287349713966,world,0.15945653952658176,0.07638299231184646,world,0.25180397052317854,0.08513275430887006,world,0.7303418925032019,0.08243924224734656,world,1.5508350077085198,0.08028044961647537,world,1.6889588264748454,0.08255031999622588,world
soft_low,neither,90018,False,False,,1.0,0.0,,66,0.04675706150010228,0.03368055779719725,world,0.13827062770724297,0.05090735525591299,world,0.243190386518836,0.059525003480666784,world,0.7032768494449556,0.052128220383747245,world,1.7784291609656067,0.05976771470268432,world,1.792267430406064,0.06825538649529335,world
soft_low,neither,90019,False,False,,1.0,0.0,,66,0.04497752268798649,0.028472311794757843,world,0.12848432068713012,0.05796048778574914,world,0.24480489830020818,0.09063590896548704,world,0.8180990873021073,0.08858673352660844,world,1.682298910903046,0.09648952716161148,world,1.7373088964470664,0.09766598917267402,world
soft_low,neither,90020,False,False,,1.0,0.0,,73,0.0988997311796993,0.07156242686323822,body,0.24552000160329046,0.17295968281105162,body,0.3791054025059566,0.19837831212207674,body,0.8937790807220153,0.18761711596162056,world,1.6051712708489503,0.18030922023317544,world,1.7086115960008463,0.17920592612557812,world
soft_low,neither,90021,False,False,,1.0,0.0,,74,0.05917706899344921,0.0443330691778101,world,0.18284714687615633,0.09011530509451404,world,0.3111533840186894,0.11390677590970882,world,0.9378944872412831,0.10174579861632083,world,1.752108485926874,0.09910247468797025,world,1.777733508469537,0.09695683817335521,world
soft_low,neither,90022,False,False,,1.0,0.0,,66,0.06280748290009797,0.016841293414472602,world,0.17419422934763135,0.09000609039503615,world,0.2780345702311024,0.09966979400342098,world,0.8512045438284985,0.10269466957470286,world,1.6226303833012936,0.09390014222481113,world,1.7204851833893917,0.10152561746610445,world
soft_low,neither,90023,False,False,,1.0,0.0,,75,0.06778178294189274,0.04086981154978275,world,0.14037225362844766,0.06142514379462227,world,0.23178211955819278,0.06685998632456176,world,0.7772253650357015,0.06875088673550636,world,1.7222331536526325,0.06846253764233552,world,1.765357928632293,0.06797643008641899,world
soft_low,neither,90024,False,False,,1.0,0.0,,73,0.0950145167298615,0.052952123020077124,world,0.17650125613436102,0.09317074877326377,world,0.24812971665523947,0.09051692117063795,world,0.6771157352952286,0.09100464151852067,world,1.625406857894268,0.09212477194014354,world,1.7278213725751266,0.09930311341915513,world
soft_low,neither,90025,False,False,,1.0,0.0,,68,0.0669550271704793,0.04250804416369647,world,0.1541932231746614,0.07411653321469203,world,0.2712523234542459,0.07733627996058204,world,0.9354088834254071,0.07797930568631273,world,1.7575152042671107,0.07616459211640177,world,1.7549605801468715,0.08897812928858911,world
soft_low,neither,90026,False,False,,1.0,0.0,,73,0.06234642630442977,0.05955907772295177,world,0.16921226577833295,0.11708826434332878,world,0.291783361742273,0.13022461437212768,world,0.831823501852341,0.12830579368164763,world,1.5879268974647855,0.12700241482234562,world,1.6948425908619538,0.13413538679778866,world
soft_low,neither,90027,False,False,,1.0,0.0,,61,0.07500661653466523,0.033679882530122995,world,0.17081099669449032,0.11464579487219453,world,0.30089631748851386,0.12827312359586357,world,0.9261923877405934,0.125661874061916,world,1.6732813536131288,0.12001251855399458,world,1.7361297061643564,0.11690799262127256,world
soft_low,neither,90028,False,False,,1.0,0.0,,71,0.057770064333453774,0.03513922038837336,world,0.1535835700575262,0.07393654754268936,world,0.2736445262329653,0.08432761613221373,world,0.9406380891450681,0.09263153520150809,world,1.7774511761788745,0.09506127592685516,world,1.7823919126321561,0.09752256103703985,world
soft_low,neither,90029,False,False,,1.0,0.0,,60,0.06163533730432391,0.04005458380561322,world,0.13853886695578693,0.06003059905488044,world,0.19637219035066664,0.06214660519035533,world,0.49655307431239637,0.0750657769604004,world,1.3576211836771108,0.0818928088840039,world,1.5870207175845281,0.0810904692474287,world
soft_low,neither,90030,False,False,,1.0,0.0,,72,0.08862986136227846,0.049187783151865005,world,0.17797101829200984,0.08126096432097256,world,0.2540002164430916,0.09568029060028493,world,0.6667545918840916,0.09270498438854702,world,1.5764310762519016,0.09174161217670189,world,1.6759141151700168,0.0960912558893324,world
soft_low,neither,90031,False,False,,1.0,0.0,,65,0.09548445581458509,0.06333803571760654,world,0.1734199893195182,0.10676851870957763,world,0.2259457035223022,0.10464599432889372,world,0.5370057650958188,0.10226351977908052,world,1.3981132340210023,0.09123098528070842,world,1.623500303796027,0.08572770621569362,world
soft_low,neither,90032,False,False,,1.0,0.0,,78,0.06297606392763555,0.027903685462661088,world,0.14654441815800964,0.055675861722556876,world,0.2375021361047402,0.06205385469074827,world,0.6671631358680316,0.06533603780117118,world,1.6875026954396162,0.06766021434959839,world,1.7541900356882252,0.07054490316630108,world
soft_low,neither,90033,False,False,,1.0,0.0,,74,0.053789902245625854,0.0333986803307198,world,0.14452924649231136,0.07035384145565331,world,0.279592210217379,0.07548882019182201,world,0.9522711339290254,0.07351666806353023,world,1.8108732470718678,0.07164200222177897,body,1.7925555557548067,0.07847495156893274,body
soft_low,neither,90034,False,False,,1.0,0.0,,63,0.06896364619024098,0.03809163608821109,world,0.16288719777949154,0.08067264634883031,world,0.26518843083176763,0.09693231348064729,world,0.8146365207736381,0.09226746997446754,world,1.781789014354581,0.09261215844599065,world,1.7728275711298922,0.09727731743594631,world
soft_low,neither,90035,False,False,,1.0,0.0,,66,0.07071388373151422,0.05939219705760479,world,0.16913300743326545,0.13113322299905122,world,0.2771561940666288,0.157751425425522,world,0.9020096606342122,0.15079814457858448,world,1.5818914001225495,0.14024332199987838,world,1.682449917397462,0.13524103265386658,world
soft_low,neither,90036,False,False,,1.0,0.0,,61,0.07040820829570293,0.04658028110861778,world,0.1382737023755908,0.07393220895901323,world,0.261436119209975,0.1029467404994648,world,0.8908756505232305,0.10298515730828513,world,1.7223336869617925,0.1104011550109135,world,1.7719905089493841,0.11574616166879423,world
soft_low,neither,90037,False,False,,1.0,0.0,,69,0.0641996655613184,0.03160363103961572,world,0.12371311504393816,0.06497433356707916,world,0.21055135736241937,0.07249458382721058,world,0.7278080918360501,0.06851560126524418,world,1.5473764093825593,0.07011711455270415,world,1.6827903578523546,0.08537649007557774,world
soft_low,neither,90038,False,False,,1.0,0.0,,63,0.058215297758579254,0.013107760867569596,world,0.1542693808674812,0.041607162449508905,world,0.2564713785424828,0.06147116945357994,world,0.7951517690904438,0.06350735555024585,world,1.7897750756237656,0.06987322670174761,world,1.8024111085571348,0.07240609482279979,body
soft_low,neither,90039,False,False,,1.0,0.0,,63,0.07757658883929253,0.03331995116604958,world,0.18296470642089846,0.0826706286316039,world,0.26870748996734617,0.10008326969837072,world,0.7789790408685804,0.09637224697580678,world,1.586884497012943,0.09809400575650215,world,1.695537641607225,0.11010786210987134,world
soft_low,neither,90040,False,False,,1.0,0.0,,66,0.06707726675085723,0.03429112765297759,world,0.17035294244997204,0.0728448364912765,world,0.25578183045145125,0.08926544111600379,world,0.7094958729925565,0.09304142334221979,world,1.5987483868317214,0.09190350776661944,world,1.7174132745689712,0.08742398887887248,world
soft_low,neither,90041,False,False,,1.0,0.0,,71,0.0715648764744401,0.06570603523869067,world,0.1473839852027595,0.13248497762251643,world,0.27120155612938107,0.163782448717393,world,0.7961055414518341,0.15596308758831584,world,1.5495928757707587,0.1540501543902792,world,1.674363913568668,0.15296080834436,world
soft_low,neither,90042,False,False,,1.0,0.0,,64,0.07752233417704701,0.0532505065202713,world,0.17970406766980884,0.10450275026960298,world,0.3024386907927692,0.11425079960026778,world,0.8521362140309066,0.10586552298336754,world,1.6451492212479932,0.10540127963176928,world,1.7238566617574542,0.10601008068479131,world
soft_low,neither,90043,False,False,,1.0,0.0,,79,0.08129153726622462,0.04805087175918743,world,0.17166056344285607,0.09021097697550431,world,0.2642614199314266,0.08648274491424673,world,0.6537829227047041,0.08912995859573129,world,1.6184721089550296,0.09088653421276831,world,1.7083625516155734,0.10923936195584248,world
soft_low,neither,90044,False,False,,1.0,0.0,,65,0.08050256548449397,0.06808996433392167,world,0.20275119682773948,0.13619146756827832,body,0.30578580261208116,0.17435640429612248,world,0.7902692779200151,0.15714497191947885,world,1.4044430963345804,0.149577627303006,world,1.5796391796926037,0.13965736246362212,world
soft_low,neither,90045,False,False,,1.0,0.0,,64,0.061725292820483446,0.04027182166464627,world,0.1425184929743409,0.08575539486482739,world,0.26079179709777234,0.10840250535402446,world,0.9018513064365834,0.10043922117474721,world,1.7198513393988832,0.1011724175834388,world,1.7651301691588015,0.09836566615791525,world
soft_low,neither,90046,False,False,,1.0,0.0,,73,0.0825406676158309,0.06802542333025485,world,0.1755025082267821,0.10961045504081995,world,0.313874880829826,0.11748732213163748,world,0.9360098384553566,0.11716565822716801,world,1.6166646072757431,0.11943960497446823,world,1.6998691258626057,0.10723321612516884,world
soft_low,neither,90047,False,False,,1.0,0.0,,66,0.05254945904016495,0.028352071647532284,world,0.15645813569426537,0.10289896092144772,world,0.2725814366713166,0.1202796520141419,world,0.8727501490153372,0.11363784614950417,world,1.724474060581997,0.1096020152894198,world,1.7463482868857683,0.1118633811827749,world
soft_low,neither,90048,False,False,,1.0,0.0,,76,0.08205440826714039,0.040218910842668265,world,0.19570385990664363,0.11895934030180796,world,0.3314594331663102,0.12453065803274513,body,0.9996188200777396,0.11076953215524554,body,1.831851496535819,0.11214991834203829,body,1.8274024301720782,0.11419678471735097,body
soft_low,neither,90049,False,False,,1.0,0.0,,76,0.07680805679410696,0.05221300292760134,world,0.16220002425834534,0.08185270405374467,world,0.2415156052913517,0.07716776183806359,world,0.747901908471249,0.07928094949602382,world,1.559867983206641,0.07733931343464065,world,1.6851485547004268,0.07798953028061077,world
soft_low,neither,90050,False,False,,1.0,0.0,,60,0.04774669953621924,0.04942224331898615,world,0.16789576685987412,0.13051647749962286,world,0.3200426422758028,0.15061981016770004,body,0.9470107320114038,0.14474612157500816,world,1.6374190671078392,0.1406730481874547,world,1.7035746414097956,0.1329559114400763,world
soft_low,neither,90051,False,False,,1.0,0.0,,76,0.0578194884583354,0.03993060198263265,world,0.135408821888268,0.08426846266374924,world,0.25469217645004394,0.07955579757981468,world,0.9197782500181348,0.06987438218056923,world,1.736795541574247,0.07015753332743771,world,1.7527583636064081,0.07083467266551452,world
soft_low,neither,90052,False,False,,1.0,0.0,,68,0.06457794737070799,0.04958136973436922,world,0.13612919161096215,0.06783379854168743,world,0.24008222562260925,0.08278738550143316,world,0.7714096987852826,0.09020339466514998,world,1.6994563833926806,0.09066485365328845,world,1.7617888552369552,0.08800928485550685,world
soft_low,neither,90053,False,False,,1.0,0.0,,72,0.06140977796167135,0.042885335453320295,world,0.152791409753263,0.08985664170468227,world,0.26762393126264217,0.10998673607246019,world,0.958768460759893,0.10150191752181853,world,1.7143638166831807,0.10022694867802784,world,1.7329033715743571,0.09881265830190386,world
soft_low,neither,90054,False,False,,1.0,0.0,,65,0.07715461985208094,0.07071274786721915,world,0.16882993797771634,0.11934678468387575,world,0.2906391585012898,0.12122676951112227,world,0.8089592956821434,0.12040351043106057,world,1.6228448123147245,0.1260501232180104,world,1.7269921277626419,0.14601853012369248,world
soft_low,neither,90055,False,False,,1.0,0.0,,68,0.07908677775412798,0.047266160137951374,world,0.16571854725480079,0.11867776096332819,world,0.30463818144053223,0.12201786215882748,world,1.031249378900975,0.12903718588640914,body,1.6798550249543043,0.1244613741437206,world,1.720766943152994,0.12517500125191872,world
soft_low,neither,90056,False,False,,1.0,0.0,,68,0.07108960347250104,0.04862046800553799,world,0.17282507037743927,0.11079188042785973,world,0.3089882904198021,0.12971680525224655,world,0.9925157212419435,0.11841736998176203,body,1.7029751055291853,0.115015091150417,world,1.7312096904357896,0.10963331885141087,world
soft_low,neither,90057,False,False,,1.0,0.0,,76,0.07008379837498069,0.03800244923331775,world,0.15572930173948407,0.09961320245056414,world,0.24276102338917555,0.11811998935590964,world,0.5466201262781396,0.1156483741637203,world,1.358927915908862,0.11592466952497488,world,1.6003684188099578,0.10975296908494783,world
soft_low,neither,90058,False,False,,1.0,0.0,,61,0.06635427987203002,0.03381564005394466,world,0.1532145246863365,0.06958540261839516,world,0.21799548659473658,0.07086617647728419,world,0.6902746955864131,0.06782507846219232,world,1.6032563052605837,0.06707024620554876,world,1.7037407935969533,0.07603515245173185,world
soft_low,neither,90059,False,False,,1.0,0.0,,62,0.07939899247139692,0.0447941297898069,world,0.1464111400768161,0.09239035457721911,world,0.2387053911574185,0.11093981016019826,world,0.6882417044136674,0.11124489233625354,world,1.5767624174477533,0.11585915656396537,world,1.6775958541501312,0.10268507945555029,world
soft_low,neither,90060,False,False,,1.0,0.0,,62,0.05560691677965224,0.02995156479300931,world,0.13824614067561924,0.0910436611971818,world,0.23222417237702758,0.09727161998744123,world,0.7551972847548314,0.09538528797274921,world,1.6133387933543417,0.09613656622641428,world,1.6941648350306786,0.09927203349609044,world
soft_low,neither,90061,False,False,,1.0,0.0,,80,0.07295301626436412,0.029892823717091233,world,0.16200293372385205,0.07652193036628888,world,0.2684467458864674,0.09115314636728727,world,0.8501894540037028,0.08280660498130601,world,1.5330492802371736,0.08864450265318738,world,1.6487654201849362,0.10632128982717404,world
soft_low,neither,90062,False,False,,1.0,0.0,,66,0.08729922492057085,0.03288204030832276,world,0.16159892138093712,0.0619524400215596,world,0.2535679315216839,0.070199074735865,world,0.718940512323752,0.06715823986160104,world,1.7402624384732917,0.07339355568547035,world,1.7786271247733385,0.07338402784829669,world
soft_low,neither,90063,False,False,,1.0,0.0,,62,0.07172716502100229,0.04817861091578379,world,0.1795965983532369,0.12719962910050525,world,0.29419434773735703,0.1593134874769021,world,0.8568027965491638,0.1371710956300376,world,1.6763741996022872,0.1316191547710332,world,1.7312670841766522,0.12229029191599693,world
soft_low,neither,90064,False,False,,1.0,0.0,,72,0.07939024968072772,0.02105611644219607,world,0.15796327413991096,0.09697290003532544,world,0.27270917245186865,0.13141057451139204,world,0.7877372161718085,0.13058634694607463,world,1.6784104575053789,0.12901658820774173,world,1.7461434662574902,0.13840056917630136,world
soft_low,neither,90065,False,False,,1.0,0.0,,63,0.05388231691904366,0.047051502391695976,world,0.15206552422605452,0.10610381166334265,world,0.2622974385274574,0.1254935870267218,world,0.8212094841874205,0.11350616541603814,world,1.6105215764779133,0.10328164577240385,world,1.6973846450145356,0.09484424770060285,world
soft_low,neither,90066,False,False,,1.0,0.0,,61,0.04107057675719261,0.022195474011823535,world,0.12570713376626372,0.07275312495185063,world,0.2273313737940043,0.09115474483114668,world,0.7640942649682984,0.08241371354015428,world,1.5411480680922978,0.07926631248956255,world,1.6827546373335647,0.08243582733317453,world
soft_low,neither,90067,False,False,,1.0,0.0,,71,0.08439560211263597,0.04897352715488523,world,0.15511845084838569,0.08093570361379535,world,0.2970214018365368,0.10092029541847297,world,0.950255846499931,0.09089575961406808,world,1.7662116007355506,0.08677588074060623,world,1.784503534042742,0.09056274056609254,world
soft_low,neither,90068,False,False,,1.0,0.0,,76,0.06276448164135218,0.02807145335827954,world,0.12579828491434455,0.05365026422950905,world,0.23137705395929514,0.06623534387763358,world,0.8499575542053208,0.06988471694276085,world,1.7070924193481916,0.06993636505758331,world,1.7458071102527901,0.09417751701010275,world
soft_low,neither,90069,False,False,,1.0,0.0,,70,0.08708027889952064,0.04026647789578419,world,0.15870714960619808,0.09500850917247589,world,0.2638324481900782,0.125115398496564,world,0.7675676743267104,0.10773935918623465,world,1.6325951105332932,0.10926003307358768,world,1.7242726532509551,0.10351241916810977,world
soft_low,neither,90070,False,False,,1.0,0.0,,76,0.07203346770256758,0.050743026891723275,world,0.17457812232896686,0.11372009669430554,world,0.3113624166231602,0.13832318405620753,world,0.9479536395287141,0.13105231660883873,world,1.7111523898201995,0.12381253170897254,world,1.7516891895933075,0.11448960215930128,world
soft_low,neither,90071,False,False,,1.0,0.0,,77,0.09919048612937331,0.0663216196699068,body,0.18203244702890517,0.11788146469043567,world,0.26314508193172514,0.13902584808529356,world,0.7347867875592784,0.12712255094374997,world,1.5449955302872695,0.1308740886001033,world,1.6622431510547175,0.12358925839536822,world
soft_low,neither,90072,False,False,,1.0,0.0,,70,0.06782502913847566,0.06250256556086242,world,0.17865021945908666,0.12313669302966446,world,0.26270820149220525,0.12619277093326675,world,0.680357534554787,0.11566853095428087,world,1.6602099549607374,0.10918524973349122,world,1.7320382689172402,0.10911679285738501,world
soft_low,neither,90073,False,False,,1.0,0.0,,80,0.09274122468195856,0.05150860839057714,world,0.15996656869538128,0.0852494515827857,world,0.282818072126247,0.10169368676724845,world,0.8952356373076327,0.09790804342774209,world,1.7176752763392868,0.10096631631604397,world,1.7626171741844154,0.09812477930565364,world
soft_low,neither,90074,False,False,,1.0,0.0,,67,0.08056582370772958,0.05606297275517136,world,0.15395805826410652,0.07724301910493522,world,0.20555192767642438,0.09202817603945732,world,0.44148514259140936,0.08620996912941337,world,1.4360828579752707,0.08317126076944986,world,1.6308887413656339,0.0869236938119866,world
soft_low,neither,90075,False,False,,1.0,0.0,,71,0.0752546910662204,0.05950186122208834,world,0.17291682441718875,0.14227462494745852,world,0.29826522192452104,0.171880990290083,world,0.8709059051354415,0.15674904299667106,world,1.6559039912710432,0.14865160363551694,world,1.7217580976919271,0.14275577039283233,world
soft_low,neither,90076,False,False,,1.0,0.0,,75,0.04938039253465831,0.050180369726149365,world,0.1807411872316152,0.12690399740240538,world,0.33488513811025766,0.13448446457914542,body,0.8887164306943304,0.13354401716933353,world,1.4907340091245715,0.1293408042030933,world,1.6416916705877522,0.11406515882903477,world
soft_low,neither,90077,False,False,,1.0,0.0,,63,0.07135737547650933,0.04899821360595524,world,0.16514562340453268,0.10605063983239234,world,0.23251423356123269,0.11913839750923216,world,0.6074488293612377,0.10707276616885793,world,1.5771163130295465,0.10967170451585843,world,1.6916560094850137,0.10462654995688353,world
soft_low,neither,90078,False,False,,1.0,0.0,,63,0.05153384944424033,0.030008729809196666,world,0.14920403081923725,0.11398266385658644,world,0.271745730843395,0.13959946558170486,world,0.8309875409584493,0.1403026765823597,world,1.6541221188148483,0.14902796950918853,world,1.7157303353305906,0.14185179898631758,world
soft_low,neither,90079,False,False,,1.0,0.0,,64,0.05111710447818041,0.0392804394941777,world,0.13001728747040034,0.05928193216677756,world,0.2268083802424371,0.0807682245154865,world,0.7979293778073042,0.09273257860186276,world,1.608466367959045,0.09750065125626861,world,1.6855682278331368,0.0973892680449353,world
soft_low,neither,90080,False,False,,1.0,0.0,,78,0.07032415526919067,0.04136199119966477,world,0.16260547931306063,0.12579218179453164,world,0.2825499797007069,0.13095424438361078,world,0.9659128905157559,0.1346279801800847,world,1.7435295742412564,0.13499228278815278,world,1.760453348623123,0.1347907360980753,world
soft_low,neither,90081,False,False,,1.0,0.0,,79,0.07570157665759325,0.04575679614208639,world,0.16448842240497472,0.06775520113296807,world,0.2548969473224133,0.08381813692394643,world,0.818927880260162,0.07552033613173989,world,1.616972164751496,0.08139918112938176,world,1.693809641576372,0.08890865014953306,world
soft_low,neither,90082,False,False,,1.0,0.0,,76,0.05321660381741822,0.026546532550128177,world,0.1081547983456403,0.05915178921422921,world,0.1862730462336913,0.07931344629905653,world,0.6241356534999796,0.07910252942092483,world,1.5465924608579371,0.08232875211760984,world,1.6780165490158834,0.08756250941311008,world
soft_low,neither,90083,False,False,,1.0,0.0,,74,0.0567697836086154,0.03548805811442435,world,0.14013884104788304,0.09441132249776274,world,0.22297049779444933,0.10342803325038402,world,0.6838337485678494,0.09918637820665027,world,1.6320375292096287,0.10458472618702216,world,1.7271868271566928,0.12114136568532557,world
soft_low,neither,90084,False,False,,1.0,0.0,,73,0.07305704429745674,0.04741115099750459,world,0.1671194901689887,0.14224283329676837,world,0.27992815366014834,0.18716108604567128,world,0.8052944449242204,0.17166179661726347,world,1.5791124804643915,0.16504643158623367,world,1.6787381536792962,0.15519607123365858,world
soft_low,neither,90085,False,False,,1.0,0.0,,72,0.08939370838925242,0.05857247958192602,world,0.1603655343875289,0.11532864213222638,world,0.26139722475782035,0.14264783503604123,world,0.7652133493218571,0.1335399078176124,world,1.5424118655966597,0.14224259724869626,world,1.6484153395611791,0.133376331946929,world
soft_low,neither,90086,False,False,,1.0,0.0,,63,0.05756665673106909,0.033821196848293766,world,0.1340245708823204,0.06072667363914662,world,0.22364030070602894,0.07969715891231317,world,0.6020779620856047,0.07952968386380234,world,1.620830576494336,0.07942592671461171,world,1.7039647920429706,0.08081125823111505,world
soft_low,neither,90087,False,False,,1.0,0.0,,66,0.048062101704999804,0.0368895516730845,world,0.12242226335220038,0.06770983824972064,world,0.23164290969725698,0.07877116716699674,world,0.8240991882863453,0.08222456414368934,world,1.535160672472557,0.0777335659324308,world,1.6611681497818789,0.09607157955309958,world
soft_low,neither,90088,False,False,,1.0,0.0,,75,0.0526844437699765,0.024256848089862615,world,0.14008546876721084,0.06669609214877709,world,0.22306829930748792,0.07962137217400596,world,0.6530977787333541,0.06943452839332168,world,1.5605880417802838,0.0702300594544795,world,1.678779125844594,0.07998287213762523,world
soft_low,neither,90089,False,False,,1.0,0.0,,62,0.0651591878850013,0.059588059317320585,world,0.17232991294004024,0.14750777151202782,world,0.2812544143991545,0.1702490766358096,world,0.6861954582505859,0.177270863254671,world,1.4012696021061857,0.1758800113995676,world,1.608135814249981,0.18024316991242811,world
soft_low,neither,90090,False,False,,1.0,0.0,,68,0.060268497094511986,0.040338254533708096,world,0.15535669662058355,0.09831151075195521,world,0.2631600122898817,0.11790856834850275,world,0.8316640270873904,0.11010360438958741,world,1.6931426606141031,0.1086186981672654,world,1.7335918552801013,0.0994818666215724,world
soft_low,neither,90091,False,False,,1.0,0.0,,77,0.08199028251692653,0.05115620116703212,world,0.15325137805193662,0.08496351942885667,world,0.25182189857587217,0.1230070749646984,world,0.6894404530990869,0.12019449618528597,world,1.5972698722267524,0.11381654506985797,world,1.7002132022473961,0.10747215237643105,world
soft_low,neither,90092,False,False,,1.0,0.0,,68,0.053847951581701636,0.033730453229509294,world,0.13090361575596032,0.06882504150271415,world,0.23277829510625453,0.09046970796189271,world,0.7409367984044366,0.08425061145389917,world,1.5014816510432867,0.09217036210757215,world,1.6700017000338994,0.10071493555034977,world
soft_low,neither,90093,False,False,,1.0,0.0,,64,0.08114632591605186,0.05525489657884464,world,0.16902221953496338,0.12143857487244532,world,0.30228781695477663,0.12719867574633098,world,0.9434640314197167,0.11822685198567343,world,1.6638700865092688,0.11494768641568953,world,1.7085457782400773,0.1271378602506593,world
soft_low,neither,90094,False,False,,1.0,0.0,,69,0.09583277627825737,0.05731313140131533,world,0.18890275973826648,0.12710932083427906,world,0.3220654766075313,0.16876433412544428,body,0.9272437475156039,0.15595544435200281,world,1.6393679424887524,0.15210449179576244,world,1.7001579196657985,0.1452222020275076,world
soft_low,neither,90095,False,False,,1.0,0.0,,61,0.055900064995512366,0.024643464479595423,world,0.12847600248642266,0.061712968628853566,world,0.23795909418258815,0.08914938127272762,world,0.635190528735984,0.09592034097295254,world,1.572950406052405,0.10139851884014206,world,1.6895844339043835,0.10544646327267401,world
soft_low,neither,90096,False,False,,1.0,0.0,,62,0.08239988191053271,0.06862656422890723,world,0.19238309832289813,0.1325938428635709,world,0.28768422794528303,0.1400097198493313,world,0.9419287974247709,0.12905986653931906,world,1.6087386061553843,0.12160909604426706,world,1.6843804718973114,0.11405674539681059,world
soft_low,neither,90097,False,False,,1.0,0.0,,61,0.06843284796923399,0.031916282256133854,world,0.18571361396461725,0.07833520651329309,world,0.28843359081074593,0.0977622612263076,world,0.8864526624325664,0.09629497083078603,world,1.73139925126452,0.09478588978163316,world,1.7756360027659683,0.08874427724207636,world
soft_low,neither,90098,False,False,,1.0,0.0,,70,0.08493302902206779,0.049425175675423816,world,0.17882862845435737,0.10761647720937617,world,0.2841242848429829,0.10497508520493284,world,0.8198109136195854,0.10355058871209621,world,1.623874381801579,0.10638234780053607,world,1.698042805590667,0.10848586092120968,world
soft_low,neither,90099,False,False,,1.0,0.0,,79,0.06441267463378608,0.06203336757607758,world,0.14602987566031517,0.108714156341739,world,0.24489814557600767,0.12857583885779605,world,0.7449491288163699,0.11237251185812056,world,1.5989953951735516,0.11579191580676707,world,1.6962495472212322,0.11253434776153881,world
soft_low,neither,90100,False,False,,1.0,0.0,,62,0.08962633879855275,0.0567840191652067,world,0.17666190108284355,0.10813934773905202,world,0.24624587125144898,0.1322976849914994,world,0.6252033446682617,0.1151347144084866,world,1.474506119673606,0.11932040387837332,world,1.659515411122702,0.1094602918101009,world
soft_low,neither,90101,False,False,,1.0,0.0,,62,0.060730700846761465,0.03199882106855512,world,0.1412420100532472,0.056338131509255616,world,0.2185385616030544,0.07577226778375916,world,0.6855195167241619,0.08090438922808971,world,1.420432881207671,0.08397084077878389,world,1.6103074134653435,0.10079518423764966,world
soft_low,neither,90102,False,False,,1.0,0.0,,63,0.06572026247158647,0.043190077994950116,world,0.15564555870369076,0.08573859289463144,world,0.2871880213264376,0.10050183715502499,world,0.7915933683747425,0.09936363254892058,world,1.6017070854199118,0.10819757988610945,world,1.7294854519562797,0.12954028287887923,world
soft_low,neither,90103,False,False,,1.0,0.0,,62,0.07389991683885455,0.08036231074947864,world,0.18346428237855436,0.14784498640801758,world,0.3122389022260904,0.1642804814444389,world,0.9311961948871612,0.1478542120923521,world,1.6004486346617341,0.14013024906071223,world,1.675621769055724,0.12760483012149051,world
soft_low,neither,90104,False,False,,1.0,0.0,,72,0.06338078202679753,0.041899628879036754,world,0.13196008149534463,0.05755623122677207,world,0.20012408057227732,0.06742631624365458,world,0.5606106869410723,0.08329526873203576,world,1.4538755679270254,0.08183403841139807,world,1.651558043276891,0.08536231095349649,world
soft_low,neither,90105,False,False,,1.0,0.0,,74,0.06058962922543287,0.03272133367136121,world,0.12998308511450887,0.10037224313709886,world,0.21395121202804146,0.10834649180760607,world,0.6670083748409525,0.10626511860464233,world,1.5880188358132727,0.10695042939914856,world,1.7003446357371286,0.10298804590689542,world
soft_low,neither,90106,False,False,,1.0,0.0,,79,0.0611791224218905,0.03860491869272664,world,0.15348423244431617,0.08362961516832002,world,0.2652582059148699,0.11155775153602007,world,0.765649859723635,0.10394251271063695,world,1.6663250623852945,0.1017147700949863,world,1.7265949309850113,0.11566051311267073,world
soft_low,neither,90107,False,False,,1.0,0.0,,79,0.07792502781376243,0.050843870849348605,world,0.17454071110114455,0.12677542881574483,world,0.26529803057201207,0.14025599687593057,world,0.8032419068971648,0.13507267947570653,world,1.4719271159847267,0.12936664728549657,world,1.622806177106686,0.12110834911785787,world
soft_low,neither,90108,False,False,,1.0,0.0,,64,0.06457625795155764,0.03803559159860015,world,0.12772286739200353,0.051129995088558644,world,0.21578503074124455,0.06068906169966795,world,0.6765653506387026,0.06330130846181418,world,1.7085331907728687,0.0633796669295407,world,1.7573290243092925,0.0841088434199628,world
soft_low,neither,90109,False,False,,1.0,0.0,,66,0.0923064483795315,0.06938217277638614,world,0.14553374419920145,0.06017141966149211,world,0.22055254166480154,0.05901574336457997,world,0.5752896146732382,0.06391818173287903,world,1.5566645587736274,0.0737689163943287,world,1.6888506380817851,0.08707296878739726,world
soft_low,neither,90110,False,False,,1.0,0.0,,60,0.05182852130383253,0.03492074238602072,world,0.1308581795543432,0.09904758357442915,world,0.26413477044552564,0.11257240279228425,world,0.902061973605305,0.10623002928259667,world,1.6942968681920318,0.11201070894858277,world,1.7309149454720318,0.12425699219966192,world
soft_low,neither,90111,False,False,,1.0,0.0,,76,0.0797691346378997,0.07314041198696941,world,0.19169373728800565,0.14373507231939583,world,0.2868108452879824,0.15649296102346852,world,0.7605305229139049,0.14747418873012066,world,1.4326285234099485,0.13880378268222557,world,1.6291954896750394,0.1330593615351245,world
soft_low,neither,90112,False,False,,1.0,0.0,,69,0.08034799783490598,0.05654493090696633,world,0.1821176906581968,0.14075158191844822,world,0.2677137854276225,0.16589966167230158,world,0.861646781244781,0.16061537781497465,world,1.6477929194166792,0.15622052321850788,world,1.712348921026569,0.14948692223697435,world
soft_low,neither,90113,False,False,,1.0,0.0,,60,0.07632021768949926,0.034219261491671205,world,0.15458345566876233,0.09591240976005792,world,0.23616908548865467,0.12795992952305824,world,0.5419413153198548,0.12941198124317455,world,1.3961671574099455,0.1312021910707699,world,1.6126281904452482,0.12202267741871764,world
soft_low,neither,90114,False,False,,1.0,0.0,,65,0.06924078613519669,0.035552763438317925,world,0.1642181448638439,0.08275974956341088,world,0.29537467751652,0.11175965286092834,world,0.9790948647074401,0.09588598699920112,world,1.762798055773601,0.10134281281279983,world,1.7515614961646497,0.10016245178150712,world
soft_low,neither,90115,False,False,,1.0,0.0,,77,0.05034988047555089,0.03783814224880189,world,0.12675075344741343,0.09153570549970028,world,0.24343209248036146,0.11601531978667481,world,0.816821479704231,0.11417949354727171,world,1.6387850030791014,0.11132101355578926,world,1.7281354142539203,0.11988167813789914,world
soft_low,neither,90116,False,False,,1.0,0.0,,75,0.06691905204206705,0.038049965718528256,world,0.16915267053991556,0.10356319951824844,world,0.2833481018431485,0.13682765054982157,world,0.867558153392747,0.1350577784352936,world,1.6020944176474585,0.1375663052458549,world,1.6868756834510714,0.1377560079153045,world
soft_low,neither,90117,False,False,,1.0,0.0,,79,0.06820197030901909,0.045301110279979184,world,0.1451442521996796,0.10728550139465368,world,0.24056593929417433,0.12192590121994727,world,0.7647092311875895,0.1111702157795662,world,1.6017003433429635,0.11230675467959372,world,1.696675799996592,0.10703647873509908,world
soft_low,neither,90118,False,False,,1.0,0.0,,68,0.06539819203317165,0.0404746592103038,world,0.1395188252441585,0.07154452982940712,world,0.22875421489588915,0.0824033174692886,world,0.655217993981205,0.080665290284378,world,1.4550171431037597,0.0836121572596312,world,1.643748513306491,0.08361093894483929,world
soft_low,neither,90119,False,False,,1.0,0.0,,69,0.04651174251921475,0.022871659486554563,world,0.11486003682948648,0.04868388685863465,world,0.19505331825930627,0.05399157660431229,world,0.5831599873141387,0.06036700417462271,world,1.6385725919448304,0.063519447472936,world,1.7291054703411648,0.07407647554995492,world
soft_low,body_only,90120,True,False,m,1.5891995503048728,0.0,,74,0.06635826965793967,0.026356349524576217,world,0.140197523124516,0.05992880196426996,world,0.2421167495660484,0.06784678435942623,world,0.9166856357362122,0.06176746835408266,world,1.6744363688630983,0.06312737496482441,world,1.7084676663856952,0.06324330734991236,world
soft_low,body_only,90121,True,False,l,1.4812383451425903,0.0,,60,0.06937943259254098,0.030355708207935095,world,0.14786009704694153,0.05126530041452497,world,0.2578640466090292,0.06379001911263912,world,0.8437943677185104,0.0676945203289506,world,1.6787698074593207,0.06065885655261809,world,1.7389266104763372,0.055738788823364305,world
soft_low,body_only,90122,True,False,m,1.577333311441059,0.0,,60,0.06269861594773829,0.025224872646504082,world,0.15650734440423547,0.07040198429313023,world,0.2626633090199903,0.08668929103441769,world,0.7858765842975117,0.08162879038791288,world,1.5905005959153642,0.08641669941607688,world,1.681706166912336,0.08660045566241024,world
soft_low,body_only,90123,True,False,l,1.2659873041674827,0.0,,78,0.05054153758101165,0.04598751896992326,world,0.1443324194755405,0.06715362970717251,world,0.25688175137620417,0.09534156636800617,world,0.8712620855658315,0.08856393870082684,world,1.648605474148644,0.09651722814887762,world,1.707157418008428,0.08919184918864631,world
soft_low,body_only,90124,True,False,m,1.4143549642821072,0.0,,79,0.05308836349286139,0.03557713099871762,world,0.13404514971189202,0.06216019346029498,world,0.2579492164542898,0.08599446143780369,world,0.9335253546829335,0.07767709420222674,world,1.7263734923151788,0.08474208888619614,world,1.7595489350496791,0.08455087514026673,world
soft_low,body_only,90125,True,False,l,1.4086180240535773,0.0,,63,0.059157493291422725,0.025650630617747083,world,0.13220967748202384,0.042771417304174976,world,0.2136756881373003,0.04746101839991752,world,0.7010501572513022,0.05080383218410134,world,1.5478073124599177,0.05081254331798846,world,1.6467914583091625,0.055522801145052654,world
soft_low,body_only,90126,True,False,m,1.6448408546174003,0.0,,68,0.05613696342334151,0.03829122235765681,world,0.14262457871809603,0.0557801475864835,world,0.2593456054572016,0.0706972472864436,world,0.9606527601601555,0.07066690738574835,world,1.7526096607209183,0.06823659483197844,world,1.7612301064515485,0.06955416279612109,world
soft_low,body_only,90127,True,False,l,1.4986137896780058,0.0,,61,0.07518011610955,0.03582638199441135,world,0.1429140022024512,0.0449854188831523,world,0.2281800759024918,0.05869906069710851,world,0.6963742902968079,0.07174142414296512,world,1.6463285773294045,0.07148674941563513,world,1.696594436140731,0.07184017923893407,world
soft_low,body_only,90128,True,False,m,1.416558817025714,0.0,,64,0.10295517230406404,0.054364240961149335,body,0.19848029119893906,0.0787789263529703,world,0.2934267283882946,0.07161037989426404,world,0.8895248695043847,0.07767671173496637,world,1.813650660903659,0.08157606239547022,body,1.798008112437092,0.07795253191288794,body
soft_low,body_only,90129,True,False,l,1.38378853736242,0.0,,68,0.060135385021567345,0.04137766652274877,world,0.14767203647643326,0.048386231227777896,world,0.22168461615219714,0.0459712703130208,world,0.5749791073147208,0.0511041262652725,world,1.5817911085905507,0.053475070220883936,world,1.6933348115254194,0.0510982527048327,world
soft_low,body_only,90130,True,False,m,1.4756383192437175,0.0,,71,0.08400050969794393,0.01987649804505054,world,0.17872662628069522,0.052646358526544645,world,0.2963275203946978,0.07293266166816464,world,0.8656175122829153,0.07485870227974373,world,1.7086230895132757,0.08016987424271065,world,1.735655057230033,0.07415141641482478,world
soft_low,body_only,90131,True,False,l,1.3606013397692742,0.0,,80,0.053908869391307235,0.026921833981759846,world,0.12842751084826887,0.03200864910904784,world,0.19848474774044006,0.04870417240454117,world,0.5362636194913648,0.058070297539961756,world,1.5411626194312704,0.05438110544637311,world,1.6657796675222927,0.056383346244401764,world
soft_low,body_only,90132,True,False,m,1.3052923183294922,0.0,,64,0.06364495097659528,0.030211029516067356,world,0.15030792295001447,0.04776154904393479,world,0.25112722858320924,0.06077762182685547,world,0.7716676948941313,0.07065456225245725,world,1.5776780576619784,0.07292975013406248,world,1.6920659658755177,0.07814551683579339,world
soft_low,body_only,90133,True,False,l,1.3207448067237653,0.0,,67,0.0712772966362536,0.022131475619971752,world,0.15481850551441312,0.03351740075740963,world,0.23647594773210584,0.0700634921202436,world,0.7307547229574993,0.0790313381177839,world,1.7031073422753251,0.07831575446180067,world,1.7532061012694613,0.0795751010684762,world
soft_low,body_only,90134,True,False,m,1.4561368550822151,0.0,,64,0.05831753509119153,0.03128938493318856,world,0.14289231672883035,0.0717637435416691,world,0.27006568349897864,0.0990703487477731,world,0.9290910193696618,0.087190642610949,world,1.7178757515735925,0.08638537143560825,world,1.7465117548778655,0.0879247846020735,world
soft_low,body_only,90135,True,False,l,1.4036352699808552,0.0,,79,0.057091925758868456,0.023884508816991,world,0.13122019665315748,0.02925409856834449,world,0.21286575407721103,0.037683587559149606,world,0.5852906498359517,0.04878164097171975,world,1.5572467684396543,0.049171612050849946,world,1.6851548096397893,0.05426504232833395,world
soft_low,body_only,90136,True,False,m,1.3752498406372067,0.0,,68,0.06138986046425998,0.050111864460632205,world,0.13956048651598393,0.06013118635164574,world,0.2333792797056958,0.07246343281003648,world,0.7198379853158258,0.07630312682740623,world,1.6191528976603877,0.07707785660168155,world,1.69174229222117,0.07305085071799113,world
soft_low,body_only,90137,True,False,l,1.3180944856558197,0.0,,66,0.04481402924284339,0.037398918299004436,world,0.12130392296239734,0.06595701763872057,world,0.23181243571452798,0.07957753442460672,world,0.7998222710331901,0.07058499869890511,world,1.6350990918348542,0.07235750789113808,world,1.6852026477782056,0.0718005455576349,world
soft_low,body_only,90138,True,False,m,1.3737292058898571,0.0,,76,0.04991954774595797,0.03322307582129724,world,0.1368001323658973,0.06739464901038446,world,0.2493508657673374,0.08571888814039993,world,0.7949319427018053,0.07705104171909624,world,1.6475821761938279,0.07932830041390844,world,1.708732190525625,0.0807207475832547,world
soft_low,body_only,90139,True,False,l,1.2231365368057392,0.0,,78,0.05012013320811093,0.028964298020582646,world,0.13599584051407873,0.060275758488569406,world,0.21811485022772104,0.07698741712374613,world,0.6681668197386899,0.08925955858430826,world,1.5685324209567624,0.08713923593968503,world,1.6796278023277411,0.08527712434733985,world
soft_low,body_only,90140,True,False,m,1.5903123576273737,0.0,,77,0.07390099158510566,0.034524437214713544,world,0.14987314278259872,0.060402317182160915,world,0.23588107940740882,0.07503777231904678,world,0.697915360913612,0.07210878556361422,world,1.5475223022629507,0.07326203162647289,world,1.6564298021467403,0.07444205974308715,world
soft_low,body_only,90141,True,False,l,1.3983126255738383,0.0,,68,0.07768614497035742,0.04510014795232564,world,0.1494678681716323,0.05449029129231349,world,0.2709808110259473,0.06383267614874058,world,0.8902418059762568,0.06431111935235094,world,1.7627143501071258,0.05982568435865687,world,1.7677059243153779,0.05888227467890829,world
soft_low,body_only,90142,True,False,m,1.5588960124158446,0.0,,77,0.06430504005402327,0.013983209559228271,world,0.13512592911720278,0.051392375852447006,world,0.21650959905236958,0.07647605757811107,world,0.6798529830761253,0.08526614059519488,world,1.557872045272961,0.07979664071608568,world,1.6626619006134569,0.07431692188081797,world
soft_low,body_only,90143,True,False,l,1.3381767659159343,0.0,,76,0.06956249661743641,0.024446784518659115,world,0.13917051823809742,0.06147255424875765,world,0.2332449656445533,0.07602894172305241,world,0.619187206053175,0.07334961452288553,world,1.528598445665557,0.07564164185714617,world,1.6634891077922656,0.07402529025930563,world
soft_low,body_only,90144,True,False,m,1.4340779419258376,0.0,,78,0.05939587508328259,0.03349096415331587,world,0.14365301528014243,0.05912532581714913,world,0.24353214849252253,0.06983679753611796,world,0.7445516869076527,0.07557758382754401,world,1.5893186122004408,0.08051754693005932,world,1.6796044988860377,0.08359340392140438,world
soft_low,body_only,90145,True,False,l,1.3732457116762027,0.0,,79,0.05692598223686218,0.030143701005727053,world,0.1288634903728962,0.037318455975037065,world,0.23041190318763258,0.06063647268456407,world,0.7036414904519915,0.07838207680906635,world,1.5355073119513691,0.07837184481904842,world,1.6696241046115756,0.07901002219812653,world
soft_low,body_only,90146,True,False,m,1.4659264726975494,0.0,,73,0.0814688284881413,0.047824660781770945,world,0.18489127280190587,0.10053369356319308,world,0.3077945074532181,0.12452885222155602,world,0.9572904692264275,0.10621892029885202,world,1.73275705097476,0.10779561697272583,world,1.7507322500878946,0.09919406237488147,world
soft_low,body_only,90147,True,False,l,1.3697174281168265,0.0,,61,0.061225469689816236,0.028021878242725506,world,0.13560300515964627,0.040843068395042786,world,0.23882123758085072,0.054260474714101295,world,0.7118333222577349,0.05901359135605162,world,1.7062520970706827,0.05361771039788436,world,1.7456644289614633,0.05370275557230343,world
soft_low,body_only,90148,True,False,m,1.3038571531689942,0.0,,77,0.06045229476876557,0.04785319010261446,world,0.15299025238491593,0.09361251541413367,world,0.2580206384183839,0.10794087094254791,world,0.6595888797775843,0.09119658797571902,world,1.3867589330591725,0.09163248992263107,world,1.5687027465668506,0.0967711482627783,world
soft_low,body_only,90149,True,False,l,1.2823864181574816,0.0,,69,0.06628384627401829,0.04441444587428123,world,0.14393462762236597,0.08332458015065641,world,0.2421085499227047,0.11325724736088888,world,0.6730659414082765,0.1130597950250376,world,1.4677433965727689,0.10831996166962199,world,1.6380734702199697,0.10261997376714134,world
soft_low,body_only,90150,True,False,m,1.371260065573264,0.0,,77,0.057376397075131536,0.030557688674889505,world,0.15567178898490966,0.04625686076469719,world,0.27562556688208134,0.0524607446976006,world,0.8297991261468269,0.055510865908581765,world,1.8076769050501753,0.059939997200854134,body,1.8063811951992101,0.06158349179575452,body
soft_low,body_only,90151,True,False,l,1.2751118713228489,0.0,,67,0.06698227813467383,0.022639179485850036,world,0.13417950719594957,0.05308675995329395,world,0.22351425122469665,0.06612090279813856,world,0.643543813470751,0.06263215139624663,world,1.5693038901779799,0.06442988062626681,world,1.6536973910965025,0.0702299745978962,world
soft_low,body_only,90152,True,False,m,1.3717293620024857,0.0,,77,0.06120024994015694,0.0322584486566484,world,0.1339205464348197,0.04283907396020368,world,0.21780383670702577,0.048536956193856895,world,0.5911391458008438,0.05255197558435611,world,1.5839203142793847,0.055641328216006515,world,1.6917325859237462,0.05964692768451641,world
soft_low,body_only,90153,True,False,l,1.3777582765834164,0.0,,63,0.06287644151598215,0.02201249118661508,world,0.1335076104849577,0.044301104370970276,world,0.25274661611765625,0.06092973120394163,world,0.7196086979471148,0.0764141358580673,world,1.65497298236005,0.07356586300520576,world,1.712316940855235,0.07226787797699216,world
soft_low,body_only,90154,True,False,m,1.3240528558094946,0.0,,61,0.054248549742624164,0.05093540740199387,world,0.1442344598006457,0.07969576246105134,world,0.2655173279112205,0.09883670559793245,world,0.9608738357084803,0.0848072523382143,world,1.7180637300887611,0.08729827540155383,world,1.7498593592992981,0.08184576639803709,world
soft_low,body_only,90155,True,False,l,1.2616156540457863,0.0,,75,0.06083735125139356,0.02896871737902984,world,0.16651176000013948,0.047458075440954414,world,0.29417740148492155,0.0830050508317072,world,0.8852258868748323,0.08155987484569777,world,1.68170704228105,0.08284818802967492,world,1.7517804802255705,0.085862792966509,world
soft_low,body_only,90156,True,False,m,1.53054519222226,0.0,,80,0.0713602053001523,0.02706283694715239,world,0.16119583081454036,0.06642068556830054,world,0.2796196459792554,0.09212485385287436,world,0.8684698868077249,0.08851186398496794,world,1.6312770014395939,0.08660132646928104,world,1.6989232654031365,0.08888989069506352,world
soft_low,body_only,90157,True,False,l,1.488929027680533,0.0,,67,0.055943191051483154,0.01721178481238894,world,0.12801877837628128,0.040857430541655054,world,0.2216639163903892,0.07082435523625463,world,0.7565211807843297,0.07016308039310387,world,1.6372593118576333,0.06674752209764848,world,1.7042934368085116,0.06695798165885208,world
soft_low,body_only,90158,True,False,m,1.4010988441285952,0.0,,76,0.07238303869962692,0.030779420863837004,world,0.14414992202073335,0.060499310202430934,world,0.2602611874230206,0.07470495359448251,world,0.8173120439518243,0.06855696844722843,world,1.678289469354786,0.074847662801767,world,1.7289067031536252,0.07633543959149391,world
soft_low,body_only,90159,True,False,l,1.3983826888544335,0.0,,76,0.07567251054570079,0.030934593407437205,world,0.14827553313225506,0.05949353869073093,world,0.25090632392093537,0.09353849382605403,world,0.7870837429072708,0.08982252470450476,world,1.6640718568814918,0.08695404364843852,world,1.7062960891705006,0.08506031186552718,world
soft_low,body_only,90160,True,False,m,1.6346395142175347,0.0,,78,0.06783388718031347,0.04221682227216661,world,0.1408799147699028,0.06366776954382658,world,0.26410422783810644,0.06744806749047712,world,0.8820842918590642,0.05987857560830889,world,1.7142783088900615,0.06109290513195447,world,1.7536913994816132,0.06152398286918469,world
soft_low,body_only,90161,True,False,l,1.4627355647267428,0.0,,75,0.062271591275930405,0.030603310791775584,world,0.1410222756676376,0.03775897058658302,world,0.22253994769416752,0.049406790151260795,world,0.6069386352552101,0.0608931023220066,world,1.5421025243937037,0.057383242895593864,world,1.669372372678481,0.05589811969082803,world
soft_low,body_only,90162,True,False,m,1.3110427449584228,0.0,,70,0.0527613356243819,0.02569749834947288,world,0.12341763093136252,0.046223440580070024,world,0.18719333938788624,0.06016826002742164,world,0.5430318344733678,0.05996467424702132,world,1.596665524150012,0.06435933523516724,world,1.6881296641449444,0.06620327046555757,world
soft_low,body_only,90163,True,False,l,1.4308898612160117,0.0,,78,0.0586893679574132,0.03151882364181802,world,0.15092850429937243,0.03823570054373704,world,0.2678258848842233,0.04051265557936858,world,0.7919211112661286,0.04541585967817809,world,1.6506200475036168,0.04463401424436597,world,1.6955250605707988,0.04767560228312505,world
soft_low,body_only,90164,True,False,m,1.439856144676443,0.0,,68,0.055181151488795877,0.04345631506294012,world,0.1512733321171254,0.0741530601400882,world,0.26423827761318536,0.10151129956357181,world,0.8641099451924674,0.1001523264683783,world,1.6384729708952364,0.10147179775995027,world,1.7093320336728357,0.09041012627785676,world
soft_low,body_only,90165,True,False,l,1.2997648895781109,0.0,,62,0.05312257958576083,0.023017189232632518,world,0.13474208926782014,0.04690839031536598,world,0.25766729000024496,0.07406392893317387,world,0.8190934413811193,0.07691136463035947,world,1.6904528655926696,0.0802053900926694,world,1.724656872781925,0.08314346757382737,world
soft_low,body_only,90166,True,False,m,1.679679815459025,0.0,,64,0.08307665912434459,0.0357219519210048,world,0.16525515373796223,0.03989114322466776,world,0.26669781962409617,0.03999025836237706,world,0.7851468859706074,0.055238502897555004,world,1.6849548924015836,0.05392793427672586,world,1.7344379394967109,0.057152426365355495,world
soft_low,body_only,90167,True,False,l,1.3590101711106688,0.0,,72,0.06872240314260125,0.03321667347336188,world,0.1319227206520736,0.03976775753544644,world,0.21273090853355825,0.040812505217036235,world,0.5626763648120686,0.0475232312513981,world,1.5541313018067742,0.048809873250866075,world,1.6874055228894576,0.049076814690197354,world
soft_low,body_only,90168,True,False,m,1.6457533914678304,0.0,,77,0.06611105799674988,0.03615551698021591,world,0.14687359072268008,0.041549804771784694,world,0.2469715546816587,0.04984565056511201,world,0.7123277918435633,0.05777329843549523,world,1.657784269982949,0.05867184480812284,world,1.7188830689527095,0.060087209106714,world
soft_low,body_only,90169,True,False,l,1.372684860076075,0.0,,63,0.054973341757431626,0.04165557795204222,world,0.14067879957146942,0.056965184200089426,world,0.23561926076654344,0.05930965692386962,world,0.6570137919974514,0.05550111134070903,world,1.4563824032491537,0.05747202813217882,world,1.6455084003903901,0.05526367606915301,world
soft_low,body_only,90170,True,False,m,1.5110806219967274,0.0,,77,0.0607749477494508,0.0474119838909246,world,0.1574584434274584,0.07866941735846922,world,0.26749721330124887,0.09108293309691362,world,0.8928930363268591,0.08234624823671766,world,1.684994769404875,0.07975817065926094,world,1.724938033048529,0.07906459388046641,world
soft_low,body_only,90171,True,False,l,1.3393346079674444,0.0,,80,0.07415711157955229,0.029268356709508225,world,0.1417079143691808,0.041174253780627626,world,0.22166829688940198,0.07197160469077062,world,0.5911949725006707,0.08021718111849624,world,1.3236160826461856,0.07864949299546424,world,1.5871410112292506,0.0801952689656173,world
soft_low,body_only,90172,True,False,m,1.5992541406103382,0.0,,69,0.08140060678124428,0.02741430269088596,world,0.15931442994624373,0.058491958980448545,world,0.2526141551323235,0.07081456878222525,world,0.7362921482417732,0.06624460095772519,world,1.4868367127375677,0.06895969413089914,world,1.6163974420446903,0.0685509285221633,world
soft_low,body_only,90173,True,False,l,1.2909310796297793,0.0,,74,0.0769497926812619,0.03928583729430102,world,0.15096563971601426,0.06745682162581942,world,0.22505052525084468,0.08593386904976796,world,0.6318641689955257,0.07920589446002851,world,1.6163533731072677,0.07680641534334427,world,1.7090615672874263,0.07479947887659363,world
soft_low,body_only,90174,True,False,m,1.4992846063269814,0.0,,60,0.06862566526979208,0.02001078543253243,world,0.13634044397622347,0.07461700118146836,world,0.22499924870207905,0.10051162068266421,world,0.7051094625610859,0.10089654772309586,world,1.52738555429969,0.0941691708896542,world,1.6445024096313863,0.09225005739514017,world
soft_low,body_only,90175,True,False,l,1.375063495490151,0.0,,67,0.06929925223812461,0.01785195482079871,world,0.13597688702866437,0.03950119971414097,world,0.2327548339497298,0.05866377837082837,world,0.817630136734806,0.06894007665250684,world,1.6502693084883502,0.06629057526079124,world,1.7163231589598582,0.06774260626378237,world
soft_low,body_only,90176,True,False,m,1.3570155774731387,0.0,,71,0.0634211809374392,0.034892874595243484,world,0.13872442794963719,0.07062148135737516,world,0.239997175661847,0.08651668353850255,world,0.7551486082142218,0.0781615224048437,world,1.6534671839210204,0.08181372144499618,world,1.721812965120189,0.07790850078636141,world
soft_low,body_only,90177,True,False,l,1.2641200458110455,0.0,,62,0.057304836343973875,0.01401133940089494,world,0.11951733967289328,0.040517170028761026,world,0.19773599351756277,0.07242145028430969,world,0.5442416250472888,0.07232025359699036,world,1.3902924190158954,0.07725001859689656,world,1.609014398115687,0.08450405804891489,world
soft_low,body_only,90178,True,False,m,1.5240608064758356,0.0,,68,0.06983219785615802,0.02214656997966813,world,0.14948959592729805,0.05141379167471313,world,0.23803237983956932,0.057217682980262904,world,0.7317558430600912,0.06541583612306567,world,1.5311272388556971,0.06405094982928858,world,1.6531381856743246,0.06404317398708372,world
soft_low,body_only,90179,True,False,l,1.4207768660969622,0.0,,63,0.06033227127045393,0.024523226311430335,world,0.15004017651081086,0.03188102385611273,world,0.24130376167595385,0.04640333543356974,world,0.6672044372186066,0.05772524603671627,world,1.6404755574651062,0.05554491120828971,world,1.7180563305690884,0.05660519114975614,world
soft_low,body_only,90180,True,False,m,1.6834084531201725,0.0,,70,0.06640248140320182,0.049668736057356,world,0.16438998160883783,0.06252877826336771,world,0.25072351428680123,0.0843209056300111,world,0.6984766002511607,0.08755808707210236,world,1.4361062772455626,0.08754325422196416,world,1.6500630067242308,0.08535404909314821,world
soft_low,body_only,90181,True,False,l,1.3164236438723707,0.0,,75,0.0720541758928448,0.033511612797155976,world,0.13853757516480983,0.0386609309585765,world,0.21630398102570325,0.045109621074516326,world,0.4790625942521729,0.05465204106949386,world,1.4063236940477508,0.05645684009468824,world,1.6287324853171594,0.05538333187199896,world
soft_low,body_only,90182,True,False,m,1.3450601064988406,0.0,,60,0.0760424523614347,0.035951963742263615,world,0.15141081726178524,0.04868612054269761,world,0.2794878316577524,0.0684071049996419,world,0.8056476530386134,0.0712146363555803,world,1.7112758286646568,0.07265804029448192,world,1.7605002319952474,0.07993850058774116,world
soft_low,body_only,90183,True,False,l,1.3429357517410216,0.0,,67,0.060327243292704225,0.02372313263185788,world,0.13931570718996228,0.05579522765765432,world,0.25032594685908405,0.07633006519899938,world,0.8995369832846336,0.0792235738983436,world,1.7363654809014406,0.0753890724354278,world,1.7506810874468648,0.07371213333957713,world
soft_low,body_only,90184,True,False,m,1.6568892806087865,0.0,,73,0.05262453178875148,0.03353984733985271,world,0.14621681817807258,0.04837456304521766,world,0.25489242386538535,0.054381896734412294,world,0.7189346286118963,0.06080205149701214,world,1.5740723005787003,0.06295428826597345,world,1.6849307277542538,0.060915464527934095,world
soft_low,body_only,90185,True,False,l,1.43334245437914,0.0,,67,0.07469358760863543,0.020296026312280446,world,0.14946836419403553,0.039827267872169614,world,0.2444642297923565,0.07097227650228888,world,0.6838510539382696,0.07883909753873013,world,1.5539668006822467,0.08218824262876297,world,1.6763063133507967,0.07815441242797533,world
soft_low,body_only,90186,True,False,m,1.6331529059433587,0.0,,70,0.06304607912898064,0.04328099614940584,world,0.1346914242953062,0.052526619262062015,world,0.2282216692343354,0.06505000556935556,world,0.7690752084366977,0.05716560498840408,world,1.623917776485905,0.059701414853043394,world,1.6969938631914556,0.06155115772970021,world
soft_low,body_only,90187,True,False,l,1.3141636302230804,0.0,,65,0.06544272694736719,0.028066555445548147,world,0.15582118853926658,0.04990438052918762,world,0.24672323986887928,0.06070000209147111,world,0.6263041017577052,0.0600881029793527,world,1.577584829647094,0.05963800775571144,world,1.7160172716155648,0.06044452023415943,world
soft_low,body_only,90188,True,False,m,1.68271261290117,0.0,,72,0.060620493022724986,0.02086018427507952,world,0.1492320416960865,0.04057418439770118,world,0.24969419196713716,0.040558882377808914,world,0.8003047145553864,0.04441340216144454,world,1.7086056515399832,0.046711126610171044,world,1.7415796379675157,0.04887741463069688,world
soft_low,body_only,90189,True,False,l,1.2673551846296478,0.0,,69,0.0798698915168643,0.026153216982493177,world,0.14220359325408935,0.05407461001886986,world,0.22884661238640547,0.07406969513103831,world,0.6741460385732352,0.07107616671419237,world,1.4786523897666484,0.07251594342378667,world,1.6503823752887548,0.08464370168512687,world
soft_low,body_only,90190,True,False,m,1.4616304439624153,0.0,,61,0.07518246746622026,0.03344454802572727,world,0.13465616521425547,0.054796892078593375,world,0.21296817196998746,0.08766563013195991,world,0.6528984568198212,0.07954058834875467,world,1.5732614716107491,0.0792387252105982,world,1.6883591445372441,0.07997141571511747,world
soft_low,body_only,90191,True,False,l,1.3598610545526153,0.0,,75,0.060450507095083594,0.026659108669264242,world,0.13240748369134964,0.04871030625072308,world,0.2229361315490678,0.06670320069242734,world,0.6060614005313255,0.06509167634503683,world,1.3656610042147803,0.06520997092156905,world,1.584357712503988,0.0746587778767571,world
soft_low,body_only,90192,True,False,m,1.6394540644586693,0.0,,73,0.059873877791687846,0.023626325593795627,world,0.1538327546324581,0.04948217162163928,world,0.2695321676088497,0.06206524313893169,world,0.9232016984722576,0.055426088484819044,world,1.6652576277207118,0.05885417217068607,world,1.6995543892006388,0.05884690565231721,world
soft_low,body_only,90193,True,False,l,1.2806965176607972,0.0,,79,0.08334865537472069,0.03320074069779366,world,0.1632278921548277,0.07835396649315954,world,0.259642077353783,0.10782667277380825,world,0.7510169594199396,0.10410812082118354,world,1.5692828509316314,0.10198494345822837,world,1.671758064602036,0.09615592060144991,world
soft_low,body_only,90194,True,False,m,1.3882151295384004,0.0,,72,0.062464179238304496,0.03819507558364421,world,0.14581716363318264,0.06162105783587322,world,0.23554558812174947,0.07576302002999,world,0.6748692098190077,0.07281888959405478,world,1.5109549950400833,0.06932543483490008,world,1.6433624121383765,0.06590244527964387,world
soft_low,body_only,90195,True,False,l,1.4070168029723402,0.0,,68,0.07544024125672877,0.04906781672616489,world,0.17318947291933,0.05360057999496348,world,0.2966444483725354,0.054437050563865344,world,0.8380250807269476,0.0573590899570263,world,1.5610036555386613,0.05898918288512505,world,1.6975931024434976,0.05378131193050649,world
soft_low,body_only,90196,True,False,m,1.4747105385822876,0.0,,78,0.05291555053554475,0.02676451113075018,world,0.13205600292421876,0.04567649681121111,world,0.2331144188763574,0.05507421307192999,world,0.8017371744499542,0.05606450438463071,world,1.6879034690849948,0.05712782695245551,world,1.7239981621620246,0.05837266955415544,world
soft_low,body_only,90197,True,False,l,1.3111555143573217,0.0,,62,0.05904144747182727,0.024289488792419434,world,0.14037522887811066,0.03257929137907922,world,0.22684323708526788,0.039721689111320305,world,0.6158249392872677,0.04788438077375759,world,1.592497793387156,0.04849295469757635,world,1.7034390123886987,0.049455118679616134,world
soft_low,body_only,90198,True,False,m,1.379640047296776,0.0,,79,0.06867917347699404,0.042134168528718874,world,0.17891366519033908,0.0868692011514213,world,0.3104365723207593,0.10686251830484253,world,0.8935428437776864,0.09924686035519699,world,1.7013538241852073,0.1013143575131835,world,1.7313676198013126,0.0941562944772886,world
soft_low,body_only,90199,True,False,l,1.4868269255907973,0.0,,73,0.06995903560891747,0.02148306400340516,world,0.12687178468331695,0.02891199581499677,world,0.20108734886161983,0.04743361536966404,world,0.5934027695795521,0.05048992259180522,world,1.5075256175245157,0.0561157364409155,world,1.670064764278941,0.06123960647179047,world
soft_low,body_only,90200,True,False,m,1.568789452616487,0.0,,75,0.06948806950822473,0.026478296931600198,world,0.14077217588201163,0.04210053419810719,world,0.22823873781599102,0.06373814731196034,world,0.6778075688751415,0.08062674936954863,world,1.5564171104342677,0.07865970990678761,world,1.6813930978858842,0.07588489097484853,world
soft_low,body_only,90201,True,False,l,1.237480856854104,0.0,,74,0.06350159202702343,0.02058216746081598,world,0.15731039424426854,0.03716039705323056,world,0.2510121478000656,0.06708590111375087,world,0.733743033662904,0.07779080724067171,world,1.6419144945743027,0.07778529476527182,world,1.7185773860872722,0.07097629241441608,world
soft_low,body_only,90202,True,False,m,1.589816924085751,0.0,,69,0.0576495137065649,0.04402605630457401,world,0.14201900828629732,0.05018453752854839,world,0.22691087936982512,0.05330564602481899,world,0.6299992277752609,0.05570218662833213,world,1.5242441229289398,0.056739602171364825,world,1.6397388656344263,0.059447812061407604,world
soft_low,body_only,90203,True,False,l,1.2163108575505985,0.0,,68,0.05239288089796901,0.03527696707169525,world,0.1372548214159906,0.038310762605397036,world,0.21559018804691732,0.04685650389583316,world,0.5110570535762236,0.04687590617540991,world,1.433567662013229,0.05118177239710349,world,1.6365227469196544,0.05698835860064719,world
soft_low,body_only,90204,True,False,m,1.577624770964431,0.0,,61,0.07440365850925446,0.028612603317014873,world,0.16920851413160562,0.039892440964467826,world,0.2885371158830822,0.07365779523970559,world,0.9274142145644874,0.08351513391826301,world,1.732188883400522,0.08386650940956315,world,1.7462880253698676,0.09035052697116044,world
soft_low,body_only,90205,True,False,l,1.3675497082151145,0.0,,65,0.06057274620980024,0.017263621179154143,world,0.12987021021544934,0.044329026219202206,world,0.20421790201216936,0.05086688290757593,world,0.5802738055586816,0.05107074601692148,world,1.611208463832736,0.0495321737791528,world,1.6997285969555378,0.04962002913787728,world
soft_low,body_only,90206,True,False,m,1.5176465510618466,0.0,,74,0.0791896649170667,0.029426918306853622,world,0.1655320050660521,0.049210675328504296,world,0.29167250723112376,0.06637856478919275,world,0.8922489801072515,0.06040493259497452,world,1.8078358844679316,0.06673089477262692,body,1.8134249963168987,0.06518471852541552,body
soft_low,body_only,90207,True,False,l,1.2488637580931352,0.0,,80,0.07510065473616123,0.03497768833767623,world,0.16492864824831488,0.06109858596464619,world,0.2848006129264832,0.0797511764394585,world,0.8161798346787691,0.0838965236354852,world,1.7194426285102964,0.07997943981317804,world,1.7737050699442625,0.0747512769245077,world
soft_low,body_only,90208,True,False,m,1.4834364114696996,0.0,,66,0.05874272692017257,0.03384863102110103,world,0.11462626769207418,0.05922321224352345,world,0.21762650429736824,0.06728413625969552,world,0.589897426252719,0.07077118250599597,world,1.4192887447949034,0.0701985969360976,world,1.6093665759335272,0.0665922263720131,world
soft_low,body_only,90209,True,False,l,1.263629522578016,0.0,,60,0.07237524539232254,0.02679094513587188,world,0.1461530365049839,0.06844104998453987,world,0.23405344653874638,0.10309600580803818,world,0.7576753708533943,0.08587362785983714,world,1.541261609410867,0.08987809778682276,world,1.6679211782477794,0.09142336550437904,world
soft_low,body_only,90210,True,False,m,1.3346147837212192,0.0,,73,0.0685082171112299,0.016829489191877656,world,0.12673512045294047,0.04288727417297196,world,0.2139496342279017,0.056065669113013424,world,0.6674277617130429,0.05443686065482325,world,1.5948936579050497,0.05538188317405002,world,1.712830007718876,0.060122763482067965,world
soft_low,body_only,90211,True,False,l,1.30656153459059,0.0,,71,0.06374105787836015,0.0261653414927423,world,0.15168634387664498,0.05134096018737182,world,0.2570548245450482,0.06913242693408392,world,0.7678946587140671,0.07233742264070316,world,1.5527316653577143,0.07329917405513697,world,1.6915218127309344,0.06896519525107578,world
soft_low,body_only,90212,True,False,m,1.6930851814175538,0.0,,60,0.06504209665581584,0.02831402630545199,world,0.15094341700896619,0.06138441091170534,world,0.2595965416636318,0.08001921765389852,world,0.8499036582885311,0.08002027970796917,world,1.605980010831263,0.07905508677504258,world,1.6843636625027285,0.08143088529395753,world
soft_low,body_only,90213,True,False,l,1.3559979569855254,0.0,,66,0.06864339858293533,0.03053195762913674,world,0.15985988155007363,0.051172322453930975,world,0.28954528626054526,0.06014037777204066,world,0.7941318799741566,0.0635930464406556,world,1.7227153927553445,0.06386175865081896,world,1.7620256678946316,0.06070758514142653,world
soft_low,body_only,90214,True,False,m,1.3935857870234445,0.0,,60,0.08852849993854761,0.04053821868728846,world,0.16292285947129131,0.06481966562569141,world,0.27183819147758187,0.07793592391535639,world,0.8733871716773136,0.07467843905469634,world,1.734038618381601,0.0734041841373255,world,1.776463164309971,0.07238083401374751,world
soft_low,body_only,90215,True,False,l,1.3131198647094737,0.0,,80,0.06717440322972834,0.040772597363684326,world,0.14135342040099205,0.04412021650932729,world,0.21308838047552853,0.05194166579749435,world,0.5137721893959679,0.05464980742544867,world,1.5390602337953168,0.0532067068026663,world,1.6744910327647813,0.056106898684083716,world
soft_low,body_only,90216,True,False,m,1.681261135717984,0.0,,66,0.04955388279631734,0.037168011302128434,world,0.13679429441690444,0.047483919176738706,world,0.25107418559491634,0.06448404918774031,world,0.8163978107273578,0.06561825673270505,world,1.6703878760337831,0.06995047848977265,world,1.700402231067419,0.06717781106970505,world
soft_low,body_only,90217,True,False,l,1.413471960665546,0.0,,75,0.0640750452876091,0.017793478356907144,world,0.14750388525426386,0.04126121070585213,world,0.24400463234633207,0.06489618544874247,world,0.6569538849405944,0.07812233734730398,world,1.467677443055436,0.07681807440312696,world,1.6247115953080358,0.07120633044483839,world
soft_low,body_only,90218,True,False,m,1.584896311018346,0.0,,74,0.06377257662825286,0.021572226425632834,world,0.14306403207592666,0.04770107504155021,world,0.2309665545588359,0.0706414194763056,world,0.7567015407490545,0.070130962854455,world,1.6596498287224675,0.07303164828590525,world,1.7143906414113008,0.0758400069297204,world
soft_low,body_only,90219,True,False,l,1.3119810143159762,0.0,,70,0.051913061644881964,0.02008969697635621,world,0.12361048236489296,0.05269766235724092,world,0.21824923269450663,0.0737769850064069,world,0.7218175455927849,0.07086480568978004,world,1.519623185880482,0.06983950650937915,world,1.6480160231143237,0.06689659947063774,world
soft_low,body_only,90220,True,False,m,1.300500753923412,0.0,,65,0.057795576052740216,0.04416689742356539,world,0.13823405834846197,0.06471773954108358,world,0.25136659981217235,0.06850691623985766,world,0.8818220448563807,0.06299361423734809,world,1.6192444900458214,0.0602751772144984,world,1.7142410896136426,0.05988216755984468,world
soft_low,body_only,90221,True,False,l,1.325946290087466,0.0,,69,0.056908504106104374,0.021048157708719373,world,0.13940071677789093,0.0592126784613356,world,0.23724201223812996,0.07433728637406603,world,0.6793402426643298,0.06398605498834514,world,1.5568097761250101,0.06449702934187371,world,1.6730661606183275,0.067721557317127,world
soft_low,body_only,90222,True,False,m,1.3799548422979533,0.0,,63,0.08030268410220742,0.03332457673968747,world,0.15100473565980793,0.07050256141228602,world,0.2458065242972225,0.09257501640240662,world,0.7363767132861541,0.09023217095527798,world,1.6381851032725534,0.08609505869389977,world,1.7187979622324927,0.09053221921087243,world
soft_low,body_only,90223,True,False,l,1.2088747342560058,0.0,,66,0.06704986235126853,0.01789211656432599,world,0.1477911305613816,0.050950844830367714,world,0.24571105451323091,0.0739332918834407,world,0.6966882861452177,0.07962821640830953,world,1.6815916793071664,0.07741720167396124,world,1.722327714324929,0.07794256014894926,world
soft_low,body_only,90224,True,False,m,1.3689372681649405,0.0,,67,0.0734978683758527,0.037626950012054294,world,0.1574399126227945,0.051658181624952705,world,0.28777438967954366,0.060502957209246234,world,0.95795165769523,0.05553884893306531,world,1.8274518233898562,0.05407569282979239,body,1.8018172930623404,0.050879012215591504,body
soft_low,body_only,90225,True,False,l,1.4190999555086545,0.0,,76,0.07184727303683758,0.015386036626296118,world,0.150274109095335,0.025100901554105805,world,0.2310677208006382,0.042386748114950024,world,0.6419595800340175,0.053690552290936465,world,1.649899723753333,0.053263999074988536,world,1.7240153975784778,0.056560768927447505,world
soft_low,body_only,90226,True,False,m,1.3666051873938825,0.0,,68,0.05878051626496017,0.032978980569168925,world,0.13032191484235228,0.060877769929356874,world,0.22105406082700937,0.07517581625143066,world,0.666771832422819,0.07423519015865168,world,1.6122690355114173,0.07195827160830959,world,1.699776033970993,0.0731883151290822,world
soft_low,body_only,90227,True,False,l,1.2089853713110907,0.0,,76,0.07580298464745283,0.043659028597176075,world,0.15988886654376983,0.08398915650323033,world,0.24286458585411308,0.09792501628398895,world,0.581637819763273,0.08883973940974102,world,1.3628329474013299,0.09327694521052762,world,1.6010996815375984,0.09033088944357588,world
soft_low,body_only,90228,True,False,m,1.3941552835422104,0.0,,76,0.07707733940333128,0.026831739582121372,world,0.16997941937297584,0.04595235971501097,world,0.28105692928656933,0.06953446438419633,world,0.8747762949671597,0.07577693151979475,world,1.6906958809820933,0.07320757365450845,world,1.7260082332324238,0.0692264751761104,world
soft_low,body_only,90229,True,False,l,1.4129882265602367,0.0,,60,0.06586611643433571,0.023882893612608314,world,0.14298665300011634,0.03605270811822266,world,0.2287527868524194,0.055947857664432374,world,0.6682223950512707,0.06908812265028245,world,1.5522841094527395,0.07192824002268025,world,1.677993038687855,0.06750245592993451,world
soft_low,body_only,90230,True,False,m,1.387380358400205,0.0,,62,0.06348594976589084,0.0404346922878176,world,0.14811234064400194,0.06495330592151732,world,0.2730587534606457,0.09601149088703097,world,0.9439605670049787,0.0883765768725425,world,1.694193817395717,0.08760177395452047,world,1.7368895145133139,0.08195531835779549,world
soft_low,body_only,90231,True,False,l,1.2736796593502162,0.0,,79,0.06772553618066013,0.0347195245558396,world,0.13364265984855594,0.03688005593139678,world,0.22520104523282497,0.05428816415369511,world,0.6317577230161988,0.049476390895142684,world,1.6908076972875279,0.05026383465446997,world,1.734661955728661,0.054990758131316396,world
soft_low,body_only,90232,True,False,m,1.3398772042708087,0.0,,65,0.056103085400536656,0.025175046612275764,world,0.14097124650143086,0.06508421808830463,world,0.24948066386859866,0.08724113468488212,world,0.7729470785125159,0.07735784749529558,world,1.6024110508791636,0.08686955267112353,world,1.6976552270981484,0.08738314602669561,world
soft_low,body_only,90233,True,False,l,1.2151805568406018,0.0,,74,0.05917314765974879,0.0195805475814268,world,0.11910487739369274,0.04273516891989857,world,0.1889238355215639,0.053499474900309,world,0.4659488827688619,0.056025120514095764,world,1.3879098627134225,0.060100195106497264,world,1.6172452842956409,0.06358037665631855,world
soft_low,body_only,90234,True,False,m,1.412785576783788,0.0,,80,0.07317586243152618,0.04088404891081154,world,0.13996330965310336,0.056982142454944554,world,0.2159150461666286,0.06139677667524666,world,0.6083175483625383,0.05996389747597278,world,1.5609119269764051,0.06006036361068255,world,1.6785253499355166,0.060980365129507844,world
soft_low,body_only,90235,True,False,l,1.4243033807217698,0.0,,60,0.05711884261108935,0.0308498227968812,world,0.13057663482613863,0.04276506976457313,world,0.2295755552360788,0.055386922921752554,world,0.6856425418634899,0.06164431404031347,world,1.5719586688617708,0.060137966304318974,world,1.6698215447203255,0.06393088105716743,world
soft_low,body_only,90236,True,False,m,1.6997035312296203,0.0,,64,0.07846445962786674,0.030386647034902126,world,0.1385876838117838,0.05000119869364426,world,0.22661543544381857,0.06422704775177408,world,0.669667289312929,0.06758926371549023,world,1.5676771338563413,0.07367864087791531,world,1.6785808104090392,0.0707366740544967,world
soft_low,body_only,90237,True,False,l,1.376968432617344,0.0,,75,0.07009933376684785,0.01914548280183226,world,0.15235827788710593,0.03922252065385692,world,0.26138671282678844,0.04457491048087832,world,0.7411147908307611,0.044152518962800966,world,1.5124646560754627,0.04397502560386784,world,1.6602624250017106,0.04470079529462964,world
soft_low,body_only,90238,True,False,m,1.5968317899030746,0.0,,62,0.05991291254758835,0.022295487520750612,world,0.14208055064082145,0.050180632430419786,world,0.2397621953859925,0.05677392367288121,world,0.6738905216567218,0.052268506998734664,world,1.64812830532901,0.050485192272935825,world,1.7130609609000387,0.055784491404847356,world
soft_low,body_only,90239,True,False,l,1.3434682340044826,0.0,,67,0.06042492389678955,0.014349601871799678,world,0.14311447590589524,0.0349317756248638,world,0.23775421567261218,0.05318299088394269,world,0.620733570959419,0.05668995780724799,world,1.556711549172178,0.058768447594047764,world,1.7181737733818592,0.0561747454565193,world
soft_low,world_only,90240,False,True,,1.0,1.0,short,59,0.05633051530458033,0.028731150552630424,world,0.15136090586893258,0.0821879458730109,world,0.25638736577238885,0.10641111815348268,world,0.8662004579673521,0.10016675106016919,world,1.6371620111574885,0.10145090367295778,world,1.730461942271795,0.10434968791931169,world
soft_low,world_only,90241,False,True,,1.0,1.0,medium,75,0.055828003445640206,0.05049516097642481,world,0.1387479621451348,0.11800364295486361,world,0.26842106876429167,0.13029088500188662,world,0.8979013685020618,0.13307704612379892,world,1.5813848681689706,0.12509330796237916,world,1.6622894993401132,0.11963686072645943,world
soft_low,world_only,90242,False,True,,1.0,-2.0,short,69,0.054625163320451975,0.040874213009374216,world,0.12367957504466176,0.10373139186413027,world,0.2341503551695496,0.12152850926504472,world,0.8321184684755281,0.1057479164621327,world,1.6265594626427629,0.10471832802286371,world,1.6989262408996002,0.11018109157972504,world
soft_low,world_only,90243,False,True,,1.0,2.0,medium,68,0.0871221554116346,0.18840701977023855,world,0.14930342772277072,0.45623476899927484,world,0.15755795677541756,0.7542642748390791,world,0.20936056440405082,1.0245217366114956,world,0.2353047744705691,1.0605332179562539,world,0.21803449557104612,1.090889008854865,world
soft_low,world_only,90244,False,True,,1.0,-4.0,short,65,0.07492423767689615,0.14935828535817564,world,0.1284961963072419,0.3572608879301697,world,0.16464361916296183,0.5388310193782672,world,0.20613160072825848,0.8093162794160889,world,0.25121457062778063,0.9401601179284627,world,0.21742073218571023,0.976983862829511,world
soft_low,world_only,90245,False,True,,1.0,4.0,medium,65,0.08050355594605207,0.16816865366126876,world,0.14075441390741616,0.44308078748581464,world,0.20050605506403374,0.675258405196655,world,0.25345171021181157,0.7698893743705412,world,0.2639600735710701,0.7506326323735267,world,0.23894173792446965,0.7427895467942289,world
soft_low,world_only,90246,False,True,,1.0,-1.0,short,75,0.05679920548573136,0.05044670100323856,world,0.13383319946005942,0.09900523575488478,world,0.2460642982739955,0.12161382673075424,world,0.9231147280195728,0.10612424353603274,world,1.69236411183374,0.11417120460246225,world,1.7370095607312397,0.10572767447330988,world
soft_low,world_only,90247,False,True,,1.0,-1.0,medium,77,0.074919568374753,0.038294106372632086,world,0.1305657658725977,0.07441343684331514,world,0.20634525045752525,0.0879197680769721,world,0.5678014045581221,0.08341701543395175,world,1.4737818769179285,0.08479745797740179,world,1.652228826545179,0.08993416290992173,world
soft_low,world_only,90248,False,True,,1.0,-2.0,short,70,0.060810978757217526,0.037959349690936506,world,0.16187425744719802,0.09429974099621177,world,0.27142770255450155,0.13148285236675292,world,0.8190434265998191,0.11982398930413184,world,1.6265847547037993,0.11792234437161825,world,1.701527028309647,0.12452113928360632,world
soft_low,world_only,90249,False,True,,1.0,2.0,medium,60,0.0863249656977132,0.18109165655914694,world,0.17170099029317498,0.4455100735416636,world,0.19202381698414683,0.7247464985470288,world,0.23072871279437096,1.0025045960152057,world,0.259137635967636,1.0414557320851598,world,0.20111222489678768,1.0533025118010118,world
soft_low,world_only,90250,False,True,,1.0,4.0,short,68,0.07875836547464132,0.1809580916306004,world,0.17221268839202822,0.4936797857051715,world,0.19548345522489396,0.7653930121217855,world,0.23852476216852664,0.9853293814288917,world,0.2620628726086579,0.9924531372846105,world,0.21754089056514203,0.9908250313682947,world
soft_low,world_only,90251,False,True,,1.0,-4.0,medium,77,0.0591131788387429,0.17364814574830234,world,0.12050757267861627,0.4247528637293726,world,0.14008891246921848,0.6672715712571516,world,0.18125334804499288,0.8622239910182544,world,0.24043806371555546,0.8234691442805342,world,0.22469010551198154,0.8204673103359528,world
soft_low,world_only,90252,False,True,,1.0,-1.0,short,78,0.09777571074664593,0.06641411269083619,world,0.18727285144850614,0.1245485878083855,world,0.29837809107266366,0.1553261950844899,world,0.7988160031614826,0.14101763356738956,world,1.5294319481938146,0.14321313142500003,world,1.6608542213356123,0.13246921666403066,world
soft_low,world_only,90253,False,True,,1.0,1.0,medium,60,0.09745146706700325,0.04728925696690567,world,0.18161248890683057,0.08171659408253618,world,0.30403427849523723,0.10209347597847226,world,0.9077392119681462,0.11038816140935523,world,1.7628882808494382,0.12151947047750582,world,1.7698445425136016,0.1328459973516874,world
soft_low,world_only,90254,False,True,,1.0,2.0,short,75,0.08188874903135002,0.05981738958507776,world,0.18967689224518836,0.13499824814498423,world,0.3250210165278986,0.15267493240535257,body,1.0198746669688261,0.13136822698870676,body,1.8327569449145813,0.12485780649003572,body,1.8136298211594113,0.1162144939712016,body
soft_low,world_only,90255,False,True,,1.0,2.0,medium,70,0.0722747091203928,0.17690124188084155,world,0.1643354051746428,0.48673263073433193,world,0.18048081202432514,0.7441111526102758,world,0.22635017936117946,0.9842214979173151,world,0.25929490478010847,1.01126628719212,world,0.24608112156391143,1.0285939509596211,world
soft_low,world_only,90256,False,True,,1.0,-4.0,short,70,0.05894319084472954,0.12774229771457613,world,0.1223652666900307,0.3136306958622299,world,0.17855495503172275,0.5777156947355252,world,0.21510533378459515,0.8576441717654233,world,0.25374654692132026,0.9320522772017285,world,0.23890498131047933,0.9699777480700869,world
soft_low,world_only,90257,False,True,,1.0,-4.0,medium,64,0.061038415995426476,0.1671648509800434,world,0.11015569333685563,0.4141193550080061,world,0.13008751902380028,0.6556074663065374,world,0.18777009548211937,0.8728348337579519,world,0.24710407498787393,0.8154720894584898,world,0.21796576700464357,0.8044491857453249,world
soft_low,world_only,90258,False,True,,1.0,-1.0,short,67,0.08296125056222081,0.06208359485026449,world,0.18987582484260201,0.13517465927870945,world,0.2919091532472521,0.13643605210236273,world,0.7717127445386722,0.12675335570238533,world,1.6173066345625557,0.12199686224921606,world,1.7131498794863003,0.1156206993944943,world
soft_low,world_only,90259,False,True,,1.0,1.0,medium,71,0.07151750335469842,0.09196594485547394,world,0.21208507809787988,0.16429723714245484,body,0.3566438705660403,0.17179755759425464,body,1.0757757938001307,0.15873480791342442,body,1.7034069064306094,0.1477322531180107,world,1.7346915387827901,0.1362134589382913,world
soft_low,world_only,90260,False,True,,1.0,-2.0,short,78,0.0746177479159087,0.03701860817091074,world,0.151509189652279,0.0631771265208954,world,0.22721958032343537,0.07111440632288576,world,0.5371562327374704,0.0743976690711861,world,1.4540257783199193,0.0789870724111097,world,1.6643101396248676,0.08573449223913485,world
soft_low,world_only,90261,False,True,,1.0,-2.0,medium,76,0.09961023344658315,0.157875238917768,body,0.19091659995028748,0.4649616666836664,world,0.21892957152449524,0.7902488606399856,world,0.2805388990120264,0.9973488816001919,world,0.3150731941233971,1.1431629576458364,world,0.2820060950872721,1.1696141785162035,world
soft_low,world_only,90262,False,True,,1.0,-4.0,short,68,0.08057897142134607,0.15875487390439957,world,0.13328017401508988,0.3335572553565726,world,0.18636295793112367,0.5838141140411608,world,0.2339295657700859,0.8595899596693926,world,0.27032175587373786,0.9652295663167024,world,0.23969436600804328,1.0126382760494015,world
soft_low,world_only,90263,False,True,,1.0,-4.0,medium,76,0.08111093426123261,0.20972474478185177,world,0.149707933398895,0.4775395394535735,world,0.16207034665858372,0.7292207241873258,world,0.2200990252371412,0.9107529788219835,world,0.2539009514934151,0.8597765251499369,world,0.22375801440211945,0.8540294538519811,world
soft_low,world_only,90264,False,True,,1.0,1.0,short,76,0.051661764504387975,0.03027521795593202,world,0.1311153866816312,0.07277963270898909,world,0.2173870818922296,0.08409297143225558,world,0.6912919067894109,0.08396851865982172,world,1.578270508215064,0.08449530261714244,world,1.6896953142643905,0.08301414471647149,world
soft_low,world_only,90265,False,True,,1.0,1.0,medium,73,0.07772107003256679,0.02852073370013386,world,0.1917194719426334,0.08068648907355963,world,0.3141711940523237,0.09367291303933598,world,0.866233364562504,0.11456995648477458,world,1.757166244124528,0.13639656152954557,world,1.7797363789519296,0.16349248049606105,world
soft_low,world_only,90266,False,True,,1.0,2.0,short,80,0.05700393347069621,0.05737254390260205,world,0.16280518034473063,0.09091406348161399,world,0.286944253789261,0.10263921736041084,world,0.9438218109542504,0.11413921788480366,world,1.6981040183571168,0.12518495754993636,world,1.7483738187002018,0.1397817556009977,world
soft_low,world_only,90267,False,True,,1.0,2.0,medium,73,0.0850624656304717,0.1915670344606042,world,0.1725848663598299,0.47432377240620555,world,0.18041045763529837,0.756079165567644,world,0.22770157038467004,1.0017390599357896,world,0.2588845618593041,1.0258279774338008,world,0.215089968200773,1.0396505964407698,world
soft_low,world_only,90268,False,True,,1.0,-4.0,short,69,0.07424567907582968,0.1477144188247621,world,0.13234709741082043,0.33619402814656496,world,0.19101473522605375,0.6087981733959168,world,0.23007619985728525,0.8658108694944531,world,0.247690398604027,0.9637433958880138,world,0.23013492397847585,1.0007079253101254,world
soft_low,world_only,90269,False,True,,1.0,4.0,medium,74,0.0719825946725905,0.15269180678296834,world,0.15870377719402315,0.44486085476819426,world,0.17588021992705763,0.6907707995851524,world,0.21835185154341163,0.754528513114201,world,0.21981435602065175,0.713790865982446,world,0.1921065550390631,0.7069093321010587,world
soft_low,world_only,90270,False,True,,1.0,-1.0,short,81,0.08709928020834923,0.043763672234490514,world,0.16521213687956335,0.08143056072294712,world,0.25725233275443316,0.09588490861933678,world,0.7353787506930529,0.08825947599834763,world,1.5201929365750404,0.08834592690473073,world,1.670925187524408,0.08629903157532681,world
soft_low,world_only,90271,False,True,,1.0,1.0,medium,77,0.0809773444198072,0.04249784839339554,world,0.16770756943151355,0.10271253776736557,world,0.29570273491553967,0.1357268265797757,world,0.7911027820548042,0.14960704682744108,world,1.6253843580256215,0.16695730341307352,world,1.7072236591903494,0.17365143335540778,world
soft_low,world_only,90272,False,True,,1.0,-2.0,short,58,0.05068654054775834,0.04136068618390709,world,0.1620838708244264,0.08252424076199531,world,0.28379002618603405,0.08845389469643124,world,0.7156326567521318,0.09876569169282448,world,1.4242989457095971,0.09246035769610898,world,1.6064248922048137,0.0907970473889145,world
soft_low,world_only,90273,False,True,,1.0,2.0,medium,71,0.09852369746658951,0.21817647386342287,body,0.1646883417153731,0.5050418493337929,world,0.1838558097486384,0.8014971929136664,world,0.2424142570293043,1.0367469932418316,world,0.2951491712970892,1.0743390013696628,world,0.2509232578461524,1.0796492034639233,world
soft_low,world_only,90274,False,True,,1.0,4.0,short,60,0.07799957075621933,0.20258823595941067,world,0.169020817684941,0.5365853799507022,world,0.20035695928381758,0.8073772695381194,world,0.24626891181687824,1.0190801728400403,world,0.2729483253759099,1.0382817205798347,world,0.24960363612626676,1.0376999787159729,world
soft_low,world_only,90275,False,True,,1.0,4.0,medium,76,0.053028487018309534,0.1524670380167663,world,0.16585071908775717,0.452650008443743,world,0.19357323065632953,0.6724697156809271,world,0.24096296668285505,0.7342124617076478,world,0.23978870509308764,0.7277962409425527,world,0.20217031053965911,0.7201623530616051,world
soft_low,world_only,90276,False,True,,1.0,1.0,short,69,0.07892531482502818,0.04696392366895452,world,0.17631123838946222,0.09569674480007961,world,0.2702398372348398,0.12541195445810444,world,0.8982539863092824,0.12085235095873942,world,1.5659519724897106,0.11321791778900661,world,1.6777998274704442,0.10742328600143082,world
soft_low,world_only,90277,False,True,,1.0,-1.0,medium,75,0.07909689657390118,0.06367739732377231,world,0.1600182022899389,0.11572755859233438,world,0.29231690187007187,0.15142443248187193,world,0.926830794569105,0.14034166462952272,world,1.6292910795193165,0.1419451139168814,world,1.7186197964660823,0.13681003904617683,world
soft_low,world_only,90278,False,True,,1.0,2.0,short,64,0.06883938610553741,0.060599114280194044,world,0.17797829052433373,0.15227342934231275,world,0.28783761165104804,0.1739434070274001,world,0.7816380011616275,0.15778575591248228,world,1.530618196481373,0.14851018517765624,world,1.6576522124325856,0.13708659495270695,world
soft_low,world_only,90279,False,True,,1.0,-2.0,medium,63,0.06539858598262072,0.1571637017186731,world,0.14364424503874035,0.40649284716928374,world,0.18902283468050882,0.5907115010835696,world,0.2316625354986172,0.8467997336090776,world,0.2706430674967123,0.9612709964290843,world,0.24139468771987593,0.9984947735903552,world
soft_low,world_only,90280,False,True,,1.0,4.0,short,77,0.04088271647924557,0.15703344257781282,world,0.13505341635318474,0.47866721620084723,world,0.15491017276071944,0.7092443139816169,world,0.19752630699949808,0.9687072247121251,world,0.23192721126397375,0.9744276540863211,world,0.21905955498397814,0.9896098036406329,world
soft_low,world_only,90281,False,True,,1.0,4.0,medium,77,0.08517863415181637,0.17117729224264622,world,0.17336951619945468,0.4824846624396741,world,0.21035927368793636,0.7525603798218071,world,0.2624726037844084,0.8100118863978424,world,0.24961392403347415,0.7844923349795864,world,0.20218962168088184,0.7718985440485994,world
soft_low,world_only,90282,False,True,,1.0,1.0,short,68,0.08493664092384279,0.03543842863291502,world,0.14934204225428402,0.08031714551616459,world,0.23569181861821564,0.11392685285536572,world,0.7946615131688304,0.10540370426606387,world,1.6989519619441125,0.12183297583833336,world,1.7464968945481816,0.134772377582849,world
soft_low,world_only,90283,False,True,,1.0,-1.0,medium,74,0.08027655445039272,0.03948256734292954,world,0.1563715361058712,0.09834357185754924,world,0.22620451077818868,0.11766083992552012,world,0.5694133736193181,0.116586917618406,world,1.5138300594873726,0.11479468679463026,world,1.6610168798640372,0.11537423107089126,world
soft_low,world_only,90284,False,True,,1.0,2.0,short,72,0.08156401780433953,0.061929844319820404,world,0.16150093502365054,0.14651744947768747,world,0.2744655125541612,0.17551047466695308,world,0.8230856927460991,0.1722916503378656,world,1.5693997097376267,0.16021710682980483,world,1.684790723666083,0.15467153773235623,world
soft_low,world_only,90285,False,True,,1.0,-2.0,medium,73,0.09852508245967329,0.16514052916318178,body,0.19324889513663945,0.4514197621494532,world,0.19944596660789105,0.6309199797920882,world,0.24925486132269725,0.8475845456297976,world,0.2816484020964708,0.9473123585936263,world,0.24471081195166333,0.9876395414111903,world
soft_low,world_only,90286,False,True,,1.0,4.0,short,67,0.08209988533053547,0.1804040865972638,world,0.16835226363036782,0.4919481191318482,world,0.17981765273725614,0.7491413638927042,world,0.2168621888558846,0.9948932881467044,world,0.2563432776019908,1.0043706938609829,world,0.22713902899529786,1.0081289612967521,world
soft_low,world_only,90287,False,True,,1.0,4.0,medium,79,0.060701136593706906,0.14553114486625418,world,0.13223367689643054,0.4061940405401402,world,0.1519586849026382,0.6067141097446438,world,0.19872993236640468,0.6703757386858342,world,0.20863749097916298,0.6379016169099487,world,0.20602009993512183,0.6384023557876934,world
soft_low,world_only,90288,False,True,,1.0,-1.0,short,78,0.053289840230718255,0.018700857704970986,world,0.12598302722908555,0.07126974487910047,world,0.22866629988420753,0.09443454909487627,world,0.6828180462704041,0.09972060475702166,world,1.6314096745394635,0.10527955388461123,world,1.7213842284795828,0.10708004622516454,world
soft_low,world_only,90289,False,True,,1.0,1.0,medium,64,0.08303510444238782,0.0777118494734168,world,0.1866434377618134,0.17110187062062324,world,0.2856855910737068,0.1817874176427722,world,0.7373109013075009,0.18062593211070635,world,1.486776873480994,0.1695394850539742,world,1.6583955162810162,0.16493104045279322,world
soft_low,world_only,90290,False,True,,1.0,2.0,short,66,0.048343851463869214,0.05882264068350196,world,0.1441593136172742,0.10494646225124599,world,0.2372037855675444,0.11541099450550973,world,0.7582544947857969,0.10636042627738788,world,1.519581824861234,0.10505789468588775,world,1.6496852452843451,0.10048853381595109,world
soft_low,world_only,90291,False,True,,1.0,-2.0,medium,75,0.08601891552098095,0.1895851823501289,world,0.16456516506150365,0.4991858722176402,world,0.2025951002957299,0.7105951104080304,world,0.2667762080091052,0.9256482321536168,world,0.28550386190763677,1.051766464283355,world,0.24823333721375093,1.0725899327501247,world
soft_low,world_only,90292,False,True,,1.0,-4.0,short,74,0.050743261934258044,0.1368541307747364,world,0.13499199585057794,0.3804523499682545,world,0.1732923091156408,0.632846814300865,world,0.2005447840085253,0.8988314463989809,world,0.24649621080607176,0.9536030887102243,world,0.2177543817134574,0.9686249245179351,world
soft_low,world_only,90293,False,True,,1.0,4.0,medium,69,0.05243214452639222,0.1597349708317779,world,0.12321504319552332,0.46013379766372964,world,0.18403886373853312,0.7279154276649933,world,0.2429387782176491,0.7885091439791723,world,0.243733303406043,0.7756636931546381,world,0.2051704928628169,0.7565505741798552,world
soft_low,world_only,90294,False,True,,1.0,-1.0,short,70,0.09275889722630382,0.05990527383983135,world,0.172647350654006,0.10344957609195263,world,0.27138797752559185,0.12170725938631222,world,0.85327633805573,0.113120306172641,world,1.678258873708546,0.11866303669885384,world,1.7330376436561346,0.10855076530569932,world
soft_low,world_only,90295,False,True,,1.0,1.0,medium,64,0.07296755397692323,0.05806151556316763,world,0.17754766857251525,0.1345754803624004,world,0.27344258069060745,0.1590666545787826,world,0.7622880971757695,0.16170670687570238,world,1.4330426576896573,0.1577773781049473,world,1.6144082777714357,0.1504869936493924,world
soft_low,world_only,90296,False,True,,1.0,-2.0,short,84,0.057867108611389995,0.03930019086692482,world,0.15525470091961324,0.09478175273397937,world,0.26426848999690267,0.11372218765900469,world,0.9023257211199962,0.10968322877888567,world,1.7310700122441631,0.10925101024186004,world,1.759755408174824,0.11266426452726591,world
soft_low,world_only,90297,False,True,,1.0,2.0,medium,62,0.10264777904376388,0.19156601559370756,body,0.16192542440257968,0.48313469793647523,world,0.17491789136547597,0.7561032689176499,world,0.23008058883133345,0.9746033269097097,world,0.26245342229667584,1.0093872616649606,world,0.2410819167259615,1.0143600546522067,world
soft_low,world_only,90298,False,True,,1.0,4.0,short,62,0.0897679622285068,0.1841914621181786,world,0.1692535779438913,0.4666089054313488,world,0.1870958259794861,0.7291364497097674,world,0.23130141790024938,0.9215958332730224,world,0.2699923240230419,0.952019568409014,world,0.240621398629155,0.9444213173497701,world
soft_low,world_only,90299,False,True,,1.0,-4.0,medium,67,0.054202733939746395,0.12231601786334068,world,0.1421137314348016,0.35712181164417417,world,0.16192203322716522,0.5589117199764587,world,0.1836829798659892,0.6993389637587826,world,0.21387143324900537,0.7103585451972322,world,0.19623517370811897,0.7168938734877155,world
soft_low,world_only,90300,False,True,,1.0,-1.0,short,67,0.07093614852055907,0.05243851675186306,world,0.1633585616014898,0.1209039065754041,world,0.2722784498240799,0.12784157138084992,world,0.775169492396526,0.1314351065317169,world,1.6694187962799334,0.1258582488168031,world,1.7398000576114283,0.12916520376689733,world
soft_low,world_only,90301,False,True,,1.0,-1.0,medium,72,0.09660116164013743,0.04483179561793804,world,0.15938417827710508,0.07676289863884449,world,0.2223589866887778,0.11495583057403565,world,0.6113010514294728,0.11036495065200141,world,1.5716911135124976,0.12229018239304423,world,1.689869383047335,0.11880852907561348,world
soft_low,world_only,90302,False,True,,1.0,-2.0,short,78,0.06049072719179094,0.054552565328776836,world,0.1409081867430359,0.11163618590217084,world,0.2896516376407817,0.12859795497497545,world,0.9245719440863467,0.12436581269284942,world,1.603790359973209,0.12542950668212144,world,1.7018644137796946,0.1268657149153296,world
soft_low,world_only,90303,False,True,,1.0,2.0,medium,59,0.0576621318468824,0.17489607073366642,world,0.1522731917211786,0.48370966883376243,world,0.17495986666763202,0.7585109535139055,world,0.2105243107827846,1.0118517498718573,world,0.24730960881279315,1.0156126598652917,world,0.2257525843696203,1.0233485232340171,world
soft_low,world_only,90304,False,True,,1.0,4.0,short,80,0.06271353806369007,0.18348595942370594,world,0.13342567970976232,0.46307583278976383,world,0.15191441652132198,0.6865857506869362,world,0.19801644991966896,0.9309100733546075,world,0.2310923813463887,0.9383462007914204,world,0.20666332514840177,0.9498772060143529,world
soft_low,world_only,90305,False,True,,1.0,-4.0,medium,73,0.05396911076968536,0.16550684859976172,world,0.11544382415013388,0.44260191493667655,world,0.13591007982031442,0.6817344659240917,world,0.19845674031239469,0.8842016179580241,world,0.25761586390581215,0.838019976335636,world,0.2331347123213345,0.8378524842823389,world
soft_low,world_only,90306,False,True,,1.0,1.0,short,64,0.058724992675706744,0.0630650072125718,world,0.15263538542203606,0.1477286661742255,world,0.2513711185893044,0.1563661201042123,world,0.7520260597462767,0.1524826138629578,world,1.544106555491453,0.16007126451731893,world,1.6767773256241343,0.15604536648548673,world
soft_low,world_only,90307,False,True,,1.0,1.0,medium,72,0.049609831999987364,0.0377680518431589,world,0.1337027602829039,0.09363993182778357,world,0.24646113500930367,0.08810766168171541,world,0.8696587576763704,0.09003863066900522,world,1.6270621759467758,0.09381151951965876,world,1.7073361074039712,0.08997417933424004,world
soft_low,world_only,90308,False,True,,1.0,-2.0,short,62,0.07683145767077804,0.06472126964945346,world,0.15620871176943182,0.11461864374578,world,0.26849320060573517,0.13150917037855833,world,0.8498518283246086,0.11719928030506707,world,1.7251051207422279,0.10908206924941624,world,1.7581810361659154,0.10778173927188617,world
soft_low,world_only,90309,False,True,,1.0,2.0,medium,65,0.08641132153570652,0.19211297295987606,world,0.16415820915717633,0.49026863004546617,world,0.1762170658330433,0.7697303155786358,world,0.23967375344946046,1.0274702608352526,world,0.26146761644922667,1.055370230600238,world,0.24218405130435713,1.0859996492182837,world
soft_low,world_only,90310,False,True,,1.0,4.0,short,70,0.06211258377879858,0.1483955995645374,world,0.1064367781742476,0.42627276238054035,world,0.14052702497574499,0.6941181174945086,world,0.17647305419377515,0.9302352625876665,world,0.21598223160399357,0.916108036483638,world,0.20550427544221747,0.9234263177262619,world
soft_low,world_only,90311,False,True,,1.0,-4.0,medium,66,0.059981188853271306,0.16096739121712744,world,0.1137097018538043,0.40410693399608133,world,0.1474324904731475,0.6244287498295307,world,0.19631477430812083,0.7494276119046843,world,0.2470157000090694,0.7554450360359625,world,0.21610414580558426,0.7700122885650489,world
soft_low,world_only,90312,False,True,,1.0,1.0,short,69,0.07893735077232122,0.0659970793640241,world,0.165762728266418,0.12924786417279394,world,0.2905345085076988,0.1420962991542183,world,0.9636355325113981,0.14422851827112027,world,1.6481559777399526,0.14016045395692345,world,1.716418130910024,0.13547331656562164,world
soft_low,world_only,90313,False,True,,1.0,-1.0,medium,66,0.07652317057363689,0.04357256297953427,world,0.16205804948695002,0.091341244103387,world,0.2665630731964484,0.1061133956827689,world,0.7364285031449981,0.09776614660222549,world,1.6729952377325388,0.09506154009432066,world,1.7506460506119765,0.11126203562191223,world
soft_low,world_only,90314,False,True,,1.0,2.0,short,66,0.07887619826942682,0.02867581369355321,world,0.12638169154524803,0.07390041875187309,world,0.2134856479242444,0.1193472863989882,world,0.6081897361204028,0.1274526716384571,world,1.3854962535202504,0.13737920132116416,world,1.595991680920124,0.1527481338646612,world
soft_low,world_only,90315,False,True,,1.0,2.0,medium,65,0.06267260253662243,0.1751295463182032,world,0.16668647547485307,0.49747175779193636,world,0.17372811111272313,0.7311709594447166,world,0.21728549427643884,0.9705028825555929,world,0.2538459141054773,0.9887120773084462,world,0.23245388857612848,1.008268445013091,world
soft_low,world_only,90316,False,True,,1.0,4.0,short,63,0.07250299328006804,0.18068003910593688,world,0.17962810760363937,0.5012252967106179,world,0.20578142027370633,0.7462580361519942,world,0.2394652301736642,0.9677826042112428,world,0.26923767934495113,0.9897182342072482,world,0.23186738019692713,0.9982908541406506,world
soft_low,world_only,90317,False,True,,1.0,4.0,medium,84,0.05105501814978197,0.16296161524951458,world,0.12677473776275294,0.44565410334616895,world,0.160489916842198,0.6304405432892963,world,0.18276108328427654,0.7416101145732682,world,0.20325582023797323,0.7159565360023407,world,0.1942514841625234,0.7175244255486176,world
soft_low,world_only,90318,False,True,,1.0,-1.0,short,75,0.060226323548704386,0.043928391591180116,world,0.1307401893660426,0.07135392118943856,world,0.21892331754788757,0.09323915477725678,world,0.8139492753427475,0.09206143894261914,world,1.714863367541693,0.09697295778532862,world,1.7526254857238381,0.09912459967745235,world
soft_low,world_only,90319,False,True,,1.0,1.0,medium,65,0.07077687047421932,0.021092051407322288,world,0.15486189369112252,0.09831341616809369,world,0.2654873008839786,0.1395396097563207,world,0.8290722274687141,0.12980859873641748,world,1.659160524304025,0.1306046465106192,world,1.705056922612712,0.1323035768128466,world
soft_low,world_only,90320,False,True,,1.0,2.0,short,76,0.04302156181074679,0.036049160873517394,world,0.12608727891929447,0.0694914581021294,world,0.20065500198397784,0.07020693963859231,world,0.5773290651966818,0.07399114494910464,world,1.5494341643119696,0.07035094815946649,world,1.6936195034370756,0.06952271609028685,world
soft_low,world_only,90321,False,True,,1.0,2.0,medium,57,0.09633374423719943,0.19911140366457403,world,0.14653829962480813,0.4674461907707154,world,0.17304463625187055,0.7305015014484525,world,0.2296498760872055,0.9927176987985149,world,0.2903442516719224,1.0320798533386553,world,0.2624631100136321,1.0500422510819045,world
soft_low,world_only,90322,False,True,,1.0,4.0,short,74,0.07005626428872347,0.166243891348131,world,0.16327919748146086,0.48849124193657195,world,0.1917503692791797,0.7547274675336666,world,0.2351743358478416,0.9752931831928436,world,0.25541425805422474,0.9928877835656749,world,0.22653402236523107,1.008471007035114,world
soft_low,world_only,90323,False,True,,1.0,-4.0,medium,75,0.044431814647396095,0.13776793063152581,world,0.12494895250129048,0.40401053205132487,world,0.15812354025692912,0.6109871827648021,world,0.20937736247797148,0.7777172142697965,world,0.2452058748302079,0.7725266976951388,world,0.20944016749461297,0.7529212312784511,world
soft_low,world_only,90324,False,True,,1.0,1.0,short,72,0.08768408466130495,0.07137792644789442,world,0.18228339962661266,0.16088757150573657,world,0.28523131664842366,0.172693016048288,world,0.7663023111410439,0.1608490154350875,world,1.57669499614276,0.1599638170810067,world,1.6854883846081794,0.155270746221795,world
soft_low,world_only,90325,False,True,,1.0,1.0,medium,80,0.06211088388226926,0.0406868273857981,world,0.13524630633182824,0.07538802658673376,world,0.20102405662182718,0.08243017242057249,world,0.5619171433267184,0.08498602423351259,world,1.3997226931212936,0.09476043032773304,world,1.6410422068857589,0.1065415461466182,world
soft_low,world_only,90326,False,True,,1.0,2.0,short,73,0.061121162958443165,0.03609581140335649,world,0.14459012635052204,0.07390200700610876,world,0.21911059115082027,0.09774506234098226,world,0.686430802103132,0.10393161525425967,world,1.544160095555708,0.11250791316997492,world,1.6774972852878274,0.11753266613493905,world
soft_low,world_only,90327,False,True,,1.0,-2.0,medium,78,0.05877697910182178,0.16545503860106692,world,0.1386315295705572,0.43159898215672005,world,0.16099261400522663,0.5999987464572768,world,0.20891793664195576,0.8430201374081663,world,0.244194562381017,0.9436449318469385,world,0.24015948888030836,0.987796388854622,world
soft_low,world_only,90328,False,True,,1.0,-4.0,short,74,0.06616836809553206,0.14975386951118708,world,0.13508110423572361,0.3787970488891006,world,0.17806640902999787,0.6601961840875447,world,0.21362082607811317,0.9454431354766711,world,0.2674073810514528,1.0156063654081664,world,0.23442877028835937,1.0294864808645798,world
soft_low,world_only,90329,False,True,,1.0,4.0,medium,75,0.05437013099435717,0.14088379021268338,world,0.12008792830165475,0.40235567844938486,world,0.15146063640713692,0.6024926341779064,world,0.19014818312134593,0.6951290609285934,world,0.22002553567290306,0.6831912035748245,world,0.20681529531255363,0.6777234450232936,world
soft_low,world_only,90330,False,True,,1.0,1.0,short,82,0.09447285998612642,0.032687297789379954,world,0.15719522032886743,0.11099852395709604,world,0.2246730404905975,0.11857372140511871,world,0.7115752079989761,0.11204719909001143,world,1.6362333823693915,0.11242536470017513,world,1.708036990938708,0.10774853332753992,world
soft_low,world_only,90331,False,True,,1.0,1.0,medium,61,0.07006411254405975,0.056640645139850676,world,0.16245644111186264,0.09920838007237762,world,0.27336212964728474,0.13578847715398296,world,0.773396726185456,0.12808131119090832,world,1.5967614096822218,0.12961392709621578,world,1.6882733165193349,0.12060837494558654,world
soft_low,world_only,90332,False,True,,1.0,-2.0,short,70,0.05052029085345566,0.026818076730705798,world,0.12481389534659684,0.05683593363501131,world,0.2175530173117295,0.07404916193336249,world,0.8123262960580178,0.07400976699427701,world,1.7055620899482165,0.08037447338574566,world,1.7304709496372381,0.08969637776826858,world
soft_low,world_only,90333,False,True,,1.0,2.0,medium,72,0.08886042796075344,0.20136597892269492,world,0.17083745980635284,0.46590746724978094,world,0.18644798193126916,0.7521027318667619,world,0.24385102202650158,0.9805734617402777,world,0.2771646404929925,1.0102205592789688,world,0.24484189579961824,1.0256546589825302,world
soft_low,world_only,90334,False,True,,1.0,4.0,short,61,0.04686998634133488,0.15289320587180555,world,0.1135955851408653,0.41159130572341385,world,0.16147293540998361,0.6676103103673086,world,0.1948459128354443,0.8937721462454646,world,0.22616408201720334,0.9052487431035843,world,0.20510187399515417,0.9152810450992546,world
soft_low,world_only,90335,False,True,,1.0,-4.0,medium,77,0.07002129824832082,0.1712294453755021,world,0.11928102158708498,0.38982613338157535,world,0.1627240586502012,0.6091690378263593,world,0.2115589102875674,0.7520278938347473,world,0.23429240767873125,0.7436709087240161,world,0.2002470466896193,0.7386878315842477,world
soft_low,world_only,90336,False,True,,1.0,-1.0,short,76,0.058167368872091174,0.057490523904561996,world,0.16729182922281324,0.09923567489022389,world,0.29498721372801806,0.10645003982936031,world,0.9555969430715776,0.09663421520090196,world,1.776074448908912,0.0946601598363486,world,1.7783494712156245,0.08953068869712297,world
soft_low,world_only,90337,False,True,,1.0,1.0,medium,60,0.06766175664961338,0.05018848745385185,world,0.1701385968364775,0.10639214956900106,world,0.30788896628655493,0.13438649442978204,world,0.9989226364763454,0.12819459856036702,body,1.680002283176873,0.12449167773775116,world,1.7200918529415503,0.11567636638021213,world
soft_low,world_only,90338,False,True,,1.0,2.0,short,58,0.0808998562861234,0.05483083869330585,world,0.1821726156864315,0.14166542317834682,world,0.31358202763367443,0.16082854160631543,world,0.9549244315945543,0.14625726858648702,world,1.6890955251466948,0.13995052769605537,world,1.725214165181387,0.13936652644712014,world
soft_low,world_only,90339,False,True,,1.0,2.0,medium,61,0.07248728908598423,0.15844186313915998,world,0.15429701304528864,0.458865655248519,world,0.1750961925718002,0.7453997106465977,world,0.22174113278160804,0.9669797429553001,world,0.27008359046594704,0.9967095697284094,world,0.24165122677222828,1.001036932549323,world
soft_low,world_only,90340,False,True,,1.0,4.0,short,57,0.05773156712530181,0.1712661045603454,world,0.14964802683098244,0.4714732407592237,world,0.17287920673261398,0.7336072580656037,world,0.21036184119002427,0.9597568668541497,world,0.2476609343648306,0.968179636541754,world,0.22695265638350975,0.9780961827549617,world
soft_low,world_only,90341,False,True,,1.0,4.0,medium,71,0.05155385797843337,0.15661525790346786,world,0.13847978673875333,0.4278705253498629,world,0.18499016049318015,0.617674802581314,world,0.21312421569600704,0.6991861535934731,world,0.22023097092169336,0.6776918583142105,world,0.19380263205850498,0.6775588934432017,world
soft_low,world_only,90342,False,True,,1.0,1.0,short,69,0.05418348987586796,0.027685740089509636,world,0.1315131932962686,0.0585624452563934,world,0.23058511542621998,0.08571460849489086,world,0.7710431750980206,0.08137517198629211,world,1.6795817544742022,0.08409400592281599,world,1.724602234887425,0.0912584473323659,world
soft_low,world_only,90343,False,True,,1.0,1.0,medium,70,0.06394819729030132,0.05484129081014544,world,0.1437671949155629,0.08856842720415442,world,0.26120601152069867,0.09636669106548651,world,0.826485482812859,0.09174781995243393,world,1.689876093447674,0.08449407486332347,world,1.740025451076217,0.08474860075453762,world
soft_low,world_only,90344,False,True,,1.0,2.0,short,65,0.0651570598129183,0.06764439959079027,world,0.16406192793510854,0.15685672042891383,world,0.2941024475498125,0.16179709723219277,world,0.8586202890030109,0.16667004381306472,world,1.599876516702352,0.16853960786174865,world,1.6997575227986088,0.15660368987264517,world
soft_low,world_only,90345,False,True,,1.0,-2.0,medium,75,0.10739661008119583,0.15780998364789411,body,0.1988641878357157,0.4917821144103073,world,0.2095321261207573,0.7980010853789282,world,0.2582236290967558,1.0024432552949292,world,0.3006955590011785,1.1261786101895268,world,0.2654533843195532,1.1336341850290774,world
soft_low,world_only,90346,False,True,,1.0,4.0,short,59,0.03806714009260759,0.13714564149267972,world,0.10513927784049884,0.4258535477798432,world,0.1501011268759612,0.7200208675349131,world,0.20324391644389833,0.9078740869415924,world,0.23707992091804042,0.9155008132365765,world,0.21613320533477237,0.9297590092575411,world
soft_low,world_only,90347,False,True,,1.0,-4.0,medium,63,0.09502232167869806,0.18143357196822762,world,0.15328029403463006,0.3912805147003382,world,0.17099708290770652,0.6131756433518604,world,0.21859091797377914,0.7816156243672594,world,0.2469719939399511,0.775055944896303,world,0.21915392035851256,0.7707187192025595,world
soft_low,world_only,90348,False,True,,1.0,-1.0,short,77,0.05003488902002573,0.04206019052071497,world,0.12989263143390417,0.09936407495988532,world,0.26409572558477523,0.14337912037153727,world,0.8936691551003605,0.13114720217708964,world,1.5465610231505704,0.13063455134106333,world,1.6501905421633274,0.12733989194457535,world
soft_low,world_only,90349,False,True,,1.0,1.0,medium,63,0.048371435375884175,0.04419544222764671,world,0.15855625863187015,0.10571280455915258,world,0.2900375175988302,0.1486967496748548,world,0.8616855511325412,0.1470900998887373,world,1.6294824642071037,0.16683764526242156,world,1.7079500569752417,0.1593317254120484,world
soft_low,world_only,90350,False,True,,1.0,-2.0,short,79,0.05099821439944208,0.024599966185633093,world,0.12174466247670353,0.064871781389229,world,0.22786900529172271,0.07655767959076912,world,0.7624890173668972,0.07998105867300181,world,1.612791578884935,0.0901062297532917,world,1.715731718109455,0.1082672309593181,world
soft_low,world_only,90351,False,True,,1.0,2.0,medium,75,0.08802462951280177,0.19566645054146647,world,0.1590889728628099,0.4741095440462232,world,0.17044261503615415,0.7287112360820175,world,0.22964553826313933,0.9937790557858533,world,0.25141558333561986,1.0293620468350126,world,0.2154742242937209,1.0494271433493123,world
soft_low,world_only,90352,False,True,,1.0,-4.0,short,76,0.07386641355697066,0.1808485947549343,world,0.14530435514170675,0.4483997894451022,world,0.18824891304830088,0.6151998993940652,world,0.24797246568487025,0.852936582500115,world,0.28400881636480335,0.9769801358284894,world,0.25664436698891224,1.018747505125357,world
soft_low,world_only,90353,False,True,,1.0,-4.0,medium,65,0.10218934109434485,0.2144430917687714,body,0.17854186082258822,0.5128465418703854,world,0.1849543449934572,0.7663406670093537,world,0.2388629568973556,0.9643836700415704,world,0.25908295051049207,0.8991367486101808,world,0.22051950736844447,0.8910289687395562,world
soft_low,world_only,90354,False,True,,1.0,-1.0,short,72,0.045293987495824695,0.022851385176181793,world,0.1344421365763992,0.08035220323945397,world,0.2605111430166289,0.10537016439193395,world,0.7916792295291089,0.09957244277902647,world,1.6556137263483834,0.10080942388085531,world,1.7199162995698862,0.10808224156440702,world
soft_low,world_only,90355,False,True,,1.0,1.0,medium,71,0.05573343369178474,0.024101859133224934,world,0.1419303014408797,0.0597910042735748,world,0.2549085059901699,0.09827475157217122,world,0.7625283977831714,0.1171799991367152,world,1.60000204485259,0.13353043252718635,world,1.727784691171255,0.13088658278196819,world
soft_low,world_only,90356,False,True,,1.0,2.0,short,78,0.06755486875772476,0.07180199807044119,world,0.17877448527142406,0.13458253846038132,world,0.320164656965062,0.14971716298023238,body,0.9591009573778138,0.15244622977043037,world,1.7143091005156748,0.1561284685805731,world,1.735462539973669,0.15619375742651753,world
soft_low,world_only,90357,False,True,,1.0,-2.0,medium,69,0.10155024076811969,0.15116693160962313,body,0.24061696918215603,0.5058145473012701,body,0.2527363772853278,0.824889788555447,world,0.30648031548480503,1.0092366713215597,world,0.31949512717837936,1.1265825492722796,world,0.2668174885294866,1.1364118374552346,world
soft_low,world_only,90358,False,True,,1.0,4.0,short,74,0.06940409424714744,0.16279994847718626,world,0.1455710811307654,0.5010026143165305,world,0.1894828680786304,0.8001455027260818,world,0.23548256495851091,1.019364774232963,world,0.2673564799217274,1.0471566960593917,world,0.24305865960079245,1.0479173827765043,world
soft_low,world_only,90359,False,True,,1.0,-4.0,medium,57,0.06038019130937755,0.15381627017632127,world,0.08831586218439041,0.3638259237399325,world,0.10737733677960931,0.5524502403452061,world,0.15402945032110438,0.7083617334079463,world,0.20838675454142502,0.7129251358215697,world,0.19859767605783418,0.7225794226385187,world
soft_low,body_world,90360,True,True,m,1.436507707360915,1.0,short,74,0.05841143662109971,0.025836936954874545,world,0.13976356834173204,0.055550047487486154,world,0.23255556412041187,0.07460978488088585,world,0.6255935736000537,0.09235254436498508,world,1.4868375096470117,0.09276526835892582,world,1.6183675664663315,0.08923652581681382,world
soft_low,body_world,90361,True,True,l,1.4256287739373548,-1.0,medium,60,0.056937283370643854,0.01620917348191142,world,0.13579908749088646,0.03583542203705292,world,0.242651400109753,0.050958371510205325,world,0.757581175933592,0.06542963511383278,world,1.6790662717423401,0.0693111283271719,world,1.7145781164010985,0.07706350420325181,world
soft_low,body_world,90362,True,True,m,1.4329806398316671,-2.0,short,74,0.07283950783312321,0.02960408289800398,world,0.14163815379142763,0.04723254577838816,world,0.2602794267237187,0.0656429211521754,world,0.7215647595003247,0.08330821815907258,world,1.4081800048239528,0.09026069993997227,world,1.6050629178807139,0.09320812346530147,world
soft_low,body_world,90363,True,True,l,1.210563351806276,-2.0,medium,77,0.04927572177257389,0.18631810636725277,world,0.1001152015523985,0.49518284208606933,world,0.13612002100562676,0.7867176036699676,world,0.18879387133638373,1.1418009318585973,world,0.20162624680961017,1.2304487710673129,world,0.17349567561992446,1.2483188768365654,world
soft_low,body_world,90364,True,True,m,1.372696280105733,-4.0,short,58,0.04442730697337538,0.2036503436975181,world,0.08530219614040106,0.5776154041290283,world,0.12579364004777743,0.9281731732655316,world,0.17796991170034743,1.331051520165056,world,0.23515895358868874,1.3096798744285478,world,0.2122132496838458,1.3190330959740095,world
soft_low,body_world,90365,True,True,l,1.2749895656307437,-4.0,medium,74,0.052306999801658094,0.17208947002654895,world,0.1216091051697731,0.5296203691861593,world,0.14298563071060927,0.854908732668264,world,0.18328982072416694,1.2089243230497233,world,0.21566636236384512,1.1876546515428343,world,0.1911585203744471,1.1506719052098926,world
soft_low,body_world,90366,True,True,m,1.3066897985826524,-1.0,short,69,0.06454725679941475,0.037141724256798625,world,0.1685553621966392,0.06673476337455213,world,0.2832789167994633,0.09560288683278487,world,0.8968599530053325,0.08043283931037877,world,1.651935485290596,0.08537505321073696,world,1.7482651745923794,0.08223036362818675,world
soft_low,body_world,90367,True,True,l,1.3576619828175316,1.0,medium,62,0.05965354619547725,0.036149962223134935,world,0.14558782884851096,0.04840892573702149,world,0.2676654907409102,0.0674707936384948,world,0.8797324340092018,0.08242882039485266,world,1.6894569394760766,0.09379930841532769,world,1.7346926206955686,0.09756625586393056,world
soft_low,body_world,90368,True,True,m,1.4143053583788585,2.0,short,60,0.074824703799095,0.26530772051773965,world,0.1909429805469699,0.7460248628165573,world,0.237451231299201,1.2214479465736077,world,0.3422680915129604,1.8235919637256301,world,0.37541253651870643,1.8627454005298205,world,0.3039066466729855,1.795249735531397,world
soft_low,body_world,90369,True,True,l,1.3743712386074276,-2.0,medium,67,0.09692832711152732,0.17422956903465092,world,0.18831281203310937,0.58006751392968,world,0.25988244035979735,1.0456360976444556,world,0.4039890169340652,1.6059314439655281,world,0.47260823946853636,1.7769468081009108,world,0.32813789071631616,1.7355547037092038,world
soft_low,body_world,90370,True,True,m,1.5116611087725051,4.0,short,61,0.04580668575363234,0.19230051501654088,world,0.11132992472266778,0.5373661911580712,world,0.14748161557945422,0.8935252341674641,world,0.18667039983847644,1.2052190943737513,world,0.20705868923832896,1.1682038989223658,world,0.1889765052642906,1.1521486759003892,world
soft_low,body_world,90371,True,True,l,1.462891218935012,4.0,medium,69,0.07874518155585974,0.22567366156727076,world,0.1492801110027358,0.6039780451916158,world,0.19926518526626752,0.9325947502162306,world,0.23988060873816724,1.4393345140386373,world,0.2945236990955891,1.5948467184323816,world,0.24082244395860472,1.5730043316096998,world
soft_low,body_world,90372,True,True,m,1.6331779731038802,-1.0,short,65,0.07165623526088893,0.03197404491947964,world,0.14744671708904206,0.04826362769817934,world,0.2405325687257573,0.05604345406754874,world,0.7292647448717616,0.060965447322814725,world,1.5299482947855723,0.06105924718285678,world,1.6660891176271253,0.06114966597677267,world
soft_low,body_world,90373,True,True,l,1.2018022497580947,-1.0,medium,66,0.06866886792704463,0.03317107888869941,world,0.16505820015445352,0.06840291015105321,world,0.2796033163089305,0.09135690339026041,world,0.8565044153714553,0.08671671367774253,world,1.739673576701898,0.08907202131231315,world,1.758172378768213,0.09529431719929561,world
soft_low,body_world,90374,True,True,m,1.3280228263513763,-2.0,short,73,0.06928577716462314,0.030050282482989132,world,0.1634814045857638,0.047048883425304666,world,0.24337377881165595,0.055334193838643846,world,0.6405248498427683,0.05751561067008879,world,1.6279524984711315,0.0609653302904917,world,1.6967092257342302,0.06211357575812143,world
soft_low,body_world,90375,True,True,l,1.308876304017658,2.0,medium,65,0.048702205589506775,0.1893877014517784,world,0.09770663114031777,0.48644778290763496,world,0.14584265045705253,0.8136869418900461,world,0.17365280844678638,1.2756678106030448,world,0.21161637472541772,1.3659856715355998,world,0.1825557486183243,1.352053781610448,world
soft_low,body_world,90376,True,True,m,1.5016949779873145,4.0,short,70,0.06487242598086596,0.26938339485786855,world,0.16977180372923611,0.7422656172886491,world,0.24366740430705247,1.188872275594622,world,0.2958913927199319,1.5776414168067276,world,0.3304709537187591,1.6282802452973555,world,0.2668146683136001,1.6181229989242274,world
soft_low,body_world,90377,True,True,l,1.2414565409093206,-4.0,medium,66,0.05892592994496226,0.1822526606847532,world,0.12578998333774508,0.4742105480865575,world,0.15016720476560297,0.7806004614394624,world,0.20541585062164813,1.2562264916865389,world,0.2219936552341096,1.3619749325924202,world,0.19371717297006397,1.3857430189946898,world
soft_low,body_world,90378,True,True,m,1.4238236120964585,1.0,short,66,0.057485919212922454,0.03451692950329743,world,0.1627798206638545,0.08254851651727221,world,0.2692461091792211,0.10126012497057674,world,0.8900883590686135,0.09021387670509284,world,1.6818113694840577,0.094189404235658,world,1.7244474182627163,0.09377269238611916,world
soft_low,body_world,90379,True,True,l,1.2836548774066676,-1.0,medium,64,0.0682011665776372,0.02283315669046715,world,0.1457363307476044,0.04954700424568728,world,0.23588663432747123,0.055636783811496573,world,0.6939094151370226,0.0529787428858981,world,1.63747056662105,0.05266348395198292,world,1.722864239718765,0.05763306669265148,world
soft_low,body_world,90380,True,True,m,1.3621236417497946,2.0,short,70,0.06304034485947341,0.21133385016582906,world,0.167553926887922,0.6774256799835712,world,0.27785674287006257,1.2313432739116252,world,0.3593530666432343,1.8065836330875755,world,0.4416154863720294,1.914506487804465,world,0.3510730034974404,1.8019276424776765,world
soft_low,body_world,90381,True,True,l,1.3983378082528164,-2.0,medium,74,0.07633148122113198,0.19472621544264257,world,0.16606446923688054,0.5919513219501824,world,0.21203833071049305,0.9837242354406044,world,0.31498250297736374,1.4159579816623593,world,0.34147199696162717,1.5384064886893611,world,0.2687673226837069,1.4892313564172945,world
soft_low,body_world,90382,True,True,m,1.3509200717074077,-4.0,short,74,0.04813860543072224,0.18746826751157641,world,0.09520776439458131,0.5316152276471258,world,0.13836009069345892,0.8929311051499098,world,0.18279177737422286,1.2237606781302022,world,0.22150116979610177,1.1817418745078614,world,0.19839724653633312,1.186546502681449,world
soft_low,body_world,90383,True,True,l,1.2311925915846564,4.0,medium,58,0.04233024746645242,0.15677297906950116,world,0.09030137481167912,0.44365625409409404,world,0.10367355511989443,0.7202180250547826,world,0.12921835056040437,1.007024233508855,world,0.18000602678512223,1.01483595554746,world,0.18674504081020132,0.9970870562229538,world
soft_low,body_world,90384,True,True,m,1.524037917146982,-1.0,short,63,0.0777614158578217,0.0367528967326507,world,0.16610003393143416,0.06290899685700424,world,0.2834634174592793,0.08579489343974273,world,0.867549889581278,0.08588593298773049,world,1.6813489653402938,0.08422393039472809,world,1.7147517815325408,0.08097632128359691,world
soft_low,body_world,90385,True,True,l,1.3531822605860213,1.0,medium,58,0.06712834717473015,0.22058170498348773,world,0.1865940435905941,0.6883877614978702,world,0.27022345509030854,1.1997276118258013,world,0.33438091201533093,1.7756550558027813,world,0.4143939299290651,1.9269360425139892,world,0.3151469441322842,1.8192192470497686,world
soft_low,body_world,90386,True,True,m,1.3095845696334245,2.0,short,61,0.05411839176667854,0.24461647518910468,world,0.18652708106674254,0.6757669722661376,world,0.22359040884766726,1.1020901586860417,world,0.31986650828039276,1.6538736714283004,world,0.3483804023941047,1.6841889264527707,world,0.2978366880724207,1.625909507549368,world
soft_low,body_world,90387,True,True,l,1.3723802328668413,-2.0,medium,61,0.08338478265795857,0.20382176045677625,world,0.17115362528711558,0.6001713171310257,world,0.21089045023545624,0.9772497208643471,world,0.29823142441455275,1.3830509648585576,world,0.3117768686031923,1.5103615802210697,world,0.23029384484048931,1.47052257764939,world
soft_low,body_world,90388,True,True,m,1.6369604542264304,4.0,short,64,0.061024978291243315,0.2806758114602417,world,0.14866936304606498,0.7762690177070908,world,0.21410975309554486,1.2067910122626926,world,0.26142483652802184,1.6958059153024805,world,0.2917796617199201,1.7008149808956659,world,0.2512452616053633,1.6960258568750577,world
soft_low,body_world,90389,True,True,l,1.4434986184388112,4.0,medium,68,0.056246612686663866,0.1979634677991271,world,0.1389591597020626,0.5236779108643531,world,0.1902782140299678,0.9021029420197011,world,0.2278808239614591,1.3948860828299074,world,0.27694400572218003,1.4847370839153884,world,0.22370602549053728,1.448428289713338,world
soft_low,body_world,90390,True,True,m,1.628686273513856,1.0,short,63,0.07188805821351707,0.03177010698709637,world,0.13561078566126528,0.05829691411345266,world,0.21689557859208436,0.07952228381473106,world,0.56777992536081,0.08818340280413395,world,1.3746418380585965,0.08818293708391138,world,1.5872539957403204,0.08435646922240267,world
soft_low,body_world,90391,True,True,l,1.4997252692437577,-1.0,medium,60,0.06664939480833709,0.029644721071235836,world,0.16214930335991085,0.060065601940732447,world,0.2791084665572271,0.07494304823339917,world,0.8394042080151849,0.09586887788027523,world,1.6503870095068123,0.09959174722534953,world,1.7094922932586631,0.10193197805710952,world
soft_low,body_world,90392,True,True,m,1.4793682183432437,2.0,short,56,0.05755739111918956,0.2702902741730213,world,0.1569987692637369,0.78170777708292,world,0.20881837805500256,1.2087351891212166,world,0.25192342639784326,1.5813919745851308,world,0.31330947054957503,1.6153643625148104,world,0.27621923507540486,1.5891661201999523,world
soft_low,body_world,90393,True,True,l,1.373838534697687,-2.0,medium,80,0.07463491975795478,0.17281826958060265,world,0.1903494167374447,0.5307130282744765,world,0.2470182146062143,0.97903061369434,world,0.3788195318949874,1.5897309469524772,world,0.4587923698563827,1.7734693177742884,world,0.32559133470407686,1.7666378520522266,world
soft_low,body_world,90394,True,True,m,1.374879786515465,4.0,short,58,0.0342921614064835,0.18111748428782448,world,0.08041281674522906,0.5095555033884012,world,0.1260021779802628,0.8381280550442171,world,0.1648877505038399,1.1537179898557954,world,0.2261820460349554,1.134903538225626,world,0.20620266326586717,1.115082665201626,world
soft_low,body_world,90395,True,True,l,1.2278138310881848,-4.0,medium,72,0.05652150325477123,0.17936346028000116,world,0.11369738294743001,0.48227035263553264,world,0.1281018290668726,0.7767962365876884,world,0.15506296488456428,1.1265607736771925,world,0.1620082779903896,1.0648159167903941,world,0.15537778323050588,1.059475527270697,world
soft_low,body_world,90396,True,True,m,1.5997246997728216,1.0,short,76,0.05760979978367686,0.020669329911470413,world,0.1363833281211555,0.04241765642073006,world,0.20892050261609257,0.04972486337646842,world,0.5444537753006443,0.060350047796964644,world,1.4547528161550873,0.05830920286825858,world,1.6224430830357597,0.0640509936552553,world
soft_low,body_world,90397,True,True,l,1.2083810902658325,1.0,medium,74,0.06848503882065415,0.042563610448269174,world,0.12969580264762043,0.058686929597752166,world,0.2222311592195183,0.0932605604903074,world,0.6408841301919892,0.09264551249943906,world,1.421422706975136,0.09984673443395878,world,1.6151035785907881,0.10328673501324373,world
soft_low,body_world,90398,True,True,m,1.605681322392905,2.0,short,61,0.05862629180774093,0.03964011842617765,world,0.13718672404065727,0.04618351169337984,world,0.2393728802446276,0.07025062195461942,world,0.7811163083883002,0.09377925367662102,world,1.5766264912323094,0.09512949768504768,world,1.6711254553729669,0.10114063884990174,world
soft_low,body_world,90399,True,True,l,1.216354811034764,-2.0,medium,60,0.07934812852181494,0.18770931335166097,world,0.16050770808942616,0.5579234301112592,world,0.17303973909001796,0.9128343840129673,world,0.24936231377068907,1.259001846658066,world,0.26704658892704175,1.3476550182560458,world,0.2166357471095398,1.3378095095604656,world
soft_low,body_world,90400,True,True,m,1.3999353886758357,4.0,short,71,0.04689934570342302,0.1852479379158467,world,0.08441789941862225,0.5416293789632618,world,0.12274532101582736,0.9089135583024471,world,0.16286601491738112,1.2662478300044313,world,0.2158769530884456,1.2396454865986017,world,0.20735250136116518,1.2412650258245412,world
soft_low,body_world,90401,True,True,l,1.3909618610188579,-4.0,medium,64,0.09795749926706776,0.19866424053907394,body,0.19296363283647222,0.5566508621908725,world,0.21937502701184713,0.9041825336869806,world,0.29793337667069864,1.3492569047724827,world,0.3052987441871664,1.5019273452693598,world,0.2238670668931445,1.482710638034623,world
soft_low,body_world,90402,True,True,m,1.4765881692612393,-1.0,short,72,0.07802821299992502,0.034513997146859765,world,0.15237013627775015,0.07239082542946562,world,0.2688653672346845,0.0973359196621459,world,0.897710746631492,0.08555061487422791,world,1.519041070487583,0.08481129464998957,world,1.6384204695210793,0.08142568655806827,world
soft_low,body_world,90403,True,True,l,1.2287348099119875,1.0,medium,60,0.0798468547873199,0.03611510340124369,world,0.1778366454876959,0.060975114325992764,world,0.3156484708655626,0.09680457027861848,world,0.9690534321824088,0.09278982980176806,world,1.8412900763680227,0.1009005248954054,body,1.8122213236661628,0.09950131662626518,body
soft_low,body_world,90404,True,True,m,1.5959684874168683,-2.0,short,61,0.06245403876528144,0.02525315887760371,world,0.15002285623922945,0.044404632487567146,world,0.24688863330520688,0.07767201058741194,world,0.6639894641237334,0.095956310024485,world,1.6411994773545302,0.09960874239113764,world,1.6949515260616317,0.10546655676473166,world
soft_low,body_world,90405,True,True,l,1.4263406910614387,-2.0,medium,77,0.10426462767645717,0.18394918576814234,body,0.2070125295780599,0.5808702042791992,body,0.24178942437283696,1.005298882932402,world,0.3483378242934123,1.4289962168433705,world,0.39079508372815325,1.5692068278614895,world,0.26615392131498083,1.51905110568041,world
soft_low,body_world,90406,True,True,m,1.5761825745829299,-4.0,short,68,0.04401877356576733,0.2186853215098381,world,0.10110011505312286,0.6787582444027067,world,0.18621329429734035,1.177238413039595,world,0.27756050610769306,1.6620164868421854,world,0.29693435318695266,1.674881391332019,world,0.26147667385608653,1.6424185300129466,world
soft_low,body_world,90407,True,True,l,1.3075505965528191,-4.0,medium,60,0.07958636491093785,0.21333174780011177,world,0.15779437418095768,0.5848519591614604,world,0.1857093791011721,0.9141567029058933,world,0.25804773359559474,1.3755689110374079,world,0.26956102550029754,1.4994673207635059,world,0.22119853030890227,1.490903875279473,world
soft_low,body_world,90408,True,True,m,1.5508532757037867,1.0,short,74,0.07321374583989382,0.0220733059104532,world,0.1472073307260871,0.0668941312469542,world,0.25333921974524853,0.0906783290556632,world,0.8657291648443788,0.08135362677858211,world,1.6612992918817326,0.08301769547251753,world,1.7140306464862078,0.07794006688607624,world
soft_low,body_world,90409,True,True,l,1.386472676208235,1.0,medium,62,0.07731635170057416,0.022114829334896058,world,0.15460313083603977,0.04201656976947561,world,0.25298869074322283,0.060424102903925817,world,0.6754536952124909,0.07562727943586652,world,1.6927250457578338,0.0835637796582887,world,1.7443863574275746,0.09243621876623366,world
soft_low,body_world,90410,True,True,m,1.305798982810204,2.0,short,73,0.07132779760286212,0.24450682336464524,world,0.1678557642037049,0.7271637900732458,world,0.25378122745314613,1.2073455708567051,world,0.3231566808244679,1.7273674882249905,world,0.3771246895921649,1.8178005275753093,world,0.27751330215134656,1.7313387441344092,world
soft_low,body_world,90411,True,True,l,1.201605261104429,-2.0,medium,64,0.07162127224728465,0.19170201988890767,world,0.15856457832269372,0.5105596890673042,world,0.2000817068386823,0.8628788323141634,world,0.2994804942980409,1.3825460821390152,world,0.3130508243222721,1.540920024958905,world,0.24399242573417723,1.547944507219363,world
soft_low,body_world,90412,True,True,m,1.6785527327767333,-4.0,short,66,0.03948634956032038,0.2201261255540885,world,0.11667034083511679,0.6421489472617394,world,0.1569695528014563,1.052566048275912,world,0.21186752350186,1.4582051940873497,world,0.22637914056831504,1.357203758803371,world,0.21399623134057036,1.3374947340489598,world
soft_low,body_world,90413,True,True,l,1.497413653722908,4.0,medium,68,0.06515407643746585,0.1750388031359762,world,0.1761079828487709,0.5101151754613965,world,0.21778593371855096,0.9306936034699902,world,0.24496324826614002,1.4172047976288014,world,0.28843216953391676,1.43832997000427,world,0.22565249387291259,1.3836651061812881,world
soft_low,body_world,90414,True,True,m,1.6384059842206313,-1.0,short,67,0.06500910874456167,0.027593108272412792,world,0.13367236778140068,0.0448281156423036,world,0.22163562588393687,0.06661923759093043,world,0.6383876508101821,0.07789395092841005,world,1.4687160230241716,0.07489792015658167,world,1.6349962596222758,0.07857558440984576,world
soft_low,body_world,90415,True,True,l,1.4445958942354706,1.0,medium,61,0.11367230676114559,0.22240688308374956,body,0.24281466437969357,0.6613589692511596,body,0.34748790111625566,1.100747054378735,body,0.48795832659234295,1.8004250704922016,world,0.7772801019862527,2.3276652789514625,world,0.5774361038499046,2.273254898072337,world
soft_low,body_world,90416,True,True,m,1.4228738912776615,-2.0,short,70,0.07915147161111236,0.036227720440365374,world,0.15219580261036755,0.08165987196261995,world,0.2866855490487069,0.09767956101277378,world,0.965196263208054,0.08593660951737547,world,1.6949393079499715,0.08793477119979798,world,1.724844583007507,0.08702892037777929,world
soft_low,body_world,90417,True,True,l,1.412003609654068,-2.0,medium,63,0.0655112763051875,0.2030460798414424,world,0.15562354581197724,0.5894191320752725,world,0.21037208239431493,1.0026236357050948,world,0.30446141204738525,1.4209809211024549,world,0.3349548436628538,1.5420276368240593,world,0.2549092208052752,1.502827644831268,world
soft_low,body_world,90418,True,True,m,1.6633408277228265,4.0,short,65,0.06381676311139017,0.297548700356856,world,0.1683183961780742,0.8042006684001535,world,0.22189949181629345,1.213482493138872,world,0.277839711093111,1.7043519054423089,world,0.3222857156972168,1.6977303747669794,world,0.2792494329100009,1.6914563189516776,world
soft_low,body_world,90419,True,True,l,1.4868039659450991,-4.0,medium,75,0.09122294734697789,0.1942165328655392,world,0.22240855821873995,0.5997909738216549,body,0.29619797397172076,1.0526511997217312,world,0.40589851039112546,1.5579047355917284,world,0.4425456241500797,1.7160066121316049,world,0.32447866329108366,1.651230479471851,world
soft_low,body_world,90420,True,True,m,1.5449902128447706,1.0,short,63,0.07164725009351969,0.0320716583810281,world,0.1417676290497184,0.037759645405458286,world,0.23055306104943157,0.05030837669910398,world,0.6259380943607539,0.048507507221074775,world,1.5338862918084488,0.04809323942972696,world,1.6757662725355478,0.04786373766575707,world
soft_low,body_world,90421,True,True,l,1.3429074718778478,1.0,medium,68,0.07299709226936102,0.047431029146537185,world,0.1572197932749987,0.061608483409509064,world,0.2854039004072547,0.06862152504036204,world,0.9662829496897757,0.07086967975483276,world,1.8422540363389999,0.07287568797546555,body,1.8174903652258219,0.08735478282993427,body
soft_low,body_world,90422,True,True,m,1.4859152920245902,2.0,short,56,0.03736942075192928,0.24656984792090952,world,0.12283127782866358,0.7688514554873109,world,0.20776094251777977,1.2995307174511255,world,0.2608713139197789,1.6447526821866632,world,0.31672962246811953,1.677222652133787,world,0.28724841033341364,1.6206431015687848,world
soft_low,body_world,90423,True,True,l,1.4537628318674107,-2.0,medium,61,0.10247862851247191,0.20991224702447653,body,0.24630799130536618,0.6345844823867083,body,0.3071561599848792,1.0837794320657848,world,0.4543549282359891,1.6450585571117697,world,0.5341780493443367,1.845495604816824,world,0.3691702704993077,1.7705889307148754,world
soft_low,body_world,90424,True,True,m,1.5039422662674549,-4.0,short,72,0.049762126291170716,0.21485113259404898,world,0.09546489431522787,0.5832313572056591,world,0.13692813909146934,0.9459348492324353,world,0.17115265280008318,1.3127862755442037,world,0.19298818440001925,1.247840208315756,world,0.19574913381249642,1.249774206348229,world
soft_low,body_world,90425,True,True,l,1.484051795950852,4.0,medium,66,0.06793806236237288,0.18312264827545732,world,0.14957922245375813,0.501857105572708,world,0.20722507315222177,0.8995660787099041,world,0.2436186957056634,1.4395591514010448,world,0.2886746517906431,1.4855333325715037,world,0.22890524454880506,1.4484153934533242,world
soft_low,body_world,90426,True,True,m,1.499613542769097,-1.0,short,68,0.054132407531142235,0.02703890355769545,world,0.1256586448289454,0.0539715840597637,world,0.22178714373148978,0.07262614047504029,world,0.7567993884207682,0.07970142373233102,world,1.623621301969979,0.08800436561359674,world,1.7033161314809695,0.08978403585511842,world
soft_low,body_world,90427,True,True,l,1.2434438593395136,1.0,medium,67,0.06060977093875408,0.03398250031750649,world,0.16579427421092988,0.05828193435445428,world,0.2491640040650964,0.06840533551294356,world,0.6248142465017736,0.08213654016144575,world,1.5191818356048317,0.0812114768777974,world,1.674058245997876,0.08284766058495734,world
soft_low,body_world,90428,True,True,m,1.5747146197091175,2.0,short,64,0.06444313726387918,0.24336077645421028,world,0.16036682000849395,0.7686968406662344,world,0.26411227640928703,1.3719102821312845,world,0.3715985603223089,1.9924208221957087,world,0.4676327346096514,2.06517579703941,world,0.3887440466543194,1.936819349512807,world
soft_low,body_world,90429,True,True,l,1.4646053079069046,-2.0,medium,67,0.08056938671506941,0.18684146797750145,world,0.21100902152247727,0.5513611810049042,body,0.3147219612495974,1.0183996846782974,world,0.4841056708828546,1.7357287549355533,world,0.6732697304629255,2.119995650878991,world,0.4767356431036024,2.0955866922612767,world
soft_low,body_world,90430,True,True,m,1.6725099978259204,-4.0,short,62,0.07739944284548983,0.24762479006312788,world,0.1753272982663475,0.7107592203654349,world,0.21870417161262592,1.112854421371594,world,0.2678145007666899,1.5545486877206713,world,0.2896566283059656,1.5876861857715994,world,0.2354750412184512,1.5975520172924733,world
soft_low,body_world,90431,True,True,l,1.3236542402011626,-4.0,medium,67,0.058844310813583434,0.17178458720445633,world,0.10571694432292135,0.49864157950505617,world,0.1398702387348749,0.883570355316624,world,0.19616523566655814,1.3730783711420371,world,0.22364268087549136,1.396857539017219,world,0.20594834005925805,1.408617425870616,world
soft_low,body_world,90432,True,True,m,1.3642720743548598,-1.0,short,61,0.06250988645479083,0.03087669488741085,world,0.1329328971914947,0.045983235619496556,world,0.2050556508358568,0.05686341746477411,world,0.6296191279543564,0.06201341494743247,world,1.5581245881854555,0.06524459513748299,world,1.6752024807548151,0.0750055740607786,world
soft_low,body_world,90433,True,True,l,1.3743791243103016,-1.0,medium,77,0.05508522829040885,0.03197677317075431,world,0.14342786045745015,0.06417952383635565,world,0.24231069223023954,0.09212813164049294,world,0.7653169929282739,0.10098912121757166,world,1.5884245622553863,0.09971193227465845,world,1.6729307065764443,0.1060742478686734,world
soft_low,body_world,90434,True,True,m,1.4747028802268096,2.0,short,62,0.07393998047336936,0.258207751205191,world,0.16934399891179056,0.7628788053523748,world,0.23395131115103143,1.2443580026505514,world,0.3245106955815572,1.8403016078169456,world,0.36023459158896,1.895347018475877,world,0.3379837892309297,1.8217656896356493,world
soft_low,body_world,90435,True,True,l,1.3038106075252267,-2.0,medium,60,0.07360947295092046,0.20898346591275185,world,0.12500152012798937,0.5993357641389594,world,0.1690298480214551,0.9721371702733449,world,0.2477070777560584,1.3346653437183702,world,0.2629291567543987,1.4348385278950446,world,0.21660692255245523,1.4080432496685535,world
soft_low,body_world,90436,True,True,m,1.6168586909623586,4.0,short,79,0.05319227883592248,0.2160371164791286,world,0.10697829218115658,0.6277534920722245,world,0.15359058975009246,1.0632740998640657,world,0.21834093857905829,1.4114876813837327,world,0.26451310524425936,1.3777687620255166,world,0.2271367619826924,1.3557768618920818,world
soft_low,body_world,90437,True,True,l,1.3291113567705524,-4.0,medium,77,0.06949574814643711,0.18183637474430725,world,0.1389340290101245,0.5097123545012436,world,0.16857418742729352,0.8784328567038756,world,0.23803263308363964,1.4195046261971582,world,0.2592421860405011,1.4942448604371747,world,0.21491599742206743,1.4986347102659054,world
soft_low,body_world,90438,True,True,m,1.329008599029527,-1.0,short,80,0.046282164519652724,0.04747549450257793,world,0.152313096774742,0.07406909818528219,world,0.2773184345802292,0.10518928756355309,world,1.0555165526340715,0.08733520357345696,body,1.7592895923589822,0.08631812512658144,world,1.7592057349695824,0.08929660580837662,world
soft_low,body_world,90439,True,True,l,1.445391509411858,1.0,medium,66,0.0624392656609416,0.02781025494914502,world,0.1450879557058215,0.03551934788702056,world,0.21458266908302903,0.045863773571909405,world,0.5621572779957205,0.058391303897224134,world,1.5215222877683117,0.06485498668298532,world,1.6727524497080595,0.07068284216322354,world
soft_low,body_world,90440,True,True,m,1.5564106744089927,2.0,short,74,0.07141711609438062,0.25590080628171563,world,0.1970893113873899,0.71973707661964,world,0.25851006684824823,1.2309773314045742,world,0.39255611281841996,1.9569542049546726,world,0.5257908007013612,2.1153038451913746,world,0.4253360365889966,2.015038684264291,world
soft_low,body_world,90441,True,True,l,1.3070596772413094,2.0,medium,71,0.043697161483578384,0.20941380225121975,world,0.11185703417286277,0.646739292424172,world,0.16840501867700367,1.1612193496897816,world,0.2118146982160397,1.5683674452360719,world,0.2655051212233957,1.654739736067131,world,0.22633192028151827,1.582164250558708,world
soft_low,body_world,90442,True,True,m,1.6269524228642334,4.0,short,74,0.06289722980000079,0.2831500538159162,world,0.16973123801872134,0.7984562946017831,world,0.2194605526747182,1.2121558345621453,world,0.2603750325855799,1.7062867018277756,world,0.29822228748817,1.7057541288028006,world,0.28135534660890704,1.6893801327794788,world
soft_low,body_world,90443,True,True,l,1.378277312801848,-4.0,medium,72,0.035824315156787634,0.19624328589998186,world,0.11428071293048561,0.544927674671635,world,0.16655240289401263,0.9295847347704693,world,0.21244776541134341,1.3264334127656183,world,0.23810850339359602,1.291494348080596,world,0.19903535873396322,1.2490733615937644,world
soft_low,body_world,90444,True,True,m,1.453510197141481,1.0,short,71,0.07395948003977537,0.043332979548722506,world,0.16542674656957387,0.09028485748567619,world,0.29133406849578025,0.11033013724081685,world,0.8624133293051273,0.10330251966806828,world,1.624149374687113,0.1079582135185774,world,1.684608446964994,0.1060718207177706,world
soft_low,body_world,90445,True,True,l,1.3665797638238526,-1.0,medium,62,0.06906197778880596,0.022164913301821798,world,0.1261653672903776,0.042537581862416116,world,0.21068301014602187,0.06889426020061365,world,0.6543621407821774,0.08211619741850883,world,1.5983380201272666,0.08447411153065332,world,1.6935926563665271,0.08761838360805996,world
soft_low,body_world,90446,True,True,m,1.33490869903924,-2.0,short,64,0.08815298392437398,0.04678713157773018,world,0.183247143169865,0.08565859657246619,world,0.2874851069180295,0.10891027126926929,world,0.8427747150301002,0.11605653672886546,world,1.682510502700461,0.12425155025121057,world,1.737133450533729,0.1371270371059654,world
soft_low,body_world,90447,True,True,l,1.360545744961593,2.0,medium,71,0.07553819916211069,0.1890088365180418,world,0.16698659537360072,0.5664041007636116,world,0.2113615095266141,0.9851412949501537,world,0.2756159740616567,1.5852598932979163,world,0.3352255999809131,1.7606201188318664,world,0.26756238894304263,1.7052230070310177,world
soft_low,body_world,90448,True,True,m,1.3926898559008811,4.0,short,79,0.04256716457894072,0.170155665371567,world,0.09543654549634084,0.4867971458006651,world,0.12277322213049047,0.8625211983686314,world,0.15266956289706285,1.2365070274565368,world,0.19253622418473243,1.2457346297829646,world,0.20944906254473608,1.2538476018409712,world
soft_low,body_world,90449,True,True,l,1.4996288562259714,4.0,medium,69,0.0997790388064459,0.17980856727808714,body,0.18760934995952994,0.5702763806795702,world,0.20223630632972342,0.9770729427575133,world,0.2368567908590194,1.4113588295585942,world,0.2844456274033291,1.4149001745419811,world,0.2383711884485092,1.3548832325742113,world
soft_low,body_world,90450,True,True,m,1.6497126455801099,-1.0,short,68,0.06799359782598913,0.035276082111522555,world,0.16164686284027996,0.046948217577300964,world,0.2613411868689582,0.0800793752539903,world,0.9043956308974885,0.07747135954850819,world,1.683021915674908,0.0783109614989371,world,1.7073822370055132,0.0778226752084447,world
soft_low,body_world,90451,True,True,l,1.4011624978174013,-1.0,medium,69,0.07836481463164091,0.02521800878457725,world,0.1541121980175376,0.049897475528996434,world,0.2465912585146725,0.07160817360854708,world,0.6740980109665542,0.07734011143038515,world,1.544264239934273,0.08104403882025507,world,1.680975186722353,0.0868956287036417,world
soft_low,body_world,90452,True,True,m,1.3459971515369575,2.0,short,75,0.08794301329180598,0.22900577820837498,world,0.1422280680388212,0.6246661961078643,world,0.17365727215074003,1.1110877414699645,world,0.23531807805411517,1.5411675593873952,world,0.2827537923818454,1.5632337783725234,world,0.2503966433927417,1.5101095708471257,world
soft_low,body_world,90453,True,True,l,1.3128410648573021,-2.0,medium,60,0.09101926832227036,0.19608311029151082,world,0.15146972941001877,0.5529835978522897,world,0.18065320611349306,0.9336384207010269,world,0.2568816140148556,1.3334079601801931,world,0.261914058138791,1.442578428721754,world,0.21194498197815848,1.4251982303801924,world
soft_low,body_world,90454,True,True,m,1.4532800695650452,4.0,short,80,0.07465671095997095,0.2500827074982226,world,0.16307932073250414,0.6545059739612044,world,0.1770126987248659,1.0086686461698264,world,0.21084243225923274,1.4579873278038575,world,0.2400795592533541,1.4656871998682617,world,0.22619223559100646,1.470883660838008,world
soft_low,body_world,90455,True,True,l,1.4639866887179158,4.0,medium,63,0.06565613043494523,0.18855716940015554,world,0.1360533708211733,0.5278233202174306,world,0.2027795323854662,0.894645933713764,world,0.2423731301554653,1.4332302323076875,world,0.29974131742455934,1.549491361703258,world,0.23011829045819468,1.5253575272380842,world
soft_low,body_world,90456,True,True,m,1.437503394575647,1.0,short,71,0.06359274126589298,0.032939288241323084,world,0.14038337115198374,0.04819789145840332,world,0.23214720720425247,0.055886230134638025,world,0.7080329932738096,0.05777418823563494,world,1.6976753067458048,0.06402505044679856,world,1.7249144071433693,0.06792049258277984,world
soft_low,body_world,90457,True,True,l,1.433005966120608,-1.0,medium,79,0.05607956857420504,0.025710147849167697,world,0.13737199692986907,0.037733256208593954,world,0.24262938934843986,0.06099163045437308,world,0.6571143030538222,0.08621860387283958,world,1.409987488918705,0.08505451329001516,world,1.6239488644036464,0.08827035073001752,world
soft_low,body_world,90458,True,True,m,1.5714723561915191,-2.0,short,75,0.08485249150544405,0.039583691162988544,world,0.1410900019109249,0.04396655272576026,world,0.2121024550870061,0.061720192848588346,world,0.5444810793735086,0.0700680009802454,world,1.4613857107702641,0.07418113752282807,world,1.6123023947514594,0.07848388557962607,world
soft_low,body_world,90459,True,True,l,1.423809978213943,-2.0,medium,75,0.0935997343622148,0.18580258975271136,world,0.17108841710723938,0.5629382937448099,world,0.22645292289089414,0.9896875548758544,world,0.33043160823872314,1.4537663232360498,world,0.36670559538179076,1.5816589356778423,world,0.2745633266423829,1.5402996346412694,world
soft_low,body_world,90460,True,True,m,1.501503010941712,-4.0,short,65,0.06423010653816164,0.23756424547173083,world,0.15184787334874272,0.6761582628416363,world,0.19587002648040652,1.0575546905660305,world,0.2611522846622393,1.4496346462648944,world,0.28628862354089507,1.5074445655111048,world,0.23223442646907644,1.5059715076969589,world
soft_low,body_world,90461,True,True,l,1.4979893620177673,-4.0,medium,68,0.0676683770143427,0.18985085777239874,world,0.13083755801199004,0.5113999948487616,world,0.21102107939659617,0.885607638239162,world,0.296063045525807,1.4432057491183514,world,0.34792632000608137,1.5289148949043012,world,0.2703857947228243,1.507294369827141,world
soft_low,body_world,90462,True,True,m,1.32405485767968,-1.0,short,61,0.07832270208746195,0.04648525617085397,world,0.16884961472824217,0.09530459207016975,world,0.27222546343691645,0.12077215985627844,world,0.9093466088408604,0.10409688879735768,world,1.6411609742906876,0.10374886469217018,world,1.7365800640033557,0.10155252973199821,world
soft_low,body_world,90463,True,True,l,1.2959566174498844,1.0,medium,60,0.06909146951511502,0.027220039046369493,world,0.13943167040124535,0.03527462328784168,world,0.25730498717166483,0.08070558931212873,world,0.8912741930456832,0.09984403915441362,world,1.6885318058193661,0.10131839186287833,world,1.736024599620141,0.10356806727155343,world
soft_low,body_world,90464,True,True,m,1.5484915809048363,-2.0,short,68,0.07489448064006865,0.04688015254214406,world,0.15799140189774336,0.06594104464165866,world,0.26767299978528175,0.08002968428190797,world,0.8526968005229719,0.06914682288334006,world,1.6927080111170654,0.07178133482593693,world,1.7457624990330078,0.07333596249605762,world
soft_low,body_world,90465,True,True,l,1.428408630737959,-2.0,medium,69,0.09341769921593368,0.18364470766391605,world,0.16110709677450358,0.5133020916720852,world,0.1954272526083514,0.8234827680396848,world,0.2747658243053593,1.300810642068973,world,0.31120152643998156,1.4620393397897715,world,0.23970286192605272,1.4486997211037669,world
soft_low,body_world,90466,True,True,m,1.3278826334953207,4.0,short,72,0.06830170008470304,0.19873668166110292,world,0.137747384008253,0.5308131489320658,world,0.1476842713804217,0.8557465543213766,world,0.19189083966339238,1.2544877376029036,world,0.2218641247782216,1.2516350875412172,world,0.2199278734231484,1.263290803914715,world
soft_low,body_world,90467,True,True,l,1.224242705022093,-4.0,medium,67,0.06922269274946302,0.16361669707112014,world,0.1444734055316076,0.46614436788950114,world,0.15837124682730064,0.8148555727791973,world,0.20116784284473396,1.2917163946724028,world,0.1905797389015788,1.3591345483000623,world,0.18142889367067255,1.3841555381641955,world
soft_low,body_world,90468,True,True,m,1.377155487281401,1.0,short,65,0.07998154009692371,0.04716879449551925,world,0.1557995988521725,0.10282220802037045,world,0.2431327459635213,0.12209896316635424,world,0.8220252799452283,0.11268816005613189,world,1.682020353275584,0.1185596749681281,world,1.742484606851358,0.11183549643756124,world
soft_low,body_world,90469,True,True,l,1.2775926055522053,-1.0,medium,67,0.06916266353800893,0.031720158527605236,world,0.14290878139436247,0.08880405775271356,world,0.22518400708213449,0.10120019688038155,world,0.6305426983628422,0.11080291668185964,world,1.4861386663513259,0.1201087167210062,world,1.6704160523135214,0.12102432449843037,world
soft_low,body_world,90470,True,True,m,1.5219750255884492,2.0,short,70,0.07170160114765167,0.26592486863955855,world,0.18873401507735255,0.7242753985337914,world,0.22854673881083729,1.105937348632142,world,0.26504149055690507,1.5061141585931184,world,0.29079376503650567,1.5513101160409861,world,0.2595000239170622,1.5305891363130648,world
soft_low,body_world,90471,True,True,l,1.2543795609592172,2.0,medium,63,0.043892745685297996,0.23254756652750075,world,0.12534195684129373,0.6720956625882536,world,0.17254211276886056,1.0806550149107352,world,0.20744511336379218,1.4128090375219473,world,0.2511979116607108,1.532129724943661,world,0.21083028494904282,1.48305828124634,world
soft_low,body_world,90472,True,True,m,1.523888147333015,4.0,short,77,0.04987322923261672,0.2419061716645956,world,0.1684356484329328,0.6813497308176011,world,0.2122674221987836,1.0822283493122085,world,0.2641194635129068,1.5336211656802334,world,0.32099620513909033,1.5284630611597094,world,0.25998823406756855,1.5244623966957442,world
soft_low,body_world,90473,True,True,l,1.4189126139922845,-4.0,medium,63,0.058762000408023596,0.17570253100711852,world,0.13319429503753782,0.531356661603786,world,0.18628084312658758,0.9024841847014613,world,0.22934896028600632,1.302969749766635,world,0.2608801480731927,1.2914746661088428,world,0.2158293005498126,1.2384920928254723,world
soft_low,body_world,90474,True,True,m,1.3393605416224226,1.0,short,80,0.06991435191594064,0.028543368767714128,world,0.15604621483944353,0.06920068379840813,world,0.24785596679430455,0.0965814489609329,world,0.6704338559298776,0.09104321666964096,world,1.6521025269001257,0.0896654556883732,world,1.7139994722115808,0.08694432487245649,world
soft_low,body_world,90475,True,True,l,1.4134205728523153,1.0,medium,66,0.09673669841140509,0.23260336590465158,world,0.242370585212484,0.681001120666042,body,0.3678325255168602,1.1478883176576347,body,0.5211874655797146,1.77800907518249,world,0.8193218224623706,2.298507535958197,world,0.5991379870660603,2.247865817337297,world
soft_low,body_world,90476,True,True,m,1.3814810158500825,-2.0,short,70,0.06923997611738741,0.03584018466062844,world,0.1316040410194546,0.03967241253703833,world,0.19891671559307725,0.06299724190030248,world,0.5560103498515673,0.06817777680116706,world,1.5188880834786687,0.07050780974968802,world,1.648729131075088,0.07079845015527098,world
soft_low,body_world,90477,True,True,l,1.4674729887667173,2.0,medium,78,0.09202981856651604,0.2431234954856336,world,0.19651268017478288,0.6913278016261757,world,0.24911144266370683,1.1427342755254357,world,0.31831779218045997,1.7938990798546002,world,0.3917243755015079,1.9546536968438883,world,0.2879578183707781,1.8689723793556914,world
soft_low,body_world,90478,True,True,m,1.5027032697774165,4.0,short,80,0.07281307899393141,0.22323516849428415,world,0.16449200208298861,0.6378242360427976,world,0.1942126358160749,1.0439875428564847,world,0.2541383213014342,1.4406077668070794,world,0.2848777478269767,1.4198339379043319,world,0.25378402350936086,1.404537938614376,world
soft_low,body_world,90479,True,True,l,1.3850046666885212,-4.0,medium,66,0.055761358700692654,0.18382476991973817,world,0.09740088563412427,0.5200960929971189,world,0.15108360908925533,0.9039314087247475,world,0.2055551614263095,1.4037228283355945,world,0.2336494171700906,1.404737897690211,world,0.2017676054988988,1.3974165634723614,world
soft_low,calib,90480,False,False,,1.0,0.0,,64,0.07000238983891904,0.03929040196817368,world,0.14508429015986624,0.06880999954883009,world,0.2180004818132147,0.07044444328021199,world,0.6268836664850823,0.06885944195510092,world,1.6207576050830539,0.07401673845515688,world,1.718413592854049,0.07759311469530075,world
soft_low,calib,90481,False,False,,1.0,0.0,,76,0.06600154610350728,0.05826252396218479,world,0.16085904696956277,0.0940877618151717,world,0.25877631665207446,0.09609513895120472,world,0.8126757352845744,0.08291813827236183,world,1.6399277262040415,0.07875574740755838,world,1.7218659564713015,0.07954390852120924,world
soft_low,calib,90482,False,False,,1.0,0.0,,79,0.05461209453642368,0.03130870618042536,world,0.1352238760329783,0.07709407990914768,world,0.22574129444546998,0.10388673906272743,world,0.6503868894884364,0.09284178302186774,world,1.5050096637685781,0.09248598909034628,world,1.6709059500368313,0.09456725101743359,world
soft_low,calib,90483,False,False,,1.0,0.0,,70,0.07503211032599211,0.03839637170312926,world,0.14280393719673157,0.0626219701487571,world,0.23100100606679916,0.07815819464158266,world,0.6434979270212352,0.08499935484724119,world,1.5768481343518943,0.08880818964607898,world,1.67922313420102,0.09507373904220003,world
soft_low,calib,90484,False,False,,1.0,0.0,,69,0.09420264698565006,0.06420327781233937,world,0.16919323150068521,0.06016770477872342,world,0.22377806520089508,0.07111587849212811,world,0.4701448646839708,0.07249708504677982,world,1.2274192510871216,0.0807968665882072,world,1.5328749103378505,0.0856051763909636,world
soft_low,calib,90485,False,False,,1.0,0.0,,78,0.07947744941338897,0.06347059569088742,world,0.15203444277867675,0.1270875847316347,world,0.2390486558433622,0.1526976663095411,world,0.7375163971213624,0.14185105426295197,world,1.5448131489916705,0.13378894598135957,world,1.6581967854266986,0.14841668353590648,world
soft_low,calib,90486,False,False,,1.0,0.0,,79,0.07232499169185758,0.030581848637666553,world,0.14493714841082692,0.06306079222122207,world,0.22348840259946884,0.07852399583789521,world,0.5926761384354904,0.07216837233281695,world,1.4874299747520126,0.06866760216507828,world,1.6581214237818496,0.06794060656859074,world
soft_low,calib,90487,False,False,,1.0,0.0,,74,0.08369809435680509,0.04607528797350824,world,0.16304838424548507,0.108212107908912,world,0.307678199140355,0.15091020382024,world,0.8679244197672233,0.15210064050515937,world,1.5318726662429982,0.1508494303119733,world,1.712219820911996,0.14540403400293145,world
soft_low,calib,90488,False,False,,1.0,0.0,,62,0.0676729241386056,0.02368963262415491,world,0.14191672541201114,0.048175028001423925,world,0.21523903924971816,0.08386773103266024,world,0.6100881063379346,0.09032145146484254,world,1.5530909229535608,0.09235345886336291,world,1.668724909890443,0.10078942633663246,world
soft_low,calib,90489,False,False,,1.0,0.0,,65,0.07260662317276001,0.051006968365982175,world,0.13217656388878823,0.10047904192470014,world,0.24760850090533493,0.12210069470456801,world,0.8464004960842431,0.11340125098795398,world,1.647360998252407,0.11220225542710976,world,1.710777038875967,0.11742853167146677,world
soft_low,calib,90490,False,False,,1.0,0.0,,70,0.0677010987419635,0.030333793722093105,world,0.13871507798321545,0.0896687769331038,world,0.25011477845255287,0.10286105351988226,world,0.8483618641388603,0.09152989608992357,world,1.6339511706552003,0.09826670753755024,world,1.7399287722655572,0.11804774964133685,world
soft_low,calib,90491,False,False,,1.0,0.0,,63,0.08165082521736622,0.07637037115637213,world,0.20211242074146868,0.15090044445823877,body,0.28750317585654556,0.17969548058463258,world,0.7244082901859656,0.1693046728920308,world,1.3875265317154115,0.1720304768103233,world,1.6273685941891745,0.16174964070116404,world
soft_low,calib,90492,False,False,,1.0,0.0,,66,0.07098590023815632,0.03492323658429086,world,0.14520401377230882,0.07715721471467987,world,0.20541277015581727,0.09193729165126568,world,0.5657940399367363,0.09258791454194579,world,1.5416869763517753,0.09036017900652951,world,1.674256755122915,0.10824790497776121,world
soft_low,calib,90493,False,False,,1.0,0.0,,80,0.1055506938137114,0.06487027130788192,body,0.204327379912138,0.11158999076578767,body,0.30610007755458357,0.12982403638307005,world,0.9244206678122282,0.12428166650061029,world,1.7347490260377527,0.11750594136610744,world,1.7497707771509885,0.11566261848289286,world
soft_low,calib,90494,False,False,,1.0,0.0,,79,0.0692585262004286,0.045006084139458835,world,0.1570018523838371,0.08514936377760024,world,0.22126233770977707,0.0848032401758246,world,0.5933744537062011,0.07514779434131924,world,1.5682156826544087,0.07574538341141306,world,1.6876175306434744,0.08115624267578823,world
soft_low,calib,90495,False,False,,1.0,0.0,,75,0.06899947579950094,0.06272659928072244,world,0.18252767771482467,0.11693094303482213,world,0.2731038430705666,0.12289245933352505,world,0.7403265153057874,0.1169122458450147,world,1.583036062354222,0.11484120941386208,world,1.674467450622469,0.10618426778848516,world
soft_low,calib,90496,False,False,,1.0,0.0,,76,0.07233297638595104,0.056130906101316214,world,0.1584877180866897,0.09240061149466783,world,0.23622308257035912,0.08659974000765942,world,0.6897518440848216,0.08456359697447624,world,1.5943685907754117,0.09010620187182213,world,1.7324088129354642,0.09313040981098311,world
soft_low,calib,90497,False,False,,1.0,0.0,,68,0.06118948361836374,0.035393555474001914,world,0.15936903073452413,0.0756519245216623,world,0.2549612893490121,0.08533786131301895,world,0.6694275147630833,0.08211856705165702,world,1.6698253728158305,0.08431032065782346,world,1.737648488271516,0.08694880846160231,world
soft_low,calib,90498,False,False,,1.0,0.0,,70,0.05007488094270229,0.06579091458115727,world,0.17971353139728308,0.14380302305798978,world,0.3099210145883262,0.16293909010710195,world,0.8310690316837281,0.1454104384087259,world,1.5617415798595173,0.1439352375367889,world,1.681011085724458,0.13203762314573397,world
soft_low,calib,90499,False,False,,1.0,0.0,,79,0.07739948958624154,0.03852941151126288,world,0.14245356714818627,0.05980187216191552,world,0.2467328219790943,0.08857991739350837,world,0.7480762095714454,0.0969461466636858,world,1.7039156258833827,0.0958202017878648,world,1.746369526713388,0.09650064137240406,world
soft_low,calib,90500,False,False,,1.0,0.0,,72,0.0648482390679419,0.04883342713583261,world,0.16337677994742988,0.09556206492125058,world,0.2577521959785372,0.09863428756070788,world,0.7490302467020229,0.0944525702347164,world,1.622059357969556,0.09978774913251982,world,1.718276457064785,0.09627300089545315,world
soft_low,calib,90501,False,False,,1.0,0.0,,76,0.05229717120528221,0.033892235020175576,world,0.14124062573537233,0.06955874627456068,world,0.265573171665892,0.0816370707238093,world,0.8414349338738247,0.07172091007087147,world,1.7848360631032847,0.07029754431750916,world,1.7853833228116855,0.08083632555222721,world
soft_low,calib,90502,False,False,,1.0,0.0,,76,0.062444733921438456,0.026734045473858714,world,0.1332611724734306,0.07240092346910387,world,0.22773044332861903,0.09041615456808358,world,0.7424269441515208,0.09077284995582885,world,1.440255072992295,0.0928684461832745,world,1.629327086918056,0.09821174214535858,world
soft_low,calib,90503,False,False,,1.0,0.0,,63,0.06026955251581967,0.021516017033718526,world,0.12203533281572163,0.07957046288065613,world,0.2175096888327971,0.10472920111351414,world,0.690360544261057,0.10478253008550382,world,1.5772009939013516,0.10753509408787068,world,1.6972104199253952,0.11159213178078062,world
soft_low,calib,90504,False,False,,1.0,0.0,,72,0.05924373655579984,0.030577998841181397,world,0.1373455004300922,0.06461332672042773,world,0.2655011775670573,0.08474414630909449,world,0.9245444710715673,0.08192524468468038,world,1.764402686775429,0.08037539242031927,world,1.7891765707614833,0.07749328380436055,world
soft_low,calib,90505,False,False,,1.0,0.0,,75,0.08316599857062101,0.06369964859914035,world,0.1725082093849778,0.08314520716667174,world,0.29657919267192484,0.09417301877401771,world,1.0272344736848027,0.0971888941625366,body,1.7911382052348928,0.09549001387931638,world,1.7698632666189225,0.10471578131633577,world
soft_low,calib,90506,False,False,,1.0,0.0,,78,0.0963717713020742,0.07987375929951668,world,0.2289530253969133,0.1579925921978429,body,0.37796701001934707,0.17934880931861696,body,1.0336922274669633,0.16694588958634995,body,1.7058147338102572,0.15664984031755014,world,1.7227790454356,0.14714300202263986,world
soft_low,calib,90507,False,False,,1.0,0.0,,72,0.05418847128748894,0.03674834524281323,world,0.17958109062165023,0.0695183631265536,world,0.2980092809535563,0.07128015400085133,world,0.8353354044724256,0.07326988764543785,world,1.7147468414390459,0.0778869367311927,world,1.753044119188562,0.09174985874669801,world
soft_low,calib,90508,False,False,,1.0,0.0,,68,0.06043438473716378,0.03663600883737672,world,0.1263718637637794,0.09039069479040336,world,0.2398761935066432,0.10763925280043624,world,0.7866955034201965,0.10487433946327655,world,1.576447937998455,0.10955781483680768,world,1.705031516845338,0.10534733289518045,world
soft_low,calib,90509,False,False,,1.0,0.0,,69,0.05075112939812243,0.03393310045066755,world,0.11936433115042745,0.05909659830795136,world,0.2013901337282732,0.07291745424299734,world,0.6355459686019458,0.06483543488211581,world,1.537533090618672,0.06654274330103363,world,1.6757725804974324,0.06531096964681637,world
soft_low,calib,90510,False,False,,1.0,0.0,,60,0.09733211784623563,0.051287783309817314,world,0.1752377473283559,0.10973438787041233,world,0.218179170996882,0.13371690436615608,world,0.4558093377505429,0.1251820032048272,world,1.452340309374267,0.13432779709837633,world,1.6308314860076645,0.12220034863159526,world
soft_low,calib,90511,False,False,,1.0,0.0,,67,0.09254433424212039,0.05605174251832068,world,0.1677093102131039,0.1437704724725336,world,0.29257879529614,0.18296017528045921,world,0.8857957194210031,0.16691912310197948,world,1.6274605577171315,0.16418767696013672,world,1.718782398451585,0.14845594704616816,world
soft_low,calib,90512,False,False,,1.0,0.0,,65,0.06955241970717907,0.06256984313949943,world,0.145247723441571,0.09258605800569057,world,0.23505615717731415,0.09609231111826375,world,0.7513660381315276,0.09050869122856967,world,1.5813492185785436,0.0919351116775033,world,1.6944519065087662,0.09384193967733154,world
soft_low,calib,90513,False,False,,1.0,0.0,,79,0.07338709896430373,0.04232486427645199,world,0.16813089773058892,0.0912911867199,world,0.28227175306528807,0.12141726214613299,world,0.7330858486704528,0.11856445602461463,world,1.5715633093845098,0.1345920943618694,world,1.6789095759205521,0.13417022227367853,world
soft_low,calib,90514,False,False,,1.0,0.0,,62,0.07442818954586983,0.06978718127356842,world,0.147266392596066,0.11194561448064633,world,0.2334993495605886,0.10597615386068354,world,0.7076876932289451,0.0965221369449864,world,1.6050201853504404,0.10134042828867679,world,1.7089912081416698,0.12357317346381023,world
soft_low,calib,90515,False,False,,1.0,0.0,,75,0.09628924261778593,0.05596940140821971,world,0.18676404748111963,0.1248983433993999,world,0.2625856916420162,0.17042206340993288,world,0.6976297458168119,0.1676479617439327,world,1.4757187916664407,0.16921929490999899,world,1.6186155806016176,0.160305459490919,world
soft_low,calib,90516,False,False,,1.0,0.0,,71,0.06754545983858407,0.04510800156276673,world,0.16126059317030011,0.11436710674315692,world,0.2780446690740064,0.1423045165487565,world,0.8136618132353761,0.13834305191121532,world,1.638800511258887,0.1373953757327399,world,1.7168281351518817,0.12907468262535987,world
soft_low,calib,90517,False,False,,1.0,0.0,,77,0.052710433723405004,0.05121696717105806,world,0.1645926010329276,0.1295832702307962,world,0.2700499389553443,0.152042154740775,world,0.8211859664064832,0.13953747975465378,world,1.613626796664903,0.138634056544106,world,1.6970420823642054,0.13037513886709348,world
soft_low,calib,90518,False,False,,1.0,0.0,,72,0.07355645974166691,0.05285660782828927,world,0.16743270033039154,0.09437913935398683,world,0.2522655190201476,0.10186822611722163,world,0.7759266242966987,0.08794672105868812,world,1.6434367623471189,0.08435124489769805,world,1.7289717471715993,0.08242477960768156,world
soft_low,calib,90519,False,False,,1.0,0.0,,76,0.08407687395811081,0.060855382529553026,world,0.13885065894573928,0.10630566431791522,world,0.23735118629410862,0.11965437160833972,world,0.6555171329993754,0.108223979309696,world,1.5380890239262954,0.11038490607716085,world,1.6817981058452278,0.1161423404693778,world
soft_low,calib,90520,False,False,,1.0,0.0,,76,0.04559487430378795,0.03288869553944096,world,0.12404703721404076,0.07632315565133467,world,0.2240223690867424,0.08962768156197853,world,0.7627236945554614,0.07866291380196344,world,1.6391335035674275,0.08322064799867804,world,1.704995139800012,0.078644343088381,world
soft_low,calib,90521,False,False,,1.0,0.0,,64,0.08076114440336823,0.06428078096359968,world,0.17397271683439613,0.14701020950451493,world,0.25862028426490724,0.15095271905884147,world,0.6989430813817308,0.13299698708869984,world,1.5429141599102878,0.1345428641870967,world,1.6725636890297757,0.11907129006634931,world
soft_low,calib,90522,False,False,,1.0,0.0,,80,0.06917248945683241,0.04370905359974131,world,0.15329391788691282,0.13261827490059658,world,0.2384624413214624,0.1579281394195277,world,0.5950489047449082,0.14584270943014416,world,1.3956364499172196,0.13840149710158584,world,1.6081416662689296,0.12988009196938946,world
soft_low,calib,90523,False,False,,1.0,0.0,,64,0.0670357693452388,0.041377919318620116,world,0.1535638419445604,0.1216775247012265,world,0.25688725716900085,0.16177844685153103,world,0.7618657274520956,0.1467172619930352,world,1.5336258161056322,0.1496738589332381,world,1.679709662764799,0.1438184997413191,world
soft_low,calib,90524,False,False,,1.0,0.0,,60,0.05303578986786306,0.04545256227720529,world,0.13958176313899456,0.08115079677663745,world,0.23145650725346056,0.08933750312135089,world,0.749787053221371,0.09194885458127827,world,1.629200261522783,0.09289922783718793,world,1.711111164863687,0.09198692660269445,world
soft_low,calib,90525,False,False,,1.0,0.0,,74,0.05138681177049875,0.027175372291821986,world,0.15112928897142408,0.07236418952234089,world,0.27655856497585773,0.08227975508198142,world,0.816886005550623,0.09003590166394132,world,1.686681942641735,0.08244742157839938,world,1.7360692198574543,0.08509028160537127,world
soft_low,calib,90526,False,False,,1.0,0.0,,64,0.0665535400621593,0.02790779891074635,world,0.14093499798327686,0.07324065324501135,world,0.26129561187699435,0.1049600431608269,world,0.7680701585952193,0.10838781098573236,world,1.6630490199895576,0.11550810194239602,world,1.7346006353665144,0.11233894477220019,world
soft_low,calib,90527,False,False,,1.0,0.0,,77,0.06188688543625176,0.029652484692633152,world,0.13433117349632084,0.0816874647163786,world,0.22015285699162632,0.10677085039787926,world,0.6415380486403592,0.10861728499585296,world,1.4905745895172005,0.10861584341255366,world,1.6441255051479675,0.10531354951875983,world
soft_low,calib,90528,False,False,,1.0,0.0,,69,0.06263732025399804,0.03352091187844053,world,0.13377921814098953,0.06596238579368219,world,0.22067110338248314,0.07523715918068774,world,0.7605016605230048,0.06806684746115935,world,1.6932790577993728,0.0795895823437604,world,1.7412554858857765,0.08540042912994977,world
soft_low,calib,90529,False,False,,1.0,0.0,,61,0.050691280979663134,0.021437474730191752,world,0.11807388244196773,0.052461867936654014,world,0.21193355373106898,0.07231694340880494,world,0.7807205603225157,0.08790537697932449,world,1.6953140009543857,0.08411810156248975,world,1.7232793910941109,0.09201278011954855,world
