config,cell,seed,has_body,has_push,param,factor,torque,duration_name,offset_s,onset,settled,settle_time_s,raw_settled_score,z_settled_score,z_mad_settled_score,old_verdict,old_path,new_verdict,new_path,new_mad_verdict,new_mad_path,raw_late_block_median,z_late_block_median,old_late_frac_above_alarm,new_late_frac_above_alarm,new_mad_late_frac_above_alarm,logged_settled_score,logged_verdict
rigid_none,neither,90000,False,False,,1.0,0.0,,0.0,79,True,3.0,0.010147066786885262,-0.11869907594327653,-0.15717815609177865,world,settled,world,settled,world,settled,0.010045867413282394,-0.13987067719920096,0.0,0.0,0.0,0.010147066786885262,world
rigid_none,neither,90001,False,False,,1.0,0.0,,0.0,75,True,3.0,0.009531071409583092,-0.24756748261470457,-0.2743996817685003,world,settled,world,settled,world,settled,0.011068086139857769,0.07398156092818582,0.0,0.0,0.0,0.009531071409583092,world
rigid_none,neither,90002,False,False,,1.0,0.0,,0.0,65,True,3.0,0.010323912836611271,-0.08170237559064893,-0.12352514700789241,world,settled,world,settled,world,settled,0.010980875231325626,0.05573637955624625,0.0,0.0,0.0,0.010323912836611271,world
rigid_none,neither,90003,False,False,,1.0,0.0,,0.0,61,True,3.0,0.010359534062445164,-0.07425029558105949,-0.11674657178723087,world,settled,world,settled,world,settled,0.011334097012877464,0.12963191896178605,0.0,0.0,0.0,0.010359534062445164,world
rigid_none,neither,90004,False,False,,1.0,0.0,,0.0,76,True,3.0,0.011199306696653366,0.10143317521989832,0.04305896174417748,world,settled,world,settled,world,settled,0.010285874828696251,-0.08966011980673283,0.0,0.0,0.0,0.011199306696653366,world
rigid_none,neither,90005,False,False,,1.0,0.0,,0.0,79,True,3.0,0.010099153965711594,-0.1287226843248995,-0.16629584985108486,world,settled,world,settled,world,settled,0.010731878690421581,0.0036454541381232136,0.0,0.0,0.0,0.010099153965711594,world
rigid_none,neither,90006,False,False,,1.0,0.0,,0.0,74,True,3.0,0.011760720983147621,0.21888320827022828,0.14989408464628723,world,settled,world,settled,world,settled,0.010558312758803368,-0.03266503348721824,0.0,0.0,0.0,0.011760720983147621,world
rigid_none,neither,90007,False,False,,1.0,0.0,,0.0,79,True,3.0,0.010872520506381989,0.033068427347399135,-0.01912711050665252,world,settled,world,settled,world,settled,0.010698391124606133,-0.003360128516180938,0.0,0.0,0.0,0.010872520506381989,world
rigid_none,neither,90008,False,False,,1.0,0.0,,0.0,62,True,3.0,0.011880552396178246,0.24395240453935738,0.17269757473404063,world,settled,world,settled,world,settled,0.010841519571840763,0.026582850053921563,0.0,0.0,0.0,0.011880552396178246,world
rigid_none,neither,90009,False,False,,1.0,0.0,,0.0,74,True,3.0,0.011217331513762474,0.10520398429732988,0.046488972283682005,world,settled,world,settled,world,settled,0.011228075250983238,0.10745179736809482,0.0,0.0,0.0,0.011217331513762474,world
rigid_none,neither,90010,False,False,,1.0,0.0,,0.0,72,True,3.0,0.011725644581019878,0.21154499047467237,0.14321908098975594,world,settled,world,settled,world,settled,0.009660286828875542,-0.2205354411565094,0.0,0.0,0.0,0.011725644581019878,world
rigid_none,neither,90011,False,False,,1.0,0.0,,0.0,71,True,3.0,0.009103002026677132,-0.3371213450726352,-0.35585983681121336,world,settled,world,settled,world,settled,0.010859379544854164,0.030319372849500738,0.0,0.0,0.0,0.009103002026677132,world
rigid_none,neither,90012,False,False,,1.0,0.0,,0.0,62,True,3.0,0.01086883433163166,0.03229716196706843,-0.019828670391803534,world,settled,world,settled,world,settled,0.010723846964538097,0.001965392231038621,0.0,0.0,0.0,0.01086883433163166,world
rigid_none,neither,90013,False,False,,1.0,0.0,,0.0,68,True,3.0,0.010870978236198425,0.0327455754135774,-0.01942078369799377,world,settled,world,settled,world,settled,0.010533491149544716,-0.03785771742018327,0.0,0.0,0.0,0.010870978236198425,world
rigid_none,neither,90014,False,False,,1.0,0.0,,0.0,80,True,3.0,0.010709507390856743,-0.0010346562133213832,-0.050148022369565434,world,settled,world,settled,world,settled,0.010044069029390812,-0.14024684724819905,0.0,0.0,0.0,0.010709507390856743,world
rigid_none,neither,90015,False,False,,1.0,0.0,,0.0,76,True,3.0,0.01066428329795599,-0.010495514630282577,-0.05875382643351468,world,settled,world,settled,world,settled,0.012021368369460106,0.27341176095396025,0.0,0.0,0.0,0.01066428329795599,world
rigid_none,neither,90016,False,False,,1.0,0.0,,0.0,76,True,3.0,0.009882045909762383,-0.17414244985114355,-0.2076106635310599,world,settled,world,settled,world,settled,0.010226419195532799,-0.1020982612880558,0.0,0.0,0.0,0.009882045909762383,world
rigid_none,neither,90017,False,False,,1.0,0.0,,0.0,74,True,3.0,0.010149150155484676,-0.11826323307808458,-0.15678170387410378,world,settled,world,settled,world,settled,0.010762604884803295,0.010073737442356751,0.0,0.0,0.0,0.010149150155484676,world
rigid_none,neither,90018,False,False,,1.0,0.0,,0.0,66,True,3.0,0.01137264259159565,0.13769574047217473,0.07604418545895138,world,settled,world,settled,world,settled,0.01138368807733059,0.1400065440525171,0.0,0.0,0.0,0.01137264259159565,world
rigid_none,neither,90019,False,False,,1.0,0.0,,0.0,66,True,3.0,0.010184000246226788,-0.11097259973674109,-0.15014998407950075,world,settled,world,settled,world,settled,0.010130760259926319,-0.12211076313003981,0.0,0.0,0.0,0.010184000246226788,world
rigid_none,neither,90020,False,False,,1.0,0.0,,0.0,73,True,3.0,0.010573295876383781,-0.02953051160540402,-0.07606847665934259,world,settled,world,settled,world,settled,0.010049370117485523,-0.13913789742743696,0.0,0.0,0.0,0.010573295876383781,world
rigid_none,neither,90021,False,False,,1.0,0.0,,0.0,74,True,3.0,0.011522209271788597,0.16898575370046842,0.10450626692487061,world,settled,world,settled,world,settled,0.010126816108822823,-0.12293570402800906,0.0,0.0,0.0,0.011522209271788597,world
rigid_none,neither,90022,False,False,,1.0,0.0,,0.0,66,True,3.0,0.010660411790013313,-0.011305496987042996,-0.059490604128553407,world,settled,world,settled,world,settled,0.010452445596456528,-0.05481296815798283,0.0,0.0,0.0,0.010660411790013313,world
rigid_none,neither,90023,False,False,,1.0,0.0,,0.0,75,True,3.0,0.0108833909034729,0.035342402034846766,-0.017058653317665214,world,settled,world,settled,world,settled,0.01065153069794178,-0.013163481998536475,0.0,0.0,0.0,0.0108833909034729,world
rigid_none,neither,90024,False,False,,1.0,0.0,,0.0,73,True,3.0,0.009450316429138184,-0.2644619584946468,-0.2897672671162789,world,settled,world,settled,world,settled,0.01024208590388298,-0.09882100735380206,0.0,0.0,0.0,0.009450316429138184,world
rigid_none,neither,90025,False,False,,1.0,0.0,,0.0,68,True,3.0,0.01226196251809597,0.3237449006934475,0.2452785771560267,world,settled,world,settled,world,settled,0.010827997699379921,0.023754146560306354,0.0,0.0,0.0,0.01226196251809597,world
rigid_none,neither,90026,False,False,,1.0,0.0,,0.0,73,True,3.0,0.010404706001281738,-0.06480008800101483,-0.10815045595785625,world,settled,world,settled,world,settled,0.010290605947375298,-0.0886703865394454,0.0,0.0,0.0,0.010404706001281738,world
rigid_none,neither,90027,False,False,,1.0,0.0,,0.0,61,True,3.0,0.011047274805605412,0.06962753922519435,0.014127858514790892,world,settled,world,settled,world,settled,0.010673942044377327,-0.008475063105357306,0.0,0.0,0.0,0.011047274805605412,world
rigid_none,neither,90028,False,False,,1.0,0.0,,0.0,71,True,3.0,0.010090487077832222,-0.13053592888030763,-0.16794521681929675,world,settled,world,settled,world,settled,0.010175945237278938,-0.11265763483515559,0.0,0.0,0.0,0.010090487077832222,world
rigid_none,neither,90029,False,False,,1.0,0.0,,0.0,60,True,3.0,0.009926791302859783,-0.16478169213126695,-0.19909591325396683,world,settled,world,settled,world,settled,0.011032582260668278,0.06655383543049607,0.0,0.0,0.0,0.009926791302859783,world
rigid_none,neither,90030,False,False,,1.0,0.0,,0.0,72,True,3.0,0.01026066578924656,-0.09493384459576967,-0.13556078106115635,world,settled,world,settled,world,settled,0.009595337323844433,-0.23412299626239022,0.0,0.0,0.0,0.01026066578924656,world
rigid_none,neither,90031,False,False,,1.0,0.0,,0.0,65,True,3.0,0.01116102747619152,0.09342509996952249,0.03577464107296383,world,settled,world,settled,world,settled,0.010813107714056969,0.020639104634835082,0.0,0.0,0.0,0.01116102747619152,world
rigid_none,neither,90032,False,False,,1.0,0.0,,0.0,78,True,3.0,0.011568120680749416,0.17859058381452472,0.11324303079831599,world,settled,world,settled,world,settled,0.010234166868031025,-0.10047749044019101,0.0,0.0,0.0,0.011568120680749416,world
rigid_none,neither,90033,False,False,,1.0,0.0,,0.0,74,True,3.0,0.011118274182081223,0.08448098584424449,0.027638878936438148,world,settled,world,settled,world,settled,0.0113512659445405,0.13322373455401074,0.0,0.0,0.0,0.011118274182081223,world
rigid_none,neither,90034,False,False,,1.0,0.0,,0.0,63,True,3.0,0.010430244728922844,-0.059457307820074724,-0.10329054606728097,world,settled,world,settled,world,settled,0.010071942582726479,-0.1344156026259309,0.0,0.0,0.0,0.010430244728922844,world
rigid_none,neither,90035,False,False,,1.0,0.0,,0.0,66,True,3.0,0.011327197775244713,0.12818853420134282,0.06739622237183346,world,settled,world,settled,world,settled,0.010695277713239193,-0.0040113803416350485,0.0,0.0,0.0,0.011327197775244713,world
rigid_none,neither,90036,False,False,,1.0,0.0,,0.0,61,True,3.0,0.010835393331944942,0.025301234050144106,-0.026192319676590248,world,settled,world,settled,world,settled,0.011407471261918545,0.14498225120351638,0.0,0.0,0.0,0.010835393331944942,world
rigid_none,neither,90037,False,False,,1.0,0.0,,0.0,69,True,3.0,0.010954402387142181,0.05019843875623744,-0.0035452768821907176,world,settled,world,settled,world,settled,0.010618376545608044,-0.020099642116670584,0.0,0.0,0.0,0.010954402387142181,world
rigid_none,neither,90038,False,False,,1.0,0.0,,0.0,63,True,3.0,0.010581202805042267,-0.02787632880266406,-0.0745637957457361,world,settled,world,settled,world,settled,0.010387470945715904,-0.06840584959561609,0.0,0.0,0.0,0.010581202805042267,world
rigid_none,neither,90039,False,False,,1.0,0.0,,0.0,63,True,3.0,0.010605329647660255,-0.022829110107236407,-0.06997273505690027,world,settled,world,settled,world,settled,0.01147117093205452,0.15830840202682406,0.0,0.0,0.0,0.010605329647660255,world
rigid_none,neither,90040,False,False,,1.0,0.0,,0.0,66,True,3.0,0.011013579554855824,0.0625784167922415,0.007715822332955013,world,settled,world,settled,world,settled,0.010762527585029602,0.01005761232002796,0.0,0.0,0.0,0.011013579554855824,world
rigid_none,neither,90041,False,False,,1.0,0.0,,0.0,71,True,3.0,0.011241698637604713,0.11030170633522111,0.05112597191914001,world,settled,world,settled,world,settled,0.01143155712634325,0.1500207905597658,0.0,0.0,0.0,0.011241698637604713,world
rigid_none,neither,90042,False,False,,1.0,0.0,,0.0,64,True,3.0,0.010918877087533474,0.042766398856764656,-0.010305623179695023,world,settled,world,settled,world,settled,0.011577839031815529,0.18062363271073015,0.0,0.0,0.0,0.010918877087533474,world
rigid_none,neither,90043,False,False,,1.0,0.0,,0.0,79,True,3.0,0.010477611795067787,-0.04954802499707422,-0.094276845340493,world,settled,world,settled,world,settled,0.010890157893300056,0.03675830029315998,0.0,0.0,0.0,0.010477611795067787,world
rigid_none,neither,90044,False,False,,1.0,0.0,,0.0,65,True,3.0,0.009847872890532017,-0.18129168515843697,-0.21411376457645073,world,settled,world,settled,world,settled,0.010416755452752113,-0.06227935522558777,0.0,0.0,0.0,0.009847872890532017,world
rigid_none,neither,90045,False,False,,1.0,0.0,,0.0,64,True,3.0,0.010201899334788322,-0.10722811788667305,-0.14674392136272565,world,settled,world,settled,world,settled,0.01060676109045744,-0.022529456454861995,0.0,0.0,0.0,0.010201899334788322,world
rigid_none,neither,90046,False,False,,1.0,0.0,,0.0,73,True,3.0,0.010275643318891525,-0.09180055018135518,-0.1327106678244149,world,settled,world,settled,world,settled,0.010291635058820248,-0.08845488076999845,0.0,0.0,0.0,0.010275643318891525,world
rigid_none,neither,90047,False,False,,1.0,0.0,,0.0,66,True,3.0,0.011094925925135612,0.07959649851756556,0.023195842265380538,world,settled,world,settled,world,settled,0.011866165325045586,0.2409423305601739,0.0,0.0,0.0,0.011094925925135612,world
rigid_none,neither,90048,False,False,,1.0,0.0,,0.0,76,True,3.0,0.010164712555706501,-0.11500779104468828,-0.1538204824873925,world,settled,world,settled,world,settled,0.010711733251810074,-0.000568962631756767,0.0,0.0,0.0,0.010164712555706501,world
rigid_none,neither,90049,False,False,,1.0,0.0,,0.0,76,True,3.0,0.010409338399767876,-0.06383093855832227,-0.10726889639476778,world,settled,world,settled,world,settled,0.01077282428741455,0.012211583803266571,0.0,0.0,0.0,0.010409338399767876,world
rigid_none,neither,90050,False,False,,1.0,0.0,,0.0,60,True,3.0,0.011217187158763409,0.10517397710321823,0.04646167708258585,world,settled,world,settled,world,settled,0.009843869134783745,-0.18212912844508994,0.0,0.0,0.0,0.011217187158763409,world
rigid_none,neither,90051,False,False,,1.0,0.0,,0.0,76,True,3.0,0.011148087680339813,0.09071787434581181,0.033312089341633724,world,settled,world,settled,world,settled,0.010633287951350212,-0.016980053203827606,0.0,0.0,0.0,0.011148087680339813,world
rigid_none,neither,90052,False,False,,1.0,0.0,,0.0,68,True,3.0,0.011169267818331718,0.09514900121575215,0.03734273941000833,world,settled,world,settled,world,settled,0.010242801159620285,-0.09867114308255286,0.0,0.0,0.0,0.011169267818331718,world
rigid_none,neither,90053,False,False,,1.0,0.0,,0.0,72,True,3.0,0.011089567095041275,0.07847541832328901,0.022176083162483307,world,settled,world,settled,world,settled,0.010614966973662376,-0.020812737354191584,0.0,0.0,0.0,0.011089567095041275,world
rigid_none,neither,90054,False,False,,1.0,0.0,,0.0,65,True,3.0,0.010456857271492481,-0.05388990293156968,-0.0982263126221157,world,settled,world,settled,world,settled,0.011074493639171124,0.07532176414578919,0.0,0.0,0.0,0.010456857271492481,world
rigid_none,neither,90055,False,False,,1.0,0.0,,0.0,68,True,3.0,0.011100019328296185,0.08066193352305359,0.02416498528560219,world,settled,world,settled,world,settled,0.009800245985388756,-0.1912552925468182,0.0,0.0,0.0,0.011100019328296185,world
rigid_none,neither,90056,False,False,,1.0,0.0,,0.0,68,True,3.0,0.010796821676194668,0.017232003402662555,-0.03353226863667054,world,settled,world,settled,world,settled,0.010171575471758842,-0.113571805793823,0.0,0.0,0.0,0.010796821676194668,world
rigid_none,neither,90057,False,False,,1.0,0.0,,0.0,76,True,3.0,0.009434240870177746,-0.2678249585766713,-0.29282632566017,world,settled,world,settled,world,settled,0.010823823511600494,0.022880745054559032,0.0,0.0,0.0,0.009434240870177746,world
rigid_none,neither,90058,False,False,,1.0,0.0,,0.0,61,True,3.0,0.009978706017136574,-0.15392106544922374,-0.18921684931302432,world,settled,world,settled,world,settled,0.011173720471560955,0.09608050771598968,0.0,0.0,0.0,0.009978706017136574,world
rigid_none,neither,90059,False,False,,1.0,0.0,,0.0,62,True,3.0,0.011197388172149658,0.10103184939555898,0.042693906982986335,world,settled,world,settled,world,settled,0.010766590014100075,0.010907445964609868,0.0,0.0,0.0,0.011197388172149658,world
rigid_none,neither,90060,False,False,,1.0,0.0,,0.0,62,True,3.0,0.0114773940294981,0.15961033212897702,0.09597817808712497,world,settled,world,settled,world,settled,0.011396723799407482,0.1427337501177903,0.0,0.0,0.0,0.0114773940294981,world
rigid_none,neither,90061,False,False,,1.0,0.0,,0.0,80,True,3.0,0.009906376712024212,-0.1690524025288147,-0.20298064498499846,world,settled,world,settled,world,settled,0.00992913730442524,-0.16429083912118433,0.0,0.0,0.0,0.009906376712024212,world
rigid_none,neither,90062,False,False,,1.0,0.0,,0.0,66,True,3.0,0.011189081706106663,0.09929413974994503,0.041113248223377495,world,settled,world,settled,world,settled,0.010221127420663834,-0.10320538208497418,0.0,0.0,0.0,0.011189081706106663,world
rigid_none,neither,90063,False,False,,1.0,0.0,,0.0,62,True,3.0,0.01096114981919527,0.051610001911432536,-0.0022612881147739184,world,settled,world,settled,world,settled,0.010145926848053932,-0.11893752853383537,0.0,0.0,0.0,0.01096114981919527,world
rigid_none,neither,90064,False,False,,1.0,0.0,,0.0,72,True,3.0,0.009584976360201836,-0.23629068359786792,-0.26414205835523263,world,settled,world,settled,world,settled,0.010426754131913185,-0.06018768745469103,0.0,0.0,0.0,0.009584976360201836,world
rigid_none,neither,90065,False,False,,1.0,0.0,,0.0,63,True,3.0,0.010783938691020012,0.014536972691922844,-0.03598372760802269,world,settled,world,settled,world,settled,0.010199172422289848,-0.10779847863630354,0.0,0.0,0.0,0.010783938691020012,world
rigid_none,neither,90066,False,False,,1.0,0.0,,0.0,61,True,3.0,0.01244845986366272,0.3627605973889144,0.2807681095411342,world,settled,world,settled,world,settled,0.010008696466684341,-0.14764676354647616,0.0,0.0,0.0,0.01244845986366272,world
rigid_none,neither,90067,False,False,,1.0,0.0,,0.0,71,True,3.0,0.01074340008199215,0.006056005275127618,-0.04369820135290309,world,settled,world,settled,world,settled,0.010904510505497456,0.03976069042383917,0.0,0.0,0.0,0.01074340008199215,world
rigid_none,neither,90068,False,False,,1.0,0.0,,0.0,76,True,3.0,0.009910396300256252,-0.16821137243142173,-0.2022156255849541,world,settled,world,settled,world,settled,0.010818068869411945,0.021676972159441078,0.0,0.0,0.0,0.009910396300256252,world
rigid_none,neither,90069,False,False,,1.0,0.0,,0.0,70,True,3.0,0.010782286524772644,0.014191179416754445,-0.036298268746001824,world,settled,world,settled,world,settled,0.0109972869977355,0.05916996144920735,0.0,0.0,0.0,0.010782286524772644,world
rigid_none,neither,90070,False,False,,1.0,0.0,,0.0,76,True,3.0,0.011185004375874996,0.09844122465074495,0.040337417965338684,world,settled,world,settled,world,settled,0.01156090758740902,0.17708145283148266,0.0,0.0,0.0,0.011185004375874996,world
rigid_none,neither,90071,False,False,,1.0,0.0,,0.0,77,True,3.0,0.010257218964397907,-0.09565494820566614,-0.13621671270108557,world,settled,world,settled,world,settled,0.010364338755607605,-0.07324517147997703,0.0,0.0,0.0,0.010257218964397907,world
rigid_none,neither,90072,False,False,,1.0,0.0,,0.0,70,True,3.0,0.010505402460694313,-0.04373414087975096,-0.08898840898946458,world,settled,world,settled,world,settled,0.01103198155760765,0.06642834637248166,0.0,0.0,0.0,0.010505402460694313,world
rigid_none,neither,90073,False,False,,1.0,0.0,,0.0,80,True,3.0,0.010450810194015503,-0.05515495543180411,-0.09937703208834399,world,settled,world,settled,world,settled,0.010394306853413582,-0.06697545066091777,0.0,0.0,0.0,0.010450810194015503,world
rigid_none,neither,90074,False,False,,1.0,0.0,,0.0,67,True,3.0,0.00987211987376213,-0.17621905922733277,-0.20949959290947717,world,settled,world,settled,world,settled,0.01004541665315628,-0.13996478059773018,0.0,0.0,0.0,0.00987211987376213,world
rigid_none,neither,90075,False,False,,1.0,0.0,,0.0,71,True,3.0,0.01058727316558361,-0.026606356691025866,-0.07340860129320691,world,settled,world,settled,world,settled,0.011252101510763168,0.11247822522557646,0.0,0.0,0.0,0.01058727316558361,world
rigid_none,neither,90076,False,False,,1.0,0.0,,0.0,75,True,3.0,0.010753823444247246,0.008236562752418774,-0.04171471850465489,world,settled,world,settled,world,settled,0.010731874033808708,0.0036447356800221875,0.0,0.0,0.0,0.010753823444247246,world
rigid_none,neither,90077,False,False,,1.0,0.0,,0.0,63,True,3.0,0.011475063860416412,0.15912267260426724,0.09553459230086617,world,settled,world,settled,world,settled,0.011601959355175495,0.18566942240517204,0.0,0.0,0.0,0.011475063860416412,world
rigid_none,neither,90078,False,False,,1.0,0.0,,0.0,63,True,3.0,0.01071022916585207,-0.0008837093840181831,-0.05001071782701685,world,settled,world,settled,world,settled,0.010407105088233948,-0.06429837105203655,0.0,0.0,0.0,0.01071022916585207,world
rigid_none,neither,90079,False,False,,1.0,0.0,,0.0,64,True,3.0,0.010560242459177971,-0.03226140981468121,-0.07855256149307144,world,settled,world,settled,world,settled,0.011188306845724583,0.09913218407240035,0.0,0.0,0.0,0.010560242459177971,world
rigid_none,neither,90080,False,False,,1.0,0.0,,0.0,78,True,3.0,0.010487882420420647,-0.04739926355279376,-0.09232228486038957,world,settled,world,settled,world,settled,0.01098636630922556,0.056885181882555425,0.0,0.0,0.0,0.010487882420420647,world
rigid_none,neither,90081,False,False,,1.0,0.0,,0.0,79,True,3.0,0.011210506781935692,0.10377630819706192,0.04519032682845967,world,settled,world,settled,world,settled,0.00941496342420578,-0.27185789404795385,0.0,0.0,0.0,0.011210506781935692,world
rigid_none,neither,90082,False,False,,1.0,0.0,,0.0,76,True,3.0,0.011701489798724651,0.20649197601427546,0.13862274834614308,world,settled,world,settled,world,settled,0.010034170001745224,-0.14231763711376977,0.0,0.0,0.0,0.011701489798724651,world
rigid_none,neither,90083,False,False,,1.0,0.0,,0.0,74,True,3.0,0.009989654645323753,-0.15163029589037005,-0.18713311514110056,world,settled,world,settled,world,settled,0.009634037502110004,-0.22602680273478448,0.0,0.0,0.0,0.009989654645323753,world
rigid_none,neither,90084,False,False,,1.0,0.0,,0.0,73,True,3.0,0.010472599416971207,-0.050596678526137785,-0.09523072356214687,world,settled,world,settled,world,settled,0.0111174825578928,0.0843152570439438,0.0,0.0,0.0,0.010472599416971207,world
rigid_none,neither,90085,False,False,,1.0,0.0,,0.0,72,True,3.0,0.010706196539103985,-0.001727207202329395,-0.0507779819200659,world,settled,world,settled,world,settled,0.012123221531510353,0.2947196257039635,0.0,0.0,0.0,0.010706196539103985,world
rigid_none,neither,90086,False,False,,1.0,0.0,,0.0,63,True,3.0,0.010620939545333385,-0.01956319624258608,-0.0670019882630862,world,settled,world,settled,world,settled,0.010610233061015606,-0.021802943099009885,0.0,0.0,0.0,0.010620939545333385,world
rigid_none,neither,90087,False,False,,1.0,0.0,,0.0,66,True,3.0,0.00992579199373722,-0.164990610005245,-0.19928594952865505,world,settled,world,settled,world,settled,0.011548217386007309,0.17442672214044622,0.0,0.0,0.0,0.00992579199373722,world
rigid_none,neither,90088,False,False,,1.0,0.0,,0.0,75,True,3.0,0.011354060843586922,0.133808566754612,0.07250832709372039,world,settled,world,settled,world,settled,0.01073003001511097,0.003258775117240409,0.0,0.0,0.0,0.011354060843586922,world
rigid_none,neither,90089,False,False,,1.0,0.0,,0.0,62,True,3.0,0.010075205937027931,-0.13373262965759017,-0.1708530058726715,world,settled,world,settled,world,settled,0.010550755076110363,-0.03424604559440677,0.0,0.0,0.0,0.010075205937027931,world
rigid_none,neither,90090,False,False,,1.0,0.0,,0.0,68,True,3.0,0.011296403594315052,0.12174619956146873,0.0615361336587675,world,settled,world,settled,world,settled,0.010540011338889599,-0.036493976784554426,0.0,0.0,0.0,0.011296403594315052,world
rigid_none,neither,90091,False,False,,1.0,0.0,,0.0,77,True,3.0,0.010430452413856983,-0.059413995756112295,-0.10325114846511434,world,settled,world,settled,world,settled,0.010768765583634377,0.011362186104447641,0.0,0.0,0.0,0.010430452413856983,world
rigid_none,neither,90092,False,False,,1.0,0.0,,0.0,68,True,3.0,0.010632138699293137,-0.01722041397039379,-0.06487094218772844,world,settled,world,settled,world,settled,0.010486352257430553,-0.0477192757505279,0.0,0.0,0.0,0.010632138699293137,world
rigid_none,neither,90093,False,False,,1.0,0.0,,0.0,64,True,3.0,0.009789472445845604,-0.1935092052050884,-0.22522708844570558,world,settled,world,settled,world,settled,0.010270366445183754,-0.09290469607464505,0.0,0.0,0.0,0.009789472445845604,world
rigid_none,neither,90094,False,False,,1.0,0.0,,0.0,69,True,3.0,0.010383635759353638,-0.06920816880520728,-0.11216014281998357,world,settled,world,settled,world,settled,0.010628201067447662,-0.018044099393274584,0.0,0.0,0.0,0.010383635759353638,world
rigid_none,neither,90095,False,False,,1.0,0.0,,0.0,61,True,3.0,0.011293405666947365,0.12111901851785074,0.060965636042576175,world,settled,world,settled,world,settled,0.011572662740945816,0.17954079945080373,0.0,0.0,0.0,0.011293405666947365,world
rigid_none,neither,90096,False,False,,1.0,0.0,,0.0,62,True,3.0,0.01121527235955,0.10477349759816743,0.04609739215195886,world,settled,world,settled,world,settled,0.010444746352732182,-0.05642367815698181,0.0,0.0,0.0,0.01121527235955,world
rigid_none,neither,90097,False,False,,1.0,0.0,,0.0,61,True,3.0,0.011623616330325603,0.19020051297806748,0.12380367669051733,world,settled,world,settled,world,settled,0.010249723680317402,-0.0972230919976296,0.0,0.0,0.0,0.011623616330325603,world
rigid_none,neither,90098,False,False,,1.0,0.0,,0.0,70,True,3.0,0.009791351854801178,-0.19311604483972628,-0.22486946116487116,world,settled,world,settled,world,settled,0.010289250873029232,-0.08895358689244315,0.0,0.0,0.0,0.009791351854801178,world
rigid_none,neither,90099,False,False,,1.0,0.0,,0.0,79,True,3.0,0.009843774139881134,-0.18214922822376073,-0.2148938045338551,world,settled,world,settled,world,settled,0.011720607057213783,0.2104912218892471,0.0,0.0,0.0,0.009843774139881134,world
rigid_none,neither,90100,False,False,,1.0,0.0,,0.0,62,True,3.0,0.010529061779379845,-0.038784444347460534,-0.08448605659652152,world,settled,world,settled,world,settled,0.01124308817088604,0.11059241396651195,0.0,0.0,0.0,0.010529061779379845,world
rigid_none,neither,90101,False,False,,1.0,0.0,,0.0,62,True,3.0,0.010736683383584023,0.004650715842197917,-0.044976483405116265,world,settled,world,settled,world,settled,0.010589879006147385,-0.026061012896018854,0.0,0.0,0.0,0.010736683383584023,world
rigid_none,neither,90102,False,False,,1.0,0.0,,0.0,63,True,3.0,0.00947299413383007,-0.2597174341124043,-0.28545154380548404,world,settled,world,settled,world,settled,0.011347437277436256,0.13242274875394605,0.0,0.0,0.0,0.00947299413383007,world
rigid_none,neither,90103,False,False,,1.0,0.0,,0.0,62,True,3.0,0.010875774547457695,0.033749327137914356,-0.01850774914153024,world,settled,world,settled,world,settled,0.01055864430963993,-0.032595964091470676,0.0,0.0,0.0,0.010875774547457695,world
rigid_none,neither,90104,False,False,,1.0,0.0,,0.0,72,True,3.0,0.011096839793026447,0.07999682885123097,0.023559991506447654,world,settled,world,settled,world,settled,0.009488863870501518,-0.25639750742012557,0.0,0.0,0.0,0.011096839793026447,world
rigid_none,neither,90105,False,False,,1.0,0.0,,0.0,74,True,3.0,0.011099130846560001,0.0804760958111401,0.023995943231917737,world,settled,world,settled,world,settled,0.011072827503085136,0.07497339964302693,0.0,0.0,0.0,0.011099130846560001,world
rigid_none,neither,90106,False,False,,1.0,0.0,,0.0,79,True,3.0,0.0108756422996521,0.033721420520454036,-0.01853313361208947,world,settled,world,settled,world,settled,0.010766910389065742,0.010974386776017397,0.0,0.0,0.0,0.0108756422996521,world
rigid_none,neither,90107,False,False,,1.0,0.0,,0.0,79,True,3.0,0.010323545895516872,-0.08177910691584012,-0.12359494350214908,world,settled,world,settled,world,settled,0.010931924916803837,0.045496266870188505,0.0,0.0,0.0,0.010323545895516872,world
rigid_none,neither,90108,False,False,,1.0,0.0,,0.0,64,True,3.0,0.011209851130843163,0.10363909365929339,0.045065513479108144,world,settled,world,settled,world,settled,0.011045008897781372,0.06915358215774216,0.0,0.0,0.0,0.011209851130843163,world
rigid_none,neither,90109,False,False,,1.0,0.0,,0.0,66,True,3.0,0.011540602892637253,0.1728336837752816,0.10800642841299238,world,settled,world,settled,world,settled,0.011066467501223087,0.07364281402217282,0.0,0.0,0.0,0.011540602892637253,world
rigid_none,neither,90110,False,False,,1.0,0.0,,0.0,60,True,3.0,0.012653395533561707,0.40563400006027095,0.3197666957881318,world,settled,world,settled,world,settled,0.01158981118351221,0.1831282166181793,0.0,0.0,0.0,0.012653395533561707,world
rigid_none,neither,90111,False,False,,1.0,0.0,,0.0,76,True,3.0,0.01280213426798582,0.43675049408877004,0.3480709403888372,world,settled,world,settled,world,settled,0.010709625668823719,-0.0010096623954842898,0.0,0.0,0.0,0.01280213426798582,world
rigid_none,neither,90112,False,False,,1.0,0.0,,0.0,69,True,3.0,0.01065274327993393,-0.012909795660784418,-0.06094990934566992,world,settled,world,settled,world,settled,0.009908853098750114,-0.1685346785768903,0.0,0.0,0.0,0.01065274327993393,world
rigid_none,neither,90113,False,False,,1.0,0.0,,0.0,60,True,3.0,0.009602758102118969,-0.23257054834448326,-0.260758141836133,world,settled,world,settled,world,settled,0.010941404849290848,0.04747921853541619,0.0,0.0,0.0,0.009602758102118969,world
rigid_none,neither,90114,False,False,,1.0,0.0,,0.0,65,True,3.0,0.010580449365079403,-0.028034060798982498,-0.07470727222483639,world,settled,world,settled,world,settled,0.011010462418198586,0.0619263442197364,0.0,0.0,0.0,0.010580449365079403,world
rigid_none,neither,90115,False,False,,1.0,0.0,,0.0,77,True,3.0,0.011260726489126682,0.11428230152498,0.0547468085019547,world,settled,world,settled,world,settled,0.009514951147139072,-0.250940368801972,0.0,0.0,0.0,0.011260726489126682,world
rigid_none,neither,90116,False,False,,1.0,0.0,,0.0,75,True,3.0,0.010937163606286049,0.046591930086983674,-0.006825836171281232,world,settled,world,settled,world,settled,0.01113700307905674,0.08839927732166152,0.0,0.0,0.0,0.010937163606286049,world
rigid_none,neither,90117,False,False,,1.0,0.0,,0.0,79,True,3.0,0.010191055946052074,-0.10949661767984568,-0.14880739846794833,world,settled,world,settled,world,settled,0.009385855868458748,-0.27794742801072314,0.0,0.0,0.0,0.010191055946052074,world
rigid_none,neither,90118,False,False,,1.0,0.0,,0.0,68,True,3.0,0.00959144439548254,-0.23493740322510007,-0.26291108488344384,world,settled,world,settled,world,settled,0.010457605123519897,-0.053733432498967636,0.0,0.0,0.0,0.00959144439548254,world
rigid_none,neither,90119,False,False,,1.0,0.0,,0.0,69,True,3.0,0.009469637647271156,-0.2604199095650114,-0.28609053086547775,world,settled,world,settled,world,settled,0.009265245869755745,-0.30317933555612864,0.0,0.0,0.0,0.009469637647271156,world
rigid_none,body_only,90120,True,False,m,1.5891995503048728,0.0,,0.0,74,True,3.0,0.06837878376245499,12.063589290541959,10.924098205104908,body,settled,body,settled,body,settled,0.06557056307792664,11.476100158819548,1.0,1.0,1.0,0.06837878376245499,body
rigid_none,body_only,90121,True,False,l,1.4812383451425903,0.0,,0.0,60,True,3.0,0.0434102900326252,6.840088943404799,6.172687864279608,body,settled,body,settled,body,settled,0.04979430511593819,8.175648746817517,0.8,0.8,0.8,0.0434102900326252,body
rigid_none,body_only,90122,True,False,m,1.577333311441059,0.0,,0.0,60,True,3.0,0.051921844482421875,8.620737203331217,7.792404528072683,body,settled,body,settled,body,settled,0.06371013075113297,11.086891688072619,1.0,1.0,1.0,0.051921844482421875,body
rigid_none,body_only,90123,True,False,l,1.2659873041674827,0.0,,0.0,78,True,3.0,0.025625919923186302,3.119533903475795,2.788389498143372,body,settled,body,settled,body,settled,0.024584997445344925,2.901768624703757,0.0,0.0,0.0,0.025625919923186302,body
rigid_none,body_only,90124,True,False,m,1.4143549642821072,0.0,,0.0,79,True,3.0,0.031295038759708405,4.3055341909530185,3.8672013399439606,body,settled,body,settled,body,settled,0.029807928949594498,3.9944254133901937,0.2,0.2,0.2,0.031295038759708405,body
rigid_none,body_only,90125,True,False,l,1.4086180240535773,0.0,,0.0,63,True,3.0,0.04563939571380615,7.306426156268124,6.596878408600112,body,settled,body,settled,body,settled,0.03925938904285431,5.971706106167513,0.4,0.4,0.4,0.04563939571380615,body
rigid_none,body_only,90126,True,False,m,1.6448408546174003,0.0,,0.0,68,True,3.0,0.061073172837495804,10.535228179739944,9.5338674587128,body,settled,body,settled,body,settled,0.0724867731332779,12.922994647972663,1.0,1.0,1.0,0.061073172837495804,body
rigid_none,body_only,90127,True,False,l,1.4986137896780058,0.0,,0.0,61,True,3.0,0.04126628860831261,6.391556264511887,5.764692714081546,body,settled,body,settled,body,settled,0.0596170648932457,10.23060576368588,1.0,1.0,1.0,0.04126628860831261,body
rigid_none,body_only,90128,True,False,m,1.416558817025714,0.0,,0.0,64,True,3.0,0.03265265375375748,4.589551798564794,4.125549977466818,body,settled,body,settled,body,settled,0.03587622195482254,5.263934993880172,0.0,0.0,0.0,0.03265265375375748,body
rigid_none,body_only,90129,True,False,l,1.38378853736242,0.0,,0.0,68,True,3.0,0.035169102251529694,5.116001623833318,4.6044202708472834,body,settled,body,settled,body,settled,0.03686264529824257,5.470297232022942,0.4,0.4,0.4,0.035169102251529694,body
rigid_none,body_only,90130,True,False,m,1.4756383192437175,0.0,,0.0,71,True,3.0,0.041353970766067505,6.409899318143073,5.781377957484142,body,settled,body,settled,body,settled,0.04709037393331528,7.60997627969501,0.8,0.8,0.8,0.041353970766067505,body
rigid_none,body_only,90131,True,False,l,1.3606013397692742,0.0,,0.0,80,True,3.0,0.0337265320122242,4.814211101713929,4.329905000957998,body,settled,body,settled,body,settled,0.03367350250482559,4.803117146630631,0.2,0.2,0.2,0.0337265320122242,body
rigid_none,body_only,90132,True,False,m,1.3052923183294922,0.0,,0.0,64,True,3.0,0.024357875809073448,2.8542542116320857,2.5470852792725975,body,settled,body,settled,body,settled,0.027412787079811096,3.493352816604129,0.0,0.0,0.0,0.024357875809073448,body
rigid_none,body_only,90133,True,False,l,1.3207448067237653,0.0,,0.0,67,True,3.0,0.024323072284460068,2.8469732305926705,2.54046233942327,body,settled,body,settled,body,settled,0.03334132581949234,4.7336241772121035,0.0,0.0,0.0,0.024323072284460068,body
rigid_none,body_only,90134,True,False,m,1.4561368550822151,0.0,,0.0,64,True,3.0,0.0388626866042614,5.8887138302169735,5.307296220669983,body,settled,body,settled,body,settled,0.03144092857837677,4.33605432518157,0.0,0.0,0.0,0.0388626866042614,body
rigid_none,body_only,90135,True,False,l,1.4036352699808552,0.0,,0.0,79,True,3.0,0.03647419810295105,5.389032540938556,4.852775174012907,body,settled,body,settled,body,settled,0.04112610965967178,6.362229462399201,0.6,0.6,0.6,0.03647419810295105,body
rigid_none,body_only,90136,True,False,m,1.3752498406372067,0.0,,0.0,68,True,3.0,0.03157457336783409,4.364013903963427,3.920395767944419,body,settled,body,settled,body,settled,0.03038579598069191,4.115316651295709,0.0,0.0,0.0,0.03157457336783409,body
rigid_none,body_only,90137,True,False,l,1.3180944856558197,0.0,,0.0,66,True,3.0,0.028822893276810646,3.7883521123056996,3.3967611919077525,body,settled,body,settled,body,settled,0.026708010584115982,3.3459109522682766,0.0,0.0,0.0,0.028822893276810646,body
rigid_none,body_only,90138,True,False,m,1.3737292058898571,0.0,,0.0,76,True,3.0,0.02924271859228611,3.87618145734825,3.4766526881324635,body,settled,body,settled,body,settled,0.0279666967689991,3.609232918850185,0.0,0.0,0.0,0.02924271859228611,body
rigid_none,body_only,90139,True,False,l,1.2231365368057392,0.0,,0.0,78,True,3.0,0.014261379837989807,0.742030409509453,0.6257602388630079,body,settled,body,settled,body,settled,0.023390771821141243,2.651932696315778,0.0,0.0,0.0,0.014261379837989807,body
rigid_none,body_only,90140,True,False,m,1.5903123576273737,0.0,,0.0,77,True,3.0,0.06511574983596802,11.380950393041013,10.303154910171802,body,settled,body,settled,body,settled,0.07698677480220795,13.864412479856574,1.0,1.0,1.0,0.06511574983596802,body
rigid_none,body_only,90141,True,False,l,1.3983126255738383,0.0,,0.0,68,True,3.0,0.03586660698056221,5.261922770527092,4.737153342402621,body,settled,body,settled,body,settled,0.0381113663315773,5.731534910251058,0.2,0.2,0.2,0.03586660698056221,body
rigid_none,body_only,90142,True,False,m,1.5588960124158446,0.0,,0.0,77,True,3.0,0.056207429617643356,9.517296615615937,8.607934609357848,body,settled,body,settled,body,settled,0.06857911497354507,12.105500833684898,1.0,1.0,1.0,0.056207429617643356,body
rigid_none,body_only,90143,True,False,l,1.3381767659159343,0.0,,0.0,76,True,3.0,0.02654968574643135,3.3127881073683803,2.9641777553962774,body,settled,body,settled,body,settled,0.03272664174437523,4.605030932078157,0.0,0.0,0.0,0.02654968574643135,body
rigid_none,body_only,90144,True,False,m,1.4340779419258376,0.0,,0.0,78,True,3.0,0.032809779047966,4.622423185564779,4.15545051115676,body,settled,body,settled,body,settled,0.048983171582221985,8.005956425057605,0.8,0.8,0.8,0.032809779047966,body
rigid_none,body_only,90145,True,False,l,1.3732457116762027,0.0,,0.0,79,True,3.0,0.030375882983207703,4.113243108152568,3.6922891587344204,body,settled,body,settled,body,settled,0.03331441432237625,4.727995644934182,0.0,0.0,0.0,0.030375882983207703,body
rigid_none,body_only,90146,True,False,m,1.4659264726975494,0.0,,0.0,73,True,3.0,0.041373882442712784,6.414064831053056,5.785166999276049,body,settled,body,settled,body,settled,0.04724967107176781,7.6433017273439505,0.8,0.8,0.8,0.041373882442712784,body
rigid_none,body_only,90147,True,False,l,1.3697174281168265,0.0,,0.0,61,True,3.0,0.034882742911577225,5.056094388156067,4.549927336958008,body,settled,body,settled,body,settled,0.0346221849322319,5.001585376314958,0.2,0.2,0.2,0.034882742911577225,body
rigid_none,body_only,90148,True,False,m,1.3038571531689942,0.0,,0.0,77,True,3.0,0.020854871720075607,2.1214130664981328,1.8804769201710012,body,settled,body,settled,body,settled,0.023261019960045815,2.6247874447356057,0.0,0.0,0.0,0.020854871720075607,body
rigid_none,body_only,90149,True,False,l,1.2823864181574816,0.0,,0.0,69,True,3.0,0.025525998324155807,3.0986297196314316,2.769374594595207,body,settled,body,settled,body,settled,0.027881717309355736,3.591454933733194,0.0,0.0,0.0,0.025525998324155807,body
rigid_none,body_only,90150,True,False,m,1.371260065573264,0.0,,0.0,77,True,3.0,0.02835182473063469,3.689802593051232,3.3071183903856523,body,settled,body,settled,body,settled,0.027723440900444984,3.558342748803156,0.0,0.0,0.0,0.02835182473063469,body
rigid_none,body_only,90151,True,False,l,1.2751118713228489,0.0,,0.0,67,True,3.0,0.025886928662657738,3.1741375545146955,2.8380581752662217,body,settled,body,settled,body,settled,0.02279130555689335,2.5265219088316937,0.0,0.0,0.0,0.025886928662657738,body
rigid_none,body_only,90152,True,False,m,1.3717293620024857,0.0,,0.0,77,True,3.0,0.02017664536833763,1.9795252924391296,1.751412692718596,body,settled,body,settled,body,settled,0.027184337377548218,3.4455607450486427,0.0,0.0,0.0,0.02017664536833763,body
rigid_none,body_only,90153,True,False,l,1.3777582765834164,0.0,,0.0,63,True,3.0,0.03114679828286171,4.2745211701126395,3.8389912168218343,body,settled,body,settled,body,settled,0.03319312259554863,4.702619626870963,0.0,0.0,0.0,0.03114679828286171,body
rigid_none,body_only,90154,True,False,m,1.3240528558094946,0.0,,0.0,61,True,3.0,0.0207463800907135,2.0987162079191117,1.8598313604141778,body,settled,body,settled,body,settled,0.02416192553937435,2.81326053402727,0.0,0.0,0.0,0.0207463800907135,body
rigid_none,body_only,90155,True,False,l,1.2616156540457863,0.0,,0.0,75,True,3.0,0.02596745453774929,3.190983502203089,2.853381618307917,body,settled,body,settled,body,settled,0.022411825135350227,2.447133413845075,0.0,0.0,0.0,0.02596745453774929,body
rigid_none,body_only,90156,True,False,m,1.53054519222226,0.0,,0.0,80,True,3.0,0.05076884478330612,8.379526152561986,7.572993672366624,body,settled,body,settled,body,settled,0.0665128231048584,11.673222977073904,1.0,1.0,1.0,0.05076884478330612,body
rigid_none,body_only,90157,True,False,l,1.488929027680533,0.0,,0.0,67,True,3.0,0.04384257644414902,6.930525200271996,6.254950664606565,body,settled,body,settled,body,settled,0.039338111877441406,5.988173755222569,0.4,0.4,0.4,0.04384257644414902,body
rigid_none,body_only,90158,True,False,m,1.4010988441285952,0.0,,0.0,76,True,3.0,0.031748298555612564,4.400357321324308,3.9534545365083105,body,settled,body,settled,body,settled,0.03824900463223457,5.760328743096234,0.2,0.2,0.2,0.031748298555612564,body
rigid_none,body_only,90159,True,False,l,1.3983826888544335,0.0,,0.0,76,True,3.0,0.04714361950755119,7.621116013954326,6.883127196691521,body,settled,body,settled,body,settled,0.03539670631289482,5.163618155373387,0.2,0.2,0.2,0.04714361950755119,body
rigid_none,body_only,90160,True,False,m,1.6346395142175347,0.0,,0.0,78,True,3.0,0.052744824439287186,8.792907158295709,7.949014090632787,body,settled,body,settled,body,settled,0.07788140326738358,14.051572071870657,1.0,1.0,1.0,0.052744824439287186,body
rigid_none,body_only,90161,True,False,l,1.4627355647267428,0.0,,0.0,75,True,3.0,0.04844139888882637,7.892615404885106,7.130088990099516,body,settled,body,settled,body,settled,0.053865958005189896,9.027453713785242,1.0,1.0,1.0,0.04844139888882637,body
rigid_none,body_only,90162,True,False,m,1.3110427449584228,0.0,,0.0,70,True,3.0,0.023163218051195145,2.6043271462251267,2.319746145720595,body,settled,body,settled,body,settled,0.023774657398462296,2.7322429170306557,0.0,0.0,0.0,0.023163218051195145,body
rigid_none,body_only,90163,True,False,l,1.4308898612160117,0.0,,0.0,78,True,3.0,0.04587790369987488,7.356322944741983,6.642265620426107,body,settled,body,settled,body,settled,0.03572450578212738,5.232194781410785,0.4,0.4,0.4,0.04587790369987488,body
rigid_none,body_only,90164,True,False,m,1.439856144676443,0.0,,0.0,68,True,3.0,0.03643704205751419,5.381260448731233,4.845705508687056,body,settled,body,settled,body,settled,0.028059160336852074,3.628576397379381,0.0,0.0,0.0,0.03643704205751419,body
rigid_none,body_only,90165,True,False,l,1.2997648895781109,0.0,,0.0,62,True,3.0,0.02365807071328163,2.707852224068071,2.413914824328475,body,settled,body,settled,body,settled,0.025342565029859543,3.0602549387065694,0.0,0.0,0.0,0.02365807071328163,body
rigid_none,body_only,90166,True,False,m,1.679679815459025,0.0,,0.0,64,False,nan,nan,nan,nan,alarm,persistent,alarm,persistent,alarm,persistent,0.0764150321483612,13.744802347727813,1.0,1.0,1.0,nan,alarm
rigid_none,body_only,90167,True,False,l,1.3590101711106688,0.0,,0.0,72,True,3.0,0.035625159740448,5.211410721325464,4.691206475940857,body,settled,body,settled,body,settled,0.03785623982548714,5.6781617002978075,0.2,0.2,0.2,0.035625159740448,body
rigid_none,body_only,90168,True,False,m,1.6457533914678304,0.0,,0.0,77,False,nan,nan,nan,nan,alarm,persistent,alarm,persistent,alarm,persistent,0.06940377503633499,12.278020957821482,1.0,1.0,1.0,nan,alarm
rigid_none,body_only,90169,True,False,l,1.372684860076075,0.0,,0.0,63,True,3.0,0.03263667970895767,4.586210851493296,4.12251097882439,body,settled,body,settled,body,settled,0.033876933157444,4.845675954765426,0.4,0.4,0.4,0.03263667970895767,body
rigid_none,body_only,90170,True,False,m,1.5110806219967274,0.0,,0.0,77,True,3.0,0.04433322697877884,7.033170542000647,6.348319115973542,body,settled,body,settled,body,settled,0.044472746551036835,7.062359750862906,1.0,1.0,1.0,0.04433322697877884,body
rigid_none,body_only,90171,True,False,l,1.3393346079674444,0.0,,0.0,80,True,3.0,0.03131341189146042,4.3093776568457995,3.870697440714315,body,settled,body,settled,body,settled,0.027787139639258385,3.5716687729830014,0.0,0.0,0.0,0.03131341189146042,body
rigid_none,body_only,90172,True,False,m,1.5992541406103382,0.0,,0.0,69,True,3.0,0.0479273684322834,7.785078025931085,7.032270634508246,body,settled,body,settled,body,settled,0.07033668458461761,12.473190651381334,1.0,1.0,1.0,0.0479273684322834,body
rigid_none,body_only,90173,True,False,l,1.2909310796297793,0.0,,0.0,74,True,3.0,0.023654337972402573,2.707071299079458,2.4132044778520294,body,settled,body,settled,body,settled,0.024383794516324997,2.8596768630436635,0.0,0.0,0.0,0.023654337972402573,body
rigid_none,body_only,90174,True,False,m,1.4992846063269814,0.0,,0.0,60,True,3.0,0.04670989140868187,7.5303778147195,6.800589742972673,body,settled,body,settled,body,settled,0.03840583562850952,5.793139024625862,0.4,0.4,0.4,0.04670989140868187,body
rigid_none,body_only,90175,True,False,l,1.375063495490151,0.0,,0.0,67,True,3.0,0.04207263141870499,6.560245579795523,5.9181362105416735,body,settled,body,settled,body,settled,0.03458990529179573,4.994831685070879,0.0,0.0,0.0,0.04207263141870499,body
rigid_none,body_only,90176,True,False,m,1.3570155774731387,0.0,,0.0,71,True,3.0,0.02621297538280487,3.242347518504542,2.900103452706722,body,settled,body,settled,body,settled,0.02449650689959526,2.883255995477117,0.0,0.0,0.0,0.02621297538280487,body
rigid_none,body_only,90177,True,False,l,1.2641200458110455,0.0,,0.0,62,True,3.0,0.018477097153663635,1.6239736684909125,1.4279951469246763,body,settled,body,settled,body,settled,0.022768083959817886,2.52166315935319,0.0,0.0,0.0,0.018477097153663635,body
rigid_none,body_only,90178,True,False,m,1.5240608064758356,0.0,,0.0,68,True,3.0,0.05172300338745117,8.57914012564593,7.75456691499196,body,settled,body,settled,body,settled,0.05672287940979004,9.625131643237136,1.0,1.0,1.0,0.05172300338745117,body
rigid_none,body_only,90179,True,False,l,1.4207768660969622,0.0,,0.0,63,True,3.0,0.04152367636561394,6.445402159009345,5.813672119255019,body,settled,body,settled,body,settled,0.0419984795153141,6.544733061117249,0.8,0.8,0.8,0.04152367636561394,body
rigid_none,body_only,90180,True,False,m,1.6834084531201725,0.0,,0.0,70,True,3.0,0.06490824371576309,11.33753878731754,10.263666762638818,body,settled,body,settled,body,settled,0.08067554980516434,14.636117035358538,1.0,1.0,1.0,0.06490824371576309,body
rigid_none,body_only,90181,True,False,l,1.3164236438723707,0.0,,0.0,75,True,3.0,0.03069058060646057,4.179079091740479,3.752175011597328,body,settled,body,settled,body,settled,0.024711037054657936,2.9281365338440173,0.0,0.0,0.0,0.03069058060646057,body
rigid_none,body_only,90182,True,False,m,1.3450601064988406,0.0,,0.0,60,True,3.0,0.026388633996248245,3.2790957029822936,2.933530406306877,body,settled,body,settled,body,settled,0.026188794523477554,3.237288660179014,0.0,0.0,0.0,0.026388633996248245,body
rigid_none,body_only,90183,True,False,l,1.3429357517410216,0.0,,0.0,67,True,3.0,0.03927323967218399,5.974602183982848,5.38542214871042,body,settled,body,settled,body,settled,0.03146445378661156,4.340976644807034,0.0,0.0,0.0,0.03927323967218399,body
rigid_none,body_only,90184,True,False,m,1.6568892806087865,0.0,,0.0,73,True,3.0,0.06262484192848206,10.85984369196091,9.829144839598651,body,settled,body,settled,body,settled,0.07534697651863098,13.521362979127892,1.0,1.0,1.0,0.06262484192848206,body
rigid_none,body_only,90185,True,False,l,1.43334245437914,0.0,,0.0,67,True,3.0,0.04070109874010086,6.273315445331076,5.657138274792331,body,settled,body,settled,body,settled,0.04741426184773445,7.677734058333319,0.6,0.6,0.6,0.04070109874010086,body
rigid_none,body_only,90186,True,False,m,1.6331529059433587,0.0,,0.0,70,True,3.0,0.07502120733261108,13.45320887464654,12.188126619565832,body,settled,body,settled,body,settled,0.07955045998096466,14.400746625182265,1.0,1.0,1.0,0.07502120733261108,body
rigid_none,body_only,90187,True,False,l,1.3141636302230804,0.0,,0.0,65,True,3.0,0.02237441949546337,2.4393077124861575,2.1696408539052703,body,settled,body,settled,body,settled,0.024652717635035515,2.9159362239131994,0.0,0.0,0.0,0.02237441949546337,body
rigid_none,body_only,90188,True,False,m,1.68271261290117,0.0,,0.0,72,True,3.0,0.0634302869439125,11.028346037656693,9.982418264425945,body,settled,body,settled,body,settled,0.07231619954109192,12.8873110016455,1.0,1.0,1.0,0.0634302869439125,body
rigid_none,body_only,90189,True,False,l,1.2673551846296478,0.0,,0.0,69,True,3.0,0.0219342652708292,2.3472259137970424,2.0858812326901512,body,settled,body,settled,body,settled,0.025409022346138954,3.0741578774351974,0.0,0.0,0.0,0.0219342652708292,body
rigid_none,body_only,90190,True,False,m,1.4616304439624153,0.0,,0.0,61,True,3.0,0.03824189305305481,5.758841276669253,5.189161300997924,body,settled,body,settled,body,settled,0.046411219984292984,7.4678940786966095,0.6,0.6,0.6,0.03824189305305481,body
rigid_none,body_only,90191,True,False,l,1.3598610545526153,0.0,,0.0,75,True,3.0,0.03231620788574219,4.519166236285143,4.061525728163642,body,settled,body,settled,body,settled,0.024324430152773857,2.847257528116429,0.0,0.0,0.0,0.03231620788574219,body
rigid_none,body_only,90192,True,False,m,1.6394540644586693,0.0,,0.0,73,True,3.0,0.057978689670562744,9.887851507834057,8.944999456628997,body,settled,body,settled,body,settled,0.07686679065227509,13.839309563547996,1.0,1.0,1.0,0.057978689670562744,body
rigid_none,body_only,90193,True,False,l,1.2806965176607972,0.0,,0.0,79,True,3.0,0.026930514723062515,3.392459772264856,3.0366488470594297,body,settled,body,settled,body,settled,0.02602260187268257,3.202520611984915,0.0,0.0,0.0,0.026930514723062515,body
rigid_none,body_only,90194,True,False,m,1.3882151295384004,0.0,,0.0,72,True,3.0,0.03255026414990425,4.568131664385836,4.106065754191989,body,settled,body,settled,body,settled,0.019940190017223358,1.9300578959291226,0.0,0.0,0.0,0.03255026414990425,body
rigid_none,body_only,90195,True,False,l,1.4070168029723402,0.0,,0.0,68,True,3.0,0.03193282335996628,4.4389608252122255,3.98856912928625,body,settled,body,settled,body,settled,0.03669556602835655,5.435343378386657,0.2,0.2,0.2,0.03193282335996628,body
rigid_none,body_only,90196,True,False,m,1.4747105385822876,0.0,,0.0,78,True,3.0,0.04449981823563576,7.068022340490268,6.380021075336999,body,settled,body,settled,body,settled,0.048614706844091415,7.928871862025798,0.8,0.8,0.8,0.04449981823563576,body
rigid_none,body_only,90197,True,False,l,1.3111555143573217,0.0,,0.0,62,True,3.0,0.028836067765951157,3.7911080152923446,3.3992680216347253,body,settled,body,settled,body,settled,0.030325910076498985,4.102789055692178,0.0,0.0,0.0,0.028836067765951157,body
rigid_none,body_only,90198,True,False,m,1.379640047296776,0.0,,0.0,79,True,3.0,0.026513343676924706,3.30518640663266,2.9572630818855625,body,settled,body,settled,body,settled,0.0254769679158926,3.0883725733997522,0.0,0.0,0.0,0.026513343676924706,body
rigid_none,body_only,90199,True,False,l,1.4868269255907973,0.0,,0.0,73,True,3.0,0.0543983094394207,9.138823041383366,8.263666755461117,body,settled,body,settled,body,settled,0.047255828976631165,7.6445897498020825,0.8,0.8,0.8,0.0543983094394207,body
rigid_none,body_only,90200,True,False,m,1.568789452616487,0.0,,0.0,75,True,3.0,0.03767157718539238,5.639529477569456,5.080632674913703,body,settled,body,settled,body,settled,0.06114821881055832,10.55092919259852,1.0,1.0,1.0,0.03767157718539238,body
rigid_none,body_only,90201,True,False,l,1.237480856854104,0.0,,0.0,74,True,3.0,0.02405734173953533,2.7913813051217455,2.4898947062280876,body,settled,body,settled,body,settled,0.022890742868185043,2.547324607424971,0.0,0.0,0.0,0.02405734173953533,body
rigid_none,body_only,90202,True,False,m,1.589816924085751,0.0,,0.0,69,True,3.0,0.052960336208343506,8.837992990585217,7.990025151325545,body,settled,body,settled,body,settled,0.07443170249462128,13.329884094944788,1.0,1.0,1.0,0.052960336208343506,body
rigid_none,body_only,90203,True,False,l,1.2163108575505985,0.0,,0.0,68,True,3.0,0.021297389641404152,2.2139890547654604,1.9646860670520923,body,settled,body,settled,body,settled,0.021993741393089294,2.3596682710443755,0.0,0.0,0.0,0.021297389641404152,body
rigid_none,body_only,90204,True,False,m,1.577624770964431,0.0,,0.0,61,True,3.0,0.07425631582736969,13.293190028627928,12.042569971882926,body,settled,body,settled,body,settled,0.06463688611984253,11.280770056702524,1.0,1.0,1.0,0.07425631582736969,body
rigid_none,body_only,90205,True,False,l,1.3675497082151145,0.0,,0.0,65,True,3.0,0.03524237871170044,5.13133141060881,4.618364580709853,body,settled,body,settled,body,settled,0.027843493968248367,3.5834576962406137,0.0,0.0,0.0,0.03524237871170044,body
rigid_none,body_only,90206,True,False,m,1.5176465510618466,0.0,,0.0,74,True,3.0,0.039773643016815186,6.079289054848749,5.4806476197020135,body,settled,body,settled,body,settled,0.05572635680437088,9.41665460540807,1.0,1.0,1.0,0.039773643016815186,body
rigid_none,body_only,90207,True,False,l,1.2488637580931352,0.0,,0.0,80,True,3.0,0.02385634370148182,2.749331357723132,2.451645152935642,body,settled,body,settled,body,settled,0.023036997765302658,2.5779221938722676,0.0,0.0,0.0,0.02385634370148182,body
rigid_none,body_only,90208,True,False,m,1.4834364114696996,0.0,,0.0,66,True,3.0,0.04765728488564491,7.728575694709034,6.980874876298651,body,settled,body,settled,body,settled,0.04316544160246849,6.788865343041705,0.8,0.8,0.8,0.04765728488564491,body
rigid_none,body_only,90209,True,False,l,1.263629522578016,0.0,,0.0,60,True,3.0,0.025272006168961525,3.045493922331081,2.7210411093874844,body,settled,body,settled,body,settled,0.026954015716910362,3.39737707729632,0.0,0.0,0.0,0.025272006168961525,body
rigid_none,body_only,90210,True,False,m,1.3346147837212192,0.0,,0.0,73,True,3.0,0.024503368884325027,2.884691574616496,2.5747717713986757,body,settled,body,settled,body,settled,0.023610945791006088,2.697994102159355,0.0,0.0,0.0,0.024503368884325027,body
rigid_none,body_only,90211,True,False,l,1.30656153459059,0.0,,0.0,71,True,3.0,0.028671419247984886,3.756663743285793,3.3679367572874703,body,settled,body,settled,body,settled,0.032782964408397675,4.616813669289748,0.2,0.2,0.2,0.028671419247984886,body
rigid_none,body_only,90212,True,False,m,1.6930851814175538,0.0,,0.0,60,False,nan,nan,nan,nan,alarm,persistent,alarm,persistent,alarm,persistent,0.07259853184223175,12.9463754275194,1.0,1.0,1.0,nan,alarm
rigid_none,body_only,90213,True,False,l,1.3559979569855254,0.0,,0.0,66,True,3.0,0.03979463502764702,6.0836802001342285,5.4846419016453325,body,settled,body,settled,body,settled,0.0338016077876091,4.829917494484182,0.0,0.0,0.0,0.03979463502764702,body
rigid_none,body_only,90214,True,False,m,1.3935857870234445,0.0,,0.0,60,True,3.0,0.03228268027305603,4.512152127116222,4.055145540813764,body,settled,body,settled,body,settled,0.037013858556747437,5.501932271968142,0.2,0.2,0.2,0.03228268027305603,body
rigid_none,body_only,90215,True,False,l,1.3131198647094737,0.0,,0.0,80,True,3.0,0.029934680089354515,4.020942649784716,3.608330639885601,body,settled,body,settled,body,settled,0.0297689288854599,3.98626693441613,0.0,0.0,0.0,0.029934680089354515,body
rigid_none,body_only,90216,True,False,m,1.681261135717984,0.0,,0.0,66,True,3.0,0.07719846814870834,13.908699464672162,12.602450838148972,body,settled,body,settled,body,settled,0.07858110219240189,14.197953345922304,1.0,1.0,1.0,0.07719846814870834,body
rigid_none,body_only,90217,True,False,l,1.413471960665546,0.0,,0.0,75,True,3.0,0.03654017671942711,5.402835993921526,4.8653310972222,body,settled,body,settled,body,settled,0.03590182214975357,5.2692904487579675,0.2,0.2,0.2,0.03654017671942711,body
rigid_none,body_only,90218,True,False,m,1.584896311018346,0.0,,0.0,74,True,3.0,0.04138099402189255,6.415553768492558,5.786521369387417,body,settled,body,settled,body,settled,0.07603393495082855,13.665076956778085,1.0,1.0,1.0,0.04138099402189255,body
rigid_none,body_only,90219,True,False,l,1.3119810143159762,0.0,,0.0,70,True,3.0,0.029210850596427917,3.8695141077197577,3.4705879208566115,body,settled,body,settled,body,settled,0.023861566558480263,2.7504247389221623,0.0,0.0,0.0,0.029210850596427917,body
rigid_none,body_only,90220,True,False,m,1.300500753923412,0.0,,0.0,65,True,3.0,0.02204485423862934,2.3703612534437575,2.106925644431437,body,settled,body,settled,body,settled,0.02081851288676262,2.1138064680700697,0.0,0.0,0.0,0.02204485423862934,body
rigid_none,body_only,90221,True,False,l,1.325946290087466,0.0,,0.0,69,True,3.0,0.023670420050621033,2.71043582862483,2.416264927629285,body,settled,body,settled,body,settled,0.02800345979630947,3.6169235720051676,0.0,0.0,0.0,0.023670420050621033,body
rigid_none,body_only,90222,True,False,m,1.3799548422979533,0.0,,0.0,63,True,3.0,0.02442317083477974,2.8679137148370204,2.5595102626104533,body,settled,body,settled,body,settled,0.026355598121881485,3.2721844429171254,0.0,0.0,0.0,0.02442317083477974,body
rigid_none,body_only,90223,True,False,l,1.2088747342560058,0.0,,0.0,66,True,3.0,0.021092375740408897,2.171099738856028,1.925673005775149,body,settled,body,settled,body,settled,0.01806253008544445,1.5372448259066722,0.0,0.0,0.0,0.021092375740408897,body
rigid_none,body_only,90224,True,False,m,1.3689372681649405,0.0,,0.0,67,True,3.0,0.03176223859190941,4.403273666964446,3.9561073083875287,body,settled,body,settled,body,settled,0.02783900499343872,3.5825192487044846,0.0,0.0,0.0,0.03176223859190941,body
rigid_none,body_only,90225,True,False,l,1.4190999555086545,0.0,,0.0,76,True,3.0,0.03727545216679573,5.556657649292968,5.005250644537883,body,settled,body,settled,body,settled,0.032828427851200104,4.626325280074056,0.4,0.4,0.4,0.03727545216679573,body
rigid_none,body_only,90226,True,False,m,1.3666051873938825,0.0,,0.0,68,True,3.0,0.01850944384932518,1.6307410396643256,1.4341508959888418,body,settled,body,settled,body,settled,0.023044122382998466,2.579411827850808,0.0,0.0,0.0,0.01850944384932518,body
rigid_none,body_only,90227,True,False,l,1.2089853713110907,0.0,,0.0,76,True,3.0,0.021182337775826454,2.189919938777999,1.9427922718961248,body,settled,body,settled,body,settled,0.022046571597456932,2.3707208794728216,0.0,0.0,0.0,0.021182337775826454,body
rigid_none,body_only,90228,True,False,m,1.3941552835422104,0.0,,0.0,76,True,3.0,0.019193869084119797,1.7739254065341985,1.5643945326649462,body,settled,body,settled,body,settled,0.03463330492377281,5.0039120407711755,0.0,0.0,0.0,0.019193869084119797,body
rigid_none,body_only,90229,True,False,l,1.4129882265602367,0.0,,0.0,60,True,3.0,0.041710540652275085,6.484495208070055,5.84923201304602,body,settled,body,settled,body,settled,0.03675737977027893,5.44827621358459,0.4,0.4,0.4,0.041710540652275085,body
rigid_none,body_only,90230,True,False,m,1.387380358400205,0.0,,0.0,62,True,3.0,0.03421857953071594,4.917149364899004,4.423539900098423,body,settled,body,settled,body,settled,0.027564188465476036,3.525026302581815,0.0,0.0,0.0,0.03421857953071594,body
rigid_none,body_only,90231,True,False,l,1.2736796593502162,0.0,,0.0,79,True,3.0,0.023473799228668213,2.669301915305044,2.3788486190014204,body,settled,body,settled,body,settled,0.02460763417184353,2.9065044861861167,0.0,0.0,0.0,0.023473799228668213,body
rigid_none,body_only,90232,True,False,m,1.3398772042708087,0.0,,0.0,65,True,3.0,0.02282564714550972,2.53370592238198,2.2555075334969024,body,settled,body,settled,body,settled,0.030797425657510757,4.20143143870052,0.0,0.0,0.0,0.02282564714550972,body
rigid_none,body_only,90233,True,False,l,1.2151805568406018,0.0,,0.0,74,True,3.0,0.018818248063325882,1.6953433162265419,1.4929145419158116,body,settled,body,settled,body,settled,0.020825933665037155,2.1153585616298285,0.0,0.0,0.0,0.018818248063325882,body
rigid_none,body_only,90234,True,False,m,1.412785576783788,0.0,,0.0,80,True,3.0,0.02758191153407097,3.5287343038085077,3.1606071461571794,body,settled,body,settled,body,settled,0.032566629350185394,4.571555528828549,0.4,0.4,0.4,0.02758191153407097,body
rigid_none,body_only,90235,True,False,l,1.4243033807217698,0.0,,0.0,60,True,3.0,0.040342409163713455,6.1982771240345675,5.588881773964911,body,settled,body,settled,body,settled,0.03506305068731308,5.093816438936604,0.2,0.2,0.2,0.040342409163713455,body
rigid_none,body_only,90236,True,False,m,1.6997035312296203,0.0,,0.0,64,True,3.0,0.07492892444133759,13.433903666797343,12.170566179609752,body,settled,body,settled,body,settled,0.08237767964601517,14.992210910078748,1.0,1.0,1.0,0.07492892444133759,body
rigid_none,body_only,90237,True,False,l,1.376968432617344,0.0,,0.0,75,True,3.0,0.032370589673519135,4.530543558549846,4.0718747897252126,body,settled,body,settled,body,settled,0.03255508840084076,4.569140515944964,0.2,0.2,0.2,0.032370589673519135,body
rigid_none,body_only,90238,True,False,m,1.5968317899030746,0.0,,0.0,62,True,3.0,0.06658856570720673,11.689069478915664,10.583426780285265,body,settled,body,settled,body,settled,0.0751538872718811,13.480965672891415,1.0,1.0,1.0,0.06658856570720673,body
rigid_none,body_only,90239,True,False,l,1.3434682340044826,0.0,,0.0,67,True,3.0,0.03286779671907425,4.634560931189976,4.166491270464736,body,settled,body,settled,body,settled,0.02922387793660164,3.8722389733164375,0.0,0.0,0.0,0.03286779671907425,body
rigid_none,world_only,90240,False,True,,1.0,1.0,short,-0.05,59,True,3.0,0.011149680241942406,0.0910513052707399,0.033615385415026865,world,settled,world,settled,world,settled,0.012049642391502857,0.2793263150550837,0.0,0.0,0.0,0.011149680241942406,world
rigid_none,world_only,90241,False,True,,1.0,1.0,medium,0.1,75,True,3.0,0.010811055079102516,0.02020976868635993,-0.030823628104222865,world,settled,world,settled,world,settled,0.011099071241915226,0.08046354471343262,0.0,0.0,0.0,0.010811055079102516,world
rigid_none,world_only,90242,False,True,,1.0,-2.0,short,0.2,69,True,3.0,0.011055068112909794,0.0712580323942095,0.01561099081862038,world,settled,world,settled,world,settled,0.011433370411396027,0.1504003069186989,0.0,0.0,0.0,0.011055068112909794,world
rigid_none,world_only,90243,False,True,,1.0,2.0,medium,0.05,68,True,4.6000000000000005,0.009321680292487144,-0.2913729440248561,-0.3142460890618188,world,settled,world,settled,world,settled,0.011431052349507809,0.14991522836338766,0.0,0.0,0.0,0.009321680292487144,world
rigid_none,world_only,90244,False,True,,1.0,-4.0,short,0.05,65,True,4.55,0.010408768430352211,-0.06395038282648317,-0.1073775455176118,world,settled,world,settled,world,settled,0.011015737429261208,0.06302997745055074,0.0,0.0,0.0,0.010408768430352211,world
rigid_none,world_only,90245,False,True,,1.0,4.0,medium,0.25,65,True,4.2,0.011808360926806927,0.22884964808834346,0.1589597766279024,world,settled,world,settled,world,settled,0.011038188822567463,0.06772667078914786,0.0,0.0,0.0,0.011808360926806927,world
rigid_none,world_only,90246,False,True,,1.0,-1.0,short,0.1,75,True,3.0,0.010877644643187523,0.03414029742379391,-0.018152114004968654,world,settled,world,settled,world,settled,0.011235732585191727,0.10905354003581233,0.0,0.0,0.0,0.010877644643187523,world
rigid_none,world_only,90247,False,True,,1.0,-1.0,medium,-0.15000000000000002,77,True,3.0,0.01150917075574398,0.16625794729647692,0.10202499446495814,world,settled,world,settled,world,settled,0.009787573479115963,-0.19390647600319647,0.0,0.0,0.0,0.01150917075574398,world
rigid_none,world_only,90248,False,True,,1.0,-2.0,short,0.15000000000000002,70,True,3.0,0.011156488209962845,0.09247550354670861,0.034910867365082,world,settled,world,settled,world,settled,0.010860200971364975,0.030491086771100788,0.0,0.0,0.0,0.011156488209962845,world
rigid_none,world_only,90249,False,True,,1.0,2.0,medium,-0.25,60,True,4.75,0.011146709322929382,0.09042975438141028,0.03305000911050939,world,settled,world,settled,world,settled,0.01069240365177393,-0.004612576338781678,0.0,0.0,0.0,0.011146709322929382,world
rigid_none,world_only,90250,False,True,,1.0,4.0,short,0.05,68,True,4.55,0.011238349601626396,0.10960104772920168,0.05048863750260194,world,settled,world,settled,world,settled,0.01043619029223919,-0.0582135667354781,0.0,0.0,0.0,0.011238349601626396,world
rigid_none,world_only,90251,False,True,,1.0,-4.0,medium,0.15000000000000002,77,True,4.1000000000000005,0.010511897504329681,-0.04237536978227527,-0.08775244103420278,world,settled,world,settled,world,settled,0.01079427171498537,0.016698588447583974,0.0,0.0,0.0,0.010511897504329681,world
rigid_none,world_only,90252,False,True,,1.0,-1.0,short,-0.05,78,True,3.0,0.010237854905426502,-0.09970607771506333,-0.1399017088461556,world,settled,world,settled,world,settled,0.01114620827138424,0.09032475720970828,0.0,0.0,0.0,0.010237854905426502,world
rigid_none,world_only,90253,False,True,,1.0,1.0,medium,-0.05,60,True,3.0,0.01093949656933546,0.047079957973685936,-0.006381915314884784,world,settled,world,settled,world,settled,0.010365607216954231,-0.07297972434842857,0.0,0.0,0.0,0.01093949656933546,world
rigid_none,world_only,90254,False,True,,1.0,2.0,short,0.1,75,True,3.0,0.01184923481196165,0.23740060489257334,0.16673791425276835,world,settled,world,settled,world,settled,0.010100048035383224,-0.12853573909155735,0.0,0.0,0.0,0.01184923481196165,world
rigid_none,world_only,90255,False,True,,1.0,2.0,medium,0.25,70,True,4.800000000000001,0.01057893130928278,-0.028351638763252286,-0.07499614809794265,world,settled,world,settled,world,settled,0.010661936365067959,-0.010986439486175286,0.0,0.0,0.0,0.01057893130928278,world
rigid_none,world_only,90256,False,True,,1.0,-4.0,short,-0.2,70,True,6.15,0.011956472881138325,0.259835199474751,0.18714491293295493,world,settled,world,settled,world,settled,0.010433947667479515,-0.05868249703167429,0.0,0.0,0.0,0.011956472881138325,world
rigid_none,world_only,90257,False,True,,1.0,-4.0,medium,-0.05,64,True,4.45,0.010673042386770248,-0.008663235197236375,-0.05708714492362863,world,settled,world,settled,world,settled,0.01053512655198574,-0.037515665606905425,0.0,0.0,0.0,0.010673042386770248,world
rigid_none,world_only,90258,False,True,,1.0,-1.0,short,0.25,67,True,3.0,0.00973737146705389,-0.20440893366484944,-0.23514172022021676,world,settled,world,settled,world,settled,0.010303893126547337,-0.08589047243951885,0.0,0.0,0.0,0.00973737146705389,world
rigid_none,world_only,90259,False,True,,1.0,1.0,medium,-0.25,71,True,3.0,0.010382916778326035,-0.06935853843257846,-0.11229692232701065,world,settled,world,settled,world,settled,0.009945868514478207,-0.16079055509103232,0.0,0.0,0.0,0.010382916778326035,world
rigid_none,world_only,90260,False,True,,1.0,-2.0,short,-0.05,78,True,3.0,0.01177266240119934,0.22138143991211123,0.15216653087356186,world,settled,world,settled,world,settled,0.012096232734620571,0.2890737286590569,0.0,0.0,0.0,0.01177266240119934,world
rigid_none,world_only,90261,False,True,,1.0,-2.0,medium,0.15000000000000002,76,True,4.8500000000000005,0.011997325345873833,0.2683817505477782,0.1949190430082078,world,settled,world,settled,world,settled,0.010699129663407803,-0.0032056332344939653,0.0,0.0,0.0,0.011997325345873833,world
rigid_none,world_only,90262,False,True,,1.0,-4.0,short,0.1,68,True,8.05,0.00957257766276598,-0.23888455053707863,-0.2665014965439264,world,settled,world,settled,world,settled,0.010729572735726833,0.0031632055770947688,0.0,0.0,0.0,0.00957257766276598,world
rigid_none,world_only,90263,False,True,,1.0,-4.0,medium,-0.15000000000000002,76,True,4.3500000000000005,0.011009586043655872,0.0617429888414482,0.006955898768177415,world,settled,world,settled,world,settled,0.011234660632908344,0.10882943347048804,0.0,0.0,0.0,0.011009586043655872,world
rigid_none,world_only,90264,False,True,,1.0,1.0,short,-0.15000000000000002,76,True,3.0,0.010603455826640129,-0.02322077145239111,-0.07032899879611677,world,settled,world,settled,world,settled,0.010254371911287308,-0.09625069670736362,0.0,0.0,0.0,0.010603455826640129,world
rigid_none,world_only,90265,False,True,,1.0,1.0,medium,-0.05,73,True,3.0,0.0108207818120718,0.02224456623651968,-0.028972731678684416,world,settled,world,settled,world,settled,0.011352875269949436,0.13356033095662304,0.0,0.0,0.0,0.0108207818120718,world
rigid_none,world_only,90266,False,True,,1.0,2.0,short,0.1,80,True,3.0,0.011615192517638206,0.18843805549518663,0.12220050675600877,world,settled,world,settled,world,settled,0.010932927951216698,0.045705705930721215,0.0,0.0,0.0,0.011615192517638206,world
rigid_none,world_only,90267,False,True,,1.0,2.0,medium,-0.05,73,True,4.8500000000000005,0.010170551016926765,-0.11378618760254573,-0.15270928523619193,world,settled,world,settled,world,settled,0.01001223735511303,-0.14690611604964293,0.0,0.0,0.0,0.010170551016926765,world
rigid_none,world_only,90268,False,True,,1.0,-4.0,short,-0.1,69,False,nan,nan,nan,nan,world,decayed,world,decayed,world,decayed,0.023588497191667557,2.693297490408373,0.0,0.0,0.0,nan,world
rigid_none,world_only,90269,False,True,,1.0,4.0,medium,0.0,74,True,4.2,0.010333098471164703,-0.07978059880613653,-0.12177705674659955,world,settled,world,settled,world,settled,0.010721840895712376,0.001545841925444763,0.0,0.0,0.0,0.010333098471164703,world
rigid_none,world_only,90270,False,True,,1.0,-1.0,short,0.1,81,True,3.0,0.011212210170924664,0.10413289600076707,0.045514686906058845,world,settled,world,settled,world,settled,0.009918052703142166,-0.16660977101987323,0.0,0.0,0.0,0.011212210170924664,world
rigid_none,world_only,90271,False,True,,1.0,1.0,medium,-0.15000000000000002,77,True,3.0,0.011011211201548576,0.06208297234780298,0.007265155213175878,world,settled,world,settled,world,settled,0.010953729040920734,0.05005742126143575,0.0,0.0,0.0,0.011011211201548576,world
rigid_none,world_only,90272,False,True,,1.0,-2.0,short,-0.2,58,True,3.0,0.009732561185956001,-0.205415322982825,-0.23605715398963273,world,settled,world,settled,world,settled,0.010569265112280846,-0.030373868167546208,0.0,0.0,0.0,0.009732561185956001,world
rigid_none,world_only,90273,False,True,,1.0,2.0,medium,-0.2,71,True,4.75,0.010519564151763916,-0.040771479655470975,-0.08629350744032982,world,settled,world,settled,world,settled,0.010492606088519096,-0.04641122414180895,0.0,0.0,0.0,0.010519564151763916,world
rigid_none,world_only,90274,False,True,,1.0,4.0,short,-0.15000000000000002,60,True,4.65,0.010159113444387913,-0.11617907197661807,-0.15488590528094753,world,settled,world,settled,world,settled,0.011351266875863075,0.1332238879874357,0.0,0.0,0.0,0.010159113444387913,world
rigid_none,world_only,90275,False,True,,1.0,4.0,medium,0.2,76,True,4.3,0.010112257674336433,-0.12598139039221792,-0.16380230883962052,world,settled,world,settled,world,settled,0.010561561211943626,-0.03198538917179148,0.0,0.0,0.0,0.010112257674336433,world
rigid_none,world_only,90276,False,True,,1.0,1.0,short,-0.1,69,True,3.0,0.010155763477087021,-0.11687970744585119,-0.15552321865175794,world,settled,world,settled,world,settled,0.010279457084834576,-0.09100256242170539,0.0,0.0,0.0,0.010155763477087021,world
rigid_none,world_only,90277,False,True,,1.0,-1.0,medium,0.25,75,True,3.0,0.009930972941219807,-0.16390688415245747,-0.19830016875305376,world,settled,world,settled,world,settled,0.011819957755506039,0.2312758372574386,0.0,0.0,0.0,0.009930972941219807,world
rigid_none,world_only,90278,False,True,,1.0,2.0,short,0.2,64,True,3.0,0.012106682173907757,0.29125939875725854,0.2157290529732429,world,settled,world,settled,world,settled,0.010220067575573921,-0.10342714087535136,0.0,0.0,0.0,0.012106682173907757,world
rigid_none,world_only,90279,False,True,,1.0,-2.0,medium,-0.15000000000000002,63,True,6.050000000000001,0.011457381770014763,0.15542351389198183,0.09216975650305866,world,settled,world,settled,world,settled,0.010534374974668026,-0.03767295069793053,0.0,0.0,0.0,0.011457381770014763,world
rigid_none,world_only,90280,False,True,,1.0,4.0,short,0.2,77,True,4.7,0.010514781810343266,-0.04177197457270408,-0.08720357953370872,world,settled,world,settled,world,settled,0.010203728452324867,-0.10684516023520851,0.0,0.0,0.0,0.010514781810343266,world
rigid_none,world_only,90281,False,True,,1.0,4.0,medium,0.1,77,True,4.2,0.010888757184147835,0.036465084147143466,-0.01603743707504548,world,settled,world,settled,world,settled,0.010367619805037975,-0.07255846922700174,0.0,0.0,0.0,0.010888757184147835,world
rigid_none,world_only,90282,False,True,,1.0,1.0,short,0.15000000000000002,68,True,3.0,0.009918847121298313,-0.1664436123624375,-0.2006076323019684,world,settled,world,settled,world,settled,0.010770558379590511,0.011737464778310192,0.0,0.0,0.0,0.009918847121298313,world
rigid_none,world_only,90283,False,True,,1.0,-1.0,medium,-0.05,74,True,3.0,0.011982357129454613,0.26525039475251083,0.1920706931819097,world,settled,world,settled,world,settled,0.010953753255307674,0.0500625551925442,0.0,0.0,0.0,0.011982357129454613,world
rigid_none,world_only,90284,False,True,,1.0,2.0,short,-0.2,72,True,3.0,0.009360057301819324,-0.2833445473697511,-0.30694328359570644,world,settled,world,settled,world,settled,0.011429525911808014,0.14959581893982304,0.0,0.0,0.0,0.009360057301819324,world
rigid_none,world_only,90285,False,True,,1.0,-2.0,medium,-0.2,73,True,4.7,0.011318603530526161,0.1263906573429434,0.0657608341974627,world,settled,world,settled,world,settled,0.010507958941161633,-0.04319912705096615,0.0,0.0,0.0,0.011318603530526161,world
rigid_none,world_only,90286,False,True,,1.0,4.0,short,-0.1,67,True,4.8500000000000005,0.01051897369325161,-0.04089480725055432,-0.08640568892240993,world,settled,world,settled,world,settled,0.01077919639647007,0.013544766832814793,0.0,0.0,0.0,0.01051897369325161,world
rigid_none,world_only,90287,False,True,,1.0,4.0,medium,0.2,79,True,4.3,0.010447748936712742,-0.05579545108707771,-0.09995964096696468,world,settled,world,settled,world,settled,0.011758668348193169,0.21845372254150494,0.0,0.0,0.0,0.010447748936712742,world
rigid_none,world_only,90288,False,True,,1.0,-1.0,short,-0.05,78,True,3.0,0.011109580285847187,0.08266220550828156,0.025984476500967756,world,settled,world,settled,world,settled,0.010554654523730278,-0.033430293653777254,0.0,0.0,0.0,0.011109580285847187,world
rigid_none,world_only,90289,False,True,,1.0,1.0,medium,-0.05,64,True,3.0,0.010168371722102165,-0.11424193541031329,-0.15312384342566773,world,settled,world,settled,world,settled,0.010792030021548271,0.016229532725651585,0.0,0.0,0.0,0.010168371722102165,world
rigid_none,world_only,90290,False,True,,1.0,2.0,short,0.1,66,True,3.0,0.010273816995322704,-0.0921825226928134,-0.13305811838825918,world,settled,world,settled,world,settled,0.010541021823883057,-0.036282269101238246,0.0,0.0,0.0,0.010273816995322704,world
rigid_none,world_only,90291,False,True,,1.0,-2.0,medium,0.15000000000000002,75,True,4.800000000000001,0.0114020686596632,0.1438516575280291,0.08164374246338038,world,settled,world,settled,world,settled,0.010877735912799835,0.03415936091798337,0.0,0.0,0.0,0.0114020686596632,world
rigid_none,world_only,90292,False,True,,1.0,-4.0,short,0.1,74,True,4.5,0.010254919528961182,-0.09613590780415229,-0.136654204087684,world,settled,world,settled,world,settled,0.010241905227303505,-0.09885875562952103,0.0,0.0,0.0,0.010254919528961182,world
rigid_none,world_only,90293,False,True,,1.0,4.0,medium,0.1,69,True,4.25,0.00974471028894186,-0.20287365019806664,-0.2337451927471846,world,settled,world,settled,world,settled,0.011190909892320633,0.09967660483140636,0.0,0.0,0.0,0.00974471028894186,world
rigid_none,world_only,90294,False,True,,1.0,-1.0,short,-0.1,70,True,3.0,0.010911760851740837,0.0412774882072273,-0.011659968922326059,world,settled,world,settled,world,settled,0.010231668129563332,-0.10100017236187538,0.0,0.0,0.0,0.010911760851740837,world
rigid_none,world_only,90295,False,True,,1.0,1.0,medium,0.2,64,True,3.0,0.010084412060678005,-0.13180674852895993,-0.16910118221006004,world,settled,world,settled,world,settled,0.009587591513991356,-0.23574368186946337,0.0,0.0,0.0,0.010084412060678005,world
rigid_none,world_only,90296,False,True,,1.0,-2.0,short,0.25,84,True,5.5,0.009946429170668125,-0.16067339527608762,-0.1953589164388756,world,settled,world,settled,world,settled,0.01040537841618061,-0.06465939990098658,0.0,0.0,0.0,0.009946429170668125,world
rigid_none,world_only,90297,False,True,,1.0,2.0,medium,-0.05,62,True,4.65,0.007993921637535095,-0.5691450398112643,-0.5669136722152501,world,settled,world,settled,world,settled,0.010076863691210747,-0.13338589142736004,0.0,0.0,0.0,0.007993921637535095,world
rigid_none,world_only,90298,False,True,,1.0,4.0,short,0.05,62,True,4.65,0.010946759022772312,0.048599293497214036,-0.0049998944403899515,world,settled,world,settled,world,settled,0.011212748475372791,0.10424529207318423,0.0,0.0,0.0,0.010946759022772312,world
rigid_none,world_only,90299,False,True,,1.0,-4.0,medium,0.05,67,True,4.2,0.01081046275794506,0.020085531450257137,-0.030936637015700742,world,settled,world,settled,world,settled,0.010855456814169884,0.029498774361003198,0.0,0.0,0.0,0.01081046275794506,world
rigid_none,world_only,90300,False,True,,1.0,-1.0,short,-0.15000000000000002,67,True,3.0,0.010483693331480026,-0.048275679538251424,-0.0931194920393745,world,settled,world,settled,world,settled,0.009869340807199478,-0.17680032958056857,0.0,0.0,0.0,0.010483693331480026,world
rigid_none,world_only,90301,False,True,,1.0,-1.0,medium,-0.25,72,True,3.0,0.01010148972272873,-0.1282340536640277,-0.16585138069809954,world,settled,world,settled,world,settled,0.010166703723371029,-0.11459110056765427,0.0,0.0,0.0,0.01010148972272873,world
rigid_none,world_only,90302,False,True,,1.0,-2.0,short,0.2,78,True,3.0,0.011056149378418922,0.07148429494269973,0.015816804189194227,world,settled,world,settled,world,settled,0.011795895174145699,0.22624175477686698,0.0,0.0,0.0,0.011056149378418922,world
rigid_none,world_only,90303,False,True,,1.0,2.0,medium,-0.15000000000000002,59,True,4.800000000000001,0.010800918564200401,0.018089181759170618,-0.032752560426394225,world,settled,world,settled,world,settled,0.010401366278529167,-0.0654989924733147,0.0,0.0,0.0,0.010800918564200401,world
rigid_none,world_only,90304,False,True,,1.0,4.0,short,0.05,80,True,4.55,0.010123977437615395,-0.12352955226891552,-0.16157206317313494,world,settled,world,settled,world,settled,0.011400813236832619,0.1435892474041145,0.0,0.0,0.0,0.010123977437615395,world
rigid_none,world_only,90305,False,True,,1.0,-4.0,medium,-0.25,73,True,4.2,0.010939471423625946,0.04707488736430847,-0.006386527652250474,world,settled,world,settled,world,settled,0.011070791631937027,0.0745473637309142,0.0,0.0,0.0,0.010939471423625946,world
rigid_none,world_only,90306,False,True,,1.0,1.0,short,-0.15000000000000002,64,True,3.0,0.009808272123336792,-0.1895762383076634,-0.22164957560093462,world,settled,world,settled,world,settled,0.010463619604706764,-0.052475163948022874,0.0,0.0,0.0,0.009808272123336792,world
rigid_none,world_only,90307,False,True,,1.0,1.0,medium,-0.05,72,True,3.0,0.011305662803351879,0.12368338057475776,0.06329823594399782,world,settled,world,settled,world,settled,0.009744884446263313,-0.20283735466898256,0.0,0.0,0.0,0.011305662803351879,world
rigid_none,world_only,90308,False,True,,1.0,-2.0,short,-0.25,62,True,3.0,0.011082622222602367,0.07702227288333914,0.020854270237959403,world,settled,world,settled,world,settled,0.010018476285040379,-0.14560088712885313,0.0,0.0,0.0,0.011082622222602367,world
rigid_none,world_only,90309,False,True,,1.0,2.0,medium,0.25,65,True,5.0,0.010513519868254662,-0.042035641389432686,-0.08744341664604341,world,settled,world,settled,world,settled,0.010924636386334896,0.043971054602938986,0.0,0.0,0.0,0.010513519868254662,world
rigid_none,world_only,90310,False,True,,1.0,4.0,short,0.15000000000000002,70,True,4.75,0.011859789490699768,0.2396086208643058,0.16874637394906128,world,settled,world,settled,world,settled,0.010858377441763878,0.030109434521474042,0.0,0.0,0.0,0.011859789490699768,world
rigid_none,world_only,90311,False,True,,1.0,-4.0,medium,-0.05,66,True,4.3,0.009814242832362652,-0.18832722508010338,-0.2205134458084844,world,settled,world,settled,world,settled,0.01009542215615511,-0.12950349728275765,0.0,0.0,0.0,0.009814242832362652,world
rigid_none,world_only,90312,False,True,,1.0,1.0,short,0.2,69,True,3.0,0.009964248165488243,-0.15694552259427236,-0.19196796178538075,world,settled,world,settled,world,settled,0.010690294206142426,-0.005053965335196009,0.0,0.0,0.0,0.009964248165488243,world
rigid_none,world_only,90313,False,True,,1.0,-1.0,medium,-0.2,66,True,3.0,0.010381674394011497,-0.06961832922873823,-0.11253323372612856,world,settled,world,settled,world,settled,0.011053770780563354,0.07098651733602117,0.0,0.0,0.0,0.010381674394011497,world
rigid_none,world_only,90314,False,True,,1.0,2.0,short,-0.05,66,True,3.0,0.010834778659045696,0.025172645880490445,-0.026309286292536805,world,settled,world,settled,world,settled,0.01034634094685316,-0.07701039363237878,0.0,0.0,0.0,0.010834778659045696,world
rigid_none,world_only,90315,False,True,,1.0,2.0,medium,0.0,65,True,4.800000000000001,0.01031879335641861,-0.08277342613771828,-0.12449939804774939,world,settled,world,settled,world,settled,0.0100717069581151,-0.1344647768209076,0.0,0.0,0.0,0.01031879335641861,world
rigid_none,world_only,90316,False,True,,1.0,4.0,short,-0.05,63,True,4.65,0.011638371273875237,0.19328724582776932,0.12661143650802678,world,settled,world,settled,world,settled,0.010125523433089256,-0.12320606224688209,0.0,0.0,0.0,0.011638371273875237,world
rigid_none,world_only,90317,False,True,,1.0,4.0,medium,0.25,84,True,4.3,0.010169213637709618,-0.11406586142222039,-0.15296368266905297,world,settled,world,settled,world,settled,0.01072067953646183,0.0013027023090708468,0.0,0.0,0.0,0.010169213637709618,world
rigid_none,world_only,90318,False,True,,1.0,-1.0,short,0.1,75,True,3.0,0.009559666737914085,-0.24158536605325728,-0.2689582175010267,world,settled,world,settled,world,settled,0.011441679671406746,0.15213869301088093,0.0,0.0,0.0,0.009559666737914085,world
rigid_none,world_only,90319,False,True,,1.0,1.0,medium,-0.25,65,True,3.0,0.011574002914130688,0.1798211746804211,0.11436240320703991,world,settled,world,settled,world,settled,0.010628068819642067,-0.018071982873948574,0.0,0.0,0.0,0.011574002914130688,world
rigid_none,world_only,90320,False,True,,1.0,2.0,short,0.25,76,True,3.0,0.010866564698517323,0.03182227516612446,-0.02026063782872798,world,settled,world,settled,world,settled,0.010828004218637943,0.02375536185045012,0.0,0.0,0.0,0.010866564698517323,world
rigid_none,world_only,90321,False,True,,1.0,2.0,medium,-0.15000000000000002,57,True,4.9,0.009403742849826813,-0.2742053907447871,-0.29863010652890004,world,settled,world,settled,world,settled,0.011600889265537262,0.18544552407092446,0.0,0.0,0.0,0.009403742849826813,world
rigid_none,world_only,90322,False,True,,1.0,4.0,short,-0.1,74,True,4.65,0.010048617608845234,-0.13929515938167575,-0.17591280476148632,world,settled,world,settled,world,settled,0.010341763496398926,-0.07796785960685026,0.0,0.0,0.0,0.010048617608845234,world
rigid_none,world_only,90323,False,True,,1.0,-4.0,medium,-0.05,75,True,4.15,0.01134445983916521,0.13179976642817953,0.07068107831237487,world,settled,world,settled,world,settled,0.010615075007081032,-0.020790152197581357,0.0,0.0,0.0,0.01134445983916521,world
rigid_none,world_only,90324,False,True,,1.0,1.0,short,-0.05,72,True,3.0,0.009722137823700905,-0.2075957714736755,-0.23804053770142697,world,settled,world,settled,world,settled,0.010900246910750866,0.03886890735023559,0.0,0.0,0.0,0.009722137823700905,world
rigid_none,world_only,90325,False,True,,1.0,1.0,medium,0.05,80,True,3.0,0.010885682888329029,0.03582203005039484,-0.016622373168076708,world,settled,world,settled,world,settled,0.01058773323893547,-0.026510145409491655,0.0,0.0,0.0,0.010885682888329029,world
rigid_none,world_only,90326,False,True,,1.0,2.0,short,0.1,73,True,3.0,0.011492962017655373,0.16286708199966232,0.09894058911128364,world,settled,world,settled,world,settled,0.011428693309426308,0.14942159772122293,0.0,0.0,0.0,0.011492962017655373,world
rigid_none,world_only,90327,False,True,,1.0,-2.0,medium,0.25,78,True,5.1000000000000005,0.011080597527325153,0.07659898537789431,0.020469238650545958,world,settled,world,settled,world,settled,0.011488394811749458,0.16191146940354645,0.0,0.0,0.0,0.011080597527325153,world
rigid_none,world_only,90328,False,True,,1.0,-4.0,short,0.15000000000000002,74,True,4.7,0.011518527753651142,0.16821551425395154,0.10380564025159056,world,settled,world,settled,world,settled,0.010777192190289497,0.013125340735231649,0.0,0.0,0.0,0.011518527753651142,world
rigid_none,world_only,90329,False,True,,1.0,4.0,medium,0.15000000000000002,75,True,4.25,0.010347925126552582,-0.07667894699130776,-0.11895572631159843,world,settled,world,settled,world,settled,0.010155520401895046,-0.11693069970514122,0.0,0.0,0.0,0.010347925126552582,world
rigid_none,world_only,90330,False,True,,1.0,1.0,short,0.1,82,True,3.0,0.011201031506061554,0.10179422842336024,0.04338738364721375,world,settled,world,settled,world,settled,0.010592589154839516,-0.02549428462183828,0.0,0.0,0.0,0.011201031506061554,world
rigid_none,world_only,90331,False,True,,1.0,1.0,medium,-0.05,61,True,3.0,0.010392321273684502,-0.06739104822923025,-0.11050725013855481,world,settled,world,settled,world,settled,0.01022807601839304,-0.1017516819710158,0.0,0.0,0.0,0.010392321273684502,world
rigid_none,world_only,90332,False,True,,1.0,-2.0,short,-0.1,70,True,3.0,0.011024688370525837,0.06490245217889898,0.009829815830564392,world,settled,world,settled,world,settled,0.010540670715272427,-0.036355894008436654,0.0,0.0,0.0,0.011024688370525837,world
rigid_none,world_only,90333,False,True,,1.0,2.0,medium,0.1,72,True,4.75,0.01030675694346428,-0.08529137458357236,-0.126789779111829,world,settled,world,settled,world,settled,0.010906105861067772,0.04009475030403707,0.0,0.0,0.0,0.01030675694346428,world
rigid_none,world_only,90334,False,True,,1.0,4.0,short,0.05,61,True,4.75,0.00959786120802164,-0.23359505011295872,-0.26169005108729165,world,settled,world,settled,world,settled,0.01038622297346592,-0.06866680575517022,0.0,0.0,0.0,0.00959786120802164,world
rigid_none,world_only,90335,False,True,,1.0,-4.0,medium,0.1,77,True,4.4,0.012068533338606358,0.2832784623483553,0.20846941838673141,world,settled,world,settled,world,settled,0.011343015357851982,0.1314978057946654,0.0,0.0,0.0,0.012068533338606358,world
rigid_none,world_only,90336,False,True,,1.0,-1.0,short,-0.15000000000000002,76,True,3.0,0.01090148277580738,0.03912735499506407,-0.013615777192545342,world,settled,world,settled,world,settled,0.009637996554374695,-0.22519846072922842,0.0,0.0,0.0,0.01090148277580738,world
rigid_none,world_only,90337,False,True,,1.0,1.0,medium,-0.25,60,True,3.0,0.011718258261680603,0.20999992928022465,0.1418136594814506,world,settled,world,settled,world,settled,0.010484249331057072,-0.04815928141066634,0.0,0.0,0.0,0.011718258261680603,world
rigid_none,world_only,90338,False,True,,1.0,2.0,short,-0.1,58,True,3.0,0.010428359732031822,-0.05985153065101849,-0.10364913979008258,world,settled,world,settled,world,settled,0.010215251706540585,-0.10443472599986128,0.0,0.0,0.0,0.010428359732031822,world
rigid_none,world_only,90339,False,True,,1.0,2.0,medium,-0.05,61,True,4.75,0.00998527742922306,-0.15254609555702076,-0.1879661465792306,world,settled,world,settled,world,settled,0.010330535471439362,-0.08031694726217342,0.0,0.0,0.0,0.00998527742922306,world
rigid_none,world_only,90340,False,True,,1.0,4.0,short,-0.2,57,True,4.65,0.011687521822750568,0.2035696793491552,0.13596456328423887,world,settled,world,settled,world,settled,0.010925369337201118,0.044124647549960136,0.0,0.0,0.0,0.011687521822750568,world
rigid_none,world_only,90341,False,True,,1.0,4.0,medium,0.15000000000000002,71,True,4.3,0.00965066533535719,-0.22254822101018626,-0.2516416133455367,world,settled,world,settled,world,settled,0.009969627484679222,-0.15582023150488844,0.0,0.0,0.0,0.00965066533535719,world
rigid_none,world_only,90342,False,True,,1.0,1.0,short,-0.2,69,True,3.0,0.01073547638952732,0.0043982277464312495,-0.04520615210798491,world,settled,world,settled,world,settled,0.01069708727300167,-0.0036327748414469287,0.0,0.0,0.0,0.01073547638952732,world
rigid_none,world_only,90343,False,True,,1.0,1.0,medium,-0.1,70,True,3.0,0.009808797389268875,-0.18946642929327281,-0.2215496909159882,world,settled,world,settled,world,settled,0.010674399323761463,-0.008379338914061094,0.0,0.0,0.0,0.009808797389268875,world
rigid_none,world_only,90344,False,True,,1.0,2.0,short,0.2,65,True,3.0,0.011157470755279064,0.09268102457513945,0.03509781379464979,world,settled,world,settled,world,settled,0.010439587756991386,-0.057502702371247175,0.0,0.0,0.0,0.011157470755279064,world
rigid_none,world_only,90345,False,True,,1.0,-2.0,medium,0.0,75,True,4.6000000000000005,0.010843366384506226,0.026969094346766958,-0.024675197414931176,world,settled,world,settled,world,settled,0.009739583358168602,-0.2039462289907577,0.0,0.0,0.0,0.010843366384506226,world
rigid_none,world_only,90346,False,True,,1.0,4.0,short,-0.2,59,True,4.6000000000000005,0.009439687244594097,-0.2666856520745519,-0.2917899875083965,world,settled,world,settled,world,settled,0.011076663620769978,0.07577579800478182,0.0,0.0,0.0,0.009439687244594097,world
rigid_none,world_only,90347,False,True,,1.0,-4.0,medium,-0.2,63,True,4.2,0.009719546884298325,-0.20813787794518826,-0.23853364962320295,world,settled,world,settled,world,settled,0.01036795973777771,-0.0724876706609093,0.0,0.0,0.0,0.009719546884298325,world
rigid_none,world_only,90348,False,True,,1.0,-1.0,short,0.25,77,True,3.0,0.010671514086425304,-0.008982827279640315,-0.0573778528827105,world,settled,world,settled,world,settled,0.010779458098113537,0.013599587621375506,0.0,0.0,0.0,0.010671514086425304,world
rigid_none,world_only,90349,False,True,,1.0,1.0,medium,0.05,63,True,3.0,0.00965513102710247,-0.22161400628822542,-0.25079183116969966,world,settled,world,settled,world,settled,0.010527472011744976,-0.03911709897232184,0.0,0.0,0.0,0.00965513102710247,world
rigid_none,world_only,90350,False,True,,1.0,-2.0,short,0.05,79,True,3.0,0.010433060117065907,-0.05886836457786487,-0.10275483039288094,world,settled,world,settled,world,settled,0.010370658710598946,-0.07192302347977053,0.0,0.0,0.0,0.010433060117065907,world
rigid_none,world_only,90351,False,True,,1.0,2.0,medium,0.25,75,True,4.75,0.01074194721877575,0.005752018955086269,-0.043974713968682966,world,settled,world,settled,world,settled,0.011113429442048073,0.0834673888084722,0.0,0.0,0.0,0.01074194721877575,world
rigid_none,world_only,90352,False,True,,1.0,-4.0,short,0.2,76,True,4.75,0.010617056861519814,-0.0203755592528847,-0.06774093145273344,world,settled,world,settled,world,settled,0.010286692529916763,-0.08948898065161356,0.0,0.0,0.0,0.010617056861519814,world
rigid_none,world_only,90353,False,True,,1.0,-4.0,medium,-0.05,65,True,4.2,0.012855318374931812,0.44787697766702445,0.3581918335863872,world,settled,world,settled,world,settled,0.0090931486338377,-0.3391826786900981,0.0,0.0,0.0,0.012855318374931812,world
rigid_none,world_only,90354,False,True,,1.0,-1.0,short,-0.25,72,True,3.0,0.010441308841109276,-0.057142812704591185,-0.10118523060931883,world,settled,world,settled,world,settled,0.010663231834769249,-0.010715434655011347,0.0,0.0,0.0,0.010441308841109276,world
rigid_none,world_only,90355,False,True,,1.0,1.0,medium,0.0,71,True,3.0,0.009809812530875206,-0.1892537930941905,-0.22135627237133218,world,settled,world,settled,world,settled,0.011558577418327332,0.17659391081729278,0.0,0.0,0.0,0.009809812530875206,world
rigid_none,world_only,90356,False,True,,1.0,2.0,short,0.2,78,True,3.0,0.009968390688300133,-0.15607891295303117,-0.1911796746719111,world,settled,world,settled,world,settled,0.010375933721661568,-0.07081919175968418,0.0,0.0,0.0,0.009968390688300133,world
rigid_none,world_only,90357,False,True,,1.0,-2.0,medium,-0.1,69,True,4.6000000000000005,0.011292328126728535,0.12089369666238263,0.06076067834698188,world,settled,world,settled,world,settled,0.011074540205299854,0.075331518127805,0.0,0.0,0.0,0.011292328126728535,world
rigid_none,world_only,90358,False,True,,1.0,4.0,short,-0.15000000000000002,74,True,4.55,0.01103267166763544,0.06657269312906003,0.011349103586831989,world,settled,world,settled,world,settled,0.010581049136817455,-0.02790832454267227,0.0,0.0,0.0,0.01103267166763544,world
rigid_none,world_only,90359,False,True,,1.0,-4.0,medium,-0.2,57,True,4.65,0.010820425115525723,0.022169754046866184,-0.02904078248521578,world,settled,world,settled,world,settled,0.011448338627815247,0.15353164688353343,0.0,0.0,0.0,0.010820425115525723,world
rigid_none,body_world,90360,True,True,m,1.436507707360915,1.0,short,-0.15000000000000002,74,True,3.0,0.022870948538184166,2.5431831445954862,2.264128222428652,body,settled,body,settled,body,settled,0.03558290749788284,5.2025709760254815,0.2,0.2,0.2,0.022870948538184166,body
rigid_none,body_world,90361,True,True,l,1.4256287739373548,-1.0,medium,-0.25,60,False,nan,nan,nan,nan,world,decayed,world,decayed,world,decayed,0.03681056946516037,5.459402971759966,0.4,0.4,0.4,nan,world
rigid_none,body_world,90362,True,True,m,1.4329806398316671,-2.0,short,0.2,74,False,nan,nan,nan,nan,alarm,persistent,alarm,persistent,alarm,persistent,0.057040970772504807,9.691676956855028,1.0,1.0,1.0,nan,alarm
rigid_none,body_world,90363,True,True,l,1.210563351806276,-2.0,medium,-0.15000000000000002,77,True,4.75,0.02076365239918232,2.102329365370114,1.8631179675807936,body,settled,body,settled,body,settled,0.02095162309706211,2.141653441330706,0.0,0.0,0.0,0.02076365239918232,body
rigid_none,body_world,90364,True,True,m,1.372696280105733,-4.0,short,-0.15000000000000002,58,False,nan,nan,nan,nan,alarm,persistent,alarm,persistent,alarm,persistent,0.054522015154361725,9.164702737542635,1.0,1.0,1.0,nan,alarm
rigid_none,body_world,90365,True,True,l,1.2749895656307437,-4.0,medium,-0.2,74,True,4.3,0.026602327823638916,3.3238013564701445,2.9741956480335183,body,settled,body,settled,body,settled,0.024257231503725052,2.833198886122324,0.0,0.0,0.0,0.026602327823638916,body
rigid_none,body_world,90366,True,True,m,1.3066897985826524,-1.0,short,-0.15000000000000002,69,True,3.0,0.025418946519494057,3.076233943705771,2.7490029062153427,body,settled,body,settled,body,settled,0.023168517276644707,2.605436075344554,0.0,0.0,0.0,0.025418946519494057,body
rigid_none,body_world,90367,True,True,l,1.3576619828175316,1.0,medium,0.15000000000000002,62,True,3.0,0.030947020277380943,4.23272728848759,3.8009745865663547,body,settled,body,settled,body,settled,0.029680857434868813,3.9678415089547974,0.0,0.0,0.0,0.030947020277380943,body
rigid_none,body_world,90368,True,True,m,1.4143053583788585,2.0,short,0.05,60,True,3.0,0.025735696777701378,3.142499311951181,2.8092793367687348,body,settled,body,settled,body,settled,0.029245594516396523,3.8767828822778077,0.0,0.0,0.0,0.025735696777701378,body
rigid_none,body_world,90369,True,True,l,1.3743712386074276,-2.0,medium,0.1,67,True,5.1000000000000005,0.02582511305809021,3.161205561982875,2.8262949515733498,body,settled,body,settled,body,settled,0.03429871052503586,4.9339133060749285,0.4,0.4,0.4,0.02582511305809021,body
rigid_none,body_world,90370,True,True,m,1.5116611087725051,4.0,short,-0.25,61,False,nan,nan,nan,nan,alarm,persistent,alarm,persistent,alarm,persistent,0.05720127373933792,9.725213236642581,1.0,1.0,1.0,nan,alarm
rigid_none,body_world,90371,True,True,l,1.462891218935012,4.0,medium,0.2,69,True,4.9,0.02806253731250763,3.6292828998505313,3.2520683517166615,body,settled,body,settled,body,settled,0.04704643040895462,7.6007828118996486,0.8,0.8,0.8,0.02806253731250763,body
rigid_none,body_world,90372,True,True,m,1.6331779731038802,-1.0,short,-0.1,65,False,nan,nan,nan,nan,alarm,persistent,alarm,persistent,alarm,persistent,0.07517324388027191,13.485014250047964,1.0,1.0,1.0,nan,alarm
rigid_none,body_world,90373,True,True,l,1.2018022497580947,-1.0,medium,0.1,66,True,3.0,0.021497730165719986,2.2559014746708272,2.0028105223240282,body,settled,body,settled,body,settled,0.021350612863898277,2.2251235771592293,0.0,0.0,0.0,0.021497730165719986,body
rigid_none,body_world,90374,True,True,m,1.3280228263513763,-2.0,short,0.1,73,False,nan,nan,nan,nan,alarm,persistent,alarm,persistent,alarm,persistent,0.047359246760606766,7.666225611376548,1.0,1.0,1.0,nan,alarm
rigid_none,body_world,90375,True,True,l,1.308876304017658,2.0,medium,-0.25,65,True,4.800000000000001,0.030802106484770775,4.202410628899605,3.773397888893773,body,settled,body,settled,body,settled,0.029954195022583008,4.02502533299973,0.0,0.0,0.0,0.030802106484770775,body
rigid_none,body_world,90376,True,True,m,1.5016949779873145,4.0,short,0.2,70,False,nan,nan,nan,nan,alarm,persistent,alarm,persistent,alarm,persistent,0.06185648962855339,10.699101253910147,1.0,1.0,1.0,nan,alarm
rigid_none,body_world,90377,True,True,l,1.2414565409093206,-4.0,medium,0.25,66,True,4.55,0.024062445387244225,2.7924495865608123,2.4908664384266452,body,settled,body,settled,body,settled,0.023495789617300034,2.6739028284369675,0.0,0.0,0.0,0.024062445387244225,body
rigid_none,body_world,90378,True,True,m,1.4238236120964585,1.0,short,0.25,66,True,3.0,0.023395579308271408,2.6529381869522646,2.36396381323081,body,settled,body,settled,body,settled,0.03928845375776291,5.97778550378243,0.4,0.4,0.4,0.023395579308271408,body
rigid_none,body_world,90379,True,True,l,1.2836548774066676,-1.0,medium,-0.25,64,False,nan,nan,nan,nan,world,decayed,world,decayed,world,decayed,0.029056811705231667,3.837288884887692,0.2,0.2,0.2,nan,world
rigid_none,body_world,90380,True,True,m,1.3621236417497946,2.0,short,0.2,70,True,3.0,0.02028054930269718,2.0012626027329117,1.771185426335472,body,settled,body,settled,body,settled,0.024225536733865738,2.826568292323191,0.0,0.0,0.0,0.02028054930269718,body
rigid_none,body_world,90381,True,True,l,1.3983378082528164,-2.0,medium,-0.2,74,True,4.75,0.04172726720571518,6.487993670382719,5.852414291002311,body,settled,body,settled,body,settled,0.035383857786655426,5.16093022095855,0.0,0.0,0.0,0.04172726720571518,body
rigid_none,body_world,90382,True,True,m,1.3509200717074077,-4.0,short,-0.2,74,False,nan,nan,nan,nan,alarm,persistent,alarm,persistent,alarm,persistent,0.0535917766392231,8.970093275690914,1.0,1.0,1.0,nan,alarm
rigid_none,body_world,90383,True,True,l,1.2311925915846564,4.0,medium,-0.2,58,True,4.3,0.02391357347369194,2.7613049417608706,2.4625365872675706,body,settled,body,settled,body,settled,0.017150873318314552,1.3465227874062635,0.0,0.0,0.0,0.02391357347369194,body
rigid_none,body_world,90384,True,True,m,1.524037917146982,-1.0,short,0.25,63,False,nan,nan,nan,nan,alarm,persistent,alarm,persistent,alarm,persistent,0.06546255201101303,11.45350305875672,1.0,1.0,1.0,nan,alarm
rigid_none,body_world,90385,True,True,l,1.3531822605860213,1.0,medium,-0.2,58,True,3.0,0.02733207307755947,3.4764670955623513,3.1130637485803114,body,settled,body,settled,body,settled,0.029843280091881752,4.001821123664266,0.0,0.0,0.0,0.02733207307755947,body
rigid_none,body_world,90386,True,True,m,1.3095845696334245,2.0,short,0.1,61,True,3.0,0.017604555934667587,1.4414346948443302,1.2619536978294623,body,settled,body,settled,body,settled,0.02518061175942421,3.0263732193931334,0.0,0.0,0.0,0.017604555934667587,body
rigid_none,body_world,90387,True,True,l,1.3723802328668413,-2.0,medium,-0.2,61,False,nan,nan,nan,nan,world,decayed,world,decayed,world,decayed,0.02537674829363823,3.0674062319701187,0.0,0.0,0.0,nan,world
rigid_none,body_world,90388,True,True,m,1.6369604542264304,4.0,short,0.25,64,False,nan,nan,nan,nan,alarm,persistent,alarm,persistent,alarm,persistent,0.08493117988109589,15.526410742883206,0.8,0.8,0.8,nan,alarm
rigid_none,body_world,90389,True,True,l,1.4434986184388112,4.0,medium,0.1,68,True,4.7,0.03625897690653801,5.344007828732112,4.811819709486589,body,settled,body,settled,body,settled,0.041441790759563446,6.428271757928316,0.6,0.6,0.6,0.03625897690653801,body
rigid_none,body_world,90390,True,True,m,1.628686273513856,1.0,short,-0.25,63,True,3.0,0.0559234619140625,9.457890242653157,8.553897271165468,body,settled,body,settled,body,settled,0.07539276033639908,13.530938228251795,1.0,1.0,1.0,0.0559234619140625,body
rigid_none,body_world,90391,True,True,l,1.4997252692437577,-1.0,medium,-0.25,60,False,nan,nan,nan,nan,world,decayed,world,decayed,world,decayed,0.048749394714832306,7.9570493114002065,0.6,0.6,0.6,nan,world
rigid_none,body_world,90392,True,True,m,1.4793682183432437,2.0,short,-0.2,56,True,3.0,0.016842657700181007,1.282042811896454,1.1169673494898418,body,settled,body,settled,body,settled,0.049080152064561844,8.026244727134149,0.8,0.8,0.8,0.016842657700181007,body
rigid_none,body_world,90393,True,True,l,1.373838534697687,-2.0,medium,0.2,80,False,nan,nan,nan,nan,world,decayed,world,decayed,world,decayed,0.032944537699222565,4.650614921295867,0.2,0.2,0.2,nan,world
rigid_none,body_world,90394,True,True,m,1.374879786515465,4.0,short,-0.2,58,False,nan,nan,nan,nan,alarm,persistent,alarm,persistent,alarm,persistent,0.05524076148867607,9.31506689489043,1.0,1.0,1.0,nan,alarm
rigid_none,body_world,90395,True,True,l,1.2278138310881848,-4.0,medium,-0.2,72,True,4.25,0.02120804414153099,2.195297760839523,1.9476840566489007,body,settled,body,settled,body,settled,0.019970986992120743,1.9365004631545855,0.0,0.0,0.0,0.02120804414153099,body
rigid_none,body_world,90396,True,True,m,1.5997246997728216,1.0,short,-0.15000000000000002,76,True,3.0,0.040260206907987595,6.181080510342037,5.5732393574442245,body,settled,body,settled,body,settled,0.06465142965316772,11.283812461296257,1.0,1.0,1.0,0.040260206907987595,body
rigid_none,body_world,90397,True,True,l,1.2083810902658325,1.0,medium,0.15000000000000002,74,True,3.0,0.02036217972636223,2.0183397965117935,1.7867192158867116,body,settled,body,settled,body,settled,0.020394235849380493,2.0250459039105224,0.0,0.0,0.0,0.02036217972636223,body
rigid_none,body_world,90398,True,True,m,1.605681322392905,2.0,short,-0.05,61,True,3.0,0.03470909222960472,5.01976657716641,4.516882764291253,body,settled,body,settled,body,settled,0.07524779438972473,13.500610640794324,1.0,1.0,1.0,0.03470909222960472,body
rigid_none,body_world,90399,True,True,l,1.216354811034764,-2.0,medium,-0.25,60,False,nan,nan,nan,nan,world,decayed,world,decayed,world,decayed,0.03403540700674057,4.878828875052067,0.4,0.4,0.4,nan,world
rigid_none,body_world,90400,True,True,m,1.3999353886758357,4.0,short,-0.05,71,False,nan,nan,nan,nan,alarm,persistent,alarm,persistent,alarm,persistent,0.04866740480065346,7.939896038997051,1.0,1.0,1.0,nan,alarm
rigid_none,body_world,90401,True,True,l,1.3909618610188579,-4.0,medium,0.2,64,True,4.7,0.031514257192611694,4.35139562920574,3.9089179088111443,body,settled,body,settled,body,settled,0.03501738980412483,5.084263737219817,0.2,0.2,0.2,0.031514257192611694,body
rigid_none,body_world,90402,True,True,m,1.4765881692612393,-1.0,short,-0.15000000000000002,72,True,3.0,0.043231647461652756,6.80271590495704,6.138692529820396,body,settled,body,settled,body,settled,0.04288436472415924,6.730063380871644,0.8,0.8,0.8,0.043231647461652756,body
rigid_none,body_world,90403,True,True,l,1.2287348099119875,1.0,medium,-0.1,60,True,3.0,0.017029354348778725,1.3211005785757761,1.1524951496538418,body,settled,body,settled,body,settled,0.022265318781137466,2.416483246006587,0.0,0.0,0.0,0.017029354348778725,body
rigid_none,body_world,90404,True,True,m,1.5959684874168683,-2.0,short,-0.2,61,False,nan,nan,nan,nan,alarm,persistent,alarm,persistent,alarm,persistent,0.07191664725542068,12.803723998256174,1.0,1.0,1.0,nan,alarm
rigid_none,body_world,90405,True,True,l,1.4263406910614387,-2.0,medium,-0.15000000000000002,77,False,nan,nan,nan,nan,world,decayed,world,decayed,world,decayed,0.03653687983751297,5.402145631185412,0.4,0.4,0.4,nan,world
rigid_none,body_world,90406,True,True,m,1.5761825745829299,-4.0,short,0.25,68,False,nan,nan,nan,nan,alarm,persistent,alarm,persistent,alarm,persistent,0.06949073076248169,12.29621215132917,1.0,1.0,1.0,nan,alarm
rigid_none,body_world,90407,True,True,l,1.3075505965528191,-4.0,medium,0.25,60,True,4.65,0.02367582730948925,2.711567066477157,2.4172939263604567,body,settled,body,settled,body,settled,0.032356202602386475,4.527533988709058,0.0,0.0,0.0,0.02367582730948925,body
rigid_none,body_world,90408,True,True,m,1.5508532757037867,1.0,short,-0.25,74,True,3.0,0.035285692662000656,5.140393449280706,4.626607609597217,body,settled,body,settled,body,settled,0.06921102106571198,12.237695740940229,1.0,1.0,1.0,0.035285692662000656,body
rigid_none,body_world,90409,True,True,l,1.386472676208235,1.0,medium,0.05,62,True,3.0,0.027255838736891747,3.460518511783964,3.09855656740865,body,settled,body,settled,body,settled,0.03614219278097153,5.319576846100492,0.4,0.4,0.4,0.027255838736891747,body
rigid_none,body_world,90410,True,True,m,1.305798982810204,2.0,short,0.0,73,True,3.0,0.020486656576395035,2.0443807536361533,1.8104066409356037,body,settled,body,settled,body,settled,0.027904322370886803,3.5961840733702695,0.0,0.0,0.0,0.020486656576395035,body
rigid_none,body_world,90411,True,True,l,1.201605261104429,-2.0,medium,0.15000000000000002,64,True,5.050000000000001,0.02173776924610138,2.3061182375929272,2.048488789917445,body,settled,body,settled,body,settled,0.018677309155464172,1.6658586554740755,0.0,0.0,0.0,0.02173776924610138,body
rigid_none,body_world,90412,True,True,m,1.6785527327767333,-4.0,short,-0.2,66,False,nan,nan,nan,nan,alarm,persistent,alarm,persistent,alarm,persistent,0.07426129281520844,13.294230804081252,0.8,0.8,0.8,nan,alarm
rigid_none,body_world,90413,True,True,l,1.497413653722908,4.0,medium,-0.05,68,True,4.6000000000000005,0.09859783202409744,18.38552506280667,16.67466947075724,body,settled,body,settled,body,settled,0.057786960154771805,9.847742500567644,0.8,0.8,0.8,0.09859783202409744,body
rigid_none,body_world,90414,True,True,m,1.6384059842206313,-1.0,short,-0.1,67,False,nan,nan,nan,nan,alarm,persistent,alarm,persistent,alarm,persistent,0.07096019387245178,12.603630289996833,1.0,1.0,1.0,nan,alarm
rigid_none,body_world,90415,True,True,l,1.4445958942354706,1.0,medium,-0.15000000000000002,61,True,3.0,0.03434348851442337,4.943280272977614,4.44730914650575,body,settled,body,settled,body,settled,0.04287779703736305,6.7286887537691955,0.6,0.6,0.6,0.03434348851442337,body
rigid_none,body_world,90416,True,True,m,1.4228738912776615,-2.0,short,-0.05,70,False,nan,nan,nan,nan,alarm,persistent,alarm,persistent,alarm,persistent,0.05960576608777046,10.22824183682646,1.0,1.0,1.0,nan,alarm
rigid_none,body_world,90417,True,True,l,1.412003609654068,-2.0,medium,-0.15000000000000002,63,False,nan,nan,nan,nan,world,decayed,world,decayed,world,decayed,0.029067397117614746,3.8395025541505,0.2,0.2,0.2,nan,world
rigid_none,body_world,90418,True,True,m,1.6633408277228265,4.0,short,0.25,65,False,nan,nan,nan,nan,alarm,persistent,alarm,persistent,alarm,persistent,0.07931912690401077,14.352349387844194,1.0,1.0,1.0,nan,alarm
rigid_none,body_world,90419,True,True,l,1.4868039659450991,-4.0,medium,0.25,75,True,4.75,0.05241365358233452,8.723624524183752,7.885993088951494,body,settled,body,settled,body,settled,0.053933560848236084,9.041596856193834,1.0,1.0,1.0,0.05241365358233452,body
rigid_none,body_world,90420,True,True,m,1.5449902128447706,1.0,short,-0.05,63,True,3.0,0.03142854571342468,4.333464006085881,3.892606911614375,body,settled,body,settled,body,settled,0.06134113669395447,10.591287307554449,1.0,1.0,1.0,0.03142854571342468,body
rigid_none,body_world,90421,True,True,l,1.3429074718778478,1.0,medium,-0.05,68,True,3.0,0.02779240533709526,3.572770968079888,3.2006638606377606,body,settled,body,settled,body,settled,0.029935482889413834,4.021111124556233,0.0,0.0,0.0,0.02779240533709526,body
rigid_none,body_world,90422,True,True,m,1.4859152920245902,2.0,short,-0.2,56,True,3.0,0.02712671458721161,3.4335055392997234,3.0739849758956153,body,settled,body,settled,body,settled,0.03975594416260719,6.0755864432755375,0.4,0.4,0.4,0.02712671458721161,body
rigid_none,body_world,90423,True,True,l,1.4537628318674107,-2.0,medium,0.0,61,False,nan,nan,nan,nan,world,decayed,world,decayed,world,decayed,0.04406154155731201,6.976333584655995,0.6,0.6,0.6,nan,world
rigid_none,body_world,90424,True,True,m,1.5039422662674549,-4.0,short,-0.2,72,False,nan,nan,nan,nan,alarm,persistent,alarm,persistent,alarm,persistent,0.0695587545633316,12.310441810705836,0.8,0.8,0.8,nan,alarm
rigid_none,body_world,90425,True,True,l,1.484051795950852,4.0,medium,0.0,66,True,4.75,0.03626305237412453,5.3448609502358,4.812595727494672,body,settled,body,settled,body,settled,0.05079718306660652,8.385453685182503,1.0,1.0,1.0,0.03626305237412453,body
rigid_none,body_world,90426,True,True,m,1.499613542769097,-1.0,short,-0.2,68,True,3.0,0.04962366819381714,8.139950005563875,7.355069960944687,body,settled,body,settled,body,settled,0.048518143594264984,7.908671616122481,0.6,0.6,0.6,0.04962366819381714,body
rigid_none,body_world,90427,True,True,l,1.2434438593395136,1.0,medium,0.05,67,True,3.0,0.027333050966262817,3.4766716198823837,3.1132497883820847,body,settled,body,settled,body,settled,0.021680260077118874,2.294086738525891,0.0,0.0,0.0,0.027333050966262817,body
rigid_none,body_world,90428,True,True,m,1.5747146197091175,2.0,short,0.25,64,True,3.0,0.03974629566073418,6.073568535579381,5.475444110061919,body,settled,body,settled,body,settled,0.04310343414545059,6.775893711106316,0.8,0.8,0.8,0.03974629566073418,body
rigid_none,body_world,90429,True,True,l,1.4646053079069046,-2.0,medium,0.1,67,False,nan,nan,nan,nan,world,decayed,world,decayed,world,decayed,0.04613543674349785,7.410199306733827,0.6,0.6,0.6,nan,world
rigid_none,body_world,90430,True,True,m,1.6725099978259204,-4.0,short,0.1,62,False,nan,nan,nan,nan,alarm,persistent,alarm,persistent,alarm,persistent,0.08375512063503265,15.28037447879836,0.8,0.8,0.8,nan,alarm
rigid_none,body_world,90431,True,True,l,1.3236542402011626,-4.0,medium,0.1,67,True,4.55,0.027697551995515823,3.552926188455004,3.1826126143747535,body,settled,body,settled,body,settled,0.02863892912864685,3.749867385372317,0.0,0.0,0.0,0.027697551995515823,body
rigid_none,body_world,90432,True,True,m,1.3642720743548598,-1.0,short,0.15000000000000002,61,True,3.0,0.034221917390823364,4.917847465063548,4.42417490730055,body,settled,body,settled,body,settled,0.02246830426156521,2.4589492878055554,0.0,0.0,0.0,0.034221917390823364,body
rigid_none,body_world,90433,True,True,l,1.3743791243103016,-1.0,medium,0.05,77,False,nan,nan,nan,nan,world,decayed,world,decayed,world,decayed,0.029106592759490013,3.8477036535203872,0.2,0.2,0.2,nan,world
rigid_none,body_world,90434,True,True,m,1.4747028802268096,2.0,short,-0.05,62,True,3.0,0.03440219908952713,4.955563371200732,4.458482121720863,body,settled,body,settled,body,settled,0.04971662536263466,8.15939681541616,0.8,0.8,0.8,0.03440219908952713,body
rigid_none,body_world,90435,True,True,l,1.3038106075252267,-2.0,medium,-0.2,60,True,4.800000000000001,0.02526293694972992,3.0435960214923092,2.7193147372094595,body,settled,body,settled,body,settled,0.02910018526017666,3.8463628158677485,0.0,0.0,0.0,0.02526293694972992,body
rigid_none,body_world,90436,True,True,m,1.6168586909623586,4.0,short,-0.05,79,False,nan,nan,nan,nan,alarm,persistent,alarm,persistent,alarm,persistent,0.06673866510391235,11.720472347298925,1.0,1.0,1.0,nan,alarm
rigid_none,body_world,90437,True,True,l,1.3291113567705524,-4.0,medium,0.15000000000000002,77,True,4.6000000000000005,0.026885930448770523,3.383132391185813,3.028164456905981,body,settled,body,settled,body,settled,0.025865668430924416,3.169689546314832,0.0,0.0,0.0,0.026885930448770523,body
rigid_none,body_world,90438,True,True,m,1.329008599029527,-1.0,short,0.05,80,True,3.0,0.026287037879228592,3.257841481480201,2.914197100837378,body,settled,body,settled,body,settled,0.022269127890467644,2.4172803350847483,0.0,0.0,0.0,0.026287037879228592,body
rigid_none,body_world,90439,True,True,l,1.445391509411858,1.0,medium,0.0,66,True,3.0,0.026694919914007187,3.343172718480015,2.9918162632633063,body,settled,body,settled,body,settled,0.039017874747514725,5.92117939311427,0.2,0.2,0.2,0.026694919914007187,body
rigid_none,body_world,90440,True,True,m,1.5564106744089927,2.0,short,0.25,74,True,3.0,0.026232952252030373,3.2465268574709327,2.903905070982407,body,settled,body,settled,body,settled,0.06762487441301346,11.90586768872919,1.0,1.0,1.0,0.026232952252030373,body
rigid_none,body_world,90441,True,True,l,1.3070596772413094,2.0,medium,0.2,71,False,nan,nan,nan,nan,world,decayed,world,decayed,world,decayed,0.033301182091236115,4.725225845263046,0.2,0.2,0.2,nan,world
rigid_none,body_world,90442,True,True,m,1.6269524228642334,4.0,short,0.25,74,False,nan,nan,nan,nan,alarm,persistent,alarm,persistent,alarm,persistent,0.07576139271259308,13.608056614829732,1.0,1.0,1.0,nan,alarm
rigid_none,body_world,90443,True,True,l,1.378277312801848,-4.0,medium,-0.1,72,True,4.5,0.029774582013487816,3.9874491535682166,3.577864222024504,body,settled,body,settled,body,settled,0.037389904260635376,5.580601943536041,0.2,0.2,0.2,0.029774582013487816,body
rigid_none,body_world,90444,True,True,m,1.453510197141481,1.0,short,0.0,71,True,3.0,0.024059390649199486,2.791810068739191,2.4902847190069353,body,settled,body,settled,body,settled,0.04129517078399658,6.3975978736661405,0.6,0.6,0.6,0.024059390649199486,body
rigid_none,body_world,90445,True,True,l,1.3665797638238526,-1.0,medium,0.0,62,False,nan,nan,nan,nan,world,decayed,world,decayed,world,decayed,0.02591172233223915,3.1793247026671065,0.2,0.2,0.2,nan,world
rigid_none,body_world,90446,True,True,m,1.33490869903924,-2.0,short,-0.25,64,False,nan,nan,nan,nan,alarm,persistent,alarm,persistent,alarm,persistent,0.049078233540058136,8.025844158735127,1.0,1.0,1.0,nan,alarm
rigid_none,body_world,90447,True,True,l,1.360545744961593,2.0,medium,0.25,71,False,nan,nan,nan,nan,world,decayed,world,decayed,world,decayed,0.03126659244298935,4.29958391121839,0.2,0.2,0.2,nan,world
rigid_none,body_world,90448,True,True,m,1.3926898559008811,4.0,short,0.0,79,False,nan,nan,nan,nan,alarm,persistent,alarm,persistent,alarm,persistent,0.056226491928100586,9.521285183255166,1.0,1.0,1.0,nan,alarm
rigid_none,body_world,90449,True,True,l,1.4996288562259714,4.0,medium,-0.15000000000000002,69,True,4.5,0.035289376974105835,5.141164272017784,4.627308766844368,body,settled,body,settled,body,settled,0.04655645042657852,7.498277184699411,0.8,0.8,0.8,0.035289376974105835,body
rigid_none,body_world,90450,True,True,m,1.6497126455801099,-1.0,short,-0.15000000000000002,68,False,nan,nan,nan,nan,alarm,persistent,alarm,persistent,alarm,persistent,0.07849004119634628,14.178901006099258,1.0,1.0,1.0,nan,alarm
rigid_none,body_world,90451,True,True,l,1.4011624978174013,-1.0,medium,-0.1,69,False,nan,nan,nan,nan,world,decayed,world,decayed,world,decayed,0.0255529023706913,3.1042579986224306,0.4,0.4,0.4,nan,world
rigid_none,body_world,90452,True,True,m,1.3459971515369575,2.0,short,0.0,75,True,3.0,0.0217701755464077,2.3128977275714613,2.0546555625122216,body,settled,body,settled,body,settled,0.028274208307266235,3.6735655860947696,0.0,0.0,0.0,0.0217701755464077,body
rigid_none,body_world,90453,True,True,l,1.3128410648573021,-2.0,medium,-0.2,60,True,4.800000000000001,0.02766624465584755,3.546376941161067,3.176655275569543,body,settled,body,settled,body,settled,0.03104877471923828,4.254014641867672,0.0,0.0,0.0,0.02766624465584755,body
rigid_none,body_world,90454,True,True,m,1.4532800695650452,4.0,short,0.25,80,False,nan,nan,nan,nan,alarm,persistent,alarm,persistent,alarm,persistent,0.06667782366275787,11.70773993512122,1.0,1.0,1.0,nan,alarm
rigid_none,body_world,90455,True,True,l,1.4639866887179158,4.0,medium,0.1,63,True,4.7,0.03694386035203934,5.487288025735408,4.942150515351292,body,settled,body,settled,body,settled,0.052356522530317307,8.711673677518325,0.8,0.8,0.8,0.03694386035203934,body
rigid_none,body_world,90456,True,True,m,1.437503394575647,1.0,short,-0.05,71,True,3.0,0.03614569827914238,5.320310450272483,4.790264054929154,body,settled,body,settled,body,settled,0.04161277413368225,6.464041682549338,0.8,0.8,0.8,0.03614569827914238,body
rigid_none,body_world,90457,True,True,l,1.433005966120608,-1.0,medium,0.1,79,False,nan,nan,nan,nan,world,decayed,world,decayed,world,decayed,0.03253021836280823,4.563938129174458,0.4,0.4,0.4,nan,world
rigid_none,body_world,90458,True,True,m,1.5714723561915191,-2.0,short,0.1,75,False,nan,nan,nan,nan,alarm,persistent,alarm,persistent,alarm,persistent,0.06561262905597687,11.48490041814939,1.0,1.0,1.0,nan,alarm
rigid_none,body_world,90459,True,True,l,1.423809978213943,-2.0,medium,-0.15000000000000002,75,True,4.75,0.030269643291831017,4.091017448492527,3.6720722118363,body,settled,body,settled,body,settled,0.033040523529052734,4.6706954209350755,0.4,0.4,0.4,0.030269643291831017,body
rigid_none,body_world,90460,True,True,m,1.501503010941712,-4.0,short,0.1,65,False,nan,nan,nan,nan,alarm,persistent,alarm,persistent,alarm,persistent,0.05686189979314804,9.654215869540401,1.0,1.0,1.0,nan,alarm
rigid_none,body_world,90461,True,True,l,1.4979893620177673,-4.0,medium,-0.05,68,True,4.55,0.05509299039840698,9.284153371972966,8.395862407745785,body,settled,body,settled,body,settled,0.04252731800079346,6.6553679077809536,0.6,0.6,0.6,0.05509299039840698,body
rigid_none,body_world,90462,True,True,m,1.32405485767968,-1.0,short,0.15000000000000002,61,True,3.0,0.018706146627664566,1.671891686969237,1.4715824262161488,body,settled,body,settled,body,settled,0.026772361248731613,3.3593740533828993,0.0,0.0,0.0,0.018706146627664566,body
rigid_none,body_world,90463,True,True,l,1.2959566174498844,1.0,medium,-0.05,60,True,3.0,0.024710778146982193,2.9280822622497,2.6142408913785227,body,settled,body,settled,body,settled,0.0297114048153162,3.9742317529468942,0.0,0.0,0.0,0.024710778146982193,body
rigid_none,body_world,90464,True,True,m,1.5484915809048363,-2.0,short,0.25,68,False,nan,nan,nan,nan,alarm,persistent,alarm,persistent,alarm,persistent,0.07530422508716583,13.512417089558696,1.0,1.0,1.0,nan,alarm
rigid_none,body_world,90465,True,True,l,1.428408630737959,-2.0,medium,-0.25,69,True,4.800000000000001,0.03736049681901932,5.574449443418206,5.021434450218075,body,settled,body,settled,body,settled,0.04291916266083717,6.737342657095224,0.8,0.8,0.8,0.03736049681901932,body
rigid_none,body_world,90466,True,True,m,1.3278826334953207,4.0,short,0.1,72,False,nan,nan,nan,nan,alarm,persistent,alarm,persistent,alarm,persistent,0.04886080324649811,7.980356554933712,1.0,1.0,1.0,nan,alarm
rigid_none,body_world,90467,True,True,l,1.224242705022093,-4.0,medium,0.2,67,True,4.6000000000000005,0.02152237668633461,2.2610572761309706,2.0075003522742447,body,settled,body,settled,body,settled,0.021019939333200455,2.1559454190324203,0.0,0.0,0.0,0.02152237668633461,body
rigid_none,body_world,90468,True,True,m,1.377155487281401,1.0,short,0.25,65,True,3.0,0.03208113834261894,4.469988887399154,4.01679293434669,body,settled,body,settled,body,settled,0.03537503629922867,5.159084670143107,0.0,0.0,0.0,0.03208113834261894,body
rigid_none,body_world,90469,True,True,l,1.2775926055522053,-1.0,medium,-0.2,67,False,nan,nan,nan,nan,world,decayed,world,decayed,world,decayed,0.025001123547554016,2.988823866456477,0.2,0.2,0.2,nan,world
rigid_none,body_world,90470,True,True,m,1.5219750255884492,2.0,short,-0.05,70,True,3.0,0.026033218950033188,3.204742510637293,2.86589711378206,body,settled,body,settled,body,settled,0.05159199237823486,8.55173127544166,1.0,1.0,1.0,0.026033218950033188,body
rigid_none,body_world,90471,True,True,l,1.2543795609592172,2.0,medium,0.0,63,True,5.2,0.025594109669327736,3.1128788626176176,2.7823359271946324,body,settled,body,settled,body,settled,0.024974975734949112,2.9833533803480767,0.0,0.0,0.0,0.025594109669327736,body
rigid_none,body_world,90472,True,True,m,1.523888147333015,4.0,short,0.25,77,False,nan,nan,nan,nan,alarm,persistent,alarm,persistent,alarm,persistent,0.07181760668754578,12.783003627654923,1.0,1.0,1.0,nan,alarm
rigid_none,body_world,90473,True,True,l,1.4189126139922845,-4.0,medium,-0.25,63,True,4.4,0.048056818544864655,7.812159724412456,7.05690474069377,body,settled,body,settled,body,settled,0.039996907114982605,6.125995952675714,0.4,0.4,0.4,0.048056818544864655,body
rigid_none,body_world,90474,True,True,m,1.3393605416224226,1.0,short,0.0,80,True,3.0,0.020066404715180397,1.9564622881282088,1.7304340787833126,body,settled,body,settled,body,settled,0.02669847384095192,3.3439152510160697,0.0,0.0,0.0,0.020066404715180397,body
rigid_none,body_world,90475,True,True,l,1.4134205728523153,1.0,medium,0.1,66,True,3.0,0.023936865851283073,2.766177495376719,2.466968768773839,body,settled,body,settled,body,settled,0.0406106635928154,6.2543963539135365,0.6,0.6,0.6,0.023936865851283073,body
rigid_none,body_world,90476,True,True,m,1.3814810158500825,-2.0,short,0.0,70,False,nan,nan,nan,nan,world,decayed,world,decayed,world,decayed,0.03357734531164169,4.783000962760587,0.4,0.4,0.4,nan,world
rigid_none,body_world,90477,True,True,l,1.4674729887667173,2.0,medium,0.1,78,False,nan,nan,nan,nan,world,decayed,world,decayed,world,decayed,0.04546244442462921,7.2694070132327795,0.6,0.6,0.6,nan,world
rigid_none,body_world,90478,True,True,m,1.5027032697774165,4.0,short,0.0,80,False,nan,nan,nan,nan,alarm,persistent,alarm,persistent,alarm,persistent,0.061657823622226715,10.657539042144093,1.0,1.0,1.0,nan,alarm
rigid_none,body_world,90479,True,True,l,1.3850046666885212,-4.0,medium,0.0,66,True,4.5,0.03662934899330139,5.421491140880901,4.882300227552778,body,settled,body,settled,body,settled,0.03483395278453827,5.045888235401402,0.0,0.0,0.0,0.03662934899330139,body
rigid_none,calib,90480,False,False,,1.0,0.0,,0.0,64,True,3.0,0.010397136211395264,-0.06638359583681022,-0.10959084937333667,world,settled,world,settled,world,settled,0.011082300916314125,0.07695517498532989,0.0,0.0,0.0,0.010397136211395264,world
rigid_none,calib,90481,False,False,,1.0,0.0,,0.0,76,True,3.0,0.010698758065700531,-0.0032832778538814055,-0.052193417871724455,world,settled,world,settled,world,settled,0.010844634845852852,0.027234344206769102,0.0,0.0,0.0,0.010698758065700531,world
rigid_none,calib,90482,False,False,,1.0,0.0,,0.0,79,True,3.0,0.010815747082233429,0.02119123664117134,-0.02993086335266395,world,settled,world,settled,world,settled,0.011032821610569954,0.06660396432233925,0.0,0.0,0.0,0.010815747082233429,world
rigid_none,calib,90483,False,False,,1.0,0.0,,0.0,70,True,3.0,0.00875034648925066,-0.41089833828264044,-0.4229690059807224,world,settled,world,settled,world,settled,0.011014755815267563,0.06282441319286128,0.0,0.0,0.0,0.00875034648925066,world
rigid_none,calib,90484,False,False,,1.0,0.0,,0.0,69,True,3.0,0.01084104273468256,0.026482961241090487,-0.02511739473699983,world,settled,world,settled,world,settled,0.01111894752830267,0.08462188765511464,0.0,0.0,0.0,0.01084104273468256,world
rigid_none,calib,90485,False,False,,1.0,0.0,,0.0,78,True,3.0,0.010249247774481773,-0.09732255582422802,-0.1377336051212453,world,settled,world,settled,world,settled,0.010708441026508808,-0.00125768630921973,0.0,0.0,0.0,0.010249247774481773,world
rigid_none,calib,90486,False,False,,1.0,0.0,,0.0,79,True,3.0,0.01053529791533947,-0.03747994484430215,-0.08329945527231461,world,settled,world,settled,world,settled,0.010082945227622986,-0.1321136726119992,0.0,0.0,0.0,0.01053529791533947,world
rigid_none,calib,90487,False,False,,1.0,0.0,,0.0,74,True,3.0,0.009743379428982735,-0.20315206854265294,-0.23399844817240303,world,settled,world,settled,world,settled,0.01058219000697136,-0.027669772098614664,0.0,0.0,0.0,0.009743379428982735,world
rigid_none,calib,90488,False,False,,1.0,0.0,,0.0,62,True,3.0,0.010777239687740803,0.013135106894503418,-0.03725889544637816,world,settled,world,settled,world,settled,0.010566333308815956,-0.030986924811988014,0.0,0.0,0.0,0.010777239687740803,world
rigid_none,calib,90489,False,False,,1.0,0.0,,0.0,65,True,3.0,0.010661336593329906,-0.011112083195340294,-0.05931467070673248,world,settled,world,settled,world,settled,0.010590135119855404,-0.02600788839921202,0.0,0.0,0.0,0.010661336593329906,world
rigid_none,calib,90490,False,False,,1.0,0.0,,0.0,70,True,3.0,0.01083759218454361,0.02576120249482397,-0.02577392230332254,world,settled,world,settled,world,settled,0.01103885006159544,0.06786529910633221,0.0,0.0,0.0,0.01083759218454361,world
rigid_none,calib,90491,False,False,,1.0,0.0,,0.0,63,True,3.0,0.010297765955328941,-0.08717227840848911,-0.12850069043371784,world,settled,world,settled,world,settled,0.011051379144191742,0.0704864510140869,0.0,0.0,0.0,0.010297765955328941,world
rigid_none,calib,90492,False,False,,1.0,0.0,,0.0,66,True,3.0,0.009287571534514427,-0.298508725899776,-0.3207369525704143,world,settled,world,settled,world,settled,0.01111973263323307,0.08478618441011569,0.0,0.0,0.0,0.009287571534514427,world
rigid_none,calib,90493,False,False,,1.0,0.0,,0.0,80,True,3.0,0.012338072992861271,0.33966714019631394,0.2597617949975799,world,settled,world,settled,world,settled,0.01093277521431446,0.045673806391034924,0.0,0.0,0.0,0.012338072992861271,world
rigid_none,calib,90494,False,False,,1.0,0.0,,0.0,79,True,3.0,0.011563380248844624,0.17759859044853304,0.11234069190217974,world,settled,world,settled,world,settled,0.010034377686679363,-0.14227405593245085,0.0,0.0,0.0,0.011563380248844624,world
rigid_none,calib,90495,False,False,,1.0,0.0,,0.0,75,True,3.0,0.01061907596886158,-0.019952959762400975,-0.0673565256988002,world,settled,world,settled,world,settled,0.009413333609700203,-0.2721987683205813,0.0,0.0,0.0,0.01061907596886158,world
rigid_none,calib,90496,False,False,,1.0,0.0,,0.0,76,True,3.0,0.010757051408290863,0.00891177576440536,-0.041100529957855736,world,settled,world,settled,world,settled,0.01150570996105671,0.16553429803122416,0.0,0.0,0.0,0.010757051408290863,world
rigid_none,calib,90497,False,False,,1.0,0.0,,0.0,68,True,3.0,0.010542584583163261,-0.0359553743184412,-0.0819126725250208,world,settled,world,settled,world,settled,0.010371720418334007,-0.07170068992291254,0.0,0.0,0.0,0.010542584583163261,world
rigid_none,calib,90498,False,False,,1.0,0.0,,0.0,70,True,3.0,0.011304107494652271,0.12335792757906516,0.0630021967698004,world,settled,world,settled,world,settled,0.00974918995052576,-0.2019366821985355,0.0,0.0,0.0,0.011304107494652271,world
rigid_none,calib,90499,False,False,,1.0,0.0,,0.0,79,True,3.0,0.012457260861992836,0.3646018045771602,0.2824429119327197,world,settled,world,settled,world,settled,0.010799413546919823,0.017774255392383927,0.0,0.0,0.0,0.012457260861992836,world
rigid_none,calib,90500,False,False,,1.0,0.0,,0.0,72,True,3.0,0.010268007405102253,-0.09339803446266703,-0.13416377452090267,world,settled,world,settled,world,settled,0.011249786242842674,0.11199379937118414,0.0,0.0,0.0,0.010268007405102253,world
rigid_none,calib,90501,False,False,,1.0,0.0,,0.0,76,True,3.0,0.01043696142733097,-0.058052114587466994,-0.102012351520988,world,settled,world,settled,world,settled,0.010562483221292496,-0.03179250874389936,0.0,0.0,0.0,0.01043696142733097,world
rigid_none,calib,90502,False,False,,1.0,0.0,,0.0,76,True,3.0,0.010939361527562141,0.047051795633850715,-0.006407532396118143,world,settled,world,settled,world,settled,0.010722017847001553,0.0015827901554478496,0.0,0.0,0.0,0.010939361527562141,world
rigid_none,calib,90503,False,False,,1.0,0.0,,0.0,63,True,3.0,0.012041437439620495,0.2776102218653691,0.2033134626759395,world,settled,world,settled,world,settled,0.011572938412427902,0.1795984222259584,0.0,0.0,0.0,0.012041437439620495,world
rigid_none,calib,90504,False,False,,1.0,0.0,,0.0,72,True,3.0,0.01075954083353281,0.009432646319267195,-0.040626734691055724,world,settled,world,settled,world,settled,0.010947911068797112,0.04884035567372292,0.0,0.0,0.0,0.01075954083353281,world
rigid_none,calib,90505,False,False,,1.0,0.0,,0.0,75,True,3.0,0.009970711544156075,-0.1555934057583106,-0.19073804669215896,world,settled,world,settled,world,settled,0.010760973207652569,0.009732153235707386,0.0,0.0,0.0,0.009970711544156075,world
rigid_none,calib,90506,False,False,,1.0,0.0,,0.0,78,True,3.0,0.009528040885925293,-0.24820181962278146,-0.27497668860672075,world,settled,world,settled,world,settled,0.01052005309611559,-0.040669170613019896,0.0,0.0,0.0,0.009528040885925293,world
rigid_none,calib,90507,False,False,,1.0,0.0,,0.0,72,True,3.0,0.011447437107563019,0.15334308694605234,0.09027735457957867,world,settled,world,settled,world,settled,0.01031828485429287,-0.08287964347046647,0.0,0.0,0.0,0.011447437107563019,world
rigid_none,calib,90508,False,False,,1.0,0.0,,0.0,68,True,3.0,0.011798419058322906,0.2267696826604145,0.15706779451130554,world,settled,world,settled,world,settled,0.009849932044744492,-0.1808607673844139,0.0,0.0,0.0,0.011798419058322906,world
rigid_none,calib,90509,False,False,,1.0,0.0,,0.0,69,True,3.0,0.01019344199448824,-0.10899740620127903,-0.1483533047714063,world,settled,world,settled,world,settled,0.009950520470738411,-0.1598175850342855,0.0,0.0,0.0,0.01019344199448824,world
rigid_none,calib,90510,False,False,,1.0,0.0,,0.0,60,True,3.0,0.011504044756293297,0.16518555116262518,0.1010495194498876,world,settled,world,settled,world,settled,0.009787281975150108,-0.19396742804012784,0.0,0.0,0.0,0.011504044756293297,world
rigid_none,calib,90511,False,False,,1.0,0.0,,0.0,67,True,3.0,0.010763363912701607,0.01023243144189524,-0.03989923262356264,world,settled,world,settled,world,settled,0.011049726977944374,0.07014075820128009,0.0,0.0,0.0,0.010763363912701607,world
rigid_none,calib,90512,False,False,,1.0,0.0,,0.0,65,True,3.0,0.010744807310402393,0.006350413574501623,-0.043430401114536665,world,settled,world,settled,world,settled,0.010599732398986816,-0.023999973359287143,0.0,0.0,0.0,0.010744807310402393,world
rigid_none,calib,90513,False,False,,1.0,0.0,,0.0,79,True,3.0,0.01050848700106144,-0.043088709782640885,-0.08840131072483448,world,settled,world,settled,world,settled,0.011756008490920067,0.21789750689238585,0.0,0.0,0.0,0.01050848700106144,world
rigid_none,calib,90514,False,False,,1.0,0.0,,0.0,62,True,3.0,0.010857312940061092,0.029887022421315152,-0.02202098611870884,world,settled,world,settled,world,settled,0.010277052409946918,-0.09150573394390686,0.0,0.0,0.0,0.010857312940061092,world
rigid_none,calib,90515,False,False,,1.0,0.0,,0.0,75,True,3.0,0.010368414223194122,-0.0723925151474659,-0.11505669400862648,world,settled,world,settled,world,settled,0.009957865811884403,-0.15828071547991523,0.0,0.0,0.0,0.010368414223194122,world
rigid_none,calib,90516,False,False,,1.0,0.0,,0.0,71,True,3.0,0.010471056215465069,-0.05091941355830232,-0.09552429041717998,world,settled,world,settled,world,settled,0.008606815710663795,-0.4409253021693035,0.0,0.0,0.0,0.010471056215465069,world
rigid_none,calib,90517,False,False,,1.0,0.0,,0.0,77,True,3.0,0.0112985884770751,0.12220346039328815,0.06195206812806481,world,settled,world,settled,world,settled,0.01161465235054493,0.1883251698970803,0.0,0.0,0.0,0.0112985884770751,world
rigid_none,calib,90518,False,False,,1.0,0.0,,0.0,72,True,3.0,0.0096785519272089,-0.21671432296384668,-0.24633497188625347,world,settled,world,settled,world,settled,0.010149753652513027,-0.11813706879122773,0.0,0.0,0.0,0.0096785519272089,world
rigid_none,calib,90519,False,False,,1.0,0.0,,0.0,76,True,3.0,0.011171204969286919,0.09555442712216977,0.037711523695673606,world,settled,world,settled,world,settled,0.010364936664700508,-0.07312003556238517,0.0,0.0,0.0,0.011171204969286919,world
rigid_none,calib,90520,False,False,,1.0,0.0,,0.0,76,True,3.0,0.010916166007518768,0.042199109211084815,-0.010821642268351472,world,settled,world,settled,world,settled,0.009336277842521667,-0.28831918779312915,0.0,0.0,0.0,0.010916166007518768,world
rigid_none,calib,90521,False,False,,1.0,0.0,,0.0,64,True,3.0,0.010699118487536907,-0.003207894550923826,-0.052124847568021014,world,settled,world,settled,world,settled,0.010886860080063343,0.036068269996133585,0.0,0.0,0.0,0.010699118487536907,world
rigid_none,calib,90522,False,False,,1.0,0.0,,0.0,80,True,3.0,0.010772109031677246,0.012061970383489851,-0.038235043924733564,world,settled,world,settled,world,settled,0.00981888361275196,-0.18735615954618706,0.0,0.0,0.0,0.010772109031677246,world
rigid_none,calib,90523,False,False,,1.0,0.0,,0.0,64,True,3.0,0.010588089935481548,-0.0264354696051048,-0.07325315865643096,world,settled,world,settled,world,settled,0.01118822954595089,0.09911600780559653,0.0,0.0,0.0,0.010588089935481548,world
rigid_none,calib,90524,False,False,,1.0,0.0,,0.0,60,True,3.0,0.012259558774530888,0.32324186920968945,0.24482100869908213,world,settled,world,settled,world,settled,0.011438464745879173,0.15146587282968843,0.0,0.0,0.0,0.012259558774530888,world
rigid_none,calib,90525,False,False,,1.0,0.0,,0.0,74,True,3.0,0.00943109393119812,-0.26848319771158946,-0.29342507439656085,world,settled,world,settled,world,settled,0.011306056752800941,0.12376559897147994,0.0,0.0,0.0,0.00943109393119812,world
rigid_none,calib,90526,False,False,,1.0,0.0,,0.0,64,True,3.0,0.011520649306476116,0.1686593362661047,0.10420935047613104,world,settled,world,settled,world,settled,0.010145425796508789,-0.11904258050318917,0.0,0.0,0.0,0.011520649306476116,world
rigid_none,calib,90527,False,False,,1.0,0.0,,0.0,77,True,3.0,0.01098712719976902,0.05704452188552202,0.0026820703012856496,world,settled,world,settled,world,settled,0.010829336941242218,0.02403417473812917,0.0,0.0,0.0,0.01098712719976902,world
rigid_none,calib,90528,False,False,,1.0,0.0,,0.0,69,True,3.0,0.009841936640441418,-0.18253345535415805,-0.21524330594847568,world,settled,world,settled,world,settled,0.010485919192433357,-0.04780990863111147,0.0,0.0,0.0,0.009841936640441418,world
rigid_none,calib,90529,False,False,,1.0,0.0,,0.0,61,True,3.0,0.011026483960449696,0.06527811808950076,0.010171529772118371,world,settled,world,settled,world,settled,0.01046836655586958,-0.05148223049787184,0.0,0.0,0.0,0.011026483960449696,world
