config,cell,seed,has_body,has_push,param,factor,torque,duration_name,offset_s,onset,settled,settle_time_s,raw_settled_score,z_settled_score,z_mad_settled_score,old_verdict,old_path,new_verdict,new_path,new_mad_verdict,new_mad_path,raw_late_block_median,z_late_block_median,old_late_frac_above_alarm,new_late_frac_above_alarm,new_mad_late_frac_above_alarm,logged_settled_score,logged_verdict
soft_none,neither,90000,False,False,,1.0,0.0,,0.0,79,True,3.0,0.07938706874847412,-0.24804810267272007,-0.058443698650008424,world,settled,world,settled,world,settled,0.10313968360424042,0.3077547288096784,1.0,0.0,0.0,0.07938706874847412,world
soft_none,neither,90001,False,False,,1.0,0.0,,0.0,75,True,3.0,0.10017800331115723,0.23845261543961338,0.5581438556429696,world,settled,world,settled,body,settled,0.09744345396757126,0.1744650834515293,1.0,0.0,0.0,0.10017800331115723,world
soft_none,neither,90002,False,False,,1.0,0.0,,0.0,65,True,3.0,0.08324724435806274,-0.15772128065619642,0.056035873939986325,world,settled,world,settled,world,settled,0.09271447360515594,0.0638087384414947,1.0,0.0,0.0,0.08324724435806274,world
soft_none,neither,90003,False,False,,1.0,0.0,,0.0,61,True,3.0,0.07729774713516235,-0.2969373330106418,-0.120405561897176,world,settled,world,settled,world,settled,0.10272840410470963,0.2981310775112782,1.0,0.0,0.0,0.07729774713516235,world
soft_none,neither,90004,False,False,,1.0,0.0,,0.0,76,True,3.0,0.08683216571807861,-0.07383538829367045,0.16235225803944617,world,settled,world,settled,world,settled,0.08566348254680634,-0.10118176757332664,1.0,0.0,0.0,0.08683216571807861,world
soft_none,neither,90005,False,False,,1.0,0.0,,0.0,79,True,3.0,0.09060141444206238,0.014363775602321915,0.27413525184123233,world,settled,world,settled,world,settled,0.1012514978647232,0.26357198840478063,1.0,0.0,0.0,0.09060141444206238,world
soft_none,neither,90006,False,False,,1.0,0.0,,0.0,74,True,3.0,0.08605730533599854,-0.09196676493874908,0.13937268007513887,world,settled,world,settled,world,settled,0.10035763680934906,0.24265605108096863,1.0,0.0,0.0,0.08605730533599854,world
soft_none,neither,90007,False,False,,1.0,0.0,,0.0,79,True,3.0,0.0894240140914917,-0.013186938905555357,0.23921767197958516,world,settled,world,settled,world,settled,0.08439403772354126,-0.13088650709211624,1.0,0.0,0.0,0.0894240140914917,world
soft_none,neither,90008,False,False,,1.0,0.0,,0.0,62,True,3.0,0.08907340466976166,-0.0213912739407879,0.22881955603516796,world,settled,world,settled,world,settled,0.07751709967851639,-0.2918047134640313,1.0,0.0,0.0,0.08907340466976166,world
soft_none,neither,90009,False,False,,1.0,0.0,,0.0,74,True,3.0,0.08877885341644287,-0.02828345465054636,0.22008445516200958,world,settled,world,settled,world,settled,0.1094752699136734,0.45600518400205187,1.0,0.0,0.0,0.08877885341644287,world
soft_none,neither,90010,False,False,,1.0,0.0,,0.0,72,True,3.0,0.08251314610242844,-0.1748988902315482,0.03426509358479631,world,settled,world,settled,world,settled,0.09319818019866943,0.07512721483706927,1.0,0.0,0.0,0.08251314610242844,world
soft_none,neither,90011,False,False,,1.0,0.0,,0.0,71,True,3.0,0.09912555664777756,0.2138256554299934,0.5269318214636154,world,settled,world,settled,world,settled,0.09649421274662018,0.15225329595055187,1.0,0.0,0.0,0.09912555664777756,world
soft_none,neither,90012,False,False,,1.0,0.0,,0.0,62,True,3.0,0.1053880900144577,0.3603666496019096,0.7126568365277459,world,settled,world,settled,body,settled,0.08368091285228729,-0.14757356480162936,1.0,0.0,0.0,0.1053880900144577,world
soft_none,neither,90013,False,False,,1.0,0.0,,0.0,68,True,3.0,0.08221454918384552,-0.18188600939870045,0.025409668385129446,world,settled,world,settled,world,settled,0.09468498080968857,0.10991794641370209,1.0,0.0,0.0,0.08221454918384552,world
soft_none,neither,90014,False,False,,1.0,0.0,,0.0,80,True,3.0,0.10821566730737686,0.42653117711153177,0.7965132886957947,world,settled,world,settled,body,settled,0.10127569735050201,0.26413832628433065,1.0,0.0,0.0,0.10821566730737686,world
soft_none,neither,90015,False,False,,1.0,0.0,,0.0,76,True,3.0,0.09055551141500473,0.013289545469565489,0.27277378020173687,world,settled,world,settled,world,settled,0.08734174072742462,-0.061911558691783886,1.0,0.0,0.0,0.09055551141500473,world
soft_none,neither,90016,False,False,,1.0,0.0,,0.0,76,True,3.0,0.08653464913368225,-0.08079710380422522,0.15352902925369682,world,settled,world,settled,world,settled,0.08249491453170776,-0.1753254785797759,1.0,0.0,0.0,0.08653464913368225,world
soft_none,neither,90017,False,False,,1.0,0.0,,0.0,74,True,3.0,0.08833406120538712,-0.0386915530818978,0.2068933051437157,world,settled,world,settled,world,settled,0.0837535634636879,-0.14587344409790678,1.0,0.0,0.0,0.08833406120538712,world
soft_none,neither,90018,False,False,,1.0,0.0,,0.0,66,True,3.0,0.09172993898391724,0.040770838498268035,0.30760337577381136,world,settled,world,settled,world,settled,0.0848974660038948,-0.11910662863859922,1.0,0.0,0.0,0.09172993898391724,world
soft_none,neither,90019,False,False,,1.0,0.0,,0.0,66,True,3.0,0.09727168083190918,0.17044575294967637,0.47195244120783836,world,settled,world,settled,world,settled,0.08627897500991821,-0.08677994060955758,1.0,0.0,0.0,0.09727168083190918,world
soft_none,neither,90020,False,False,,1.0,0.0,,0.0,73,True,3.0,0.08607824146747589,-0.0914769605597606,0.13999345466575885,world,settled,world,settled,world,settled,0.09856262803077698,0.2006533658813925,1.0,0.0,0.0,0.08607824146747589,world
soft_none,neither,90021,False,False,,1.0,0.0,,0.0,74,True,3.0,0.08897654712200165,-0.023657506970448237,0.22594734839149178,world,settled,world,settled,world,settled,0.08446096628904343,-0.1293205417542801,1.0,0.0,0.0,0.08897654712200165,world
soft_none,neither,90022,False,False,,1.0,0.0,,0.0,66,True,3.0,0.08466331660747528,-0.12458559174976827,0.09803181068166644,world,settled,world,settled,world,settled,0.08928284794092178,-0.01649041345482737,1.0,0.0,0.0,0.08466331660747528,world
soft_none,neither,90023,False,False,,1.0,0.0,,0.0,75,True,3.0,0.09711410850286484,0.16675854414887045,0.467279298965669,world,settled,world,settled,world,settled,0.08583758771419525,-0.09710822139258286,1.0,0.0,0.0,0.09711410850286484,world
soft_none,neither,90024,False,False,,1.0,0.0,,0.0,73,True,3.0,0.10685427486896515,0.3946749928279833,0.7561389870242314,world,settled,world,settled,body,settled,0.08323334157466888,-0.15804666625854374,1.0,0.0,0.0,0.10685427486896515,world
soft_none,neither,90025,False,False,,1.0,0.0,,0.0,68,True,3.0,0.10955584049224854,0.45789048313178915,0.8362578503860221,world,settled,world,settled,body,settled,0.0941428691148758,0.09723258897683433,1.0,0.0,0.0,0.10955584049224854,world
soft_none,neither,90026,False,False,,1.0,0.0,,0.0,73,True,3.0,0.10847041755914688,0.43249192600732966,0.8040678995043361,world,settled,world,settled,body,settled,0.09101413935422897,0.024021320961892266,1.0,0.0,0.0,0.10847041755914688,world
soft_none,neither,90027,False,False,,1.0,0.0,,0.0,61,True,3.0,0.10003916174173355,0.23520377280826543,0.5540262955700509,world,settled,world,settled,body,settled,0.0842624381184578,-0.1339660526689391,1.0,0.0,0.0,0.10003916174173355,world
soft_none,neither,90028,False,False,,1.0,0.0,,0.0,71,True,3.0,0.1050664409995079,0.35284042461258414,0.7031181524385779,world,settled,world,settled,body,settled,0.09057949483394623,0.013850831819906184,1.0,0.0,0.0,0.1050664409995079,world
soft_none,neither,90029,False,False,,1.0,0.0,,0.0,60,True,3.0,0.08301280438899994,-0.1632071498484976,0.049083122294363554,world,settled,world,settled,world,settled,0.10142245143651962,0.2675720411553888,1.0,0.0,0.0,0.08301280438899994,world
soft_none,neither,90030,False,False,,1.0,0.0,,0.0,72,True,3.0,0.08026733994483948,-0.22744985815655783,-0.03233762986920834,world,settled,world,settled,world,settled,0.0973287895321846,0.17178201536051624,1.0,0.0,0.0,0.08026733994483948,world
soft_none,neither,90031,False,False,,1.0,0.0,,0.0,65,True,3.0,0.09382057934999466,0.0896910448656035,0.36960449782062066,world,settled,world,settled,world,settled,0.08272673189640045,-0.1699009490736932,1.0,0.0,0.0,0.09382057934999466,world
soft_none,neither,90032,False,False,,1.0,0.0,,0.0,78,True,3.0,0.08395157754421234,-0.14124022748956117,0.07692384365073554,world,settled,world,settled,world,settled,0.113566555082798,0.5517399110248424,1.0,0.0,0.0,0.08395157754421234,world
soft_none,neither,90033,False,False,,1.0,0.0,,0.0,74,True,3.0,0.08304201066493988,-0.1625236657426119,0.04994936519505515,world,settled,world,settled,world,settled,0.08625651895999908,-0.08730520375979918,1.0,0.0,0.0,0.08304201066493988,world
soft_none,neither,90034,False,False,,1.0,0.0,,0.0,63,True,3.0,0.0861828476190567,-0.08902898035203206,0.1430960073918833,world,settled,world,settled,world,settled,0.09122827649116516,0.029032176426086465,1.0,0.0,0.0,0.0861828476190567,world
soft_none,neither,90035,False,False,,1.0,0.0,,0.0,66,True,3.0,0.0920238196849823,0.047647526834795784,0.3163188417231866,world,settled,world,settled,world,settled,0.08636701852083206,-0.08471970994351316,1.0,0.0,0.0,0.0920238196849823,world
soft_none,neither,90036,False,False,,1.0,0.0,,0.0,61,True,3.0,0.10004814714193344,0.23541417074324245,0.5542929524182858,world,settled,world,settled,body,settled,0.08804821223020554,-0.04538032257050362,1.0,0.0,0.0,0.10004814714193344,world
soft_none,neither,90037,False,False,,1.0,0.0,,0.0,69,True,3.0,0.10932189226150513,0.4524164713037796,0.8293201266796743,world,settled,world,settled,body,settled,0.10969420522451401,0.4611282867117093,1.0,0.0,0.0,0.10932189226150513,world
soft_none,neither,90038,False,False,,1.0,0.0,,0.0,63,True,3.0,0.0875360295176506,-0.057365134459648096,0.18322654075275455,world,settled,world,settled,world,settled,0.08113794773817062,-0.20707792018763663,1.0,0.0,0.0,0.0875360295176506,world
soft_none,neither,90039,False,False,,1.0,0.0,,0.0,63,True,3.0,0.09569752216339111,0.13361081264088467,0.425268099516319,world,settled,world,settled,world,settled,0.09511777758598328,0.12004517284737797,1.0,0.0,0.0,0.09569752216339111,world
soft_none,neither,90040,False,False,,1.0,0.0,,0.0,66,True,3.0,0.09696631878614426,0.16330026681632914,0.46289630284017075,world,settled,world,settled,world,settled,0.08860482275485992,-0.032355902483265385,1.0,0.0,0.0,0.09696631878614426,world
soft_none,neither,90041,False,False,,1.0,0.0,,0.0,71,True,3.0,0.08789348602294922,-0.049000863389613646,0.193827358491579,world,settled,world,settled,world,settled,0.10122281312942505,0.2629005643345483,1.0,0.0,0.0,0.08789348602294922,world
soft_none,neither,90042,False,False,,1.0,0.0,,0.0,64,True,3.0,0.08498135954141617,-0.11714360395201165,0.10746373315261623,world,settled,world,settled,world,settled,0.08558748662471771,-0.10296028504658135,1.0,0.0,0.0,0.08498135954141617,world
soft_none,neither,90043,False,False,,1.0,0.0,,0.0,79,True,3.0,0.0917588621377945,0.04144759958102573,0.3084610979627473,world,settled,world,settled,world,settled,0.08943275362253189,-0.012982477280140936,1.0,0.0,0.0,0.0917588621377945,world
soft_none,neither,90044,False,False,,1.0,0.0,,0.0,65,True,3.0,0.10332995653152466,0.3122072508234796,0.6516199566147425,world,settled,world,settled,body,settled,0.08702180534601212,-0.06939776807311052,1.0,0.0,0.0,0.10332995653152466,world
soft_none,neither,90045,False,False,,1.0,0.0,,0.0,64,True,3.0,0.08279774338006973,-0.1682393686176266,0.04270532397257766,world,settled,world,settled,world,settled,0.09225256741046906,0.05300015268233824,1.0,0.0,0.0,0.08279774338006973,world
soft_none,neither,90046,False,False,,1.0,0.0,,0.0,73,True,3.0,0.08586760610342026,-0.09640561208378914,0.13374691673472658,world,settled,world,settled,world,settled,0.09491418302059174,0.11528117110175776,1.0,0.0,0.0,0.08586760610342026,world
soft_none,neither,90047,False,False,,1.0,0.0,,0.0,66,True,3.0,0.09808032959699631,0.1893677745487033,0.4959340769704581,world,settled,world,settled,world,settled,0.08594659715890884,-0.09455741706808014,1.0,0.0,0.0,0.09808032959699631,world
soft_none,neither,90048,False,False,,1.0,0.0,,0.0,76,True,3.0,0.09660644829273224,0.15487952453128145,0.45222391388458005,world,settled,world,settled,world,settled,0.09025618433952332,0.006285567531937354,1.0,0.0,0.0,0.09660644829273224,world
soft_none,neither,90049,False,False,,1.0,0.0,,0.0,76,True,3.0,0.10159818828105927,0.27168455362950056,0.600261778042802,world,settled,world,settled,body,settled,0.08600448071956635,-0.09320276604487265,1.0,0.0,0.0,0.10159818828105927,world
soft_none,neither,90050,False,False,,1.0,0.0,,0.0,60,True,3.0,0.11220500618219376,0.5198801102560813,0.9148230634619778,world,settled,world,settled,body,settled,0.08457937836647034,-0.12654982810600224,1.0,0.0,0.0,0.11220500618219376,world
soft_none,neither,90051,False,False,,1.0,0.0,,0.0,76,True,3.0,0.0870588943362236,-0.06852987699994181,0.16907642536558473,world,settled,world,settled,world,settled,0.08462218940258026,-0.1255477598743276,1.0,0.0,0.0,0.0870588943362236,world
soft_none,neither,90052,False,False,,1.0,0.0,,0.0,68,True,3.0,0.08532589673995972,-0.10908150716525275,0.11768157735130276,world,settled,world,settled,world,settled,0.08884148299694061,-0.02681789662797749,1.0,0.0,0.0,0.08532589673995972,world
soft_none,neither,90053,False,False,,1.0,0.0,,0.0,72,True,3.0,0.11403630673885345,0.5627319710271655,0.969133207406401,world,settled,world,settled,body,settled,0.09074462950229645,0.01771516449454493,1.0,0.0,0.0,0.11403630673885345,world
soft_none,neither,90054,False,False,,1.0,0.0,,0.0,65,True,3.0,0.08737345039844513,-0.06116956358169612,0.1784048343081139,world,settled,world,settled,world,settled,0.10103026777505875,0.25839530636072294,1.0,0.0,0.0,0.08737345039844513,world
soft_none,neither,90055,False,False,,1.0,0.0,,0.0,68,True,3.0,0.08239730447530746,-0.1776096349493767,0.03082951498511056,world,settled,world,settled,world,settled,0.09557335078716278,0.13070512858274963,1.0,0.0,0.0,0.08239730447530746,world
soft_none,neither,90056,False,False,,1.0,0.0,,0.0,68,True,3.0,0.08337037265300751,-0.1548400261245654,0.059687555466474265,world,settled,world,settled,world,settled,0.0835065096616745,-0.151654598926447,1.0,0.0,0.0,0.08337037265300751,world
soft_none,neither,90057,False,False,,1.0,0.0,,0.0,76,True,3.0,0.09213569760322571,0.050265547225375753,0.31963690216918195,world,settled,world,settled,world,settled,0.08231541514396667,-0.17952575102240512,1.0,0.0,0.0,0.09213569760322571,world
soft_none,neither,90058,False,False,,1.0,0.0,,0.0,61,True,3.0,0.08795464783906937,-0.047569722451083776,0.195641176351007,world,settled,world,settled,world,settled,0.08903338760137558,-0.022327509937726038,1.0,0.0,0.0,0.08795464783906937,world
soft_none,neither,90059,False,False,,1.0,0.0,,0.0,62,True,3.0,0.08030543476343155,-0.2265586587871605,-0.031208130119040868,world,settled,world,settled,world,settled,0.09361376613378525,0.08485163956674498,1.0,0.0,0.0,0.08030543476343155,world
soft_none,neither,90060,False,False,,1.0,0.0,,0.0,62,True,3.0,0.08302457630634308,-0.16293164864190762,0.04943229056658149,world,settled,world,settled,world,settled,0.09766823053359985,0.1797248040930811,1.0,0.0,0.0,0.08302457630634308,world
soft_none,neither,90061,False,False,,1.0,0.0,,0.0,80,True,3.0,0.08459097146987915,-0.1262785938943182,0.09588611178985144,world,settled,world,settled,world,settled,0.09248067438602448,0.05833759234295453,1.0,0.0,0.0,0.08459097146987915,world
soft_none,neither,90062,False,False,,1.0,0.0,,0.0,66,True,3.0,0.08628705888986588,-0.08659063901992595,0.14618634387551344,world,settled,world,settled,world,settled,0.0959731712937355,0.14006072194376368,1.0,0.0,0.0,0.08628705888986588,world
soft_none,neither,90063,False,False,,1.0,0.0,,0.0,62,True,3.0,0.10289245843887329,0.3019697886031242,0.6386450697181557,world,settled,world,settled,body,settled,0.09140323847532272,0.03312634278343872,1.0,0.0,0.0,0.10289245843887329,world
soft_none,neither,90064,False,False,,1.0,0.0,,0.0,72,True,3.0,0.08329112827777863,-0.15669450831101162,0.05733719791662843,world,settled,world,settled,world,settled,0.09377770125865936,0.08868771593088849,1.0,0.0,0.0,0.08329112827777863,world
soft_none,neither,90065,False,False,,1.0,0.0,,0.0,63,True,3.0,0.0842059999704361,-0.13528657644994735,0.08446945868676865,world,settled,world,settled,world,settled,0.08765137940645218,-0.05466603571770162,1.0,0.0,0.0,0.0842059999704361,world
soft_none,neither,90066,False,False,,1.0,0.0,,0.0,61,True,3.0,0.08546561002731323,-0.10581223940124122,0.12182502409226996,world,settled,world,settled,world,settled,0.09632273763418198,0.14824068193404105,1.0,0.0,0.0,0.08546561002731323,world
soft_none,neither,90067,False,False,,1.0,0.0,,0.0,71,True,3.0,0.09412316977977753,0.09677167071504571,0.37857843272520003,world,settled,world,settled,world,settled,0.0869302973151207,-0.07153911522760563,1.0,0.0,0.0,0.09412316977977753,world
soft_none,neither,90068,False,False,,1.0,0.0,,0.0,76,True,3.0,0.08804275095462799,-0.045508002259493766,0.1982541858764634,world,settled,world,settled,world,settled,0.09907491505146027,0.21264075365816654,1.0,0.0,0.0,0.08804275095462799,world
soft_none,neither,90069,False,False,,1.0,0.0,,0.0,70,True,3.0,0.10390676558017731,0.3257042994366161,0.6687260201511702,world,settled,world,settled,body,settled,0.10738589614629745,0.407114777952306,1.0,0.0,0.0,0.10390676558017731,world
soft_none,neither,90070,False,False,,1.0,0.0,,0.0,76,True,3.0,0.10323741286993027,0.31004168553089007,0.6488753345459395,world,settled,world,settled,body,settled,0.08497891575098038,-0.11720075509675447,1.0,0.0,0.0,0.10323741286993027,world
soft_none,neither,90071,False,False,,1.0,0.0,,0.0,77,True,3.0,0.08733908832073212,-0.06197346062758643,0.17738598090260993,world,settled,world,settled,world,settled,0.10935565084218979,0.45320635351604394,1.0,0.0,0.0,0.08733908832073212,world
soft_none,neither,90072,False,False,,1.0,0.0,,0.0,70,True,3.0,0.09997670352458954,0.23374229327444335,0.552174026790459,world,settled,world,settled,body,settled,0.08377580344676971,-0.14535302544698894,1.0,0.0,0.0,0.09997670352458954,world
soft_none,neither,90073,False,False,,1.0,0.0,,0.0,80,True,3.0,0.08236068487167358,-0.17846627449307706,0.029743816112536913,world,settled,world,settled,world,settled,0.10828588902950287,0.42817443106419645,1.0,0.0,0.0,0.08236068487167358,world
soft_none,neither,90074,False,False,,1.0,0.0,,0.0,67,True,3.0,0.08355691283941269,-0.15047507993164644,0.06521965726512136,world,settled,world,settled,world,settled,0.08915723860263824,-0.01942957097657546,1.0,0.0,0.0,0.08355691283941269,world
soft_none,neither,90075,False,False,,1.0,0.0,,0.0,71,True,3.0,0.09658791124820709,0.15444559969768573,0.4516739606328522,world,settled,world,settled,world,settled,0.09053121507167816,0.012721102422967975,1.0,0.0,0.0,0.09658791124820709,world
soft_none,neither,90076,False,False,,1.0,0.0,,0.0,75,True,3.0,0.08610671758651733,-0.09081048995194958,0.14083813477984547,world,settled,world,settled,world,settled,0.099077507853508,0.21270123689443707,1.0,0.0,0.0,0.08610671758651733,world
soft_none,neither,90077,False,False,,1.0,0.0,,0.0,63,True,3.0,0.09075406938791275,0.017935662219047643,0.27866223556648595,world,settled,world,settled,world,settled,0.08558041602373123,-0.10312587408689182,1.0,0.0,0.0,0.09075406938791275,world
soft_none,neither,90078,False,False,,1.0,0.0,,0.0,63,True,3.0,0.08989336341619492,-0.002204347796422279,0.2531369299368088,world,settled,world,settled,world,settled,0.09787745028734207,0.18462017828707253,1.0,0.0,0.0,0.08989336341619492,world
soft_none,neither,90079,False,False,,1.0,0.0,,0.0,64,True,3.0,0.09913118183612823,0.2139572381771432,0.5270985885026591,world,settled,world,settled,world,settled,0.09151157736778259,0.035661186193390565,1.0,0.0,0.0,0.09913118183612823,world
soft_none,neither,90080,False,False,,1.0,0.0,,0.0,78,True,3.0,0.08557136356830597,-0.10333756105531462,0.12496141384909736,world,settled,world,settled,world,settled,0.0879228264093399,-0.04831430216584904,1.0,0.0,0.0,0.08557136356830597,world
soft_none,neither,90081,False,False,,1.0,0.0,,0.0,79,True,3.0,0.08979795128107071,-0.004437036536456118,0.2503072360875245,world,settled,world,settled,world,settled,0.08999171108007431,9.697352995893249e-05,1.0,0.0,0.0,0.08979795128107071,world
soft_none,neither,90082,False,False,,1.0,0.0,,0.0,76,True,3.0,0.09388512372970581,0.09120150004294811,0.37151883798291624,world,settled,world,settled,world,settled,0.08965916931629181,-0.007684665318895679,1.0,0.0,0.0,0.09388512372970581,world
soft_none,neither,90083,False,False,,1.0,0.0,,0.0,74,True,3.0,0.08269516378641129,-0.17063982130140096,0.039663007292702376,world,settled,world,settled,world,settled,0.09342648833990097,0.08046962757346446,1.0,0.0,0.0,0.08269516378641129,world
soft_none,neither,90084,False,False,,1.0,0.0,,0.0,73,True,3.0,0.08193685114383698,-0.18838411199006053,0.017174019319907696,world,settled,world,settled,world,settled,0.10600967705249786,0.3749113838475723,1.0,0.0,0.0,0.08193685114383698,world
soft_none,neither,90085,False,False,,1.0,0.0,,0.0,72,True,3.0,0.08658230304718018,-0.07968211275588173,0.15494216098806346,world,settled,world,settled,world,settled,0.1068631038069725,0.3948814495677166,1.0,0.0,0.0,0.08658230304718018,world
soft_none,neither,90086,False,False,,1.0,0.0,,0.0,63,True,3.0,0.08735892176628113,-0.06150937698780965,0.1779741572110594,world,settled,world,settled,world,settled,0.08493493497371674,-0.11822976336470412,1.0,0.0,0.0,0.08735892176628113,world
soft_none,neither,90087,False,False,,1.0,0.0,,0.0,66,True,3.0,0.08137756586074829,-0.20147103004124567,0.0005877523443475641,world,settled,world,settled,world,settled,0.10244456678628922,0.29148936264678244,1.0,0.0,0.0,0.08137756586074829,world
soft_none,neither,90088,False,False,,1.0,0.0,,0.0,75,True,3.0,0.09532877802848816,0.12498245315911324,0.41433257800040285,world,settled,world,settled,world,settled,0.08048354089260101,-0.22239078325273906,1.0,0.0,0.0,0.09532877802848816,world
soft_none,neither,90089,False,False,,1.0,0.0,,0.0,62,True,3.0,0.09457920491695404,0.10744256525579535,0.3921026486657814,world,settled,world,settled,world,settled,0.07730710506439209,-0.29671843486441324,1.0,0.0,0.0,0.09457920491695404,world
soft_none,neither,90090,False,False,,1.0,0.0,,0.0,68,True,3.0,0.08921875059604645,-0.01799003116247491,0.23313026697178046,world,settled,world,settled,world,settled,0.10060294717550278,0.2483961268216765,1.0,0.0,0.0,0.08921875059604645,world
soft_none,neither,90091,False,False,,1.0,0.0,,0.0,77,True,3.0,0.08375512063503265,-0.14583693274312998,0.07109801206491403,world,settled,world,settled,world,settled,0.07846882939338684,-0.2695345391767832,1.0,0.0,0.0,0.08375512063503265,world
soft_none,neither,90092,False,False,,1.0,0.0,,0.0,68,True,3.0,0.09157870709896088,0.037232259721246844,0.303118606167998,world,settled,world,settled,world,settled,0.08471138775348663,-0.12346081145672756,1.0,0.0,0.0,0.09157870709896088,world
soft_none,neither,90093,False,False,,1.0,0.0,,0.0,64,True,3.0,0.09272710978984833,0.06410430956104968,0.3371760512502009,world,settled,world,settled,world,settled,0.09819617122411728,0.19207834056705156,1.0,0.0,0.0,0.09272710978984833,world
soft_none,neither,90094,False,False,,1.0,0.0,,0.0,69,True,3.0,0.08127443492412567,-0.20388416167106826,-0.002470633541684741,world,settled,world,settled,world,settled,0.08611173927783966,-0.09069299286443933,1.0,0.0,0.0,0.08127443492412567,world
soft_none,neither,90095,False,False,,1.0,0.0,,0.0,61,True,3.0,0.08595261722803116,-0.0944163970270387,0.13626803376732535,world,settled,world,settled,world,settled,0.09187746047973633,0.044222891858668865,1.0,0.0,0.0,0.08595261722803116,world
soft_none,neither,90096,False,False,,1.0,0.0,,0.0,62,True,3.0,0.087990403175354,-0.04673298828607102,0.1967016472880293,world,settled,world,settled,world,settled,0.08638036251068115,-0.08440740427141358,1.0,0.0,0.0,0.087990403175354,world
soft_none,neither,90097,False,False,,1.0,0.0,,0.0,61,True,3.0,0.10388688743114471,0.3252393898565588,0.668136797051876,world,settled,world,settled,body,settled,0.09405922144651413,0.09527539381597361,1.0,0.0,0.0,0.10388688743114471,world
soft_none,neither,90098,False,False,,1.0,0.0,,0.0,70,True,3.0,0.10577471554279327,0.3694135069219046,0.7241227592310402,world,settled,world,settled,body,settled,0.0936245545744896,0.08510420295163834,1.0,0.0,0.0,0.10577471554279327,world
soft_none,neither,90099,False,False,,1.0,0.0,,0.0,79,True,3.0,0.07964132726192474,-0.24209844839952982,-0.05090314908734965,world,settled,world,settled,world,settled,0.09008044004440308,0.0021730082036935604,1.0,0.0,0.0,0.07964132726192474,world
soft_none,neither,90100,False,False,,1.0,0.0,,0.0,62,True,3.0,0.08509717881679535,-0.114433386615576,0.11089864335287092,world,settled,world,settled,world,settled,0.08798568695783615,-0.04684325676167994,1.0,0.0,0.0,0.08509717881679535,world
soft_none,neither,90101,False,False,,1.0,0.0,,0.0,62,True,3.0,0.07690677791833878,-0.3060859575053634,-0.13200046359481893,world,settled,world,settled,world,settled,0.08433477580547333,-0.13227342862633812,1.0,0.0,0.0,0.07690677791833878,world
soft_none,neither,90102,False,False,,1.0,0.0,,0.0,63,True,3.0,0.09360724687576294,0.08469932767988905,0.3632780309179525,world,settled,world,settled,world,settled,0.09016700834035873,0.004198823964960933,1.0,0.0,0.0,0.09360724687576294,world
soft_none,neither,90103,False,False,,1.0,0.0,,0.0,62,True,3.0,0.0999792218208313,0.233801251027346,0.5522487494276833,world,settled,world,settled,body,settled,0.08488480001688004,-0.11940298211319575,1.0,0.0,0.0,0.0999792218208313,world
soft_none,neither,90104,False,False,,1.0,0.0,,0.0,72,True,3.0,0.10538593679666519,0.36031633916044026,0.712593073431606,world,settled,world,settled,body,settled,0.0827619880437851,-0.1690760809900198,1.0,0.0,0.0,0.10538593679666519,world
soft_none,neither,90105,False,False,,1.0,0.0,,0.0,74,True,3.0,0.08568421751260757,-0.10069698421388011,0.1283080621806767,world,settled,world,settled,world,settled,0.08718349784612656,-0.06561426640360649,1.0,0.0,0.0,0.08568421751260757,world
soft_none,neither,90106,False,False,,1.0,0.0,,0.0,79,True,3.0,0.0969853326678276,0.16374513263456483,0.46346012261811226,world,settled,world,settled,world,settled,0.09984152764081955,0.23057932663965358,1.0,0.0,0.0,0.0969853326678276,world
soft_none,neither,90107,False,False,,1.0,0.0,,0.0,79,True,3.0,0.08963468670845032,-0.008257297996599711,0.24546546385004592,world,settled,world,settled,world,settled,0.08436545729637146,-0.1315551961885964,1.0,0.0,0.0,0.08963468670845032,world
soft_none,neither,90108,False,False,,1.0,0.0,,0.0,64,True,3.0,0.08245288580656052,-0.17630890758395829,0.032478047608365854,world,settled,world,settled,world,settled,0.09984666854143143,0.23069932551988698,1.0,0.0,0.0,0.08245288580656052,world
soft_none,neither,90109,False,False,,1.0,0.0,,0.0,66,True,3.0,0.08947096765041351,-0.012088265081092198,0.24061012338031462,world,settled,world,settled,world,settled,0.08758299797773361,-0.05626622418526295,1.0,0.0,0.0,0.08947096765041351,world
soft_none,neither,90110,False,False,,1.0,0.0,,0.0,60,True,3.0,0.0821242406964302,-0.18399910242196235,0.022731549297737342,world,settled,world,settled,world,settled,0.09684061259031296,0.160358847220673,1.0,0.0,0.0,0.0821242406964302,world
soft_none,neither,90111,False,False,,1.0,0.0,,0.0,76,True,3.0,0.08371936529874802,-0.14667376279566874,0.07003741960072249,world,settled,world,settled,world,settled,0.08511774986982346,-0.11395199854625378,1.0,0.0,0.0,0.08371936529874802,world
soft_none,neither,90112,False,False,,1.0,0.0,,0.0,69,True,3.0,0.08528956025838852,-0.10993161981940096,0.11660415061218395,world,settled,world,settled,world,settled,0.08426778018474579,-0.1338410458447354,1.0,0.0,0.0,0.08528956025838852,world
soft_none,neither,90113,False,False,,1.0,0.0,,0.0,60,True,3.0,0.07959294319152832,-0.24323061639059454,-0.05233805075690523,world,settled,world,settled,world,settled,0.08208537846803665,-0.18490839729299452,1.0,0.0,0.0,0.07959294319152832,world
soft_none,neither,90114,False,False,,1.0,0.0,,0.0,65,True,3.0,0.08520740270614624,-0.11185413638478814,0.11416756677374833,world,settled,world,settled,world,settled,0.09712573885917664,0.1670305574467031,1.0,0.0,0.0,0.08520740270614624,world
soft_none,neither,90115,False,False,,1.0,0.0,,0.0,77,True,3.0,0.09869614988565445,0.2037775449222945,0.5141969175825956,world,settled,world,settled,world,settled,0.08610735833644867,-0.09079556200756486,1.0,0.0,0.0,0.09869614988565445,world
soft_none,neither,90116,False,False,,1.0,0.0,,0.0,75,True,3.0,0.09007588773965836,0.0020665076720030482,0.25854978181960325,world,settled,world,settled,world,settled,0.09867529571056366,0.20328992852230782,1.0,0.0,0.0,0.09007588773965836,world
soft_none,neither,90117,False,False,,1.0,0.0,,0.0,79,True,3.0,0.0976267084479332,0.17875328148658434,0.48248134386324704,world,settled,world,settled,world,settled,0.09017501771450043,0.004386292795289256,1.0,0.0,0.0,0.0976267084479332,world
soft_none,neither,90118,False,False,,1.0,0.0,,0.0,68,True,3.0,0.08399740606546402,-0.14016763289290118,0.07828324242340033,world,settled,world,settled,world,settled,0.08333142846822739,-0.15575138911519187,1.0,0.0,0.0,0.08399740606546402,world
soft_none,neither,90119,False,False,,1.0,0.0,,0.0,69,True,3.0,0.0811280757188797,-0.20730902002154544,-0.006811274686705638,world,settled,world,settled,world,settled,0.08308835327625275,-0.16143933255143686,1.0,0.0,0.0,0.0811280757188797,world
soft_none,body_only,90120,True,False,m,1.5891995503048728,0.0,,0.0,74,True,3.0,0.08605434745550156,-0.09203585190121386,0.13928511974966812,world,settled,world,settled,world,settled,0.0810132771730423,-0.2099953461091797,1.0,0.0,0.0,0.08605434745550156,world
soft_none,body_only,90121,True,False,l,1.4812383451425903,0.0,,0.0,60,True,3.0,0.07652585208415985,-0.3149994461730373,-0.1432973558155418,world,settled,world,settled,world,settled,0.07896681129932404,-0.25788183373385204,1.0,0.0,0.0,0.07652585208415985,world
soft_none,body_only,90122,True,False,m,1.577333311441059,0.0,,0.0,60,True,3.0,0.08932267129421234,-0.015558445542426113,0.23621204131393814,world,settled,world,settled,world,settled,0.08158936351537704,-0.19651518132803156,1.0,0.0,0.0,0.08932267129421234,world
soft_none,body_only,90123,True,False,l,1.2659873041674827,0.0,,0.0,78,True,3.0,0.08442002534866333,-0.13027857363965084,0.09081656587434754,world,settled,world,settled,world,settled,0.08173271268606186,-0.19316073057276326,1.0,0.0,0.0,0.08442002534866333,world
soft_none,body_only,90124,True,False,m,1.4143549642821072,0.0,,0.0,79,True,3.0,0.08477352559566498,-0.12200686999000421,0.10130006432212224,world,settled,world,settled,world,settled,0.08478207886219025,-0.12180667318023372,1.0,0.0,0.0,0.08477352559566498,world
soft_none,body_only,90125,True,False,l,1.4086180240535773,0.0,,0.0,63,True,3.0,0.08263044059276581,-0.17215424709402574,0.03774363480080586,world,settled,world,settled,world,settled,0.08399497717618942,-0.14022450945063786,1.0,0.0,0.0,0.08263044059276581,world
soft_none,body_only,90126,True,False,m,1.6448408546174003,0.0,,0.0,68,True,3.0,0.08177243918180466,-0.1922311206217962,0.012298347907151036,world,settled,world,settled,world,settled,0.0814969390630722,-0.1986776891160998,1.0,0.0,0.0,0.08177243918180466,world
soft_none,body_only,90127,True,False,l,1.4986137896780058,0.0,,0.0,61,True,3.0,0.08599713444709778,-0.09337477301163757,0.13758818064530118,world,settled,world,settled,world,settled,0.08089655637741089,-0.21272641026546696,1.0,0.0,0.0,0.08599713444709778,world
soft_none,body_only,90128,True,False,m,1.416558817025714,0.0,,0.0,64,True,3.0,0.08373555541038513,-0.14629483054785042,0.07051767563987407,world,settled,world,settled,world,settled,0.08295880258083344,-0.16447069028793343,1.0,0.0,0.0,0.08373555541038513,world
soft_none,body_only,90129,True,False,l,1.38378853736242,0.0,,0.0,68,True,3.0,0.0818568617105484,-0.19025573516140568,0.01480193740756131,world,settled,world,settled,world,settled,0.08730980008840561,-0.06265880146465687,1.0,0.0,0.0,0.0818568617105484,world
soft_none,body_only,90130,True,False,m,1.4756383192437175,0.0,,0.0,71,True,3.0,0.08193474262952805,-0.1884331769833232,0.017111834695978222,world,settled,world,settled,world,settled,0.08675963431596756,-0.07553262583382793,1.0,0.0,0.0,0.08193474262952805,world
soft_none,body_only,90131,True,False,l,1.3606013397692742,0.0,,0.0,80,True,3.0,0.08199115097522736,-0.18711347042554766,0.01878442141280881,world,settled,world,settled,world,settled,0.08136375993490219,-0.20179402499322946,1.0,0.0,0.0,0.08199115097522736,world
soft_none,body_only,90132,True,False,m,1.3052923183294922,0.0,,0.0,64,True,3.0,0.0877486914396286,-0.05238902514804796,0.1895332263466402,world,settled,world,settled,world,settled,0.08733871579170227,-0.06198229753480979,1.0,0.0,0.0,0.0877486914396286,world
soft_none,body_only,90133,True,False,l,1.3207448067237653,0.0,,0.0,67,True,3.0,0.08269800245761871,-0.17057322523534962,0.039747410673752814,world,settled,world,settled,world,settled,0.08050154149532318,-0.22196976727732767,1.0,0.0,0.0,0.08269800245761871,world
soft_none,body_only,90134,True,False,m,1.4561368550822151,0.0,,0.0,64,True,3.0,0.08153371512889862,-0.19781718138243115,0.005218614179529746,world,settled,world,settled,world,settled,0.08435505628585815,-0.1317987984483351,1.0,0.0,0.0,0.08153371512889862,world
soft_none,body_only,90135,True,False,l,1.4036352699808552,0.0,,0.0,79,True,3.0,0.08385348320007324,-0.14353558635523628,0.0740147221293886,world,settled,world,settled,world,settled,0.08259637653827667,-0.1729511007652809,1.0,0.0,0.0,0.08385348320007324,world
soft_none,body_only,90136,True,False,m,1.3752498406372067,0.0,,0.0,68,True,3.0,0.08518429100513458,-0.11239505099438311,0.11348201543991762,world,settled,world,settled,world,settled,0.08625894039869308,-0.08724851679785248,1.0,0.0,0.0,0.08518429100513458,world
soft_none,body_only,90137,True,False,l,1.3180944856558197,0.0,,0.0,66,True,3.0,0.08557619154453278,-0.10322464259716965,0.1251045259008375,world,settled,world,settled,world,settled,0.08067299425601959,-0.21795763705697063,1.0,0.0,0.0,0.08557619154453278,world
soft_none,body_only,90138,True,False,m,1.3737292058898571,0.0,,0.0,76,True,3.0,0.08428458869457245,-0.13344762804270904,0.08680012883519014,world,settled,world,settled,world,settled,0.08672298491001129,-0.07639034847071938,1.0,0.0,0.0,0.08428458869457245,world
soft_none,body_only,90139,True,False,l,1.2231365368057392,0.0,,0.0,78,True,3.0,0.08706966787576675,-0.06827800226182583,0.16939564961948864,world,settled,world,settled,world,settled,0.08475657552480698,-0.12240328536684826,1.0,0.0,0.0,0.08706966787576675,world
soft_none,body_only,90140,True,False,m,1.5903123576273737,0.0,,0.0,77,True,3.0,0.08299960196018219,-0.16351598613556645,0.04869170537794139,world,settled,world,settled,world,settled,0.08440148085355759,-0.13071251045918736,1.0,0.0,0.0,0.08299960196018219,world
soft_none,body_only,90141,True,False,l,1.3983126255738383,0.0,,0.0,68,True,3.0,0.08477966487407684,-0.121863142215985,0.10148222388194846,world,settled,world,settled,world,settled,0.08317481726408005,-0.1594157919396495,1.0,0.0,0.0,0.08477966487407684,world
soft_none,body_only,90142,True,False,m,1.5588960124158446,0.0,,0.0,77,True,3.0,0.08479245007038116,-0.12156383802070284,0.10186155989295113,world,settled,world,settled,world,settled,0.07742910087108612,-0.29386350145866236,1.0,0.0,0.0,0.08479245007038116,world
soft_none,body_only,90143,True,False,l,1.3381767659159343,0.0,,0.0,76,True,3.0,0.08445556461811066,-0.12944700650473095,0.09187048815413396,world,settled,world,settled,world,settled,0.07989266514778137,-0.23621725890951653,1.0,0.0,0.0,0.08445556461811066,world
soft_none,body_only,90144,True,False,m,1.4340779419258376,0.0,,0.0,78,True,3.0,0.08723483979701996,-0.06441276301421425,0.17429442638530582,world,settled,world,settled,world,settled,0.08481844514608383,-0.12095554934853889,1.0,0.0,0.0,0.08723483979701996,world
soft_none,body_only,90145,True,False,l,1.3732457116762027,0.0,,0.0,79,True,3.0,0.08265955001115799,-0.17147310351547868,0.038606911333774405,world,settled,world,settled,world,settled,0.08346526324748993,-0.15261964149752372,1.0,0.0,0.0,0.08265955001115799,world
soft_none,body_only,90146,True,False,m,1.4659264726975494,0.0,,0.0,73,True,3.0,0.08383535593748093,-0.14395955958911927,0.0734773814644459,world,settled,world,settled,world,settled,0.08683482557535172,-0.07377315946857482,1.0,0.0,0.0,0.08383535593748093,world
soft_none,body_only,90147,True,False,l,1.3697174281168265,0.0,,0.0,61,True,3.0,0.08677449077367783,-0.0751848374185938,0.16064197580428785,world,settled,world,settled,world,settled,0.07946909964084625,-0.24612848997388653,1.0,0.0,0.0,0.08677449077367783,world
soft_none,body_only,90148,True,False,m,1.3038571531689942,0.0,,0.0,77,True,3.0,0.08903131633996964,-0.022376020308821375,0.22757149548343727,world,settled,world,settled,world,settled,0.08146733045578003,-0.19937062032255587,1.0,0.0,0.0,0.08903131633996964,world
soft_none,body_only,90149,True,False,l,1.2823864181574816,0.0,,0.0,69,True,3.0,0.08143595606088638,-0.20010467856060732,0.0023194565050736913,world,settled,world,settled,world,settled,0.082963727414608,-0.16435544219875972,1.0,0.0,0.0,0.08143595606088638,world
soft_none,body_only,90150,True,False,m,1.371260065573264,0.0,,0.0,77,True,3.0,0.08069382607936859,-0.2174701960875712,-0.01968947705319119,world,settled,world,settled,world,settled,0.08459768444299698,-0.12612145930075813,1.0,0.0,0.0,0.08069382607936859,world
soft_none,body_only,90151,True,False,l,1.2751118713228489,0.0,,0.0,67,True,3.0,0.08103582262992859,-0.2094677467901235,-0.009547229658753553,world,settled,world,settled,world,settled,0.08005408942699432,-0.23243997903289104,1.0,0.0,0.0,0.08103582262992859,world
soft_none,body_only,90152,True,False,m,1.3717293620024857,0.0,,0.0,77,True,3.0,0.08697301894426346,-0.07053944418408038,0.16652951419130502,world,settled,world,settled,world,settled,0.08398503810167313,-0.14045724155175016,1.0,0.0,0.0,0.08697301894426346,world
soft_none,body_only,90153,True,False,l,1.3777582765834164,0.0,,0.0,63,True,3.0,0.08506295830011368,-0.11523415206203849,0.1098837589142366,world,settled,world,settled,world,settled,0.08235999196767807,-0.17848273010009147,1.0,0.0,0.0,0.08506295830011368,world
soft_none,body_only,90154,True,False,m,1.3240528558094946,0.0,,0.0,61,True,3.0,0.07942420244216919,-0.24717914485082498,-0.05734238767915314,world,settled,world,settled,world,settled,0.08223985135555267,-0.18129375137746995,1.0,0.0,0.0,0.07942420244216919,world
soft_none,body_only,90155,True,False,l,1.2616156540457863,0.0,,0.0,75,True,3.0,0.08464328944683075,-0.12505425292927935,0.09743783283187407,world,settled,world,settled,world,settled,0.08398093283176422,-0.14055324675787037,1.0,0.0,0.0,0.08464328944683075,world
soft_none,body_only,90156,True,False,m,1.53054519222226,0.0,,0.0,80,True,3.0,0.0884493738412857,-0.035993461158974026,0.21031284768101788,world,settled,world,settled,world,settled,0.08235753327608109,-0.17854023646453282,1.0,0.0,0.0,0.0884493738412857,world
soft_none,body_only,90157,True,False,l,1.488929027680533,0.0,,0.0,67,True,3.0,0.08348032087087631,-0.1522672286884232,0.06294830066125494,world,settled,world,settled,world,settled,0.08263780921697617,-0.17198157327310287,1.0,0.0,0.0,0.08348032087087631,world
soft_none,body_only,90158,True,False,m,1.4010988441285952,0.0,,0.0,76,True,3.0,0.08060578256845474,-0.21953056731601167,-0.02230077691233424,world,settled,world,settled,world,settled,0.08226500451564789,-0.18070529834761112,1.0,0.0,0.0,0.08060578256845474,world
soft_none,body_only,90159,True,False,l,1.3983826888544335,0.0,,0.0,76,True,3.0,0.08191986382007599,-0.18878143829840133,0.016670450779111508,world,settled,world,settled,world,settled,0.08046652376651764,-0.22278911746973362,1.0,0.0,0.0,0.08191986382007599,world
soft_none,body_only,90160,True,False,m,1.6346395142175347,0.0,,0.0,78,True,3.0,0.08768100291490555,-0.05397290401914574,0.18752582951644473,world,settled,world,settled,world,settled,0.08370310068130493,-0.147054163866044,1.0,0.0,0.0,0.08768100291490555,world
soft_none,body_only,90161,True,False,l,1.4627355647267428,0.0,,0.0,75,True,3.0,0.07817450910806656,-0.2764214863889592,-0.09440392362252849,world,settled,world,settled,world,settled,0.08061139285564423,-0.21939927550033275,1.0,0.0,0.0,0.07817450910806656,world
soft_none,body_only,90162,True,False,m,1.3110427449584228,0.0,,0.0,70,True,3.0,0.08439384400844574,-0.13089127967579545,0.09004002659647602,world,settled,world,settled,world,settled,0.08277848362922668,-0.16869005960306524,1.0,0.0,0.0,0.08439384400844574,world
soft_none,body_only,90163,True,False,l,1.4308898612160117,0.0,,0.0,78,True,3.0,0.08360446989536285,-0.14936235749499702,0.0666299137771419,world,settled,world,settled,world,settled,0.08214204013347626,-0.18358270866115528,1.0,0.0,0.0,0.08360446989536285,world
soft_none,body_only,90164,True,False,m,1.439856144676443,0.0,,0.0,68,True,3.0,0.07528716325759888,-0.343984451742599,-0.18003274598032612,world,settled,world,settled,world,settled,0.0860736146569252,-0.09158503451858191,1.0,0.0,0.0,0.07528716325759888,world
soft_none,body_only,90165,True,False,l,1.2997648895781109,0.0,,0.0,62,True,3.0,0.08143743872642517,-0.2000700239370153,0.0023633775288462054,world,settled,world,settled,world,settled,0.08403809368610382,-0.13921569858247768,1.0,0.0,0.0,0.08143743872642517,world
soft_none,body_only,90166,True,False,m,1.679679815459025,0.0,,0.0,64,True,3.0,0.08324246108531952,-0.15783315960638938,0.05589407935324044,world,settled,world,settled,world,settled,0.08572579175233841,-0.09972415078131797,1.0,0.0,0.0,0.08324246108531952,world
soft_none,body_only,90167,True,False,l,1.3590101711106688,0.0,,0.0,72,True,3.0,0.08103161305189133,-0.20956608380653444,-0.009671861294818885,world,settled,world,settled,world,settled,0.07772357761859894,-0.28697300204950127,1.0,0.0,0.0,0.08103161305189133,world
soft_none,body_only,90168,True,False,m,1.6457533914678304,0.0,,0.0,77,True,3.0,0.07900810241699219,-0.25691555552124745,-0.06968224540055881,world,settled,world,settled,world,settled,0.08211418241262436,-0.18423448232634873,1.0,0.0,0.0,0.07900810241699219,world
soft_none,body_only,90169,True,False,l,1.372684860076075,0.0,,0.0,63,True,3.0,0.08689628541469574,-0.07233481606928707,0.16425407261736194,world,settled,world,settled,world,settled,0.08276137709617615,-0.16909026798534016,1.0,0.0,0.0,0.08689628541469574,world
soft_none,body_only,90170,True,False,m,1.5110806219967274,0.0,,0.0,77,True,3.0,0.08213375508785248,-0.18377627506643085,0.02301395910529085,world,settled,world,settled,world,settled,0.08469394594430923,-0.12386900465480177,1.0,0.0,0.0,0.08213375508785248,world
soft_none,body_only,90171,True,False,l,1.3393346079674444,0.0,,0.0,80,True,3.0,0.08351322263479233,-0.15149734992163438,0.06392403954147348,world,settled,world,settled,world,settled,0.08241310715675354,-0.1772394524383036,1.0,0.0,0.0,0.08351322263479233,world
soft_none,body_only,90172,True,False,m,1.5992541406103382,0.0,,0.0,69,True,3.0,0.08179344236850739,-0.19173979729722576,0.012921047598611768,world,settled,world,settled,world,settled,0.08580635488033295,-0.09783901945475112,1.0,0.0,0.0,0.08179344236850739,world
soft_none,body_only,90173,True,False,l,1.2909310796297793,0.0,,0.0,74,True,3.0,0.07814444601535797,-0.2771249020246759,-0.09529542760254488,world,settled,world,settled,world,settled,0.08187280595302582,-0.18988275447798367,1.0,0.0,0.0,0.07814444601535797,world
soft_none,body_only,90174,True,False,m,1.4992846063269814,0.0,,0.0,60,True,3.0,0.08306717872619629,-0.16193471802028953,0.050695793354754916,world,settled,world,settled,world,settled,0.08242557942867279,-0.1769478279621472,1.0,0.0,0.0,0.08306717872619629,world
soft_none,body_only,90175,True,False,l,1.375063495490151,0.0,,0.0,67,True,3.0,0.08114279061555862,-0.20696473368027135,-0.006374928623402087,world,settled,world,settled,world,settled,0.08211646974086761,-0.18418110784257208,1.0,0.0,0.0,0.08114279061555862,world
soft_none,body_only,90176,True,False,m,1.3570155774731387,0.0,,0.0,71,True,3.0,0.08286965638399124,-0.16655668200953577,0.0448379490267604,world,settled,world,settled,world,settled,0.08318818360567093,-0.15910336422888044,1.0,0.0,0.0,0.08286965638399124,world
soft_none,body_only,90177,True,False,l,1.2641200458110455,0.0,,0.0,62,True,3.0,0.08482956141233444,-0.12069545661359449,0.10296214031980011,world,settled,world,settled,world,settled,0.08166592568159103,-0.19472338779095327,1.0,0.0,0.0,0.08482956141233444,world
soft_none,body_only,90178,True,False,m,1.5240608064758356,0.0,,0.0,68,True,3.0,0.08673793077468872,-0.07604040476541278,0.15955763582642532,world,settled,world,settled,world,settled,0.08687295019626617,-0.07288091296380858,1.0,0.0,0.0,0.08673793077468872,world
soft_none,body_only,90179,True,False,l,1.4207768660969622,0.0,,0.0,63,True,3.0,0.08298856019973755,-0.16377441391437803,0.048364175846809236,world,settled,world,settled,world,settled,0.0836833268404007,-0.14751721780454752,1.0,0.0,0.0,0.08298856019973755,world
soft_none,body_only,90180,True,False,m,1.6834084531201725,0.0,,0.0,70,True,3.0,0.08538583666086197,-0.10767881213300808,0.11945934307116954,world,settled,world,settled,world,settled,0.08585251867771149,-0.09675864598254644,1.0,0.0,0.0,0.08538583666086197,world
soft_none,body_only,90181,True,False,l,1.3164236438723707,0.0,,0.0,75,True,3.0,0.08123345673084259,-0.20484331151782134,-0.0036862532441687816,world,settled,world,settled,world,settled,0.08402837812900543,-0.13944301303837237,1.0,0.0,0.0,0.08123345673084259,world
soft_none,body_only,90182,True,False,m,1.3450601064988406,0.0,,0.0,60,True,3.0,0.07941347360610962,-0.24743003238327574,-0.05766036075560961,world,settled,world,settled,world,settled,0.08286122232675552,-0.1667540730195406,1.0,0.0,0.0,0.07941347360610962,world
soft_none,body_only,90183,True,False,l,1.3429357517410216,0.0,,0.0,67,True,3.0,0.08597461134195328,-0.09390182533594334,0.13692019827337573,world,settled,world,settled,world,settled,0.08462031185626984,-0.12559198581642148,1.0,0.0,0.0,0.08597461134195328,world
soft_none,body_only,90184,True,False,m,1.6568892806087865,0.0,,0.0,73,True,3.0,0.08512166887521744,-0.11386029084470675,0.11162498086190276,world,settled,world,settled,world,settled,0.0808335617184639,-0.214200676618804,1.0,0.0,0.0,0.08512166887521744,world
soft_none,body_only,90185,True,False,l,1.43334245437914,0.0,,0.0,67,True,3.0,0.08453650772571564,-0.1275528530336747,0.0942711248082909,world,settled,world,settled,world,settled,0.0847557932138443,-0.12242172192297884,1.0,0.0,0.0,0.08453650772571564,world
soft_none,body_only,90186,True,False,m,1.6331529059433587,0.0,,0.0,70,True,3.0,0.07894383370876312,-0.2584196516122104,-0.07158852610194584,world,settled,world,settled,world,settled,0.08375309407711029,-0.1458844755219178,1.0,0.0,0.0,0.07894383370876312,world
soft_none,body_only,90187,True,False,l,1.3141636302230804,0.0,,0.0,65,True,3.0,0.08697237819433212,-0.07055437866625094,0.16651058633468868,world,settled,world,settled,world,settled,0.08279959112405777,-0.16819621269315216,1.0,0.0,0.0,0.08697237819433212,world
soft_none,body_only,90188,True,False,m,1.68271261290117,0.0,,0.0,72,True,3.0,0.08880656957626343,-0.02763495641606977,0.22090635721779842,world,settled,world,settled,world,settled,0.07859933376312256,-0.2664806827398738,1.0,0.0,0.0,0.08880656957626343,world
soft_none,body_only,90189,True,False,l,1.2673551846296478,0.0,,0.0,69,True,3.0,0.08430937677621841,-0.13286783757911722,0.08753495115022307,world,settled,world,settled,world,settled,0.08328423649072647,-0.15685563858136425,1.0,0.0,0.0,0.08430937677621841,world
soft_none,body_only,90190,True,False,m,1.4616304439624153,0.0,,0.0,61,True,3.0,0.08551760017871857,-0.104595729614034,0.12336681995513728,world,settled,world,settled,world,settled,0.08011575043201447,-0.23099707661759555,1.0,0.0,0.0,0.08551760017871857,world
soft_none,body_only,90191,True,False,l,1.3598610545526153,0.0,,0.0,75,True,3.0,0.08244447410106659,-0.17650581479780927,0.03222848880425534,world,settled,world,settled,world,settled,0.08157365024089813,-0.19688270949804476,1.0,0.0,0.0,0.08244447410106659,world
soft_none,body_only,90192,True,False,m,1.6394540644586693,0.0,,0.0,73,True,3.0,0.08671320974826813,-0.07661877652947259,0.1588246115611016,world,settled,world,settled,world,settled,0.08364282548427582,-0.14846490473342272,1.0,0.0,0.0,0.08671320974826813,world
soft_none,body_only,90193,True,False,l,1.2806965176607972,0.0,,0.0,79,True,3.0,0.08290480822324753,-0.16573403241453155,0.04588056927980318,world,settled,world,settled,world,settled,0.08403070271015167,-0.1393888104350532,1.0,0.0,0.0,0.08290480822324753,world
soft_none,body_only,90194,True,False,m,1.3882151295384004,0.0,,0.0,72,True,3.0,0.08659197390079498,-0.07945584652498687,0.15522892920182454,world,settled,world,settled,world,settled,0.08600019663572311,-0.09330308183113782,1.0,0.0,0.0,0.08659197390079498,world
soft_none,body_only,90195,True,False,l,1.4070168029723402,0.0,,0.0,68,True,3.0,0.08211992681026459,-0.18409991072142912,0.022603785575081768,world,settled,world,settled,world,settled,0.08457455784082413,-0.12666259619507242,1.0,0.0,0.0,0.08211992681026459,world
soft_none,body_only,90196,True,False,m,1.4747105385822876,0.0,,0.0,78,True,3.0,0.08468597382307053,-0.12405548627946497,0.09870366258914122,world,settled,world,settled,world,settled,0.08599086105823517,-0.09352138721811484,1.0,0.0,0.0,0.08468597382307053,world
soft_none,body_only,90197,True,False,l,1.3111555143573217,0.0,,0.0,62,True,3.0,0.0829489454627037,-0.16470124966487765,0.04718951080037462,world,settled,world,settled,world,settled,0.0846974328160286,-0.12378729540709962,1.0,0.0,0.0,0.0829489454627037,world
soft_none,body_only,90198,True,False,m,1.379640047296776,0.0,,0.0,79,True,3.0,0.07855723798274994,-0.2674657614453553,-0.08305350144571613,world,settled,world,settled,world,settled,0.08326925337314606,-0.15720617722518426,1.0,0.0,0.0,0.07855723798274994,world
soft_none,body_only,90199,True,False,l,1.4868269255907973,0.0,,0.0,73,True,3.0,0.0862368792295456,-0.08776474036950896,0.14469829616524404,world,settled,world,settled,world,settled,0.08576091378927231,-0.09890208086999348,1.0,0.0,0.0,0.0862368792295456,world
soft_none,body_only,90200,True,False,m,1.568789452616487,0.0,,0.0,75,True,3.0,0.08392910659313202,-0.1417658796380615,0.07625763585167977,world,settled,world,settled,world,settled,0.08527304232120514,-0.11031834074944276,1.0,0.0,0.0,0.08392910659313202,world
soft_none,body_only,90201,True,False,l,1.237480856854104,0.0,,0.0,74,True,3.0,0.08780378848314285,-0.05109975198345956,0.19116724199712795,world,settled,world,settled,world,settled,0.08155258744955063,-0.19737559753269812,1.0,0.0,0.0,0.08780378848314285,world
soft_none,body_only,90202,True,False,m,1.589816924085751,0.0,,0.0,69,True,3.0,0.08946985006332397,-0.012114348667419273,0.24057706522828765,world,settled,world,settled,world,settled,0.0846906304359436,-0.1239464556246459,1.0,0.0,0.0,0.08946985006332397,world
soft_none,body_only,90203,True,False,l,1.2163108575505985,0.0,,0.0,68,True,3.0,0.08359052240848541,-0.1496887869638203,0.06621619938713681,world,settled,world,settled,world,settled,0.08181867748498917,-0.19114925435515306,1.0,0.0,0.0,0.08359052240848541,world
soft_none,body_only,90204,True,False,m,1.577624770964431,0.0,,0.0,61,True,3.0,0.08183235675096512,-0.1908291251326387,0.014075227031078252,world,settled,world,settled,world,settled,0.08186547458171844,-0.19005421880852202,1.0,0.0,0.0,0.08183235675096512,world
soft_none,body_only,90205,True,False,l,1.3675497082151145,0.0,,0.0,65,True,3.0,0.08478482812643051,-0.12174219971532552,0.10163550554817302,world,settled,world,settled,world,settled,0.08437953889369965,-0.1312260012363536,1.0,0.0,0.0,0.08478482812643051,world
soft_none,body_only,90206,True,False,m,1.5176465510618466,0.0,,0.0,74,True,3.0,0.0782754048705101,-0.2740604979599093,-0.09141162365875788,world,settled,world,settled,world,settled,0.08789809048175812,-0.048893214386873385,1.0,0.0,0.0,0.0782754048705101,world
soft_none,body_only,90207,True,False,l,1.2488637580931352,0.0,,0.0,80,True,3.0,0.08048301935195923,-0.22240315601248276,-0.025941475420897975,world,settled,world,settled,world,settled,0.08524834364652634,-0.1108961938491575,1.0,0.0,0.0,0.08048301935195923,world
soft_none,body_only,90208,True,False,m,1.4834364114696996,0.0,,0.0,66,True,3.0,0.08690625429153442,-0.07210173310700019,0.16454948030806685,world,settled,world,settled,world,settled,0.086494579911232,-0.0817348620156382,1.0,0.0,0.0,0.08690625429153442,world
soft_none,body_only,90209,True,False,l,1.263629522578016,0.0,,0.0,60,True,3.0,0.08804941922426224,-0.045352081514842116,0.19845179872065682,world,settled,world,settled,world,settled,0.08050139248371124,-0.22197318000154756,1.0,0.0,0.0,0.08804941922426224,world
soft_none,body_only,90210,True,False,m,1.3346147837212192,0.0,,0.0,73,True,3.0,0.08141129463911057,-0.200681777635686,0.001588045236724156,world,settled,world,settled,world,settled,0.08456768840551376,-0.12682322959369954,1.0,0.0,0.0,0.08141129463911057,world
soft_none,body_only,90211,True,False,l,1.30656153459059,0.0,,0.0,71,True,3.0,0.08072124421596527,-0.21682863117500112,-0.018876362240336137,world,settled,world,settled,world,settled,0.08236713707447052,-0.17831542815988516,1.0,0.0,0.0,0.08072124421596527,world
soft_none,body_only,90212,True,False,m,1.6930851814175538,0.0,,0.0,60,True,3.0,0.08359813690185547,-0.14951034899502919,0.0664423504012541,world,settled,world,settled,world,settled,0.08127400279045105,-0.20389454585427896,1.0,0.0,0.0,0.08359813690185547,world
soft_none,body_only,90213,True,False,l,1.3559979569855254,0.0,,0.0,66,True,3.0,0.07987827807664871,-0.2365537848989725,-0.04387588195308658,world,settled,world,settled,world,settled,0.0835496112704277,-0.15064592753105183,1.0,0.0,0.0,0.07987827807664871,world
soft_none,body_only,90214,True,False,m,1.3935857870234445,0.0,,0.0,60,True,3.0,0.08777227252721786,-0.051837124878943,0.19023270082729749,world,settled,world,settled,world,settled,0.0838032215833664,-0.14471158366271925,1.0,0.0,0.0,0.08777227252721786,world
soft_none,body_only,90215,True,False,l,1.3131198647094737,0.0,,0.0,80,True,3.0,0.08621005713939667,-0.08839250728501746,0.14390266883585118,world,settled,world,settled,world,settled,0.083592489361763,-0.1496427173661134,1.0,0.0,0.0,0.08621005713939667,world
soft_none,body_only,90216,True,False,m,1.681261135717984,0.0,,0.0,66,True,3.0,0.08155792951583862,-0.19725061250111403,0.00593667955510675,world,settled,world,settled,world,settled,0.07916282117366791,-0.2532950975140916,1.0,0.0,0.0,0.08155792951583862,world
soft_none,body_only,90217,True,False,l,1.413471960665546,0.0,,0.0,75,True,3.0,0.0820734053850174,-0.1851886394839653,0.021223938475194003,world,settled,world,settled,world,settled,0.08173899352550507,-0.19301357808858338,1.0,0.0,0.0,0.0820734053850174,world
soft_none,body_only,90218,True,False,m,1.584896311018346,0.0,,0.0,74,True,3.0,0.08026890456676483,-0.22741326507945775,-0.032291252063229456,world,settled,world,settled,world,settled,0.08273406326770782,-0.16972950653577434,1.0,0.0,0.0,0.08026890456676483,world
soft_none,body_only,90219,True,False,l,1.3119810143159762,0.0,,0.0,70,True,3.0,0.08665473759174347,-0.07798694551458053,0.15709060390812127,world,settled,world,settled,world,settled,0.08437272906303406,-0.131385152736852,1.0,0.0,0.0,0.08665473759174347,world
soft_none,body_only,90220,True,False,m,1.300500753923412,0.0,,0.0,65,True,3.0,0.08525681495666504,-0.11069796818182438,0.11563288614138005,world,settled,world,settled,world,settled,0.08785565197467804,-0.04988616458653257,1.0,0.0,0.0,0.08525681495666504,world
soft_none,body_only,90221,True,False,l,1.325946290087466,0.0,,0.0,69,True,3.0,0.08245082944631577,-0.17635701043306826,0.03241708239910094,world,settled,world,settled,world,settled,0.08271610736846924,-0.17014969875016722,1.0,0.0,0.0,0.08245082944631577,world
soft_none,body_only,90222,True,False,m,1.3799548422979533,0.0,,0.0,63,True,3.0,0.0819195955991745,-0.18878755984523005,0.01666269237414502,world,settled,world,settled,world,settled,0.08524149656295776,-0.11105650035849157,1.0,0.0,0.0,0.0819195955991745,world
soft_none,body_only,90223,True,False,l,1.2088747342560058,0.0,,0.0,66,True,3.0,0.08100352436304092,-0.21022346471273545,-0.01050502118565339,world,settled,world,settled,world,settled,0.08202236890792847,-0.1863829513089094,1.0,0.0,0.0,0.08100352436304092,world
soft_none,body_only,90224,True,False,m,1.3689372681649405,0.0,,0.0,67,True,3.0,0.08427856862545013,-0.13358852168655716,0.08662156123181067,world,settled,world,settled,world,settled,0.08650051057338715,-0.08159624352127005,1.0,0.0,0.0,0.08427856862545013,world
soft_none,body_only,90225,True,False,l,1.4190999555086545,0.0,,0.0,76,True,3.0,0.08869701623916626,-0.030198529036360777,0.21765730348909926,world,settled,world,settled,world,settled,0.08708005398511887,-0.06803476611809542,1.0,0.0,0.0,0.08869701623916626,world
soft_none,body_only,90226,True,False,m,1.3666051873938825,0.0,,0.0,68,True,3.0,0.08580586314201355,-0.0978504780141051,0.13191570391820395,world,settled,world,settled,world,settled,0.08168157190084457,-0.19435737202873618,1.0,0.0,0.0,0.08580586314201355,world
soft_none,body_only,90227,True,False,l,1.2089853713110907,0.0,,0.0,76,True,3.0,0.08092111349105835,-0.21215185329945765,-0.012949047182217238,world,settled,world,settled,world,settled,0.08366502076387405,-0.14794526407902245,1.0,0.0,0.0,0.08092111349105835,world
soft_none,body_only,90228,True,False,m,1.3941552835422104,0.0,,0.0,76,True,3.0,0.08084995299577713,-0.21381700883475968,-0.015059453479278955,world,settled,world,settled,world,settled,0.08596575260162354,-0.09410888137271396,1.0,0.0,0.0,0.08084995299577713,world
soft_none,body_only,90229,True,False,l,1.4129882265602367,0.0,,0.0,60,True,3.0,0.08430791646242142,-0.13290194302869685,0.08749172614569281,world,settled,world,settled,world,settled,0.08281369507312775,-0.16786591939288448,1.0,0.0,0.0,0.08430791646242142,world
soft_none,body_only,90230,True,False,m,1.387380358400205,0.0,,0.0,62,True,3.0,0.08402968943119049,-0.13941217648172372,0.07924070251256579,world,settled,world,settled,world,settled,0.08952989429235458,-0.010709293494478408,1.0,0.0,0.0,0.08402968943119049,world
soft_none,body_only,90231,True,False,l,1.2736796593502162,0.0,,0.0,79,True,3.0,0.08462809026241302,-0.12540986271566626,0.09698713551467025,world,settled,world,settled,world,settled,0.0830826684832573,-0.1615722762476769,1.0,0.0,0.0,0.08462809026241302,world
soft_none,body_only,90232,True,False,m,1.3398772042708087,0.0,,0.0,65,True,3.0,0.08055373281240463,-0.2207482756972936,-0.023844091864817684,world,settled,world,settled,world,settled,0.08319202065467834,-0.15901358735342472,1.0,0.0,0.0,0.08055373281240463,world
soft_none,body_only,90233,True,False,l,1.2151805568406018,0.0,,0.0,74,True,3.0,0.0825110524892807,-0.17494775800160406,0.03420315892015822,world,settled,world,settled,world,settled,0.08342353254556656,-0.1535960510989523,1.0,0.0,0.0,0.0825110524892807,world
soft_none,body_only,90234,True,False,m,1.412785576783788,0.0,,0.0,80,True,3.0,0.08290281146764755,-0.16578059670470202,0.04582155402920911,world,settled,world,settled,world,settled,0.0808701366186142,-0.2133447061085235,1.0,0.0,0.0,0.08290281146764755,world
soft_none,body_only,90235,True,False,l,1.4243033807217698,0.0,,0.0,60,True,3.0,0.08180715143680573,-0.19141896635236227,0.013327666459119206,world,settled,world,settled,world,settled,0.08467426151037216,-0.12432956551762997,1.0,0.0,0.0,0.08180715143680573,world
soft_none,body_only,90236,True,False,m,1.6997035312296203,0.0,,0.0,64,True,3.0,0.08843682706356049,-0.03628685519583701,0.20994100216281303,world,settled,world,settled,world,settled,0.08445154875516891,-0.1295410394787828,1.0,0.0,0.0,0.08843682706356049,world
soft_none,body_only,90237,True,False,l,1.376968432617344,0.0,,0.0,75,True,3.0,0.08495049178600311,-0.11786589635477358,0.10654830489213718,world,settled,world,settled,world,settled,0.08392812311649323,-0.14178885777610417,1.0,0.0,0.0,0.08495049178600311,world
soft_none,body_only,90238,True,False,m,1.5968317899030746,0.0,,0.0,62,True,3.0,0.0835334062576294,-0.15102505373318406,0.06452262437577423,world,settled,world,settled,world,settled,0.07936283946037292,-0.2486149973536993,1.0,0.0,0.0,0.0835334062576294,world
soft_none,body_only,90239,True,False,l,1.3434682340044826,0.0,,0.0,67,True,3.0,0.08015962690114975,-0.22997031081019664,-0.03553203365847375,world,settled,world,settled,world,settled,0.07745398581027985,-0.29328152955385456,1.0,0.0,0.0,0.08015962690114975,world
soft_none,world_only,90240,False,True,,1.0,1.0,short,-0.05,59,True,3.0,0.10098665952682495,0.25737491707380133,0.5821258463201632,world,settled,world,settled,body,settled,0.08394460380077362,-0.14140324173187305,1.0,0.0,0.0,0.10098665952682495,world
soft_none,world_only,90241,False,True,,1.0,1.0,medium,0.1,75,True,3.0,0.08850348740816116,-0.034726937309923135,0.2119180310105925,world,settled,world,settled,world,settled,0.08808892965316772,-0.0444273095254129,1.0,0.0,0.0,0.08850348740816116,world
soft_none,world_only,90242,False,True,,1.0,-2.0,short,0.2,69,True,3.0,0.09270766377449036,0.0636492687687509,0.3365993357824094,world,settled,world,settled,world,settled,0.08527087420225143,-0.11036884296596405,1.0,0.0,0.0,0.09270766377449036,world
soft_none,world_only,90243,False,True,,1.0,2.0,medium,0.05,68,False,nan,nan,nan,nan,world,decayed,world,decayed,world,decayed,0.03782890364527702,-1.220494364287196,0.2,0.0,0.0,nan,world
soft_none,world_only,90244,False,True,,1.0,-4.0,short,0.05,65,False,nan,nan,nan,nan,world,decayed,world,decayed,world,decayed,0.03794822469353676,-1.217702291147692,0.4,0.0,0.0,nan,world
soft_none,world_only,90245,False,True,,1.0,4.0,medium,0.25,65,False,nan,nan,nan,nan,world,decayed,world,decayed,world,decayed,0.030207553878426552,-1.3988312856048182,0.4,0.0,0.0,nan,world
soft_none,world_only,90246,False,True,,1.0,-1.0,short,0.1,75,True,3.0,0.09247316420078278,0.05816193184352373,0.32964472394250227,world,settled,world,settled,world,settled,0.08845804631710052,-0.03579040188862694,1.0,0.0,0.0,0.09247316420078278,world
soft_none,world_only,90247,False,True,,1.0,-1.0,medium,-0.15000000000000002,77,True,3.0,0.10007397085428238,0.2360181477456304,0.5550584285807806,world,settled,world,settled,body,settled,0.09205026924610138,0.048266562537285694,1.0,0.0,0.0,0.10007397085428238,world
soft_none,world_only,90248,False,True,,1.0,-2.0,short,0.15000000000000002,70,True,3.0,0.10372383892536163,0.32142385521559336,0.663301015551447,world,settled,world,settled,body,settled,0.09748271852731705,0.17538386900837102,1.0,0.0,0.0,0.10372383892536163,world
soft_none,world_only,90249,False,True,,1.0,2.0,medium,-0.25,60,False,nan,nan,nan,nan,alarm,persistent,world,decayed,world,decayed,0.0469386950135231,-1.007328475152328,1.0,0.0,0.0,nan,alarm
soft_none,world_only,90250,False,True,,1.0,4.0,short,0.05,68,False,nan,nan,nan,nan,world,decayed,world,decayed,world,decayed,0.03900808095932007,-1.192902034320638,0.4,0.0,0.0,nan,world
soft_none,world_only,90251,False,True,,1.0,-4.0,medium,0.15000000000000002,77,False,nan,nan,nan,nan,alarm,persistent,world,decayed,world,decayed,0.0512176938354969,-0.9072013786490052,0.8,0.0,0.0,nan,alarm
soft_none,world_only,90252,False,True,,1.0,-1.0,short,-0.05,78,True,3.0,0.09577183425426483,0.13534973946222156,0.4274720030172693,world,settled,world,settled,world,settled,0.09996384382247925,0.23344138187347013,1.0,0.0,0.0,0.09577183425426483,world
soft_none,world_only,90253,False,True,,1.0,1.0,medium,-0.05,60,True,3.0,0.09873156249523163,0.20460624196922103,0.5152472023332468,world,settled,world,settled,world,settled,0.09974811226129532,0.22839322180314778,1.0,0.0,0.0,0.09873156249523163,world
soft_none,world_only,90254,False,True,,1.0,2.0,short,0.1,75,True,3.0,0.08172806352376938,-0.19326954112212497,0.010982261141421762,world,settled,world,settled,world,settled,0.07996858656406403,-0.23444044126058597,1.0,0.0,0.0,0.08172806352376938,world
soft_none,world_only,90255,False,True,,1.0,2.0,medium,0.25,70,False,nan,nan,nan,nan,alarm,persistent,world,decayed,world,decayed,0.048449963331222534,-0.9719652981783152,1.0,0.0,0.0,nan,alarm
soft_none,world_only,90256,False,True,,1.0,-4.0,short,-0.2,70,False,nan,nan,nan,nan,alarm,persistent,world,decayed,world,decayed,0.04580782726407051,-1.033790488683259,0.8,0.0,0.0,nan,alarm
soft_none,world_only,90257,False,True,,1.0,-4.0,medium,-0.05,64,False,nan,nan,nan,nan,alarm,persistent,world,decayed,world,decayed,0.05363662913441658,-0.8505991408908432,0.8,0.0,0.0,nan,alarm
soft_none,world_only,90258,False,True,,1.0,-1.0,short,0.25,67,True,3.0,0.09158679097890854,0.03742127037940761,0.3033581569335197,world,settled,world,settled,world,settled,0.10160122066736221,0.27175540034599316,1.0,0.0,0.0,0.09158679097890854,world
soft_none,world_only,90259,False,True,,1.0,1.0,medium,-0.25,71,True,3.0,0.08523930609226227,-0.11110762802319366,0.11511368616843443,world,settled,world,settled,world,settled,0.09205365926027298,0.048345763454478816,1.0,0.0,0.0,0.08523930609226227,world
soft_none,world_only,90260,False,True,,1.0,-2.0,short,-0.05,78,True,3.0,0.10969491302967072,0.46114479353137955,0.8403823402695714,world,settled,world,settled,body,settled,0.09098216146230698,0.023272953689851016,1.0,0.0,0.0,0.10969491302967072,world
soft_none,world_only,90261,False,True,,1.0,-2.0,medium,0.15000000000000002,76,False,nan,nan,nan,nan,world,decayed,world,decayed,world,decayed,0.04013744369149208,-1.1664754346136823,0.4,0.0,0.0,nan,world
soft_none,world_only,90262,False,True,,1.0,-4.0,short,0.1,68,False,nan,nan,nan,nan,alarm,persistent,world,decayed,world,decayed,0.04148784279823303,-1.1348764887767337,0.8,0.0,0.0,nan,alarm
soft_none,world_only,90263,False,True,,1.0,-4.0,medium,-0.15000000000000002,76,False,nan,nan,nan,nan,world,decayed,world,decayed,world,decayed,0.040063366293907166,-1.1682086904505995,0.4,0.0,0.0,nan,world
soft_none,world_only,90264,False,True,,1.0,1.0,short,-0.15000000000000002,76,True,3.0,0.09468237310647964,0.10985677670991612,0.39516240311345874,world,settled,world,settled,world,settled,0.09243454784154892,0.05725855257906568,1.0,0.0,0.0,0.09468237310647964,world
soft_none,world_only,90265,False,True,,1.0,1.0,medium,-0.05,73,True,3.0,0.08717968314886093,-0.06570340257604777,0.1726586789726557,world,settled,world,settled,world,settled,0.08134032040834427,-0.2023427762288109,1.0,0.0,0.0,0.08717968314886093,world
soft_none,world_only,90266,False,True,,1.0,2.0,short,0.1,80,False,nan,nan,nan,nan,world,decayed,world,decayed,world,decayed,0.04317887872457504,-1.0953068604714333,0.6,0.0,0.0,nan,world
soft_none,world_only,90267,False,True,,1.0,2.0,medium,-0.05,73,False,nan,nan,nan,nan,world,decayed,world,decayed,world,decayed,0.036371029913425446,-1.254608133744156,0.4,0.0,0.0,nan,world
soft_none,world_only,90268,False,True,,1.0,-4.0,short,-0.1,69,False,nan,nan,nan,nan,alarm,persistent,world,decayed,world,decayed,0.05501352623105049,-0.8183801858342292,1.0,0.0,0.0,nan,alarm
soft_none,world_only,90269,False,True,,1.0,4.0,medium,0.0,74,False,nan,nan,nan,nan,world,decayed,world,decayed,world,decayed,0.04107152670621872,-1.1446181334895544,0.6,0.0,0.0,nan,world
soft_none,world_only,90270,False,True,,1.0,-1.0,short,0.1,81,True,3.0,0.09290053695440292,0.06816253117173317,0.34231941249213116,world,settled,world,settled,world,settled,0.08045125007629395,-0.2231465382228043,1.0,0.0,0.0,0.09290053695440292,world
soft_none,world_only,90271,False,True,,1.0,1.0,medium,-0.15000000000000002,77,True,3.0,0.09128613770008087,0.03038607560391981,0.29444180104935197,world,settled,world,settled,world,settled,0.09490735828876495,0.11512129608629058,1.0,0.0,0.0,0.09128613770008087,world
soft_none,world_only,90272,False,True,,1.0,-2.0,short,-0.2,58,True,3.0,0.09259475767612457,0.061007327709333134,0.3332509584506488,world,settled,world,settled,world,settled,0.08619068562984467,-0.08884559763786741,1.0,0.0,0.0,0.09259475767612457,world
soft_none,world_only,90273,False,True,,1.0,2.0,medium,-0.2,71,False,nan,nan,nan,nan,alarm,persistent,world,decayed,world,decayed,0.04557645320892334,-1.0392044356932932,0.8,0.0,0.0,nan,alarm
soft_none,world_only,90274,False,True,,1.0,4.0,short,-0.15000000000000002,60,False,nan,nan,nan,nan,world,decayed,world,decayed,world,decayed,0.04291822388768196,-1.1014060657789915,0.6,0.0,0.0,nan,world
soft_none,world_only,90275,False,True,,1.0,4.0,medium,0.2,76,False,nan,nan,nan,nan,world,decayed,world,decayed,world,decayed,0.05588642880320549,-0.7979545508507621,0.6,0.0,0.0,nan,world
soft_none,world_only,90276,False,True,,1.0,1.0,short,-0.1,69,True,3.0,0.0903354063630104,0.008139267363342084,0.2662463543147483,world,settled,world,settled,world,settled,0.09835480153560638,0.19579045179420546,1.0,0.0,0.0,0.0903354063630104,world
soft_none,world_only,90277,False,True,,1.0,-1.0,medium,0.25,75,True,3.0,0.09909888356924057,0.21320170876069025,0.5261410358871262,world,settled,world,settled,world,settled,0.08215674012899399,-0.1832384898770018,1.0,0.0,0.0,0.09909888356924057,world
soft_none,world_only,90278,False,True,,1.0,2.0,short,0.2,64,True,3.0,0.10049927234649658,0.2459701909382434,0.5676715774290717,world,settled,world,settled,body,settled,0.08810200542211533,-0.04412140216641012,1.0,0.0,0.0,0.10049927234649658,world
soft_none,world_only,90279,False,True,,1.0,-2.0,medium,-0.15000000000000002,63,False,nan,nan,nan,nan,world,decayed,world,decayed,world,decayed,0.042451340705156326,-1.1123310094164718,0.6,0.0,0.0,nan,world
soft_none,world_only,90280,False,True,,1.0,4.0,short,0.2,77,False,nan,nan,nan,nan,world,decayed,world,decayed,world,decayed,0.038421209901571274,-1.2066345611773566,0.4,0.0,0.0,nan,world
soft_none,world_only,90281,False,True,,1.0,4.0,medium,0.1,77,False,nan,nan,nan,nan,world,decayed,world,decayed,world,decayed,0.044775255024433136,-1.0579521468456698,0.6,0.0,0.0,nan,world
soft_none,world_only,90282,False,True,,1.0,1.0,short,0.15000000000000002,68,True,3.0,0.07879811525344849,-0.26182926384605765,-0.07590984442705025,world,settled,world,settled,world,settled,0.09912828356027603,0.2138897497033217,1.0,0.0,0.0,0.07879811525344849,world
soft_none,world_only,90283,False,True,,1.0,-1.0,medium,-0.05,74,True,3.0,0.09643124043941498,0.15077970734768256,0.4470278347090096,world,settled,world,settled,world,settled,0.10149899870157242,0.2693633770474568,1.0,0.0,0.0,0.09643124043941498,world
soft_none,world_only,90284,False,True,,1.0,2.0,short,-0.2,72,False,nan,nan,nan,nan,alarm,persistent,world,decayed,world,decayed,0.046523526310920715,-1.01704328770234,0.8,0.0,0.0,nan,alarm
soft_none,world_only,90285,False,True,,1.0,-2.0,medium,-0.2,73,False,nan,nan,nan,nan,world,decayed,world,decayed,world,decayed,0.04939470812678337,-0.9498586525754039,0.6,0.0,0.0,nan,world
soft_none,world_only,90286,False,True,,1.0,4.0,short,-0.1,67,False,nan,nan,nan,nan,world,decayed,world,decayed,world,decayed,0.03866831213235855,-1.2008525417266362,0.4,0.0,0.0,nan,world
soft_none,world_only,90287,False,True,,1.0,4.0,medium,0.2,79,False,nan,nan,nan,nan,alarm,persistent,world,decayed,world,decayed,0.04668120667338371,-1.013353622873312,1.0,0.0,0.0,nan,alarm
soft_none,world_only,90288,False,True,,1.0,-1.0,short,-0.05,78,True,3.0,0.09630598872900009,0.14784893017777853,0.4433133885425569,world,settled,world,settled,world,settled,0.08426795154809952,-0.1338371493243617,1.0,0.0,0.0,0.09630598872900009,world
soft_none,world_only,90289,False,True,,1.0,1.0,medium,-0.05,64,True,3.0,0.10831375420093536,0.42882616550267477,0.7994219406803513,world,settled,world,settled,body,settled,0.08664648234844208,-0.07818030271070851,1.0,0.0,0.0,0.10831375420093536,world
soft_none,world_only,90290,False,True,,1.0,2.0,short,0.1,66,True,3.0,0.10789813846349716,0.4191009409838619,0.7870962602080354,world,settled,world,settled,body,settled,0.0903543159365654,0.008581855852835872,1.0,0.0,0.0,0.10789813846349716,world
soft_none,world_only,90291,False,True,,1.0,-2.0,medium,0.15000000000000002,75,False,nan,nan,nan,nan,world,decayed,world,decayed,world,decayed,0.04443630576133728,-1.065883414909915,0.6,0.0,0.0,nan,world
soft_none,world_only,90292,False,True,,1.0,-4.0,short,0.1,74,False,nan,nan,nan,nan,world,decayed,world,decayed,world,decayed,0.04605427011847496,-1.028023742589943,0.6,0.0,0.0,nan,world
soft_none,world_only,90293,False,True,,1.0,4.0,medium,0.1,69,False,nan,nan,nan,nan,alarm,persistent,world,decayed,world,decayed,0.04357243329286575,-1.0860977056139016,0.8,0.0,0.0,nan,alarm
soft_none,world_only,90294,False,True,,1.0,-1.0,short,-0.1,70,True,3.0,0.09394215792417526,0.09253595475599724,0.3732101164069774,world,settled,world,settled,world,settled,0.08706951886415482,-0.06828145857128484,1.0,0.0,0.0,0.09394215792417526,world
soft_none,world_only,90295,False,True,,1.0,1.0,medium,0.2,64,True,3.0,0.0959220752120018,0.1388653553560338,0.43192766962801976,world,settled,world,settled,world,settled,0.08695029467344284,-0.07107103155251235,1.0,0.0,0.0,0.0959220752120018,world
soft_none,world_only,90296,False,True,,1.0,-2.0,short,0.25,84,True,3.25,0.09995629638433456,0.23326460123339493,0.5515686032909046,world,settled,world,settled,body,settled,0.08720127493143082,-0.0651982997781424,1.0,0.0,0.0,0.09995629638433456,world
soft_none,world_only,90297,False,True,,1.0,2.0,medium,-0.05,62,False,nan,nan,nan,nan,alarm,persistent,world,decayed,world,decayed,0.04736682027578354,-0.9973104722381543,0.8,0.0,0.0,nan,alarm
soft_none,world_only,90298,False,True,,1.0,4.0,short,0.05,62,False,nan,nan,nan,nan,alarm,persistent,world,decayed,world,decayed,0.04492781683802605,-1.0543822836736683,0.8,0.0,0.0,nan,alarm
soft_none,world_only,90299,False,True,,1.0,-4.0,medium,0.05,67,False,nan,nan,nan,nan,world,decayed,world,decayed,world,decayed,0.03668031841516495,-1.2473708581869385,0.0,0.0,0.0,nan,world
soft_none,world_only,90300,False,True,,1.0,-1.0,short,-0.15000000000000002,67,True,3.0,0.09493742138147354,0.11582482286436686,0.4027262624157809,world,settled,world,settled,world,settled,0.0879770815372467,-0.04704476439751577,1.0,0.0,0.0,0.09493742138147354,world
soft_none,world_only,90301,False,True,,1.0,-1.0,medium,-0.25,72,True,3.0,0.09079712629318237,0.018943239624941866,0.27993923201342175,world,settled,world,settled,world,settled,0.08655857294797897,-0.08023721218153512,1.0,0.0,0.0,0.09079712629318237,world
soft_none,world_only,90302,False,True,,1.0,-2.0,short,0.2,78,True,3.25,0.08296354860067368,-0.16435947165411263,0.04762267782340891,world,settled,world,settled,world,settled,0.08702970296144485,-0.06921299716908115,1.0,0.0,0.0,0.08296354860067368,world
soft_none,world_only,90303,False,True,,1.0,2.0,medium,-0.15000000000000002,59,False,nan,nan,nan,nan,alarm,persistent,world,decayed,world,decayed,0.053053177893161774,-0.8642517308527458,1.0,0.0,0.0,nan,alarm
soft_none,world_only,90304,False,True,,1.0,4.0,short,0.05,80,False,nan,nan,nan,nan,world,decayed,world,decayed,world,decayed,0.03871454298496246,-1.199770671101469,0.4,0.0,0.0,nan,world
soft_none,world_only,90305,False,True,,1.0,-4.0,medium,-0.25,73,False,nan,nan,nan,nan,world,decayed,world,decayed,world,decayed,0.037937816232442856,-1.217945839743105,0.4,0.0,0.0,nan,world
soft_none,world_only,90306,False,True,,1.0,1.0,short,-0.15000000000000002,64,True,3.0,0.09269911050796509,0.06344904253894398,0.3363455704810529,world,settled,world,settled,world,settled,0.08425026386976242,-0.13425072312020034,1.0,0.0,0.0,0.09269911050796509,world
soft_none,world_only,90307,False,True,,1.0,1.0,medium,-0.05,72,True,3.0,0.1043669581413269,0.336472569939255,0.6823736496941428,world,settled,world,settled,body,settled,0.08264303207397461,-0.17185941910279706,1.0,0.0,0.0,0.1043669581413269,world
soft_none,world_only,90308,False,True,,1.0,-2.0,short,-0.25,62,True,3.0,0.08599771559238434,-0.09336117659630674,0.13760541264550974,world,settled,world,settled,world,settled,0.08481384813785553,-0.12106297824582184,1.0,0.0,0.0,0.08599771559238434,world
soft_none,world_only,90309,False,True,,1.0,2.0,medium,0.25,65,False,nan,nan,nan,nan,alarm,persistent,world,decayed,world,decayed,0.048736102879047394,-0.9652697300734321,0.8,0.0,0.0,nan,alarm
soft_none,world_only,90310,False,True,,1.0,4.0,short,0.15000000000000002,70,False,nan,nan,nan,nan,world,decayed,world,decayed,world,decayed,0.03785339370369911,-1.2199213447904955,0.4,0.0,0.0,nan,world
soft_none,world_only,90311,False,True,,1.0,-4.0,medium,-0.05,66,False,nan,nan,nan,nan,world,decayed,world,decayed,world,decayed,0.03685392811894417,-1.2433083870154449,0.4,0.0,0.0,nan,world
soft_none,world_only,90312,False,True,,1.0,1.0,short,0.2,69,True,3.0,0.10316512733697891,0.30835025463420895,0.6467316270425123,world,settled,world,settled,body,settled,0.07883232831954956,-0.26102865748571774,1.0,0.0,0.0,0.10316512733697891,world
soft_none,world_only,90313,False,True,,1.0,-1.0,medium,-0.2,66,True,3.0,0.09412197768688202,0.09674374565236751,0.37854304069912653,world,settled,world,settled,world,settled,0.08408887684345245,-0.13802742113388405,1.0,0.0,0.0,0.09412197768688202,world
soft_none,world_only,90314,False,True,,1.0,2.0,short,-0.05,66,True,3.0,0.08466832339763641,-0.12446852724575588,0.0981801774024877,world,settled,world,settled,world,settled,0.08319522440433502,-0.15893854228877785,1.0,0.0,0.0,0.08466832339763641,world
soft_none,world_only,90315,False,True,,1.0,2.0,medium,0.0,65,False,nan,nan,nan,nan,world,decayed,world,decayed,world,decayed,0.04319687560200691,-1.0948856905856466,0.6,0.0,0.0,nan,world
soft_none,world_only,90316,False,True,,1.0,4.0,short,-0.05,63,False,nan,nan,nan,nan,world,decayed,world,decayed,world,decayed,0.0331212542951107,-1.3306516446893846,0.2,0.0,0.0,nan,world
soft_none,world_only,90317,False,True,,1.0,4.0,medium,0.25,84,False,nan,nan,nan,nan,alarm,persistent,world,decayed,world,decayed,0.045384179800748825,-1.043703513416421,0.8,0.0,0.0,nan,alarm
soft_none,world_only,90318,False,True,,1.0,-1.0,short,0.1,75,True,3.0,0.08618880808353424,-0.08888975384357876,0.14327246207970593,world,settled,world,settled,world,settled,0.08941029757261276,-0.013507836317908445,1.0,0.0,0.0,0.08618880808353424,world
soft_none,world_only,90319,False,True,,1.0,1.0,medium,-0.25,65,True,3.0,0.08824092894792557,-0.040870845545535404,0.20413128535583702,world,settled,world,settled,world,settled,0.10042954981327057,0.24433848489467286,1.0,0.0,0.0,0.08824092894792557,world
soft_none,world_only,90320,False,True,,1.0,2.0,short,0.25,76,False,nan,nan,nan,nan,alarm,persistent,world,decayed,world,decayed,0.046336427330970764,-1.0214213056532748,0.8,0.0,0.0,nan,alarm
soft_none,world_only,90321,False,True,,1.0,2.0,medium,-0.15000000000000002,57,False,nan,nan,nan,nan,world,decayed,world,decayed,world,decayed,0.04405244439840317,-1.0748656263308998,0.6,0.0,0.0,nan,world
soft_none,world_only,90322,False,True,,1.0,4.0,short,-0.1,74,False,nan,nan,nan,nan,alarm,persistent,world,decayed,world,decayed,0.056018173694610596,-0.7948718821191515,1.0,0.0,0.0,nan,alarm
soft_none,world_only,90323,False,True,,1.0,-4.0,medium,-0.05,75,False,nan,nan,nan,nan,world,decayed,world,decayed,world,decayed,0.0429191067814827,-1.1013853145742583,0.6,0.0,0.0,nan,world
soft_none,world_only,90324,False,True,,1.0,1.0,short,-0.05,72,True,3.0,0.08328379690647125,-0.15686587675402403,0.05712000676926482,world,settled,world,settled,world,settled,0.08221840113401413,-0.18179554823499117,1.0,0.0,0.0,0.08328379690647125,world
soft_none,world_only,90325,False,True,,1.0,1.0,medium,0.05,80,True,3.0,0.10174288600683212,0.27507033018572624,0.6045528871994048,world,settled,world,settled,body,settled,0.10183576494455338,0.2772437059531589,1.0,0.0,0.0,0.10174288600683212,world
soft_none,world_only,90326,False,True,,1.0,2.0,short,0.1,73,True,3.0,0.08737260103225708,-0.061189291350534414,0.17837983147402375,world,settled,world,settled,world,settled,0.09883373230695724,0.20699697950320464,1.0,0.0,0.0,0.08737260103225708,world
soft_none,world_only,90327,False,True,,1.0,-2.0,medium,0.25,78,False,nan,nan,nan,nan,world,decayed,world,decayed,world,decayed,0.0394597128033638,-1.1823339459177515,0.4,0.0,0.0,nan,world
soft_none,world_only,90328,False,True,,1.0,-4.0,short,0.15000000000000002,74,False,nan,nan,nan,nan,alarm,persistent,world,decayed,world,decayed,0.04924996197223663,-0.95324562581885,0.8,0.0,0.0,nan,alarm
soft_none,world_only,90329,False,True,,1.0,4.0,medium,0.15000000000000002,75,False,nan,nan,nan,nan,alarm,persistent,world,decayed,world,decayed,0.05774575471878052,-0.7544471111507052,1.0,0.0,0.0,nan,alarm
soft_none,world_only,90330,False,True,,1.0,1.0,short,0.1,82,True,3.0,0.0939551517367363,0.09284005005868519,0.3735955246334727,world,settled,world,settled,world,settled,0.09045692533254623,0.010982848993574806,1.0,0.0,0.0,0.0939551517367363,world
soft_none,world_only,90331,False,True,,1.0,1.0,medium,-0.05,61,True,3.0,0.1073223203420639,0.4056271331098336,0.7700196518192635,world,settled,world,settled,body,settled,0.10498521476984024,0.35093953722209015,1.0,0.0,0.0,0.1073223203420639,world
soft_none,world_only,90332,False,True,,1.0,-2.0,short,-0.1,70,True,3.4000000000000004,0.10215599834918976,0.28473691294461967,0.6168042455217589,world,settled,world,settled,body,settled,0.09731346368789673,0.17142339165484696,1.0,0.0,0.0,0.10215599834918976,world
soft_none,world_only,90333,False,True,,1.0,2.0,medium,0.1,72,False,nan,nan,nan,nan,world,decayed,world,decayed,world,decayed,0.036099839955568314,-1.2609538415686041,0.4,0.0,0.0,nan,world
soft_none,world_only,90334,False,True,,1.0,4.0,short,0.05,61,False,nan,nan,nan,nan,world,decayed,world,decayed,world,decayed,0.037678513675928116,-1.2240134893375696,0.4,0.0,0.0,nan,world
soft_none,world_only,90335,False,True,,1.0,-4.0,medium,0.1,77,False,nan,nan,nan,nan,alarm,persistent,world,decayed,world,decayed,0.04685885086655617,-1.009196776038824,1.0,0.0,0.0,nan,alarm
soft_none,world_only,90336,False,True,,1.0,-1.0,short,-0.15000000000000002,76,True,3.0,0.11539106070995331,0.5944327085555372,1.0093104969646647,world,settled,world,settled,body,settled,0.08293946087360382,-0.16492297867238434,1.0,0.0,0.0,0.11539106070995331,world
soft_none,world_only,90337,False,True,,1.0,1.0,medium,-0.25,60,True,3.0,0.08744800835847855,-0.0594248312065138,0.18061609572676823,world,settled,world,settled,world,settled,0.09273753315210342,0.06434811013362611,1.0,0.0,0.0,0.08744800835847855,world
soft_none,world_only,90338,False,True,,1.0,2.0,short,-0.1,58,True,3.0,0.08802694827318192,-0.04587793960359708,0.1977853299143852,world,settled,world,settled,world,settled,0.08487934619188309,-0.11953069558074628,1.0,0.0,0.0,0.08802694827318192,world
soft_none,world_only,90339,False,True,,1.0,2.0,medium,-0.05,61,False,nan,nan,nan,nan,alarm,persistent,world,decayed,world,decayed,0.05426376312971115,-0.8359244619538991,1.0,0.0,0.0,nan,alarm
soft_none,world_only,90340,False,True,,1.0,4.0,short,-0.2,57,False,nan,nan,nan,nan,world,decayed,world,decayed,world,decayed,0.050608981400728226,-0.9214449955534401,0.6,0.0,0.0,nan,world
soft_none,world_only,90341,False,True,,1.0,4.0,medium,0.15000000000000002,71,False,nan,nan,nan,nan,world,decayed,world,decayed,world,decayed,0.04832546040415764,-0.9748786697191969,0.6,0.0,0.0,nan,world
soft_none,world_only,90342,False,True,,1.0,1.0,short,-0.2,69,True,3.0,0.08691908419132233,-0.07180165963224824,0.16492979129840496,world,settled,world,settled,world,settled,0.08515985310077667,-0.11296669319752908,1.0,0.0,0.0,0.08691908419132233,world
soft_none,world_only,90343,False,True,,1.0,1.0,medium,-0.1,70,True,3.0,0.08416271209716797,-0.13629962162408413,0.08318553242920232,world,settled,world,settled,world,settled,0.09428954124450684,0.10066460838209228,1.0,0.0,0.0,0.08416271209716797,world
soft_none,world_only,90344,False,True,,1.0,2.0,short,0.2,65,True,3.0,0.08855775743722916,-0.033457024708533824,0.21352750922080896,world,settled,world,settled,world,settled,0.08344203978776932,-0.15316300995607884,1.0,0.0,0.0,0.08855775743722916,world
soft_none,world_only,90345,False,True,,1.0,-2.0,medium,0.0,75,False,nan,nan,nan,nan,alarm,persistent,world,decayed,world,decayed,0.05683250352740288,-0.7758168285637757,1.0,0.0,0.0,nan,alarm
soft_none,world_only,90346,False,True,,1.0,4.0,short,-0.2,59,False,nan,nan,nan,nan,alarm,persistent,world,decayed,world,decayed,0.04744734242558479,-0.9954262916146147,0.8,0.0,0.0,nan,alarm
soft_none,world_only,90347,False,True,,1.0,-4.0,medium,-0.2,63,False,nan,nan,nan,nan,alarm,persistent,world,decayed,world,decayed,0.04576611891388893,-1.03476636300347,1.0,0.0,0.0,nan,alarm
soft_none,world_only,90348,False,True,,1.0,-1.0,short,0.25,77,True,3.0,0.10172629356384277,0.27468202057372,0.6040607463554932,world,settled,world,settled,body,settled,0.08850826323032379,-0.03461514770947029,1.0,0.0,0.0,0.10172629356384277,world
soft_none,world_only,90349,False,True,,1.0,1.0,medium,0.05,63,True,3.0,0.09151335060596466,0.035702635755755094,0.30117997161976967,world,settled,world,settled,world,settled,0.08829370141029358,-0.039635875230316045,1.0,0.0,0.0,0.09151335060596466,world
soft_none,world_only,90350,False,True,,1.0,-2.0,short,0.05,79,True,3.0,0.10224519670009613,0.28682429067682474,0.6194497732319333,world,settled,world,settled,body,settled,0.08125335723161697,-0.20437754875670908,1.0,0.0,0.0,0.10224519670009613,world
soft_none,world_only,90351,False,True,,1.0,2.0,medium,0.25,75,False,nan,nan,nan,nan,world,decayed,world,decayed,world,decayed,0.039656564593315125,-1.1777277627815372,0.4,0.0,0.0,nan,world
soft_none,world_only,90352,False,True,,1.0,-4.0,short,0.2,76,False,nan,nan,nan,nan,world,decayed,world,decayed,world,decayed,0.04313129931688309,-1.0964201694019562,0.6,0.0,0.0,nan,world
soft_none,world_only,90353,False,True,,1.0,-4.0,medium,-0.05,65,False,nan,nan,nan,nan,world,decayed,world,decayed,world,decayed,0.048917241394519806,-0.9610312219350053,0.6,0.0,0.0,nan,world
soft_none,world_only,90354,False,True,,1.0,-1.0,short,-0.25,72,True,3.0,0.09092547744512558,0.02194687714938401,0.28374602087565476,world,settled,world,settled,world,settled,0.08505609631538391,-0.11539466995978209,1.0,0.0,0.0,0.09092547744512558,world
soft_none,world_only,90355,False,True,,1.0,1.0,medium,0.0,71,True,3.0,0.089504674077034,-0.011299701322309997,0.24160954348665728,world,settled,world,settled,world,settled,0.09383700788021088,0.09007554839660703,1.0,0.0,0.0,0.089504674077034,world
soft_none,world_only,90356,False,True,,1.0,2.0,short,0.2,78,True,3.0,0.09717555344104767,0.16819611826868847,0.46910127019336373,world,settled,world,settled,world,settled,0.10450718551874161,0.3397539631167784,1.0,0.0,0.0,0.09717555344104767,world
soft_none,world_only,90357,False,True,,1.0,-2.0,medium,-0.1,69,False,nan,nan,nan,nan,world,decayed,world,decayed,world,decayed,0.03912409394979477,-1.190187346228304,0.2,0.0,0.0,nan,world
soft_none,world_only,90358,False,True,,1.0,4.0,short,-0.15000000000000002,74,False,nan,nan,nan,nan,alarm,persistent,world,decayed,world,decayed,0.0628451332449913,-0.6351234896713328,1.0,0.0,0.0,nan,alarm
soft_none,world_only,90359,False,True,,1.0,-4.0,medium,-0.2,57,False,nan,nan,nan,nan,world,decayed,world,decayed,world,decayed,0.03260041028261185,-1.3428392004007081,0.0,0.0,0.0,nan,world
soft_none,body_world,90360,True,True,m,1.436507707360915,1.0,short,-0.15000000000000002,74,True,3.0,0.0858200266957283,-0.09751899265754864,0.1323358261044078,world,settled,world,settled,world,settled,0.08525946736335754,-0.11063585049908839,1.0,0.0,0.0,0.0858200266957283,world
soft_none,body_world,90361,True,True,l,1.4256287739373548,-1.0,medium,-0.25,60,True,3.0,0.0882796123623848,-0.03996565858328646,0.2052785128818241,world,settled,world,settled,world,settled,0.08658573031425476,-0.07960185707590288,1.0,0.0,0.0,0.0882796123623848,world
soft_none,body_world,90362,True,True,m,1.4329806398316671,-2.0,short,0.2,74,True,3.0,0.08584674447774887,-0.09689376240295454,0.13312823848777683,world,settled,world,settled,world,settled,0.0856785997748375,-0.10082822154801015,1.0,0.0,0.0,0.08584674447774887,world
soft_none,body_world,90363,True,True,l,1.210563351806276,-2.0,medium,-0.15000000000000002,77,False,nan,nan,nan,nan,world,decayed,world,decayed,world,decayed,0.03093300759792328,-1.3818559327865987,0.0,0.0,0.0,nan,world
soft_none,body_world,90364,True,True,m,1.372696280105733,-4.0,short,-0.15000000000000002,58,False,nan,nan,nan,nan,world,decayed,world,decayed,world,decayed,0.0337604396045208,-1.3156949561119229,0.2,0.0,0.0,nan,world
soft_none,body_world,90365,True,True,l,1.2749895656307437,-4.0,medium,-0.2,74,False,nan,nan,nan,nan,world,decayed,world,decayed,world,decayed,0.02864808775484562,-1.4353221722085492,0.0,0.0,0.0,nan,world
soft_none,body_world,90366,True,True,m,1.3066897985826524,-1.0,short,-0.15000000000000002,69,True,3.0,0.08032989501953125,-0.2259861470584949,-0.03048253282094925,world,settled,world,settled,world,settled,0.0811379998922348,-0.2070766823668468,1.0,0.0,0.0,0.08032989501953125,world
soft_none,body_world,90367,True,True,l,1.3576619828175316,1.0,medium,0.15000000000000002,62,True,3.0,0.09670808911323547,0.157257811941722,0.4552381384544824,world,settled,world,settled,world,settled,0.08379624783992767,-0.14487484525126287,1.0,0.0,0.0,0.09670808911323547,world
soft_none,body_world,90368,True,True,m,1.4143053583788585,2.0,short,0.05,60,True,3.0,0.10484234988689423,0.34759672808417996,0.6964723287069121,world,settled,world,settled,body,settled,0.08126971125602722,-0.20399489650873534,1.0,0.0,0.0,0.10484234988689423,world
soft_none,body_world,90369,True,True,l,1.3743712386074276,-2.0,medium,0.1,67,False,nan,nan,nan,nan,world,decayed,world,decayed,world,decayed,0.02336813695728779,-1.5588712570366998,0.0,0.0,0.0,nan,world
soft_none,body_world,90370,True,True,m,1.5116611087725051,4.0,short,-0.25,61,False,nan,nan,nan,nan,world,decayed,world,decayed,world,decayed,0.033061739057302475,-1.3320442867862354,0.2,0.0,0.0,nan,world
soft_none,body_world,90371,True,True,l,1.462891218935012,4.0,medium,0.2,69,False,nan,nan,nan,nan,world,decayed,world,decayed,world,decayed,0.022147096693515778,-1.58744311785262,0.0,0.0,0.0,nan,world
soft_none,body_world,90372,True,True,m,1.6331779731038802,-1.0,short,-0.1,65,True,3.0,0.0837433785200119,-0.1461118052326462,0.0707496406242493,world,settled,world,settled,world,settled,0.08206212520599365,-0.18545255028585306,1.0,0.0,0.0,0.0837433785200119,world
soft_none,body_world,90373,True,True,l,1.2018022497580947,-1.0,medium,0.1,66,True,3.0,0.08804566413164139,-0.045439942819040305,0.19834044392783604,world,settled,world,settled,world,settled,0.08123718202114105,-0.20475585991487052,1.0,0.0,0.0,0.08804566413164139,world
soft_none,body_world,90374,True,True,m,1.3280228263513763,-2.0,short,0.1,73,True,3.0,0.09296171367168427,0.06959407636335549,0.34413374269905694,world,settled,world,settled,world,settled,0.08268191665410995,-0.1709497624742805,1.0,0.0,0.0,0.09296171367168427,world
soft_none,body_world,90375,True,True,l,1.308876304017658,2.0,medium,-0.25,65,False,nan,nan,nan,nan,world,decayed,world,decayed,world,decayed,0.03109634295105934,-1.3780338524599465,0.0,0.0,0.0,nan,world
soft_none,body_world,90376,True,True,m,1.5016949779873145,4.0,short,0.2,70,False,nan,nan,nan,nan,world,decayed,world,decayed,world,decayed,0.03737800568342209,-1.2310452490514026,0.4,0.0,0.0,nan,world
soft_none,body_world,90377,True,True,l,1.2414565409093206,-4.0,medium,0.25,66,False,nan,nan,nan,nan,world,decayed,world,decayed,world,decayed,0.028521981090307236,-1.438273018201787,0.0,0.0,0.0,nan,world
soft_none,body_world,90378,True,True,m,1.4238236120964585,1.0,short,0.25,66,True,3.0,0.08062561601400375,-0.21906641502948337,-0.021712513601479463,world,settled,world,settled,world,settled,0.08715951442718506,-0.06617553314058956,1.0,0.0,0.0,0.08062561601400375,world
soft_none,body_world,90379,True,True,l,1.2836548774066676,-1.0,medium,-0.25,64,True,3.0,0.0818421021103859,-0.1906010185150237,0.01436432773789531,world,settled,world,settled,world,settled,0.0829245001077652,-0.16527330810705682,1.0,0.0,0.0,0.0818421021103859,world
soft_none,body_world,90380,True,True,m,1.3621236417497946,2.0,short,0.2,70,True,3.0,0.09889085590839386,0.20833363636045815,0.5199712755072717,world,settled,world,settled,world,settled,0.08397871255874634,-0.14060509139975527,1.0,0.0,0.0,0.09889085590839386,world
soft_none,body_world,90381,True,True,l,1.3983378082528164,-2.0,medium,-0.2,74,False,nan,nan,nan,nan,world,decayed,world,decayed,world,decayed,0.023442713543772697,-1.5571260915332041,0.0,0.0,0.0,nan,world
soft_none,body_world,90382,True,True,m,1.3509200717074077,-4.0,short,-0.2,74,False,nan,nan,nan,nan,world,decayed,world,decayed,world,decayed,0.03294302150607109,-1.3348222328601231,0.0,0.0,0.0,nan,world
soft_none,body_world,90383,True,True,l,1.2311925915846564,4.0,medium,-0.2,58,False,nan,nan,nan,nan,world,decayed,world,decayed,world,decayed,0.031091004610061646,-1.3781588012613006,0.0,0.0,0.0,nan,world
soft_none,body_world,90384,True,True,m,1.524037917146982,-1.0,short,0.25,63,True,3.0,0.08378300070762634,-0.14518475373521306,0.07192457910681478,world,settled,world,settled,world,settled,0.08119992166757584,-0.20562802234146896,1.0,0.0,0.0,0.08378300070762634,world
soft_none,body_world,90385,True,True,l,1.3531822605860213,1.0,medium,-0.2,58,False,nan,nan,nan,nan,world,decayed,world,decayed,world,decayed,0.02025407738983631,-1.6317390717332496,0.0,0.0,0.0,nan,world
soft_none,body_world,90386,True,True,m,1.3095845696334245,2.0,short,0.1,61,True,3.0,0.08135441690683365,-0.20201269758584575,-9.875325396017653e-05,world,settled,world,settled,world,settled,0.08192941546440125,-0.18855803779697594,1.0,0.0,0.0,0.08135441690683365,world
soft_none,body_world,90387,True,True,l,1.3723802328668413,-2.0,medium,-0.2,61,False,nan,nan,nan,nan,world,decayed,world,decayed,world,decayed,0.02810356579720974,-1.4480638052716697,0.0,0.0,0.0,nan,world
soft_none,body_world,90388,True,True,m,1.6369604542264304,4.0,short,0.25,64,False,nan,nan,nan,nan,world,decayed,world,decayed,world,decayed,0.03233126923441887,-1.3491369983088313,0.4,0.0,0.0,nan,world
soft_none,body_world,90389,True,True,l,1.4434986184388112,4.0,medium,0.1,68,False,nan,nan,nan,nan,world,decayed,world,decayed,world,decayed,0.01997716911137104,-1.6382186990865797,0.0,0.0,0.0,nan,world
soft_none,body_world,90390,True,True,m,1.628686273513856,1.0,short,-0.25,63,False,nan,nan,nan,nan,world,decayed,world,decayed,world,decayed,0.02615753374993801,-1.4936003173675765,0.0,0.0,0.0,nan,world
soft_none,body_world,90391,True,True,l,1.4997252692437577,-1.0,medium,-0.25,60,False,nan,nan,nan,nan,world,decayed,world,decayed,world,decayed,0.02230684645473957,-1.5837050550206915,0.0,0.0,0.0,nan,world
soft_none,body_world,90392,True,True,m,1.4793682183432437,2.0,short,-0.2,56,False,nan,nan,nan,nan,world,decayed,world,decayed,world,decayed,0.031573586165905,-1.3668665503764879,0.0,0.0,0.0,nan,world
soft_none,body_world,90393,True,True,l,1.373838534697687,-2.0,medium,0.2,80,False,nan,nan,nan,nan,world,decayed,world,decayed,world,decayed,0.029339734464883804,-1.4191379628504501,0.0,0.0,0.0,nan,world
soft_none,body_world,90394,True,True,m,1.374879786515465,4.0,short,-0.2,58,False,nan,nan,nan,nan,world,decayed,world,decayed,world,decayed,0.03659038245677948,-1.249475285919856,0.4,0.0,0.0,nan,world
soft_none,body_world,90395,True,True,l,1.2278138310881848,-4.0,medium,-0.2,72,False,nan,nan,nan,nan,world,decayed,world,decayed,world,decayed,0.03432517498731613,-1.3024804787759705,0.0,0.0,0.0,nan,world
soft_none,body_world,90396,True,True,m,1.5997246997728216,1.0,short,-0.15000000000000002,76,True,3.0,0.08622468262910843,-0.08805021496843125,0.14433648768642982,world,settled,world,settled,world,settled,0.08457706868648529,-0.1266036428006936,1.0,0.0,0.0,0.08622468262910843,world
soft_none,body_world,90397,True,True,l,1.2083810902658325,1.0,medium,0.15000000000000002,74,True,3.0,0.08144353330135345,-0.19992734983615082,0.002544201670800861,world,settled,world,settled,world,settled,0.08088293671607971,-0.21304513168475903,1.0,0.0,0.0,0.08144353330135345,world
soft_none,body_world,90398,True,True,m,1.605681322392905,2.0,short,-0.05,61,False,nan,nan,nan,nan,world,decayed,world,decayed,world,decayed,0.03228652477264404,-1.35018405440706,0.0,0.0,0.0,nan,world
soft_none,body_world,90399,True,True,l,1.216354811034764,-2.0,medium,-0.25,60,False,nan,nan,nan,nan,world,decayed,world,decayed,world,decayed,0.025009024888277054,-1.5204750062936057,0.0,0.0,0.0,nan,world
soft_none,body_world,90400,True,True,m,1.3999353886758357,4.0,short,-0.05,71,False,nan,nan,nan,nan,world,decayed,world,decayed,world,decayed,0.0316995345056057,-1.3639193541022074,0.2,0.0,0.0,nan,world
soft_none,body_world,90401,True,True,l,1.3909618610188579,-4.0,medium,0.2,64,False,nan,nan,nan,nan,world,decayed,world,decayed,world,decayed,0.020146768540143967,-1.634250077286318,0.0,0.0,0.0,nan,world
soft_none,body_world,90402,True,True,m,1.4765881692612393,-1.0,short,-0.15000000000000002,72,True,3.0,0.07868341356515884,-0.26451332785978365,-0.07931160809188206,world,settled,world,settled,world,settled,0.08060804754495621,-0.21947773328919964,1.0,0.0,0.0,0.07868341356515884,world
soft_none,body_world,90403,True,True,l,1.2287348099119875,1.0,medium,-0.1,60,True,3.0,0.09855413436889648,0.20045460411561863,0.5099854460086205,world,settled,world,settled,world,settled,0.08103244006633759,-0.20954713294458274,1.0,0.0,0.0,0.09855413436889648,world
soft_none,body_world,90404,True,True,m,1.5959684874168683,-2.0,short,-0.2,61,True,3.0,0.08906616270542145,-0.021560555740479388,0.22860500948472695,world,settled,world,settled,world,settled,0.08541392534971237,-0.10702163171890682,1.0,0.0,0.0,0.08906616270542145,world
soft_none,body_world,90405,True,True,l,1.4263406910614387,-2.0,medium,-0.15000000000000002,77,False,nan,nan,nan,nan,world,decayed,world,decayed,world,decayed,0.026010680943727493,-1.4970366394531551,0.0,0.0,0.0,nan,world
soft_none,body_world,90406,True,True,m,1.5761825745829299,-4.0,short,0.25,68,False,nan,nan,nan,nan,world,decayed,world,decayed,world,decayed,0.03215670958161354,-1.3532217905708883,0.0,0.0,0.0,nan,world
soft_none,body_world,90407,True,True,l,1.3075505965528191,-4.0,medium,0.25,60,False,nan,nan,nan,nan,world,decayed,world,decayed,world,decayed,0.035528335720300674,-1.2743268760794588,0.0,0.0,0.0,nan,world
soft_none,body_world,90408,True,True,m,1.5508532757037867,1.0,short,-0.25,74,True,3.0,0.09587796032428741,0.13783311088408262,0.4306194103167849,world,settled,world,settled,world,settled,0.08791489899158478,-0.048499718131416694,1.0,0.0,0.0,0.09587796032428741,world
soft_none,body_world,90409,True,True,l,1.386472676208235,1.0,medium,0.05,62,True,3.0,0.08223024010658264,-0.18151871658897828,0.02587517268311835,world,settled,world,settled,world,settled,0.0869118943810463,-0.07196979405052095,1.0,0.0,0.0,0.08223024010658264,world
soft_none,body_world,90410,True,True,m,1.305798982810204,2.0,short,0.0,73,False,nan,nan,nan,nan,world,decayed,world,decayed,world,decayed,0.0387895330786705,-1.198016014912164,0.2,0.0,0.0,nan,world
soft_none,body_world,90411,True,True,l,1.201605261104429,-2.0,medium,0.15000000000000002,64,False,nan,nan,nan,nan,world,decayed,world,decayed,world,decayed,0.03905319422483444,-1.1918463938371646,0.4,0.0,0.0,nan,world
soft_none,body_world,90412,True,True,m,1.6785527327767333,-4.0,short,-0.2,66,False,nan,nan,nan,nan,world,decayed,world,decayed,world,decayed,0.031035756692290306,-1.3794514833364007,0.0,0.0,0.0,nan,world
soft_none,body_world,90413,True,True,l,1.497413653722908,4.0,medium,-0.05,68,False,nan,nan,nan,nan,world,decayed,world,decayed,world,decayed,0.020481232553720474,-1.6264237758257558,0.0,0.0,0.0,nan,world
soft_none,body_world,90414,True,True,m,1.6384059842206313,-1.0,short,-0.1,67,True,3.0,0.08778765052556992,-0.05147724373912631,0.19068881162749682,world,settled,world,settled,world,settled,0.0848807618021965,-0.11949763181838058,1.0,0.0,0.0,0.08778765052556992,world
soft_none,body_world,90415,True,True,l,1.4445958942354706,1.0,medium,-0.15000000000000002,61,True,3.0,0.08372741937637329,-0.14648536995827185,0.07027618734459662,world,settled,world,settled,world,settled,0.08763454854488373,-0.05505989808916658,1.0,0.0,0.0,0.08372741937637329,world
soft_none,body_world,90416,True,True,m,1.4228738912776615,-2.0,short,-0.05,70,True,3.0,0.0850561112165451,-0.11539434416011995,0.10968073258704766,world,settled,world,settled,world,settled,0.08199150860309601,-0.18710497130392717,1.0,0.0,0.0,0.0850561112165451,world
soft_none,body_world,90417,True,True,l,1.412003609654068,-2.0,medium,-0.15000000000000002,63,False,nan,nan,nan,nan,world,decayed,world,decayed,world,decayed,0.02826409414410591,-1.4443075569073467,0.0,0.0,0.0,nan,world
soft_none,body_world,90418,True,True,m,1.6633408277228265,4.0,short,0.25,65,False,nan,nan,nan,nan,world,decayed,world,decayed,world,decayed,0.024820415303111076,-1.5248884356168455,0.0,0.0,0.0,nan,world
soft_none,body_world,90419,True,True,l,1.4868039659450991,-4.0,medium,0.25,75,False,nan,nan,nan,nan,world,decayed,world,decayed,world,decayed,0.021937791258096695,-1.5923408129605925,0.0,0.0,0.0,nan,world
soft_none,body_world,90420,True,True,m,1.5449902128447706,1.0,short,-0.05,63,True,3.0,0.07948744297027588,-0.24569939220551879,-0.05546695968786867,world,settled,world,settled,world,settled,0.08330464363098145,-0.15637810998496243,1.0,0.0,0.0,0.07948744297027588,world
soft_none,body_world,90421,True,True,l,1.3429074718778478,1.0,medium,-0.05,68,True,3.0,0.08751006424427032,-0.05797280857994099,0.18245637888928942,world,settled,world,settled,world,settled,0.0849628895521164,-0.11757572762560249,1.0,0.0,0.0,0.08751006424427032,world
soft_none,body_world,90422,True,True,m,1.4859152920245902,2.0,short,-0.2,56,True,3.0,0.08399869501590729,-0.14013756779498418,0.07832134671493383,world,settled,world,settled,world,settled,0.0830691009759903,-0.16188986445075287,1.0,0.0,0.0,0.08399869501590729,world
soft_none,body_world,90423,True,True,l,1.4537628318674107,-2.0,medium,0.0,61,False,nan,nan,nan,nan,world,decayed,world,decayed,world,decayed,0.022522523999214172,-1.5786582200778407,0.0,0.0,0.0,nan,world
soft_none,body_world,90424,True,True,m,1.5039422662674549,-4.0,short,-0.2,72,False,nan,nan,nan,nan,world,decayed,world,decayed,world,decayed,0.02855883166193962,-1.4374107784996808,0.0,0.0,0.0,nan,world
soft_none,body_world,90425,True,True,l,1.484051795950852,4.0,medium,0.0,66,False,nan,nan,nan,nan,world,decayed,world,decayed,world,decayed,0.02198457345366478,-1.5912460915000908,0.0,0.0,0.0,nan,world
soft_none,body_world,90426,True,True,m,1.499613542769097,-1.0,short,-0.2,68,True,3.0,0.08191581070423126,-0.18887650424261937,0.016549964876707506,world,settled,world,settled,world,settled,0.0817117765545845,-0.193650759415733,1.0,0.0,0.0,0.08191581070423126,world
soft_none,body_world,90427,True,True,l,1.2434438593395136,1.0,medium,0.05,67,True,3.0,0.08053340762853622,-0.22122400095442848,-0.024447022676410978,world,settled,world,settled,world,settled,0.08161027729511261,-0.19602560577154823,1.0,0.0,0.0,0.08053340762853622,world
soft_none,body_world,90428,True,True,m,1.5747146197091175,2.0,short,0.25,64,True,3.0500000000000003,0.09998757392168045,0.23399654449772012,0.5524962629847743,world,settled,world,settled,body,settled,0.08294184505939484,-0.1648674423607494,1.0,0.0,0.0,0.09998757392168045,world
soft_none,body_world,90429,True,True,l,1.4646053079069046,-2.0,medium,0.1,67,False,nan,nan,nan,nan,world,decayed,world,decayed,world,decayed,0.021032212302088737,-1.6135309864294307,0.0,0.0,0.0,nan,world
soft_none,body_world,90430,True,True,m,1.6725099978259204,-4.0,short,0.1,62,False,nan,nan,nan,nan,world,decayed,world,decayed,world,decayed,0.02036978490650654,-1.6290315436060652,0.0,0.0,0.0,nan,world
soft_none,body_world,90431,True,True,l,1.3236542402011626,-4.0,medium,0.1,67,False,nan,nan,nan,nan,world,decayed,world,decayed,world,decayed,0.027396250516176224,-1.464614723669695,0.0,0.0,0.0,nan,world
soft_none,body_world,90432,True,True,m,1.3642720743548598,-1.0,short,0.15000000000000002,61,True,3.0,0.08303722739219666,-0.1626355795609961,0.04980752641661133,world,settled,world,settled,world,settled,0.08167409151792526,-0.1945323841977356,1.0,0.0,0.0,0.08303722739219666,world
soft_none,body_world,90433,True,True,l,1.3743791243103016,-1.0,medium,0.05,77,True,3.0,0.07724566012620926,-0.2981561517258893,-0.12195028407904011,world,settled,world,settled,world,settled,0.08588067442178726,-0.09609987252795685,1.0,0.0,0.0,0.07724566012620926,world
soft_none,body_world,90434,True,True,m,1.4747028802268096,2.0,short,-0.05,62,False,nan,nan,nan,nan,world,decayed,world,decayed,world,decayed,0.035889048129320145,-1.2658862801731952,0.4,0.0,0.0,nan,world
soft_none,body_world,90435,True,True,l,1.3038106075252267,-2.0,medium,-0.2,60,False,nan,nan,nan,nan,world,decayed,world,decayed,world,decayed,0.026531238108873367,-1.4848558394538884,0.0,0.0,0.0,nan,world
soft_none,body_world,90436,True,True,m,1.6168586909623586,4.0,short,-0.05,79,False,nan,nan,nan,nan,world,decayed,world,decayed,world,decayed,0.028374213725328445,-1.4417307234780659,0.2,0.0,0.0,nan,world
soft_none,body_world,90437,True,True,l,1.3291113567705524,-4.0,medium,0.15000000000000002,77,False,nan,nan,nan,nan,world,decayed,world,decayed,world,decayed,0.03251182660460472,-1.3449120696964547,0.0,0.0,0.0,nan,world
soft_none,body_world,90438,True,True,m,1.329008599029527,-1.0,short,0.05,80,True,3.0,0.08080565929412842,-0.21485339499405448,-0.01637296193563258,world,settled,world,settled,world,settled,0.08063694834709167,-0.2188011726985417,1.0,0.0,0.0,0.08080565929412842,world
soft_none,body_world,90439,True,True,l,1.445391509411858,1.0,medium,0.0,66,True,3.0,0.08395381271839142,-0.1411878064328894,0.07699028172559004,world,settled,world,settled,world,settled,0.0787421315908432,-0.2631393729341879,1.0,0.0,0.0,0.08395381271839142,world
soft_none,body_world,90440,True,True,m,1.5564106744089927,2.0,short,0.25,74,True,3.0,0.09520135074853897,0.1220006158816277,0.41055341861630523,world,settled,world,settled,world,settled,0.08055057376623154,-0.22082258199213806,1.0,0.0,0.0,0.09520135074853897,world
soft_none,body_world,90441,True,True,l,1.3070596772413094,2.0,medium,0.2,71,False,nan,nan,nan,nan,world,decayed,world,decayed,world,decayed,0.02821408584713936,-1.445477697720736,0.0,0.0,0.0,nan,world
soft_none,body_world,90442,True,True,m,1.6269524228642334,4.0,short,0.25,74,False,nan,nan,nan,nan,world,decayed,world,decayed,world,decayed,0.02976701781153679,-1.409139573021454,0.0,0.0,0.0,nan,world
soft_none,body_world,90443,True,True,l,1.378277312801848,-4.0,medium,-0.1,72,False,nan,nan,nan,nan,world,decayed,world,decayed,world,decayed,0.023849554359912872,-1.547606179641599,0.0,0.0,0.0,nan,world
soft_none,body_world,90444,True,True,m,1.453510197141481,1.0,short,0.0,71,True,3.0,0.0869375467300415,-0.07136946840153684,0.1654775473941517,world,settled,world,settled,world,settled,0.08537809550762177,-0.10786001994374264,1.0,0.0,0.0,0.0869375467300415,world
soft_none,body_world,90445,True,True,l,1.3665797638238526,-1.0,medium,0.0,62,True,3.0,0.08521018922328949,-0.11178910720808166,0.1142499842903734,world,settled,world,settled,world,settled,0.0832252949476242,-0.15823476271631481,1.0,0.0,0.0,0.08521018922328949,world
soft_none,body_world,90446,True,True,m,1.33490869903924,-2.0,short,-0.25,64,True,3.0,0.07919681817293167,-0.25249980092550267,-0.06408574939308617,world,settled,world,settled,world,settled,0.08389631658792496,-0.1425330931674807,1.0,0.0,0.0,0.07919681817293167,world
soft_none,body_world,90447,True,True,l,1.360545744961593,2.0,medium,0.25,71,False,nan,nan,nan,nan,world,decayed,world,decayed,world,decayed,0.02145005762577057,-1.6037535604145876,0.0,0.0,0.0,nan,world
soft_none,body_world,90448,True,True,m,1.3926898559008811,4.0,short,0.0,79,False,nan,nan,nan,nan,world,decayed,world,decayed,world,decayed,0.032525014132261276,-1.3446034995517517,0.0,0.0,0.0,nan,world
soft_none,body_world,90449,True,True,l,1.4996288562259714,4.0,medium,-0.15000000000000002,69,False,nan,nan,nan,nan,world,decayed,world,decayed,world,decayed,0.024005893617868423,-1.5439479781794394,0.0,0.0,0.0,nan,world
soft_none,body_world,90450,True,True,m,1.6497126455801099,-1.0,short,-0.15000000000000002,68,True,3.0,0.07662536203861237,-0.3126710311724134,-0.14034633918357395,world,settled,world,settled,world,settled,0.08395792543888092,-0.14109167918809976,1.0,0.0,0.0,0.07662536203861237,world
soft_none,body_world,90451,True,True,l,1.4011624978174013,-1.0,medium,-0.1,69,True,3.0,0.08211752027273178,-0.18415645385208682,0.02253212321293855,world,settled,world,settled,world,settled,0.08487550914287567,-0.11962062064601486,1.0,0.0,0.0,0.08211752027273178,world
soft_none,body_world,90452,True,True,m,1.3459971515369575,2.0,short,0.0,75,True,3.0,0.082615926861763,-0.1724939537163036,0.037313093040826265,world,settled,world,settled,world,settled,0.0793386846780777,-0.24918028047046356,1.0,0.0,0.0,0.082615926861763,world
soft_none,body_world,90453,True,True,l,1.3128410648573021,-2.0,medium,-0.2,60,False,nan,nan,nan,nan,world,decayed,world,decayed,world,decayed,0.019471734762191772,-1.6500456365227307,0.0,0.0,0.0,nan,world
soft_none,body_world,90454,True,True,m,1.4532800695650452,4.0,short,0.25,80,False,nan,nan,nan,nan,world,decayed,world,decayed,world,decayed,0.03592248260974884,-1.2651039327591365,0.2,0.0,0.0,nan,world
soft_none,body_world,90455,True,True,l,1.4639866887179158,4.0,medium,0.1,63,False,nan,nan,nan,nan,world,decayed,world,decayed,world,decayed,0.024217601865530014,-1.5389940760919656,0.0,0.0,0.0,nan,world
soft_none,body_world,90456,True,True,m,1.437503394575647,1.0,short,-0.05,71,True,3.0,0.08651667833328247,-0.0812176686724122,0.15299600832722607,world,settled,world,settled,world,settled,0.0832933709025383,-0.15664185298367977,1.0,0.0,0.0,0.08651667833328247,world
soft_none,body_world,90457,True,True,l,1.433005966120608,-1.0,medium,0.1,79,True,3.0,0.08613588660955429,-0.090127853578964,0.14170330326988131,world,settled,world,settled,world,settled,0.08136419206857681,-0.2017842052388649,1.0,0.0,0.0,0.08613588660955429,world
soft_none,body_world,90458,True,True,m,1.5714723561915191,-2.0,short,0.1,75,True,3.0,0.08252833038568497,-0.17454353977733383,0.034715462226246815,world,settled,world,settled,world,settled,0.08158115297555923,-0.1967071307209373,1.0,0.0,0.0,0.08252833038568497,world
soft_none,body_world,90459,True,True,l,1.423809978213943,-2.0,medium,-0.15000000000000002,75,False,nan,nan,nan,nan,world,decayed,world,decayed,world,decayed,0.025602955371141434,-1.5065773079976488,0.0,0.0,0.0,nan,world
soft_none,body_world,90460,True,True,m,1.501503010941712,-4.0,short,0.1,65,False,nan,nan,nan,nan,world,decayed,world,decayed,world,decayed,0.02814454957842827,-1.4471048646340645,0.0,0.0,0.0,nan,world
soft_none,body_world,90461,True,True,l,1.4979893620177673,-4.0,medium,-0.05,68,False,nan,nan,nan,nan,world,decayed,world,decayed,world,decayed,0.024723302572965622,-1.5271607520562505,0.0,0.0,0.0,nan,world
soft_none,body_world,90462,True,True,m,1.32405485767968,-1.0,short,0.15000000000000002,61,True,3.0,0.07653124630451202,-0.3148733061326177,-0.14313748682434566,world,settled,world,settled,world,settled,0.08313310146331787,-0.16039214923879114,1.0,0.0,0.0,0.07653124630451202,world
soft_none,body_world,90463,True,True,l,1.2959566174498844,1.0,medium,-0.05,60,True,3.0,0.08577796071767807,-0.09850335874437118,0.13108824751838255,world,settled,world,settled,world,settled,0.0809439942240715,-0.21161630294316236,1.0,0.0,0.0,0.08577796071767807,world
soft_none,body_world,90464,True,True,m,1.5484915809048363,-2.0,short,0.25,68,True,3.0,0.08236956596374512,-0.17825854942288655,0.030007085390927835,world,settled,world,settled,world,settled,0.08325819671154022,-0.1574647771656902,1.0,0.0,0.0,0.08236956596374512,world
soft_none,body_world,90465,True,True,l,1.428408630737959,-2.0,medium,-0.25,69,False,nan,nan,nan,nan,world,decayed,world,decayed,world,decayed,0.02394404448568821,-1.545395170471891,0.0,0.0,0.0,nan,world
soft_none,body_world,90466,True,True,m,1.3278826334953207,4.0,short,0.1,72,False,nan,nan,nan,nan,world,decayed,world,decayed,world,decayed,0.02958604134619236,-1.4133744022932953,0.4,0.0,0.0,nan,world
soft_none,body_world,90467,True,True,l,1.224242705022093,-4.0,medium,0.2,67,False,nan,nan,nan,nan,world,decayed,world,decayed,world,decayed,0.02481359988451004,-1.5250478595250883,0.2,0.0,0.0,nan,world
soft_none,body_world,90468,True,True,m,1.377155487281401,1.0,short,0.25,65,True,3.0,0.0811602771282196,-0.2065554312378625,-0.0058561816153602005,world,settled,world,settled,world,settled,0.07859387248754501,-0.2666082393005635,1.0,0.0,0.0,0.0811602771282196,world
soft_none,body_world,90469,True,True,l,1.2775926055522053,-1.0,medium,-0.2,67,True,3.0,0.08687179535627365,-0.07290791401941826,0.16352773234634896,world,settled,world,settled,world,settled,0.0845593735575676,-0.12701797715895413,1.0,0.0,0.0,0.08687179535627365,world
soft_none,body_world,90470,True,True,m,1.5219750255884492,2.0,short,-0.05,70,False,nan,nan,nan,nan,world,decayed,world,decayed,world,decayed,0.029502293094992638,-1.4153341237635764,0.2,0.0,0.0,nan,world
soft_none,body_world,90471,True,True,l,1.2543795609592172,2.0,medium,0.0,63,False,nan,nan,nan,nan,world,decayed,world,decayed,world,decayed,0.02816418744623661,-1.4466452679584472,0.0,0.0,0.0,nan,world
soft_none,body_world,90472,True,True,m,1.523888147333015,4.0,short,0.25,77,False,nan,nan,nan,nan,world,decayed,world,decayed,world,decayed,0.0249070692807436,-1.522860754952161,0.0,0.0,0.0,nan,world
soft_none,body_world,90473,True,True,l,1.4189126139922845,-4.0,medium,-0.25,63,False,nan,nan,nan,nan,world,decayed,world,decayed,world,decayed,0.027297964319586754,-1.4669145554705312,0.0,0.0,0.0,nan,world
soft_none,body_world,90474,True,True,m,1.3393605416224226,1.0,short,0.0,80,True,3.0,0.08029820770025253,-0.22672751889966386,-0.031422142226135194,world,settled,world,settled,world,settled,0.08443661779165268,-0.1298902356972392,1.0,0.0,0.0,0.08029820770025253,world
soft_none,body_world,90475,True,True,l,1.4134205728523153,1.0,medium,0.1,66,True,3.0,0.08107396215200424,-0.2085752605665423,-0.008416098958734663,world,settled,world,settled,world,settled,0.08160727471113205,-0.19609593055480284,1.0,0.0,0.0,0.08107396215200424,world
soft_none,body_world,90476,True,True,m,1.3814810158500825,-2.0,short,0.0,70,True,3.0,0.08666108548641205,-0.07783851053474074,0.157278729347167,world,settled,world,settled,world,settled,0.0809493139386177,-0.21149205886064254,1.0,0.0,0.0,0.08666108548641205,world
soft_none,body_world,90477,True,True,l,1.4674729887667173,2.0,medium,0.1,78,False,nan,nan,nan,nan,world,decayed,world,decayed,world,decayed,0.026737311854958534,-1.4800336663965232,0.0,0.0,0.0,nan,world
soft_none,body_world,90478,True,True,m,1.5027032697774165,4.0,short,0.0,80,False,nan,nan,nan,nan,world,decayed,world,decayed,world,decayed,0.029905706644058228,-1.4058943231758452,0.0,0.0,0.0,nan,world
soft_none,body_world,90479,True,True,l,1.3850046666885212,-4.0,medium,0.0,66,False,nan,nan,nan,nan,world,decayed,world,decayed,world,decayed,0.02962428890168667,-1.4124794333455333,0.0,0.0,0.0,nan,world
soft_none,calib,90480,False,False,,1.0,0.0,,0.0,64,True,3.0,0.09251394867897034,0.0591163973667068,0.3308544067665686,world,settled,world,settled,world,settled,0.09150543063879013,0.035517734096008516,1.0,0.0,0.0,0.09251394867897034,world
soft_none,calib,90481,False,False,,1.0,0.0,,0.0,76,True,3.0,0.09663617610931396,0.1555752517308246,0.45310567359520454,world,settled,world,settled,world,settled,0.10228417813777924,0.2877362725778461,1.0,0.0,0.0,0.09663617610931396,world
soft_none,calib,90482,False,False,,1.0,0.0,,0.0,79,True,3.0,0.08434424549341202,-0.1320519284413366,0.08856902859566124,world,settled,world,settled,world,settled,0.08488376438617706,-0.11942733754479333,1.0,0.0,0.0,0.08434424549341202,world
soft_none,calib,90483,False,False,,1.0,0.0,,0.0,70,True,3.0,0.08822516351938248,-0.041239716140912194,0.2036637813835171,world,settled,world,settled,world,settled,0.08895079046487808,-0.02426017968455676,1.0,0.0,0.0,0.08822516351938248,world
soft_none,calib,90484,False,False,,1.0,0.0,,0.0,69,True,3.0,0.09356247633695602,0.0836515069331218,0.36195003034666157,world,settled,world,settled,world,settled,0.08348985016345978,-0.15204433813429508,1.0,0.0,0.0,0.09356247633695602,world
soft_none,calib,90485,False,False,,1.0,0.0,,0.0,78,True,3.0,0.0849575325846672,-0.11770104390500355,0.1067572377159515,world,settled,world,settled,world,settled,0.09997984021902084,0.23381565703849277,1.0,0.0,0.0,0.0849575325846672,world
soft_none,calib,90486,False,False,,1.0,0.0,,0.0,79,True,3.0,0.08979758620262146,-0.0044455084173021745,0.25029649888591987,world,settled,world,settled,world,settled,0.11027152836322784,0.4746374596487266,1.0,0.0,0.0,0.08979758620262146,world
soft_none,calib,90487,False,False,,1.0,0.0,,0.0,74,True,3.0,0.08406520634889603,-0.13858121191273404,0.08029386110457246,world,settled,world,settled,world,settled,0.08812375366687775,-0.04361274063373394,1.0,0.0,0.0,0.08406520634889603,world
soft_none,calib,90488,False,False,,1.0,0.0,,0.0,62,True,3.0,0.08381892740726471,-0.1443441492009701,0.07298995532230639,world,settled,world,settled,world,settled,0.08090829849243164,-0.21245169250354956,1.0,0.0,0.0,0.08381892740726471,world
soft_none,calib,90489,False,False,,1.0,0.0,,0.0,65,True,3.0,0.09228076785802841,0.053660102938382984,0.3239391379667273,world,settled,world,settled,world,settled,0.08458052575588226,-0.12652313650559005,1.0,0.0,0.0,0.09228076785802841,world
soft_none,calib,90490,False,False,,1.0,0.0,,0.0,70,True,3.0,0.08529829978942871,-0.10972729657712059,0.1168631084380463,world,settled,world,settled,world,settled,0.09283075481653214,0.06652938572564196,1.0,0.0,0.0,0.08529829978942871,world
soft_none,calib,90491,False,False,,1.0,0.0,,0.0,63,True,3.0,0.08890841156244278,-0.025251833223353372,0.2239267106238063,world,settled,world,settled,world,settled,0.08222480118274689,-0.18164597241151845,1.0,0.0,0.0,0.08890841156244278,world
soft_none,calib,90492,False,False,,1.0,0.0,,0.0,66,True,3.0,0.08017677068710327,-0.22956916752454343,-0.035023627507745674,world,settled,world,settled,world,settled,0.08938214927911758,-0.01416649645087644,1.0,0.0,0.0,0.08017677068710327,world
soft_none,calib,90493,False,False,,1.0,0.0,,0.0,80,True,3.0,0.08629592508077621,-0.0863831209796211,0.14644935076569793,world,settled,world,settled,world,settled,0.08251296728849411,-0.17490317466054975,1.0,0.0,0.0,0.08629592508077621,world
soft_none,calib,90494,False,False,,1.0,0.0,,0.0,79,True,3.0,0.09964464604854584,0.22597218599021812,0.5423262480131453,world,settled,world,settled,body,settled,0.08422902971506119,-0.13474765586504026,1.0,0.0,0.0,0.09964464604854584,world
soft_none,calib,90495,False,False,,1.0,0.0,,0.0,75,True,3.0,0.07919180393218994,-0.2526170659216148,-0.06423437021617048,world,settled,world,settled,world,settled,0.09653446078300476,0.15319484607776476,1.0,0.0,0.0,0.07919180393218994,world
soft_none,calib,90496,False,False,,1.0,0.0,,0.0,76,True,3.0,0.08865370601415634,-0.031211859693813515,0.2163730154120062,world,settled,world,settled,world,settled,0.08514057099819183,-0.11341792246067033,1.0,0.0,0.0,0.08865370601415634,world
soft_none,calib,90497,False,False,,1.0,0.0,,0.0,68,True,3.0,0.11231483519077301,0.5224500615761116,0.9180802015094157,world,settled,world,settled,body,settled,0.09168077260255814,0.039620467132101836,1.0,0.0,0.0,0.11231483519077301,world
soft_none,calib,90498,False,False,,1.0,0.0,,0.0,70,True,3.0,0.09697858989238739,0.16358735624835935,0.46326015794699504,world,settled,world,settled,world,settled,0.08284159004688263,-0.16721335247633978,1.0,0.0,0.0,0.09697858989238739,world
soft_none,calib,90499,False,False,,1.0,0.0,,0.0,79,True,3.0,0.08005140721797943,-0.23250260230440034,-0.038741441910174326,world,settled,world,settled,world,settled,0.08907876908779144,-0.021265786589323425,1.0,0.0,0.0,0.08005140721797943,world
soft_none,calib,90500,False,False,,1.0,0.0,,0.0,72,True,3.0,0.08388401567935944,-0.1428209181004203,0.07492048759891888,world,settled,world,settled,world,settled,0.0850970447063446,-0.11443651821500382,1.0,0.0,0.0,0.08388401567935944,world
soft_none,calib,90501,False,False,,1.0,0.0,,0.0,76,True,3.0,0.08896555751562119,-0.023914561814228796,0.2256215589084653,world,settled,world,settled,world,settled,0.08385036885738373,-0.14360822769394796,1.0,0.0,0.0,0.08896555751562119,world
soft_none,calib,90502,False,False,,1.0,0.0,,0.0,76,True,3.0,0.09355504810810089,0.08347774566048395,0.3617298065440281,world,settled,world,settled,world,settled,0.0980827659368515,0.1894248646741114,1.0,0.0,0.0,0.09355504810810089,world
soft_none,calib,90503,False,False,,1.0,0.0,,0.0,63,True,3.0,0.0964215025305748,0.1505518437177754,0.4467390419630874,world,settled,world,settled,world,settled,0.08699775487184525,-0.06996054721788966,1.0,0.0,0.0,0.0964215025305748,world
soft_none,calib,90504,False,False,,1.0,0.0,,0.0,72,True,3.0,0.08301117271184921,-0.16324521719630952,0.04903487600815692,world,settled,world,settled,world,settled,0.08398827165365219,-0.14038149912327796,1.0,0.0,0.0,0.08301117271184921,world
soft_none,calib,90505,False,False,,1.0,0.0,,0.0,75,True,3.0,0.10644721984863281,0.38515012856358755,0.744067241715111,world,settled,world,settled,body,settled,0.09539145231246948,0.12644890794797625,1.0,0.0,0.0,0.10644721984863281,world
soft_none,calib,90506,False,False,,1.0,0.0,,0.0,78,True,3.0,0.08677905797958374,-0.07507795333679942,0.1607774399303064,world,settled,world,settled,world,settled,0.08504211902618408,-0.11572153746025808,1.0,0.0,0.0,0.08677905797958374,world
soft_none,calib,90507,False,False,,1.0,0.0,,0.0,72,True,3.0,0.09364201128482819,0.08551267945376664,0.36430886717854627,world,settled,world,settled,world,settled,0.10064402967691422,0.24935729902352294,1.0,0.0,0.0,0.09364201128482819,world
soft_none,calib,90508,False,False,,1.0,0.0,,0.0,68,True,3.0,0.08473511785268784,-0.12290546795373532,0.10016118764605189,world,settled,world,settled,world,settled,0.09145664423704147,0.034375728916483626,1.0,0.0,0.0,0.08473511785268784,world
soft_none,calib,90509,False,False,,1.0,0.0,,0.0,69,True,3.0,0.07971695810556412,-0.24032875475792675,-0.04866025193694521,world,settled,world,settled,world,settled,0.09140042960643768,0.033060232692803115,1.0,0.0,0.0,0.07971695810556412,world
soft_none,calib,90510,False,False,,1.0,0.0,,0.0,60,True,3.0,0.09597567468881607,0.14011956310615187,0.4335172436212938,world,settled,world,settled,world,settled,0.08877073973417282,-0.028473237857069834,1.0,0.0,0.0,0.09597567468881607,world
soft_none,calib,90511,False,False,,1.0,0.0,,0.0,67,True,3.0,0.11935512721538544,0.6871908535910443,1.126871511078092,world,settled,body,settled,body,settled,0.09064208716154099,0.015315426608691462,1.0,0.0,0.0,0.11935512721538544,world
soft_none,calib,90512,False,False,,1.0,0.0,,0.0,65,True,3.0,0.08046690374612808,-0.22278023479800924,-0.026419382395106845,world,settled,world,settled,world,settled,0.09229671955108643,0.05403332769914386,1.0,0.0,0.0,0.08046690374612808,world
soft_none,calib,90513,False,False,,1.0,0.0,,0.0,79,True,3.0,0.07848139107227325,-0.2692403671434026,-0.0853026241015654,world,settled,world,settled,world,settled,0.09187942743301392,0.044268804549515095,1.0,0.0,0.0,0.07848139107227325,world
soft_none,calib,90514,False,False,,1.0,0.0,,0.0,62,True,3.0,0.10120843350887299,0.2625642628090736,0.5887027862426926,world,settled,world,settled,body,settled,0.08180501312017441,-0.19146891721560924,1.0,0.0,0.0,0.10120843350887299,world
soft_none,calib,90515,False,False,,1.0,0.0,,0.0,75,True,3.0,0.0931980237364769,0.07512337824639928,0.3511415406284041,world,settled,world,settled,world,settled,0.08552340418100357,-0.10445987442382347,1.0,0.0,0.0,0.0931980237364769,world
soft_none,calib,90516,False,False,,1.0,0.0,,0.0,71,True,3.0,0.08548589795827866,-0.10533756127947524,0.12242662777193507,world,settled,world,settled,world,settled,0.08361327648162842,-0.1491560925303157,1.0,0.0,0.0,0.08548589795827866,world
soft_none,calib,90517,False,False,,1.0,0.0,,0.0,77,True,3.0,0.09218525886535645,0.05142515430370289,0.32110657994302133,world,settled,world,settled,world,settled,0.08122484385967255,-0.20504437240495665,1.0,0.0,0.0,0.09218525886535645,world
soft_none,calib,90518,False,False,,1.0,0.0,,0.0,72,True,3.0,0.09032316505908966,0.0078528883707089,0.26588339961376917,world,settled,world,settled,world,settled,0.09482869505882263,0.11328063913768034,1.0,0.0,0.0,0.09032316505908966,world
soft_none,calib,90519,False,False,,1.0,0.0,,0.0,76,True,3.0,0.10190717875957489,0.27891484138326267,0.6094253933817978,world,settled,world,settled,body,settled,0.0938795953989029,0.09107222077568375,1.0,0.0,0.0,0.10190717875957489,world
soft_none,calib,90520,False,False,,1.0,0.0,,0.0,76,True,3.0,0.09979286044836044,0.22944037787501906,0.5467218097717497,world,settled,world,settled,body,settled,0.08689601719379425,-0.07234100081471248,1.0,0.0,0.0,0.09979286044836044,world
soft_none,calib,90521,False,False,,1.0,0.0,,0.0,64,True,3.0,0.08237425982952118,-0.17814855335502183,0.030146493625985916,world,settled,world,settled,world,settled,0.09333967417478561,0.07843806509842442,1.0,0.0,0.0,0.08237425982952118,world
soft_none,calib,90522,False,False,,1.0,0.0,,0.0,80,True,3.0,0.08543708175420761,-0.10647964709169244,0.12097915632630167,world,settled,world,settled,world,settled,0.08398112654685974,-0.14054863108105187,1.0,0.0,0.0,0.08543708175420761,world
soft_none,calib,90523,False,False,,1.0,0.0,,0.0,64,True,3.0,0.09663382917642593,0.15552003903958972,0.45303569742253524,world,settled,world,settled,world,settled,0.08240886777639389,-0.17733876576406996,1.0,0.0,0.0,0.09663382917642593,world
soft_none,calib,90524,False,False,,1.0,0.0,,0.0,60,True,3.0,0.10325194895267487,0.31038169398094845,0.6493062588403042,world,settled,world,settled,body,settled,0.08689960837364197,-0.07225718639996279,1.0,0.0,0.0,0.10325194895267487,world
soft_none,calib,90525,False,False,,1.0,0.0,,0.0,74,True,3.0,0.08360011875629425,-0.14946409851858006,0.0665009679265669,world,settled,world,settled,world,settled,0.10476185381412506,0.34571305686312226,1.0,0.0,0.0,0.08360011875629425,world
soft_none,calib,90526,False,False,,1.0,0.0,,0.0,64,True,3.0,0.08064299076795578,-0.21865978218296817,-0.021197150020309734,world,settled,world,settled,world,settled,0.0825723260641098,-0.17351408258142176,1.0,0.0,0.0,0.08064299076795578,world
soft_none,calib,90527,False,False,,1.0,0.0,,0.0,77,True,3.0,0.092180997133255,0.0513254596070946,0.32098022759271805,world,settled,world,settled,world,settled,0.08793319016695023,-0.048071785178563364,1.0,0.0,0.0,0.092180997133255,world
soft_none,calib,90528,False,False,,1.0,0.0,,0.0,69,True,3.0,0.09612342715263367,0.14357691316273175,0.43789906452382554,world,settled,world,settled,world,settled,0.09092453867197037,0.02192482083914783,1.0,0.0,0.0,0.09612342715263367,world
soft_none,calib,90529,False,False,,1.0,0.0,,0.0,61,True,3.0,0.0907939225435257,0.018868414665752297,0.27984439939166167,world,settled,world,settled,world,settled,0.09987977892160416,0.23147417082466887,1.0,0.0,0.0,0.0907939225435257,world
