config,cell,seed,has_body,has_push,param,factor,torque,duration_name,offset_s,onset,settled,settle_time_s,raw_settled_score,z_settled_score,z_mad_settled_score,old_verdict,old_path,new_verdict,new_path,new_mad_verdict,new_mad_path,raw_late_block_median,z_late_block_median,old_late_frac_above_alarm,new_late_frac_above_alarm,new_mad_late_frac_above_alarm,logged_settled_score,logged_verdict
stiff_medium,neither,90000,False,False,,1.0,0.0,,0.0,79,False,nan,nan,nan,nan,alarm,persistent,world,decayed,world,decayed,0.10522892326116562,-0.07990456983482133,1.0,0.0,0.0,nan,alarm
stiff_medium,neither,90001,False,False,,1.0,0.0,,0.0,75,False,nan,nan,nan,nan,alarm,persistent,world,decayed,world,decayed,0.10084537416696548,-0.13504743709780595,1.0,0.0,0.0,nan,alarm
stiff_medium,neither,90002,False,False,,1.0,0.0,,0.0,65,False,nan,nan,nan,nan,alarm,persistent,world,decayed,world,decayed,0.11917918920516968,0.09558254640642538,1.0,0.0,0.0,nan,alarm
stiff_medium,neither,90003,False,False,,1.0,0.0,,0.0,61,False,nan,nan,nan,nan,alarm,persistent,world,decayed,world,decayed,0.12557485699653625,0.17603652515011842,1.0,0.0,0.0,nan,alarm
stiff_medium,neither,90004,False,False,,1.0,0.0,,0.0,76,False,nan,nan,nan,nan,alarm,persistent,world,decayed,world,decayed,0.11499790102243423,0.042984020176712566,1.0,0.0,0.0,nan,alarm
stiff_medium,neither,90005,False,False,,1.0,0.0,,0.0,79,False,nan,nan,nan,nan,alarm,persistent,world,decayed,world,decayed,0.11493821442127228,0.042233202085759,1.0,0.0,0.0,nan,alarm
stiff_medium,neither,90006,False,False,,1.0,0.0,,0.0,74,False,nan,nan,nan,nan,alarm,persistent,world,decayed,world,decayed,0.11453964561223984,0.03721943165978627,1.0,0.0,0.0,nan,alarm
stiff_medium,neither,90007,False,False,,1.0,0.0,,0.0,79,False,nan,nan,nan,nan,alarm,persistent,world,decayed,world,decayed,0.10824330151081085,-0.041985400280767644,1.0,0.0,0.0,nan,alarm
stiff_medium,neither,90008,False,False,,1.0,0.0,,0.0,62,False,nan,nan,nan,nan,alarm,persistent,world,decayed,world,decayed,0.10256757587194443,-0.11338319086364997,1.0,0.0,0.0,nan,alarm
stiff_medium,neither,90009,False,False,,1.0,0.0,,0.0,74,False,nan,nan,nan,nan,alarm,persistent,world,decayed,world,decayed,0.09300275892019272,-0.23370356470001483,1.0,0.0,0.0,nan,alarm
stiff_medium,neither,90010,False,False,,1.0,0.0,,0.0,72,False,nan,nan,nan,nan,alarm,persistent,world,decayed,world,decayed,0.10579723119735718,-0.0727556495342776,1.0,0.0,0.0,nan,alarm
stiff_medium,neither,90011,False,False,,1.0,0.0,,0.0,71,False,nan,nan,nan,nan,alarm,persistent,world,decayed,world,decayed,0.10413143783807755,-0.09371058356722599,1.0,0.0,0.0,nan,alarm
stiff_medium,neither,90012,False,False,,1.0,0.0,,0.0,62,False,nan,nan,nan,nan,alarm,persistent,world,decayed,world,decayed,0.11157818883657455,-3.420791632125497e-05,1.0,0.0,0.0,nan,alarm
stiff_medium,neither,90013,False,False,,1.0,0.0,,0.0,68,False,nan,nan,nan,nan,alarm,persistent,world,decayed,world,decayed,0.10102064907550812,-0.1328426130242388,1.0,0.0,0.0,nan,alarm
stiff_medium,neither,90014,False,False,,1.0,0.0,,0.0,80,False,nan,nan,nan,nan,alarm,persistent,world,decayed,world,decayed,0.1242629736661911,0.15953394248439134,1.0,0.0,0.0,nan,alarm
stiff_medium,neither,90015,False,False,,1.0,0.0,,0.0,76,False,nan,nan,nan,nan,alarm,persistent,world,decayed,world,decayed,0.1006486639380455,-0.13752205648405927,1.0,0.0,0.0,nan,alarm
stiff_medium,neither,90016,False,False,,1.0,0.0,,0.0,76,False,nan,nan,nan,nan,alarm,persistent,world,decayed,world,decayed,0.10612990707159042,-0.06857073220840952,1.0,0.0,0.0,nan,alarm
stiff_medium,neither,90017,False,False,,1.0,0.0,,0.0,74,False,nan,nan,nan,nan,alarm,persistent,world,decayed,world,decayed,0.09840009361505508,-0.165807822727565,1.0,0.0,0.0,nan,alarm
stiff_medium,neither,90018,False,False,,1.0,0.0,,0.0,66,False,nan,nan,nan,nan,alarm,persistent,world,decayed,world,decayed,0.10236437618732452,-0.11593927850422507,1.0,0.0,0.0,nan,alarm
stiff_medium,neither,90019,False,False,,1.0,0.0,,0.0,66,False,nan,nan,nan,nan,alarm,persistent,world,decayed,world,decayed,0.11697985231876373,0.0679159009959243,1.0,0.0,0.0,nan,alarm
stiff_medium,neither,90020,False,False,,1.0,0.0,,0.0,73,False,nan,nan,nan,nan,alarm,persistent,world,decayed,world,decayed,0.1070561408996582,-0.056919211913452616,1.0,0.0,0.0,nan,alarm
stiff_medium,neither,90021,False,False,,1.0,0.0,,0.0,74,False,nan,nan,nan,nan,alarm,persistent,world,decayed,world,decayed,0.10826333612203598,-0.04173323102970583,1.0,0.0,0.0,nan,alarm
stiff_medium,neither,90022,False,False,,1.0,0.0,,0.0,66,False,nan,nan,nan,nan,alarm,persistent,world,decayed,world,decayed,0.12467105686664581,0.16466718146567175,1.0,0.0,0.0,nan,alarm
stiff_medium,neither,90023,False,False,,1.0,0.0,,0.0,75,False,nan,nan,nan,nan,alarm,persistent,world,decayed,world,decayed,0.1028379574418068,-0.10998193093218278,1.0,0.0,0.0,nan,alarm
stiff_medium,neither,90024,False,False,,1.0,0.0,,0.0,73,False,nan,nan,nan,nan,alarm,persistent,world,decayed,world,decayed,0.0913097932934761,-0.25500029876263075,1.0,0.0,0.0,nan,alarm
stiff_medium,neither,90025,False,False,,1.0,0.0,,0.0,68,False,nan,nan,nan,nan,alarm,persistent,world,decayed,world,decayed,0.09648249298334122,-0.18993035949184892,1.0,0.0,0.0,nan,alarm
stiff_medium,neither,90026,False,False,,1.0,0.0,,0.0,73,False,nan,nan,nan,nan,alarm,persistent,world,decayed,world,decayed,0.1200031191110611,0.10594685252567007,1.0,0.0,0.0,nan,alarm
stiff_medium,neither,90027,False,False,,1.0,0.0,,0.0,61,False,nan,nan,nan,nan,alarm,persistent,world,decayed,world,decayed,0.09429886192083359,-0.2173992274866511,1.0,0.0,0.0,nan,alarm
stiff_medium,neither,90028,False,False,,1.0,0.0,,0.0,71,False,nan,nan,nan,nan,alarm,persistent,world,decayed,world,decayed,0.11097438633441925,-0.007629861891003108,1.0,0.0,0.0,nan,alarm
stiff_medium,neither,90029,False,False,,1.0,0.0,,0.0,60,False,nan,nan,nan,nan,alarm,persistent,world,decayed,world,decayed,0.11321423202753067,0.02054630967206178,1.0,0.0,0.0,nan,alarm
stiff_medium,neither,90030,False,False,,1.0,0.0,,0.0,72,False,nan,nan,nan,nan,alarm,persistent,world,decayed,world,decayed,0.11448922008275986,0.03658506390272063,1.0,0.0,0.0,nan,alarm
stiff_medium,neither,90031,False,False,,1.0,0.0,,0.0,65,False,nan,nan,nan,nan,alarm,persistent,world,decayed,world,decayed,0.09652190655469894,-0.18943447376703468,1.0,0.0,0.0,nan,alarm
stiff_medium,neither,90032,False,False,,1.0,0.0,,0.0,78,False,nan,nan,nan,nan,alarm,persistent,world,decayed,world,decayed,0.11289101839065552,0.016480420689294336,1.0,0.0,0.0,nan,alarm
stiff_medium,neither,90033,False,False,,1.0,0.0,,0.0,74,False,nan,nan,nan,nan,alarm,persistent,world,decayed,world,decayed,0.11790478229522705,0.07955099958893451,1.0,0.0,0.0,nan,alarm
stiff_medium,neither,90034,False,False,,1.0,0.0,,0.0,63,False,nan,nan,nan,nan,alarm,persistent,world,decayed,world,decayed,0.1285097897052765,0.21295674952361363,1.0,0.0,0.0,nan,alarm
stiff_medium,neither,90035,False,False,,1.0,0.0,,0.0,66,False,nan,nan,nan,nan,alarm,persistent,world,decayed,world,decayed,0.1022215336561203,-0.11773615326856439,1.0,0.0,0.0,nan,alarm
stiff_medium,neither,90036,False,False,,1.0,0.0,,0.0,61,False,nan,nan,nan,nan,alarm,persistent,world,decayed,world,decayed,0.10850951820611954,-0.03863652120860637,1.0,0.0,0.0,nan,alarm
stiff_medium,neither,90037,False,False,,1.0,0.0,,0.0,69,False,nan,nan,nan,nan,alarm,persistent,world,decayed,world,decayed,0.10437174886465073,-0.0906875379723329,1.0,0.0,0.0,nan,alarm
stiff_medium,neither,90038,False,False,,1.0,0.0,,0.0,63,False,nan,nan,nan,nan,alarm,persistent,world,decayed,world,decayed,0.11424703896045685,0.03353859802258871,1.0,0.0,0.0,nan,alarm
stiff_medium,neither,90039,False,False,,1.0,0.0,,0.0,63,False,nan,nan,nan,nan,alarm,persistent,world,decayed,world,decayed,0.09236165881156921,-0.24176827986511523,1.0,0.0,0.0,nan,alarm
stiff_medium,neither,90040,False,False,,1.0,0.0,,0.0,66,False,nan,nan,nan,nan,alarm,persistent,world,decayed,world,decayed,0.12132900953292847,0.12262606455492589,1.0,0.0,0.0,nan,alarm
stiff_medium,neither,90041,False,False,,1.0,0.0,,0.0,71,False,nan,nan,nan,nan,alarm,persistent,world,decayed,world,decayed,0.11653389781713486,0.06230613186115659,1.0,0.0,0.0,nan,alarm
stiff_medium,neither,90042,False,False,,1.0,0.0,,0.0,64,False,nan,nan,nan,nan,alarm,persistent,world,decayed,world,decayed,0.10634962469339371,-0.06580682574474578,1.0,0.0,0.0,nan,alarm
stiff_medium,neither,90043,False,False,,1.0,0.0,,0.0,79,False,nan,nan,nan,nan,alarm,persistent,world,decayed,world,decayed,0.11827303469181061,0.08418335762305104,1.0,0.0,0.0,nan,alarm
stiff_medium,neither,90044,False,False,,1.0,0.0,,0.0,65,False,nan,nan,nan,nan,alarm,persistent,world,decayed,world,decayed,0.11008449643850327,-0.0188241390677673,1.0,0.0,0.0,nan,alarm
stiff_medium,neither,90045,False,False,,1.0,0.0,,0.0,64,False,nan,nan,nan,nan,alarm,persistent,world,decayed,world,decayed,0.108434297144413,-0.0395828093355067,1.0,0.0,0.0,nan,alarm
stiff_medium,neither,90046,False,False,,1.0,0.0,,0.0,73,False,nan,nan,nan,nan,alarm,persistent,world,decayed,world,decayed,0.10184955596923828,-0.12241545262698376,1.0,0.0,0.0,nan,alarm
stiff_medium,neither,90047,False,False,,1.0,0.0,,0.0,66,False,nan,nan,nan,nan,alarm,persistent,world,decayed,world,decayed,0.10670201480388641,-0.06137403292094671,1.0,0.0,0.0,nan,alarm
stiff_medium,neither,90048,False,False,,1.0,0.0,,0.0,76,False,nan,nan,nan,nan,alarm,persistent,world,decayed,world,decayed,0.11929406225681305,0.09702757211859246,1.0,0.0,0.0,nan,alarm
stiff_medium,neither,90049,False,False,,1.0,0.0,,0.0,76,False,nan,nan,nan,nan,alarm,persistent,world,decayed,world,decayed,0.11663472652435303,0.06357451005067531,1.0,0.0,0.0,nan,alarm
stiff_medium,neither,90050,False,False,,1.0,0.0,,0.0,60,False,nan,nan,nan,nan,alarm,persistent,world,decayed,world,decayed,0.10254397243261337,-0.11368008895530735,1.0,0.0,0.0,nan,alarm
stiff_medium,neither,90051,False,False,,1.0,0.0,,0.0,76,False,nan,nan,nan,nan,alarm,persistent,world,decayed,world,decayed,0.11683724075555801,0.0661220728632403,1.0,0.0,0.0,nan,alarm
stiff_medium,neither,90052,False,False,,1.0,0.0,,0.0,68,False,nan,nan,nan,nan,alarm,persistent,world,decayed,world,decayed,0.11076991260051727,-0.010201739179005395,1.0,0.0,0.0,nan,alarm
stiff_medium,neither,90053,False,False,,1.0,0.0,,0.0,72,False,nan,nan,nan,nan,alarm,persistent,world,decayed,world,decayed,0.11111722886562347,-0.005832823401697873,1.0,0.0,0.0,nan,alarm
stiff_medium,neither,90054,False,False,,1.0,0.0,,0.0,65,False,nan,nan,nan,nan,alarm,persistent,world,decayed,world,decayed,0.09910088032484055,-0.1569923919826704,1.0,0.0,0.0,nan,alarm
stiff_medium,neither,90055,False,False,,1.0,0.0,,0.0,68,False,nan,nan,nan,nan,alarm,persistent,world,decayed,world,decayed,0.10519757121801376,-0.08029912884352823,1.0,0.0,0.0,nan,alarm
stiff_medium,neither,90056,False,False,,1.0,0.0,,0.0,68,False,nan,nan,nan,nan,alarm,persistent,world,decayed,world,decayed,0.12117135524749756,0.12064297416921518,1.0,0.0,0.0,nan,alarm
stiff_medium,neither,90057,False,False,,1.0,0.0,,0.0,76,False,nan,nan,nan,nan,alarm,persistent,world,decayed,world,decayed,0.10230810940265656,-0.11664702843536437,1.0,0.0,0.0,nan,alarm
stiff_medium,neither,90058,False,False,,1.0,0.0,,0.0,61,False,nan,nan,nan,nan,alarm,persistent,world,decayed,world,decayed,0.10617102682590485,-0.06805355696602547,1.0,0.0,0.0,nan,alarm
stiff_medium,neither,90059,False,False,,1.0,0.0,,0.0,62,False,nan,nan,nan,nan,alarm,persistent,world,decayed,world,decayed,0.10598878562450409,-0.0703459478292274,1.0,0.0,0.0,nan,alarm
stiff_medium,neither,90060,False,False,,1.0,0.0,,0.0,62,False,nan,nan,nan,nan,alarm,persistent,world,decayed,world,decayed,0.10487540811300278,-0.08435186710899858,1.0,0.0,0.0,nan,alarm
stiff_medium,neither,90061,False,False,,1.0,0.0,,0.0,80,False,nan,nan,nan,nan,alarm,persistent,world,decayed,world,decayed,0.11400038003921509,0.03043575232282524,1.0,0.0,0.0,nan,alarm
stiff_medium,neither,90062,False,False,,1.0,0.0,,0.0,66,False,nan,nan,nan,nan,alarm,persistent,world,decayed,world,decayed,0.12797407805919647,0.20621751946467218,1.0,0.0,0.0,nan,alarm
stiff_medium,neither,90063,False,False,,1.0,0.0,,0.0,62,False,nan,nan,nan,nan,alarm,persistent,world,decayed,world,decayed,0.09963366389274597,-0.1502902864865252,1.0,0.0,0.0,nan,alarm
stiff_medium,neither,90064,False,False,,1.0,0.0,,0.0,72,False,nan,nan,nan,nan,alarm,persistent,world,decayed,world,decayed,0.08861437439918518,-0.28890728434451257,1.0,0.0,0.0,nan,alarm
stiff_medium,neither,90065,False,False,,1.0,0.0,,0.0,63,False,nan,nan,nan,nan,alarm,persistent,world,decayed,world,decayed,0.10516256093978882,-0.08073951531956962,1.0,0.0,0.0,nan,alarm
stiff_medium,neither,90066,False,False,,1.0,0.0,,0.0,61,False,nan,nan,nan,nan,alarm,persistent,world,decayed,world,decayed,0.11768440902233124,0.07677909959795505,1.0,0.0,0.0,nan,alarm
stiff_medium,neither,90067,False,False,,1.0,0.0,,0.0,71,False,nan,nan,nan,nan,alarm,persistent,world,decayed,world,decayed,0.10077834129333496,-0.13589074778604465,1.0,0.0,0.0,nan,alarm
stiff_medium,neither,90068,False,False,,1.0,0.0,,0.0,76,False,nan,nan,nan,nan,alarm,persistent,world,decayed,world,decayed,0.1026468500494957,-0.11238596874923545,1.0,0.0,0.0,nan,alarm
stiff_medium,neither,90069,False,False,,1.0,0.0,,0.0,70,False,nan,nan,nan,nan,alarm,persistent,world,decayed,world,decayed,0.11313681304454803,0.019572578429141573,1.0,0.0,0.0,nan,alarm
stiff_medium,neither,90070,False,False,,1.0,0.0,,0.0,76,False,nan,nan,nan,nan,alarm,persistent,world,decayed,world,decayed,0.10425708442926407,-0.09213000559174121,1.0,0.0,0.0,nan,alarm
stiff_medium,neither,90071,False,False,,1.0,0.0,,0.0,77,False,nan,nan,nan,nan,alarm,persistent,world,decayed,world,decayed,0.12363022565841675,0.1515741064864026,1.0,0.0,0.0,nan,alarm
stiff_medium,neither,90072,False,False,,1.0,0.0,,0.0,70,False,nan,nan,nan,nan,alarm,persistent,world,decayed,world,decayed,0.10639137029647827,-0.06528182187156803,1.0,0.0,0.0,nan,alarm
stiff_medium,neither,90073,False,False,,1.0,0.0,,0.0,80,False,nan,nan,nan,nan,alarm,persistent,world,decayed,world,decayed,0.10984046757221222,-0.021893893725965122,1.0,0.0,0.0,nan,alarm
stiff_medium,neither,90074,False,False,,1.0,0.0,,0.0,67,False,nan,nan,nan,nan,alarm,persistent,world,decayed,world,decayed,0.13143223524093628,0.24971959788663667,1.0,0.0,0.0,nan,alarm
stiff_medium,neither,90075,False,False,,1.0,0.0,,0.0,71,False,nan,nan,nan,nan,alarm,persistent,world,decayed,world,decayed,0.0954570323228836,-0.20283011424062694,1.0,0.0,0.0,nan,alarm
stiff_medium,neither,90076,False,False,,1.0,0.0,,0.0,75,False,nan,nan,nan,nan,alarm,persistent,world,decayed,world,decayed,0.1000828742980957,-0.14463933012527233,1.0,0.0,0.0,nan,alarm
stiff_medium,neither,90077,False,False,,1.0,0.0,,0.0,63,False,nan,nan,nan,nan,alarm,persistent,world,decayed,world,decayed,0.11303385347127914,0.018277359889219524,1.0,0.0,0.0,nan,alarm
stiff_medium,neither,90078,False,False,,1.0,0.0,,0.0,63,False,nan,nan,nan,nan,alarm,persistent,world,decayed,world,decayed,0.09787184745073318,-0.17245296189380288,1.0,0.0,0.0,nan,alarm
stiff_medium,neither,90079,False,False,,1.0,0.0,,0.0,64,False,nan,nan,nan,nan,alarm,persistent,world,decayed,world,decayed,0.11684004217386246,0.0661571261148401,1.0,0.0,0.0,nan,alarm
stiff_medium,neither,90080,False,False,,1.0,0.0,,0.0,78,False,nan,nan,nan,nan,alarm,persistent,world,decayed,world,decayed,0.11660510301589966,0.06320197805410735,1.0,0.0,0.0,nan,alarm
stiff_medium,neither,90081,False,False,,1.0,0.0,,0.0,79,False,nan,nan,nan,nan,alarm,persistent,world,decayed,world,decayed,0.10796306282281876,-0.045510693443023074,1.0,0.0,0.0,nan,alarm
stiff_medium,neither,90082,False,False,,1.0,0.0,,0.0,76,False,nan,nan,nan,nan,alarm,persistent,world,decayed,world,decayed,0.11215922981500626,0.00727488460623221,1.0,0.0,0.0,nan,alarm
stiff_medium,neither,90083,False,False,,1.0,0.0,,0.0,74,False,nan,nan,nan,nan,alarm,persistent,world,decayed,world,decayed,0.10144813358783722,-0.12746514589207641,1.0,0.0,0.0,nan,alarm
stiff_medium,neither,90084,False,False,,1.0,0.0,,0.0,73,False,nan,nan,nan,nan,alarm,persistent,world,decayed,world,decayed,0.1145632266998291,0.037516024561077756,1.0,0.0,0.0,nan,alarm
stiff_medium,neither,90085,False,False,,1.0,0.0,,0.0,72,False,nan,nan,nan,nan,alarm,persistent,world,decayed,world,decayed,0.10397863388061523,-0.09563273048293629,1.0,0.0,0.0,nan,alarm
stiff_medium,neither,90086,False,False,,1.0,0.0,,0.0,63,False,nan,nan,nan,nan,alarm,persistent,world,decayed,world,decayed,0.10645721107721329,-0.06445350680860526,1.0,0.0,0.0,nan,alarm
stiff_medium,neither,90087,False,False,,1.0,0.0,,0.0,66,False,nan,nan,nan,nan,alarm,persistent,world,decayed,world,decayed,0.08805462718009949,-0.29594849880594837,1.0,0.0,0.0,nan,alarm
stiff_medium,neither,90088,False,False,,1.0,0.0,,0.0,75,False,nan,nan,nan,nan,alarm,persistent,world,decayed,world,decayed,0.10446302592754364,-0.0895392328610729,1.0,0.0,0.0,nan,alarm
stiff_medium,neither,90089,False,False,,1.0,0.0,,0.0,62,False,nan,nan,nan,nan,alarm,persistent,world,decayed,world,decayed,0.10841114819049835,-0.039873960944460905,1.0,0.0,0.0,nan,alarm
stiff_medium,neither,90090,False,False,,1.0,0.0,,0.0,68,False,nan,nan,nan,nan,alarm,persistent,world,decayed,world,decayed,0.11728602647781372,0.07176755337125076,1.0,0.0,0.0,nan,alarm
stiff_medium,neither,90091,False,False,,1.0,0.0,,0.0,77,False,nan,nan,nan,nan,alarm,persistent,world,decayed,world,decayed,0.09908550977706909,-0.15718575585362646,1.0,0.0,0.0,nan,alarm
stiff_medium,neither,90092,False,False,,1.0,0.0,,0.0,68,False,nan,nan,nan,nan,alarm,persistent,world,decayed,world,decayed,0.10478316247463226,-0.08551215167433798,1.0,0.0,0.0,nan,alarm
stiff_medium,neither,90093,False,False,,1.0,0.0,,0.0,64,False,nan,nan,nan,nan,alarm,persistent,world,decayed,world,decayed,0.10491416603326797,-0.08386422210983849,1.0,0.0,0.0,nan,alarm
stiff_medium,neither,90094,False,False,,1.0,0.0,,0.0,69,False,nan,nan,nan,nan,alarm,persistent,world,decayed,world,decayed,0.10476455837488174,-0.08574634691161169,1.0,0.0,0.0,nan,alarm
stiff_medium,neither,90095,False,False,,1.0,0.0,,0.0,61,False,nan,nan,nan,nan,alarm,persistent,world,decayed,world,decayed,0.12213212251663208,0.1327288638280498,1.0,0.0,0.0,nan,alarm
stiff_medium,neither,90096,False,False,,1.0,0.0,,0.0,62,False,nan,nan,nan,nan,alarm,persistent,world,decayed,world,decayed,0.10096226632595062,-0.13357698305323318,1.0,0.0,0.0,nan,alarm
stiff_medium,neither,90097,False,False,,1.0,0.0,,0.0,61,False,nan,nan,nan,nan,alarm,persistent,world,decayed,world,decayed,0.1136959046125412,0.026605496223118984,1.0,0.0,0.0,nan,alarm
stiff_medium,neither,90098,False,False,,1.0,0.0,,0.0,70,False,nan,nan,nan,nan,alarm,persistent,world,decayed,world,decayed,0.12481343746185303,0.16645845443448715,1.0,0.0,0.0,nan,alarm
stiff_medium,neither,90099,False,False,,1.0,0.0,,0.0,79,False,nan,nan,nan,nan,alarm,persistent,world,decayed,world,decayed,0.11867211014032364,0.08920365654542795,1.0,0.0,0.0,nan,alarm
stiff_medium,neither,90100,False,False,,1.0,0.0,,0.0,62,False,nan,nan,nan,nan,alarm,persistent,world,decayed,world,decayed,0.08245450258255005,-0.3663952327356874,1.0,0.0,0.0,nan,alarm
stiff_medium,neither,90101,False,False,,1.0,0.0,,0.0,62,False,nan,nan,nan,nan,alarm,persistent,world,decayed,world,decayed,0.10638785362243652,-0.06532600681724098,1.0,0.0,0.0,nan,alarm
stiff_medium,neither,90102,False,False,,1.0,0.0,,0.0,63,False,nan,nan,nan,nan,alarm,persistent,world,decayed,world,decayed,0.11444582045078278,0.03603909532590358,1.0,0.0,0.0,nan,alarm
stiff_medium,neither,90103,False,False,,1.0,0.0,,0.0,62,False,nan,nan,nan,nan,alarm,persistent,world,decayed,world,decayed,0.12660351395606995,0.1889767779575018,1.0,0.0,0.0,nan,alarm
stiff_medium,neither,90104,False,False,,1.0,0.0,,0.0,72,False,nan,nan,nan,nan,alarm,persistent,world,decayed,world,decayed,0.11624284833669662,0.05864475132733169,1.0,0.0,0.0,nan,alarm
stiff_medium,neither,90105,False,False,,1.0,0.0,,0.0,74,False,nan,nan,nan,nan,alarm,persistent,world,decayed,world,decayed,0.12493034452199936,0.1679291328320543,1.0,0.0,0.0,nan,alarm
stiff_medium,neither,90106,False,False,,1.0,0.0,,0.0,79,False,nan,nan,nan,nan,alarm,persistent,world,decayed,world,decayed,0.10273204743862152,-0.1113140722343616,1.0,0.0,0.0,nan,alarm
stiff_medium,neither,90107,False,False,,1.0,0.0,,0.0,79,False,nan,nan,nan,nan,alarm,persistent,world,decayed,world,decayed,0.09647543728351593,-0.19001908729358535,1.0,0.0,0.0,nan,alarm
stiff_medium,neither,90108,False,False,,1.0,0.0,,0.0,64,False,nan,nan,nan,nan,alarm,persistent,world,decayed,world,decayed,0.11441391706466675,0.03563775476467338,1.0,0.0,0.0,nan,alarm
stiff_medium,neither,90109,False,False,,1.0,0.0,,0.0,66,False,nan,nan,nan,nan,alarm,persistent,world,decayed,world,decayed,0.09673333168029785,-0.18677497462626055,1.0,0.0,0.0,nan,alarm
stiff_medium,neither,90110,False,False,,1.0,0.0,,0.0,60,False,nan,nan,nan,nan,alarm,persistent,world,decayed,world,decayed,0.10842839628458023,-0.03965702155708188,1.0,0.0,0.0,nan,alarm
stiff_medium,neither,90111,False,False,,1.0,0.0,,0.0,76,False,nan,nan,nan,nan,alarm,persistent,world,decayed,world,decayed,0.09911736100912094,-0.15678503153090834,1.0,0.0,0.0,nan,alarm
stiff_medium,neither,90112,False,False,,1.0,0.0,,0.0,69,False,nan,nan,nan,nan,alarm,persistent,world,decayed,world,decayed,0.12642726302146912,0.18675969003461038,1.0,0.0,0.0,nan,alarm
stiff_medium,neither,90113,False,False,,1.0,0.0,,0.0,60,True,3.0,0.13469688594341278,0.29078716748877087,0.5259354804169982,world,settled,world,settled,world,settled,0.12163611501455307,0.12648938445751837,1.0,0.0,0.0,0.13469688594341278,world
stiff_medium,neither,90114,False,False,,1.0,0.0,,0.0,65,False,nan,nan,nan,nan,alarm,persistent,world,decayed,world,decayed,0.10868388414382935,-0.036443101062181314,1.0,0.0,0.0,nan,alarm
stiff_medium,neither,90115,False,False,,1.0,0.0,,0.0,77,False,nan,nan,nan,nan,alarm,persistent,world,decayed,world,decayed,0.1020568236708641,-0.11980800338091553,1.0,0.0,0.0,nan,alarm
stiff_medium,neither,90116,False,False,,1.0,0.0,,0.0,75,False,nan,nan,nan,nan,alarm,persistent,world,decayed,world,decayed,0.11303482949733734,0.01828963779721715,1.0,0.0,0.0,nan,alarm
stiff_medium,neither,90117,False,False,,1.0,0.0,,0.0,79,False,nan,nan,nan,nan,alarm,persistent,world,decayed,world,decayed,0.11017165333032608,-0.017727772846272062,1.0,0.0,0.0,nan,alarm
stiff_medium,neither,90118,False,False,,1.0,0.0,,0.0,68,False,nan,nan,nan,nan,alarm,persistent,world,decayed,world,decayed,0.10698499530553818,-0.05781416830954047,1.0,0.0,0.0,nan,alarm
stiff_medium,neither,90119,False,False,,1.0,0.0,,0.0,69,False,nan,nan,nan,nan,alarm,persistent,world,decayed,world,decayed,0.12427036464214325,0.15962699596416252,1.0,0.0,0.0,nan,alarm
stiff_medium,body_only,90120,True,False,m,1.5891995503048728,0.0,,0.0,74,False,nan,nan,nan,nan,alarm,persistent,world,decayed,world,decayed,0.08519740402698517,-0.3318909108208258,1.0,0.0,0.0,nan,alarm
stiff_medium,body_only,90121,True,False,l,1.4812383451425903,0.0,,0.0,60,False,nan,nan,nan,nan,alarm,persistent,world,decayed,world,decayed,0.10775463283061981,-0.04813262400123646,1.0,0.0,0.0,nan,alarm
stiff_medium,body_only,90122,True,False,m,1.577333311441059,0.0,,0.0,60,False,nan,nan,nan,nan,alarm,persistent,world,decayed,world,decayed,0.10204826295375824,-0.11991565239955233,1.0,0.0,0.0,nan,alarm
stiff_medium,body_only,90123,True,False,l,1.2659873041674827,0.0,,0.0,78,False,nan,nan,nan,nan,alarm,persistent,world,decayed,world,decayed,0.099165178835392,-0.15618351098529365,1.0,0.0,0.0,nan,alarm
stiff_medium,body_only,90124,True,False,m,1.4143549642821072,0.0,,0.0,79,False,nan,nan,nan,nan,alarm,persistent,world,decayed,world,decayed,0.1209913045167923,0.11837785098150633,1.0,0.0,0.0,nan,alarm
stiff_medium,body_only,90125,True,False,l,1.4086180240535773,0.0,,0.0,63,False,nan,nan,nan,nan,alarm,persistent,world,decayed,world,decayed,0.10367801040410995,-0.09941445252781275,1.0,0.0,0.0,nan,alarm
stiff_medium,body_only,90126,True,False,m,1.6448408546174003,0.0,,0.0,68,False,nan,nan,nan,nan,alarm,persistent,world,decayed,world,decayed,0.08393467217683792,-0.3477756074736845,1.0,0.0,0.0,nan,alarm
stiff_medium,body_only,90127,True,False,l,1.4986137896780058,0.0,,0.0,61,True,3.0,0.14172545075416565,0.37920290299668946,0.6187089682893842,world,settled,world,settled,body,settled,0.12279248237609863,0.1410358749551233,1.0,0.0,0.0,0.14172545075416565,world
stiff_medium,body_only,90128,True,False,m,1.416558817025714,0.0,,0.0,64,False,nan,nan,nan,nan,alarm,persistent,world,decayed,world,decayed,0.09356354922056198,-0.22664905717721515,1.0,0.0,0.0,nan,alarm
stiff_medium,body_only,90129,True,False,l,1.38378853736242,0.0,,0.0,68,False,nan,nan,nan,nan,alarm,persistent,world,decayed,world,decayed,0.09382510185241699,-0.2233589667904851,1.0,0.0,0.0,nan,alarm
stiff_medium,body_only,90130,True,False,m,1.4756383192437175,0.0,,0.0,71,False,nan,nan,nan,nan,alarm,persistent,world,decayed,world,decayed,0.12029211223125458,0.10958261844966825,1.0,0.0,0.0,nan,alarm
stiff_medium,body_only,90131,True,False,l,1.3606013397692742,0.0,,0.0,80,False,nan,nan,nan,nan,alarm,persistent,world,decayed,world,decayed,0.10364822298288345,-0.0997891098736026,1.0,0.0,0.0,nan,alarm
stiff_medium,body_only,90132,True,False,m,1.3052923183294922,0.0,,0.0,64,False,nan,nan,nan,nan,alarm,persistent,world,decayed,world,decayed,0.10883182287216187,-0.03458207012810812,1.0,0.0,0.0,nan,alarm
stiff_medium,body_only,90133,True,False,l,1.3207448067237653,0.0,,0.0,67,False,nan,nan,nan,nan,alarm,persistent,world,decayed,world,decayed,0.10843352973461151,-0.03959236103244414,1.0,0.0,0.0,nan,alarm
stiff_medium,body_only,90134,True,False,m,1.4561368550822151,0.0,,0.0,64,False,nan,nan,nan,nan,alarm,persistent,world,decayed,world,decayed,0.12175871431827545,0.1280316115438523,1.0,0.0,0.0,nan,alarm
stiff_medium,body_only,90135,True,False,l,1.4036352699808552,0.0,,0.0,79,False,nan,nan,nan,nan,alarm,persistent,world,decayed,world,decayed,0.08370662480592728,-0.35064426569773344,1.0,0.0,0.0,nan,alarm
stiff_medium,body_only,90136,True,False,m,1.3752498406372067,0.0,,0.0,68,False,nan,nan,nan,nan,alarm,persistent,world,decayed,world,decayed,0.10105691105127335,-0.13238658070928233,1.0,0.0,0.0,nan,alarm
stiff_medium,body_only,90137,True,False,l,1.3180944856558197,0.0,,0.0,66,False,nan,nan,nan,nan,alarm,persistent,world,decayed,world,decayed,0.09972168505191803,-0.1491829243323021,1.0,0.0,0.0,nan,alarm
stiff_medium,body_only,90138,True,False,m,1.3737292058898571,0.0,,0.0,76,False,nan,nan,nan,nan,alarm,persistent,world,decayed,world,decayed,0.12878067791461945,0.21636440439408897,1.0,0.0,0.0,nan,alarm
stiff_medium,body_only,90139,True,False,l,1.2231365368057392,0.0,,0.0,78,False,nan,nan,nan,nan,alarm,persistent,world,decayed,world,decayed,0.10205775499343872,-0.11979618384424469,1.0,0.0,0.0,nan,alarm
stiff_medium,body_only,90140,True,False,m,1.5903123576273737,0.0,,0.0,77,False,nan,nan,nan,nan,alarm,persistent,world,decayed,world,decayed,0.09650542587041855,-0.18964185179213838,1.0,0.0,0.0,nan,alarm
stiff_medium,body_only,90141,True,False,l,1.3983126255738383,0.0,,0.0,68,False,nan,nan,nan,nan,alarm,persistent,world,decayed,world,decayed,0.10584886372089386,-0.07210615815943135,1.0,0.0,0.0,nan,alarm
stiff_medium,body_only,90142,True,False,m,1.5588960124158446,0.0,,0.0,77,False,nan,nan,nan,nan,alarm,persistent,world,decayed,world,decayed,0.10425859689712524,-0.0921109121560932,1.0,0.0,0.0,nan,alarm
stiff_medium,body_only,90143,True,False,l,1.3381767659159343,0.0,,0.0,76,False,nan,nan,nan,nan,alarm,persistent,world,decayed,world,decayed,0.07831192016601562,-0.4185068599545908,1.0,0.0,0.0,nan,alarm
stiff_medium,body_only,90144,True,False,m,1.4340779419258376,0.0,,0.0,78,False,nan,nan,nan,nan,alarm,persistent,world,decayed,world,decayed,0.09772999584674835,-0.17423742489985944,1.0,0.0,0.0,nan,alarm
stiff_medium,body_only,90145,True,False,l,1.3732457116762027,0.0,,0.0,79,False,nan,nan,nan,nan,alarm,persistent,world,decayed,world,decayed,0.09605631977319717,-0.19529137739049604,1.0,0.0,0.0,nan,alarm
stiff_medium,body_only,90146,True,False,m,1.4659264726975494,0.0,,0.0,73,False,nan,nan,nan,nan,alarm,persistent,world,decayed,world,decayed,0.10988141596317291,-0.021378883519266038,1.0,0.0,0.0,nan,alarm
stiff_medium,body_only,90147,True,False,l,1.3697174281168265,0.0,,0.0,61,False,nan,nan,nan,nan,alarm,persistent,world,decayed,world,decayed,0.09843306243419647,-0.16539308073603096,1.0,0.0,0.0,nan,alarm
stiff_medium,body_only,90148,True,False,m,1.3038571531689942,0.0,,0.0,77,False,nan,nan,nan,nan,alarm,persistent,world,decayed,world,decayed,0.10644225776195526,-0.06464171378246886,1.0,0.0,0.0,nan,alarm
stiff_medium,body_only,90149,True,False,l,1.2823864181574816,0.0,,0.0,69,False,nan,nan,nan,nan,alarm,persistent,world,decayed,world,decayed,0.11020572483539581,-0.017299082307732323,1.0,0.0,0.0,nan,alarm
stiff_medium,body_only,90150,True,False,m,1.371260065573264,0.0,,0.0,77,False,nan,nan,nan,nan,alarm,persistent,world,decayed,world,decayed,0.09325583279132843,-0.23052019077326086,1.0,0.0,0.0,nan,alarm
stiff_medium,body_only,90151,True,False,l,1.2751118713228489,0.0,,0.0,67,False,nan,nan,nan,nan,alarm,persistent,world,decayed,world,decayed,0.10611112415790558,-0.06880708662358788,1.0,0.0,0.0,nan,alarm
stiff_medium,body_only,90152,True,False,m,1.3717293620024857,0.0,,0.0,77,False,nan,nan,nan,nan,alarm,persistent,world,decayed,world,decayed,0.10452485084533691,-0.08876144496276639,1.0,0.0,0.0,nan,alarm
stiff_medium,body_only,90153,True,False,l,1.3777582765834164,0.0,,0.0,63,False,nan,nan,nan,nan,alarm,persistent,world,decayed,world,decayed,0.09292902052402496,-0.2346312455870514,1.0,0.0,0.0,nan,alarm
stiff_medium,body_only,90154,True,False,m,1.3240528558094946,0.0,,0.0,61,False,nan,nan,nan,nan,alarm,persistent,world,decayed,world,decayed,0.11899793148040771,0.09330233386895195,1.0,0.0,0.0,nan,alarm
stiff_medium,body_only,90155,True,False,l,1.2616156540457863,0.0,,0.0,75,False,nan,nan,nan,nan,alarm,persistent,world,decayed,world,decayed,0.09426546841859818,-0.2178193791385076,1.0,0.0,0.0,nan,alarm
stiff_medium,body_only,90156,True,False,m,1.53054519222226,0.0,,0.0,80,False,nan,nan,nan,nan,alarm,persistent,world,decayed,world,decayed,0.08851669728755951,-0.2901359869078128,1.0,0.0,0.0,nan,alarm
stiff_medium,body_only,90157,True,False,l,1.488929027680533,0.0,,0.0,67,False,nan,nan,nan,nan,alarm,persistent,world,decayed,world,decayed,0.11181466281414032,0.002940675299916884,1.0,0.0,0.0,nan,alarm
stiff_medium,body_only,90158,True,False,m,1.4010988441285952,0.0,,0.0,76,False,nan,nan,nan,nan,alarm,persistent,world,decayed,world,decayed,0.10875508934259415,-0.03554738725507063,1.0,0.0,0.0,nan,alarm
stiff_medium,body_only,90159,True,False,l,1.3983826888544335,0.0,,0.0,76,False,nan,nan,nan,nan,alarm,persistent,world,decayed,world,decayed,0.10312645137310028,-0.10635256316897193,1.0,0.0,0.0,nan,alarm
stiff_medium,body_only,90160,True,False,m,1.6346395142175347,0.0,,0.0,78,False,nan,nan,nan,nan,alarm,persistent,world,decayed,world,decayed,0.08858004957437515,-0.2893390203431515,1.0,0.0,0.0,nan,alarm
stiff_medium,body_only,90161,True,False,l,1.4627355647267428,0.0,,0.0,75,False,nan,nan,nan,nan,alarm,persistent,world,decayed,world,decayed,0.10336583852767944,-0.1033412389929258,1.0,0.0,0.0,nan,alarm
stiff_medium,body_only,90162,True,False,m,1.3110427449584228,0.0,,0.0,70,False,nan,nan,nan,nan,alarm,persistent,world,decayed,world,decayed,0.0910542905330658,-0.25821431796113326,1.0,0.0,0.0,nan,alarm
stiff_medium,body_only,90163,True,False,l,1.4308898612160117,0.0,,0.0,78,False,nan,nan,nan,nan,alarm,persistent,world,decayed,world,decayed,0.10384134203195572,-0.09735960828457212,1.0,0.0,0.0,nan,alarm
stiff_medium,body_only,90164,True,False,m,1.439856144676443,0.0,,0.0,68,False,nan,nan,nan,nan,alarm,persistent,world,decayed,world,decayed,0.10151437669992447,-0.12663179343074413,1.0,0.0,0.0,nan,alarm
stiff_medium,body_only,90165,True,False,l,1.2997648895781109,0.0,,0.0,62,False,nan,nan,nan,nan,alarm,persistent,world,decayed,world,decayed,0.11972571909427643,0.10245748718164796,1.0,0.0,0.0,nan,alarm
stiff_medium,body_only,90166,True,False,m,1.679679815459025,0.0,,0.0,64,False,nan,nan,nan,nan,alarm,persistent,world,decayed,world,decayed,0.09617476165294647,-0.19380151827635092,1.0,0.0,0.0,nan,alarm
stiff_medium,body_only,90167,True,False,l,1.3590101711106688,0.0,,0.0,72,False,nan,nan,nan,nan,alarm,persistent,world,decayed,world,decayed,0.11035068333148956,-0.015475634893560181,1.0,0.0,0.0,nan,alarm
stiff_medium,body_only,90168,True,False,m,1.6457533914678304,0.0,,0.0,77,False,nan,nan,nan,nan,alarm,persistent,world,decayed,world,decayed,0.12076754868030548,0.11556330810557928,1.0,0.0,0.0,nan,alarm
stiff_medium,body_only,90169,True,False,l,1.372684860076075,0.0,,0.0,63,False,nan,nan,nan,nan,alarm,persistent,world,decayed,world,decayed,0.10588870942592621,-0.07160486599607399,1.0,0.0,0.0,nan,alarm
stiff_medium,body_only,90170,True,False,m,1.5110806219967274,0.0,,0.0,77,False,nan,nan,nan,nan,alarm,persistent,world,decayed,world,decayed,0.10826035588979721,-0.04177093697722002,1.0,0.0,0.0,nan,alarm
stiff_medium,body_only,90171,True,False,l,1.3393346079674444,0.0,,0.0,80,False,nan,nan,nan,nan,alarm,persistent,world,decayed,world,decayed,0.09819008409976959,-0.1684497675645263,1.0,0.0,0.0,nan,alarm
stiff_medium,body_only,90172,True,False,m,1.5992541406103382,0.0,,0.0,69,False,nan,nan,nan,nan,alarm,persistent,world,decayed,world,decayed,0.07819788157939911,-0.41994126346042815,1.0,0.0,0.0,nan,alarm
stiff_medium,body_only,90173,True,False,l,1.2909310796297793,0.0,,0.0,74,False,nan,nan,nan,nan,alarm,persistent,world,decayed,world,decayed,0.09038055688142776,-0.2666895030384249,1.0,0.0,0.0,nan,alarm
stiff_medium,body_only,90174,True,False,m,1.4992846063269814,0.0,,0.0,60,False,nan,nan,nan,nan,alarm,persistent,world,decayed,world,decayed,0.08612693101167679,-0.3201980167290737,1.0,0.0,0.0,nan,alarm
stiff_medium,body_only,90175,True,False,l,1.375063495490151,0.0,,0.0,67,False,nan,nan,nan,nan,alarm,persistent,world,decayed,world,decayed,0.0996699184179306,-0.14983417391997536,1.0,0.0,0.0,nan,alarm
stiff_medium,body_only,90176,True,False,m,1.3570155774731387,0.0,,0.0,71,False,nan,nan,nan,nan,alarm,persistent,world,decayed,world,decayed,0.10974141210317612,-0.023139887578732275,1.0,0.0,0.0,nan,alarm
stiff_medium,body_only,90177,True,False,l,1.2641200458110455,0.0,,0.0,62,False,nan,nan,nan,nan,alarm,persistent,world,decayed,world,decayed,0.10433356463909149,-0.09116774974088536,1.0,0.0,0.0,nan,alarm
stiff_medium,body_only,90178,True,False,m,1.5240608064758356,0.0,,0.0,68,False,nan,nan,nan,nan,alarm,persistent,world,decayed,world,decayed,0.10250274091959,-0.11419881123753026,1.0,0.0,0.0,nan,alarm
stiff_medium,body_only,90179,True,False,l,1.4207768660969622,0.0,,0.0,63,False,nan,nan,nan,nan,alarm,persistent,world,decayed,world,decayed,0.09931280463933945,-0.1543264460615305,1.0,0.0,0.0,nan,alarm
stiff_medium,body_only,90180,True,False,m,1.6834084531201725,0.0,,0.0,70,False,nan,nan,nan,nan,alarm,persistent,world,decayed,world,decayed,0.09007591009140015,-0.27052186764623415,1.0,0.0,0.0,nan,alarm
stiff_medium,body_only,90181,True,False,l,1.3164236438723707,0.0,,0.0,75,False,nan,nan,nan,nan,alarm,persistent,world,decayed,world,decayed,0.09306858479976654,-0.23287549888561387,1.0,0.0,0.0,nan,alarm
stiff_medium,body_only,90182,True,False,m,1.3450601064988406,0.0,,0.0,60,False,nan,nan,nan,nan,alarm,persistent,world,decayed,world,decayed,0.0857352539896965,-0.3251251060618282,1.0,0.0,0.0,nan,alarm
stiff_medium,body_only,90183,True,False,l,1.3429357517410216,0.0,,0.0,67,False,nan,nan,nan,nan,alarm,persistent,world,decayed,world,decayed,0.09180200099945068,-0.24880849908963837,1.0,0.0,0.0,nan,alarm
stiff_medium,body_only,90184,True,False,m,1.6568892806087865,0.0,,0.0,73,False,nan,nan,nan,nan,alarm,persistent,world,decayed,world,decayed,0.10527374595403671,-0.07934086096965942,1.0,0.0,0.0,nan,alarm
stiff_medium,body_only,90185,True,False,l,1.43334245437914,0.0,,0.0,67,False,nan,nan,nan,nan,alarm,persistent,world,decayed,world,decayed,0.09590386599302292,-0.1972090513049911,1.0,0.0,0.0,nan,alarm
stiff_medium,body_only,90186,True,False,m,1.6331529059433587,0.0,,0.0,70,False,nan,nan,nan,nan,alarm,persistent,world,decayed,world,decayed,0.08781345933675766,-0.29898229664989917,1.0,0.0,0.0,nan,alarm
stiff_medium,body_only,90187,True,False,l,1.3141636302230804,0.0,,0.0,65,False,nan,nan,nan,nan,alarm,persistent,world,decayed,world,decayed,0.10411190986633301,-0.09395613645517556,1.0,0.0,0.0,nan,alarm
stiff_medium,body_only,90188,True,False,m,1.68271261290117,0.0,,0.0,72,False,nan,nan,nan,nan,alarm,persistent,world,decayed,world,decayed,0.1191282644867897,0.09494174797789036,1.0,0.0,0.0,nan,alarm
stiff_medium,body_only,90189,True,False,l,1.2673551846296478,0.0,,0.0,69,True,3.0,0.13112208247184753,0.2458180483509503,0.4787499652482552,world,settled,world,settled,world,settled,0.10548637062311172,-0.07666599159854424,1.0,0.0,0.0,0.13112208247184753,world
stiff_medium,body_only,90190,True,False,m,1.4616304439624153,0.0,,0.0,61,False,nan,nan,nan,nan,alarm,persistent,world,decayed,world,decayed,0.10667935758829117,-0.061659076622139,1.0,0.0,0.0,nan,alarm
stiff_medium,body_only,90191,True,False,l,1.3598610545526153,0.0,,0.0,75,False,nan,nan,nan,nan,alarm,persistent,world,decayed,world,decayed,0.09579992294311523,-0.1985166227325014,1.0,0.0,0.0,nan,alarm
stiff_medium,body_only,90192,True,False,m,1.6394540644586693,0.0,,0.0,73,False,nan,nan,nan,nan,alarm,persistent,world,decayed,world,decayed,0.08238749206066132,-0.3672381559317438,1.0,0.0,0.0,nan,alarm
stiff_medium,body_only,90193,True,False,l,1.2806965176607972,0.0,,0.0,79,False,nan,nan,nan,nan,alarm,persistent,world,decayed,world,decayed,0.10903437435626984,-0.032034201539399246,1.0,0.0,0.0,nan,alarm
stiff_medium,body_only,90194,True,False,m,1.3882151295384004,0.0,,0.0,72,False,nan,nan,nan,nan,alarm,persistent,world,decayed,world,decayed,0.12116003036499023,0.12050029884476916,1.0,0.0,0.0,nan,alarm
stiff_medium,body_only,90195,True,False,l,1.4070168029723402,0.0,,0.0,68,False,nan,nan,nan,nan,alarm,persistent,world,decayed,world,decayed,0.10158853232860565,-0.12569898229951654,1.0,0.0,0.0,nan,alarm
stiff_medium,body_only,90196,True,False,m,1.4747105385822876,0.0,,0.0,78,False,nan,nan,nan,nan,alarm,persistent,world,decayed,world,decayed,0.11076702177524567,-0.010238315160654762,1.0,0.0,0.0,nan,alarm
stiff_medium,body_only,90197,True,False,l,1.3111555143573217,0.0,,0.0,62,False,nan,nan,nan,nan,alarm,persistent,world,decayed,world,decayed,0.11316430568695068,0.019918236685957096,1.0,0.0,0.0,nan,alarm
stiff_medium,body_only,90198,True,False,m,1.379640047296776,0.0,,0.0,79,False,nan,nan,nan,nan,alarm,persistent,world,decayed,world,decayed,0.08042188733816147,-0.3919645141778359,1.0,0.0,0.0,nan,alarm
stiff_medium,body_only,90199,True,False,l,1.4868269255907973,0.0,,0.0,73,False,nan,nan,nan,nan,alarm,persistent,world,decayed,world,decayed,0.10045989602804184,-0.13989662380724932,1.0,0.0,0.0,nan,alarm
stiff_medium,body_only,90200,True,False,m,1.568789452616487,0.0,,0.0,75,False,nan,nan,nan,nan,alarm,persistent,world,decayed,world,decayed,0.0794125348329544,-0.4046616371681873,1.0,0.0,0.0,nan,alarm
stiff_medium,body_only,90201,True,False,l,1.237480856854104,0.0,,0.0,74,False,nan,nan,nan,nan,alarm,persistent,world,decayed,world,decayed,0.08937418460845947,-0.2793491948111691,1.0,0.0,0.0,nan,alarm
stiff_medium,body_only,90202,True,False,m,1.589816924085751,0.0,,0.0,69,False,nan,nan,nan,nan,alarm,persistent,world,decayed,world,decayed,0.100884810090065,-0.13455157480411378,1.0,0.0,0.0,nan,alarm
stiff_medium,body_only,90203,True,False,l,1.2163108575505985,0.0,,0.0,68,False,nan,nan,nan,nan,alarm,persistent,world,decayed,world,decayed,0.11448433250188828,0.03652367670584483,1.0,0.0,0.0,nan,alarm
stiff_medium,body_only,90204,True,False,m,1.577624770964431,0.0,,0.0,61,False,nan,nan,nan,nan,alarm,persistent,world,decayed,world,decayed,0.09527230262756348,-0.20515382021278133,1.0,0.0,0.0,nan,alarm
stiff_medium,body_only,90205,True,False,l,1.3675497082151145,0.0,,0.0,65,True,3.0,0.12864549458026886,0.21466380283859093,0.44606021832017195,world,settled,world,settled,world,settled,0.14066389203071594,0.36584903787074785,1.0,0.0,0.0,0.12864549458026886,world
stiff_medium,body_only,90206,True,False,m,1.5176465510618466,0.0,,0.0,74,False,nan,nan,nan,nan,alarm,persistent,world,decayed,world,decayed,0.08639754354953766,-0.3167939684940727,1.0,0.0,0.0,nan,alarm
stiff_medium,body_only,90207,True,False,l,1.2488637580931352,0.0,,0.0,80,False,nan,nan,nan,nan,alarm,persistent,world,decayed,world,decayed,0.11046554893255234,-0.014030610645838151,1.0,0.0,0.0,nan,alarm
stiff_medium,body_only,90208,True,False,m,1.4834364114696996,0.0,,0.0,66,False,nan,nan,nan,nan,alarm,persistent,world,decayed,world,decayed,0.09928546845912933,-0.15467028928504795,1.0,0.0,0.0,nan,alarm
stiff_medium,body_only,90209,True,False,l,1.263629522578016,0.0,,0.0,60,False,nan,nan,nan,nan,alarm,persistent,world,decayed,world,decayed,0.11455833911895752,0.03745464790820693,1.0,0.0,0.0,nan,alarm
stiff_medium,body_only,90210,True,False,m,1.3346147837212192,0.0,,0.0,73,False,nan,nan,nan,nan,alarm,persistent,world,decayed,world,decayed,0.11144618690013885,-0.001694664930269113,1.0,0.0,0.0,nan,alarm
stiff_medium,body_only,90211,True,False,l,1.30656153459059,0.0,,0.0,71,False,nan,nan,nan,nan,alarm,persistent,world,decayed,world,decayed,0.08620091527700424,-0.319267356867747,1.0,0.0,0.0,nan,alarm
stiff_medium,body_only,90212,True,False,m,1.6930851814175538,0.0,,0.0,60,False,nan,nan,nan,nan,alarm,persistent,world,decayed,world,decayed,0.1101931780576706,-0.017456937777541155,1.0,0.0,0.0,nan,alarm
stiff_medium,body_only,90213,True,False,l,1.3559979569855254,0.0,,0.0,66,False,nan,nan,nan,nan,alarm,persistent,world,decayed,world,decayed,0.1032223328948021,-0.10514655101145616,1.0,0.0,0.0,nan,alarm
stiff_medium,body_only,90214,True,False,m,1.3935857870234445,0.0,,0.0,60,False,nan,nan,nan,nan,alarm,persistent,world,decayed,world,decayed,0.10058309137821198,-0.13834697959920428,1.0,0.0,0.0,nan,alarm
stiff_medium,body_only,90215,True,False,l,1.3131198647094737,0.0,,0.0,80,False,nan,nan,nan,nan,alarm,persistent,world,decayed,world,decayed,0.10248804092407227,-0.11438364530136287,1.0,0.0,0.0,nan,alarm
stiff_medium,body_only,90216,True,False,m,1.681261135717984,0.0,,0.0,66,False,nan,nan,nan,nan,alarm,persistent,world,decayed,world,decayed,0.10129870474338531,-0.12934484908737723,1.0,0.0,0.0,nan,alarm
stiff_medium,body_only,90217,True,False,l,1.413471960665546,0.0,,0.0,75,False,nan,nan,nan,nan,alarm,persistent,world,decayed,world,decayed,0.08697457611560822,-0.3095350396608934,1.0,0.0,0.0,nan,alarm
stiff_medium,body_only,90218,True,False,m,1.584896311018346,0.0,,0.0,74,False,nan,nan,nan,nan,alarm,persistent,world,decayed,world,decayed,0.110295869410038,-0.01616528691885303,1.0,0.0,0.0,nan,alarm
stiff_medium,body_only,90219,True,False,l,1.3119810143159762,0.0,,0.0,70,False,nan,nan,nan,nan,alarm,persistent,world,decayed,world,decayed,0.09342740476131439,-0.22836176969396554,1.0,0.0,0.0,nan,alarm
stiff_medium,body_only,90220,True,False,m,1.300500753923412,0.0,,0.0,65,False,nan,nan,nan,nan,alarm,persistent,world,decayed,world,decayed,0.10263577848672867,-0.11252510333823822,1.0,0.0,0.0,nan,alarm
stiff_medium,body_only,90221,True,False,l,1.325946290087466,0.0,,0.0,69,False,nan,nan,nan,nan,alarm,persistent,world,decayed,world,decayed,0.08972340077161789,-0.27495615493629166,1.0,0.0,0.0,nan,alarm
stiff_medium,body_only,90222,True,False,m,1.3799548422979533,0.0,,0.0,63,False,nan,nan,nan,nan,alarm,persistent,world,decayed,world,decayed,0.10321269929409027,-0.10526775493424675,1.0,0.0,0.0,nan,alarm
stiff_medium,body_only,90223,True,False,l,1.2088747342560058,0.0,,0.0,66,False,nan,nan,nan,nan,alarm,persistent,world,decayed,world,decayed,0.11835398524999619,0.08520183938035478,1.0,0.0,0.0,nan,alarm
stiff_medium,body_only,90224,True,False,m,1.3689372681649405,0.0,,0.0,67,False,nan,nan,nan,nan,alarm,persistent,world,decayed,world,decayed,0.10998106002807617,-0.020125324342940256,1.0,0.0,0.0,nan,alarm
stiff_medium,body_only,90225,True,False,l,1.4190999555086545,0.0,,0.0,76,False,nan,nan,nan,nan,alarm,persistent,world,decayed,world,decayed,0.10064836591482162,-0.13752583475250318,1.0,0.0,0.0,nan,alarm
stiff_medium,body_only,90226,True,False,m,1.3666051873938825,0.0,,0.0,68,False,nan,nan,nan,nan,alarm,persistent,world,decayed,world,decayed,0.08087551593780518,-0.38625808961404695,1.0,0.0,0.0,nan,alarm
stiff_medium,body_only,90227,True,False,l,1.2089853713110907,0.0,,0.0,76,False,nan,nan,nan,nan,alarm,persistent,world,decayed,world,decayed,0.1001514196395874,-0.1437770917765747,1.0,0.0,0.0,nan,alarm
stiff_medium,body_only,90228,True,False,m,1.3941552835422104,0.0,,0.0,76,False,nan,nan,nan,nan,alarm,persistent,world,decayed,world,decayed,0.10994706302881241,-0.020552997385001423,1.0,0.0,0.0,nan,alarm
stiff_medium,body_only,90229,True,False,l,1.4129882265602367,0.0,,0.0,60,False,nan,nan,nan,nan,alarm,persistent,world,decayed,world,decayed,0.10669714212417603,-0.06143530237643387,1.0,0.0,0.0,nan,alarm
stiff_medium,body_only,90230,True,False,m,1.387380358400205,0.0,,0.0,62,False,nan,nan,nan,nan,alarm,persistent,world,decayed,world,decayed,0.09253399074077606,-0.23960042190138098,1.0,0.0,0.0,nan,alarm
stiff_medium,body_only,90231,True,False,l,1.2736796593502162,0.0,,0.0,79,False,nan,nan,nan,nan,alarm,persistent,world,decayed,world,decayed,0.09751604497432709,-0.17692877074316937,1.0,0.0,0.0,nan,alarm
stiff_medium,body_only,90232,True,False,m,1.3398772042708087,0.0,,0.0,65,False,nan,nan,nan,nan,alarm,persistent,world,decayed,world,decayed,0.10301915556192398,-0.10770256542977459,1.0,0.0,0.0,nan,alarm
stiff_medium,body_only,90233,True,False,l,1.2151805568406018,0.0,,0.0,74,False,nan,nan,nan,nan,alarm,persistent,world,decayed,world,decayed,0.10144639015197754,-0.12748692863476718,1.0,0.0,0.0,nan,alarm
stiff_medium,body_only,90234,True,False,m,1.412785576783788,0.0,,0.0,80,False,nan,nan,nan,nan,alarm,persistent,world,decayed,world,decayed,0.10315489768981934,-0.10599479453668188,1.0,0.0,0.0,nan,alarm
stiff_medium,body_only,90235,True,False,l,1.4243033807217698,0.0,,0.0,60,False,nan,nan,nan,nan,alarm,persistent,world,decayed,world,decayed,0.10243973881006241,-0.11499126233206747,1.0,0.0,0.0,nan,alarm
stiff_medium,body_only,90236,True,False,m,1.6997035312296203,0.0,,0.0,64,False,nan,nan,nan,nan,alarm,persistent,world,decayed,world,decayed,0.11231986433267593,0.009295835291974208,1.0,0.0,0.0,nan,alarm
stiff_medium,body_only,90237,True,False,l,1.376968432617344,0.0,,0.0,75,False,nan,nan,nan,nan,alarm,persistent,world,decayed,world,decayed,0.12454143911600113,0.1630368562890086,1.0,0.0,0.0,nan,alarm
stiff_medium,body_only,90238,True,False,m,1.5968317899030746,0.0,,0.0,62,False,nan,nan,nan,nan,alarm,persistent,world,decayed,world,decayed,0.10314781963825226,-0.1060838486167941,1.0,0.0,0.0,nan,alarm
stiff_medium,body_only,90239,True,False,l,1.3434682340044826,0.0,,0.0,67,False,nan,nan,nan,nan,alarm,persistent,world,decayed,world,decayed,0.09796608984470367,-0.17126748506461328,1.0,0.0,0.0,nan,alarm
stiff_medium,world_only,90240,False,True,,1.0,1.0,short,-0.05,59,False,nan,nan,nan,nan,alarm,persistent,world,decayed,world,decayed,0.13362817466259003,0.2773433350547319,1.0,0.0,0.0,nan,alarm
stiff_medium,world_only,90241,False,True,,1.0,1.0,medium,0.1,75,False,nan,nan,nan,nan,alarm,persistent,world,decayed,world,decayed,0.11815527826547623,0.08270209773072865,1.0,0.0,0.0,nan,alarm
stiff_medium,world_only,90242,False,True,,1.0,-2.0,short,0.2,69,False,nan,nan,nan,nan,alarm,persistent,world,decayed,world,decayed,0.1050921306014061,-0.08162540064961275,1.0,0.0,0.0,nan,alarm
stiff_medium,world_only,90243,False,True,,1.0,2.0,medium,0.05,68,False,nan,nan,nan,nan,alarm,persistent,world,decayed,world,decayed,0.1166626587510109,0.06392565353318229,1.0,0.0,0.0,nan,alarm
stiff_medium,world_only,90244,False,True,,1.0,-4.0,short,0.05,65,False,nan,nan,nan,nan,alarm,persistent,world,decayed,world,decayed,0.11092764139175415,-0.008217799708006398,1.0,0.0,0.0,nan,alarm
stiff_medium,world_only,90245,False,True,,1.0,4.0,medium,0.25,65,False,nan,nan,nan,nan,alarm,persistent,world,decayed,world,decayed,0.10718201100826263,-0.05533586730822197,1.0,0.0,0.0,nan,alarm
stiff_medium,world_only,90246,False,True,,1.0,-1.0,short,0.1,75,True,3.0,0.11325671523809433,0.021080921769759065,0.2429362046367441,world,settled,world,settled,world,settled,0.12437530606985092,0.1609468165965458,1.0,0.0,0.0,0.11325671523809433,world
stiff_medium,world_only,90247,False,True,,1.0,-1.0,medium,-0.15000000000000002,77,False,nan,nan,nan,nan,alarm,persistent,world,decayed,world,decayed,0.11760398000478745,0.07576718382685098,1.0,0.0,0.0,nan,alarm
stiff_medium,world_only,90248,False,True,,1.0,-2.0,short,0.15000000000000002,70,False,nan,nan,nan,nan,alarm,persistent,world,decayed,world,decayed,0.10172029584646225,-0.12404143133049121,1.0,0.0,0.0,nan,alarm
stiff_medium,world_only,90249,False,True,,1.0,2.0,medium,-0.25,60,False,nan,nan,nan,nan,alarm,persistent,world,decayed,world,decayed,0.1165236234664917,0.06217705098088294,1.0,0.0,0.0,nan,alarm
stiff_medium,world_only,90250,False,True,,1.0,4.0,short,0.05,68,False,nan,nan,nan,nan,alarm,persistent,world,decayed,world,decayed,0.11449526250362396,0.036661142998951755,1.0,0.0,0.0,nan,alarm
stiff_medium,world_only,90251,False,True,,1.0,-4.0,medium,0.15000000000000002,77,False,nan,nan,nan,nan,alarm,persistent,world,decayed,world,decayed,0.10802700370550156,-0.04470629833397859,1.0,0.0,0.0,nan,alarm
stiff_medium,world_only,90252,False,True,,1.0,-1.0,short,-0.05,78,False,nan,nan,nan,nan,alarm,persistent,world,decayed,world,decayed,0.12975020706653595,0.22856050497187658,1.0,0.0,0.0,nan,alarm
stiff_medium,world_only,90253,False,True,,1.0,1.0,medium,-0.05,60,False,nan,nan,nan,nan,alarm,persistent,world,decayed,world,decayed,0.10673420131206512,-0.06096908103801781,1.0,0.0,0.0,nan,alarm
stiff_medium,world_only,90254,False,True,,1.0,2.0,short,0.1,75,False,nan,nan,nan,nan,alarm,persistent,world,decayed,world,decayed,0.13471730053424835,0.2910439069802047,1.0,0.0,0.0,nan,alarm
stiff_medium,world_only,90255,False,True,,1.0,2.0,medium,0.25,70,False,nan,nan,nan,nan,alarm,persistent,world,decayed,world,decayed,0.09801150858402252,-0.17069616606387175,1.0,0.0,0.0,nan,alarm
stiff_medium,world_only,90256,False,True,,1.0,-4.0,short,-0.2,70,False,nan,nan,nan,nan,alarm,persistent,world,decayed,world,decayed,0.11031685024499893,-0.015901173360394993,1.0,0.0,0.0,nan,alarm
stiff_medium,world_only,90257,False,True,,1.0,-4.0,medium,-0.05,64,False,nan,nan,nan,nan,alarm,persistent,world,decayed,world,decayed,0.1251005232334137,0.17006987337236626,1.0,0.0,0.0,nan,alarm
stiff_medium,world_only,90258,False,True,,1.0,-1.0,short,0.25,67,False,nan,nan,nan,nan,alarm,persistent,world,decayed,world,decayed,0.10428719222545624,-0.09175117179487562,1.0,0.0,0.0,nan,alarm
stiff_medium,world_only,90259,False,True,,1.0,1.0,medium,-0.25,71,False,nan,nan,nan,nan,alarm,persistent,world,decayed,world,decayed,0.11794067919254303,0.08000260166447375,1.0,0.0,0.0,nan,alarm
stiff_medium,world_only,90260,False,True,,1.0,-2.0,short,-0.05,78,False,nan,nan,nan,nan,alarm,persistent,world,decayed,world,decayed,0.09790556132793427,-0.17202886619831337,1.0,0.0,0.0,nan,alarm
stiff_medium,world_only,90261,False,True,,1.0,-2.0,medium,0.15000000000000002,76,False,nan,nan,nan,nan,alarm,persistent,world,decayed,world,decayed,0.10005350410938263,-0.14500890335689287,1.0,0.0,0.0,nan,alarm
stiff_medium,world_only,90262,False,True,,1.0,-4.0,short,0.1,68,False,nan,nan,nan,nan,alarm,persistent,world,decayed,world,decayed,0.1139131560921669,0.029338520760700742,1.0,0.0,0.0,nan,alarm
stiff_medium,world_only,90263,False,True,,1.0,-4.0,medium,-0.15000000000000002,76,False,nan,nan,nan,nan,alarm,persistent,world,decayed,world,decayed,0.1096726655960083,-0.0240047619286698,1.0,0.0,0.0,nan,alarm
stiff_medium,world_only,90264,False,True,,1.0,1.0,short,-0.15000000000000002,76,False,nan,nan,nan,nan,alarm,persistent,world,decayed,world,decayed,0.10286547988653183,-0.1096355498252493,1.0,0.0,0.0,nan,alarm
stiff_medium,world_only,90265,False,True,,1.0,1.0,medium,-0.05,73,False,nan,nan,nan,nan,alarm,persistent,world,decayed,world,decayed,0.11551196873188019,0.04945061507096529,1.0,0.0,0.0,nan,alarm
stiff_medium,world_only,90266,False,True,,1.0,2.0,short,0.1,80,False,nan,nan,nan,nan,alarm,persistent,world,decayed,world,decayed,0.10942354053258896,-0.02713860187745707,1.0,0.0,0.0,nan,alarm
stiff_medium,world_only,90267,False,True,,1.0,2.0,medium,-0.05,73,False,nan,nan,nan,nan,alarm,persistent,world,decayed,world,decayed,0.10313266515731812,-0.1062745896665164,1.0,0.0,0.0,nan,alarm
stiff_medium,world_only,90268,False,True,,1.0,-4.0,short,-0.1,69,True,3.0,0.15270037949085236,0.5172617861699241,0.7635723690196773,world,settled,world,settled,body,settled,0.11538448184728622,0.04784699200108476,1.0,0.0,0.0,0.15270037949085236,world
stiff_medium,world_only,90269,False,True,,1.0,4.0,medium,0.0,74,False,nan,nan,nan,nan,alarm,persistent,world,decayed,world,decayed,0.10014472901821136,-0.14386121243392186,1.0,0.0,0.0,nan,alarm
stiff_medium,world_only,90270,False,True,,1.0,-1.0,short,0.1,81,False,nan,nan,nan,nan,alarm,persistent,world,decayed,world,decayed,0.11564519256353378,0.051126591688657866,1.0,0.0,0.0,nan,alarm
stiff_medium,world_only,90271,False,True,,1.0,1.0,medium,-0.15000000000000002,77,False,nan,nan,nan,nan,alarm,persistent,world,decayed,world,decayed,0.11579245328903198,0.05297916925964352,1.0,0.0,0.0,nan,alarm
stiff_medium,world_only,90272,False,True,,1.0,-2.0,short,-0.2,58,False,nan,nan,nan,nan,alarm,persistent,world,decayed,world,decayed,0.1136726588010788,0.02631300406108969,1.0,0.0,0.0,nan,alarm
stiff_medium,world_only,90273,False,True,,1.0,2.0,medium,-0.2,71,False,nan,nan,nan,nan,alarm,persistent,world,decayed,world,decayed,0.10742948949337006,-0.052222702395826735,1.0,0.0,0.0,nan,alarm
stiff_medium,world_only,90274,False,True,,1.0,4.0,short,-0.15000000000000002,60,False,nan,nan,nan,nan,alarm,persistent,world,decayed,world,decayed,0.09755321592092514,-0.17646124604858476,1.0,0.0,0.0,nan,alarm
stiff_medium,world_only,90275,False,True,,1.0,4.0,medium,0.2,76,False,nan,nan,nan,nan,alarm,persistent,world,decayed,world,decayed,0.09821230173110962,-0.16817024775037687,1.0,0.0,0.0,nan,alarm
stiff_medium,world_only,90276,False,True,,1.0,1.0,short,-0.1,69,False,nan,nan,nan,nan,alarm,persistent,world,decayed,world,decayed,0.10606870800256729,-0.06934061210299625,1.0,0.0,0.0,nan,alarm
stiff_medium,world_only,90277,False,True,,1.0,-1.0,medium,0.25,75,False,nan,nan,nan,nan,alarm,persistent,world,decayed,world,decayed,0.12091082334518433,0.11736553160932348,1.0,0.0,0.0,nan,alarm
stiff_medium,world_only,90278,False,True,,1.0,2.0,short,0.2,64,False,nan,nan,nan,nan,alarm,persistent,world,decayed,world,decayed,0.11005561053752899,-0.019187368323070393,1.0,0.0,0.0,nan,alarm
stiff_medium,world_only,90279,False,True,,1.0,-2.0,medium,-0.15000000000000002,63,False,nan,nan,nan,nan,alarm,persistent,world,decayed,world,decayed,0.10397522151470184,-0.09567570784715235,1.0,0.0,0.0,nan,alarm
stiff_medium,world_only,90280,False,True,,1.0,4.0,short,0.2,77,False,nan,nan,nan,nan,alarm,persistent,world,decayed,world,decayed,0.11586061865091324,0.053836573182067124,1.0,0.0,0.0,nan,alarm
stiff_medium,world_only,90281,False,True,,1.0,4.0,medium,0.1,77,False,nan,nan,nan,nan,alarm,persistent,world,decayed,world,decayed,0.11395622789859772,0.02988030688221709,1.0,0.0,0.0,nan,alarm
stiff_medium,world_only,90282,False,True,,1.0,1.0,short,0.15000000000000002,68,False,nan,nan,nan,nan,alarm,persistent,world,decayed,world,decayed,0.10525407642126083,-0.07958834223896052,1.0,0.0,0.0,nan,alarm
stiff_medium,world_only,90283,False,True,,1.0,-1.0,medium,-0.05,74,False,nan,nan,nan,nan,alarm,persistent,world,decayed,world,decayed,0.10735652595758438,-0.05314065058050739,1.0,0.0,0.0,nan,alarm
stiff_medium,world_only,90284,False,True,,1.0,2.0,short,-0.2,72,False,nan,nan,nan,nan,alarm,persistent,world,decayed,world,decayed,0.10500375926494598,-0.08273702228895062,1.0,0.0,0.0,nan,alarm
stiff_medium,world_only,90285,False,True,,1.0,-2.0,medium,-0.2,73,False,nan,nan,nan,nan,alarm,persistent,world,decayed,world,decayed,0.10854724794626236,-0.038161894248014236,1.0,0.0,0.0,nan,alarm
stiff_medium,world_only,90286,False,True,,1.0,4.0,short,-0.1,67,False,nan,nan,nan,nan,alarm,persistent,world,decayed,world,decayed,0.10270987451076508,-0.11159306601981914,1.0,0.0,0.0,nan,alarm
stiff_medium,world_only,90287,False,True,,1.0,4.0,medium,0.2,79,False,nan,nan,nan,nan,alarm,persistent,world,decayed,world,decayed,0.09393353015184402,-0.22199506899559074,1.0,0.0,0.0,nan,alarm
stiff_medium,world_only,90288,False,True,,1.0,-1.0,short,-0.05,78,False,nan,nan,nan,nan,alarm,persistent,world,decayed,world,decayed,0.1181764006614685,0.08296792146821338,1.0,0.0,0.0,nan,alarm
stiff_medium,world_only,90289,False,True,,1.0,1.0,medium,-0.05,64,False,nan,nan,nan,nan,alarm,persistent,world,decayed,world,decayed,0.10516829788684845,-0.08066747897057346,1.0,0.0,0.0,nan,alarm
stiff_medium,world_only,90290,False,True,,1.0,2.0,short,0.1,66,False,nan,nan,nan,nan,alarm,persistent,world,decayed,world,decayed,0.11166802793741226,0.0010958704179206524,1.0,0.0,0.0,nan,alarm
stiff_medium,world_only,90291,False,True,,1.0,-2.0,medium,0.15000000000000002,75,False,nan,nan,nan,nan,alarm,persistent,world,decayed,world,decayed,0.09059721976518631,-0.26396408922220094,1.0,0.0,0.0,nan,alarm
stiff_medium,world_only,90292,False,True,,1.0,-4.0,short,0.1,74,False,nan,nan,nan,nan,alarm,persistent,world,decayed,world,decayed,0.12550392746925354,0.17514432044643602,1.0,0.0,0.0,nan,alarm
stiff_medium,world_only,90293,False,True,,1.0,4.0,medium,0.1,69,False,nan,nan,nan,nan,alarm,persistent,world,decayed,world,decayed,0.09964461624622345,-0.15015249332926456,1.0,0.0,0.0,nan,alarm
stiff_medium,world_only,90294,False,True,,1.0,-1.0,short,-0.1,70,False,nan,nan,nan,nan,alarm,persistent,world,decayed,world,decayed,0.11329913139343262,0.021614313105993235,1.0,0.0,0.0,nan,alarm
stiff_medium,world_only,90295,False,True,,1.0,1.0,medium,0.2,64,False,nan,nan,nan,nan,alarm,persistent,world,decayed,world,decayed,0.11337839066982269,0.022611430366136283,1.0,0.0,0.0,nan,alarm
stiff_medium,world_only,90296,False,True,,1.0,-2.0,short,0.25,84,False,nan,nan,nan,nan,alarm,persistent,world,decayed,world,decayed,0.11071521043777466,-0.010890153748160668,1.0,0.0,0.0,nan,alarm
stiff_medium,world_only,90297,False,True,,1.0,2.0,medium,-0.05,62,False,nan,nan,nan,nan,alarm,persistent,world,decayed,world,decayed,0.11057702451944351,-0.01262829430442768,1.0,0.0,0.0,nan,alarm
stiff_medium,world_only,90298,False,True,,1.0,4.0,short,0.05,62,False,nan,nan,nan,nan,alarm,persistent,world,decayed,world,decayed,0.09798060357570648,-0.17108486992804667,1.0,0.0,0.0,nan,alarm
stiff_medium,world_only,90299,False,True,,1.0,-4.0,medium,0.05,67,False,nan,nan,nan,nan,alarm,persistent,world,decayed,world,decayed,0.10498379170894623,-0.08298820889732794,1.0,0.0,0.0,nan,alarm
stiff_medium,world_only,90300,False,True,,1.0,-1.0,short,-0.15000000000000002,67,False,nan,nan,nan,nan,alarm,persistent,world,decayed,world,decayed,0.12121471017599106,0.12118823249014257,1.0,0.0,0.0,nan,alarm
stiff_medium,world_only,90301,False,True,,1.0,-1.0,medium,-0.25,72,False,nan,nan,nan,nan,alarm,persistent,world,decayed,world,decayed,0.08510596305131912,-0.33304126322638206,1.0,0.0,0.0,nan,alarm
stiff_medium,world_only,90302,False,True,,1.0,-2.0,short,0.2,78,False,nan,nan,nan,nan,alarm,persistent,world,decayed,world,decayed,0.10577128827571869,-0.07308195251265545,1.0,0.0,0.0,nan,alarm
stiff_medium,world_only,90303,False,True,,1.0,2.0,medium,-0.15000000000000002,59,False,nan,nan,nan,nan,alarm,persistent,world,decayed,world,decayed,0.11113514006137848,-0.005607752536271704,1.0,0.0,0.0,nan,alarm
stiff_medium,world_only,90304,False,True,,1.0,4.0,short,0.05,80,False,nan,nan,nan,nan,alarm,persistent,world,decayed,world,decayed,0.12216826528310776,0.13318368299665792,1.0,0.0,0.0,nan,alarm
stiff_medium,world_only,90305,False,True,,1.0,-4.0,medium,-0.25,73,False,nan,nan,nan,nan,alarm,persistent,world,decayed,world,decayed,0.10975654423236847,-0.0229495583309815,1.0,0.0,0.0,nan,alarm
stiff_medium,world_only,90306,False,True,,1.0,1.0,short,-0.15000000000000002,64,False,nan,nan,nan,nan,alarm,persistent,world,decayed,world,decayed,0.11255089193582535,0.012201889586947106,1.0,0.0,0.0,nan,alarm
stiff_medium,world_only,90307,False,True,,1.0,1.0,medium,-0.05,72,False,nan,nan,nan,nan,alarm,persistent,world,decayed,world,decayed,0.1304643750190735,0.23754453874941334,1.0,0.0,0.0,nan,alarm
stiff_medium,world_only,90308,False,True,,1.0,-2.0,short,-0.25,62,False,nan,nan,nan,nan,alarm,persistent,world,decayed,world,decayed,0.10023188591003418,-0.14276503278273658,1.0,0.0,0.0,nan,alarm
stiff_medium,world_only,90309,False,True,,1.0,2.0,medium,0.25,65,False,nan,nan,nan,nan,alarm,persistent,world,decayed,world,decayed,0.10888342559337616,-0.03393283122360291,1.0,0.0,0.0,nan,alarm
stiff_medium,world_only,90310,False,True,,1.0,4.0,short,0.15000000000000002,70,False,nan,nan,nan,nan,alarm,persistent,world,decayed,world,decayed,0.09280972182750702,-0.23613192167872915,1.0,0.0,0.0,nan,alarm
stiff_medium,world_only,90311,False,True,,1.0,-4.0,medium,-0.05,66,False,nan,nan,nan,nan,alarm,persistent,world,decayed,world,decayed,0.10853499174118042,-0.03831612287300596,1.0,0.0,0.0,nan,alarm
stiff_medium,world_only,90312,False,True,,1.0,1.0,short,0.2,69,False,nan,nan,nan,nan,alarm,persistent,world,decayed,world,decayed,0.0926576629281044,-0.23804483907543136,1.0,0.0,0.0,nan,alarm
stiff_medium,world_only,90313,False,True,,1.0,-1.0,medium,-0.2,66,False,nan,nan,nan,nan,alarm,persistent,world,decayed,world,decayed,0.09327675402164459,-0.23025700772324043,1.0,0.0,0.0,nan,alarm
stiff_medium,world_only,90314,False,True,,1.0,2.0,short,-0.05,66,False,nan,nan,nan,nan,alarm,persistent,world,decayed,world,decayed,0.10036418586969376,-0.1411005863273566,1.0,0.0,0.0,nan,alarm
stiff_medium,world_only,90315,False,True,,1.0,2.0,medium,0.0,65,False,nan,nan,nan,nan,alarm,persistent,world,decayed,world,decayed,0.10149230062961578,-0.12690961214542668,1.0,0.0,0.0,nan,alarm
stiff_medium,world_only,90316,False,True,,1.0,4.0,short,-0.05,63,False,nan,nan,nan,nan,alarm,persistent,world,decayed,world,decayed,0.11045417934656143,-0.014173612541548974,1.0,0.0,0.0,nan,alarm
stiff_medium,world_only,90317,False,True,,1.0,4.0,medium,0.25,84,False,nan,nan,nan,nan,alarm,persistent,world,decayed,world,decayed,0.10897455364465714,-0.032786573699528275,1.0,0.0,0.0,nan,alarm
stiff_medium,world_only,90318,False,True,,1.0,-1.0,short,0.1,75,False,nan,nan,nan,nan,alarm,persistent,world,decayed,world,decayed,0.11042831093072891,-0.014499192084031021,1.0,0.0,0.0,nan,alarm
stiff_medium,world_only,90319,False,True,,1.0,1.0,medium,-0.25,65,False,nan,nan,nan,nan,alarm,persistent,world,decayed,world,decayed,0.09605880081653595,-0.1952601085580097,1.0,0.0,0.0,nan,alarm
stiff_medium,world_only,90320,False,True,,1.0,2.0,short,0.25,76,False,nan,nan,nan,nan,alarm,persistent,world,decayed,world,decayed,0.12157851457595825,0.12576483558336599,1.0,0.0,0.0,nan,alarm
stiff_medium,world_only,90321,False,True,,1.0,2.0,medium,-0.15000000000000002,57,False,nan,nan,nan,nan,alarm,persistent,world,decayed,world,decayed,0.10443596541881561,-0.08987982120883711,1.0,0.0,0.0,nan,alarm
stiff_medium,world_only,90322,False,True,,1.0,4.0,short,-0.1,74,False,nan,nan,nan,nan,alarm,persistent,world,decayed,world,decayed,0.10884233564138412,-0.0344497955858878,1.0,0.0,0.0,nan,alarm
stiff_medium,world_only,90323,False,True,,1.0,-4.0,medium,-0.05,75,False,nan,nan,nan,nan,alarm,persistent,world,decayed,world,decayed,0.11741290986537933,0.07336367379582434,1.0,0.0,0.0,nan,alarm
stiff_medium,world_only,90324,False,True,,1.0,1.0,short,-0.05,72,False,nan,nan,nan,nan,alarm,persistent,world,decayed,world,decayed,0.10757787525653839,-0.05035605970800272,1.0,0.0,0.0,nan,alarm
stiff_medium,world_only,90325,False,True,,1.0,1.0,medium,0.05,80,False,nan,nan,nan,nan,alarm,persistent,world,decayed,world,decayed,0.10095198452472687,-0.1337065548155155,1.0,0.0,0.0,nan,alarm
stiff_medium,world_only,90326,False,True,,1.0,2.0,short,0.1,73,False,nan,nan,nan,nan,alarm,persistent,world,decayed,world,decayed,0.1091604232788086,-0.030448478675272127,1.0,0.0,0.0,nan,alarm
stiff_medium,world_only,90327,False,True,,1.0,-2.0,medium,0.25,78,False,nan,nan,nan,nan,alarm,persistent,world,decayed,world,decayed,0.09755238145589828,-0.17647164097302995,1.0,0.0,0.0,nan,alarm
stiff_medium,world_only,90328,False,True,,1.0,-4.0,short,0.15000000000000002,74,False,nan,nan,nan,nan,alarm,persistent,world,decayed,world,decayed,0.11785727739334106,0.07895355400834772,1.0,0.0,0.0,nan,alarm
stiff_medium,world_only,90329,False,True,,1.0,4.0,medium,0.15000000000000002,75,False,nan,nan,nan,nan,alarm,persistent,world,decayed,world,decayed,0.08913566172122955,-0.282349584561183,1.0,0.0,0.0,nan,alarm
stiff_medium,world_only,90330,False,True,,1.0,1.0,short,0.1,82,False,nan,nan,nan,nan,alarm,persistent,world,decayed,world,decayed,0.09958045184612274,-0.15095953908400023,1.0,0.0,0.0,nan,alarm
stiff_medium,world_only,90331,False,True,,1.0,1.0,medium,-0.05,61,False,nan,nan,nan,nan,alarm,persistent,world,decayed,world,decayed,0.1128438338637352,0.01588710660131768,1.0,0.0,0.0,nan,alarm
stiff_medium,world_only,90332,False,True,,1.0,-2.0,short,-0.1,70,False,nan,nan,nan,nan,alarm,persistent,world,decayed,world,decayed,0.11905930191278458,0.09407427628806436,1.0,0.0,0.0,nan,alarm
stiff_medium,world_only,90333,False,True,,1.0,2.0,medium,0.1,72,False,nan,nan,nan,nan,alarm,persistent,world,decayed,world,decayed,0.09900380671024323,-0.15821350989173624,1.0,0.0,0.0,nan,alarm
stiff_medium,world_only,90334,False,True,,1.0,4.0,short,0.05,61,False,nan,nan,nan,nan,alarm,persistent,world,decayed,world,decayed,0.1177641749382019,0.07778232242274788,1.0,0.0,0.0,nan,alarm
stiff_medium,world_only,90335,False,True,,1.0,-4.0,medium,0.1,77,False,nan,nan,nan,nan,alarm,persistent,world,decayed,world,decayed,0.10540296137332916,-0.07771546482242601,1.0,0.0,0.0,nan,alarm
stiff_medium,world_only,90336,False,True,,1.0,-1.0,short,-0.15000000000000002,76,False,nan,nan,nan,nan,alarm,persistent,world,decayed,world,decayed,0.0879259780049324,-0.2975669813077074,1.0,0.0,0.0,nan,alarm
stiff_medium,world_only,90337,False,True,,1.0,1.0,medium,-0.25,60,False,nan,nan,nan,nan,alarm,persistent,world,decayed,world,decayed,0.10025046765804291,-0.14253111256825896,1.0,0.0,0.0,nan,alarm
stiff_medium,world_only,90338,False,True,,1.0,2.0,short,-0.1,58,False,nan,nan,nan,nan,alarm,persistent,world,decayed,world,decayed,0.10702577978372574,-0.057301201882469455,1.0,0.0,0.0,nan,alarm
stiff_medium,world_only,90339,False,True,,1.0,2.0,medium,-0.05,61,False,nan,nan,nan,nan,alarm,persistent,world,decayed,world,decayed,0.09947507083415985,-0.15228528017516846,1.0,0.0,0.0,nan,alarm
stiff_medium,world_only,90340,False,True,,1.0,4.0,short,-0.2,57,False,nan,nan,nan,nan,alarm,persistent,world,decayed,world,decayed,0.10976151376962662,-0.02288715363762705,1.0,0.0,0.0,nan,alarm
stiff_medium,world_only,90341,False,True,,1.0,4.0,medium,0.15000000000000002,71,False,nan,nan,nan,nan,alarm,persistent,world,decayed,world,decayed,0.10586640983819962,-0.0718855963205706,1.0,0.0,0.0,nan,alarm
stiff_medium,world_only,90342,False,True,,1.0,1.0,short,-0.2,69,False,nan,nan,nan,nan,alarm,persistent,world,decayed,world,decayed,0.10502475500106812,-0.0824730510745595,1.0,0.0,0.0,nan,alarm
stiff_medium,world_only,90343,False,True,,1.0,1.0,medium,-0.1,70,False,nan,nan,nan,nan,alarm,persistent,world,decayed,world,decayed,0.11107541620731354,-0.0063587692059852985,1.0,0.0,0.0,nan,alarm
stiff_medium,world_only,90344,False,True,,1.0,2.0,short,0.2,65,False,nan,nan,nan,nan,alarm,persistent,world,decayed,world,decayed,0.10452628135681152,-0.088743622079716,1.0,0.0,0.0,nan,alarm
stiff_medium,world_only,90345,False,True,,1.0,-2.0,medium,0.0,75,False,nan,nan,nan,nan,alarm,persistent,world,decayed,world,decayed,0.11030026525259018,-0.016109668171357294,1.0,0.0,0.0,nan,alarm
stiff_medium,world_only,90346,False,True,,1.0,4.0,short,-0.2,59,False,nan,nan,nan,nan,alarm,persistent,world,decayed,world,decayed,0.08869005739688873,-0.2879551864708795,1.0,0.0,0.0,nan,alarm
stiff_medium,world_only,90347,False,True,,1.0,-4.0,medium,-0.2,63,False,nan,nan,nan,nan,alarm,persistent,world,decayed,world,decayed,0.09466034173965454,-0.21285204802504606,1.0,0.0,0.0,nan,alarm
stiff_medium,world_only,90348,False,True,,1.0,-1.0,short,0.25,77,False,nan,nan,nan,nan,alarm,persistent,world,decayed,world,decayed,0.10089081525802612,-0.13447583370181945,1.0,0.0,0.0,nan,alarm
stiff_medium,world_only,90349,False,True,,1.0,1.0,medium,0.05,63,False,nan,nan,nan,nan,alarm,persistent,world,decayed,world,decayed,0.11845926940441132,0.08652612949928491,1.0,0.0,0.0,nan,alarm
stiff_medium,world_only,90350,False,True,,1.0,-2.0,short,0.05,79,True,3.0,0.10908050835132599,-0.03145382728862041,0.18781217183140825,world,settled,world,settled,world,settled,0.10345274209976196,-0.10224829400815098,1.0,0.0,0.0,0.10908050835132599,world
stiff_medium,world_only,90351,False,True,,1.0,2.0,medium,0.25,75,False,nan,nan,nan,nan,alarm,persistent,world,decayed,world,decayed,0.12224535644054413,0.13415353756042142,1.0,0.0,0.0,nan,alarm
stiff_medium,world_only,90352,False,True,,1.0,-4.0,short,0.2,76,False,nan,nan,nan,nan,alarm,persistent,world,decayed,world,decayed,0.11733454465866089,0.07237776598450962,1.0,0.0,0.0,nan,alarm
stiff_medium,world_only,90353,False,True,,1.0,-4.0,medium,-0.05,65,False,nan,nan,nan,nan,alarm,persistent,world,decayed,world,decayed,0.11273318529129028,0.01449506070651602,1.0,0.0,0.0,nan,alarm
stiff_medium,world_only,90354,False,True,,1.0,-1.0,short,-0.25,72,False,nan,nan,nan,nan,alarm,persistent,world,decayed,world,decayed,0.09698399901390076,-0.18362161831007087,1.0,0.0,0.0,nan,alarm
stiff_medium,world_only,90355,False,True,,1.0,1.0,medium,0.0,71,False,nan,nan,nan,nan,alarm,persistent,world,decayed,world,decayed,0.10160776227712631,-0.12545713797242258,1.0,0.0,0.0,nan,alarm
stiff_medium,world_only,90356,False,True,,1.0,2.0,short,0.2,78,False,nan,nan,nan,nan,alarm,persistent,world,decayed,world,decayed,0.11645446717739105,0.06130684868666142,1.0,0.0,0.0,nan,alarm
stiff_medium,world_only,90357,False,True,,1.0,-2.0,medium,-0.1,69,True,3.1500000000000004,0.1269032061100006,0.19274654500453262,0.4230627231098102,world,settled,world,settled,world,settled,0.1214309111237526,0.1239079308699004,1.0,0.0,0.0,0.1269032061100006,world
stiff_medium,world_only,90358,False,True,,1.0,4.0,short,-0.15000000000000002,74,False,nan,nan,nan,nan,alarm,persistent,world,decayed,world,decayed,0.12168619781732559,0.12711937235207932,1.0,0.0,0.0,nan,alarm
stiff_medium,world_only,90359,False,True,,1.0,-4.0,medium,-0.2,57,False,nan,nan,nan,nan,alarm,persistent,world,decayed,world,decayed,0.11297659575939178,0.017557126441985954,1.0,0.0,0.0,nan,alarm
stiff_medium,body_world,90360,True,True,m,1.436507707360915,1.0,short,-0.15000000000000002,74,False,nan,nan,nan,nan,alarm,persistent,world,decayed,world,decayed,0.11389163881540298,0.029067826864480728,1.0,0.0,0.0,nan,alarm
stiff_medium,body_world,90361,True,True,l,1.4256287739373548,-1.0,medium,-0.25,60,False,nan,nan,nan,nan,alarm,persistent,world,decayed,world,decayed,0.08827310800552368,-0.2932001388918196,1.0,0.0,0.0,nan,alarm
stiff_medium,body_world,90362,True,True,m,1.4329806398316671,-2.0,short,0.2,74,False,nan,nan,nan,nan,alarm,persistent,world,decayed,world,decayed,0.08454261720180511,-0.3401279369936458,1.0,0.0,0.0,nan,alarm
stiff_medium,body_world,90363,True,True,l,1.210563351806276,-2.0,medium,-0.15000000000000002,77,False,nan,nan,nan,nan,alarm,persistent,world,decayed,world,decayed,0.09795032441616058,-0.17146572290186196,1.0,0.0,0.0,nan,alarm
stiff_medium,body_world,90364,True,True,m,1.372696280105733,-4.0,short,-0.15000000000000002,58,False,nan,nan,nan,nan,alarm,persistent,world,decayed,world,decayed,0.08941799402236938,-0.2787981598399689,1.0,0.0,0.0,nan,alarm
stiff_medium,body_world,90365,True,True,l,1.2749895656307437,-4.0,medium,-0.2,74,False,nan,nan,nan,nan,alarm,persistent,world,decayed,world,decayed,0.1168362945318222,0.06611015286563329,1.0,0.0,0.0,nan,alarm
stiff_medium,body_world,90366,True,True,m,1.3066897985826524,-1.0,short,-0.15000000000000002,69,False,nan,nan,nan,nan,alarm,persistent,world,decayed,world,decayed,0.11684305965900421,0.06619514281761159,1.0,0.0,0.0,nan,alarm
stiff_medium,body_world,90367,True,True,l,1.3576619828175316,1.0,medium,0.15000000000000002,62,False,nan,nan,nan,nan,alarm,persistent,world,decayed,world,decayed,0.1013093814253807,-0.12921057938510724,1.0,0.0,0.0,nan,alarm
stiff_medium,body_world,90368,True,True,m,1.4143053583788585,2.0,short,0.05,60,False,nan,nan,nan,nan,alarm,persistent,world,decayed,world,decayed,0.1172083392739296,0.07079005850433788,1.0,0.0,0.0,nan,alarm
stiff_medium,body_world,90369,True,True,l,1.3743712386074276,-2.0,medium,0.1,67,False,nan,nan,nan,nan,alarm,persistent,world,decayed,world,decayed,0.11309192329645157,0.01900784562394234,1.0,0.0,0.0,nan,alarm
stiff_medium,body_world,90370,True,True,m,1.5116611087725051,4.0,short,-0.25,61,False,nan,nan,nan,nan,alarm,persistent,world,decayed,world,decayed,0.10317643731832504,-0.10572382356744266,1.0,0.0,0.0,nan,alarm
stiff_medium,body_world,90371,True,True,l,1.462891218935012,4.0,medium,0.2,69,False,nan,nan,nan,nan,alarm,persistent,world,decayed,world,decayed,0.09805016219615936,-0.1702098156342094,1.0,0.0,0.0,nan,alarm
stiff_medium,body_world,90372,True,True,m,1.6331779731038802,-1.0,short,-0.1,65,False,nan,nan,nan,nan,alarm,persistent,world,decayed,world,decayed,0.11948511749505997,0.09943093511932766,1.0,0.0,0.0,nan,alarm
stiff_medium,body_world,90373,True,True,l,1.2018022497580947,-1.0,medium,0.1,66,False,nan,nan,nan,nan,alarm,persistent,world,decayed,world,decayed,0.1029319018125534,-0.10880004550823814,1.0,0.0,0.0,nan,alarm
stiff_medium,body_world,90374,True,True,m,1.3280228263513763,-2.0,short,0.1,73,False,nan,nan,nan,nan,alarm,persistent,world,decayed,world,decayed,0.0928986445069313,-0.23501340601748177,1.0,0.0,0.0,nan,alarm
stiff_medium,body_world,90375,True,True,l,1.308876304017658,2.0,medium,-0.25,65,False,nan,nan,nan,nan,alarm,persistent,world,decayed,world,decayed,0.11036950349807739,-0.015238845538177332,1.0,0.0,0.0,nan,alarm
stiff_medium,body_world,90376,True,True,m,1.5016949779873145,4.0,short,0.2,70,False,nan,nan,nan,nan,alarm,persistent,world,decayed,world,decayed,0.09186367690563202,-0.24803259124599403,1.0,0.0,0.0,nan,alarm
stiff_medium,body_world,90377,True,True,l,1.2414565409093206,-4.0,medium,0.25,66,False,nan,nan,nan,nan,alarm,persistent,world,decayed,world,decayed,0.10098455846309662,-0.13329669762716806,1.0,0.0,0.0,nan,alarm
stiff_medium,body_world,90378,True,True,m,1.4238236120964585,1.0,short,0.25,66,False,nan,nan,nan,nan,alarm,persistent,world,decayed,world,decayed,0.10522563755512238,-0.07994602710498896,1.0,0.0,0.0,nan,alarm
stiff_medium,body_world,90379,True,True,l,1.2836548774066676,-1.0,medium,-0.25,64,False,nan,nan,nan,nan,alarm,persistent,world,decayed,world,decayed,0.11313007771968842,0.019487850319952992,1.0,0.0,0.0,nan,alarm
stiff_medium,body_world,90380,True,True,m,1.3621236417497946,2.0,short,0.2,70,False,nan,nan,nan,nan,alarm,persistent,world,decayed,world,decayed,0.1019628494977951,-0.12099021420456882,1.0,0.0,0.0,nan,alarm
stiff_medium,body_world,90381,True,True,l,1.3983378082528164,-2.0,medium,-0.2,74,False,nan,nan,nan,nan,alarm,persistent,world,decayed,world,decayed,0.10818900913000107,-0.042668333138899915,1.0,0.0,0.0,nan,alarm
stiff_medium,body_world,90382,True,True,m,1.3509200717074077,-4.0,short,-0.2,74,False,nan,nan,nan,nan,alarm,persistent,world,decayed,world,decayed,0.09529130905866623,-0.20491478469145302,1.0,0.0,0.0,nan,alarm
stiff_medium,body_world,90383,True,True,l,1.2311925915846564,4.0,medium,-0.2,58,False,nan,nan,nan,nan,alarm,persistent,world,decayed,world,decayed,0.09014691412448883,-0.26962864969296413,1.0,0.0,0.0,nan,alarm
stiff_medium,body_world,90384,True,True,m,1.524037917146982,-1.0,short,0.25,63,False,nan,nan,nan,nan,alarm,persistent,world,decayed,world,decayed,0.10366709530353546,-0.0995517420623921,1.0,0.0,0.0,nan,alarm
stiff_medium,body_world,90385,True,True,l,1.3531822605860213,1.0,medium,-0.2,58,False,nan,nan,nan,nan,alarm,persistent,world,decayed,world,decayed,0.09641554951667786,-0.19077244356084405,1.0,0.0,0.0,nan,alarm
stiff_medium,body_world,90386,True,True,m,1.3095845696334245,2.0,short,0.1,61,False,nan,nan,nan,nan,alarm,persistent,world,decayed,world,decayed,0.10018698126077652,-0.1433299322417918,1.0,0.0,0.0,nan,alarm
stiff_medium,body_world,90387,True,True,l,1.3723802328668413,-2.0,medium,-0.2,61,False,nan,nan,nan,nan,alarm,persistent,world,decayed,world,decayed,0.10387303680181503,-0.09696095820194078,1.0,0.0,0.0,nan,alarm
stiff_medium,body_world,90388,True,True,m,1.6369604542264304,4.0,short,0.25,64,False,nan,nan,nan,nan,alarm,persistent,world,decayed,world,decayed,0.11527422815561295,0.046460000785105315,1.0,0.0,0.0,nan,alarm
stiff_medium,body_world,90389,True,True,l,1.4434986184388112,4.0,medium,0.1,68,False,nan,nan,nan,nan,alarm,persistent,world,decayed,world,decayed,0.09345397353172302,-0.2280276360345709,1.0,0.0,0.0,nan,alarm
stiff_medium,body_world,90390,True,True,m,1.628686273513856,1.0,short,-0.25,63,False,nan,nan,nan,nan,alarm,persistent,world,decayed,world,decayed,0.11866521835327148,0.08911695033697575,1.0,0.0,0.0,nan,alarm
stiff_medium,body_world,90391,True,True,l,1.4997252692437577,-1.0,medium,-0.25,60,False,nan,nan,nan,nan,alarm,persistent,world,decayed,world,decayed,0.1035524383187294,-0.10099403892749784,1.0,0.0,0.0,nan,alarm
stiff_medium,body_world,90392,True,True,m,1.4793682183432437,2.0,short,-0.2,56,False,nan,nan,nan,nan,alarm,persistent,world,decayed,world,decayed,0.10535061359405518,-0.07837386851746451,1.0,0.0,0.0,nan,alarm
stiff_medium,body_world,90393,True,True,l,1.373838534697687,-2.0,medium,0.2,80,False,nan,nan,nan,nan,alarm,persistent,world,decayed,world,decayed,0.1078634262084961,-0.046764137806850424,1.0,0.0,0.0,nan,alarm
stiff_medium,body_world,90394,True,True,m,1.374879786515465,4.0,short,-0.2,58,False,nan,nan,nan,nan,alarm,persistent,world,decayed,world,decayed,0.09381753951311111,-0.22345403036764636,1.0,0.0,0.0,nan,alarm
stiff_medium,body_world,90395,True,True,l,1.2278138310881848,-4.0,medium,-0.2,72,False,nan,nan,nan,nan,alarm,persistent,world,decayed,world,decayed,0.10432634502649307,-0.0912588019099374,1.0,0.0,0.0,nan,alarm
stiff_medium,body_world,90396,True,True,m,1.5997246997728216,1.0,short,-0.15000000000000002,76,False,nan,nan,nan,nan,alarm,persistent,world,decayed,world,decayed,0.10867174714803696,-0.036595707960632454,1.0,0.0,0.0,nan,alarm
stiff_medium,body_world,90397,True,True,l,1.2083810902658325,1.0,medium,0.15000000000000002,74,False,nan,nan,nan,nan,alarm,persistent,world,decayed,world,decayed,0.08730378746986389,-0.3053938301644739,1.0,0.0,0.0,nan,alarm
stiff_medium,body_world,90398,True,True,m,1.605681322392905,2.0,short,-0.05,61,False,nan,nan,nan,nan,alarm,persistent,world,decayed,world,decayed,0.09210328757762909,-0.24501857190512455,1.0,0.0,0.0,nan,alarm
stiff_medium,body_world,90399,True,True,l,1.216354811034764,-2.0,medium,-0.25,60,False,nan,nan,nan,nan,alarm,persistent,world,decayed,world,decayed,0.11332837492227554,0.021982237958171755,1.0,0.0,0.0,nan,alarm
stiff_medium,body_world,90400,True,True,m,1.3999353886758357,4.0,short,-0.05,71,False,nan,nan,nan,nan,alarm,persistent,world,decayed,world,decayed,0.08990494906902313,-0.2726724611198474,1.0,0.0,0.0,nan,alarm
stiff_medium,body_world,90401,True,True,l,1.3909618610188579,-4.0,medium,0.2,64,False,nan,nan,nan,nan,alarm,persistent,world,decayed,world,decayed,0.11361125856637955,0.025540742392938225,1.0,0.0,0.0,nan,alarm
stiff_medium,body_world,90402,True,True,m,1.4765881692612393,-1.0,short,-0.15000000000000002,72,False,nan,nan,nan,nan,alarm,persistent,world,decayed,world,decayed,0.09515991806983948,-0.2065676500218298,1.0,0.0,0.0,nan,alarm
stiff_medium,body_world,90403,True,True,l,1.2287348099119875,1.0,medium,-0.1,60,False,nan,nan,nan,nan,alarm,persistent,world,decayed,world,decayed,0.10842175781726837,-0.039740453046549294,1.0,0.0,0.0,nan,alarm
stiff_medium,body_world,90404,True,True,m,1.5959684874168683,-2.0,short,-0.2,61,False,nan,nan,nan,nan,alarm,persistent,world,decayed,world,decayed,0.11166906356811523,0.0011088301715723129,1.0,0.0,0.0,nan,alarm
stiff_medium,body_world,90405,True,True,l,1.4263406910614387,-2.0,medium,-0.15000000000000002,77,False,nan,nan,nan,nan,alarm,persistent,world,decayed,world,decayed,0.09004712849855423,-0.270884055827492,1.0,0.0,0.0,nan,alarm
stiff_medium,body_world,90406,True,True,m,1.5761825745829299,-4.0,short,0.25,68,False,nan,nan,nan,nan,alarm,persistent,world,decayed,world,decayed,0.10207439959049225,-0.11958696764760968,1.0,0.0,0.0,nan,alarm
stiff_medium,body_world,90407,True,True,l,1.3075505965528191,-4.0,medium,0.25,60,False,nan,nan,nan,nan,alarm,persistent,world,decayed,world,decayed,0.10350880771875381,-0.10154283974120268,1.0,0.0,0.0,nan,alarm
stiff_medium,body_world,90408,True,True,m,1.5508532757037867,1.0,short,-0.25,74,False,nan,nan,nan,nan,alarm,persistent,world,decayed,world,decayed,0.11213846504688263,0.0070137757962986606,1.0,0.0,0.0,nan,alarm
stiff_medium,body_world,90409,True,True,l,1.386472676208235,1.0,medium,0.05,62,False,nan,nan,nan,nan,alarm,persistent,world,decayed,world,decayed,0.11804231256246567,0.08128113812410413,1.0,0.0,0.0,nan,alarm
stiff_medium,body_world,90410,True,True,m,1.305798982810204,2.0,short,0.0,73,False,nan,nan,nan,nan,alarm,persistent,world,decayed,world,decayed,0.1252693235874176,0.1721933404894418,1.0,0.0,0.0,nan,alarm
stiff_medium,body_world,90411,True,True,l,1.201605261104429,-2.0,medium,0.15000000000000002,64,False,nan,nan,nan,nan,alarm,persistent,world,decayed,world,decayed,0.14058318734169006,0.3648340098608464,1.0,0.0,0.0,nan,alarm
stiff_medium,body_world,90412,True,True,m,1.6785527327767333,-4.0,short,-0.2,66,False,nan,nan,nan,nan,alarm,persistent,world,decayed,world,decayed,0.10401537269353867,-0.09517050883706836,1.0,0.0,0.0,nan,alarm
stiff_medium,body_world,90413,True,True,l,1.497413653722908,4.0,medium,-0.05,68,False,nan,nan,nan,nan,alarm,persistent,world,decayed,world,decayed,0.07841554284095764,-0.417203323366312,1.0,0.0,0.0,nan,alarm
stiff_medium,body_world,90414,True,True,m,1.6384059842206313,-1.0,short,-0.1,67,False,nan,nan,nan,nan,alarm,persistent,world,decayed,world,decayed,0.08209092915058136,-0.37096884806794983,1.0,0.0,0.0,nan,alarm
stiff_medium,body_world,90415,True,True,l,1.4445958942354706,1.0,medium,-0.15000000000000002,61,False,nan,nan,nan,nan,alarm,persistent,world,decayed,world,decayed,0.10778932273387909,-0.0476961077607934,1.0,0.0,0.0,nan,alarm
stiff_medium,body_world,90416,True,True,m,1.4228738912776615,-2.0,short,-0.05,70,False,nan,nan,nan,nan,alarm,persistent,world,decayed,world,decayed,0.0994679182767868,-0.1523752896592856,1.0,0.0,0.0,nan,alarm
stiff_medium,body_world,90417,True,True,l,1.412003609654068,-2.0,medium,-0.15000000000000002,63,False,nan,nan,nan,nan,alarm,persistent,world,decayed,world,decayed,0.09394706785678864,-0.2218246834403323,1.0,0.0,0.0,nan,alarm
stiff_medium,body_world,90418,True,True,m,1.6633408277228265,4.0,short,0.25,65,False,nan,nan,nan,nan,alarm,persistent,world,decayed,world,decayed,0.0963730439543724,-0.191307183943935,1.0,0.0,0.0,nan,alarm
stiff_medium,body_world,90419,True,True,l,1.4868039659450991,-4.0,medium,0.25,75,False,nan,nan,nan,nan,alarm,persistent,world,decayed,world,decayed,0.12587817013263702,0.17985197966352887,1.0,0.0,0.0,nan,alarm
stiff_medium,body_world,90420,True,True,m,1.5449902128447706,1.0,short,-0.05,63,False,nan,nan,nan,nan,alarm,persistent,world,decayed,world,decayed,0.0984799861907959,-0.16480288562329917,1.0,0.0,0.0,nan,alarm
stiff_medium,body_world,90421,True,True,l,1.3429074718778478,1.0,medium,-0.05,68,False,nan,nan,nan,nan,alarm,persistent,world,decayed,world,decayed,0.1084793359041214,-0.039016183881417345,1.0,0.0,0.0,nan,alarm
stiff_medium,body_world,90422,True,True,m,1.4859152920245902,2.0,short,-0.2,56,False,nan,nan,nan,nan,alarm,persistent,world,decayed,world,decayed,0.104100301861763,-0.09410219786965889,1.0,0.0,0.0,nan,alarm
stiff_medium,body_world,90423,True,True,l,1.4537628318674107,-2.0,medium,0.0,61,False,nan,nan,nan,nan,alarm,persistent,world,decayed,world,decayed,0.11017382144927979,-0.01770035491870835,1.0,0.0,0.0,nan,alarm
stiff_medium,body_world,90424,True,True,m,1.5039422662674549,-4.0,short,-0.2,72,False,nan,nan,nan,nan,alarm,persistent,world,decayed,world,decayed,0.099825419485569,-0.14787811221231198,1.0,0.0,0.0,nan,alarm
stiff_medium,body_world,90425,True,True,l,1.484051795950852,4.0,medium,0.0,66,False,nan,nan,nan,nan,alarm,persistent,world,decayed,world,decayed,0.09103937447071075,-0.25840197078895855,1.0,0.0,0.0,nan,alarm
stiff_medium,body_world,90426,True,True,m,1.499613542769097,-1.0,short,-0.2,68,False,nan,nan,nan,nan,alarm,persistent,world,decayed,world,decayed,0.0832170769572258,-0.35680248593670827,1.0,0.0,0.0,nan,alarm
stiff_medium,body_world,90427,True,True,l,1.2434438593395136,1.0,medium,0.05,67,False,nan,nan,nan,nan,alarm,persistent,world,decayed,world,decayed,0.091518834233284,-0.2523706658087942,1.0,0.0,0.0,nan,alarm
stiff_medium,body_world,90428,True,True,m,1.5747146197091175,2.0,short,0.25,64,False,nan,nan,nan,nan,alarm,persistent,world,decayed,world,decayed,0.10231129825115204,-0.11660694422895368,1.0,0.0,0.0,nan,alarm
stiff_medium,body_world,90429,True,True,l,1.4646053079069046,-2.0,medium,0.1,67,False,nan,nan,nan,nan,alarm,persistent,world,decayed,world,decayed,0.1098305955529213,-0.02201796386077065,1.0,0.0,0.0,nan,alarm
stiff_medium,body_world,90430,True,True,m,1.6725099978259204,-4.0,short,0.1,62,False,nan,nan,nan,nan,alarm,persistent,world,decayed,world,decayed,0.08011696487665176,-0.39580034761683236,1.0,0.0,0.0,nan,alarm
stiff_medium,body_world,90431,True,True,l,1.3236542402011626,-4.0,medium,0.1,67,False,nan,nan,nan,nan,alarm,persistent,world,decayed,world,decayed,0.1030721664428711,-0.10703567117474215,1.0,0.0,0.0,nan,alarm
stiff_medium,body_world,90432,True,True,m,1.3642720743548598,-1.0,short,0.15000000000000002,61,True,3.0,0.15156355500221252,0.5029611994413227,0.748566948301155,world,settled,world,settled,body,settled,0.12251947075128555,0.13760152852187033,1.0,0.0,0.0,0.15156355500221252,world
stiff_medium,body_world,90433,True,True,l,1.3743791243103016,-1.0,medium,0.05,77,False,nan,nan,nan,nan,alarm,persistent,world,decayed,world,decayed,0.1027921587228775,-0.11055805360585062,1.0,0.0,0.0,nan,alarm
stiff_medium,body_world,90434,True,True,m,1.4747028802268096,2.0,short,-0.05,62,False,nan,nan,nan,nan,alarm,persistent,world,decayed,world,decayed,0.09307520091533661,-0.23279245049499328,1.0,0.0,0.0,nan,alarm
stiff_medium,body_world,90435,True,True,l,1.3038106075252267,-2.0,medium,-0.2,60,False,nan,nan,nan,nan,alarm,persistent,world,decayed,world,decayed,0.11049552261829376,-0.01365357401604026,1.0,0.0,0.0,nan,alarm
stiff_medium,body_world,90436,True,True,m,1.6168586909623586,4.0,short,-0.05,79,False,nan,nan,nan,nan,alarm,persistent,world,decayed,world,decayed,0.09542427957057953,-0.2032419578023532,1.0,0.0,0.0,nan,alarm
stiff_medium,body_world,90437,True,True,l,1.3291113567705524,-4.0,medium,0.15000000000000002,77,False,nan,nan,nan,nan,alarm,persistent,world,decayed,world,decayed,0.0932820588350296,-0.23019019094958842,1.0,0.0,0.0,nan,alarm
stiff_medium,body_world,90438,True,True,m,1.329008599029527,-1.0,short,0.05,80,False,nan,nan,nan,nan,alarm,persistent,world,decayed,world,decayed,0.11707379668951035,0.06909773867895769,1.0,0.0,0.0,nan,alarm
stiff_medium,body_world,90439,True,True,l,1.445391509411858,1.0,medium,0.0,66,False,nan,nan,nan,nan,alarm,persistent,world,decayed,world,decayed,0.09137320518493652,-0.2542025413975975,1.0,0.0,0.0,nan,alarm
stiff_medium,body_world,90440,True,True,m,1.5564106744089927,2.0,short,0.25,74,False,nan,nan,nan,nan,alarm,persistent,world,decayed,world,decayed,0.09430436789989471,-0.21733007580167857,1.0,0.0,0.0,nan,alarm
stiff_medium,body_world,90441,True,True,l,1.3070596772413094,2.0,medium,0.2,71,False,nan,nan,nan,nan,alarm,persistent,world,decayed,world,decayed,0.11283119022846222,0.01572783530595389,1.0,0.0,0.0,nan,alarm
stiff_medium,body_world,90442,True,True,m,1.6269524228642334,4.0,short,0.25,74,False,nan,nan,nan,nan,alarm,persistent,world,decayed,world,decayed,0.09739308804273605,-0.17847549133295032,1.0,0.0,0.0,nan,alarm
stiff_medium,body_world,90443,True,True,l,1.378277312801848,-4.0,medium,-0.1,72,False,nan,nan,nan,nan,alarm,persistent,world,decayed,world,decayed,0.10083429515361786,-0.13518683352959857,1.0,0.0,0.0,nan,alarm
stiff_medium,body_world,90444,True,True,m,1.453510197141481,1.0,short,0.0,71,False,nan,nan,nan,nan,alarm,persistent,world,decayed,world,decayed,0.09504325687885284,-0.2080351113263282,1.0,0.0,0.0,nan,alarm
stiff_medium,body_world,90445,True,True,l,1.3665797638238526,-1.0,medium,0.0,62,False,nan,nan,nan,nan,alarm,persistent,world,decayed,world,decayed,0.12291087210178375,0.14252516527877862,1.0,0.0,0.0,nan,alarm
stiff_medium,body_world,90446,True,True,m,1.33490869903924,-2.0,short,-0.25,64,False,nan,nan,nan,nan,alarm,persistent,world,decayed,world,decayed,0.09642932564020157,-0.19059913819487884,1.0,0.0,0.0,nan,alarm
stiff_medium,body_world,90447,True,True,l,1.360545744961593,2.0,medium,0.25,71,False,nan,nan,nan,nan,alarm,persistent,world,decayed,world,decayed,0.09333937615156174,-0.22946911281040192,1.0,0.0,0.0,nan,alarm
stiff_medium,body_world,90448,True,True,m,1.3926898559008811,4.0,short,0.0,79,False,nan,nan,nan,nan,alarm,persistent,world,decayed,world,decayed,0.08516550064086914,-0.332292317867865,1.0,0.0,0.0,nan,alarm
stiff_medium,body_world,90449,True,True,l,1.4996288562259714,4.0,medium,-0.15000000000000002,69,False,nan,nan,nan,nan,alarm,persistent,world,decayed,world,decayed,0.09703697264194489,-0.18295529636019664,1.0,0.0,0.0,nan,alarm
stiff_medium,body_world,90450,True,True,m,1.6497126455801099,-1.0,short,-0.15000000000000002,68,False,nan,nan,nan,nan,alarm,persistent,world,decayed,world,decayed,0.0920565128326416,-0.24560693323966049,1.0,0.0,0.0,nan,alarm
stiff_medium,body_world,90451,True,True,l,1.4011624978174013,-1.0,medium,-0.1,69,False,nan,nan,nan,nan,alarm,persistent,world,decayed,world,decayed,0.10485724359750748,-0.08458022389641484,1.0,0.0,0.0,nan,alarm
stiff_medium,body_world,90452,True,True,m,1.3459971515369575,2.0,short,0.0,75,False,nan,nan,nan,nan,alarm,persistent,world,decayed,world,decayed,0.09340552240610123,-0.22863705140389917,1.0,0.0,0.0,nan,alarm
stiff_medium,body_world,90453,True,True,l,1.3128410648573021,-2.0,medium,-0.2,60,False,nan,nan,nan,nan,alarm,persistent,world,decayed,world,decayed,0.11447477340698242,0.036403279399433594,1.0,0.0,0.0,nan,alarm
stiff_medium,body_world,90454,True,True,m,1.4532800695650452,4.0,short,0.25,80,False,nan,nan,nan,nan,alarm,persistent,world,decayed,world,decayed,0.0990733653306961,-0.15733860350685752,1.0,0.0,0.0,nan,alarm
stiff_medium,body_world,90455,True,True,l,1.4639866887179158,4.0,medium,0.1,63,False,nan,nan,nan,nan,alarm,persistent,world,decayed,world,decayed,0.08749229460954666,-0.3030224582605646,1.0,0.0,0.0,nan,alarm
stiff_medium,body_world,90456,True,True,m,1.437503394575647,1.0,short,-0.05,71,False,nan,nan,nan,nan,alarm,persistent,world,decayed,world,decayed,0.09271634370088577,-0.23730651797346733,1.0,0.0,0.0,nan,alarm
stiff_medium,body_world,90457,True,True,l,1.433005966120608,-1.0,medium,0.1,79,False,nan,nan,nan,nan,alarm,persistent,world,decayed,world,decayed,0.11656171083450317,0.0626560047910659,1.0,0.0,0.0,nan,alarm
stiff_medium,body_world,90458,True,True,m,1.5714723561915191,-2.0,short,0.1,75,True,3.0,0.1711483746767044,0.7493280945320075,1.0070765452925863,world,settled,body,settled,body,settled,0.12426193058490753,0.15952064444391378,1.0,0.0,0.0,0.1711483746767044,world
stiff_medium,body_world,90459,True,True,l,1.423809978213943,-2.0,medium,-0.15000000000000002,75,True,3.1500000000000004,0.1444610208272934,0.41361508963887844,0.6548172307131634,world,settled,world,settled,body,settled,0.15982775390148163,0.6069205819541188,1.0,0.0,0.0,0.1444610208272934,world
stiff_medium,body_world,90460,True,True,m,1.501503010941712,-4.0,short,0.1,65,False,nan,nan,nan,nan,alarm,persistent,world,decayed,world,decayed,0.09930408000946045,-0.1544361335877929,1.0,0.0,0.0,nan,alarm
stiff_medium,body_world,90461,True,True,l,1.4979893620177673,-4.0,medium,-0.05,68,False,nan,nan,nan,nan,alarm,persistent,world,decayed,world,decayed,0.099184051156044,-0.1559462017518885,1.0,0.0,0.0,nan,alarm
stiff_medium,body_world,90462,True,True,m,1.32405485767968,-1.0,short,0.15000000000000002,61,False,nan,nan,nan,nan,alarm,persistent,world,decayed,world,decayed,0.1004229411482811,-0.14036155701972608,1.0,0.0,0.0,nan,alarm
stiff_medium,body_world,90463,True,True,l,1.2959566174498844,1.0,medium,-0.05,60,False,nan,nan,nan,nan,alarm,persistent,world,decayed,world,decayed,0.09626076370477676,-0.1927195493078502,1.0,0.0,0.0,nan,alarm
stiff_medium,body_world,90464,True,True,m,1.5484915809048363,-2.0,short,0.25,68,False,nan,nan,nan,nan,alarm,persistent,world,decayed,world,decayed,0.07493041455745697,-0.4610444533473178,1.0,0.0,0.0,nan,alarm
stiff_medium,body_world,90465,True,True,l,1.428408630737959,-2.0,medium,-0.25,69,False,nan,nan,nan,nan,alarm,persistent,world,decayed,world,decayed,0.09525571018457413,-0.20536268875014171,1.0,0.0,0.0,nan,alarm
stiff_medium,body_world,90466,True,True,m,1.3278826334953207,4.0,short,0.1,72,False,nan,nan,nan,nan,alarm,persistent,world,decayed,world,decayed,0.10403076559305191,-0.09497693672201438,1.0,0.0,0.0,nan,alarm
stiff_medium,body_world,90467,True,True,l,1.224242705022093,-4.0,medium,0.2,67,False,nan,nan,nan,nan,alarm,persistent,world,decayed,world,decayed,0.1137031763792038,0.026697090529759337,1.0,0.0,0.0,nan,alarm
stiff_medium,body_world,90468,True,True,m,1.377155487281401,1.0,short,0.25,65,False,nan,nan,nan,nan,alarm,persistent,world,decayed,world,decayed,0.10366269201040268,-0.09960701373639125,1.0,0.0,0.0,nan,alarm
stiff_medium,body_world,90469,True,True,l,1.2775926055522053,-1.0,medium,-0.2,67,False,nan,nan,nan,nan,alarm,persistent,world,decayed,world,decayed,0.11111773550510406,-0.005826313357302262,1.0,0.0,0.0,nan,alarm
stiff_medium,body_world,90470,True,True,m,1.5219750255884492,2.0,short,-0.05,70,False,nan,nan,nan,nan,alarm,persistent,world,decayed,world,decayed,0.12028086185455322,0.10944094978480681,1.0,0.0,0.0,nan,alarm
stiff_medium,body_world,90471,True,True,l,1.2543795609592172,2.0,medium,0.0,63,False,nan,nan,nan,nan,alarm,persistent,world,decayed,world,decayed,0.1178828701376915,0.07927550231267723,1.0,0.0,0.0,nan,alarm
stiff_medium,body_world,90472,True,True,m,1.523888147333015,4.0,short,0.25,77,False,nan,nan,nan,nan,alarm,persistent,world,decayed,world,decayed,0.10136334598064423,-0.12853159349949828,1.0,0.0,0.0,nan,alarm
stiff_medium,body_world,90473,True,True,l,1.4189126139922845,-4.0,medium,-0.25,63,False,nan,nan,nan,nan,alarm,persistent,world,decayed,world,decayed,0.09630007296800613,-0.19222502756723311,1.0,0.0,0.0,nan,alarm
stiff_medium,body_world,90474,True,True,m,1.3393605416224226,1.0,short,0.0,80,False,nan,nan,nan,nan,alarm,persistent,world,decayed,world,decayed,0.10037902742624283,-0.14091391994977318,1.0,0.0,0.0,nan,alarm
stiff_medium,body_world,90475,True,True,l,1.4134205728523153,1.0,medium,0.1,66,False,nan,nan,nan,nan,alarm,persistent,world,decayed,world,decayed,0.09329614043235779,-0.230012983130232,1.0,0.0,0.0,nan,alarm
stiff_medium,body_world,90476,True,True,m,1.3814810158500825,-2.0,short,0.0,70,False,nan,nan,nan,nan,alarm,persistent,world,decayed,world,decayed,0.11123275756835938,-0.0043794895994005035,1.0,0.0,0.0,nan,alarm
stiff_medium,body_world,90477,True,True,l,1.4674729887667173,2.0,medium,0.1,78,False,nan,nan,nan,nan,alarm,persistent,world,decayed,world,decayed,0.11010695993900299,-0.018541503500152257,1.0,0.0,0.0,nan,alarm
stiff_medium,body_world,90478,True,True,m,1.5027032697774165,4.0,short,0.0,80,False,nan,nan,nan,nan,alarm,persistent,world,decayed,world,decayed,0.1030605286359787,-0.10718205066670843,1.0,0.0,0.0,nan,alarm
stiff_medium,body_world,90479,True,True,l,1.3850046666885212,-4.0,medium,0.0,66,False,nan,nan,nan,nan,alarm,persistent,world,decayed,world,decayed,0.11218533664941788,0.007603303414938695,1.0,0.0,0.0,nan,alarm
stiff_medium,calib,90480,False,False,,1.0,0.0,,0.0,64,False,nan,nan,nan,nan,alarm,persistent,world,decayed,world,decayed,0.10934294760227203,-0.0281524319712394,1.0,0.0,0.0,nan,alarm
stiff_medium,calib,90481,False,False,,1.0,0.0,,0.0,76,False,nan,nan,nan,nan,alarm,persistent,world,decayed,world,decayed,0.10436941683292389,-0.09071689980436656,1.0,0.0,0.0,nan,alarm
stiff_medium,calib,90482,False,False,,1.0,0.0,,0.0,79,False,nan,nan,nan,nan,alarm,persistent,world,decayed,world,decayed,0.090041384100914,-0.2709561498756264,1.0,0.0,0.0,nan,alarm
stiff_medium,calib,90483,False,False,,1.0,0.0,,0.0,70,False,nan,nan,nan,nan,alarm,persistent,world,decayed,world,decayed,0.10568337142467499,-0.0741880268338284,1.0,0.0,0.0,nan,alarm
stiff_medium,calib,90484,False,False,,1.0,0.0,,0.0,69,False,nan,nan,nan,nan,alarm,persistent,world,decayed,world,decayed,0.10399863868951797,-0.09538097947740452,1.0,0.0,0.0,nan,alarm
stiff_medium,calib,90485,False,False,,1.0,0.0,,0.0,78,False,nan,nan,nan,nan,alarm,persistent,world,decayed,world,decayed,0.10768858343362808,-0.04896351180140942,1.0,0.0,0.0,nan,alarm
stiff_medium,calib,90486,False,False,,1.0,0.0,,0.0,79,False,nan,nan,nan,nan,alarm,persistent,world,decayed,world,decayed,0.11208416521549225,0.006330746284787617,1.0,0.0,0.0,nan,alarm
stiff_medium,calib,90487,False,False,,1.0,0.0,,0.0,74,False,nan,nan,nan,nan,alarm,persistent,world,decayed,world,decayed,0.10588108003139496,-0.07170085129500212,1.0,0.0,0.0,nan,alarm
stiff_medium,calib,90488,False,False,,1.0,0.0,,0.0,62,False,nan,nan,nan,nan,alarm,persistent,world,decayed,world,decayed,0.11913981288671494,0.09508707892714122,1.0,0.0,0.0,nan,alarm
stiff_medium,calib,90489,False,False,,1.0,0.0,,0.0,65,False,nan,nan,nan,nan,alarm,persistent,world,decayed,world,decayed,0.11913962662220001,0.09508470008246664,1.0,0.0,0.0,nan,alarm
stiff_medium,calib,90490,False,False,,1.0,0.0,,0.0,70,False,nan,nan,nan,nan,alarm,persistent,world,decayed,world,decayed,0.11397205293178558,0.030079368616297775,1.0,0.0,0.0,nan,alarm
stiff_medium,calib,90491,False,False,,1.0,0.0,,0.0,63,False,nan,nan,nan,nan,alarm,persistent,world,decayed,world,decayed,0.1253199428319931,0.17283011052230404,1.0,0.0,0.0,nan,alarm
stiff_medium,calib,90492,False,False,,1.0,0.0,,0.0,66,False,nan,nan,nan,nan,alarm,persistent,world,decayed,world,decayed,0.1007779985666275,-0.13589502982361443,1.0,0.0,0.0,nan,alarm
stiff_medium,calib,90493,False,False,,1.0,0.0,,0.0,80,False,nan,nan,nan,nan,alarm,persistent,world,decayed,world,decayed,0.12419463694095612,0.1586742531488927,1.0,0.0,0.0,nan,alarm
stiff_medium,calib,90494,False,False,,1.0,0.0,,0.0,79,False,nan,nan,nan,nan,alarm,persistent,world,decayed,world,decayed,0.11369355767965317,0.026576157822207402,1.0,0.0,0.0,nan,alarm
stiff_medium,calib,90495,False,False,,1.0,0.0,,0.0,75,False,nan,nan,nan,nan,alarm,persistent,world,decayed,world,decayed,0.0954984650015831,-0.20230892290390928,1.0,0.0,0.0,nan,alarm
stiff_medium,calib,90496,False,False,,1.0,0.0,,0.0,76,False,nan,nan,nan,nan,alarm,persistent,world,decayed,world,decayed,0.12240022420883179,0.1361013005504034,1.0,0.0,0.0,nan,alarm
stiff_medium,calib,90497,False,False,,1.0,0.0,,0.0,68,False,nan,nan,nan,nan,alarm,persistent,world,decayed,world,decayed,0.10832466930150986,-0.040961790622385134,1.0,0.0,0.0,nan,alarm
stiff_medium,calib,90498,False,False,,1.0,0.0,,0.0,70,False,nan,nan,nan,nan,alarm,persistent,world,decayed,world,decayed,0.12585215270519257,0.17952491400212556,1.0,0.0,0.0,nan,alarm
stiff_medium,calib,90499,False,False,,1.0,0.0,,0.0,79,False,nan,nan,nan,nan,alarm,persistent,world,decayed,world,decayed,0.09381289780139923,-0.22351237620486933,1.0,0.0,0.0,nan,alarm
stiff_medium,calib,90500,False,False,,1.0,0.0,,0.0,72,False,nan,nan,nan,nan,alarm,persistent,world,decayed,world,decayed,0.12444785982370377,0.16185963219392324,1.0,0.0,0.0,nan,alarm
stiff_medium,calib,90501,False,False,,1.0,0.0,,0.0,76,False,nan,nan,nan,nan,alarm,persistent,world,decayed,world,decayed,0.08465059846639633,-0.33876952090977436,1.0,0.0,0.0,nan,alarm
stiff_medium,calib,90502,False,False,,1.0,0.0,,0.0,76,False,nan,nan,nan,nan,alarm,persistent,world,decayed,world,decayed,0.10356603562831879,-0.1008229864639257,1.0,0.0,0.0,nan,alarm
stiff_medium,calib,90503,False,False,,1.0,0.0,,0.0,63,False,nan,nan,nan,nan,alarm,persistent,world,decayed,world,decayed,0.11476429551839828,0.040045334529501334,1.0,0.0,0.0,nan,alarm
stiff_medium,calib,90504,False,False,,1.0,0.0,,0.0,72,False,nan,nan,nan,nan,alarm,persistent,world,decayed,world,decayed,0.11757925897836685,0.07545628212505098,1.0,0.0,0.0,nan,alarm
stiff_medium,calib,90505,False,False,,1.0,0.0,,0.0,75,False,nan,nan,nan,nan,alarm,persistent,world,decayed,world,decayed,0.12022028863430023,0.10867900308239631,1.0,0.0,0.0,nan,alarm
stiff_medium,calib,90506,False,False,,1.0,0.0,,0.0,78,False,nan,nan,nan,nan,alarm,persistent,world,decayed,world,decayed,0.10225798189640045,-0.1172777180920332,1.0,0.0,0.0,nan,alarm
stiff_medium,calib,90507,False,False,,1.0,0.0,,0.0,72,False,nan,nan,nan,nan,alarm,persistent,world,decayed,world,decayed,0.11195647716522217,0.004724302107802286,1.0,0.0,0.0,nan,alarm
stiff_medium,calib,90508,False,False,,1.0,0.0,,0.0,68,False,nan,nan,nan,nan,alarm,persistent,world,decayed,world,decayed,0.11570563167333603,0.05188688181073359,1.0,0.0,0.0,nan,alarm
stiff_medium,calib,90509,False,False,,1.0,0.0,,0.0,69,False,nan,nan,nan,nan,alarm,persistent,world,decayed,world,decayed,0.1195557489991188,0.1003194353626008,1.0,0.0,0.0,nan,alarm
stiff_medium,calib,90510,False,False,,1.0,0.0,,0.0,60,False,nan,nan,nan,nan,alarm,persistent,world,decayed,world,decayed,0.10749074071645737,-0.0514523585650218,1.0,0.0,0.0,nan,alarm
stiff_medium,calib,90511,False,False,,1.0,0.0,,0.0,67,False,nan,nan,nan,nan,alarm,persistent,world,decayed,world,decayed,0.1233043298125267,0.14747474145944403,1.0,0.0,0.0,nan,alarm
stiff_medium,calib,90512,False,False,,1.0,0.0,,0.0,65,False,nan,nan,nan,nan,alarm,persistent,world,decayed,world,decayed,0.11783162504434586,0.07863088285390042,1.0,0.0,0.0,nan,alarm
stiff_medium,calib,90513,False,False,,1.0,0.0,,0.0,79,False,nan,nan,nan,nan,alarm,persistent,world,decayed,world,decayed,0.09725938737392426,-0.18015736556408374,1.0,0.0,0.0,nan,alarm
stiff_medium,calib,90514,False,False,,1.0,0.0,,0.0,62,False,nan,nan,nan,nan,alarm,persistent,world,decayed,world,decayed,0.12166187912225723,0.12681345562151308,1.0,0.0,0.0,nan,alarm
stiff_medium,calib,90515,False,False,,1.0,0.0,,0.0,75,False,nan,nan,nan,nan,alarm,persistent,world,decayed,world,decayed,0.10127375274896622,-0.1296587511443663,1.0,0.0,0.0,nan,alarm
stiff_medium,calib,90516,False,False,,1.0,0.0,,0.0,71,False,nan,nan,nan,nan,alarm,persistent,world,decayed,world,decayed,0.11547930538654327,0.04903965486254348,1.0,0.0,0.0,nan,alarm
stiff_medium,calib,90517,False,False,,1.0,0.0,,0.0,77,False,nan,nan,nan,nan,alarm,persistent,world,decayed,world,decayed,0.11361140012741089,0.025542430019509853,1.0,0.0,0.0,nan,alarm
stiff_medium,calib,90518,False,False,,1.0,0.0,,0.0,72,False,nan,nan,nan,nan,alarm,persistent,world,decayed,world,decayed,0.1131768673658371,0.02007641257636116,1.0,0.0,0.0,nan,alarm
stiff_medium,calib,90519,False,False,,1.0,0.0,,0.0,76,False,nan,nan,nan,nan,alarm,persistent,world,decayed,world,decayed,0.10563312470912933,-0.074820021604,1.0,0.0,0.0,nan,alarm
stiff_medium,calib,90520,False,False,,1.0,0.0,,0.0,76,False,nan,nan,nan,nan,alarm,persistent,world,decayed,world,decayed,0.10035878419876099,-0.14116864670781584,1.0,0.0,0.0,nan,alarm
stiff_medium,calib,90521,False,False,,1.0,0.0,,0.0,64,False,nan,nan,nan,nan,alarm,persistent,world,decayed,world,decayed,0.10505406558513641,-0.08210427772287077,1.0,0.0,0.0,nan,alarm
stiff_medium,calib,90522,False,False,,1.0,0.0,,0.0,80,False,nan,nan,nan,nan,alarm,persistent,world,decayed,world,decayed,0.10375609248876572,-0.09843223057845406,1.0,0.0,0.0,nan,alarm
stiff_medium,calib,90523,False,False,,1.0,0.0,,0.0,64,False,nan,nan,nan,nan,alarm,persistent,world,decayed,world,decayed,0.11218966543674469,0.007657752656550965,1.0,0.0,0.0,nan,alarm
stiff_medium,calib,90524,False,False,,1.0,0.0,,0.0,60,False,nan,nan,nan,nan,alarm,persistent,world,decayed,world,decayed,0.09396737813949585,-0.22156923998284142,1.0,0.0,0.0,nan,alarm
stiff_medium,calib,90525,False,False,,1.0,0.0,,0.0,74,False,nan,nan,nan,nan,alarm,persistent,world,decayed,world,decayed,0.0874551311135292,-0.30348996538180784,1.0,0.0,0.0,nan,alarm
stiff_medium,calib,90526,False,False,,1.0,0.0,,0.0,64,False,nan,nan,nan,nan,alarm,persistent,world,decayed,world,decayed,0.12040968984365463,0.11106146200752068,1.0,0.0,0.0,nan,alarm
stiff_medium,calib,90527,False,False,,1.0,0.0,,0.0,77,False,nan,nan,nan,nan,alarm,persistent,world,decayed,world,decayed,0.11490168422460556,0.041773608240238236,1.0,0.0,0.0,nan,alarm
stiff_medium,calib,90528,False,False,,1.0,0.0,,0.0,69,False,nan,nan,nan,nan,alarm,persistent,world,decayed,world,decayed,0.1072932705283165,-0.053936360944133274,1.0,0.0,0.0,nan,alarm
stiff_medium,calib,90529,False,False,,1.0,0.0,,0.0,61,False,nan,nan,nan,nan,alarm,persistent,world,decayed,world,decayed,0.09175652265548706,-0.24938077144416168,1.0,0.0,0.0,nan,alarm
