config,cell,seed,has_body,has_push,param,factor,torque,duration_name,offset_s,onset,settled,settle_time_s,raw_settled_score,z_settled_score,z_mad_settled_score,old_verdict,old_path,new_verdict,new_path,new_mad_verdict,new_mad_path,raw_late_block_median,z_late_block_median,old_late_frac_above_alarm,new_late_frac_above_alarm,new_mad_late_frac_above_alarm,logged_settled_score,logged_verdict
rigid_medium,neither,90000,False,False,,1.0,0.0,,0.0,79,True,3.0,0.15537230670452118,0.30408689228838803,0.5134397739785085,world,settled,world,settled,world,settled,0.12723231315612793,-0.006902517268508129,1.0,0.0,0.0,0.15537230670452118,world
rigid_medium,neither,90001,False,False,,1.0,0.0,,0.0,75,True,3.0,0.11172709614038467,-0.1782585656792608,0.027728085551328264,world,settled,world,settled,world,settled,0.11027592420578003,-0.19429614470830395,1.0,0.0,0.0,0.11172709614038467,world
rigid_medium,neither,90002,False,False,,1.0,0.0,,0.0,65,True,3.0,0.18704786896705627,0.6541494607798477,0.8659453866851304,body,settled,body,settled,body,settled,0.1404513716697693,0.13918811220551838,1.0,0.0,0.0,0.18704786896705627,body
rigid_medium,neither,90003,False,False,,1.0,0.0,,0.0,61,True,3.0,0.12185591459274292,-0.0663197996501004,0.140448058654351,world,settled,world,settled,world,settled,0.14304956793785095,0.1679021565178293,1.0,0.0,0.0,0.12185591459274292,world
rigid_medium,neither,90004,False,False,,1.0,0.0,,0.0,76,True,3.0,0.10743137449026108,-0.22573278472398473,-0.020077450311147375,world,settled,world,settled,world,settled,0.1404692828655243,0.13938599309176017,1.0,0.0,0.0,0.10743137449026108,world
rigid_medium,neither,90005,False,False,,1.0,0.0,,0.0,79,True,3.0,0.1280672252178192,0.002324459868753681,0.20957137813624066,world,settled,world,settled,world,settled,0.13935956358909607,0.12712191920423552,1.0,0.0,0.0,0.1280672252178192,world
rigid_medium,neither,90006,False,False,,1.0,0.0,,0.0,74,True,3.0,0.13684353232383728,0.09931594925169485,0.3072397593619119,world,settled,world,settled,world,settled,0.13284842669963837,0.05516410612691739,1.0,0.0,0.0,0.13684353232383728,world
rigid_medium,neither,90007,False,False,,1.0,0.0,,0.0,79,True,3.0,0.12463030964136124,-0.03565852726932313,0.17132331233693437,world,settled,world,settled,world,settled,0.12950602173805237,0.018225338032200868,1.0,0.0,0.0,0.12463030964136124,world
rigid_medium,neither,90008,False,False,,1.0,0.0,,0.0,62,True,3.0,0.12250272929668427,-0.0591713645996685,0.1476463817661449,world,settled,world,settled,world,settled,0.12396959960460663,-0.04296038261084049,1.0,0.0,0.0,0.12250272929668427,world
rigid_medium,neither,90009,False,False,,1.0,0.0,,0.0,74,True,3.0,0.1104227676987648,-0.19267333144121673,0.013212720887126283,world,settled,world,settled,world,settled,0.11619069427251816,-0.12892911747693486,1.0,0.0,0.0,0.1104227676987648,world
rigid_medium,neither,90010,False,False,,1.0,0.0,,0.0,72,True,3.0,0.1478860080242157,0.22135204083535162,0.4301275260300236,world,settled,world,settled,world,settled,0.13259626924991608,0.05237734480039673,1.0,0.0,0.0,0.1478860080242157,world
rigid_medium,neither,90011,False,False,,1.0,0.0,,0.0,71,True,3.0,0.12202437967061996,-0.06445796681218449,0.14232288499786763,world,settled,world,settled,world,settled,0.10749378055334091,-0.22504313704861217,1.0,0.0,0.0,0.12202437967061996,world
rigid_medium,neither,90012,False,False,,1.0,0.0,,0.0,62,True,3.0,0.11792421340942383,-0.10977102957821398,0.09669358786168283,world,settled,world,settled,world,settled,0.13148926198482513,0.04014318766378333,1.0,0.0,0.0,0.11792421340942383,world
rigid_medium,neither,90013,False,False,,1.0,0.0,,0.0,68,True,3.0,0.12791123986244202,0.0006006607776690709,0.2078355488603359,world,settled,world,settled,world,settled,0.12496624886989594,-0.03194578555873627,1.0,0.0,0.0,0.12791123986244202,world
rigid_medium,neither,90014,False,False,,1.0,0.0,,0.0,80,True,3.0,0.1368924379348755,0.09985647582124886,0.30778405820084787,world,settled,world,settled,world,settled,0.14588238298892975,0.19920870886880843,1.0,0.0,0.0,0.1368924379348755,world
rigid_medium,neither,90015,False,False,,1.0,0.0,,0.0,76,True,3.0,0.13592633605003357,0.08917949411235793,0.29703256313135473,world,settled,world,settled,world,settled,0.11419849097728729,-0.150945757795484,1.0,0.0,0.0,0.13592633605003357,world
rigid_medium,neither,90016,False,False,,1.0,0.0,,0.0,76,True,3.0,0.11937990039587021,-0.09368357737548408,0.11289331244249064,world,settled,world,settled,world,settled,0.13146176934242249,0.03983931853190344,1.0,0.0,0.0,0.11937990039587021,world
rigid_medium,neither,90017,False,False,,1.0,0.0,,0.0,74,True,3.0,0.13876934349536896,0.12059909357595044,0.3286714361695058,world,settled,world,settled,world,settled,0.12441802024841309,-0.03800473120670405,1.0,0.0,0.0,0.13876934349536896,world
rigid_medium,neither,90018,False,False,,1.0,0.0,,0.0,66,True,3.0,0.11381499469280243,-0.1551840134071305,0.05096367232563006,world,settled,world,settled,world,settled,0.12376643717288971,-0.04520580168566118,1.0,0.0,0.0,0.11381499469280243,world
rigid_medium,neither,90019,False,False,,1.0,0.0,,0.0,66,True,3.0,0.11755361407995224,-0.11386674229037079,0.09256929166717448,world,settled,world,settled,world,settled,0.1321173459291458,0.04708441423245517,1.0,0.0,0.0,0.11755361407995224,world
rigid_medium,neither,90020,False,False,,1.0,0.0,,0.0,73,True,3.0,0.11121758073568344,-0.18388945111489247,0.022057902849070665,world,settled,world,settled,world,settled,0.12315893173217773,-0.05191960269174871,1.0,0.0,0.0,0.11121758073568344,world
rigid_medium,neither,90021,False,False,,1.0,0.0,,0.0,74,True,3.0,0.14387109875679016,0.17698123221279674,0.3854470589147183,world,settled,world,settled,world,settled,0.13881543278694153,0.12110856838703916,1.0,0.0,0.0,0.14387109875679016,world
rigid_medium,neither,90022,False,False,,1.0,0.0,,0.0,66,True,3.0,0.11320589482784271,-0.16191550622445822,0.04418520123622467,world,settled,world,settled,world,settled,0.15533402562141418,0.3036637895965776,1.0,0.0,0.0,0.11320589482784271,world
rigid_medium,neither,90023,False,False,,1.0,0.0,,0.0,75,True,3.0,0.1365462690591812,0.09603067400374318,0.30393155657639365,world,settled,world,settled,world,settled,0.1273762583732605,-0.005311645290857414,1.0,0.0,0.0,0.1365462690591812,world
rigid_medium,neither,90024,False,False,,1.0,0.0,,0.0,73,True,3.0,0.11037985980510712,-0.19314751815726877,0.012735224879485196,world,settled,world,settled,world,settled,0.10411353409290314,-0.26239987045284063,1.0,0.0,0.0,0.11037985980510712,world
rigid_medium,neither,90025,False,False,,1.0,0.0,,0.0,68,True,3.0,0.14609642326831818,0.2015744145569295,0.41021187409613846,world,settled,world,settled,world,settled,0.11661496013402939,-0.12424027647469926,1.0,0.0,0.0,0.14609642326831818,world
rigid_medium,neither,90026,False,False,,1.0,0.0,,0.0,73,True,3.0,0.11513648182153702,-0.14057962946468408,0.06566997849261007,world,settled,world,settled,world,settled,0.14938926696777344,0.23796517290601313,1.0,0.0,0.0,0.11513648182153702,world
rigid_medium,neither,90027,False,False,,1.0,0.0,,0.0,61,True,3.0,0.13092157244682312,0.03386929896319515,0.24133636483743715,world,settled,world,settled,world,settled,0.09569046646356583,-0.35548744371580254,1.0,0.0,0.0,0.13092157244682312,world
rigid_medium,neither,90028,False,False,,1.0,0.0,,0.0,71,True,3.0,0.12604954838752747,-0.019973887472036805,0.18711741333336807,world,settled,world,settled,world,settled,0.12873828411102295,0.009740814597342457,1.0,0.0,0.0,0.12604954838752747,world
rigid_medium,neither,90029,False,False,,1.0,0.0,,0.0,60,True,3.0,0.12437058985233307,-0.03852887337226822,0.16843293443660937,world,settled,world,settled,world,settled,0.1472378373146057,0.21418854268308127,1.0,0.0,0.0,0.12437058985233307,world
rigid_medium,neither,90030,False,False,,1.0,0.0,,0.0,72,True,3.0,0.13398286700248718,0.0677013478481352,0.27540452348890154,world,settled,world,settled,world,settled,0.14200767874717712,0.15638767445208107,1.0,0.0,0.0,0.13398286700248718,world
rigid_medium,neither,90031,False,False,,1.0,0.0,,0.0,65,True,3.0,0.10206781327724457,-0.2850081438157428,-0.07976648494598004,world,settled,world,settled,world,settled,0.11028977483510971,-0.19414303113429046,1.0,0.0,0.0,0.10206781327724457,world
rigid_medium,neither,90032,False,False,,1.0,0.0,,0.0,78,True,3.0,0.11916361004114151,-0.09607392103873552,0.11048628686067836,world,settled,world,settled,world,settled,0.14353638887405396,0.1732820110127343,1.0,0.0,0.0,0.11916361004114151,world
rigid_medium,neither,90033,False,False,,1.0,0.0,,0.0,74,True,3.0,0.16597923636436462,0.4213094237831184,0.6314803873055496,world,settled,world,settled,body,settled,0.14834396541118622,0.22641312365983782,1.0,0.0,0.0,0.16597923636436462,world
rigid_medium,neither,90034,False,False,,1.0,0.0,,0.0,63,True,3.0,0.13729342818260193,0.1042881177046622,0.3122466279755624,world,settled,world,settled,world,settled,0.12992018461227417,0.02280240793689,1.0,0.0,0.0,0.13729342818260193,world
rigid_medium,neither,90035,False,False,,1.0,0.0,,0.0,66,True,3.0,0.10652561485767365,-0.2357427897035592,-0.030157313901610982,world,settled,world,settled,world,settled,0.1162458285689354,-0.12831967219886706,1.0,0.0,0.0,0.10652561485767365,world
rigid_medium,neither,90036,False,False,,1.0,0.0,,0.0,61,True,3.0,0.1337333470582962,0.06494361219767666,0.27262754193575534,world,settled,world,settled,world,settled,0.12232188880443573,-0.06117008356852584,1.0,0.0,0.0,0.1337333470582962,world
rigid_medium,neither,90037,False,False,,1.0,0.0,,0.0,69,True,3.0,0.11570233106613159,-0.1343261681339528,0.0719670819716425,world,settled,world,settled,world,settled,0.11715153604745865,-0.11831036968372746,1.0,0.0,0.0,0.11570233106613159,world
rigid_medium,neither,90038,False,False,,1.0,0.0,,0.0,63,True,3.0,0.15574702620506287,0.30822816522272045,0.5176099483544581,world,settled,world,settled,world,settled,0.1326437145471573,0.05290163183316858,1.0,0.0,0.0,0.15574702620506287,world
rigid_medium,neither,90039,False,False,,1.0,0.0,,0.0,63,True,3.0,0.14012496173381805,0.1355806748026692,0.3437575720348643,world,settled,world,settled,world,settled,0.09878767281770706,-0.3212587252581861,1.0,0.0,0.0,0.14012496173381805,world
rigid_medium,neither,90040,False,False,,1.0,0.0,,0.0,66,True,3.0,0.12941807508468628,0.01725338816966463,0.22460449361740703,world,settled,world,settled,world,settled,0.148322194814682,0.2261724068525941,1.0,0.0,0.0,0.12941807508468628,world
rigid_medium,neither,90041,False,False,,1.0,0.0,,0.0,71,True,3.0,0.13571088016033173,0.08679849528459438,0.2946349476015041,world,settled,world,settled,world,settled,0.13790905475616455,0.1110915675821695,1.0,0.0,0.0,0.13571088016033173,world
rigid_medium,neither,90042,False,False,,1.0,0.0,,0.0,64,True,3.0,0.143550843000412,0.17344183325075752,0.38188295891652824,world,settled,world,settled,world,settled,0.11239854246377945,-0.17083816007243083,1.0,0.0,0.0,0.143550843000412,world
rigid_medium,neither,90043,False,False,,1.0,0.0,,0.0,79,True,3.0,0.11764617264270782,-0.11284381512415131,0.09359935771804176,world,settled,world,settled,world,settled,0.13997326791286469,0.13390409032756403,1.0,0.0,0.0,0.11764617264270782,world
rigid_medium,neither,90044,False,False,,1.0,0.0,,0.0,65,True,3.0,0.13129451870918274,0.03799102498835944,0.24548685588870994,world,settled,world,settled,world,settled,0.1266743242740631,-0.013069040841703267,1.0,0.0,0.0,0.13129451870918274,world
rigid_medium,neither,90045,False,False,,1.0,0.0,,0.0,64,True,3.0,0.13504135608673096,0.07939922279279665,0.28718403648425894,world,settled,world,settled,world,settled,0.1293780356645584,0.016810779481449788,1.0,0.0,0.0,0.13504135608673096,world
rigid_medium,neither,90046,False,False,,1.0,0.0,,0.0,73,True,3.0,0.11573870480060577,-0.13392423297278566,0.07237182218955873,world,settled,world,settled,world,settled,0.1177690252661705,-0.11148609495213768,1.0,0.0,0.0,0.11573870480060577,world
rigid_medium,neither,90047,False,False,,1.0,0.0,,0.0,66,True,3.0,0.11943851411342621,-0.09303568747972786,0.1135457238832629,world,settled,world,settled,world,settled,0.13353577256202698,0.06276006145572294,1.0,0.0,0.0,0.11943851411342621,world
rigid_medium,neither,90048,False,False,,1.0,0.0,,0.0,76,True,3.0,0.11736252158880234,-0.11597855031385718,0.09044274559158058,world,settled,world,settled,world,settled,0.12565776705741882,-0.024303625052771227,1.0,0.0,0.0,0.11736252158880234,world
rigid_medium,neither,90049,False,False,,1.0,0.0,,0.0,76,True,3.0,0.13626274466514587,0.0928973625267546,0.3007763780985682,world,settled,world,settled,world,settled,0.1481519341468811,0.22429080517306485,1.0,0.0,0.0,0.13626274466514587,world
rigid_medium,neither,90050,False,False,,1.0,0.0,,0.0,60,True,3.0,0.12902285158634186,0.01288569538052951,0.2202063192299449,world,settled,world,settled,world,settled,0.12670090794563293,-0.01277543746846609,1.0,0.0,0.0,0.12902285158634186,world
rigid_medium,neither,90051,False,False,,1.0,0.0,,0.0,76,True,3.0,0.13928934931755066,0.12634602922398291,0.33445847898452363,world,settled,world,settled,world,settled,0.13488511741161346,0.07767252146861267,1.0,0.0,0.0,0.13928934931755066,world
rigid_medium,neither,90052,False,False,,1.0,0.0,,0.0,68,True,3.0,0.10492368042469025,-0.25344654772811676,-0.04798462430657561,world,settled,world,settled,world,settled,0.1321980506181717,0.047976408203521316,1.0,0.0,0.0,0.10492368042469025,world
rigid_medium,neither,90053,False,False,,1.0,0.0,,0.0,72,True,3.0,0.12315903604030609,-0.051918346489781275,0.15495001780988377,world,settled,world,settled,world,settled,0.1239614337682724,-0.04305071696403848,1.0,0.0,0.0,0.12315903604030609,world
rigid_medium,neither,90054,False,False,,1.0,0.0,,0.0,65,True,3.6,0.14865179359912872,0.22981504081138734,0.43864958825662625,world,settled,world,settled,world,settled,0.11285145580768585,-0.16583275746095993,1.0,0.0,0.0,0.14865179359912872,world
rigid_medium,neither,90055,False,False,,1.0,0.0,,0.0,68,True,3.0,0.09862978011369705,-0.3230036667275703,-0.11802717400468185,world,settled,world,settled,world,settled,0.12353873252868652,-0.04772209953790657,1.0,0.0,0.0,0.09862978011369705,world
rigid_medium,neither,90056,False,False,,1.0,0.0,,0.0,68,True,3.0,0.12151157855987549,-0.07012529130381155,0.1366160089358616,world,settled,world,settled,world,settled,0.1430683434009552,0.1681095898911337,1.0,0.0,0.0,0.12151157855987549,world
rigid_medium,neither,90057,False,False,,1.0,0.0,,0.0,76,True,3.0,0.1206076368689537,-0.08011503372249267,0.12655654931624666,world,settled,world,settled,world,settled,0.13328340649604797,0.059971321392387436,1.0,0.0,0.0,0.1206076368689537,world
rigid_medium,neither,90058,False,False,,1.0,0.0,,0.0,61,True,3.0,0.12413875758647919,-0.04109097923908886,0.16585294794363797,world,settled,world,settled,world,settled,0.12065347284078598,-0.07960851209247329,1.0,0.0,0.0,0.12413875758647919,world
rigid_medium,neither,90059,False,False,,1.0,0.0,,0.0,62,True,3.0,0.11066000163555145,-0.19005152137234596,0.01585282825053393,world,settled,world,settled,world,settled,0.11792127788066864,-0.10980344715397608,1.0,0.0,0.0,0.11066000163555145,world
rigid_medium,neither,90060,False,False,,1.0,0.0,,0.0,62,True,3.0,0.12869969010353088,0.009314062564195823,0.21660976042130003,world,settled,world,settled,world,settled,0.1281769722700119,0.003537584812950628,1.0,0.0,0.0,0.12869969010353088,world
rigid_medium,neither,90061,False,False,,1.0,0.0,,0.0,80,True,3.0,0.11521939188241959,-0.13966333189670488,0.06659267079020137,world,settled,world,settled,world,settled,0.14885739982128143,0.2320874136781567,1.0,0.0,0.0,0.11521939188241959,world
rigid_medium,neither,90062,False,False,,1.0,0.0,,0.0,66,True,3.0,0.11654587090015411,-0.12500376731439347,0.08135454269604055,world,settled,world,settled,world,settled,0.15313895046710968,0.27940486890693556,1.0,0.0,0.0,0.11654587090015411,world
rigid_medium,neither,90063,False,False,,1.0,0.0,,0.0,62,True,3.0,0.14843808114528656,0.2274532146310629,0.43627127917779623,world,settled,world,settled,world,settled,0.10992244631052017,-0.1982027393277465,1.0,0.0,0.0,0.14843808114528656,world
rigid_medium,neither,90064,False,False,,1.0,0.0,,0.0,72,True,3.0,0.12771004438400269,-0.0016228411494698836,0.2055965293828804,world,settled,world,settled,world,settled,0.10720568895339966,-0.22822684687507935,1.0,0.0,0.0,0.12771004438400269,world
rigid_medium,neither,90065,False,False,,1.0,0.0,,0.0,63,True,3.0,0.14197330176830292,0.1560077564690166,0.36432721182707095,world,settled,world,settled,world,settled,0.12659546732902527,-0.01394068598769962,1.0,0.0,0.0,0.14197330176830292,world
rigid_medium,neither,90066,False,False,,1.0,0.0,,0.0,61,True,3.0,0.10075048357248306,-0.299566668538331,-0.09442661184716757,world,settled,world,settled,world,settled,0.12376793473958969,-0.04518899811882728,1.0,0.0,0.0,0.10075048357248306,world
rigid_medium,neither,90067,False,False,,1.0,0.0,,0.0,71,True,3.0,0.13706335425376892,0.10174550522590997,0.30968627091265094,world,settled,world,settled,world,settled,0.12889300286769867,0.011450540469622034,1.0,0.0,0.0,0.13706335425376892,world
rigid_medium,neither,90068,False,False,,1.0,0.0,,0.0,76,True,3.0,0.12470421940088272,-0.0348418189591434,0.17214572035537262,world,settled,world,settled,world,settled,0.11980041116476059,-0.08903613134156334,1.0,0.0,0.0,0.12470421940088272,world
rigid_medium,neither,90069,False,False,,1.0,0.0,,0.0,70,True,3.0,0.12218336760997772,-0.0627009676565661,0.14409214603753054,world,settled,world,settled,world,settled,0.13943636417388916,0.127970641366112,1.0,0.0,0.0,0.12218336760997772,world
rigid_medium,neither,90070,False,False,,1.0,0.0,,0.0,76,True,3.0,0.13537149131298065,0.08304776105522474,0.2908580374527805,world,settled,world,settled,world,settled,0.13640978932380676,0.09452249212528611,1.0,0.0,0.0,0.13537149131298065,world
rigid_medium,neither,90071,False,False,,1.0,0.0,,0.0,77,True,3.0,0.11302566528320312,-0.163907380282083,0.042179426131096376,world,settled,world,settled,world,settled,0.1574634611606598,0.3271974191022569,1.0,0.0,0.0,0.11302566528320312,world
rigid_medium,neither,90072,False,False,,1.0,0.0,,0.0,70,True,3.0,0.12584862112998962,-0.022194298812975143,0.1848815060109395,world,settled,world,settled,world,settled,0.128357395529747,0.00553152470783389,1.0,0.0,0.0,0.12584862112998962,world
rigid_medium,neither,90073,False,False,,1.0,0.0,,0.0,80,True,3.0,0.14631633460521698,0.20400478093837462,0.4126592017098412,world,settled,world,settled,world,settled,0.13505515456199646,0.07955166863962745,1.0,0.0,0.0,0.14631633460521698,world
rigid_medium,neither,90074,False,False,,1.0,0.0,,0.0,67,True,3.0,0.10977959632873535,-0.19978135934786329,0.0060550869156743015,world,settled,world,settled,world,settled,0.14291538298130035,0.16641899215114772,1.0,0.0,0.0,0.10977959632873535,world
rigid_medium,neither,90075,False,False,,1.0,0.0,,0.0,71,True,3.0,0.09373456239700317,-0.37710320379207357,-0.17250426517797762,world,settled,world,settled,world,settled,0.11420631408691406,-0.15085943649551925,1.0,0.0,0.0,0.09373456239700317,world
rigid_medium,neither,90076,False,False,,1.0,0.0,,0.0,75,True,3.0,0.11872464418411255,-0.10092503106811943,0.10560132152266925,world,settled,world,settled,world,settled,0.120714470744133,-0.0789343551731116,1.0,0.0,0.0,0.11872464418411255,world
rigid_medium,neither,90077,False,False,,1.0,0.0,,0.0,63,True,3.0,0.09809009730815887,-0.32896794512907296,-0.12403307638189032,world,settled,world,settled,world,settled,0.11522909253835678,-0.13955626396580356,1.0,0.0,0.0,0.09809009730815887,world
rigid_medium,neither,90078,False,False,,1.0,0.0,,0.0,63,True,3.0,0.11830999702215195,-0.10550760669863775,0.10098676465253167,world,settled,world,settled,world,settled,0.11422330141067505,-0.15067167315564378,1.0,0.0,0.0,0.11830999702215195,world
rigid_medium,neither,90079,False,False,,1.0,0.0,,0.0,64,True,3.0,0.14751899242401123,0.21729587609894052,0.426043053811788,world,settled,world,settled,world,settled,0.13729974627494812,0.10435785363919994,1.0,0.0,0.0,0.14751899242401123,world
rigid_medium,neither,90080,False,False,,1.0,0.0,,0.0,78,True,3.6,0.1218327060341835,-0.06657632345100724,0.14018974460494507,world,settled,world,settled,world,settled,0.1397475004196167,0.1314091965409186,1.0,0.0,0.0,0.1218327060341835,world
rigid_medium,neither,90081,False,False,,1.0,0.0,,0.0,79,True,3.0,0.11788835376501083,-0.11016742536987989,0.09629442567185584,world,settled,world,settled,world,settled,0.13997073471546173,0.1338763308886755,1.0,0.0,0.0,0.11788835376501083,world
rigid_medium,neither,90082,False,False,,1.0,0.0,,0.0,76,True,3.0,0.11250042915344238,-0.16971210546628285,0.036334190473746045,world,settled,world,settled,world,settled,0.1286987066268921,0.009303404660571824,1.0,0.0,0.0,0.11250042915344238,world
rigid_medium,neither,90083,False,False,,1.0,0.0,,0.0,74,True,3.0,0.12612366676330566,-0.019154695319662896,0.187942322528434,world,settled,world,settled,world,settled,0.12690599262714386,-0.010508855944933426,1.0,0.0,0.0,0.12612366676330566,world
rigid_medium,neither,90084,False,False,,1.0,0.0,,0.0,73,True,3.0,0.13352355360984802,0.06262537097643832,0.27029312199015554,world,settled,world,settled,world,settled,0.13587844371795654,0.08865047869626899,1.0,0.0,0.0,0.13352355360984802,world
rigid_medium,neither,90085,False,False,,1.0,0.0,,0.0,72,True,3.0,0.11179597675800323,-0.177497287988506,0.02849467610677049,world,settled,world,settled,world,settled,0.1173943430185318,-0.11562691643084708,1.0,0.0,0.0,0.11179597675800323,world
rigid_medium,neither,90086,False,False,,1.0,0.0,,0.0,63,True,3.0,0.1349288523197174,0.0781558216314556,0.285931957776994,world,settled,world,settled,world,settled,0.11275462061166763,-0.1669029491618768,1.0,0.0,0.0,0.1349288523197174,world
rigid_medium,neither,90087,False,False,,1.0,0.0,,0.0,66,True,3.0,0.10647785663604736,-0.23627066342195674,-0.030688871586676558,world,settled,world,settled,world,settled,0.11561393737792969,-0.13530302553396828,1.0,0.0,0.0,0.10647785663604736,world
rigid_medium,neither,90088,False,False,,1.0,0.0,,0.0,75,True,3.0,0.12986861169338226,0.022232581138324416,0.2296184357699933,world,settled,world,settled,world,settled,0.11919829994440079,-0.09569047092039719,1.0,0.0,0.0,0.12986861169338226,world
rigid_medium,neither,90089,False,False,,1.0,0.0,,0.0,62,True,3.0,0.14799781143665314,0.22258759961169386,0.4313717076212359,world,settled,world,settled,world,settled,0.12130240350961685,-0.07243695180991935,1.0,0.0,0.0,0.14799781143665314,world
rigid_medium,neither,90090,False,False,,1.0,0.0,,0.0,68,True,3.0,0.1510508507490158,0.25632832451771553,0.4653479049548075,world,settled,world,settled,world,settled,0.1377682387828827,0.10953542925441213,1.0,0.0,0.0,0.1510508507490158,world
rigid_medium,neither,90091,False,False,,1.0,0.0,,0.0,77,True,3.0,0.16292893886566162,0.3875990288726536,0.5975347316368959,world,settled,world,settled,body,settled,0.12045127153396606,-0.08184329603586868,1.0,0.0,0.0,0.16292893886566162,world
rigid_medium,neither,90092,False,False,,1.0,0.0,,0.0,68,True,3.0,0.12921111285686493,0.014966296228510844,0.2223014403389402,world,settled,world,settled,world,settled,0.12199772894382477,-0.06475252558851569,1.0,0.0,0.0,0.12921111285686493,world
rigid_medium,neither,90093,False,False,,1.0,0.0,,0.0,64,True,3.45,0.10773049294948578,-0.22242701848554186,-0.016748613531000166,world,settled,world,settled,world,settled,0.1174478530883789,-0.11503552474606907,1.0,0.0,0.0,0.10773049294948578,world
rigid_medium,neither,90094,False,False,,1.0,0.0,,0.0,69,True,3.0,0.12915964424610138,0.014397311358015173,0.22172848459203132,world,settled,world,settled,world,settled,0.12091493606567383,-0.07671917706355671,1.0,0.0,0.0,0.12915964424610138,world
rigid_medium,neither,90095,False,False,,1.0,0.0,,0.0,61,True,3.0,0.17266657948493958,0.4952147044872871,0.7059014440016284,world,settled,world,settled,body,settled,0.12643104791641235,-0.015757760776654504,1.0,0.0,0.0,0.17266657948493958,world
rigid_medium,neither,90096,False,False,,1.0,0.0,,0.0,62,True,3.0,0.15373966097831726,0.28604374191717863,0.4952707026488611,world,settled,world,settled,world,settled,0.11947174370288849,-0.09266855357743965,1.0,0.0,0.0,0.15373966097831726,world
rigid_medium,neither,90097,False,False,,1.0,0.0,,0.0,61,True,3.0,0.1424935758113861,0.1617576452981184,0.3701172284330507,world,settled,world,settled,world,settled,0.13996344804763794,0.1337956833399157,1.0,0.0,0.0,0.1424935758113861,world
rigid_medium,neither,90098,False,False,,1.0,0.0,,0.0,70,True,3.0,0.10875961929559708,-0.2110535806641607,-0.00529580186626355,world,settled,world,settled,world,settled,0.1543930023908615,0.29326406403865957,1.0,0.0,0.0,0.10875961929559708,world
rigid_medium,neither,90099,False,False,,1.0,0.0,,0.0,79,True,3.0,0.1551973819732666,0.302153752234223,0.5114931427743278,world,settled,world,settled,world,settled,0.14105939865112305,0.14590774804073617,1.0,0.0,0.0,0.1551973819732666,world
rigid_medium,neither,90100,False,False,,1.0,0.0,,0.0,62,True,3.0,0.10681545734405518,-0.2325395900914053,-0.02693175954779987,world,settled,world,settled,world,settled,0.10139584541320801,-0.2924345087911854,1.0,0.0,0.0,0.10681545734405518,world
rigid_medium,neither,90101,False,False,,1.0,0.0,,0.0,62,True,3.0,0.10959126800298691,-0.20186263358391282,0.0039592877191170885,world,settled,world,settled,world,settled,0.12204261869192123,-0.06425659753387528,1.0,0.0,0.0,0.10959126800298691,world
rigid_medium,neither,90102,False,False,,1.0,0.0,,0.0,63,True,3.0,0.15101882815361023,0.2559744594738574,0.4649915703297197,world,settled,world,settled,world,settled,0.13919958472251892,0.12535392377842475,1.0,0.0,0.0,0.15101882815361023,world
rigid_medium,neither,90103,False,False,,1.0,0.0,,0.0,62,True,3.0,0.1267838031053543,-0.01185926199549583,0.19528866979708967,world,settled,world,settled,world,settled,0.13648390769958496,0.09534147405295543,1.0,0.0,0.0,0.1267838031053543,world
rigid_medium,neither,90104,False,False,,1.0,0.0,,0.0,72,True,3.0,0.11676838248968124,-0.12254476199829493,0.08383070911204882,world,settled,world,settled,world,settled,0.13337436318397522,0.06097646205619012,1.0,0.0,0.0,0.11676838248968124,world
rigid_medium,neither,90105,False,False,,1.0,0.0,,0.0,74,True,3.0,0.11727430671453476,-0.11695340935694325,0.08946108312544912,world,settled,world,settled,world,settled,0.1460542529821396,0.20110838627054384,1.0,0.0,0.0,0.11727430671453476,world
rigid_medium,neither,90106,False,False,,1.0,0.0,,0.0,79,True,3.0,0.10847556591033936,-0.2141928713228612,-0.008457001253785046,world,settled,world,settled,world,settled,0.13699838519096375,0.10102753099384136,1.0,0.0,0.0,0.10847556591033936,world
rigid_medium,neither,90107,False,False,,1.0,0.0,,0.0,79,True,3.0,0.12309092283248901,-0.05267113774114873,0.1541919729196602,world,settled,world,settled,world,settled,0.10431021451950073,-0.26022617119563207,1.0,0.0,0.0,0.12309092283248901,world
rigid_medium,neither,90108,False,False,,1.0,0.0,,0.0,64,True,3.0,0.1402239203453064,0.13667440755348353,0.344858937813915,world,settled,world,settled,world,settled,0.1334160715341568,0.06143723961390982,1.0,0.0,0.0,0.1402239203453064,world
rigid_medium,neither,90109,False,False,,1.0,0.0,,0.0,66,True,3.0,0.14751732349395752,0.21727744502750937,0.4260244941121442,world,settled,world,settled,world,settled,0.10249471664428711,-0.28029020508981073,1.0,0.0,0.0,0.14751732349395752,world
rigid_medium,neither,90110,False,False,,1.0,0.0,,0.0,60,True,3.0,0.13345423340797424,0.06185900414956874,0.26952140678213465,world,settled,world,settled,world,settled,0.13500356674194336,0.07898159199015846,1.0,0.0,0.0,0.13345423340797424,world
rigid_medium,neither,90111,False,False,,1.0,0.0,,0.0,76,True,3.0,0.13160955905914307,0.04147273926927055,0.24899286863137743,world,settled,world,settled,world,settled,0.12548910081386566,-0.026167639904755974,1.0,0.0,0.0,0.13160955905914307,world
rigid_medium,neither,90112,False,False,,1.0,0.0,,0.0,69,True,3.0,0.12354407459497452,-0.0476630477529167,0.15923501376061405,world,settled,world,settled,world,settled,0.14168009161949158,0.15276729008933954,1.0,0.0,0.0,0.12354407459497452,world
rigid_medium,neither,90113,False,False,,1.0,0.0,,0.0,60,True,3.0,0.1298615038394928,0.02215402219902176,0.22953932857737974,world,settled,world,settled,world,settled,0.12889255583286285,0.011445587194760558,1.0,0.0,0.0,0.1298615038394928,world
rigid_medium,neither,90114,False,False,,1.0,0.0,,0.0,65,True,3.0,0.1301565021276474,0.02541420312727341,0.23282226191298375,world,settled,world,settled,world,settled,0.1270323097705841,-0.00911285635016455,1.0,0.0,0.0,0.1301565021276474,world
rigid_medium,neither,90115,False,False,,1.0,0.0,,0.0,77,True,3.0,0.11281950771808624,-0.16618568048199892,0.03988522595036333,world,settled,world,settled,world,settled,0.12246599048376083,-0.05957758382896481,1.0,0.0,0.0,0.11281950771808624,world
rigid_medium,neither,90116,False,False,,1.0,0.0,,0.0,75,True,3.0,0.12150794267654419,-0.07016546538636544,0.13657555448325726,world,settled,world,settled,world,settled,0.13927488029003143,0.12618608604885923,1.0,0.0,0.0,0.12150794267654419,world
rigid_medium,neither,90117,False,False,,1.0,0.0,,0.0,79,True,3.0,0.11133642494678497,-0.1825761930819132,0.023380325950609883,world,settled,world,settled,world,settled,0.13479791581630707,0.0767087783462547,1.0,0.0,0.0,0.11133642494678497,world
rigid_medium,neither,90118,False,False,,1.0,0.0,,0.0,68,True,3.0,0.14249148964881897,0.1617342753613526,0.37009369540033027,world,settled,world,settled,world,settled,0.12571175396442413,-0.023707133424733223,1.0,0.0,0.0,0.14249148964881897,world
rigid_medium,neither,90119,False,False,,1.0,0.0,,0.0,69,True,3.0,0.1450617015361786,0.19013932332334785,0.3986969787475139,world,settled,world,settled,world,settled,0.1408890187740326,0.14402477282452067,1.0,0.0,0.0,0.1450617015361786,world
rigid_medium,body_only,90120,True,False,m,1.5891995503048728,0.0,,0.0,74,True,3.0,0.11734094470739365,-0.11621700778448159,0.09020262395518522,world,settled,world,settled,world,settled,0.0848110169172287,-0.47572169536875686,1.0,0.0,0.0,0.11734094470739365,world
rigid_medium,body_only,90121,True,False,l,1.4812383451425903,0.0,,0.0,60,True,3.0,0.12314154952764511,-0.05211162198831032,0.15475539346508801,world,settled,world,settled,world,settled,0.1236276626586914,-0.046739320143988815,1.0,0.0,0.0,0.12314154952764511,world
rigid_medium,body_only,90122,True,False,m,1.577333311441059,0.0,,0.0,60,True,3.0,0.12426836788654327,-0.03965868449060852,0.16729523850348074,world,settled,world,settled,world,settled,0.11359461396932602,-0.15761954869171405,1.0,0.0,0.0,0.12426836788654327,world
rigid_medium,body_only,90123,True,False,l,1.2659873041674827,0.0,,0.0,78,True,3.0,0.10713579505681992,-0.2289993556341207,-0.023366818223544368,world,settled,world,settled,world,settled,0.11865285784006119,-0.10171851070635926,1.0,0.0,0.0,0.10713579505681992,world
rigid_medium,body_only,90124,True,False,m,1.4143549642821072,0.0,,0.0,79,True,3.0,0.10621241480112076,-0.2392041038254611,-0.03364278411503331,world,settled,world,settled,world,settled,0.12062805891036987,-0.07988947264976018,1.0,0.0,0.0,0.10621241480112076,world
rigid_medium,body_only,90125,True,False,l,1.4086180240535773,0.0,,0.0,63,True,3.0,0.11125434935092926,-0.18348318556925983,0.02246700367268053,world,settled,world,settled,world,settled,0.13028745353221893,0.026861610767653754,1.0,0.0,0.0,0.11125434935092926,world
rigid_medium,body_only,90126,True,False,m,1.6448408546174003,0.0,,0.0,68,True,3.0,0.10037897527217865,-0.30367228574170685,-0.09856088165513813,world,settled,world,settled,world,settled,0.0958273857831955,-0.3539743167964992,1.0,0.0,0.0,0.10037897527217865,world
rigid_medium,body_only,90127,True,False,l,1.4986137896780058,0.0,,0.0,61,True,3.0,0.13556841015815735,0.08522402932522377,0.2930494936351307,world,settled,world,settled,world,settled,0.11105559766292572,-0.18567959398350192,1.0,0.0,0.0,0.13556841015815735,world
rigid_medium,body_only,90128,True,False,m,1.416558817025714,0.0,,0.0,64,True,3.0,0.12328853458166122,-0.05048720977836659,0.15639114225086054,world,settled,world,settled,world,settled,0.10941024124622345,-0.20386334338329504,1.0,0.0,0.0,0.12328853458166122,world
rigid_medium,body_only,90129,True,False,l,1.38378853736242,0.0,,0.0,68,True,3.0,0.11132065951824188,-0.1827501006324515,0.023205204720365257,world,settled,world,settled,world,settled,0.09824907779693604,-0.3272109956348598,1.0,0.0,0.0,0.11132065951824188,world
rigid_medium,body_only,90130,True,False,m,1.4756383192437175,0.0,,0.0,71,True,3.0,0.11110911518335342,-0.18508808342012728,0.02085090543432976,world,settled,world,settled,world,settled,0.13436132669448853,0.071883851199132,1.0,0.0,0.0,0.11110911518335342,world
rigid_medium,body_only,90131,True,False,l,1.3606013397692742,0.0,,0.0,80,True,3.0,0.10513864457607269,-0.2510709277708833,-0.04559242518574018,world,settled,world,settled,world,settled,0.11550541967153549,-0.13650226406858357,1.0,0.0,0.0,0.10513864457607269,world
rigid_medium,body_only,90132,True,False,m,1.3052923183294922,0.0,,0.0,64,True,3.0,0.10095630586147308,-0.2972919209300709,-0.0921359890511967,world,settled,world,settled,world,settled,0.11839281022548676,-0.10459243114390696,1.0,0.0,0.0,0.10095630586147308,world
rigid_medium,body_only,90133,True,False,l,1.3207448067237653,0.0,,0.0,67,True,3.0,0.09600214660167694,-0.35204289855213877,-0.14726906710671142,world,settled,world,settled,world,settled,0.12342025339603424,-0.049031684428099,1.0,0.0,0.0,0.09600214660167694,world
rigid_medium,body_only,90134,True,False,m,1.4561368550822151,0.0,,0.0,64,True,3.0,0.10966156423091888,-0.20108578228236765,0.004741560571690878,world,settled,world,settled,world,settled,0.13065513968467712,0.03092472218258089,1.0,0.0,0.0,0.10966156423091888,world
rigid_medium,body_only,90135,True,False,l,1.4036352699808552,0.0,,0.0,79,True,3.0,0.11687594652175903,-0.1213560159150577,0.08502775131004775,world,settled,world,settled,world,settled,0.09678345918655396,-0.3434082492042756,1.0,0.0,0.0,0.11687594652175903,world
rigid_medium,body_only,90136,True,False,m,1.3752498406372067,0.0,,0.0,68,True,3.0,0.13963551819324493,0.13017157926073783,0.3383107270710798,world,settled,world,settled,world,settled,0.11225448548793793,-0.17243016422719268,1.0,0.0,0.0,0.13963551819324493,world
rigid_medium,body_only,90137,True,False,l,1.3180944856558197,0.0,,0.0,66,True,3.0,0.10571491718292236,-0.24470219788025566,-0.03917924870150992,world,settled,world,settled,world,settled,0.10032560676336288,-0.30426234300137156,1.0,0.0,0.0,0.10571491718292236,world
rigid_medium,body_only,90138,True,False,m,1.3737292058898571,0.0,,0.0,76,True,3.0,0.10900759696960449,-0.20831304696535705,-0.002536142315106818,world,settled,world,settled,world,settled,0.1388678252696991,0.12168750818209798,1.0,0.0,0.0,0.10900759696960449,world
rigid_medium,body_only,90139,True,False,l,1.2231365368057392,0.0,,0.0,78,True,3.0,0.13378480076789856,0.06551239379091828,0.27320029298676285,world,settled,world,settled,world,settled,0.11706129461526871,-0.11930773023227241,1.0,0.0,0.0,0.13378480076789856,world
rigid_medium,body_only,90140,True,False,m,1.5903123576273737,0.0,,0.0,77,True,3.0,0.12484858185052872,-0.03324635317286412,0.1737523207039003,world,settled,world,settled,world,settled,0.1010650247335434,-0.29609059430062434,1.0,0.0,0.0,0.12484858185052872,world
rigid_medium,body_only,90141,True,False,l,1.3983126255738383,0.0,,0.0,68,True,3.0,0.10511032491922379,-0.2513838236994081,-0.045907504777006815,world,settled,world,settled,world,settled,0.12909312546253204,0.013662106162253228,1.0,0.0,0.0,0.10511032491922379,world
rigid_medium,body_only,90142,True,False,m,1.5588960124158446,0.0,,0.0,77,True,3.0,0.111475370824337,-0.18104042570814194,0.02492681125864783,world,settled,world,settled,world,settled,0.11840219795703888,-0.10448854565993995,1.0,0.0,0.0,0.111475370824337,world
rigid_medium,body_only,90143,True,False,l,1.3381767659159343,0.0,,0.0,76,True,3.0,0.11270052194595337,-0.16750063961108777,0.03856108988097107,world,settled,world,settled,world,settled,0.10671208053827286,-0.2336821156873608,1.0,0.0,0.0,0.11270052194595337,world
rigid_medium,body_only,90144,True,False,m,1.4340779419258376,0.0,,0.0,78,True,3.0,0.14202594757080078,0.15658951589970818,0.36491303128628233,world,settled,world,settled,world,settled,0.10869354009628296,-0.21178395255723803,1.0,0.0,0.0,0.14202594757080078,world
rigid_medium,body_only,90145,True,False,l,1.3732457116762027,0.0,,0.0,79,True,3.0,0.13175973296165466,0.043132454562732056,0.2506641668766066,world,settled,world,settled,world,settled,0.10244128853082657,-0.2808807149630068,1.0,0.0,0.0,0.13175973296165466,world
rigid_medium,body_only,90146,True,False,m,1.4659264726975494,0.0,,0.0,73,True,3.0,0.13468867540359497,0.07550162486438032,0.2832592376925424,world,settled,world,settled,world,settled,0.11192582547664642,-0.17606205819952142,1.0,0.0,0.0,0.13468867540359497,world
rigid_medium,body_only,90147,True,False,l,1.3697174281168265,0.0,,0.0,61,True,3.0,0.08639882504940033,-0.45817407923467224,-0.25414092442923,world,settled,world,settled,world,settled,0.12201014906167984,-0.06461522955799746,1.0,0.0,0.0,0.08639882504940033,world
rigid_medium,body_only,90148,True,False,m,1.3038571531689942,0.0,,0.0,77,True,3.0,0.1285865753889084,0.008064183291274896,0.21535115839250002,world,settled,world,settled,world,settled,0.11775130033493042,-0.11168195310104519,1.0,0.0,0.0,0.1285865753889084,world
rigid_medium,body_only,90149,True,False,l,1.2823864181574816,0.0,,0.0,69,True,3.0,0.08405367285013199,-0.4840916011812297,-0.28023932161856396,world,settled,world,settled,world,settled,0.12060369551181793,-0.08015883045016117,1.0,0.0,0.0,0.08405367285013199,world
rigid_medium,body_only,90150,True,False,m,1.371260065573264,0.0,,0.0,77,True,3.0,0.11915604770183563,-0.09615736635152491,0.11040225919316997,world,settled,world,settled,world,settled,0.09943877905607224,-0.31406290396401726,1.0,0.0,0.0,0.11915604770183563,world
rigid_medium,body_only,90151,True,False,l,1.2751118713228489,0.0,,0.0,67,True,3.0,0.09801001846790314,-0.32985296720495094,-0.12492427491951372,world,settled,world,settled,world,settled,0.11356307566165924,-0.15796822733515098,1.0,0.0,0.0,0.09801001846790314,world
rigid_medium,body_only,90152,True,False,m,1.3717293620024857,0.0,,0.0,77,True,3.0,0.10333435237407684,-0.2710108922936453,-0.0656715483028865,world,settled,world,settled,world,settled,0.10151483863592148,-0.29111939578893453,1.0,0.0,0.0,0.10333435237407684,world
rigid_medium,body_only,90153,True,False,l,1.3777582765834164,0.0,,0.0,63,True,3.0,0.12799350917339325,0.0015099044962761266,0.20875113808059562,world,settled,world,settled,world,settled,0.11947453022003174,-0.09263758930538754,1.0,0.0,0.0,0.12799350917339325,world
rigid_medium,body_only,90154,True,False,m,1.3240528558094946,0.0,,0.0,61,True,3.0,0.10540001094341278,-0.24818228362731753,-0.042683621544987935,world,settled,world,settled,world,settled,0.12485860288143158,-0.03313561106992393,1.0,0.0,0.0,0.10540001094341278,world
rigid_medium,body_only,90155,True,False,l,1.2616156540457863,0.0,,0.0,75,True,3.0,0.11616966873407364,-0.12916149837288443,0.07716779533667963,world,settled,world,settled,world,settled,0.11000027507543564,-0.19734266194407077,1.0,0.0,0.0,0.11616966873407364,world
rigid_medium,body_only,90156,True,False,m,1.53054519222226,0.0,,0.0,80,True,3.0,0.12227997928857803,-0.0616332172125452,0.14516734818241953,world,settled,world,settled,world,settled,0.1113034039735794,-0.18294097179849717,1.0,0.0,0.0,0.12227997928857803,world
rigid_medium,body_only,90157,True,False,l,1.488929027680533,0.0,,0.0,67,True,3.0,0.0941758006811142,-0.3722268182946519,-0.1675938479775043,world,settled,world,settled,world,settled,0.11725328117609024,-0.11718577970306057,1.0,0.0,0.0,0.0941758006811142,world
rigid_medium,body_only,90158,True,False,m,1.4010988441285952,0.0,,0.0,76,True,3.0,0.08983859419822693,-0.42015954462467453,-0.21586109099202191,world,settled,world,settled,world,settled,0.117489755153656,-0.11457266038008314,1.0,0.0,0.0,0.08983859419822693,world
rigid_medium,body_only,90159,True,False,l,1.3983826888544335,0.0,,0.0,76,True,3.0,0.1160319596529007,-0.130683276411882,0.07563539699328632,world,settled,world,settled,world,settled,0.12187343835830688,-0.06612630826598134,1.0,0.0,0.0,0.1160319596529007,world
rigid_medium,body_only,90160,True,False,m,1.6346395142175347,0.0,,0.0,78,True,3.0,0.09664709866046906,-0.344915266226873,-0.14009169189978002,world,settled,world,settled,world,settled,0.10399450361728668,-0.26371541291045475,1.0,0.0,0.0,0.09664709866046906,world
rigid_medium,body_only,90161,True,False,l,1.4627355647267428,0.0,,0.0,75,True,3.0,0.10588184744119644,-0.24285735052945032,-0.03732152638475872,world,settled,world,settled,world,settled,0.10330449044704437,-0.27134101635542063,1.0,0.0,0.0,0.10588184744119644,world
rigid_medium,body_only,90162,True,False,m,1.3110427449584228,0.0,,0.0,70,True,3.0,0.11322195827960968,-0.16173806242163827,0.04436388339782678,world,settled,world,settled,world,settled,0.1094847097992897,-0.2030403875139654,1.0,0.0,0.0,0.11322195827960968,world
rigid_medium,body_only,90163,True,False,l,1.4308898612160117,0.0,,0.0,78,True,3.0,0.09242349117994308,-0.3915924994866942,-0.18709467991020648,world,settled,world,settled,world,settled,0.13158836960792542,0.0412385175562634,1.0,0.0,0.0,0.09242349117994308,world
rigid_medium,body_only,90164,True,False,m,1.439856144676443,0.0,,0.0,68,True,3.0,0.08631426841020584,-0.4591085885147674,-0.25508195553626767,world,settled,world,settled,world,settled,0.11285273730754852,-0.16581848199415272,1.0,0.0,0.0,0.08631426841020584,world
rigid_medium,body_only,90165,True,False,l,1.2997648895781109,0.0,,0.0,62,True,3.0,0.12423577159643173,-0.040018735338501386,0.16693267490438196,world,settled,world,settled,world,settled,0.12599992752075195,-0.020522182320451447,1.0,0.0,0.0,0.12423577159643173,world
rigid_medium,body_only,90166,True,False,m,1.679679815459025,0.0,,0.0,64,True,3.0,0.12154984474182129,-0.0697024301645609,0.1370418211717248,world,settled,world,settled,world,settled,0.10240660607814789,-0.2812639944828397,1.0,0.0,0.0,0.12154984474182129,world
rigid_medium,body_only,90167,True,False,l,1.3590101711106688,0.0,,0.0,72,True,3.0,0.1179126650094986,-0.10989863417266037,0.0965650927302457,world,settled,world,settled,world,settled,0.12001176923513412,-0.08670037688429275,1.0,0.0,0.0,0.1179126650094986,world
rigid_medium,body_only,90168,True,False,m,1.6457533914678304,0.0,,0.0,77,True,3.0,0.1287163943052292,0.009498766452741236,0.21679575333588552,world,settled,world,settled,world,settled,0.1383574903011322,0.11604768832518109,1.0,0.0,0.0,0.1287163943052292,world
rigid_medium,body_only,90169,True,False,l,1.372684860076075,0.0,,0.0,63,True,3.0,0.1255945861339569,-0.025001694067347202,0.182054518285526,world,settled,world,settled,world,settled,0.1198391318321228,-0.08860820287347289,1.0,0.0,0.0,0.1255945861339569,world
rigid_medium,body_only,90170,True,False,m,1.5110806219967274,0.0,,0.0,77,True,3.0,0.10631044209003448,-0.2381208698301927,-0.03255199036107032,world,settled,world,settled,world,settled,0.12017402797937393,-0.08490728469430861,1.0,0.0,0.0,0.10631044209003448,world
rigid_medium,body_only,90171,True,False,l,1.3393346079674444,0.0,,0.0,80,True,3.0,0.10853791236877441,-0.213503935439519,-0.007763257370456822,world,settled,world,settled,world,settled,0.10411634296178818,-0.2623688266710778,1.0,0.0,0.0,0.10853791236877441,world
rigid_medium,body_only,90172,True,False,m,1.5992541406103382,0.0,,0.0,69,True,3.0,0.09132146090269089,-0.4037716196927417,-0.19935879671927104,world,settled,world,settled,world,settled,0.0965779647231102,-0.3456792858447408,1.0,0.0,0.0,0.09132146090269089,world
rigid_medium,body_only,90173,True,False,l,1.2909310796297793,0.0,,0.0,74,True,3.0,0.1036302000284195,-0.2677415820295262,-0.06237942191888714,world,settled,world,settled,world,settled,0.09551888704299927,-0.3573836859892573,1.0,0.0,0.0,0.1036302000284195,world
rigid_medium,body_only,90174,True,False,m,1.4992846063269814,0.0,,0.0,60,True,3.0,0.11634836345911026,-0.12718659269105714,0.07915648364577348,world,settled,world,settled,world,settled,0.09926867485046387,-0.3159428223020326,1.0,0.0,0.0,0.11634836345911026,world
rigid_medium,body_only,90175,True,False,l,1.375063495490151,0.0,,0.0,67,True,3.0,0.07867074012756348,-0.5435811064273096,-0.3401439969077611,world,settled,world,settled,world,settled,0.1217150092124939,-0.06787694844592945,1.0,0.0,0.0,0.07867074012756348,world
rigid_medium,body_only,90176,True,False,m,1.3570155774731387,0.0,,0.0,71,True,3.0,0.10718754678964615,-0.22842744189863223,-0.02279091317144912,world,settled,world,settled,world,settled,0.1262599229812622,-0.017648800181657414,1.0,0.0,0.0,0.10718754678964615,world
rigid_medium,body_only,90177,True,False,l,1.2641200458110455,0.0,,0.0,62,True,3.0,0.10505042970180511,-0.2520458212939086,-0.04657412237244224,world,settled,world,settled,world,settled,0.11826585233211517,-0.10599541678607789,1.0,0.0,0.0,0.10505042970180511,world
rigid_medium,body_only,90178,True,False,m,1.5240608064758356,0.0,,0.0,68,True,3.0,0.11392557621002197,-0.15396191081306773,0.052194303825498466,world,settled,world,settled,world,settled,0.11514884233474731,-0.14044311888203675,1.0,0.0,0.0,0.11392557621002197,world
rigid_medium,body_only,90179,True,False,l,1.4207768660969622,0.0,,0.0,63,True,3.0,0.09530787169933319,-0.3597157819705809,-0.15499549864807863,world,settled,world,settled,world,settled,0.11046978086233139,-0.19215375941148705,1.0,0.0,0.0,0.09530787169933319,world
rigid_medium,body_only,90180,True,False,m,1.6834084531201725,0.0,,0.0,70,True,3.0,0.1051744669675827,-0.25067483869628937,-0.04519357185352638,world,settled,world,settled,world,settled,0.09548944979906082,-0.35770907986652484,1.0,0.0,0.0,0.1051744669675827,world
rigid_medium,body_only,90181,True,False,l,1.3164236438723707,0.0,,0.0,75,True,3.0,0.09081332385540009,-0.40938718567847887,-0.20501355305905095,world,settled,world,settled,world,settled,0.09788898378610611,-0.33119055443748485,1.0,0.0,0.0,0.09081332385540009,world
rigid_medium,body_only,90182,True,False,m,1.3450601064988406,0.0,,0.0,60,True,3.0,0.12155379354953766,-0.06965874922773334,0.13708580695251354,world,settled,world,settled,world,settled,0.10025429725646973,-0.3050502273688653,1.0,0.0,0.0,0.12155379354953766,world
rigid_medium,body_only,90183,True,False,l,1.3429357517410216,0.0,,0.0,67,True,3.0,0.12927880883216858,0.015714400781263994,0.2230547658226481,world,settled,world,settled,world,settled,0.12200852483510971,-0.06463330528020354,1.0,0.0,0.0,0.12927880883216858,world
rigid_medium,body_only,90184,True,False,m,1.6568892806087865,0.0,,0.0,73,True,3.0,0.11721158027648926,-0.11764669157815574,0.08876296257168567,world,settled,world,settled,world,settled,0.11568641662597656,-0.1345021522645665,1.0,0.0,0.0,0.11721158027648926,world
rigid_medium,body_only,90185,True,False,l,1.43334245437914,0.0,,0.0,67,True,3.0,0.1225472241640091,-0.05867973264253913,0.14814144476308533,world,settled,world,settled,world,settled,0.10992132127285004,-0.19821488501501977,1.0,0.0,0.0,0.1225472241640091,world
rigid_medium,body_only,90186,True,False,m,1.6331529059433587,0.0,,0.0,70,True,3.0,0.10067200660705566,-0.3004339361472582,-0.09529993201156829,world,settled,world,settled,world,settled,0.10274193435907364,-0.2775581811815473,1.0,0.0,0.0,0.10067200660705566,world
rigid_medium,body_only,90187,True,False,l,1.3141636302230804,0.0,,0.0,65,True,3.0,0.10570013523101807,-0.24486559959914111,-0.03934379078117656,world,settled,world,settled,world,settled,0.1115553006529808,-0.18015703988550252,1.0,0.0,0.0,0.10570013523101807,world
rigid_medium,body_only,90188,True,False,m,1.68271261290117,0.0,,0.0,72,True,3.0,0.12547677755355835,-0.0263037342836585,0.18074339128843694,world,settled,world,settled,world,settled,0.11434640735387802,-0.1493110021183776,1.0,0.0,0.0,0.12547677755355835,world
rigid_medium,body_only,90189,True,False,l,1.2673551846296478,0.0,,0.0,69,True,3.0,0.1259172260761261,-0.0214362385637199,0.1856448566707481,world,settled,world,settled,world,settled,0.12118084728717804,-0.07378038339216383,1.0,0.0,0.0,0.1259172260761261,world
rigid_medium,body_only,90190,True,False,m,1.4616304439624153,0.0,,0.0,61,True,3.0,0.10335738956928253,-0.2707564136163021,-0.06541529364971352,world,settled,world,settled,world,settled,0.12416256964206696,-0.040827833359990066,1.0,0.0,0.0,0.10335738956928253,world
rigid_medium,body_only,90191,True,False,l,1.3598610545526153,0.0,,0.0,75,True,3.0,0.10943154990673065,-0.20362776897595297,0.0021818336612250853,world,settled,world,settled,world,settled,0.12272785604000092,-0.05668347821740242,1.0,0.0,0.0,0.10943154990673065,world
rigid_medium,body_only,90192,True,False,m,1.6394540644586693,0.0,,0.0,73,True,3.0,0.09432314336299896,-0.3705984801319186,-0.16595414584019375,world,settled,world,settled,world,settled,0.10171063244342804,-0.28895558532685334,1.0,0.0,0.0,0.09432314336299896,world
rigid_medium,body_only,90193,True,False,l,1.2806965176607972,0.0,,0.0,79,True,3.0,0.10167628526687622,-0.2893351643000669,-0.084123703181548,world,settled,world,settled,world,settled,0.12062307447195053,-0.0799446683424345,1.0,0.0,0.0,0.10167628526687622,world
rigid_medium,body_only,90194,True,False,m,1.3882151295384004,0.0,,0.0,72,True,3.0,0.12817195057868958,0.0034817634637658856,0.210736758412702,world,settled,world,settled,world,settled,0.1245349869132042,-0.03671200623488807,1.0,0.0,0.0,0.12817195057868958,world
rigid_medium,body_only,90195,True,False,l,1.4070168029723402,0.0,,0.0,68,True,3.0,0.12367041409015656,-0.04626690226168826,0.16064090278192222,world,settled,world,settled,world,settled,0.12613889575004578,-0.018986355250068875,1.0,0.0,0.0,0.12367041409015656,world
rigid_medium,body_only,90196,True,False,m,1.4747105385822876,0.0,,0.0,78,True,3.0,0.1388930380344391,0.12196596804319049,0.3300478498878986,world,settled,world,settled,world,settled,0.13014103472232819,0.025243290699820113,1.0,0.0,0.0,0.1388930380344391,world
rigid_medium,body_only,90197,True,False,l,1.3111555143573217,0.0,,0.0,62,True,3.0,0.09890033304691315,-0.3200135319119407,-0.11501617140077267,world,settled,world,settled,world,settled,0.12764205038547516,-0.0023743455786253143,1.0,0.0,0.0,0.09890033304691315,world
rigid_medium,body_only,90198,True,False,m,1.379640047296776,0.0,,0.0,79,True,3.0,0.11263976991176605,-0.16817207132868028,0.03788497232284266,world,settled,world,settled,world,settled,0.1007024496793747,-0.3000974102672015,1.0,0.0,0.0,0.11263976991176605,world
rigid_medium,body_only,90199,True,False,l,1.4868269255907973,0.0,,0.0,73,True,3.0,0.10328181087970734,-0.2715916641571202,-0.06625637330276946,world,settled,world,settled,world,settled,0.11575962603092194,-0.13369291838182448,1.0,0.0,0.0,0.10328181087970734,world
rigid_medium,body_only,90200,True,False,m,1.568789452616487,0.0,,0.0,75,True,3.0,0.11563434451818466,-0.1350774441335104,0.07121056290798748,world,settled,world,settled,world,settled,0.09206999838352203,-0.39549907789541916,1.0,0.0,0.0,0.11563434451818466,world
rigid_medium,body_only,90201,True,False,l,1.237480856854104,0.0,,0.0,74,True,3.0,0.09771953523159027,-0.33306311388159043,-0.12815682482053098,world,settled,world,settled,world,settled,0.10520558059215546,-0.25033112130441626,1.0,0.0,0.0,0.09771953523159027,world
rigid_medium,body_only,90202,True,False,m,1.589816924085751,0.0,,0.0,69,True,3.0,0.12238951027393341,-0.06042282609010226,0.1463861864777279,world,settled,world,settled,world,settled,0.10148922353982925,-0.2914024675992209,1.0,0.0,0.0,0.12238951027393341,world
rigid_medium,body_only,90203,True,False,l,1.2163108575505985,0.0,,0.0,68,True,3.0,0.11780603229999542,-0.11107713611154527,0.09537836616924042,world,settled,world,settled,world,settled,0.13753977417945862,0.10701039433993724,1.0,0.0,0.0,0.11780603229999542,world
rigid_medium,body_only,90204,True,False,m,1.577624770964431,0.0,,0.0,61,True,3.0,0.10024962574243546,-0.30510193235365546,-0.10000050559742538,world,settled,world,settled,world,settled,0.12082383781671524,-0.0777257880137261,1.0,0.0,0.0,0.10024962574243546,world
rigid_medium,body_only,90205,True,False,l,1.3675497082151145,0.0,,0.0,65,True,3.0,0.11751711368560791,-0.11427003188273543,0.09216318756564963,world,settled,world,settled,world,settled,0.11825273185968399,-0.10614045793728852,1.0,0.0,0.0,0.11751711368560791,world
rigid_medium,body_only,90206,True,False,m,1.5176465510618466,0.0,,0.0,74,True,3.0,0.10564450919628143,-0.2454803375478908,-0.03996281891152429,world,settled,world,settled,world,settled,0.10395015776157379,-0.2642053882866201,1.0,0.0,0.0,0.10564450919628143,world
rigid_medium,body_only,90207,True,False,l,1.2488637580931352,0.0,,0.0,80,True,3.0,0.11097993701696396,-0.18651563061547352,0.01941339556021874,world,settled,world,settled,world,settled,0.11816276609897614,-0.10713467206271635,1.0,0.0,0.0,0.11097993701696396,world
rigid_medium,body_only,90208,True,False,m,1.4834364114696996,0.0,,0.0,66,True,3.0,0.11991109699010849,-0.08781289013756488,0.11880497049473426,world,settled,world,settled,world,settled,0.10965748876333237,-0.20113078452134658,1.0,0.0,0.0,0.11991109699010849,world
rigid_medium,body_only,90209,True,False,l,1.263629522578016,0.0,,0.0,60,True,3.0,0.11487507820129395,-0.14346847598490847,0.06276097106283704,world,settled,world,settled,world,settled,0.12986089289188385,0.022147144995010214,1.0,0.0,0.0,0.11487507820129395,world
rigid_medium,body_only,90210,True,False,m,1.3346147837212192,0.0,,0.0,73,True,3.0,0.1188291534781456,-0.09977011469427745,0.10676429791783333,world,settled,world,settled,world,settled,0.11897673457860947,-0.0981390813067371,1.0,0.0,0.0,0.1188291534781456,world
rigid_medium,body_only,90211,True,False,l,1.30656153459059,0.0,,0.0,71,True,3.0,0.11579592525959015,-0.1332918088736813,0.07300865989975983,world,settled,world,settled,world,settled,0.09517372399568558,-0.3611982994524312,1.0,0.0,0.0,0.11579592525959015,world
rigid_medium,body_only,90212,True,False,m,1.6930851814175538,0.0,,0.0,60,True,3.0,0.1055699810385704,-0.24630397606855592,-0.040792205505546617,world,settled,world,settled,world,settled,0.11865276098251343,-0.10171939483375787,1.0,0.0,0.0,0.1055699810385704,world
rigid_medium,body_only,90213,True,False,l,1.3559979569855254,0.0,,0.0,66,True,3.0,0.1338907927274704,0.066683745774033,0.2743798196933237,world,settled,world,settled,world,settled,0.11359502375125885,-0.1576151496690111,1.0,0.0,0.0,0.1338907927274704,world
rigid_medium,body_only,90214,True,False,m,1.3935857870234445,0.0,,0.0,60,True,3.0,0.1057252436876297,-0.24458813039302085,-0.03906438515111408,world,settled,world,settled,world,settled,0.10881949961185455,-0.21039189139493822,1.0,0.0,0.0,0.1057252436876297,world
rigid_medium,body_only,90215,True,False,l,1.3131198647094737,0.0,,0.0,80,True,3.0,0.11627413332462311,-0.12800699498637502,0.07833035586232259,world,settled,world,settled,world,settled,0.10864250361919403,-0.21234791467836764,1.0,0.0,0.0,0.11627413332462311,world
rigid_medium,body_only,90216,True,False,m,1.681261135717984,0.0,,0.0,66,True,3.0,0.1069556474685669,-0.23099021472069653,-0.025371571274263927,world,settled,world,settled,world,settled,0.1150442585349083,-0.14159873308868,1.0,0.0,0.0,0.1069556474685669,world
rigid_medium,body_only,90217,True,False,l,1.413471960665546,0.0,,0.0,75,True,3.0,0.124900221824646,-0.03267561445709801,0.1743270425359531,world,settled,world,settled,world,settled,0.10320919752120972,-0.27239408799453846,1.0,0.0,0.0,0.124900221824646,world
rigid_medium,body_only,90218,True,False,m,1.584896311018346,0.0,,0.0,74,True,3.0,0.12115230411291122,-0.07409584267259353,0.13261774757056582,world,settled,world,settled,world,settled,0.11217354238033295,-0.17332474367908002,1.0,0.0,0.0,0.12115230411291122,world
rigid_medium,body_only,90219,True,False,l,1.3119810143159762,0.0,,0.0,70,True,3.0,0.12336031347513199,-0.04969391051652561,0.15718997785205047,world,settled,world,settled,world,settled,0.10762009769678116,-0.22364712767594996,1.0,0.0,0.0,0.12336031347513199,world
rigid_medium,body_only,90220,True,False,m,1.300500753923412,0.0,,0.0,65,True,3.0,0.13232369720935822,0.049364886797203175,0.25694009449986616,world,settled,world,settled,world,settled,0.10240890085697174,-0.28123877884006965,1.0,0.0,0.0,0.13232369720935822,world
rigid_medium,body_only,90221,True,False,l,1.325946290087466,0.0,,0.0,69,True,3.0,0.10693906247615814,-0.23117351483828058,-0.02555615062114074,world,settled,world,settled,world,settled,0.09810423105955124,-0.3288117062316067,1.0,0.0,0.0,0.10693906247615814,world
rigid_medium,body_only,90222,True,False,m,1.3799548422979533,0.0,,0.0,63,True,3.0,0.14343668520450592,0.17218012581478048,0.38061244617735646,world,settled,world,settled,world,settled,0.11278873682022095,-0.16652579729334546,1.0,0.0,0.0,0.14343668520450592,world
rigid_medium,body_only,90223,True,False,l,1.2088747342560058,0.0,,0.0,66,True,3.0,0.12160096317529678,-0.06913736417074785,0.137610830692586,world,settled,world,settled,world,settled,0.1272321194410324,-0.006904586579491811,1.0,0.0,0.0,0.12160096317529678,world
rigid_medium,body_only,90224,True,False,m,1.3689372681649405,0.0,,0.0,67,True,3.0,0.13354234397411346,0.06283296311185135,0.27050216288590795,world,settled,world,settled,world,settled,0.11678490787744522,-0.12236221207670359,1.0,0.0,0.0,0.13354234397411346,world
rigid_medium,body_only,90225,True,False,l,1.4190999555086545,0.0,,0.0,76,True,3.0,0.1130550354719162,-0.16358278368908352,0.04250628804435615,world,settled,world,settled,world,settled,0.11855417490005493,-0.10280897764083377,1.0,0.0,0.0,0.1130550354719162,world
rigid_medium,body_only,90226,True,False,m,1.3666051873938825,0.0,,0.0,68,True,3.0,0.10112364590167999,-0.29544270543412016,-0.0902738681045449,world,settled,world,settled,world,settled,0.09298460930585861,-0.3853912826617435,1.0,0.0,0.0,0.10112364590167999,world
rigid_medium,body_only,90227,True,False,l,1.2089853713110907,0.0,,0.0,76,True,3.0,0.12448003143072128,-0.03731940793327021,0.1696508405882403,world,settled,world,settled,world,settled,0.10433081537485123,-0.2599986303568328,1.0,0.0,0.0,0.12448003143072128,world
rigid_medium,body_only,90228,True,False,m,1.3941552835422104,0.0,,0.0,76,True,3.0,0.10427919775247574,-0.2605690316066259,-0.05515681513636479,world,settled,world,settled,world,settled,0.10375789552927017,-0.2663303514361995,1.0,0.0,0.0,0.10427919775247574,world
rigid_medium,body_only,90229,True,False,l,1.4129882265602367,0.0,,0.0,60,True,3.0,0.10627037286758423,-0.23856352226161412,-0.0329977320101324,world,settled,world,settled,world,settled,0.11491258442401886,-0.14305423631003134,1.0,0.0,0.0,0.10627037286758423,world
rigid_medium,body_only,90230,True,False,m,1.387380358400205,0.0,,0.0,62,True,3.0,0.1312522441148758,0.0375238094598848,0.24501637971971896,world,settled,world,settled,world,settled,0.10346297174692154,-0.26958961092667044,1.0,0.0,0.0,0.1312522441148758,world
rigid_medium,body_only,90231,True,False,l,1.2736796593502162,0.0,,0.0,79,True,3.0,0.17112568020820618,0.47818537587653687,0.6887532697715655,world,settled,world,settled,body,settled,0.10529635101556778,-0.24932796246518413,1.0,0.0,0.0,0.17112568020820618,world
rigid_medium,body_only,90232,True,False,m,1.3398772042708087,0.0,,0.0,65,True,3.0,0.12808027863502502,0.002468910486675674,0.20971683685750833,world,settled,world,settled,world,settled,0.11622677743434906,-0.12853024530515123,1.0,0.0,0.0,0.12808027863502502,world
rigid_medium,body_only,90233,True,False,l,1.2151805568406018,0.0,,0.0,74,True,3.0,0.14535291492938995,0.19335747500678932,0.401937589521305,world,settled,world,settled,world,settled,0.12632940709590912,-0.01688088150020657,1.0,0.0,0.0,0.14535291492938995,world
rigid_medium,body_only,90234,True,False,m,1.412785576783788,0.0,,0.0,80,True,3.0,0.09501441568136215,-0.3629588289421326,-0.15826117845117665,world,settled,world,settled,world,settled,0.1119002252817154,-0.1763452141511521,1.0,0.0,0.0,0.09501441568136215,world
rigid_medium,body_only,90235,True,False,l,1.4243033807217698,0.0,,0.0,60,True,3.0,0.11549113690853119,-0.1366601484825558,0.06961681305721679,world,settled,world,settled,world,settled,0.1021491140127182,-0.28410954873749245,1.0,0.0,0.0,0.11549113690853119,world
rigid_medium,body_only,90236,True,False,m,1.6997035312296203,0.0,,0.0,64,True,3.0,0.11013901233673096,-0.1958092132175607,0.010054954172137972,world,settled,world,settled,world,settled,0.12413282692432404,-0.041156501287612675,1.0,0.0,0.0,0.11013901233673096,world
rigid_medium,body_only,90237,True,False,l,1.376968432617344,0.0,,0.0,75,True,3.0,0.12096478790044785,-0.07616804250909685,0.13053108610268885,world,settled,world,settled,world,settled,0.12914225459098816,0.014205226189330716,1.0,0.0,0.0,0.12096478790044785,world
rigid_medium,body_only,90238,True,False,m,1.5968317899030746,0.0,,0.0,62,True,3.0,0.13779015839099884,0.10977749489629607,0.31777431486494734,world,settled,world,settled,world,settled,0.1092405766248703,-0.2057383336631209,1.0,0.0,0.0,0.13779015839099884,world
rigid_medium,body_only,90239,True,False,l,1.3434682340044826,0.0,,0.0,67,True,3.0,0.11501212418079376,-0.14195405748310314,0.06428595850772052,world,settled,world,settled,world,settled,0.13233265280723572,0.04946404930142567,1.0,0.0,0.0,0.11501212418079376,world
rigid_medium,world_only,90240,False,True,,1.0,1.0,short,-0.05,59,True,3.0,0.1172250285744667,-0.1174980614255026,0.08891262999615054,world,settled,world,settled,world,settled,0.16407780349254608,0.40029577916737225,1.0,0.0,0.0,0.1172250285744667,world
rigid_medium,world_only,90241,False,True,,1.0,1.0,medium,0.1,75,True,3.0,0.10142795741558075,-0.2920796090918354,-0.08688730112071322,world,settled,world,settled,world,settled,0.13250663876533508,0.0513866723308231,1.0,0.0,0.0,0.10142795741558075,world
rigid_medium,world_only,90242,False,True,,1.0,-2.0,short,0.2,69,True,3.0,0.11940684169530869,-0.09338568073517868,0.11319328806732423,world,settled,world,settled,world,settled,0.13267269730567932,0.05322205442366594,1.0,0.0,0.0,0.11940684169530869,world
rigid_medium,world_only,90243,False,True,,1.0,2.0,medium,0.05,68,True,4.95,0.12466712296009064,-0.035251801648082545,0.171732876446964,world,settled,world,settled,world,settled,0.1314592808485031,0.03981197902779808,1.0,0.0,0.0,0.12466712296009064,world
rigid_medium,world_only,90244,False,True,,1.0,-4.0,short,0.05,65,False,nan,nan,nan,nan,alarm,persistent,world,decayed,world,decayed,0.12732622027397156,-0.005864668522589106,1.0,0.0,0.0,nan,alarm
rigid_medium,world_only,90245,False,True,,1.0,4.0,medium,0.25,65,True,4.3,0.12347035109996796,-0.04847780022713684,0.1584145752276773,world,settled,world,settled,world,settled,0.13037090003490448,0.027783816370306025,1.0,0.0,0.0,0.12347035109996796,world
rigid_medium,world_only,90246,False,True,,1.0,-1.0,short,0.1,75,True,3.0,0.1121627688407898,-0.17344371182067192,0.03257654169112295,world,settled,world,settled,world,settled,0.1295735239982605,0.01897146796514687,1.0,0.0,0.0,0.1121627688407898,world
rigid_medium,world_only,90247,False,True,,1.0,-1.0,medium,-0.15000000000000002,77,True,3.0,0.10628946870565414,-0.2383524600033553,-0.032785196773967615,world,settled,world,settled,world,settled,0.13058000802993774,0.030094646463099728,1.0,0.0,0.0,0.10628946870565414,world
rigid_medium,world_only,90248,False,True,,1.0,-2.0,short,0.15000000000000002,70,True,3.0,0.11636523902416229,-0.12699999214853747,0.07934438645085128,world,settled,world,settled,world,settled,0.11736293882131577,-0.11597393437631229,1.0,0.0,0.0,0.11636523902416229,world
rigid_medium,world_only,90249,False,True,,1.0,2.0,medium,-0.25,60,True,4.95,0.12199489772319794,-0.06478386630945727,0.1419947110875236,world,settled,world,settled,world,settled,0.13296642899513245,0.05646836849812233,1.0,0.0,0.0,0.12199489772319794,world
rigid_medium,world_only,90250,False,True,,1.0,4.0,short,0.05,68,True,4.65,0.12091422080993652,-0.07672688127148539,0.12996834727234519,world,settled,world,settled,world,settled,0.12537553906440735,-0.02742267727367028,1.0,0.0,0.0,0.12091422080993652,world
rigid_medium,world_only,90251,False,True,,1.0,-4.0,medium,0.15000000000000002,77,True,4.55,0.14365331828594208,0.17457439041321837,0.3830234200580863,world,settled,world,settled,world,settled,0.1259056031703949,-0.02156449699044808,1.0,0.0,0.0,0.14365331828594208,world
rigid_medium,world_only,90252,False,True,,1.0,-1.0,short,-0.05,78,True,3.0,0.13204476237297058,0.04628230483149829,0.2538359995684319,world,settled,world,settled,world,settled,0.13804833590984344,0.11263100320978095,1.0,0.0,0.0,0.13204476237297058,world
rigid_medium,world_only,90253,False,True,,1.0,1.0,medium,-0.05,60,True,3.0,0.12270510196685791,-0.0569349849298287,0.14989836885850583,world,settled,world,settled,world,settled,0.1252935379743576,-0.028328976817162253,1.0,0.0,0.0,0.12270510196685791,world
rigid_medium,world_only,90254,False,True,,1.0,2.0,short,0.1,75,True,3.0,0.12914974987506866,0.014287915259272477,0.2216183250311814,world,settled,world,settled,world,settled,0.1718173325061798,0.4858291209158316,1.0,0.0,0.0,0.12914974987506866,world
rigid_medium,world_only,90255,False,True,,1.0,2.0,medium,0.25,70,True,5.050000000000001,0.12232272326946259,-0.06116093712134531,0.1456429242591048,world,settled,world,settled,world,settled,0.129317507147789,0.016142058556099625,1.0,0.0,0.0,0.12232272326946259,world
rigid_medium,world_only,90256,False,True,,1.0,-4.0,short,-0.2,70,False,nan,nan,nan,nan,alarm,persistent,world,decayed,world,decayed,0.11647635698318481,-0.12577196711027477,1.0,0.0,0.0,nan,alarm
rigid_medium,world_only,90257,False,True,,1.0,-4.0,medium,-0.05,64,True,6.45,0.12277664244174957,-0.05614441987571128,0.15069445117026808,world,settled,world,settled,world,settled,0.13972076773643494,0.13111370397578362,1.0,0.0,0.0,0.12277664244174957,world
rigid_medium,world_only,90258,False,True,,1.0,-1.0,short,0.25,67,True,3.0,0.10264807939529419,-0.2785954247273378,-0.07330901226869543,world,settled,world,settled,world,settled,0.12337803840637207,-0.04949802457781634,1.0,0.0,0.0,0.10264807939529419,world
rigid_medium,world_only,90259,False,True,,1.0,1.0,medium,-0.25,71,True,3.0,0.146871879696846,0.2101442742976661,0.4188415418487814,world,settled,world,settled,world,settled,0.12922754883766174,0.015147962280016618,1.0,0.0,0.0,0.146871879696846,world
rigid_medium,world_only,90260,False,True,,1.0,-2.0,short,-0.05,78,True,3.0,0.10300056636333466,-0.2746998878758898,-0.06938628893795346,world,settled,world,settled,world,settled,0.12058494985103607,-0.08036594578462264,1.0,0.0,0.0,0.10300056636333466,world
rigid_medium,world_only,90261,False,True,,1.0,-2.0,medium,0.15000000000000002,76,False,nan,nan,nan,nan,alarm,persistent,world,decayed,world,decayed,0.10952307283878326,-0.202616398507596,1.0,0.0,0.0,nan,alarm
rigid_medium,world_only,90262,False,True,,1.0,-4.0,short,0.1,68,False,nan,nan,nan,nan,alarm,persistent,world,decayed,world,decayed,0.12618513405323029,-0.018475450550751234,1.0,0.0,0.0,nan,alarm
rigid_medium,world_only,90263,False,True,,1.0,-4.0,medium,-0.15000000000000002,76,True,6.75,0.14996623992919922,0.24434171121632628,0.4532776385327445,world,settled,world,settled,world,settled,0.11597792059183121,-0.13128046613003425,1.0,0.0,0.0,0.14996623992919922,world
rigid_medium,world_only,90264,False,True,,1.0,1.0,short,-0.15000000000000002,76,True,3.0,0.14839614927768707,0.22698977182549834,0.435804602061091,world,settled,world,settled,world,settled,0.11182228475809097,-0.17720664654497953,1.0,0.0,0.0,0.14839614927768707,world
rigid_medium,world_only,90265,False,True,,1.0,1.0,medium,-0.05,73,True,3.0,0.1304875910282135,0.029073255069400283,0.23650684993489982,world,settled,world,settled,world,settled,0.14432434737682343,0.1819902058138015,1.0,0.0,0.0,0.1304875910282135,world
rigid_medium,world_only,90266,False,True,,1.0,2.0,short,0.1,80,True,3.0,0.1614825576543808,0.37161437860893265,0.5814385264373632,world,settled,world,settled,body,settled,0.12555170059204102,-0.025475784998642514,1.0,0.0,0.0,0.1614825576543808,world
rigid_medium,world_only,90267,False,True,,1.0,2.0,medium,-0.05,73,False,nan,nan,nan,nan,alarm,persistent,world,decayed,world,decayed,0.1041564792394638,-0.2619252901122577,1.0,0.0,0.0,nan,alarm
rigid_medium,world_only,90268,False,True,,1.0,-4.0,short,-0.1,69,False,nan,nan,nan,nan,alarm,persistent,world,decayed,world,decayed,0.12903068959712982,0.012972413971735075,1.0,0.0,0.0,nan,alarm
rigid_medium,world_only,90269,False,True,,1.0,4.0,medium,0.0,74,True,4.5,0.13708555698394775,0.10199078676541559,0.30993326424227663,world,settled,world,settled,world,settled,0.1434938907623291,0.1728124148245704,1.0,0.0,0.0,0.13708555698394775,world
rigid_medium,world_only,90270,False,True,,1.0,-1.0,short,0.1,81,True,3.0,0.1236799955368042,-0.0461609124721723,0.16074763226132632,world,settled,world,settled,world,settled,0.13198497891426086,0.04562144944931518,1.0,0.0,0.0,0.1236799955368042,world
rigid_medium,world_only,90271,False,True,,1.0,1.0,medium,-0.15000000000000002,77,True,3.25,0.12781977653503418,-0.00041021230469795444,0.20681762101731055,world,settled,world,settled,world,settled,0.1318996250629425,0.04467825637077714,1.0,0.0,0.0,0.12781977653503418,world
rigid_medium,world_only,90272,False,True,,1.0,-2.0,short,-0.2,58,True,3.6,0.14999742805957794,0.24468629292249852,0.4536246250328585,world,settled,world,settled,world,settled,0.13444294035434723,0.07278590199070127,1.0,0.0,0.0,0.14999742805957794,world
rigid_medium,world_only,90273,False,True,,1.0,2.0,medium,-0.2,71,True,4.9,0.11633303016424179,-0.12735605310136533,0.0789858405918114,world,settled,world,settled,world,settled,0.12612959742546082,-0.01908927014947597,1.0,0.0,0.0,0.11633303016424179,world
rigid_medium,world_only,90274,False,True,,1.0,4.0,short,-0.15000000000000002,60,True,5.050000000000001,0.14726999402046204,0.21454397836536815,0.4232719509176418,world,settled,world,settled,world,settled,0.11734191328287125,-0.11620638114438468,1.0,0.0,0.0,0.14726999402046204,world
rigid_medium,world_only,90275,False,True,,1.0,4.0,medium,0.2,76,True,4.6000000000000005,0.10585115104913712,-0.243196585786528,-0.03766312912355819,world,settled,world,settled,world,settled,0.10877611488103867,-0.21087136531377126,1.0,0.0,0.0,0.10585115104913712,world
rigid_medium,world_only,90276,False,True,,1.0,1.0,short,-0.1,69,True,3.0,0.10651665925979614,-0.23584169926912257,-0.0302569137450381,world,settled,world,settled,world,settled,0.12676742672920227,-0.012040356554873361,1.0,0.0,0.0,0.10651665925979614,world
rigid_medium,world_only,90277,False,True,,1.0,-1.0,medium,0.25,75,True,3.0500000000000003,0.1009160652756691,-0.2977366727780947,-0.092583844768435,world,settled,world,settled,world,settled,0.129118412733078,0.01394181695039714,1.0,0.0,0.0,0.1009160652756691,world
rigid_medium,world_only,90278,False,True,,1.0,2.0,short,0.2,64,True,3.0,0.08687300980091095,-0.4529336330525366,-0.24886390580867204,world,settled,world,settled,world,settled,0.13163456320762634,0.04174897607487399,1.0,0.0,0.0,0.08687300980091095,world
rigid_medium,world_only,90279,False,True,,1.0,-2.0,medium,-0.15000000000000002,63,False,nan,nan,nan,nan,alarm,persistent,world,decayed,world,decayed,0.11241370439529419,-0.1706703559857737,1.0,0.0,0.0,nan,alarm
rigid_medium,world_only,90280,False,True,,1.0,4.0,short,0.2,77,True,4.9,0.12310729920864105,-0.05249004240983224,0.15437433209333346,world,settled,world,settled,world,settled,0.12927550077438354,0.015677653785960022,1.0,0.0,0.0,0.12310729920864105,world
rigid_medium,world_only,90281,False,True,,1.0,4.0,medium,0.1,77,True,4.3500000000000005,0.10631765425205231,-0.2380410680691975,-0.032471631673262315,world,settled,world,settled,world,settled,0.1342678964138031,0.07085140036490357,1.0,0.0,0.0,0.10631765425205231,world
rigid_medium,world_only,90282,False,True,,1.0,1.0,short,0.15000000000000002,68,True,3.6,0.14893218874931335,0.23291395340266927,0.4417701277830931,world,settled,world,settled,world,settled,0.14281781017780304,0.16534094236914015,1.0,0.0,0.0,0.14893218874931335,world
rigid_medium,world_only,90283,False,True,,1.0,-1.0,medium,-0.05,74,True,3.0,0.1371145248413086,0.10231085812369556,0.31025556933975257,world,settled,world,settled,world,settled,0.11425671726465225,-0.15030254533507495,1.0,0.0,0.0,0.1371145248413086,world
rigid_medium,world_only,90284,False,True,,1.0,2.0,short,-0.2,72,True,3.0,0.10892967879772186,-0.20917426064315164,-0.003403366298723687,world,settled,world,settled,world,settled,0.11278349161148071,-0.16658380258644642,1.0,0.0,0.0,0.10892967879772186,world
rigid_medium,world_only,90285,False,True,,1.0,-2.0,medium,-0.2,73,False,nan,nan,nan,nan,alarm,persistent,world,decayed,world,decayed,0.12116638571023941,-0.0739401634308583,1.0,0.0,0.0,nan,alarm
rigid_medium,world_only,90286,False,True,,1.0,4.0,short,-0.1,67,True,4.5,0.13461020588874817,0.07463432856505581,0.2823858886375176,world,settled,world,settled,world,settled,0.1217348724603653,-0.06765739666052753,1.0,0.0,0.0,0.13461020588874817,world
rigid_medium,world_only,90287,False,True,,1.0,4.0,medium,0.2,79,True,4.3500000000000005,0.1619667112827301,0.3769650800578505,0.5868265697828402,world,settled,world,settled,body,settled,0.11228072643280029,-0.17214008346864923,1.0,0.0,0.0,0.1619667112827301,world
rigid_medium,world_only,90288,False,True,,1.0,-1.0,short,-0.05,78,True,3.0,0.13185706734657288,0.04420804031564488,0.2517472590120581,world,settled,world,settled,world,settled,0.14015081524848938,0.13586642318257147,1.0,0.0,0.0,0.13185706734657288,world
rigid_medium,world_only,90289,False,True,,1.0,1.0,medium,-0.05,64,True,3.0,0.13409091532230377,0.06889536807551977,0.2766068766386602,world,settled,world,settled,world,settled,0.1257353127002716,-0.02344673268915959,1.0,0.0,0.0,0.13409091532230377,world
rigid_medium,world_only,90290,False,True,,1.0,2.0,short,0.1,66,True,3.0,0.13025036454200745,0.026451491960148316,0.2338667898588364,world,settled,world,settled,world,settled,0.12021102756261826,-0.08449822498702805,1.0,0.0,0.0,0.13025036454200745,world
rigid_medium,world_only,90291,False,True,,1.0,-2.0,medium,0.15000000000000002,75,True,6.25,0.11211474984884262,-0.17397432669424337,0.03204222372069382,world,settled,world,settled,world,settled,0.10752721130847931,-0.2246737097157348,1.0,0.0,0.0,0.11211474984884262,world
rigid_medium,world_only,90292,False,True,,1.0,-4.0,short,0.1,74,False,nan,nan,nan,nan,alarm,persistent,world,decayed,world,decayed,0.13372346758842468,0.06483463860684677,1.0,0.0,0.0,nan,alarm
rigid_medium,world_only,90293,False,True,,1.0,4.0,medium,0.1,69,True,4.25,0.12595391273498535,-0.02103070044188115,0.18605322499396154,world,settled,world,settled,world,settled,0.109516441822052,-0.20268966786397252,1.0,0.0,0.0,0.12595391273498535,world
rigid_medium,world_only,90294,False,True,,1.0,-1.0,short,-0.1,70,True,3.0,0.11873676627874374,-0.10079115086740828,0.10573613605706618,world,settled,world,settled,world,settled,0.13697709143161774,0.10079188479617791,1.0,0.0,0.0,0.11873676627874374,world
rigid_medium,world_only,90295,False,True,,1.0,1.0,medium,0.2,64,True,3.0,0.14031526446342468,0.13768371591562034,0.34587529001671735,world,settled,world,settled,world,settled,0.13353849947452545,0.06279030036248492,1.0,0.0,0.0,0.14031526446342468,world
rigid_medium,world_only,90296,False,True,,1.0,-2.0,short,0.25,84,True,3.0,0.12936720252037048,0.01669123418684416,0.22403841643011008,world,settled,world,settled,world,settled,0.12352018058300018,-0.04792738151738679,1.0,0.0,0.0,0.12936720252037048,world
rigid_medium,world_only,90297,False,True,,1.0,2.0,medium,-0.05,62,True,4.9,0.1491803675889969,0.23565654135964725,0.4445318559288429,world,settled,world,settled,world,settled,0.13301298022270203,0.05698254313078742,1.0,0.0,0.0,0.1491803675889969,world
rigid_medium,world_only,90298,False,True,,1.0,4.0,short,0.05,62,True,4.800000000000001,0.1304449737071991,0.028602398948230724,0.23603270776595892,world,settled,world,settled,world,settled,0.11680102348327637,-0.12218383834477456,1.0,0.0,0.0,0.1304449737071991,world
rigid_medium,world_only,90299,False,True,,1.0,-4.0,medium,0.05,67,True,4.800000000000001,0.10934891551733017,-0.20454105688266372,0.0012621720289631932,world,settled,world,settled,world,settled,0.12420741468667984,-0.04033223929759748,1.0,0.0,0.0,0.10934891551733017,world
rigid_medium,world_only,90300,False,True,,1.0,-1.0,short,-0.15000000000000002,67,True,3.0,0.11750198900699615,-0.11443730140167693,0.09199475069301936,world,settled,world,settled,world,settled,0.1353030800819397,0.08229162447780669,1.0,0.0,0.0,0.11750198900699615,world
rigid_medium,world_only,90301,False,True,,1.0,-1.0,medium,-0.25,72,True,3.0,0.11361987888813019,-0.1573405727894405,0.0487920625769061,world,settled,world,settled,world,settled,0.11142082512378693,-0.18164331465148406,1.0,0.0,0.0,0.11361987888813019,world
rigid_medium,world_only,90302,False,True,,1.0,-2.0,short,0.2,78,True,3.0,0.11313877254724503,-0.16265734597809176,0.043438184272909706,world,settled,world,settled,world,settled,0.12117308378219604,-0.07386599759606005,1.0,0.0,0.0,0.11313877254724503,world
rigid_medium,world_only,90303,False,True,,1.0,2.0,medium,-0.15000000000000002,59,True,5.050000000000001,0.12325868755578995,-0.050817180224293004,0.15605886898120586,world,settled,world,settled,world,settled,0.14655151963233948,0.2066038617797993,1.0,0.0,0.0,0.12325868755578995,world
rigid_medium,world_only,90304,False,True,,1.0,4.0,short,0.05,80,True,4.75,0.11634330451488495,-0.1272424069641349,0.07910027985165219,world,settled,world,settled,world,settled,0.13416841626167297,0.06975188759262359,1.0,0.0,0.0,0.11634330451488495,world
rigid_medium,world_only,90305,False,True,,1.0,-4.0,medium,-0.25,73,True,6.7,0.13669392466545105,0.09766244279177985,0.30557471328092556,world,settled,world,settled,world,settled,0.1341913640499115,0.07000565994583718,1.0,0.0,0.0,0.13669392466545105,world
rigid_medium,world_only,90306,False,True,,1.0,1.0,short,-0.15000000000000002,64,True,3.0,0.12679369747638702,-0.011749945020494335,0.19539874968200338,world,settled,world,settled,world,settled,0.12958285212516785,0.019074742588099814,1.0,0.0,0.0,0.12679369747638702,world
rigid_medium,world_only,90307,False,True,,1.0,1.0,medium,-0.05,72,True,3.0,0.09817339479923248,-0.32804736188475836,-0.12310606849874825,world,settled,world,settled,world,settled,0.1404147446155548,0.13878314892087656,1.0,0.0,0.0,0.09817339479923248,world
rigid_medium,world_only,90308,False,True,,1.0,-2.0,short,-0.25,62,True,3.0,0.11791595071554184,-0.10986231007123873,0.09660167033316634,world,settled,world,settled,world,settled,0.11178715527057648,-0.17759484434510847,1.0,0.0,0.0,0.11791595071554184,world
rigid_medium,world_only,90309,False,True,,1.0,2.0,medium,0.25,65,True,5.4,0.1498233824968338,0.2427628984687876,0.45168780744249554,world,settled,world,settled,world,settled,0.12682171165943146,-0.011440268206003575,1.0,0.0,0.0,0.1498233824968338,world
rigid_medium,world_only,90310,False,True,,1.0,4.0,short,0.15000000000000002,70,True,4.9,0.1377318650484085,0.10913325369859368,0.31712557758605014,world,settled,world,settled,world,settled,0.11076877266168594,-0.18884944544750226,1.0,0.0,0.0,0.1377318650484085,world
rigid_medium,world_only,90311,False,True,,1.0,-4.0,medium,-0.05,66,True,4.800000000000001,0.14059790968894958,0.1408074724610729,0.34902084688029833,world,settled,world,settled,world,settled,0.11996407806873322,-0.08722756692210283,1.0,0.0,0.0,0.14059790968894958,world
rigid_medium,world_only,90312,False,True,,1.0,1.0,short,0.2,69,True,3.0,0.12002293765544891,-0.0865768877536455,0.12004959878940724,world,settled,world,settled,world,settled,0.1017158254981041,-0.28889815975989597,1.0,0.0,0.0,0.12002293765544891,world
rigid_medium,world_only,90313,False,True,,1.0,-1.0,medium,-0.2,66,True,3.0,0.13073468208312988,0.031804034740749755,0.2392566873864276,world,settled,world,settled,world,settled,0.10701549053192139,-0.23032892923986767,1.0,0.0,0.0,0.13073468208312988,world
rigid_medium,world_only,90314,False,True,,1.0,2.0,short,-0.05,66,True,3.0,0.1221025213599205,-0.06359453046487021,0.14319234716274515,world,settled,world,settled,world,settled,0.12343379110097885,-0.048881726540470044,1.0,0.0,0.0,0.1221025213599205,world
rigid_medium,world_only,90315,False,True,,1.0,2.0,medium,0.0,65,True,4.800000000000001,0.12785665690898895,-2.3974776138135924e-06,0.20722828193461923,world,settled,world,settled,world,settled,0.1223657950758934,-0.06068496420291558,1.0,0.0,0.0,0.12785665690898895,world
rigid_medium,world_only,90316,False,True,,1.0,4.0,short,-0.05,63,True,4.75,0.12134890258312225,-0.07192302213921103,0.13480573195496368,world,settled,world,settled,world,settled,0.11882804334163666,-0.09978246983431631,1.0,0.0,0.0,0.12134890258312225,world
rigid_medium,world_only,90317,False,True,,1.0,4.0,medium,0.25,84,True,4.3500000000000005,0.15040262043476105,0.2491643552253791,0.4581339391895186,world,settled,world,settled,world,settled,0.11214517056941986,-0.17363803046602116,1.0,0.0,0.0,0.15040262043476105,world
rigid_medium,world_only,90318,False,True,,1.0,-1.0,short,0.1,75,True,3.0,0.13795435428619385,0.11159232771725784,0.31960181318409087,world,settled,world,settled,world,settled,0.1309083104133606,0.03372280167783172,1.0,0.0,0.0,0.13795435428619385,world
rigid_medium,world_only,90319,False,True,,1.0,1.0,medium,-0.25,65,True,3.0,0.10402469336986542,-0.26338161544857946,-0.057989027659883376,world,settled,world,settled,world,settled,0.12134281545877457,-0.07199033521473089,1.0,0.0,0.0,0.10402469336986542,world
rigid_medium,world_only,90320,False,True,,1.0,2.0,short,0.25,76,True,3.0,0.14207632839679718,0.1571462907546856,0.3654736918054553,world,settled,world,settled,world,settled,0.1481667309999466,0.22445446446224313,1.0,0.0,0.0,0.14207632839679718,world
rigid_medium,world_only,90321,False,True,,1.0,2.0,medium,-0.15000000000000002,57,True,5.050000000000001,0.15386822819709778,0.2874645722144997,0.4967014487485303,world,settled,world,settled,world,settled,0.11938406527042389,-0.09363750034018842,1.0,0.0,0.0,0.15386822819709778,world
rigid_medium,world_only,90322,False,True,,1.0,4.0,short,-0.1,74,True,5.15,0.14141270518302917,0.14981226048354618,0.35808847822641476,world,settled,world,settled,world,settled,0.13387782871723175,0.06654044869019955,1.0,0.0,0.0,0.14141270518302917,world
rigid_medium,world_only,90323,False,True,,1.0,-4.0,medium,-0.05,75,True,4.4,0.11037210375070572,-0.19323329626953317,0.012648848132177194,world,settled,world,settled,world,settled,0.13502280414104462,0.07919425910947245,1.0,0.0,0.0,0.11037210375070572,world
rigid_medium,world_only,90324,False,True,,1.0,1.0,short,-0.05,72,True,3.0,0.12499020248651505,-0.03168123127704249,0.17532836539563834,world,settled,world,settled,world,settled,0.11888009309768677,-0.0992069723723015,1.0,0.0,0.0,0.12499020248651505,world
rigid_medium,world_only,90325,False,True,,1.0,1.0,medium,0.05,80,True,3.0,0.11187217384576797,-0.1766553220935405,0.02934251797961589,world,settled,world,settled,world,settled,0.1146971806883812,-0.14543466956386514,1.0,0.0,0.0,0.11187217384576797,world
rigid_medium,world_only,90326,False,True,,1.0,2.0,short,0.1,73,True,3.1500000000000004,0.11817016452550888,-0.10705283649992865,0.09943075087983977,world,settled,world,settled,world,settled,0.12366311252117157,-0.04634732903591141,1.0,0.0,0.0,0.11817016452550888,world
rigid_medium,world_only,90327,False,True,,1.0,-2.0,medium,0.25,78,False,nan,nan,nan,nan,alarm,persistent,world,decayed,world,decayed,0.10359456390142441,-0.26813530575455313,1.0,0.0,0.0,nan,alarm
rigid_medium,world_only,90328,False,True,,1.0,-4.0,short,0.15000000000000002,74,False,nan,nan,nan,nan,alarm,persistent,world,decayed,world,decayed,0.1291445791721344,0.014230989394121837,1.0,0.0,0.0,nan,alarm
rigid_medium,world_only,90329,False,True,,1.0,4.0,medium,0.15000000000000002,75,True,4.5,0.1364431083202362,0.09489075576021225,0.30278368298167335,world,settled,world,settled,world,settled,0.10714347660541534,-0.22891444788301046,1.0,0.0,0.0,0.1364431083202362,world
rigid_medium,world_only,90330,False,True,,1.0,1.0,short,0.1,82,True,3.0,0.1088428944349289,-0.2101333530907125,-0.004369152136171656,world,settled,world,settled,world,settled,0.1148819699883461,-0.14339248554377035,1.0,0.0,0.0,0.1088428944349289,world
rigid_medium,world_only,90331,False,True,,1.0,1.0,medium,-0.05,61,True,3.0,0.14112862944602966,0.14667271534230858,0.3549270225803534,world,settled,world,settled,world,settled,0.14649559557437897,0.205985805265549,1.0,0.0,0.0,0.14112862944602966,world
rigid_medium,world_only,90332,False,True,,1.0,-2.0,short,-0.1,70,True,3.0,0.0997941717505455,-0.310135410127041,-0.1050691114018067,world,settled,world,settled,world,settled,0.14301542937755585,0.1675248008574178,1.0,0.0,0.0,0.0997941717505455,world
rigid_medium,world_only,90333,False,True,,1.0,2.0,medium,0.1,72,True,4.55,0.15786249935626984,0.3316072431607987,0.5411521860424022,world,settled,world,settled,body,settled,0.11464313417673111,-0.1460317694797874,1.0,0.0,0.0,0.15786249935626984,world
rigid_medium,world_only,90334,False,True,,1.0,4.0,short,0.05,61,True,4.95,0.12040064483880997,-0.08240264003229313,0.12425297807941671,world,settled,world,settled,world,settled,0.12092088162899017,-0.0766532735485403,1.0,0.0,0.0,0.12040064483880997,world
rigid_medium,world_only,90335,False,True,,1.0,-4.0,medium,0.1,77,True,6.9,0.11465640366077423,-0.1458852274219655,0.06032735341056814,world,settled,world,settled,world,settled,0.11988182365894318,-0.08813645863655355,1.0,0.0,0.0,0.11465640366077423,world
rigid_medium,world_only,90336,False,True,,1.0,-1.0,short,-0.15000000000000002,76,True,3.0,0.12882187962532043,0.010664633037752214,0.2179697563624145,world,settled,world,settled,world,settled,0.11069568246603012,-0.18965733667111564,1.0,0.0,0.0,0.12882187962532043,world
rigid_medium,world_only,90337,False,True,,1.0,1.0,medium,-0.25,60,True,3.6500000000000004,0.11050307750701904,-0.19178570844573872,0.01410653849585215,world,settled,world,settled,world,settled,0.12935200333595276,0.016523143710840515,1.0,0.0,0.0,0.11050307750701904,world
rigid_medium,world_only,90338,False,True,,1.0,2.0,short,-0.1,58,True,3.0,0.13657094538211823,0.09630348159926458,0.3042062680630422,world,settled,world,settled,world,settled,0.1116730198264122,-0.17885619565992145,1.0,0.0,0.0,0.13657094538211823,world
rigid_medium,world_only,90339,False,True,,1.0,2.0,medium,-0.05,61,True,4.9,0.11174867302179337,-0.1780200604770786,0.027968255252394058,world,settled,world,settled,world,settled,0.1203593760728836,-0.08285899669570658,1.0,0.0,0.0,0.11174867302179337,world
rigid_medium,world_only,90340,False,True,,1.0,4.0,short,-0.2,57,True,4.95,0.12689080834388733,-0.010676743915621966,0.1964794405272449,world,settled,world,settled,world,settled,0.13365159928798676,0.06404027226807855,1.0,0.0,0.0,0.12689080834388733,world
rigid_medium,world_only,90341,False,True,,1.0,4.0,medium,0.15000000000000002,71,True,4.3500000000000005,0.11796493828296661,-0.10932107048741772,0.09714668716240946,world,settled,world,settled,world,settled,0.11777307093143463,-0.1114414254188417,1.0,0.0,0.0,0.11796493828296661,world
rigid_medium,world_only,90342,False,True,,1.0,1.0,short,-0.2,69,True,3.0,0.12651966512203217,-0.014778362732604508,0.1923491970099215,world,settled,world,settled,world,settled,0.1331024318933487,0.057971138055362026,1.0,0.0,0.0,0.12651966512203217,world
rigid_medium,world_only,90343,False,True,,1.0,1.0,medium,-0.1,70,True,3.0,0.11923660337924957,-0.09526720779394379,0.11129863005937941,world,settled,world,settled,world,settled,0.1288531869649887,0.011010667018382603,1.0,0.0,0.0,0.11923660337924957,world
rigid_medium,world_only,90344,False,True,,1.0,2.0,short,0.2,65,True,3.0,0.10787024348974228,-0.22088251610804485,-0.015193332258704683,world,settled,world,settled,world,settled,0.13671275973320007,0.09787071449077264,1.0,0.0,0.0,0.10787024348974228,world
rigid_medium,world_only,90345,False,True,,1.0,-2.0,medium,0.0,75,False,nan,nan,nan,nan,alarm,persistent,world,decayed,world,decayed,0.11524327099323273,-0.13939934215968872,1.0,0.0,0.0,nan,alarm
rigid_medium,world_only,90346,False,True,,1.0,4.0,short,-0.2,59,False,nan,nan,nan,nan,alarm,persistent,world,decayed,world,decayed,0.0984145849943161,-0.32538186624742643,1.0,0.0,0.0,nan,alarm
rigid_medium,world_only,90347,False,True,,1.0,-4.0,medium,-0.2,63,True,5.0,0.15829777717590332,0.33641765631198195,0.5459961704836328,world,settled,world,settled,body,settled,0.10591743141412735,-0.2424641871034369,1.0,0.0,0.0,0.15829777717590332,world
rigid_medium,world_only,90348,False,True,,1.0,-1.0,short,0.25,77,True,3.0,0.11611542850732803,-0.129760824560708,0.07656428652406852,world,settled,world,settled,world,settled,0.11893042176961899,-0.09865082021473524,1.0,0.0,0.0,0.11611542850732803,world
rigid_medium,world_only,90349,False,True,,1.0,1.0,medium,0.05,63,True,3.0,0.15941283106803894,0.3487405989063113,0.5584051133999862,world,settled,world,settled,body,settled,0.12394644320011139,-0.043216182590335016,1.0,0.0,0.0,0.15941283106803894,world
rigid_medium,world_only,90350,False,True,,1.0,-2.0,short,0.05,79,True,3.0,0.10702738910913467,-0.2301974487400062,-0.02457327267592917,world,settled,world,settled,world,settled,0.12854407727718353,0.007594465136758577,1.0,0.0,0.0,0.10702738910913467,world
rigid_medium,world_only,90351,False,True,,1.0,2.0,medium,0.25,75,True,5.050000000000001,0.11389420181512833,-0.1543087733414931,0.05184502058554952,world,settled,world,settled,world,settled,0.1457657516002655,0.19792006333697448,1.0,0.0,0.0,0.11389420181512833,world
rigid_medium,world_only,90352,False,True,,1.0,-4.0,short,0.2,76,False,nan,nan,nan,nan,alarm,persistent,world,decayed,world,decayed,0.12472470849752426,-0.03461525745354539,1.0,0.0,0.0,nan,alarm
rigid_medium,world_only,90353,False,True,,1.0,-4.0,medium,-0.05,65,True,6.550000000000001,0.13337811827659607,0.06101802427794194,0.2686745578139652,world,settled,world,settled,world,settled,0.13155463337898254,0.04086575081553398,1.0,0.0,0.0,0.13337811827659607,world
rigid_medium,world_only,90354,False,True,,1.0,-1.0,short,-0.25,72,True,3.0,0.12792085111141205,0.000706901190027348,0.20794253071164875,world,settled,world,settled,world,settled,0.11884202063083649,-0.09962788906169191,1.0,0.0,0.0,0.12792085111141205,world
rigid_medium,world_only,90355,False,True,,1.0,1.0,medium,0.0,71,True,3.0,0.09479004144668579,-0.3654385142451059,-0.1607581691771804,world,settled,world,settled,world,settled,0.11062997579574585,-0.19038330613209303,1.0,0.0,0.0,0.09479004144668579,world
rigid_medium,world_only,90356,False,True,,1.0,2.0,short,0.2,78,True,3.0,0.13135400414466858,0.03864840947575786,0.24614882818272815,world,settled,world,settled,world,settled,0.13462494313716888,0.07479724962329495,1.0,0.0,0.0,0.13135400414466858,world
rigid_medium,world_only,90357,False,True,,1.0,-2.0,medium,-0.1,69,False,nan,nan,nan,nan,alarm,persistent,world,decayed,world,decayed,0.12290273606777191,-0.0547509090120832,1.0,0.0,0.0,nan,alarm
rigid_medium,world_only,90358,False,True,,1.0,4.0,short,-0.15000000000000002,74,True,5.050000000000001,0.12306560575962067,-0.052950917231858255,0.1539102408818125,world,settled,world,settled,world,settled,0.14119020104408264,0.14735326031370727,1.0,0.0,0.0,0.12306560575962067,world
rigid_medium,world_only,90359,False,True,,1.0,-4.0,medium,-0.2,57,True,5.050000000000001,0.11370406299829483,-0.1564100274157994,0.04972910211386724,world,settled,world,settled,world,settled,0.13817548751831055,0.11403595781087347,1.0,0.0,0.0,0.11370406299829483,world
rigid_medium,body_world,90360,True,True,m,1.436507707360915,1.0,short,-0.15000000000000002,74,True,3.0,0.12414328753948212,-0.04104081877546002,0.16590345847105972,world,settled,world,settled,world,settled,0.13066038489341736,0.03098265105372684,1.0,0.0,0.0,0.12414328753948212,world
rigid_medium,body_world,90361,True,True,l,1.4256287739373548,-1.0,medium,-0.25,60,False,nan,nan,nan,nan,alarm,persistent,world,decayed,world,decayed,0.113009974360466,-0.16408083303192952,1.0,0.0,0.0,nan,alarm
rigid_medium,body_world,90362,True,True,m,1.4329806398316671,-2.0,short,0.2,74,False,nan,nan,nan,nan,alarm,persistent,world,decayed,world,decayed,0.10445002466440201,-0.25868119561956515,1.0,0.0,0.0,nan,alarm
rigid_medium,body_world,90363,True,True,l,1.210563351806276,-2.0,medium,-0.15000000000000002,77,False,nan,nan,nan,nan,alarm,persistent,world,decayed,world,decayed,0.10649533569812775,-0.23607741339741267,1.0,0.0,0.0,nan,alarm
rigid_medium,body_world,90364,True,True,m,1.372696280105733,-4.0,short,-0.15000000000000002,58,False,nan,nan,nan,nan,alarm,persistent,world,decayed,world,decayed,0.10738948732614517,-0.2261957273131166,1.0,0.0,0.0,nan,alarm
rigid_medium,body_world,90365,True,True,l,1.2749895656307437,-4.0,medium,-0.2,74,False,nan,nan,nan,nan,alarm,persistent,world,decayed,world,decayed,0.14175526797771454,0.15359809400455346,1.0,0.0,0.0,nan,alarm
rigid_medium,body_world,90366,True,True,m,1.3066897985826524,-1.0,short,-0.15000000000000002,69,True,3.0,0.11671455204486847,-0.12313957079944493,0.08323174921240514,world,settled,world,settled,world,settled,0.12689237296581268,-0.010659403593912181,1.0,0.0,0.0,0.11671455204486847,world
rigid_medium,body_world,90367,True,True,l,1.3576619828175316,1.0,medium,0.15000000000000002,62,True,3.0,0.12224433571100235,-0.06202731815840058,0.14477049685385363,world,settled,world,settled,world,settled,0.12485826015472412,-0.03313936372242157,1.0,0.0,0.0,0.12224433571100235,world
rigid_medium,body_world,90368,True,True,m,1.4143053583788585,2.0,short,0.05,60,True,3.0,0.12696509063243866,-0.009855811555565586,0.19730610207469176,world,settled,world,settled,world,settled,0.11844682693481445,-0.10399533225723663,1.0,0.0,0.0,0.12696509063243866,world
rigid_medium,body_world,90369,True,True,l,1.3743712386074276,-2.0,medium,0.1,67,False,nan,nan,nan,nan,alarm,persistent,world,decayed,world,decayed,0.13496103882789612,0.07851154190189821,1.0,0.0,0.0,nan,alarm
rigid_medium,body_world,90370,True,True,m,1.5116611087725051,4.0,short,-0.25,61,False,nan,nan,nan,nan,alarm,persistent,world,decayed,world,decayed,0.12023992836475372,-0.08417900096039072,1.0,0.0,0.0,nan,alarm
rigid_medium,body_world,90371,True,True,l,1.462891218935012,4.0,medium,0.2,69,True,4.800000000000001,0.1295587122440338,0.018807815623419096,0.2261697692318637,world,settled,world,settled,world,settled,0.11802414804697037,-0.1086666713452111,1.0,0.0,0.0,0.1295587122440338,world
rigid_medium,body_world,90372,True,True,m,1.6331779731038802,-1.0,short,-0.1,65,True,3.0,0.1023189052939415,-0.2822332093657134,-0.07697218456492633,world,settled,world,settled,world,settled,0.13225285708904266,0.0485820231205716,1.0,0.0,0.0,0.1023189052939415,world
rigid_medium,body_world,90373,True,True,l,1.2018022497580947,-1.0,medium,0.1,66,True,3.0,0.10160697996616364,-0.290101070922672,-0.08489495497359474,world,settled,world,settled,world,settled,0.1250862181186676,-0.030619975798601574,1.0,0.0,0.0,0.10160697996616364,world
rigid_medium,body_world,90374,True,True,m,1.3280228263513763,-2.0,short,0.1,73,False,nan,nan,nan,nan,alarm,persistent,world,decayed,world,decayed,0.10542865097522736,-0.24786597701524532,1.0,0.0,0.0,nan,alarm
rigid_medium,body_world,90375,True,True,l,1.308876304017658,2.0,medium,-0.25,65,True,4.9,0.10057055950164795,-0.3015551896791723,-0.09642901063591276,world,settled,world,settled,world,settled,0.11760373413562775,-0.11331285860403455,1.0,0.0,0.0,0.10057055950164795,world
rigid_medium,body_world,90376,True,True,m,1.5016949779873145,4.0,short,0.2,70,False,nan,nan,nan,nan,alarm,persistent,world,decayed,world,decayed,0.12547095119953156,-0.026368152073529428,1.0,0.0,0.0,nan,alarm
rigid_medium,body_world,90377,True,True,l,1.2414565409093206,-4.0,medium,0.25,66,True,4.65,0.11846897751092911,-0.10375066337993596,0.10275596946559887,world,settled,world,settled,world,settled,0.10003499686717987,-0.3074737597748794,1.0,0.0,0.0,0.11846897751092911,world
rigid_medium,body_world,90378,True,True,m,1.4238236120964585,1.0,short,0.25,66,True,3.0,0.12830252945423126,0.0049249152761165595,0.2121899818065473,world,settled,world,settled,world,settled,0.119173064827919,-0.09596936473983016,1.0,0.0,0.0,0.12830252945423126,world
rigid_medium,body_world,90379,True,True,l,1.2836548774066676,-1.0,medium,-0.25,64,True,3.0,0.09225884824991226,-0.39341206686648456,-0.18892694583009056,world,settled,world,settled,world,settled,0.12499967962503433,-0.031576535257189065,1.0,0.0,0.0,0.09225884824991226,world
rigid_medium,body_world,90380,True,True,m,1.3621236417497946,2.0,short,0.2,70,True,3.0,0.10923836380243301,-0.2057627307933021,3.197220424877578e-05,world,settled,world,settled,world,settled,0.11533001810312271,-0.13844087215222617,1.0,0.0,0.0,0.10923836380243301,world
rigid_medium,body_world,90381,True,True,l,1.3983378082528164,-2.0,medium,-0.2,74,False,nan,nan,nan,nan,alarm,persistent,world,decayed,world,decayed,0.1286977380514145,0.009292685001832673,1.0,0.0,0.0,nan,alarm
rigid_medium,body_world,90382,True,True,m,1.3509200717074077,-4.0,short,-0.2,74,False,nan,nan,nan,nan,alarm,persistent,world,decayed,world,decayed,0.11282891035079956,-0.16608172346502353,1.0,0.0,0.0,nan,alarm
rigid_medium,body_world,90383,True,True,l,1.2311925915846564,4.0,medium,-0.2,58,True,4.55,0.0912385806441307,-0.4046874902498311,-0.20028105902591511,world,settled,world,settled,world,settled,0.09387804567813873,-0.37551749351279795,1.0,0.0,0.0,0.0912385806441307,world
rigid_medium,body_world,90384,True,True,m,1.524037917146982,-1.0,short,0.25,63,True,3.0,0.1298304796218872,0.021811060792683357,0.22919397368497565,world,settled,world,settled,world,settled,0.10755030065774918,-0.22441845112274983,1.0,0.0,0.0,0.1298304796218872,world
rigid_medium,body_world,90385,True,True,l,1.3531822605860213,1.0,medium,-0.2,58,True,3.0,0.1398223340511322,0.13223616469154248,0.3403897209932441,world,settled,world,settled,world,settled,0.11621855199337006,-0.12862119926800464,1.0,0.0,0.0,0.1398223340511322,world
rigid_medium,body_world,90386,True,True,m,1.3095845696334245,2.0,short,0.1,61,True,3.0,0.11925718933343887,-0.09503964624144967,0.11152777973635308,world,settled,world,settled,world,settled,0.11091150343418121,-0.1872721791509723,1.0,0.0,0.0,0.11925718933343887,world
rigid_medium,body_world,90387,True,True,l,1.3723802328668413,-2.0,medium,-0.2,61,False,nan,nan,nan,nan,alarm,persistent,world,decayed,world,decayed,0.11781088262796402,-0.11102348738450558,1.0,0.0,0.0,nan,alarm
rigid_medium,body_world,90388,True,True,m,1.6369604542264304,4.0,short,0.25,64,False,nan,nan,nan,nan,alarm,persistent,world,decayed,world,decayed,0.13285143673419952,0.05519734684690192,1.0,0.0,0.0,nan,alarm
rigid_medium,body_world,90389,True,True,l,1.4434986184388112,4.0,medium,0.1,68,True,4.75,0.11682043224573135,-0.12196957845811555,0.08440990678840551,world,settled,world,settled,world,settled,0.09604789316654205,-0.35153735393950375,1.0,0.0,0.0,0.11682043224573135,world
rigid_medium,body_world,90390,True,True,m,1.628686273513856,1.0,short,-0.25,63,True,3.0,0.11517946422100067,-0.1401046352361731,0.06614828764824161,world,settled,world,settled,world,settled,0.12048667669296265,-0.08145178340127729,1.0,0.0,0.0,0.11517946422100067,world
rigid_medium,body_world,90391,True,True,l,1.4997252692437577,-1.0,medium,-0.25,60,True,3.0,0.11868433654308319,-0.10137055176732686,0.1051526915885281,world,settled,world,settled,world,settled,0.10474605858325958,-0.25540951357305464,1.0,0.0,0.0,0.11868433654308319,world
rigid_medium,body_world,90392,True,True,m,1.4793682183432437,2.0,short,-0.2,56,True,3.0,0.11987171322107315,-0.08824835864790287,0.11836646290246974,world,settled,world,settled,world,settled,0.1315949708223343,0.04131142255746057,1.0,0.0,0.0,0.11987171322107315,world
rigid_medium,body_world,90393,True,True,l,1.373838534697687,-2.0,medium,0.2,80,False,nan,nan,nan,nan,alarm,persistent,world,decayed,world,decayed,0.1371891051530838,0.10313507971557286,1.0,0.0,0.0,nan,alarm
rigid_medium,body_world,90394,True,True,m,1.374879786515465,4.0,short,-0.2,58,False,nan,nan,nan,nan,alarm,persistent,world,decayed,world,decayed,0.0984046533703804,-0.3254916483156388,1.0,0.0,0.0,nan,alarm
rigid_medium,body_world,90395,True,True,l,1.2278138310881848,-4.0,medium,-0.2,72,True,4.3500000000000005,0.08202987909317017,-0.5064575424546574,-0.3027613520839329,world,settled,world,settled,world,settled,0.10628713667392731,-0.23837828444863557,1.0,0.0,0.0,0.08202987909317017,world
rigid_medium,body_world,90396,True,True,m,1.5997246997728216,1.0,short,-0.15000000000000002,76,True,3.0,0.12243542820215225,-0.059915411584042885,0.14689714216809338,world,settled,world,settled,world,settled,0.12539958953857422,-0.027156885316543544,1.0,0.0,0.0,0.12243542820215225,world
rigid_medium,body_world,90397,True,True,l,1.2083810902658325,1.0,medium,0.15000000000000002,74,True,3.0,0.14930307865142822,0.23701266226716305,0.44589744103972223,world,settled,world,settled,world,settled,0.09201979637145996,-0.39605392135917006,1.0,0.0,0.0,0.14930307865142822,world
rigid_medium,body_world,90398,True,True,m,1.605681322392905,2.0,short,-0.05,61,True,3.0,0.12736983597278595,-0.005382720217813897,0.20181041057446017,world,settled,world,settled,world,settled,0.09880039095878601,-0.3211180610007621,1.0,0.0,0.0,0.12736983597278595,world
rigid_medium,body_world,90399,True,True,l,1.216354811034764,-2.0,medium,-0.25,60,False,nan,nan,nan,nan,alarm,persistent,world,decayed,world,decayed,0.1237407773733139,-0.045489117685965315,1.0,0.0,0.0,nan,alarm
rigid_medium,body_world,90400,True,True,m,1.3999353886758357,4.0,short,-0.05,71,False,nan,nan,nan,nan,alarm,persistent,world,decayed,world,decayed,0.10810722410678864,-0.21826352001392135,1.0,0.0,0.0,nan,alarm
rigid_medium,body_world,90401,True,True,l,1.3909618610188579,-4.0,medium,0.2,64,True,4.75,0.10734517872333527,-0.22668538876744648,-0.021036702462710923,world,settled,world,settled,world,settled,0.13406012952327728,0.06855516403507306,1.0,0.0,0.0,0.10734517872333527,world
rigid_medium,body_world,90402,True,True,m,1.4765881692612393,-1.0,short,-0.15000000000000002,72,True,3.0,0.10645528137683868,-0.23652018239161393,-0.030940131918965073,world,settled,world,settled,world,settled,0.08768720179796219,-0.44393565880642544,1.0,0.0,0.0,0.10645528137683868,world
rigid_medium,body_world,90403,True,True,l,1.2287348099119875,1.0,medium,-0.1,60,True,3.0,0.12101461738348007,-0.07561729778380141,0.13108567440863608,world,settled,world,settled,world,settled,0.12543880939483643,-0.02672337881767669,1.0,0.0,0.0,0.12101461738348007,world
rigid_medium,body_world,90404,True,True,m,1.5959684874168683,-2.0,short,-0.2,61,False,nan,nan,nan,nan,alarm,persistent,world,decayed,world,decayed,0.12733417749404907,-0.0057769196502123425,1.0,0.0,0.0,nan,alarm
rigid_medium,body_world,90405,True,True,l,1.4263406910614387,-2.0,medium,-0.15000000000000002,77,False,nan,nan,nan,nan,alarm,persistent,world,decayed,world,decayed,0.12294743210077286,-0.05425690411465393,1.0,0.0,0.0,nan,alarm
rigid_medium,body_world,90406,True,True,m,1.5761825745829299,-4.0,short,0.25,68,False,nan,nan,nan,nan,alarm,persistent,world,decayed,world,decayed,0.12501606345176697,-0.03139540338742941,1.0,0.0,0.0,nan,alarm
rigid_medium,body_world,90407,True,True,l,1.3075505965528191,-4.0,medium,0.25,60,True,4.7,0.11046423017978668,-0.19221512804254712,0.013674122031751135,world,settled,world,settled,world,settled,0.12780706584453583,-0.0005506892382726725,1.0,0.0,0.0,0.11046423017978668,world
rigid_medium,body_world,90408,True,True,m,1.5508532757037867,1.0,short,-0.25,74,True,3.0,0.10822536051273346,-0.21695802691473393,-0.011241454531216855,world,settled,world,settled,world,settled,0.12010906636714935,-0.08562504895898568,1.0,0.0,0.0,0.10822536051273346,world
rigid_medium,body_world,90409,True,True,l,1.386472676208235,1.0,medium,0.05,62,True,3.0,0.09234348684549332,-0.3924766443826241,-0.1879849951461492,world,settled,world,settled,world,settled,0.1412900686264038,0.14845701051613874,1.0,0.0,0.0,0.09234348684549332,world
rigid_medium,body_world,90410,True,True,m,1.305798982810204,2.0,short,0.0,73,True,3.0,0.08210647106170654,-0.5056110645765909,-0.30190896673940354,world,settled,world,settled,world,settled,0.1449592560529709,0.18900695168354537,1.0,0.0,0.0,0.08210647106170654,world
rigid_medium,body_world,90411,True,True,l,1.201605261104429,-2.0,medium,0.15000000000000002,64,False,nan,nan,nan,nan,alarm,persistent,world,decayed,world,decayed,0.1716071516275406,0.48350631341845346,1.0,0.0,0.0,nan,alarm
rigid_medium,body_world,90412,True,True,m,1.6785527327767333,-4.0,short,-0.2,66,False,nan,nan,nan,nan,alarm,persistent,world,decayed,world,decayed,0.13409677147865295,0.06896018264200557,1.0,0.0,0.0,nan,alarm
rigid_medium,body_world,90413,True,True,l,1.497413653722908,4.0,medium,-0.05,68,False,nan,nan,nan,nan,alarm,persistent,world,decayed,world,decayed,0.09516318887472153,-0.3613146594696596,1.0,0.0,0.0,nan,alarm
rigid_medium,body_world,90414,True,True,m,1.6384059842206313,-1.0,short,-0.1,67,False,nan,nan,nan,nan,alarm,persistent,world,decayed,world,decayed,0.11363063007593155,-0.15722157093984823,1.0,0.0,0.0,nan,alarm
rigid_medium,body_world,90415,True,True,l,1.4445958942354706,1.0,medium,-0.15000000000000002,61,True,3.0,0.10905244201421738,-0.2078175259798507,-0.002037163148732035,world,settled,world,settled,world,settled,0.12032302469015121,-0.08326041420748656,1.0,0.0,0.0,0.10905244201421738,world
rigid_medium,body_world,90416,True,True,m,1.4228738912776615,-2.0,short,-0.05,70,True,3.0,0.10808931291103363,-0.21846149842178247,-0.012755418583594602,world,settled,world,settled,world,settled,0.1112840324640274,-0.18315514780112477,1.0,0.0,0.0,0.10808931291103363,world
rigid_medium,body_world,90417,True,True,l,1.412003609654068,-2.0,medium,-0.15000000000000002,63,True,7.0,0.10753054916858673,-0.22463667517317587,-0.018973691144703077,world,settled,world,settled,world,settled,0.11225829273462296,-0.1723881213447946,1.0,0.0,0.0,0.10753054916858673,world
rigid_medium,body_world,90418,True,True,m,1.6633408277228265,4.0,short,0.25,65,False,nan,nan,nan,nan,alarm,persistent,world,decayed,world,decayed,0.12120109796524048,-0.07355657873783147,1.0,0.0,0.0,nan,alarm
rigid_medium,body_world,90419,True,True,l,1.4868039659450991,-4.0,medium,0.25,75,True,5.050000000000001,0.11265794932842255,-0.16797120046561304,0.03808724503930467,world,settled,world,settled,world,settled,0.12488331645727158,-0.03286250524865887,1.0,0.0,0.0,0.11265794932842255,world
rigid_medium,body_world,90420,True,True,m,1.5449902128447706,1.0,short,-0.05,63,True,3.0,0.13859888911247253,0.11871537446791029,0.3267745708142399,world,settled,world,settled,world,settled,0.11432987451553345,-0.14949392591572871,1.0,0.0,0.0,0.13859888911247253,world
rigid_medium,body_world,90421,True,True,l,1.3429074718778478,1.0,medium,-0.05,68,True,3.0,0.12482724338769913,-0.03348218592243786,0.1735148421061655,world,settled,world,settled,world,settled,0.14052830636501312,0.14003823415000505,1.0,0.0,0.0,0.12482724338769913,world
rigid_medium,body_world,90422,True,True,m,1.4859152920245902,2.0,short,-0.2,56,True,3.0,0.09910908341407776,-0.31770662455552423,-0.112693164417663,world,settled,world,settled,world,settled,0.122903011739254,-0.05474786551415785,1.0,0.0,0.0,0.09910908341407776,world
rigid_medium,body_world,90423,True,True,l,1.4537628318674107,-2.0,medium,0.0,61,False,nan,nan,nan,nan,alarm,persistent,world,decayed,world,decayed,0.13059720396995544,0.030284409639454325,1.0,0.0,0.0,nan,alarm
rigid_medium,body_world,90424,True,True,m,1.5039422662674549,-4.0,short,-0.2,72,False,nan,nan,nan,nan,alarm,persistent,world,decayed,world,decayed,0.12092404067516327,-0.07661837264521011,1.0,0.0,0.0,nan,alarm
rigid_medium,body_world,90425,True,True,l,1.484051795950852,4.0,medium,0.0,66,True,4.55,0.13048598170280457,0.029055412086784443,0.23648888242827198,world,settled,world,settled,world,settled,0.1256345510482788,-0.02456007397560083,1.0,0.0,0.0,0.13048598170280457,world
rigid_medium,body_world,90426,True,True,m,1.499613542769097,-1.0,short,-0.2,68,True,3.0,0.11965812742710114,-0.0906086882959367,0.11598966080004765,world,settled,world,settled,world,settled,0.09011580049991608,-0.41709593267243716,1.0,0.0,0.0,0.11965812742710114,world
rigid_medium,body_world,90427,True,True,l,1.2434438593395136,1.0,medium,0.05,67,True,3.0,0.1187092661857605,-0.10109507171919704,0.10543009417850771,world,settled,world,settled,world,settled,0.09642942249774933,-0.3473209092052784,1.0,0.0,0.0,0.1187092661857605,world
rigid_medium,body_world,90428,True,True,m,1.5747146197091175,2.0,short,0.25,64,True,3.0,0.10689548403024673,-0.23165512651335002,-0.02604112340568778,world,settled,world,settled,world,settled,0.11505720764398575,-0.14145573500252903,1.0,0.0,0.0,0.10689548403024673,world
rigid_medium,body_world,90429,True,True,l,1.4646053079069046,-2.0,medium,0.1,67,False,nan,nan,nan,nan,alarm,persistent,world,decayed,world,decayed,0.1280333548784256,0.0019501356125574576,1.0,0.0,0.0,nan,alarm
rigid_medium,body_world,90430,True,True,m,1.6725099978259204,-4.0,short,0.1,62,False,nan,nan,nan,nan,alarm,persistent,world,decayed,world,decayed,0.11142750084400177,-0.1815694228550093,1.0,0.0,0.0,nan,alarm
rigid_medium,body_world,90431,True,True,l,1.3236542402011626,-4.0,medium,0.1,67,True,4.800000000000001,0.10895857959985733,-0.2088548814567875,-0.00308175820374732,world,settled,world,settled,world,settled,0.11389182507991791,-0.15433500356934257,1.0,0.0,0.0,0.10895857959985733,world
rigid_medium,body_world,90432,True,True,m,1.3642720743548598,-1.0,short,0.15000000000000002,61,True,3.0,0.13294166326522827,0.0561944207487874,0.26381729094071493,world,settled,world,settled,world,settled,0.1331554502248764,0.05855730551471083,1.0,0.0,0.0,0.13294166326522827,world
rigid_medium,body_world,90433,True,True,l,1.3743791243103016,-1.0,medium,0.05,77,True,3.1,0.11360235512256622,-0.15753412438479691,0.04859716020843674,world,settled,world,settled,world,settled,0.11940878629684448,-0.093364183007654,1.0,0.0,0.0,0.11360235512256622,world
rigid_medium,body_world,90434,True,True,m,1.4747028802268096,2.0,short,-0.05,62,True,3.0,0.11891202628612518,-0.09885432570540284,0.10768647808700815,world,settled,world,settled,world,settled,0.10756989568471909,-0.22420182138354666,1.0,0.0,0.0,0.11891202628612518,world
rigid_medium,body_world,90435,True,True,l,1.3038106075252267,-2.0,medium,-0.2,60,False,nan,nan,nan,nan,alarm,persistent,world,decayed,world,decayed,0.1237977147102356,-0.04485990099315433,1.0,0.0,0.0,nan,alarm
rigid_medium,body_world,90436,True,True,m,1.6168586909623586,4.0,short,-0.05,79,False,nan,nan,nan,nan,alarm,persistent,world,decayed,world,decayed,0.10970482975244522,-0.20060769965481642,1.0,0.0,0.0,nan,alarm
rigid_medium,body_world,90437,True,True,l,1.3291113567705524,-4.0,medium,0.15000000000000002,77,True,4.75,0.11137151718139648,-0.18218813526004524,0.023771091980958815,world,settled,world,settled,world,settled,0.10803526639938354,-0.2190587874627449,1.0,0.0,0.0,0.11137151718139648,world
rigid_medium,body_world,90438,True,True,m,1.329008599029527,-1.0,short,0.05,80,True,3.0,0.12287996709346771,-0.05500240414542538,0.15184443688984914,world,settled,world,settled,world,settled,0.14346370100975037,0.17247889088639273,1.0,0.0,0.0,0.12287996709346771,world
rigid_medium,body_world,90439,True,True,l,1.445391509411858,1.0,medium,0.0,66,True,3.0,0.10018739849328995,-0.30578969907114556,-0.10069307215543484,world,settled,world,settled,world,settled,0.09591353684663773,-0.3530222464201577,1.0,0.0,0.0,0.10018739849328995,world
rigid_medium,body_world,90440,True,True,m,1.5564106744089927,2.0,short,0.25,74,True,3.0,0.10710106790065765,-0.2293830781182482,-0.023753218660356484,world,settled,world,settled,world,settled,0.09605294466018677,-0.35148154378343366,1.0,0.0,0.0,0.10710106790065765,world
rigid_medium,body_world,90441,True,True,l,1.3070596772413094,2.0,medium,0.2,71,True,5.4,0.13484728336334229,0.07725446507030588,0.28502431075770696,world,settled,world,settled,world,settled,0.12504976987838745,-0.031022831175312744,1.0,0.0,0.0,0.13484728336334229,world
rigid_medium,body_world,90442,True,True,m,1.6269524228642334,4.0,short,0.25,74,False,nan,nan,nan,nan,alarm,persistent,world,decayed,world,decayed,0.13172543048858643,0.04275309469152079,1.0,0.0,0.0,nan,alarm
rigid_medium,body_world,90443,True,True,l,1.378277312801848,-4.0,medium,-0.1,72,True,4.45,0.11249534040689468,-0.1697682668545704,0.03627763714194,world,settled,world,settled,world,settled,0.10665319114923477,-0.23433293586333104,1.0,0.0,0.0,0.11249534040689468,world
rigid_medium,body_world,90444,True,True,m,1.453510197141481,1.0,short,0.0,71,True,3.0,0.1152370348572731,-0.13946845462487645,0.0667889080868781,world,settled,world,settled,world,settled,0.10450563579797745,-0.2580665222563734,1.0,0.0,0.0,0.1152370348572731,world
rigid_medium,body_world,90445,True,True,l,1.3665797638238526,-1.0,medium,0.0,62,True,3.0,0.101298987865448,-0.2935049099448679,-0.0883225489755599,world,settled,world,settled,world,settled,0.12468066066503525,-0.03510215433722015,1.0,0.0,0.0,0.101298987865448,world
rigid_medium,body_world,90446,True,True,m,1.33490869903924,-2.0,short,-0.25,64,False,nan,nan,nan,nan,alarm,persistent,world,decayed,world,decayed,0.10564049333333969,-0.2455246378370608,1.0,0.0,0.0,nan,alarm
rigid_medium,body_world,90447,True,True,l,1.360545744961593,2.0,medium,0.25,71,True,5.45,0.136115163564682,0.09126651594843761,0.2991341500397457,world,settled,world,settled,world,settled,0.11112982034683228,-0.18485936460250643,1.0,0.0,0.0,0.136115163564682,world
rigid_medium,body_world,90448,True,True,m,1.3926898559008811,4.0,short,0.0,79,False,nan,nan,nan,nan,alarm,persistent,world,decayed,world,decayed,0.09765730053186417,-0.333750939009127,1.0,0.0,0.0,nan,alarm
rigid_medium,body_world,90449,True,True,l,1.4996288562259714,4.0,medium,-0.15000000000000002,69,False,nan,nan,nan,nan,alarm,persistent,world,decayed,world,decayed,0.12808449566364288,0.002515392017975587,1.0,0.0,0.0,nan,alarm
rigid_medium,body_world,90450,True,True,m,1.6497126455801099,-1.0,short,-0.15000000000000002,68,True,3.0,0.11704347282648087,-0.11950459318836608,0.08689209489143611,world,settled,world,settled,world,settled,0.10857927799224854,-0.21304667251979065,1.0,0.0,0.0,0.11704347282648087,world
rigid_medium,body_world,90451,True,True,l,1.4011624978174013,-1.0,medium,-0.1,69,True,3.0,0.1039535254240036,-0.26416827191853354,-0.05878117410994732,world,settled,world,settled,world,settled,0.13824065029621124,0.11475622418696627,1.0,0.0,0.0,0.1039535254240036,world
rigid_medium,body_world,90452,True,True,m,1.3459971515369575,2.0,short,0.0,75,True,3.0,0.12457446753978729,-0.03627553523318074,0.17070199834931848,world,settled,world,settled,world,settled,0.10209754854440689,-0.2846796616680916,1.0,0.0,0.0,0.12457446753978729,world
rigid_medium,body_world,90453,True,True,l,1.3128410648573021,-2.0,medium,-0.2,60,False,nan,nan,nan,nan,alarm,persistent,world,decayed,world,decayed,0.143711656332016,0.17521911870439158,1.0,0.0,0.0,nan,alarm
rigid_medium,body_world,90454,True,True,m,1.4532800695650452,4.0,short,0.25,80,False,nan,nan,nan,nan,alarm,persistent,world,decayed,world,decayed,0.11268023401498795,-0.16772493650515047,1.0,0.0,0.0,nan,alarm
rigid_medium,body_world,90455,True,True,l,1.4639866887179158,4.0,medium,0.1,63,True,4.7,0.10969994217157364,-0.20066161187034742,0.005168691217579518,world,settled,world,settled,world,settled,0.09943558275699615,-0.314098193924573,1.0,0.0,0.0,0.10969994217157364,world
rigid_medium,body_world,90456,True,True,m,1.437503394575647,1.0,short,-0.05,71,True,3.0,0.11835289001464844,-0.1050335561654802,0.10146412352687431,world,settled,world,settled,world,settled,0.08571197092533112,-0.4657648252622013,1.0,0.0,0.0,0.11835289001464844,world
rigid_medium,body_world,90457,True,True,l,1.433005966120608,-1.0,medium,0.1,79,False,nan,nan,nan,nan,alarm,persistent,world,decayed,world,decayed,0.1386849284172058,0.11966615930860477,1.0,0.0,0.0,nan,alarm
rigid_medium,body_world,90458,True,True,m,1.5714723561915191,-2.0,short,0.1,75,False,nan,nan,nan,nan,alarm,persistent,world,decayed,world,decayed,0.1286778748035431,0.009073048817773396,1.0,0.0,0.0,nan,alarm
rigid_medium,body_world,90459,True,True,l,1.423809978213943,-2.0,medium,-0.15000000000000002,75,False,nan,nan,nan,nan,alarm,persistent,world,decayed,world,decayed,0.11794309318065643,-0.10956217918232965,1.0,0.0,0.0,nan,alarm
rigid_medium,body_world,90460,True,True,m,1.501503010941712,-4.0,short,0.1,65,False,nan,nan,nan,nan,alarm,persistent,world,decayed,world,decayed,0.12535952031612396,-0.02759957068402643,1.0,0.0,0.0,nan,alarm
rigid_medium,body_world,90461,True,True,l,1.4979893620177673,-4.0,medium,-0.05,68,True,4.7,0.11261943727731705,-0.1683968867083973,0.03765858798385282,world,settled,world,settled,world,settled,0.11093977838754654,-0.18695966378834467,1.0,0.0,0.0,0.11261943727731705,world
rigid_medium,body_world,90462,True,True,m,1.32405485767968,-1.0,short,0.15000000000000002,61,True,3.0,0.11785341799259186,-0.1105535516718648,0.0959056046412329,world,settled,world,settled,world,settled,0.11278413236141205,-0.16657659190481294,1.0,0.0,0.0,0.11785341799259186,world
rigid_medium,body_world,90463,True,True,l,1.2959566174498844,1.0,medium,-0.05,60,True,3.0,0.10478534549474716,-0.25497535349921907,-0.04952409942776382,world,settled,world,settled,world,settled,0.11265317350625992,-0.1680239341876965,1.0,0.0,0.0,0.10478534549474716,world
rigid_medium,body_world,90464,True,True,m,1.5484915809048363,-2.0,short,0.25,68,False,nan,nan,nan,nan,alarm,persistent,world,decayed,world,decayed,0.113037109375,-0.16378087094033517,1.0,0.0,0.0,nan,alarm
rigid_medium,body_world,90465,True,True,l,1.428408630737959,-2.0,medium,-0.25,69,False,nan,nan,nan,nan,alarm,persistent,world,decayed,world,decayed,0.1114126667380333,-0.1817334483005578,1.0,0.0,0.0,nan,alarm
rigid_medium,body_world,90466,True,True,m,1.3278826334953207,4.0,short,0.1,72,False,nan,nan,nan,nan,alarm,persistent,world,decayed,world,decayed,0.11474244296550751,-0.1449342935970557,1.0,0.0,0.0,nan,alarm
rigid_medium,body_world,90467,True,True,l,1.224242705022093,-4.0,medium,0.2,67,True,7.2,0.1280866414308548,0.0025391250233559037,0.20978754141292547,world,settled,world,settled,world,settled,0.11284881830215454,-0.16586173424755593,1.0,0.0,0.0,0.1280866414308548,world
rigid_medium,body_world,90468,True,True,m,1.377155487281401,1.0,short,0.25,65,True,3.0,0.10916741192340851,-0.20654706308376597,-0.0007578338461581499,world,settled,world,settled,world,settled,0.12008510529994965,-0.08588986569991897,1.0,0.0,0.0,0.10916741192340851,world
rigid_medium,body_world,90469,True,True,l,1.2775926055522053,-1.0,medium,-0.2,67,False,nan,nan,nan,nan,alarm,persistent,world,decayed,world,decayed,0.1323360800743103,0.0495017008805102,1.0,0.0,0.0,nan,alarm
rigid_medium,body_world,90470,True,True,m,1.5219750255884492,2.0,short,-0.05,70,True,3.0,0.12916745245456696,0.014483673056117818,0.22181544899795233,world,settled,world,settled,world,settled,0.11911161243915558,-0.09664847544867929,1.0,0.0,0.0,0.12916745245456696,world
rigid_medium,body_world,90471,True,True,l,1.2543795609592172,2.0,medium,0.0,63,True,4.800000000000001,0.1058887243270874,-0.24278137063814437,-0.03724501623900503,world,settled,world,settled,world,settled,0.1340041309595108,0.06793636079855532,1.0,0.0,0.0,0.1058887243270874,world
rigid_medium,body_world,90472,True,True,m,1.523888147333015,4.0,short,0.25,77,False,nan,nan,nan,nan,alarm,persistent,world,decayed,world,decayed,0.10785140097141266,-0.22109091466233663,1.0,0.0,0.0,nan,alarm
rigid_medium,body_world,90473,True,True,l,1.4189126139922845,-4.0,medium,-0.25,63,True,4.4,0.10933343321084976,-0.20471217516050091,0.0010898595374156939,world,settled,world,settled,world,settled,0.09601101279258728,-0.35194496137232617,1.0,0.0,0.0,0.10933343321084976,world
rigid_medium,body_world,90474,True,True,m,1.3393605416224226,1.0,short,0.0,80,True,3.0,0.12359986454248428,-0.04704659455584356,0.15985576910979535,world,settled,world,settled,world,settled,0.1086103543639183,-0.2127031362762554,1.0,0.0,0.0,0.12359986454248428,world
rigid_medium,body_world,90475,True,True,l,1.4134205728523153,1.0,medium,0.1,66,True,3.0,0.14646725356578827,0.20567272896062527,0.4143387901390754,world,settled,world,settled,world,settled,0.10771956294775009,-0.2225479139013526,1.0,0.0,0.0,0.14646725356578827,world
rigid_medium,body_world,90476,True,True,m,1.3814810158500825,-2.0,short,0.0,70,True,3.0,0.10439052432775497,-0.2593386297683687,-0.05391782647288305,world,settled,world,settled,world,settled,0.11832982301712036,-0.10528850392438556,1.0,0.0,0.0,0.10439052432775497,world
rigid_medium,body_world,90477,True,True,l,1.4674729887667173,2.0,medium,0.1,78,False,nan,nan,nan,nan,alarm,persistent,world,decayed,world,decayed,0.12699024379253387,-0.00957764747574335,1.0,0.0,0.0,nan,alarm
rigid_medium,body_world,90478,True,True,m,1.5027032697774165,4.0,short,0.0,80,False,nan,nan,nan,nan,alarm,persistent,world,decayed,world,decayed,0.12194909155368805,-0.06529016098942848,1.0,0.0,0.0,nan,alarm
rigid_medium,body_world,90479,True,True,l,1.3850046666885212,-4.0,medium,0.0,66,True,4.55,0.1044357568025589,-0.25883881062684744,-0.053414519154183805,world,settled,world,settled,world,settled,0.12740342319011688,-0.005011542191750112,1.0,0.0,0.0,0.1044357568025589,world
rigid_medium,calib,90480,False,False,,1.0,0.0,,0.0,64,True,3.0,0.13295379281044006,0.05632846948950034,0.26395227519133396,world,settled,world,settled,world,settled,0.11875991523265839,-0.10053520859383588,1.0,0.0,0.0,0.13295379281044006,world
rigid_medium,calib,90481,False,False,,1.0,0.0,,0.0,76,True,3.0,0.13651533424854279,0.09568892016721908,0.30358741768128716,world,settled,world,settled,world,settled,0.11469630151987076,-0.1454443141689747,1.0,0.0,0.0,0.13651533424854279,world
rigid_medium,calib,90482,False,False,,1.0,0.0,,0.0,79,True,3.0,0.12367405742406845,-0.04622649949222351,0.16068158751741554,world,settled,world,settled,world,settled,0.10769140720367432,-0.22285901455721718,1.0,0.0,0.0,0.12367405742406845,world
rigid_medium,calib,90483,False,False,,1.0,0.0,,0.0,70,True,3.0,0.127232164144516,-0.00690412238687621,0.20027839072415282,world,settled,world,settled,world,settled,0.12358970940113068,-0.047158875647715946,1.0,0.0,0.0,0.127232164144516,world
rigid_medium,calib,90484,False,False,,1.0,0.0,,0.0,69,True,3.0,0.10656030476093292,-0.23535950413687146,-0.0297713534314324,world,settled,world,settled,world,settled,0.12062207609415054,-0.07995567233201631,1.0,0.0,0.0,0.10656030476093292,world
rigid_medium,calib,90485,False,False,,1.0,0.0,,0.0,78,True,3.0,0.15738435089588165,0.3263229604961393,0.5358310250098247,world,settled,world,settled,body,settled,0.13740403950214386,0.10551037391457385,1.0,0.0,0.0,0.15738435089588165,world
rigid_medium,calib,90486,False,False,,1.0,0.0,,0.0,79,True,3.0,0.11148674786090851,-0.18091470515933372,0.025053409195920695,world,settled,world,settled,world,settled,0.1451168656349182,0.19074872588746108,1.0,0.0,0.0,0.11148674786090851,world
rigid_medium,calib,90487,False,False,,1.0,0.0,,0.0,74,True,3.0,0.11323413997888565,-0.16160347962783575,0.04449940542862707,world,settled,world,settled,world,settled,0.12791018187999725,0.0005889684758661806,1.0,0.0,0.0,0.11323413997888565,world
rigid_medium,calib,90488,False,False,,1.0,0.0,,0.0,62,True,3.0,0.09858567267656326,-0.3234910808103345,-0.11851798969122343,world,settled,world,settled,world,settled,0.11800657212734222,-0.10886078311092462,1.0,0.0,0.0,0.09858567267656326,world
rigid_medium,calib,90489,False,False,,1.0,0.0,,0.0,65,True,3.0,0.11764010041952133,-0.11291089893380613,0.09353180573861426,world,settled,world,settled,world,settled,0.1368730515241623,0.09964230663741523,1.0,0.0,0.0,0.11764010041952133,world
rigid_medium,calib,90490,False,False,,1.0,0.0,,0.0,70,True,3.0,0.11638891696929932,-0.126738416007272,0.07960778810028657,world,settled,world,settled,world,settled,0.1382620632648468,0.11499300873725238,1.0,0.0,0.0,0.11638891696929932,world
rigid_medium,calib,90491,False,False,,1.0,0.0,,0.0,63,True,3.0,0.13301312923431396,0.05698421798097306,0.2646126000720093,world,settled,world,settled,world,settled,0.14106324315071106,0.14595006676264863,1.0,0.0,0.0,0.13301312923431396,world
rigid_medium,calib,90492,False,False,,1.0,0.0,,0.0,66,True,3.0,0.11511258780956268,-0.1408437608524956,0.06540400376387295,world,settled,world,settled,world,settled,0.10997243225574493,-0.19765042833834295,1.0,0.0,0.0,0.11511258780956268,world
rigid_medium,calib,90493,False,False,,1.0,0.0,,0.0,80,True,3.0,0.12104996293783188,-0.07522677490358685,0.1314789227006749,world,settled,world,settled,world,settled,0.14027300477027893,0.13721664499704028,1.0,0.0,0.0,0.12104996293783188,world
rigid_medium,calib,90494,False,False,,1.0,0.0,,0.0,79,True,3.0,0.1199868693947792,-0.08697549051873928,0.11964821422395241,world,settled,world,settled,world,settled,0.1144135445356369,-0.14856922231866837,1.0,0.0,0.0,0.1199868693947792,world
rigid_medium,calib,90495,False,False,,1.0,0.0,,0.0,75,True,3.0,0.10106723010540009,-0.2960661027365796,-0.09090161602118191,world,settled,world,settled,world,settled,0.11052949726581573,-0.1914938473386879,1.0,0.0,0.0,0.10106723010540009,world
rigid_medium,calib,90496,False,False,,1.0,0.0,,0.0,76,True,3.0,0.12891428172588348,0.011685868113816422,0.2189981185142345,world,settled,world,settled,world,settled,0.13853812217712402,0.11804371451370468,1.0,0.0,0.0,0.12891428172588348,world
rigid_medium,calib,90497,False,False,,1.0,0.0,,0.0,68,True,3.0,0.14088669419288635,0.14399904590085974,0.35223469392409523,world,settled,world,settled,world,settled,0.13234564661979675,0.049607428725412725,1.0,0.0,0.0,0.14088669419288635,world
rigid_medium,calib,90498,False,False,,1.0,0.0,,0.0,70,True,3.0,0.14242224395275116,0.1609691500696106,0.3693232303919601,world,settled,world,settled,world,settled,0.139618918299675,0.1299880739360524,1.0,0.0,0.0,0.14242224395275116,world
rigid_medium,calib,90499,False,False,,1.0,0.0,,0.0,79,True,3.0,0.133193701505661,0.05897982963828613,0.26662213886108094,world,settled,world,settled,world,settled,0.12162002176046371,-0.06892665777634008,1.0,0.0,0.0,0.133193701505661,world
rigid_medium,calib,90500,False,False,,1.0,0.0,,0.0,72,True,3.0,0.09199103713035583,-0.3963717742935945,-0.19190730869642533,world,settled,world,settled,world,settled,0.1510489284992218,0.25630700613733776,1.0,0.0,0.0,0.09199103713035583,world
rigid_medium,calib,90501,False,False,,1.0,0.0,,0.0,76,True,3.0,0.1284554898738861,0.0066156102804089565,0.21389247596625247,world,settled,world,settled,world,settled,0.11175663769245148,-0.17793208439734068,1.0,0.0,0.0,0.1284554898738861,world
rigid_medium,calib,90502,False,False,,1.0,0.0,,0.0,76,True,3.0,0.12471600621938705,-0.034711453139110594,0.17227699598265472,world,settled,world,settled,world,settled,0.1235106810927391,-0.048032136719225585,1.0,0.0,0.0,0.12471600621938705,world
rigid_medium,calib,90503,False,False,,1.0,0.0,,0.0,63,True,3.0,0.12050771713256836,-0.08121941742948055,0.1254444582492908,world,settled,world,settled,world,settled,0.13424882292747498,0.07064049738337923,1.0,0.0,0.0,0.12050771713256836,world
rigid_medium,calib,90504,False,False,,1.0,0.0,,0.0,72,True,3.0,0.11836820840835571,-0.10486422775673068,0.10163463365805489,world,settled,world,settled,world,settled,0.13992442190647125,0.13336434496021676,1.0,0.0,0.0,0.11836820840835571,world
rigid_medium,calib,90505,False,False,,1.0,0.0,,0.0,75,True,3.0,0.12960712611675262,0.0193427191324252,0.22670840576759402,world,settled,world,settled,world,settled,0.13497281074523926,0.07864182255133471,1.0,0.0,0.0,0.12960712611675262,world
rigid_medium,calib,90506,False,False,,1.0,0.0,,0.0,78,True,3.0,0.10760378837585449,-0.2238273141778218,-0.01815868171710966,world,settled,world,settled,world,settled,0.12819799780845642,0.0037696435530494843,1.0,0.0,0.0,0.10760378837585449,world
rigid_medium,calib,90507,False,False,,1.0,0.0,,0.0,72,True,3.0,0.12442760169506073,-0.03789861301801119,0.16906759330145027,world,settled,world,settled,world,settled,0.13281691074371338,0.0548156467141393,1.0,0.0,0.0,0.12442760169506073,world
rigid_medium,calib,90508,False,False,,1.0,0.0,,0.0,68,True,3.0,0.14312729239463806,0.1687609308685752,0.3771693890842503,world,settled,world,settled,world,settled,0.12464992702007294,-0.03544167881408715,1.0,0.0,0.0,0.14312729239463806,world
rigid_medium,calib,90509,False,False,,1.0,0.0,,0.0,69,True,3.0,0.11608424037694931,-0.1301055143383319,0.07621719119828547,world,settled,world,settled,world,settled,0.1396370381116867,0.1301884908990233,1.0,0.0,0.0,0.11608424037694931,world
rigid_medium,calib,90510,False,False,,1.0,0.0,,0.0,60,True,3.0,0.13556864857673645,0.08522642773950864,0.29305190878765797,world,settled,world,settled,world,settled,0.13248327374458313,0.05112875569475663,1.0,0.0,0.0,0.13556864857673645,world
rigid_medium,calib,90511,False,False,,1.0,0.0,,0.0,67,True,3.0,0.14023251831531525,0.13676938975103597,0.34495458288070613,world,settled,world,settled,world,settled,0.1504715085029602,0.2499255258739342,1.0,0.0,0.0,0.14023251831531525,world
rigid_medium,calib,90512,False,False,,1.0,0.0,,0.0,65,True,3.0,0.10722768306732178,-0.22798382248503266,-0.022344197791757538,world,settled,world,settled,world,settled,0.12605001032352448,-0.01996878855802875,1.0,0.0,0.0,0.10722768306732178,world
rigid_medium,calib,90513,False,False,,1.0,0.0,,0.0,79,True,3.0,0.10361920297145844,-0.26786295669076177,-0.06250164363916501,world,settled,world,settled,world,settled,0.11833541095256805,-0.10522662452706048,1.0,0.0,0.0,0.10361920297145844,world
rigid_medium,calib,90514,False,False,,1.0,0.0,,0.0,62,True,3.0,0.1645069122314453,0.4050380239346906,0.6150954313307311,world,settled,world,settled,body,settled,0.1387626826763153,0.12052548276524959,1.0,0.0,0.0,0.1645069122314453,world
rigid_medium,calib,90515,False,False,,1.0,0.0,,0.0,75,True,3.0,0.12174570560455322,-0.06753770958647005,0.13922164907222534,world,settled,world,settled,world,settled,0.11762534081935883,-0.11307399290636773,1.0,0.0,0.0,0.12174570560455322,world
rigid_medium,calib,90516,False,False,,1.0,0.0,,0.0,71,True,3.0,0.1349509209394455,0.07839972796174062,0.2861775662999807,world,settled,world,settled,world,settled,0.1356361210346222,0.08597224014823757,1.0,0.0,0.0,0.1349509209394455,world
rigid_medium,calib,90517,False,False,,1.0,0.0,,0.0,77,True,3.0,0.13196901977062225,0.045445208327362874,0.25299306106930464,world,settled,world,settled,world,settled,0.13206365704536438,0.046491023740449944,1.0,0.0,0.0,0.13196901977062225,world
rigid_medium,calib,90518,False,False,,1.0,0.0,,0.0,72,True,3.0,0.12264157831668854,-0.05763713750139443,0.14919131604928976,world,settled,world,settled,world,settled,0.1257595717906952,-0.023178309964127237,1.0,0.0,0.0,0.12264157831668854,world
rigid_medium,calib,90519,False,False,,1.0,0.0,,0.0,76,True,3.0,0.13099445402622223,0.034674781222691464,0.2421474684599457,world,settled,world,settled,world,settled,0.12718382477760315,-0.007438585118747841,1.0,0.0,0.0,0.13099445402622223,world
rigid_medium,calib,90520,False,False,,1.0,0.0,,0.0,76,True,3.0,0.13414129614830017,0.06945219079071145,0.2771675853520581,world,settled,world,settled,world,settled,0.11849965900182724,-0.10341149939855374,1.0,0.0,0.0,0.13414129614830017,world
rigid_medium,calib,90521,False,False,,1.0,0.0,,0.0,64,True,3.0,0.14474904537200928,0.18668378755037723,0.39521732720941927,world,settled,world,settled,world,settled,0.1215062141418457,-0.0701845322781697,1.0,0.0,0.0,0.14474904537200928,world
rigid_medium,calib,90522,False,False,,1.0,0.0,,0.0,80,True,3.0,0.10864818096160889,-0.21228520544668267,-0.0065360220087897995,world,settled,world,settled,world,settled,0.1327780783176422,0.05438658040805213,1.0,0.0,0.0,0.10864818096160889,world
rigid_medium,calib,90523,False,False,,1.0,0.0,,0.0,64,True,3.0,0.10446729511022568,-0.2584901798436248,-0.053063455319001696,world,settled,world,settled,world,settled,0.13529139757156372,0.08216257558560455,1.0,0.0,0.0,0.10446729511022568,world
rigid_medium,calib,90524,False,False,,1.0,0.0,,0.0,60,True,3.0,0.12266995012760162,-0.05732355017289287,0.14950709186572975,world,settled,world,settled,world,settled,0.10631561279296875,-0.2380636404643824,1.0,0.0,0.0,0.12266995012760162,world
rigid_medium,calib,90525,False,False,,1.0,0.0,,0.0,74,True,3.0,0.11012940108776093,-0.19591539521987247,0.009948031138508128,world,settled,world,settled,world,settled,0.10767142474651337,-0.2230798029888001,1.0,0.0,0.0,0.11012940108776093,world
rigid_medium,calib,90526,False,False,,1.0,0.0,,0.0,64,True,3.0,0.13438527286052704,0.0721485825121559,0.2798827948643486,world,settled,world,settled,world,settled,0.13829460740089417,0.11535245284113878,1.0,0.0,0.0,0.13438527286052704,world
rigid_medium,calib,90527,False,False,,1.0,0.0,,0.0,77,True,3.0,0.10019062459468842,-0.3057539233036839,-0.10065704671323039,world,settled,world,settled,world,settled,0.12429581582546234,-0.039355193094183005,1.0,0.0,0.0,0.10019062459468842,world
rigid_medium,calib,90528,False,False,,1.0,0.0,,0.0,69,True,3.0,0.15157656371593475,0.2621381348496789,0.4711982612485509,world,settled,world,settled,world,settled,0.14260080456733704,0.1629423361287938,1.0,0.0,0.0,0.15157656371593475,world
rigid_medium,calib,90529,False,False,,1.0,0.0,,0.0,61,True,3.0,0.1368660032749176,0.0995642443121636,0.3074897872434981,world,settled,world,settled,world,settled,0.1039370745420456,-0.2643499755377343,1.0,0.0,0.0,0.1368660032749176,world
