config,cell,seed,has_body,has_push,param,factor,torque,duration_name,offset_s,onset,settled,settle_time_s,raw_settled_score,z_settled_score,z_mad_settled_score,old_verdict,old_path,new_verdict,new_path,new_mad_verdict,new_mad_path,raw_late_block_median,z_late_block_median,old_late_frac_above_alarm,new_late_frac_above_alarm,new_mad_late_frac_above_alarm,logged_settled_score,logged_verdict
soft_medium,neither,90000,False,False,,1.0,0.0,,0.0,79,False,nan,nan,nan,nan,alarm,persistent,world,decayed,world,decayed,0.1178431287407875,-0.05968811377415697,1.0,0.0,0.0,nan,alarm
soft_medium,neither,90001,False,False,,1.0,0.0,,0.0,75,False,nan,nan,nan,nan,alarm,persistent,world,decayed,world,decayed,0.10006152093410492,-0.258629880277807,1.0,0.0,0.0,nan,alarm
soft_medium,neither,90002,False,False,,1.0,0.0,,0.0,65,False,nan,nan,nan,nan,alarm,persistent,world,decayed,world,decayed,0.13077615201473236,0.08500768213720342,1.0,0.0,0.0,nan,alarm
soft_medium,neither,90003,False,False,,1.0,0.0,,0.0,61,False,nan,nan,nan,nan,alarm,persistent,world,decayed,world,decayed,0.12993742525577545,0.07562388325596606,1.0,0.0,0.0,nan,alarm
soft_medium,neither,90004,False,False,,1.0,0.0,,0.0,76,False,nan,nan,nan,nan,alarm,persistent,world,decayed,world,decayed,0.1254538744688034,0.025461519486368944,1.0,0.0,0.0,nan,alarm
soft_medium,neither,90005,False,False,,1.0,0.0,,0.0,79,False,nan,nan,nan,nan,alarm,persistent,world,decayed,world,decayed,0.1240241527557373,0.009465757250859458,1.0,0.0,0.0,nan,alarm
soft_medium,neither,90006,False,False,,1.0,0.0,,0.0,74,False,nan,nan,nan,nan,alarm,persistent,world,decayed,world,decayed,0.12510445713996887,0.021552002306162964,1.0,0.0,0.0,nan,alarm
soft_medium,neither,90007,False,False,,1.0,0.0,,0.0,79,False,nan,nan,nan,nan,alarm,persistent,world,decayed,world,decayed,0.12282353639602661,-0.003966834405912051,1.0,0.0,0.0,nan,alarm
soft_medium,neither,90008,False,False,,1.0,0.0,,0.0,62,False,nan,nan,nan,nan,alarm,persistent,world,decayed,world,decayed,0.11315906047821045,-0.11209371743057399,1.0,0.0,0.0,nan,alarm
soft_medium,neither,90009,False,False,,1.0,0.0,,0.0,74,False,nan,nan,nan,nan,alarm,persistent,world,decayed,world,decayed,0.11979447305202484,-0.03785620232063601,1.0,0.0,0.0,nan,alarm
soft_medium,neither,90010,False,False,,1.0,0.0,,0.0,72,False,nan,nan,nan,nan,alarm,persistent,world,decayed,world,decayed,0.1203121542930603,-0.032064512146753196,1.0,0.0,0.0,nan,alarm
soft_medium,neither,90011,False,False,,1.0,0.0,,0.0,71,False,nan,nan,nan,nan,alarm,persistent,world,decayed,world,decayed,0.1125291958451271,-0.11914062531743833,1.0,0.0,0.0,nan,alarm
soft_medium,neither,90012,False,False,,1.0,0.0,,0.0,62,False,nan,nan,nan,nan,alarm,persistent,world,decayed,world,decayed,0.11616455018520355,-0.07846818001229708,1.0,0.0,0.0,nan,alarm
soft_medium,neither,90013,False,False,,1.0,0.0,,0.0,68,False,nan,nan,nan,nan,alarm,persistent,world,decayed,world,decayed,0.1224679946899414,-0.007944824916982902,1.0,0.0,0.0,nan,alarm
soft_medium,neither,90014,False,False,,1.0,0.0,,0.0,80,False,nan,nan,nan,nan,alarm,persistent,world,decayed,world,decayed,0.13532909750938416,0.1359461247034869,1.0,0.0,0.0,nan,alarm
soft_medium,neither,90015,False,False,,1.0,0.0,,0.0,76,False,nan,nan,nan,nan,alarm,persistent,world,decayed,world,decayed,0.1240869015455246,0.010167828161824002,1.0,0.0,0.0,nan,alarm
soft_medium,neither,90016,False,False,,1.0,0.0,,0.0,76,False,nan,nan,nan,nan,alarm,persistent,world,decayed,world,decayed,0.11528769880533218,-0.08827835113745672,1.0,0.0,0.0,nan,alarm
soft_medium,neither,90017,False,False,,1.0,0.0,,0.0,74,False,nan,nan,nan,nan,alarm,persistent,world,decayed,world,decayed,0.11634345352649689,-0.0764665407091211,1.0,0.0,0.0,nan,alarm
soft_medium,neither,90018,False,False,,1.0,0.0,,0.0,66,False,nan,nan,nan,nan,alarm,persistent,world,decayed,world,decayed,0.10982479155063629,-0.14939788784822078,1.0,0.0,0.0,nan,alarm
soft_medium,neither,90019,False,False,,1.0,0.0,,0.0,66,False,nan,nan,nan,nan,alarm,persistent,world,decayed,world,decayed,0.12741619348526,0.04741600831185369,1.0,0.0,0.0,nan,alarm
soft_medium,neither,90020,False,False,,1.0,0.0,,0.0,73,False,nan,nan,nan,nan,alarm,persistent,world,decayed,world,decayed,0.10791534185409546,-0.17076083717794735,1.0,0.0,0.0,nan,alarm
soft_medium,neither,90021,False,False,,1.0,0.0,,0.0,74,False,nan,nan,nan,nan,alarm,persistent,world,decayed,world,decayed,0.13027051091194153,0.07935044063179035,1.0,0.0,0.0,nan,alarm
soft_medium,neither,90022,False,False,,1.0,0.0,,0.0,66,False,nan,nan,nan,nan,alarm,persistent,world,decayed,world,decayed,0.1272910237312317,0.046015727510426124,1.0,0.0,0.0,nan,alarm
soft_medium,neither,90023,False,False,,1.0,0.0,,0.0,75,False,nan,nan,nan,nan,alarm,persistent,world,decayed,world,decayed,0.11250032484531403,-0.11946381945995987,1.0,0.0,0.0,nan,alarm
soft_medium,neither,90024,False,False,,1.0,0.0,,0.0,73,False,nan,nan,nan,nan,alarm,persistent,world,decayed,world,decayed,0.10252124071121216,-0.23111032301976212,1.0,0.0,0.0,nan,alarm
soft_medium,neither,90025,False,False,,1.0,0.0,,0.0,68,False,nan,nan,nan,nan,alarm,persistent,world,decayed,world,decayed,0.116976298391819,-0.06938615432037652,1.0,0.0,0.0,nan,alarm
soft_medium,neither,90026,False,False,,1.0,0.0,,0.0,73,False,nan,nan,nan,nan,alarm,persistent,world,decayed,world,decayed,0.12882216274738312,0.0631461660966848,1.0,0.0,0.0,nan,alarm
soft_medium,neither,90027,False,False,,1.0,0.0,,0.0,61,False,nan,nan,nan,nan,alarm,persistent,world,decayed,world,decayed,0.10937454551458359,-0.15443510929620965,1.0,0.0,0.0,nan,alarm
soft_medium,neither,90028,False,False,,1.0,0.0,,0.0,71,False,nan,nan,nan,nan,alarm,persistent,world,decayed,world,decayed,0.1205882877111435,-0.028975080983042863,1.0,0.0,0.0,nan,alarm
soft_medium,neither,90029,False,False,,1.0,0.0,,0.0,60,False,nan,nan,nan,nan,alarm,persistent,world,decayed,world,decayed,0.13489845395088196,0.1311281613935593,1.0,0.0,0.0,nan,alarm
soft_medium,neither,90030,False,False,,1.0,0.0,,0.0,72,False,nan,nan,nan,nan,alarm,persistent,world,decayed,world,decayed,0.1292714774608612,0.06817327652654052,1.0,0.0,0.0,nan,alarm
soft_medium,neither,90031,False,False,,1.0,0.0,,0.0,65,False,nan,nan,nan,nan,alarm,persistent,world,decayed,world,decayed,0.10205463320016861,-0.23633077440290182,1.0,0.0,0.0,nan,alarm
soft_medium,neither,90032,False,False,,1.0,0.0,,0.0,78,False,nan,nan,nan,nan,alarm,persistent,world,decayed,world,decayed,0.11958584934473038,-0.04019045830267041,1.0,0.0,0.0,nan,alarm
soft_medium,neither,90033,False,False,,1.0,0.0,,0.0,74,False,nan,nan,nan,nan,alarm,persistent,world,decayed,world,decayed,0.12535306811332703,0.024333904567528892,1.0,0.0,0.0,nan,alarm
soft_medium,neither,90034,False,False,,1.0,0.0,,0.0,63,False,nan,nan,nan,nan,alarm,persistent,world,decayed,world,decayed,0.12191309779882431,-0.014152938473263895,1.0,0.0,0.0,nan,alarm
soft_medium,neither,90035,False,False,,1.0,0.0,,0.0,66,False,nan,nan,nan,nan,alarm,persistent,world,decayed,world,decayed,0.11268340051174164,-0.11741530712824093,1.0,0.0,0.0,nan,alarm
soft_medium,neither,90036,False,False,,1.0,0.0,,0.0,61,False,nan,nan,nan,nan,alarm,persistent,world,decayed,world,decayed,0.10952357947826385,-0.152767693650402,1.0,0.0,0.0,nan,alarm
soft_medium,neither,90037,False,False,,1.0,0.0,,0.0,69,False,nan,nan,nan,nan,alarm,persistent,world,decayed,world,decayed,0.12306723743677139,-0.0012404376355369714,1.0,0.0,0.0,nan,alarm
soft_medium,neither,90038,False,False,,1.0,0.0,,0.0,63,False,nan,nan,nan,nan,alarm,persistent,world,decayed,world,decayed,0.11432455480098724,-0.09905409831483929,1.0,0.0,0.0,nan,alarm
soft_medium,neither,90039,False,False,,1.0,0.0,,0.0,63,False,nan,nan,nan,nan,alarm,persistent,world,decayed,world,decayed,0.10577492415904999,-0.194707923610372,1.0,0.0,0.0,nan,alarm
soft_medium,neither,90040,False,False,,1.0,0.0,,0.0,66,False,nan,nan,nan,nan,alarm,persistent,world,decayed,world,decayed,0.1467316448688507,0.263518719944197,1.0,0.0,0.0,nan,alarm
soft_medium,neither,90041,False,False,,1.0,0.0,,0.0,71,False,nan,nan,nan,nan,alarm,persistent,world,decayed,world,decayed,0.1292332112789154,0.06774486996608836,1.0,0.0,0.0,nan,alarm
soft_medium,neither,90042,False,False,,1.0,0.0,,0.0,64,False,nan,nan,nan,nan,alarm,persistent,world,decayed,world,decayed,0.10945260524749756,-0.1535618158539549,1.0,0.0,0.0,nan,alarm
soft_medium,neither,90043,False,False,,1.0,0.0,,0.0,79,False,nan,nan,nan,nan,alarm,persistent,world,decayed,world,decayed,0.13209259510040283,0.09973600317730481,1.0,0.0,0.0,nan,alarm
soft_medium,neither,90044,False,False,,1.0,0.0,,0.0,65,False,nan,nan,nan,nan,alarm,persistent,world,decayed,world,decayed,0.11374805122613907,-0.1055041698505359,1.0,0.0,0.0,nan,alarm
soft_medium,neither,90045,False,False,,1.0,0.0,,0.0,64,False,nan,nan,nan,nan,alarm,persistent,world,decayed,world,decayed,0.11527390778064728,-0.08843273777507257,1.0,0.0,0.0,nan,alarm
soft_medium,neither,90046,False,False,,1.0,0.0,,0.0,73,False,nan,nan,nan,nan,alarm,persistent,world,decayed,world,decayed,0.1079678162932396,-0.1701737171987073,1.0,0.0,0.0,nan,alarm
soft_medium,neither,90047,False,False,,1.0,0.0,,0.0,66,False,nan,nan,nan,nan,alarm,persistent,world,decayed,world,decayed,0.11666595935821533,-0.07285824252034256,1.0,0.0,0.0,nan,alarm
soft_medium,neither,90048,False,False,,1.0,0.0,,0.0,76,False,nan,nan,nan,nan,alarm,persistent,world,decayed,world,decayed,0.1261080801486969,0.0327806274951503,1.0,0.0,0.0,nan,alarm
soft_medium,neither,90049,False,False,,1.0,0.0,,0.0,76,False,nan,nan,nan,nan,alarm,persistent,world,decayed,world,decayed,0.12639348208904266,0.0359738862984222,1.0,0.0,0.0,nan,alarm
soft_medium,neither,90050,False,False,,1.0,0.0,,0.0,60,False,nan,nan,nan,nan,alarm,persistent,world,decayed,world,decayed,0.10911417007446289,-0.1573483156902886,1.0,0.0,0.0,nan,alarm
soft_medium,neither,90051,False,False,,1.0,0.0,,0.0,76,False,nan,nan,nan,nan,alarm,persistent,world,decayed,world,decayed,0.11766208708286285,-0.06171370380388823,1.0,0.0,0.0,nan,alarm
soft_medium,neither,90052,False,False,,1.0,0.0,,0.0,68,False,nan,nan,nan,nan,alarm,persistent,world,decayed,world,decayed,0.11669683456420898,-0.07251288436963169,1.0,0.0,0.0,nan,alarm
soft_medium,neither,90053,False,False,,1.0,0.0,,0.0,72,False,nan,nan,nan,nan,alarm,persistent,world,decayed,world,decayed,0.12255726009607315,-0.006946246022266756,1.0,0.0,0.0,nan,alarm
soft_medium,neither,90054,False,False,,1.0,0.0,,0.0,65,False,nan,nan,nan,nan,alarm,persistent,world,decayed,world,decayed,0.1147301197052002,-0.09451656460730966,1.0,0.0,0.0,nan,alarm
soft_medium,neither,90055,False,False,,1.0,0.0,,0.0,68,False,nan,nan,nan,nan,alarm,persistent,world,decayed,world,decayed,0.118401899933815,-0.053436503172715887,1.0,0.0,0.0,nan,alarm
soft_medium,neither,90056,False,False,,1.0,0.0,,0.0,68,False,nan,nan,nan,nan,alarm,persistent,world,decayed,world,decayed,0.12925514578819275,0.06799025928355265,1.0,0.0,0.0,nan,alarm
soft_medium,neither,90057,False,False,,1.0,0.0,,0.0,76,False,nan,nan,nan,nan,alarm,persistent,world,decayed,world,decayed,0.12312471866607666,-0.0005972794580515528,1.0,0.0,0.0,nan,alarm
soft_medium,neither,90058,False,False,,1.0,0.0,,0.0,61,False,nan,nan,nan,nan,alarm,persistent,world,decayed,world,decayed,0.10940369218587875,-0.15410904087894678,1.0,0.0,0.0,nan,alarm
soft_medium,neither,90059,False,False,,1.0,0.0,,0.0,62,False,nan,nan,nan,nan,alarm,persistent,world,decayed,world,decayed,0.1126333475112915,-0.11797547654877782,1.0,0.0,0.0,nan,alarm
soft_medium,neither,90060,False,False,,1.0,0.0,,0.0,62,False,nan,nan,nan,nan,alarm,persistent,world,decayed,world,decayed,0.12088552862405777,-0.025649491966923364,1.0,0.0,0.0,nan,alarm
soft_medium,neither,90061,False,False,,1.0,0.0,,0.0,80,False,nan,nan,nan,nan,alarm,persistent,world,decayed,world,decayed,0.1314593106508255,0.0926508669674951,1.0,0.0,0.0,nan,alarm
soft_medium,neither,90062,False,False,,1.0,0.0,,0.0,66,False,nan,nan,nan,nan,alarm,persistent,world,decayed,world,decayed,0.131393700838089,0.09191679793378332,1.0,0.0,0.0,nan,alarm
soft_medium,neither,90063,False,False,,1.0,0.0,,0.0,62,False,nan,nan,nan,nan,alarm,persistent,world,decayed,world,decayed,0.10553194582462311,-0.19742642875909705,1.0,0.0,0.0,nan,alarm
soft_medium,neither,90064,False,False,,1.0,0.0,,0.0,72,False,nan,nan,nan,nan,alarm,persistent,world,decayed,world,decayed,0.11102944612503052,-0.13592002336861006,1.0,0.0,0.0,nan,alarm
soft_medium,neither,90065,False,False,,1.0,0.0,,0.0,63,False,nan,nan,nan,nan,alarm,persistent,world,decayed,world,decayed,0.10914387553930283,-0.15701578289002968,1.0,0.0,0.0,nan,alarm
soft_medium,neither,90066,False,False,,1.0,0.0,,0.0,61,False,nan,nan,nan,nan,alarm,persistent,world,decayed,world,decayed,0.13248783349990845,0.10415798916468932,1.0,0.0,0.0,nan,alarm
soft_medium,neither,90067,False,False,,1.0,0.0,,0.0,71,False,nan,nan,nan,nan,alarm,persistent,world,decayed,world,decayed,0.11137931048870087,-0.1320057798116681,1.0,0.0,0.0,nan,alarm
soft_medium,neither,90068,False,False,,1.0,0.0,,0.0,76,False,nan,nan,nan,nan,alarm,persistent,world,decayed,world,decayed,0.10950527340173721,-0.15297268435128258,1.0,0.0,0.0,nan,alarm
soft_medium,neither,90069,False,False,,1.0,0.0,,0.0,70,False,nan,nan,nan,nan,alarm,persistent,world,decayed,world,decayed,0.11325649917125702,-0.1110036071863894,1.0,0.0,0.0,nan,alarm
soft_medium,neither,90070,False,False,,1.0,0.0,,0.0,76,False,nan,nan,nan,nan,alarm,persistent,world,decayed,world,decayed,0.1203441470861435,-0.03170630311732106,1.0,0.0,0.0,nan,alarm
soft_medium,neither,90071,False,False,,1.0,0.0,,0.0,77,False,nan,nan,nan,nan,alarm,persistent,world,decayed,world,decayed,0.1256287395954132,0.027417943535558226,1.0,0.0,0.0,nan,alarm
soft_medium,neither,90072,False,False,,1.0,0.0,,0.0,70,False,nan,nan,nan,nan,alarm,persistent,world,decayed,world,decayed,0.11310644447803497,-0.11268256004701396,1.0,0.0,0.0,nan,alarm
soft_medium,neither,90073,False,False,,1.0,0.0,,0.0,80,False,nan,nan,nan,nan,alarm,persistent,world,decayed,world,decayed,0.11907496303319931,-0.045906335768233705,1.0,0.0,0.0,nan,alarm
soft_medium,neither,90074,False,False,,1.0,0.0,,0.0,67,False,nan,nan,nan,nan,alarm,persistent,world,decayed,world,decayed,0.14409300684928894,0.2339973946996589,1.0,0.0,0.0,nan,alarm
soft_medium,neither,90075,False,False,,1.0,0.0,,0.0,71,False,nan,nan,nan,nan,alarm,persistent,world,decayed,world,decayed,0.09975887835025787,-0.2620158389622097,1.0,0.0,0.0,nan,alarm
soft_medium,neither,90076,False,False,,1.0,0.0,,0.0,75,False,nan,nan,nan,nan,alarm,persistent,world,decayed,world,decayed,0.11511276662349701,-0.09023556708398275,1.0,0.0,0.0,nan,alarm
soft_medium,neither,90077,False,False,,1.0,0.0,,0.0,63,False,nan,nan,nan,nan,alarm,persistent,world,decayed,world,decayed,0.12125210464000702,-0.021548148858074958,1.0,0.0,0.0,nan,alarm
soft_medium,neither,90078,False,False,,1.0,0.0,,0.0,63,False,nan,nan,nan,nan,alarm,persistent,world,decayed,world,decayed,0.11751367896795273,-0.06337402806114398,1.0,0.0,0.0,nan,alarm
soft_medium,neither,90079,False,False,,1.0,0.0,,0.0,64,False,nan,nan,nan,nan,alarm,persistent,world,decayed,world,decayed,0.11363152414560318,-0.10680789544327256,1.0,0.0,0.0,nan,alarm
soft_medium,neither,90080,False,False,,1.0,0.0,,0.0,78,False,nan,nan,nan,nan,alarm,persistent,world,decayed,world,decayed,0.11987362056970596,-0.03697088584496787,1.0,0.0,0.0,nan,alarm
soft_medium,neither,90081,False,False,,1.0,0.0,,0.0,79,False,nan,nan,nan,nan,alarm,persistent,world,decayed,world,decayed,0.11741243302822113,-0.06450661734562287,1.0,0.0,0.0,nan,alarm
soft_medium,neither,90082,False,False,,1.0,0.0,,0.0,76,False,nan,nan,nan,nan,alarm,persistent,world,decayed,world,decayed,0.1261938363313675,0.033740049671490815,1.0,0.0,0.0,nan,alarm
soft_medium,neither,90083,False,False,,1.0,0.0,,0.0,74,False,nan,nan,nan,nan,alarm,persistent,world,decayed,world,decayed,0.11327953636646271,-0.11074578286655187,1.0,0.0,0.0,nan,alarm
soft_medium,neither,90084,False,False,,1.0,0.0,,0.0,73,False,nan,nan,nan,nan,alarm,persistent,world,decayed,world,decayed,0.11678744852542877,-0.07149898955524121,1.0,0.0,0.0,nan,alarm
soft_medium,neither,90085,False,False,,1.0,0.0,,0.0,72,False,nan,nan,nan,nan,alarm,persistent,world,decayed,world,decayed,0.10710577666759491,-0.1798183020697724,1.0,0.0,0.0,nan,alarm
soft_medium,neither,90086,False,False,,1.0,0.0,,0.0,63,False,nan,nan,nan,nan,alarm,persistent,world,decayed,world,decayed,0.10299403965473175,-0.22582073795715596,1.0,0.0,0.0,nan,alarm
soft_medium,neither,90087,False,False,,1.0,0.0,,0.0,66,False,nan,nan,nan,nan,alarm,persistent,world,decayed,world,decayed,0.095623679459095,-0.30828082059680856,1.0,0.0,0.0,nan,alarm
soft_medium,neither,90088,False,False,,1.0,0.0,,0.0,75,False,nan,nan,nan,nan,alarm,persistent,world,decayed,world,decayed,0.10984969139099121,-0.1491191655139625,1.0,0.0,0.0,nan,alarm
soft_medium,neither,90089,False,False,,1.0,0.0,,0.0,62,False,nan,nan,nan,nan,alarm,persistent,world,decayed,world,decayed,0.11545377969741821,-0.08642014736530576,1.0,0.0,0.0,nan,alarm
soft_medium,neither,90090,False,False,,1.0,0.0,,0.0,68,False,nan,nan,nan,nan,alarm,persistent,world,decayed,world,decayed,0.12122778594493866,-0.021820256244645998,1.0,0.0,0.0,nan,alarm
soft_medium,neither,90091,False,False,,1.0,0.0,,0.0,77,False,nan,nan,nan,nan,alarm,persistent,world,decayed,world,decayed,0.12372098118066788,0.006073812057034401,1.0,0.0,0.0,nan,alarm
soft_medium,neither,90092,False,False,,1.0,0.0,,0.0,68,False,nan,nan,nan,nan,alarm,persistent,world,decayed,world,decayed,0.11087284237146378,-0.13767202745608492,1.0,0.0,0.0,nan,alarm
soft_medium,neither,90093,False,False,,1.0,0.0,,0.0,64,False,nan,nan,nan,nan,alarm,persistent,world,decayed,world,decayed,0.1263110488653183,0.035051723412759785,1.0,0.0,0.0,nan,alarm
soft_medium,neither,90094,False,False,,1.0,0.0,,0.0,69,False,nan,nan,nan,nan,alarm,persistent,world,decayed,world,decayed,0.1136811375617981,-0.10625264412198485,1.0,0.0,0.0,nan,alarm
soft_medium,neither,90095,False,False,,1.0,0.0,,0.0,61,False,nan,nan,nan,nan,alarm,persistent,world,decayed,world,decayed,0.12364127486944199,0.0051820691000354305,1.0,0.0,0.0,nan,alarm
soft_medium,neither,90096,False,False,,1.0,0.0,,0.0,62,False,nan,nan,nan,nan,alarm,persistent,world,decayed,world,decayed,0.1099051684141159,-0.14849856651185714,1.0,0.0,0.0,nan,alarm
soft_medium,neither,90097,False,False,,1.0,0.0,,0.0,61,False,nan,nan,nan,nan,alarm,persistent,world,decayed,world,decayed,0.12328691780567169,0.0012174335207604027,1.0,0.0,0.0,nan,alarm
soft_medium,neither,90098,False,False,,1.0,0.0,,0.0,70,False,nan,nan,nan,nan,alarm,persistent,world,decayed,world,decayed,0.14008930325508118,0.18920367339612776,1.0,0.0,0.0,nan,alarm
soft_medium,neither,90099,False,False,,1.0,0.0,,0.0,79,False,nan,nan,nan,nan,alarm,persistent,world,decayed,world,decayed,0.12220239639282227,-0.010916369658479336,1.0,0.0,0.0,nan,alarm
soft_medium,neither,90100,False,False,,1.0,0.0,,0.0,62,False,nan,nan,nan,nan,alarm,persistent,world,decayed,world,decayed,0.10450085252523422,-0.208962297611092,1.0,0.0,0.0,nan,alarm
soft_medium,neither,90101,False,False,,1.0,0.0,,0.0,62,False,nan,nan,nan,nan,alarm,persistent,world,decayed,world,decayed,0.12221293151378632,-0.010798350906052639,1.0,0.0,0.0,nan,alarm
soft_medium,neither,90102,False,False,,1.0,0.0,,0.0,63,False,nan,nan,nan,nan,alarm,persistent,world,decayed,world,decayed,0.12271419912576675,-0.005190182939956084,1.0,0.0,0.0,nan,alarm
soft_medium,neither,90103,False,False,,1.0,0.0,,0.0,62,False,nan,nan,nan,nan,alarm,persistent,world,decayed,world,decayed,0.13428035378456116,0.1242128835155818,1.0,0.0,0.0,nan,alarm
soft_medium,neither,90104,False,False,,1.0,0.0,,0.0,72,False,nan,nan,nan,nan,alarm,persistent,world,decayed,world,decayed,0.13256876170635223,0.10506355346538583,1.0,0.0,0.0,nan,alarm
soft_medium,neither,90105,False,False,,1.0,0.0,,0.0,74,False,nan,nan,nan,nan,alarm,persistent,world,decayed,world,decayed,0.12442582845687866,0.01395980615637859,1.0,0.0,0.0,nan,alarm
soft_medium,neither,90106,False,False,,1.0,0.0,,0.0,79,False,nan,nan,nan,nan,alarm,persistent,world,decayed,world,decayed,0.11337147653102875,-0.10971722206138668,1.0,0.0,0.0,nan,alarm
soft_medium,neither,90107,False,False,,1.0,0.0,,0.0,79,False,nan,nan,nan,nan,alarm,persistent,world,decayed,world,decayed,0.10259729623794556,-0.23025943662524098,1.0,0.0,0.0,nan,alarm
soft_medium,neither,90108,False,False,,1.0,0.0,,0.0,64,False,nan,nan,nan,nan,alarm,persistent,world,decayed,world,decayed,0.12133600562810898,-0.02060938504301376,1.0,0.0,0.0,nan,alarm
soft_medium,neither,90109,False,False,,1.0,0.0,,0.0,66,False,nan,nan,nan,nan,alarm,persistent,world,decayed,world,decayed,0.10670258849859238,-0.18432916498759205,1.0,0.0,0.0,nan,alarm
soft_medium,neither,90110,False,False,,1.0,0.0,,0.0,60,False,nan,nan,nan,nan,alarm,persistent,world,decayed,world,decayed,0.12560229003429413,0.02712210840405036,1.0,0.0,0.0,nan,alarm
soft_medium,neither,90111,False,False,,1.0,0.0,,0.0,76,False,nan,nan,nan,nan,alarm,persistent,world,decayed,world,decayed,0.11590021848678589,-0.08142567586985788,1.0,0.0,0.0,nan,alarm
soft_medium,neither,90112,False,False,,1.0,0.0,,0.0,69,False,nan,nan,nan,nan,alarm,persistent,world,decayed,world,decayed,0.13218462467193604,0.10076571822493677,1.0,0.0,0.0,nan,alarm
soft_medium,neither,90113,False,False,,1.0,0.0,,0.0,60,False,nan,nan,nan,nan,alarm,persistent,world,decayed,world,decayed,0.12916943430900574,0.06703153561797155,1.0,0.0,0.0,nan,alarm
soft_medium,neither,90114,False,False,,1.0,0.0,,0.0,65,False,nan,nan,nan,nan,alarm,persistent,world,decayed,world,decayed,0.1156289204955101,-0.0844608407056138,1.0,0.0,0.0,nan,alarm
soft_medium,neither,90115,False,False,,1.0,0.0,,0.0,77,False,nan,nan,nan,nan,alarm,persistent,world,decayed,world,decayed,0.1102914810180664,-0.1441764132503643,1.0,0.0,0.0,nan,alarm
soft_medium,neither,90116,False,False,,1.0,0.0,,0.0,75,False,nan,nan,nan,nan,alarm,persistent,world,decayed,world,decayed,0.14085181057453156,0.19773461616846527,1.0,0.0,0.0,nan,alarm
soft_medium,neither,90117,False,False,,1.0,0.0,,0.0,79,False,nan,nan,nan,nan,alarm,persistent,world,decayed,world,decayed,0.11695017665624619,-0.06967836183270304,1.0,0.0,0.0,nan,alarm
soft_medium,neither,90118,False,False,,1.0,0.0,,0.0,68,False,nan,nan,nan,nan,alarm,persistent,world,decayed,world,decayed,0.12174572050571442,-0.016025620942049696,1.0,0.0,0.0,nan,alarm
soft_medium,neither,90119,False,False,,1.0,0.0,,0.0,69,False,nan,nan,nan,nan,alarm,persistent,world,decayed,world,decayed,0.1263938695192337,0.035978080228396284,1.0,0.0,0.0,nan,alarm
soft_medium,body_only,90120,True,False,m,1.5891995503048728,0.0,,0.0,74,False,nan,nan,nan,nan,alarm,persistent,world,decayed,world,decayed,0.09477250277996063,-0.31780382213546143,1.0,0.0,0.0,nan,alarm
soft_medium,body_only,90121,True,False,l,1.4812383451425903,0.0,,0.0,60,False,nan,nan,nan,nan,alarm,persistent,world,decayed,world,decayed,0.11953596025705338,-0.04074869643147883,1.0,0.0,0.0,nan,alarm
soft_medium,body_only,90122,True,False,m,1.577333311441059,0.0,,0.0,60,False,nan,nan,nan,nan,alarm,persistent,world,decayed,world,decayed,0.11843385547399521,-0.05307894641661639,1.0,0.0,0.0,nan,alarm
soft_medium,body_only,90123,True,False,l,1.2659873041674827,0.0,,0.0,78,False,nan,nan,nan,nan,alarm,persistent,world,decayed,world,decayed,0.11421267688274384,-0.10030571237395358,1.0,0.0,0.0,nan,alarm
soft_medium,body_only,90124,True,False,m,1.4143549642821072,0.0,,0.0,79,False,nan,nan,nan,nan,alarm,persistent,world,decayed,world,decayed,0.12836875021457672,0.058073165737151,1.0,0.0,0.0,nan,alarm
soft_medium,body_only,90125,True,False,l,1.4086180240535773,0.0,,0.0,63,False,nan,nan,nan,nan,alarm,persistent,world,decayed,world,decayed,0.12089314311742783,-0.025564113451367183,1.0,0.0,0.0,nan,alarm
soft_medium,body_only,90126,True,False,m,1.6448408546174003,0.0,,0.0,68,False,nan,nan,nan,nan,alarm,persistent,world,decayed,world,decayed,0.09687034040689468,-0.2943330952941233,1.0,0.0,0.0,nan,alarm
soft_medium,body_only,90127,True,False,l,1.4986137896780058,0.0,,0.0,61,False,nan,nan,nan,nan,alarm,persistent,world,decayed,world,decayed,0.11560402065515518,-0.08473933797431317,1.0,0.0,0.0,nan,alarm
soft_medium,body_only,90128,True,False,m,1.416558817025714,0.0,,0.0,64,False,nan,nan,nan,nan,alarm,persistent,world,decayed,world,decayed,0.10676948726177216,-0.18358075844420482,1.0,0.0,0.0,nan,alarm
soft_medium,body_only,90129,True,False,l,1.38378853736242,0.0,,0.0,68,False,nan,nan,nan,nan,alarm,persistent,world,decayed,world,decayed,0.10232412815093994,-0.23331577116914198,1.0,0.0,0.0,nan,alarm
soft_medium,body_only,90130,True,False,m,1.4756383192437175,0.0,,0.0,71,False,nan,nan,nan,nan,alarm,persistent,world,decayed,world,decayed,0.13764576613903046,0.16186539602604205,1.0,0.0,0.0,nan,alarm
soft_medium,body_only,90131,True,False,l,1.3606013397692742,0.0,,0.0,80,False,nan,nan,nan,nan,alarm,persistent,world,decayed,world,decayed,0.10387556254863739,-0.2159581839953884,1.0,0.0,0.0,nan,alarm
soft_medium,body_only,90132,True,False,m,1.3052923183294922,0.0,,0.0,64,False,nan,nan,nan,nan,alarm,persistent,world,decayed,world,decayed,0.12350289523601532,0.003633975450857052,1.0,0.0,0.0,nan,alarm
soft_medium,body_only,90133,True,False,l,1.3207448067237653,0.0,,0.0,67,False,nan,nan,nan,nan,alarm,persistent,world,decayed,world,decayed,0.11364567279815674,-0.1066493263373546,1.0,0.0,0.0,nan,alarm
soft_medium,body_only,90134,True,False,m,1.4561368550822151,0.0,,0.0,64,False,nan,nan,nan,nan,alarm,persistent,world,decayed,world,decayed,0.13097749650478363,0.08726031551544147,1.0,0.0,0.0,nan,alarm
soft_medium,body_only,90135,True,False,l,1.4036352699808552,0.0,,0.0,79,False,nan,nan,nan,nan,alarm,persistent,world,decayed,world,decayed,0.09691565483808517,-0.29382601529622276,1.0,0.0,0.0,nan,alarm
soft_medium,body_only,90136,True,False,m,1.3752498406372067,0.0,,0.0,68,False,nan,nan,nan,nan,alarm,persistent,world,decayed,world,decayed,0.1163281798362732,-0.07663736963617584,1.0,0.0,0.0,nan,alarm
soft_medium,body_only,90137,True,False,l,1.3180944856558197,0.0,,0.0,66,False,nan,nan,nan,nan,alarm,persistent,world,decayed,world,decayed,0.11911369860172272,-0.04547286757714011,1.0,0.0,0.0,nan,alarm
soft_medium,body_only,90138,True,False,m,1.3737292058898571,0.0,,0.0,76,False,nan,nan,nan,nan,alarm,persistent,world,decayed,world,decayed,0.13469257950782776,0.12882467322798213,1.0,0.0,0.0,nan,alarm
soft_medium,body_only,90139,True,False,l,1.2231365368057392,0.0,,0.0,78,False,nan,nan,nan,nan,alarm,persistent,world,decayed,world,decayed,0.112052321434021,-0.12447592083035915,1.0,0.0,0.0,nan,alarm
soft_medium,body_only,90140,True,False,m,1.5903123576273737,0.0,,0.0,77,False,nan,nan,nan,nan,alarm,persistent,world,decayed,world,decayed,0.11228356510400772,-0.12188886334573937,1.0,0.0,0.0,nan,alarm
soft_medium,body_only,90141,True,False,l,1.3983126255738383,0.0,,0.0,68,False,nan,nan,nan,nan,alarm,persistent,world,decayed,world,decayed,0.11982972919940948,-0.03746180722981117,1.0,0.0,0.0,nan,alarm
soft_medium,body_only,90142,True,False,m,1.5588960124158446,0.0,,0.0,77,False,nan,nan,nan,nan,alarm,persistent,world,decayed,world,decayed,0.10748063027858734,-0.17562436323891667,1.0,0.0,0.0,nan,alarm
soft_medium,body_only,90143,True,False,l,1.3381767659159343,0.0,,0.0,76,False,nan,nan,nan,nan,alarm,persistent,world,decayed,world,decayed,0.09404735267162323,-0.3259168543734615,1.0,0.0,0.0,nan,alarm
soft_medium,body_only,90144,True,False,m,1.4340779419258376,0.0,,0.0,78,False,nan,nan,nan,nan,alarm,persistent,world,decayed,world,decayed,0.10156985372304916,-0.24175455532596274,1.0,0.0,0.0,nan,alarm
soft_medium,body_only,90145,True,False,l,1.3732457116762027,0.0,,0.0,79,False,nan,nan,nan,nan,alarm,persistent,world,decayed,world,decayed,0.10038439929485321,-0.2550174900116394,1.0,0.0,0.0,nan,alarm
soft_medium,body_only,90146,True,False,m,1.4659264726975494,0.0,,0.0,73,False,nan,nan,nan,nan,alarm,persistent,world,decayed,world,decayed,0.1115850955247879,-0.12970326354377626,1.0,0.0,0.0,nan,alarm
soft_medium,body_only,90147,True,False,l,1.3697174281168265,0.0,,0.0,61,False,nan,nan,nan,nan,alarm,persistent,world,decayed,world,decayed,0.11570598185062408,-0.08359874479589736,1.0,0.0,0.0,nan,alarm
soft_medium,body_only,90148,True,False,m,1.3038571531689942,0.0,,0.0,77,False,nan,nan,nan,nan,alarm,persistent,world,decayed,world,decayed,0.114749476313591,-0.0943000387755526,1.0,0.0,0.0,nan,alarm
soft_medium,body_only,90149,True,False,l,1.2823864181574816,0.0,,0.0,69,False,nan,nan,nan,nan,alarm,persistent,world,decayed,world,decayed,0.12279509007930756,-0.004285152648976756,1.0,0.0,0.0,nan,alarm
soft_medium,body_only,90150,True,False,m,1.371260065573264,0.0,,0.0,77,False,nan,nan,nan,nan,alarm,persistent,world,decayed,world,decayed,0.09989754855632782,-0.2604644495613523,1.0,0.0,0.0,nan,alarm
soft_medium,body_only,90151,True,False,l,1.2751118713228489,0.0,,0.0,67,False,nan,nan,nan,nan,alarm,persistent,world,decayed,world,decayed,0.12700945138931274,0.042865319209817745,1.0,0.0,0.0,nan,alarm
soft_medium,body_only,90152,True,False,m,1.3717293620024857,0.0,,0.0,77,False,nan,nan,nan,nan,alarm,persistent,world,decayed,world,decayed,0.10479576885700226,-0.20566281307388964,1.0,0.0,0.0,nan,alarm
soft_medium,body_only,90153,True,False,l,1.3777582765834164,0.0,,0.0,63,False,nan,nan,nan,nan,alarm,persistent,world,decayed,world,decayed,0.10713623464107513,-0.17947753405819658,1.0,0.0,0.0,nan,alarm
soft_medium,body_only,90154,True,False,m,1.3240528558094946,0.0,,0.0,61,False,nan,nan,nan,nan,alarm,persistent,world,decayed,world,decayed,0.1235540360212326,0.00420593111708388,1.0,0.0,0.0,nan,alarm
soft_medium,body_only,90155,True,False,l,1.2616156540457863,0.0,,0.0,75,False,nan,nan,nan,nan,alarm,persistent,world,decayed,world,decayed,0.10990836471319199,-0.14846282224582058,1.0,0.0,0.0,nan,alarm
soft_medium,body_only,90156,True,False,m,1.53054519222226,0.0,,0.0,80,False,nan,nan,nan,nan,alarm,persistent,world,decayed,world,decayed,0.0922626331448555,-0.3458844490762787,1.0,0.0,0.0,nan,alarm
soft_medium,body_only,90157,True,False,l,1.488929027680533,0.0,,0.0,67,False,nan,nan,nan,nan,alarm,persistent,world,decayed,world,decayed,0.11802701652050018,-0.05763065664942868,1.0,0.0,0.0,nan,alarm
soft_medium,body_only,90158,True,False,m,1.4010988441285952,0.0,,0.0,76,False,nan,nan,nan,nan,alarm,persistent,world,decayed,world,decayed,0.10771474987268448,-0.17300504557604945,1.0,0.0,0.0,nan,alarm
soft_medium,body_only,90159,True,False,l,1.3983826888544335,0.0,,0.0,76,False,nan,nan,nan,nan,alarm,persistent,world,decayed,world,decayed,0.10576055943965912,-0.1948687365990724,1.0,0.0,0.0,nan,alarm
soft_medium,body_only,90160,True,False,m,1.6346395142175347,0.0,,0.0,78,False,nan,nan,nan,nan,alarm,persistent,world,decayed,world,decayed,0.09820481389760971,-0.27940296924672037,1.0,0.0,0.0,nan,alarm
soft_medium,body_only,90161,True,False,l,1.4627355647267428,0.0,,0.0,75,False,nan,nan,nan,nan,alarm,persistent,world,decayed,world,decayed,0.12465529143810272,0.016527101374073754,1.0,0.0,0.0,nan,alarm
soft_medium,body_only,90162,True,False,m,1.3110427449584228,0.0,,0.0,70,False,nan,nan,nan,nan,alarm,persistent,world,decayed,world,decayed,0.097164586186409,-0.29104103323149755,1.0,0.0,0.0,nan,alarm
soft_medium,body_only,90163,True,False,l,1.4308898612160117,0.0,,0.0,78,False,nan,nan,nan,nan,alarm,persistent,world,decayed,world,decayed,0.11127202212810516,-0.13320609246897486,1.0,0.0,0.0,nan,alarm
soft_medium,body_only,90164,True,False,m,1.439856144676443,0.0,,0.0,68,False,nan,nan,nan,nan,alarm,persistent,world,decayed,world,decayed,0.10756244510412216,-0.1747089429422884,1.0,0.0,0.0,nan,alarm
soft_medium,body_only,90165,True,False,l,1.2997648895781109,0.0,,0.0,62,False,nan,nan,nan,nan,alarm,persistent,world,decayed,world,decayed,0.11978653818368912,-0.03794518553202949,1.0,0.0,0.0,nan,alarm
soft_medium,body_only,90166,True,False,m,1.679679815459025,0.0,,0.0,64,False,nan,nan,nan,nan,alarm,persistent,world,decayed,world,decayed,0.10975327342748642,-0.15019784221936305,1.0,0.0,0.0,nan,alarm
soft_medium,body_only,90167,True,False,l,1.3590101711106688,0.0,,0.0,72,False,nan,nan,nan,nan,alarm,persistent,world,decayed,world,decayed,0.11361820995807648,-0.10695686018905733,1.0,0.0,0.0,nan,alarm
soft_medium,body_only,90168,True,False,m,1.6457533914678304,0.0,,0.0,77,False,nan,nan,nan,nan,alarm,persistent,world,decayed,world,decayed,0.13519951701164246,0.1344964331551432,1.0,0.0,0.0,nan,alarm
soft_medium,body_only,90169,True,False,l,1.372684860076075,0.0,,0.0,63,False,nan,nan,nan,nan,alarm,persistent,world,decayed,world,decayed,0.12129728496074677,-0.021042807908404515,1.0,0.0,0.0,nan,alarm
soft_medium,body_only,90170,True,False,m,1.5110806219967274,0.0,,0.0,77,False,nan,nan,nan,nan,alarm,persistent,world,decayed,world,decayed,0.12162593752145767,-0.017365662060973962,1.0,0.0,0.0,nan,alarm
soft_medium,body_only,90171,True,False,l,1.3393346079674444,0.0,,0.0,80,False,nan,nan,nan,nan,alarm,persistent,world,decayed,world,decayed,0.11072764545679092,-0.13929655170189953,1.0,0.0,0.0,nan,alarm
soft_medium,body_only,90172,True,False,m,1.5992541406103382,0.0,,0.0,69,False,nan,nan,nan,nan,alarm,persistent,world,decayed,world,decayed,0.08742544800043106,-0.40000319758428127,1.0,0.0,0.0,nan,alarm
soft_medium,body_only,90173,True,False,l,1.2909310796297793,0.0,,0.0,74,False,nan,nan,nan,nan,alarm,persistent,world,decayed,world,decayed,0.09857922792434692,-0.2752139448682182,1.0,0.0,0.0,nan,alarm
soft_medium,body_only,90174,True,False,m,1.4992846063269814,0.0,,0.0,60,False,nan,nan,nan,nan,alarm,persistent,world,decayed,world,decayed,0.09532460570335388,-0.31162694892911424,1.0,0.0,0.0,nan,alarm
soft_medium,body_only,90175,True,False,l,1.375063495490151,0.0,,0.0,67,False,nan,nan,nan,nan,alarm,persistent,world,decayed,world,decayed,0.11126474291086197,-0.13328746903756258,1.0,0.0,0.0,nan,alarm
soft_medium,body_only,90176,True,False,m,1.3570155774731387,0.0,,0.0,71,False,nan,nan,nan,nan,alarm,persistent,world,decayed,world,decayed,0.126127690076828,0.033000265952327315,1.0,0.0,0.0,nan,alarm
soft_medium,body_only,90177,True,False,l,1.2641200458110455,0.0,,0.0,62,False,nan,nan,nan,nan,alarm,persistent,world,decayed,world,decayed,0.12217070907354355,-0.011270803629949672,1.0,0.0,0.0,nan,alarm
soft_medium,body_only,90178,True,False,m,1.5240608064758356,0.0,,0.0,68,False,nan,nan,nan,nan,alarm,persistent,world,decayed,world,decayed,0.11025848239660263,-0.1445455601012674,1.0,0.0,0.0,nan,alarm
soft_medium,body_only,90179,True,False,l,1.4207768660969622,0.0,,0.0,63,False,nan,nan,nan,nan,alarm,persistent,world,decayed,world,decayed,0.1087661162018776,-0.1612423020444706,1.0,0.0,0.0,nan,alarm
soft_medium,body_only,90180,True,False,m,1.6834084531201725,0.0,,0.0,70,False,nan,nan,nan,nan,alarm,persistent,world,decayed,world,decayed,0.09659536182880402,-0.2974095737265273,1.0,0.0,0.0,nan,alarm
soft_medium,body_only,90181,True,False,l,1.3164236438723707,0.0,,0.0,75,False,nan,nan,nan,nan,alarm,persistent,world,decayed,world,decayed,0.1000286340713501,-0.2589978426691081,1.0,0.0,0.0,nan,alarm
soft_medium,body_only,90182,True,False,m,1.3450601064988406,0.0,,0.0,60,False,nan,nan,nan,nan,alarm,persistent,world,decayed,world,decayed,0.10375436395406723,-0.21731414602792273,1.0,0.0,0.0,nan,alarm
soft_medium,body_only,90183,True,False,l,1.3429357517410216,0.0,,0.0,67,False,nan,nan,nan,nan,alarm,persistent,world,decayed,world,decayed,0.10609520971775055,-0.1911245037621013,1.0,0.0,0.0,nan,alarm
soft_medium,body_only,90184,True,False,m,1.6568892806087865,0.0,,0.0,73,False,nan,nan,nan,nan,alarm,persistent,world,decayed,world,decayed,0.1192418560385704,-0.04403905122596492,1.0,0.0,0.0,nan,alarm
soft_medium,body_only,90185,True,False,l,1.43334245437914,0.0,,0.0,67,False,nan,nan,nan,nan,alarm,persistent,world,decayed,world,decayed,0.10887657105922699,-0.16000654989740495,1.0,0.0,0.0,nan,alarm
soft_medium,body_only,90186,True,False,m,1.6331529059433587,0.0,,0.0,70,False,nan,nan,nan,nan,alarm,persistent,world,decayed,world,decayed,0.09334520995616913,-0.33377250226353256,1.0,0.0,0.0,nan,alarm
soft_medium,body_only,90187,True,False,l,1.3141636302230804,0.0,,0.0,65,False,nan,nan,nan,nan,alarm,persistent,world,decayed,world,decayed,0.11395055055618286,-0.10323841455108358,1.0,0.0,0.0,nan,alarm
soft_medium,body_only,90188,True,False,m,1.68271261290117,0.0,,0.0,72,False,nan,nan,nan,nan,alarm,persistent,world,decayed,world,decayed,0.13432729244232178,0.12473814406967391,1.0,0.0,0.0,nan,alarm
soft_medium,body_only,90189,True,False,l,1.2673551846296478,0.0,,0.0,69,False,nan,nan,nan,nan,alarm,persistent,world,decayed,world,decayed,0.11606708914041519,-0.07955857054646005,1.0,0.0,0.0,nan,alarm
soft_medium,body_only,90190,True,False,m,1.4616304439624153,0.0,,0.0,61,False,nan,nan,nan,nan,alarm,persistent,world,decayed,world,decayed,0.11886223405599594,-0.048286256093402355,1.0,0.0,0.0,nan,alarm
soft_medium,body_only,90191,True,False,l,1.3598610545526153,0.0,,0.0,75,False,nan,nan,nan,nan,alarm,persistent,world,decayed,world,decayed,0.10980340093374252,-0.1496371512927511,1.0,0.0,0.0,nan,alarm
soft_medium,body_only,90192,True,False,m,1.6394540644586693,0.0,,0.0,73,False,nan,nan,nan,nan,alarm,persistent,world,decayed,world,decayed,0.09863142669200897,-0.27462999664620574,1.0,0.0,0.0,nan,alarm
soft_medium,body_only,90193,True,False,l,1.2806965176607972,0.0,,0.0,79,False,nan,nan,nan,nan,alarm,persistent,world,decayed,world,decayed,0.12346601486206055,0.003221141134743477,1.0,0.0,0.0,nan,alarm
soft_medium,body_only,90194,True,False,m,1.3882151295384004,0.0,,0.0,72,False,nan,nan,nan,nan,alarm,persistent,world,decayed,world,decayed,0.12533125281333923,0.02408965060682185,1.0,0.0,0.0,nan,alarm
soft_medium,body_only,90195,True,False,l,1.4070168029723402,0.0,,0.0,68,False,nan,nan,nan,nan,alarm,persistent,world,decayed,world,decayed,0.11531184613704681,-0.08800817764753951,1.0,0.0,0.0,nan,alarm
soft_medium,body_only,90196,True,False,m,1.4747105385822876,0.0,,0.0,78,False,nan,nan,nan,nan,alarm,persistent,world,decayed,world,decayed,0.12485788762569427,0.018793688686714737,1.0,0.0,0.0,nan,alarm
soft_medium,body_only,90197,True,False,l,1.3111555143573217,0.0,,0.0,62,False,nan,nan,nan,nan,alarm,persistent,world,decayed,world,decayed,0.12261772155761719,-0.006269425435164301,1.0,0.0,0.0,nan,alarm
soft_medium,body_only,90198,True,False,m,1.379640047296776,0.0,,0.0,79,False,nan,nan,nan,nan,alarm,persistent,world,decayed,world,decayed,0.10941407829523087,-0.15399298676129433,1.0,0.0,0.0,nan,alarm
soft_medium,body_only,90199,True,False,l,1.4868269255907973,0.0,,0.0,73,False,nan,nan,nan,nan,alarm,persistent,world,decayed,world,decayed,0.10880632698535919,-0.16079237358995255,1.0,0.0,0.0,nan,alarm
soft_medium,body_only,90200,True,False,m,1.568789452616487,0.0,,0.0,75,False,nan,nan,nan,nan,alarm,persistent,world,decayed,world,decayed,0.1014183983206749,-0.24344895461302682,1.0,0.0,0.0,nan,alarm
soft_medium,body_only,90201,True,False,l,1.237480856854104,0.0,,0.0,74,False,nan,nan,nan,nan,alarm,persistent,world,decayed,world,decayed,0.09621228277683258,-0.30169549299599907,1.0,0.0,0.0,nan,alarm
soft_medium,body_only,90202,True,False,m,1.589816924085751,0.0,,0.0,69,False,nan,nan,nan,nan,alarm,persistent,world,decayed,world,decayed,0.10762576013803482,-0.17400056472533232,1.0,0.0,0.0,nan,alarm
soft_medium,body_only,90203,True,False,l,1.2163108575505985,0.0,,0.0,68,False,nan,nan,nan,nan,alarm,persistent,world,decayed,world,decayed,0.12824611365795135,0.05670125778372213,1.0,0.0,0.0,nan,alarm
soft_medium,body_only,90204,True,False,m,1.577624770964431,0.0,,0.0,61,False,nan,nan,nan,nan,alarm,persistent,world,decayed,world,decayed,0.1112184077501297,-0.13380585441191511,1.0,0.0,0.0,nan,alarm
soft_medium,body_only,90205,True,False,l,1.3675497082151145,0.0,,0.0,65,False,nan,nan,nan,nan,alarm,persistent,world,decayed,world,decayed,0.11707708984613419,-0.06825847896726607,1.0,0.0,0.0,nan,alarm
soft_medium,body_only,90206,True,False,m,1.5176465510618466,0.0,,0.0,74,False,nan,nan,nan,nan,alarm,persistent,world,decayed,world,decayed,0.09338264167308807,-0.33335358414403105,1.0,0.0,0.0,nan,alarm
soft_medium,body_only,90207,True,False,l,1.2488637580931352,0.0,,0.0,80,False,nan,nan,nan,nan,alarm,persistent,world,decayed,world,decayed,0.12417282164096832,0.011128973235856965,1.0,0.0,0.0,nan,alarm
soft_medium,body_only,90208,True,False,m,1.4834364114696996,0.0,,0.0,66,False,nan,nan,nan,nan,alarm,persistent,world,decayed,world,decayed,0.10660078376531601,-0.18546817593428966,1.0,0.0,0.0,nan,alarm
soft_medium,body_only,90209,True,False,l,1.263629522578016,0.0,,0.0,60,False,nan,nan,nan,nan,alarm,persistent,world,decayed,world,decayed,0.11544613540172577,-0.08650576240809275,1.0,0.0,0.0,nan,alarm
soft_medium,body_only,90210,True,False,m,1.3346147837212192,0.0,,0.0,73,False,nan,nan,nan,nan,alarm,persistent,world,decayed,world,decayed,0.11735974252223969,-0.06509605075915484,1.0,0.0,0.0,nan,alarm
soft_medium,body_only,90211,True,False,l,1.30656153459059,0.0,,0.0,71,False,nan,nan,nan,nan,alarm,persistent,world,decayed,world,decayed,0.10588480532169342,-0.1934786660634377,1.0,0.0,0.0,nan,alarm
soft_medium,body_only,90212,True,False,m,1.6930851814175538,0.0,,0.0,60,False,nan,nan,nan,nan,alarm,persistent,world,decayed,world,decayed,0.12138278782367706,-0.02008600211918577,1.0,0.0,0.0,nan,alarm
soft_medium,body_only,90213,True,False,l,1.3559979569855254,0.0,,0.0,66,False,nan,nan,nan,nan,alarm,persistent,world,decayed,world,decayed,0.1152811050415039,-0.08835228335009417,1.0,0.0,0.0,nan,alarm
soft_medium,body_only,90214,True,False,m,1.3935857870234445,0.0,,0.0,60,False,nan,nan,nan,nan,alarm,persistent,world,decayed,world,decayed,0.11791054904460907,-0.05893367474441319,1.0,0.0,0.0,nan,alarm
soft_medium,body_only,90215,True,False,l,1.3131198647094737,0.0,,0.0,80,False,nan,nan,nan,nan,alarm,persistent,world,decayed,world,decayed,0.11099253594875336,-0.13633288217102285,1.0,0.0,0.0,nan,alarm
soft_medium,body_only,90216,True,False,m,1.681261135717984,0.0,,0.0,66,False,nan,nan,nan,nan,alarm,persistent,world,decayed,world,decayed,0.11155402660369873,-0.13005091533134555,1.0,0.0,0.0,nan,alarm
soft_medium,body_only,90217,True,False,l,1.413471960665546,0.0,,0.0,75,False,nan,nan,nan,nan,alarm,persistent,world,decayed,world,decayed,0.09599368274211884,-0.3041412653155525,1.0,0.0,0.0,nan,alarm
soft_medium,body_only,90218,True,False,m,1.584896311018346,0.0,,0.0,74,False,nan,nan,nan,nan,alarm,persistent,world,decayed,world,decayed,0.1135895624756813,-0.10727730978212499,1.0,0.0,0.0,nan,alarm
soft_medium,body_only,90219,True,False,l,1.3119810143159762,0.0,,0.0,70,False,nan,nan,nan,nan,alarm,persistent,world,decayed,world,decayed,0.10187266767024994,-0.2383666562325925,1.0,0.0,0.0,nan,alarm
soft_medium,body_only,90220,True,False,m,1.300500753923412,0.0,,0.0,65,False,nan,nan,nan,nan,alarm,persistent,world,decayed,world,decayed,0.10626071691513062,-0.18927294984363857,1.0,0.0,0.0,nan,alarm
soft_medium,body_only,90221,True,False,l,1.325946290087466,0.0,,0.0,69,False,nan,nan,nan,nan,alarm,persistent,world,decayed,world,decayed,0.10102905333042145,-0.24780508912701169,1.0,0.0,0.0,nan,alarm
soft_medium,body_only,90222,True,False,m,1.3799548422979533,0.0,,0.0,63,False,nan,nan,nan,nan,alarm,persistent,world,decayed,world,decayed,0.11512937396764755,-0.09004969445196306,1.0,0.0,0.0,nan,alarm
soft_medium,body_only,90223,True,False,l,1.2088747342560058,0.0,,0.0,66,False,nan,nan,nan,nan,alarm,persistent,world,decayed,world,decayed,0.12253952026367188,-0.007144543888189176,1.0,0.0,0.0,nan,alarm
soft_medium,body_only,90224,True,False,m,1.3689372681649405,0.0,,0.0,67,False,nan,nan,nan,nan,alarm,persistent,world,decayed,world,decayed,0.11992867290973663,-0.03635475715542675,1.0,0.0,0.0,nan,alarm
soft_medium,body_only,90225,True,False,l,1.4190999555086545,0.0,,0.0,76,False,nan,nan,nan,nan,alarm,persistent,world,decayed,world,decayed,0.11064553260803223,-0.14021539278662848,1.0,0.0,0.0,nan,alarm
soft_medium,body_only,90226,True,False,m,1.3666051873938825,0.0,,0.0,68,False,nan,nan,nan,nan,alarm,persistent,world,decayed,world,decayed,0.09935106337070465,-0.2665786586810801,1.0,0.0,0.0,nan,alarm
soft_medium,body_only,90227,True,False,l,1.2089853713110907,0.0,,0.0,76,False,nan,nan,nan,nan,alarm,persistent,world,decayed,world,decayed,0.11098537594079971,-0.13641292944615352,1.0,0.0,0.0,nan,alarm
soft_medium,body_only,90228,True,False,m,1.3941552835422104,0.0,,0.0,76,False,nan,nan,nan,nan,alarm,persistent,world,decayed,world,decayed,0.1121138334274292,-0.12378772218938468,1.0,0.0,0.0,nan,alarm
soft_medium,body_only,90229,True,False,l,1.4129882265602367,0.0,,0.0,60,False,nan,nan,nan,nan,alarm,persistent,world,decayed,world,decayed,0.11218156665563583,-0.123029973601857,1.0,0.0,0.0,nan,alarm
soft_medium,body_only,90230,True,False,m,1.387380358400205,0.0,,0.0,62,False,nan,nan,nan,nan,alarm,persistent,world,decayed,world,decayed,0.09750357270240784,-0.28724838993898316,1.0,0.0,0.0,nan,alarm
soft_medium,body_only,90231,True,False,l,1.2736796593502162,0.0,,0.0,79,False,nan,nan,nan,nan,alarm,persistent,world,decayed,world,decayed,0.0987296849489212,-0.2735306899732134,1.0,0.0,0.0,nan,alarm
soft_medium,body_only,90232,True,False,m,1.3398772042708087,0.0,,0.0,65,False,nan,nan,nan,nan,alarm,persistent,world,decayed,world,decayed,0.11839468777179718,-0.05351718292374573,1.0,0.0,0.0,nan,alarm
soft_medium,body_only,90233,True,False,l,1.2151805568406018,0.0,,0.0,74,False,nan,nan,nan,nan,alarm,persistent,world,decayed,world,decayed,0.12105032056570053,-0.023805780437019607,1.0,0.0,0.0,nan,alarm
soft_medium,body_only,90234,True,False,m,1.412785576783788,0.0,,0.0,80,False,nan,nan,nan,nan,alarm,persistent,world,decayed,world,decayed,0.12062342464923859,-0.02858205087315363,1.0,0.0,0.0,nan,alarm
soft_medium,body_only,90235,True,False,l,1.4243033807217698,0.0,,0.0,60,False,nan,nan,nan,nan,alarm,persistent,world,decayed,world,decayed,0.11456583440303802,-0.09635453279758176,1.0,0.0,0.0,nan,alarm
soft_medium,body_only,90236,True,False,m,1.6997035312296203,0.0,,0.0,64,False,nan,nan,nan,nan,alarm,persistent,world,decayed,world,decayed,0.12481270730495453,0.018288244842489088,1.0,0.0,0.0,nan,alarm
soft_medium,body_only,90237,True,False,l,1.376968432617344,0.0,,0.0,75,False,nan,nan,nan,nan,alarm,persistent,world,decayed,world,decayed,0.12952359020709991,0.07099385646049197,1.0,0.0,0.0,nan,alarm
soft_medium,body_only,90238,True,False,m,1.5968317899030746,0.0,,0.0,62,False,nan,nan,nan,nan,alarm,persistent,world,decayed,world,decayed,0.11205898225307465,-0.12440149420287143,1.0,0.0,0.0,nan,alarm
soft_medium,body_only,90239,True,False,l,1.3434682340044826,0.0,,0.0,67,False,nan,nan,nan,nan,alarm,persistent,world,decayed,world,decayed,0.11913740634918213,-0.04520762208518878,1.0,0.0,0.0,nan,alarm
soft_medium,world_only,90240,False,True,,1.0,1.0,short,-0.05,59,False,nan,nan,nan,nan,alarm,persistent,world,decayed,world,decayed,0.1360878199338913,0.144434813501089,1.0,0.0,0.0,nan,alarm
soft_medium,world_only,90241,False,True,,1.0,1.0,medium,0.1,75,False,nan,nan,nan,nan,alarm,persistent,world,decayed,world,decayed,0.12152433395385742,-0.018502342901856778,1.0,0.0,0.0,nan,alarm
soft_medium,world_only,90242,False,True,,1.0,-2.0,short,0.2,69,False,nan,nan,nan,nan,alarm,persistent,world,decayed,world,decayed,0.10778200626373291,-0.17225262119564858,1.0,0.0,0.0,nan,alarm
soft_medium,world_only,90243,False,True,,1.0,2.0,medium,0.05,68,False,nan,nan,nan,nan,alarm,persistent,world,decayed,world,decayed,0.13088612258434296,0.08623810525803026,1.0,0.0,0.0,nan,alarm
soft_medium,world_only,90244,False,True,,1.0,-4.0,short,0.05,65,False,nan,nan,nan,nan,alarm,persistent,world,decayed,world,decayed,0.12451648712158203,0.014973926036328,1.0,0.0,0.0,nan,alarm
soft_medium,world_only,90245,False,True,,1.0,4.0,medium,0.25,65,False,nan,nan,nan,nan,alarm,persistent,world,decayed,world,decayed,0.11839473247528076,-0.053516753371539105,1.0,0.0,0.0,nan,alarm
soft_medium,world_only,90246,False,True,,1.0,-1.0,short,0.1,75,False,nan,nan,nan,nan,alarm,persistent,world,decayed,world,decayed,0.11612154543399811,-0.07894915761522099,1.0,0.0,0.0,nan,alarm
soft_medium,world_only,90247,False,True,,1.0,-1.0,medium,-0.15000000000000002,77,False,nan,nan,nan,nan,alarm,persistent,world,decayed,world,decayed,0.1166830062866211,-0.07266760079080946,1.0,0.0,0.0,nan,alarm
soft_medium,world_only,90248,False,True,,1.0,-2.0,short,0.15000000000000002,70,False,nan,nan,nan,nan,alarm,persistent,world,decayed,world,decayed,0.11819678544998169,-0.055731373723920154,1.0,0.0,0.0,nan,alarm
soft_medium,world_only,90249,False,True,,1.0,2.0,medium,-0.25,60,False,nan,nan,nan,nan,alarm,persistent,world,decayed,world,decayed,0.1282448172569275,0.056686687914696575,1.0,0.0,0.0,nan,alarm
soft_medium,world_only,90250,False,True,,1.0,4.0,short,0.05,68,False,nan,nan,nan,nan,alarm,persistent,world,decayed,world,decayed,0.1251300573348999,0.021838601674488665,1.0,0.0,0.0,nan,alarm
soft_medium,world_only,90251,False,True,,1.0,-4.0,medium,0.15000000000000002,77,False,nan,nan,nan,nan,alarm,persistent,world,decayed,world,decayed,0.11505170911550522,-0.09091851289278775,1.0,0.0,0.0,nan,alarm
soft_medium,world_only,90252,False,True,,1.0,-1.0,short,-0.05,78,False,nan,nan,nan,nan,alarm,persistent,world,decayed,world,decayed,0.13555696606636047,0.138495713721915,1.0,0.0,0.0,nan,alarm
soft_medium,world_only,90253,False,True,,1.0,1.0,medium,-0.05,60,False,nan,nan,nan,nan,alarm,persistent,world,decayed,world,decayed,0.11578065156936646,-0.08276325298979928,1.0,0.0,0.0,nan,alarm
soft_medium,world_only,90254,False,True,,1.0,2.0,short,0.1,75,False,nan,nan,nan,nan,alarm,persistent,world,decayed,world,decayed,0.13858243823051453,0.17234448387350437,1.0,0.0,0.0,nan,alarm
soft_medium,world_only,90255,False,True,,1.0,2.0,medium,0.25,70,False,nan,nan,nan,nan,alarm,persistent,world,decayed,world,decayed,0.11249876022338867,-0.11948106406643728,1.0,0.0,0.0,nan,alarm
soft_medium,world_only,90256,False,True,,1.0,-4.0,short,-0.2,70,False,nan,nan,nan,nan,alarm,persistent,world,decayed,world,decayed,0.12332923710346222,0.00169083131161058,1.0,0.0,0.0,nan,alarm
soft_medium,world_only,90257,False,True,,1.0,-4.0,medium,-0.05,64,False,nan,nan,nan,nan,alarm,persistent,world,decayed,world,decayed,0.13254103064537048,0.10475295179298097,1.0,0.0,0.0,nan,alarm
soft_medium,world_only,90258,False,True,,1.0,-1.0,short,0.25,67,False,nan,nan,nan,nan,alarm,persistent,world,decayed,world,decayed,0.10916893184185028,-0.15673560205801207,1.0,0.0,0.0,nan,alarm
soft_medium,world_only,90259,False,True,,1.0,1.0,medium,-0.25,71,False,nan,nan,nan,nan,alarm,persistent,world,decayed,world,decayed,0.11409498751163483,-0.10162257825262902,1.0,0.0,0.0,nan,alarm
soft_medium,world_only,90260,False,True,,1.0,-2.0,short,-0.05,78,False,nan,nan,nan,nan,alarm,persistent,world,decayed,world,decayed,0.11331723630428314,-0.11032407721632662,1.0,0.0,0.0,nan,alarm
soft_medium,world_only,90261,False,True,,1.0,-2.0,medium,0.15000000000000002,76,False,nan,nan,nan,nan,alarm,persistent,world,decayed,world,decayed,0.11012711375951767,-0.14601534526305288,1.0,0.0,0.0,nan,alarm
soft_medium,world_only,90262,False,True,,1.0,-4.0,short,0.1,68,False,nan,nan,nan,nan,alarm,persistent,world,decayed,world,decayed,0.13085149228572845,0.0858505632050786,1.0,0.0,0.0,nan,alarm
soft_medium,world_only,90263,False,True,,1.0,-4.0,medium,-0.15000000000000002,76,False,nan,nan,nan,nan,alarm,persistent,world,decayed,world,decayed,0.11768312752246857,-0.06147812789182451,1.0,0.0,0.0,nan,alarm
soft_medium,world_only,90264,False,True,,1.0,1.0,short,-0.15000000000000002,76,False,nan,nan,nan,nan,alarm,persistent,world,decayed,world,decayed,0.11118598282337189,-0.1341687257369172,1.0,0.0,0.0,nan,alarm
soft_medium,world_only,90265,False,True,,1.0,1.0,medium,-0.05,73,False,nan,nan,nan,nan,alarm,persistent,world,decayed,world,decayed,0.11662423610687256,-0.07332523245507891,1.0,0.0,0.0,nan,alarm
soft_medium,world_only,90266,False,True,,1.0,2.0,short,0.1,80,False,nan,nan,nan,nan,alarm,persistent,world,decayed,world,decayed,0.11644090712070465,-0.07537618820686967,1.0,0.0,0.0,nan,alarm
soft_medium,world_only,90267,False,True,,1.0,2.0,medium,-0.05,73,False,nan,nan,nan,nan,alarm,persistent,world,decayed,world,decayed,0.11583642661571503,-0.08213933895956649,1.0,0.0,0.0,nan,alarm
soft_medium,world_only,90268,False,True,,1.0,-4.0,short,-0.1,69,False,nan,nan,nan,nan,alarm,persistent,world,decayed,world,decayed,0.1423606127500534,0.21461536665903624,1.0,0.0,0.0,nan,alarm
soft_medium,world_only,90269,False,True,,1.0,4.0,medium,0.0,74,False,nan,nan,nan,nan,alarm,persistent,world,decayed,world,decayed,0.11996158212423325,-0.03598667076967427,1.0,0.0,0.0,nan,alarm
soft_medium,world_only,90270,False,True,,1.0,-1.0,short,0.1,81,False,nan,nan,nan,nan,alarm,persistent,world,decayed,world,decayed,0.13035689294338226,0.08031685547000814,1.0,0.0,0.0,nan,alarm
soft_medium,world_only,90271,False,True,,1.0,1.0,medium,-0.15000000000000002,77,False,nan,nan,nan,nan,alarm,persistent,world,decayed,world,decayed,0.1291162371635437,0.06643636537712158,1.0,0.0,0.0,nan,alarm
soft_medium,world_only,90272,False,True,,1.0,-2.0,short,-0.2,58,False,nan,nan,nan,nan,alarm,persistent,world,decayed,world,decayed,0.12447454035282135,0.014504729469243093,1.0,0.0,0.0,nan,alarm
soft_medium,world_only,90273,False,True,,1.0,2.0,medium,-0.2,71,False,nan,nan,nan,nan,alarm,persistent,world,decayed,world,decayed,0.11889708042144775,-0.047896529028983434,1.0,0.0,0.0,nan,alarm
soft_medium,world_only,90274,False,True,,1.0,4.0,short,-0.15000000000000002,60,False,nan,nan,nan,nan,alarm,persistent,world,decayed,world,decayed,0.10216319561004639,-0.23511625656613258,1.0,0.0,0.0,nan,alarm
soft_medium,world_only,90275,False,True,,1.0,4.0,medium,0.2,76,False,nan,nan,nan,nan,alarm,persistent,world,decayed,world,decayed,0.09418325871229172,-0.32439630234057093,1.0,0.0,0.0,nan,alarm
soft_medium,world_only,90276,False,True,,1.0,1.0,short,-0.1,69,False,nan,nan,nan,nan,alarm,persistent,world,decayed,world,decayed,0.11918781697750092,-0.044643513756879284,1.0,0.0,0.0,nan,alarm
soft_medium,world_only,90277,False,True,,1.0,-1.0,medium,0.25,75,False,nan,nan,nan,nan,alarm,persistent,world,decayed,world,decayed,0.1221943348646164,-0.011006325028050695,1.0,0.0,0.0,nan,alarm
soft_medium,world_only,90278,False,True,,1.0,2.0,short,0.2,64,False,nan,nan,nan,nan,alarm,persistent,world,decayed,world,decayed,0.11590319871902466,-0.0813920572229884,1.0,0.0,0.0,nan,alarm
soft_medium,world_only,90279,False,True,,1.0,-2.0,medium,-0.15000000000000002,63,False,nan,nan,nan,nan,alarm,persistent,world,decayed,world,decayed,0.10341189056634903,-0.2211457100325671,1.0,0.0,0.0,nan,alarm
soft_medium,world_only,90280,False,True,,1.0,4.0,short,0.2,77,False,nan,nan,nan,nan,alarm,persistent,world,decayed,world,decayed,0.12175554037094116,-0.01591570663368232,1.0,0.0,0.0,nan,alarm
soft_medium,world_only,90281,False,True,,1.0,4.0,medium,0.1,77,False,nan,nan,nan,nan,alarm,persistent,world,decayed,world,decayed,0.11833776533603668,-0.054154194519139984,1.0,0.0,0.0,nan,alarm
soft_medium,world_only,90282,False,True,,1.0,1.0,short,0.15000000000000002,68,False,nan,nan,nan,nan,alarm,persistent,world,decayed,world,decayed,0.11219475418329239,-0.12288245485018941,1.0,0.0,0.0,nan,alarm
soft_medium,world_only,90283,False,True,,1.0,-1.0,medium,-0.05,74,False,nan,nan,nan,nan,alarm,persistent,world,decayed,world,decayed,0.11990650743246078,-0.03660294351159275,1.0,0.0,0.0,nan,alarm
soft_medium,world_only,90284,False,True,,1.0,2.0,short,-0.2,72,False,nan,nan,nan,nan,alarm,persistent,world,decayed,world,decayed,0.1254258006811142,0.02514741679415957,1.0,0.0,0.0,nan,alarm
soft_medium,world_only,90285,False,True,,1.0,-2.0,medium,-0.2,73,False,nan,nan,nan,nan,alarm,persistent,world,decayed,world,decayed,0.12891358137130737,0.06416890593543999,1.0,0.0,0.0,nan,alarm
soft_medium,world_only,90286,False,True,,1.0,4.0,short,-0.1,67,False,nan,nan,nan,nan,alarm,persistent,world,decayed,world,decayed,0.11053761094808578,-0.14142269081202133,1.0,0.0,0.0,nan,alarm
soft_medium,world_only,90287,False,True,,1.0,4.0,medium,0.2,79,False,nan,nan,nan,nan,alarm,persistent,world,decayed,world,decayed,0.10173572599887848,-0.23989878924304775,1.0,0.0,0.0,nan,alarm
soft_medium,world_only,90288,False,True,,1.0,-1.0,short,-0.05,78,False,nan,nan,nan,nan,alarm,persistent,world,decayed,world,decayed,0.12625084817409515,0.03437820482915742,1.0,0.0,0.0,nan,alarm
soft_medium,world_only,90289,False,True,,1.0,1.0,medium,-0.05,64,False,nan,nan,nan,nan,alarm,persistent,world,decayed,world,decayed,0.12002567946910858,-0.03526953101621416,1.0,0.0,0.0,nan,alarm
soft_medium,world_only,90290,False,True,,1.0,2.0,short,0.1,66,False,nan,nan,nan,nan,alarm,persistent,world,decayed,world,decayed,0.1171400174498558,-0.06755455100494834,1.0,0.0,0.0,nan,alarm
soft_medium,world_only,90291,False,True,,1.0,-2.0,medium,0.15000000000000002,75,False,nan,nan,nan,nan,alarm,persistent,world,decayed,world,decayed,0.10746991634368896,-0.1757442867128322,1.0,0.0,0.0,nan,alarm
soft_medium,world_only,90292,False,True,,1.0,-4.0,short,0.1,74,False,nan,nan,nan,nan,alarm,persistent,world,decayed,world,decayed,0.12535618245601654,0.02436845525672431,1.0,0.0,0.0,nan,alarm
soft_medium,world_only,90293,False,True,,1.0,4.0,medium,0.1,69,False,nan,nan,nan,nan,alarm,persistent,world,decayed,world,decayed,0.10048792511224747,-0.253859320880229,1.0,0.0,0.0,nan,alarm
soft_medium,world_only,90294,False,True,,1.0,-1.0,short,-0.1,70,False,nan,nan,nan,nan,alarm,persistent,world,decayed,world,decayed,0.12602117657661438,0.031808599563573424,1.0,0.0,0.0,nan,alarm
soft_medium,world_only,90295,False,True,,1.0,1.0,medium,0.2,64,False,nan,nan,nan,nan,alarm,persistent,world,decayed,world,decayed,0.11704806983470917,-0.06858301725131974,1.0,0.0,0.0,nan,alarm
soft_medium,world_only,90296,False,True,,1.0,-2.0,short,0.25,84,False,nan,nan,nan,nan,alarm,persistent,world,decayed,world,decayed,0.12037471681833267,-0.03136451762186458,1.0,0.0,0.0,nan,alarm
soft_medium,world_only,90297,False,True,,1.0,2.0,medium,-0.05,62,False,nan,nan,nan,nan,alarm,persistent,world,decayed,world,decayed,0.1138966903090477,-0.10384109479200528,1.0,0.0,0.0,nan,alarm
soft_medium,world_only,90298,False,True,,1.0,4.0,short,0.05,62,False,nan,nan,nan,nan,alarm,persistent,world,decayed,world,decayed,0.11034882068634033,-0.14353494358555546,1.0,0.0,0.0,nan,alarm
soft_medium,world_only,90299,False,True,,1.0,-4.0,medium,0.05,67,False,nan,nan,nan,nan,alarm,persistent,world,decayed,world,decayed,0.11322982609272003,-0.11130197873380765,1.0,0.0,0.0,nan,alarm
soft_medium,world_only,90300,False,True,,1.0,-1.0,short,-0.15000000000000002,67,False,nan,nan,nan,nan,alarm,persistent,world,decayed,world,decayed,0.12446419894695282,0.01438898273279371,1.0,0.0,0.0,nan,alarm
soft_medium,world_only,90301,False,True,,1.0,-1.0,medium,-0.25,72,False,nan,nan,nan,nan,alarm,persistent,world,decayed,world,decayed,0.11965346336364746,-0.03943389417474471,1.0,0.0,0.0,nan,alarm
soft_medium,world_only,90302,False,True,,1.0,-2.0,short,0.2,78,False,nan,nan,nan,nan,alarm,persistent,world,decayed,world,decayed,0.1186937466263771,-0.050171335923388606,1.0,0.0,0.0,nan,alarm
soft_medium,world_only,90303,False,True,,1.0,2.0,medium,-0.15000000000000002,59,False,nan,nan,nan,nan,alarm,persistent,world,decayed,world,decayed,0.12023605406284332,-0.032915797615853115,1.0,0.0,0.0,nan,alarm
soft_medium,world_only,90304,False,True,,1.0,4.0,short,0.05,80,False,nan,nan,nan,nan,alarm,persistent,world,decayed,world,decayed,0.13391275703907013,0.12009997766364695,1.0,0.0,0.0,nan,alarm
soft_medium,world_only,90305,False,True,,1.0,-4.0,medium,-0.25,73,False,nan,nan,nan,nan,alarm,persistent,world,decayed,world,decayed,0.127436563372612,0.047644065888084286,1.0,0.0,0.0,nan,alarm
soft_medium,world_only,90306,False,True,,1.0,1.0,short,-0.15000000000000002,64,False,nan,nan,nan,nan,alarm,persistent,world,decayed,world,decayed,0.11662435531616211,-0.07332374608461727,1.0,0.0,0.0,nan,alarm
soft_medium,world_only,90307,False,True,,1.0,1.0,medium,-0.05,72,False,nan,nan,nan,nan,alarm,persistent,world,decayed,world,decayed,0.13426445424556732,0.12403485665852435,1.0,0.0,0.0,nan,alarm
soft_medium,world_only,90308,False,True,,1.0,-2.0,short,-0.25,62,False,nan,nan,nan,nan,alarm,persistent,world,decayed,world,decayed,0.10870480537414551,-0.16192831437151503,1.0,0.0,0.0,nan,alarm
soft_medium,world_only,90309,False,True,,1.0,2.0,medium,0.25,65,False,nan,nan,nan,nan,alarm,persistent,world,decayed,world,decayed,0.12642818689346313,0.03636225254978612,1.0,0.0,0.0,nan,alarm
soft_medium,world_only,90310,False,True,,1.0,4.0,short,0.15000000000000002,70,False,nan,nan,nan,nan,alarm,persistent,world,decayed,world,decayed,0.11443843692541122,-0.09777978962422165,1.0,0.0,0.0,nan,alarm
soft_medium,world_only,90311,False,True,,1.0,-4.0,medium,-0.05,66,False,nan,nan,nan,nan,alarm,persistent,world,decayed,world,decayed,0.11728404462337494,-0.06594307326775628,1.0,0.0,0.0,nan,alarm
soft_medium,world_only,90312,False,True,,1.0,1.0,short,0.2,69,False,nan,nan,nan,nan,alarm,persistent,world,decayed,world,decayed,0.09646649658679962,-0.29885137182977317,1.0,0.0,0.0,nan,alarm
soft_medium,world_only,90313,False,True,,1.0,-1.0,medium,-0.2,66,False,nan,nan,nan,nan,alarm,persistent,world,decayed,world,decayed,0.12741808593273163,0.04743740673245326,1.0,0.0,0.0,nan,alarm
soft_medium,world_only,90314,False,True,,1.0,2.0,short,-0.05,66,False,nan,nan,nan,nan,alarm,persistent,world,decayed,world,decayed,0.1167810782790184,-0.0715704197369841,1.0,0.0,0.0,nan,alarm
soft_medium,world_only,90315,False,True,,1.0,2.0,medium,0.0,65,False,nan,nan,nan,nan,alarm,persistent,world,decayed,world,decayed,0.11230964958667755,-0.12159701166622935,1.0,0.0,0.0,nan,alarm
soft_medium,world_only,90316,False,True,,1.0,4.0,short,-0.05,63,False,nan,nan,nan,nan,alarm,persistent,world,decayed,world,decayed,0.12134528160095215,-0.020505680616426023,1.0,0.0,0.0,nan,alarm
soft_medium,world_only,90317,False,True,,1.0,4.0,medium,0.25,84,False,nan,nan,nan,nan,alarm,persistent,world,decayed,world,decayed,0.11843769252300262,-0.05303588126809593,1.0,0.0,0.0,nan,alarm
soft_medium,world_only,90318,False,True,,1.0,-1.0,short,0.1,75,False,nan,nan,nan,nan,alarm,persistent,world,decayed,world,decayed,0.12033597379922867,-0.03179787979249237,1.0,0.0,0.0,nan,alarm
soft_medium,world_only,90319,False,True,,1.0,1.0,medium,-0.25,65,False,nan,nan,nan,nan,alarm,persistent,world,decayed,world,decayed,0.11078926175832748,-0.1386070977473509,1.0,0.0,0.0,nan,alarm
soft_medium,world_only,90320,False,True,,1.0,2.0,short,0.25,76,False,nan,nan,nan,nan,alarm,persistent,world,decayed,world,decayed,0.11857318878173828,-0.051520136104137734,1.0,0.0,0.0,nan,alarm
soft_medium,world_only,90321,False,True,,1.0,2.0,medium,-0.15000000000000002,57,False,nan,nan,nan,nan,alarm,persistent,world,decayed,world,decayed,0.1210394948720932,-0.02392676359460818,1.0,0.0,0.0,nan,alarm
soft_medium,world_only,90322,False,True,,1.0,4.0,short,-0.1,74,False,nan,nan,nan,nan,alarm,persistent,world,decayed,world,decayed,0.1273416429758072,0.04658202944645684,1.0,0.0,0.0,nan,alarm
soft_medium,world_only,90323,False,True,,1.0,-4.0,medium,-0.05,75,False,nan,nan,nan,nan,alarm,persistent,world,decayed,world,decayed,0.12988485395908356,0.07503553896176461,1.0,0.0,0.0,nan,alarm
soft_medium,world_only,90324,False,True,,1.0,1.0,short,-0.05,72,False,nan,nan,nan,nan,alarm,persistent,world,decayed,world,decayed,0.10922087728977203,-0.15615437572260213,1.0,0.0,0.0,nan,alarm
soft_medium,world_only,90325,False,True,,1.0,1.0,medium,0.05,80,False,nan,nan,nan,nan,alarm,persistent,world,decayed,world,decayed,0.11740420758724213,-0.06459879419561779,1.0,0.0,0.0,nan,alarm
soft_medium,world_only,90326,False,True,,1.0,2.0,short,0.1,73,False,nan,nan,nan,nan,alarm,persistent,world,decayed,world,decayed,0.10679236799478531,-0.18332471016253896,1.0,0.0,0.0,nan,alarm
soft_medium,world_only,90327,False,True,,1.0,-2.0,medium,0.25,78,False,nan,nan,nan,nan,alarm,persistent,world,decayed,world,decayed,0.12851418554782867,0.059700411609075486,1.0,0.0,0.0,nan,alarm
soft_medium,world_only,90328,False,True,,1.0,-4.0,short,0.15000000000000002,74,False,nan,nan,nan,nan,alarm,persistent,world,decayed,world,decayed,0.11824041604995728,-0.055243074196542064,1.0,0.0,0.0,nan,alarm
soft_medium,world_only,90329,False,True,,1.0,4.0,medium,0.15000000000000002,75,False,nan,nan,nan,nan,alarm,persistent,world,decayed,world,decayed,0.1021551638841629,-0.23520620776782314,1.0,0.0,0.0,nan,alarm
soft_medium,world_only,90330,False,True,,1.0,1.0,short,0.1,82,False,nan,nan,nan,nan,alarm,persistent,world,decayed,world,decayed,0.11101599037647247,-0.13607067636657882,1.0,0.0,0.0,nan,alarm
soft_medium,world_only,90331,False,True,,1.0,1.0,medium,-0.05,61,False,nan,nan,nan,nan,alarm,persistent,world,decayed,world,decayed,0.1318112164735794,0.09658802214623044,1.0,0.0,0.0,nan,alarm
soft_medium,world_only,90332,False,True,,1.0,-2.0,short,-0.1,70,False,nan,nan,nan,nan,alarm,persistent,world,decayed,world,decayed,0.12514907121658325,0.022051250074713803,1.0,0.0,0.0,nan,alarm
soft_medium,world_only,90333,False,True,,1.0,2.0,medium,0.1,72,False,nan,nan,nan,nan,alarm,persistent,world,decayed,world,decayed,0.10905828326940536,-0.1579735092599023,1.0,0.0,0.0,nan,alarm
soft_medium,world_only,90334,False,True,,1.0,4.0,short,0.05,61,False,nan,nan,nan,nan,alarm,persistent,world,decayed,world,decayed,0.12338022887706757,0.0022615043125459866,1.0,0.0,0.0,nan,alarm
soft_medium,world_only,90335,False,True,,1.0,-4.0,medium,0.1,77,False,nan,nan,nan,nan,alarm,persistent,world,decayed,world,decayed,0.12459740787744522,0.015879239743196216,1.0,0.0,0.0,nan,alarm
soft_medium,world_only,90336,False,True,,1.0,-1.0,short,-0.15000000000000002,76,False,nan,nan,nan,nan,alarm,persistent,world,decayed,world,decayed,0.10237698256969452,-0.23272433378646146,1.0,0.0,0.0,nan,alarm
soft_medium,world_only,90337,False,True,,1.0,1.0,medium,-0.25,60,False,nan,nan,nan,nan,alarm,persistent,world,decayed,world,decayed,0.10958951711654663,-0.15202999934194183,1.0,0.0,0.0,nan,alarm
soft_medium,world_only,90338,False,True,,1.0,2.0,short,-0.1,58,False,nan,nan,nan,nan,alarm,persistent,world,decayed,world,decayed,0.11451703310012817,-0.09690066583782522,1.0,0.0,0.0,nan,alarm
soft_medium,world_only,90339,False,True,,1.0,2.0,medium,-0.05,61,False,nan,nan,nan,nan,alarm,persistent,world,decayed,world,decayed,0.11555136740207672,-0.08532837986755004,1.0,0.0,0.0,nan,alarm
soft_medium,world_only,90340,False,True,,1.0,4.0,short,-0.2,57,False,nan,nan,nan,nan,alarm,persistent,world,decayed,world,decayed,0.12419863790273666,0.011417884996504368,1.0,0.0,0.0,nan,alarm
soft_medium,world_only,90341,False,True,,1.0,4.0,medium,0.15000000000000002,71,False,nan,nan,nan,nan,alarm,persistent,world,decayed,world,decayed,0.11403848975896835,-0.10225463319587733,1.0,0.0,0.0,nan,alarm
soft_medium,world_only,90342,False,True,,1.0,1.0,short,-0.2,69,False,nan,nan,nan,nan,alarm,persistent,world,decayed,world,decayed,0.12161680310964584,-0.017467913460145815,1.0,0.0,0.0,nan,alarm
soft_medium,world_only,90343,False,True,,1.0,1.0,medium,-0.1,70,False,nan,nan,nan,nan,alarm,persistent,world,decayed,world,decayed,0.12206606566905975,-0.012441428993875686,1.0,0.0,0.0,nan,alarm
soft_medium,world_only,90344,False,True,,1.0,2.0,short,0.2,65,False,nan,nan,nan,nan,alarm,persistent,world,decayed,world,decayed,0.1156170591711998,-0.0845933798334825,1.0,0.0,0.0,nan,alarm
soft_medium,world_only,90345,False,True,,1.0,-2.0,medium,0.0,75,False,nan,nan,nan,nan,alarm,persistent,world,decayed,world,decayed,0.12004061043262482,-0.035102646076536646,1.0,0.0,0.0,nan,alarm
soft_medium,world_only,90346,False,True,,1.0,4.0,short,-0.2,59,False,nan,nan,nan,nan,alarm,persistent,world,decayed,world,decayed,0.11000122874975204,-0.14742375030597304,1.0,0.0,0.0,nan,alarm
soft_medium,world_only,90347,False,True,,1.0,-4.0,medium,-0.2,63,False,nan,nan,nan,nan,alarm,persistent,world,decayed,world,decayed,0.11165478080511093,-0.12892366874896416,1.0,0.0,0.0,nan,alarm
soft_medium,world_only,90348,False,True,,1.0,-1.0,short,0.25,77,False,nan,nan,nan,nan,alarm,persistent,world,decayed,world,decayed,0.10195817053318024,-0.23741009608784372,1.0,0.0,0.0,nan,alarm
soft_medium,world_only,90349,False,True,,1.0,1.0,medium,0.05,63,False,nan,nan,nan,nan,alarm,persistent,world,decayed,world,decayed,0.13186606764793396,0.09720160660508484,1.0,0.0,0.0,nan,alarm
soft_medium,world_only,90350,False,True,,1.0,-2.0,short,0.05,79,False,nan,nan,nan,nan,alarm,persistent,world,decayed,world,decayed,0.127054363489151,0.04336771763570004,1.0,0.0,0.0,nan,alarm
soft_medium,world_only,90351,False,True,,1.0,2.0,medium,0.25,75,False,nan,nan,nan,nan,alarm,persistent,world,decayed,world,decayed,0.1361890435218811,0.14556746947165938,1.0,0.0,0.0,nan,alarm
soft_medium,world_only,90352,False,True,,1.0,-4.0,short,0.2,76,False,nan,nan,nan,nan,alarm,persistent,world,decayed,world,decayed,0.12512631714344025,0.021796848887409827,1.0,0.0,0.0,nan,alarm
soft_medium,world_only,90353,False,True,,1.0,-4.0,medium,-0.05,65,False,nan,nan,nan,nan,alarm,persistent,world,decayed,world,decayed,0.1419983208179474,0.21056216413545456,1.0,0.0,0.0,nan,alarm
soft_medium,world_only,90354,False,True,,1.0,-1.0,short,-0.25,72,False,nan,nan,nan,nan,alarm,persistent,world,decayed,world,decayed,0.10047785192728043,-0.25397194952091506,1.0,0.0,0.0,nan,alarm
soft_medium,world_only,90355,False,True,,1.0,1.0,medium,0.0,71,False,nan,nan,nan,nan,alarm,persistent,world,decayed,world,decayed,0.1251625269651413,0.022201856444516936,1.0,0.0,0.0,nan,alarm
soft_medium,world_only,90356,False,True,,1.0,2.0,short,0.2,78,False,nan,nan,nan,nan,alarm,persistent,world,decayed,world,decayed,0.1219693049788475,-0.013524126141215398,1.0,0.0,0.0,nan,alarm
soft_medium,world_only,90357,False,True,,1.0,-2.0,medium,-0.1,69,False,nan,nan,nan,nan,alarm,persistent,world,decayed,world,decayed,0.11760799586772919,-0.062318600315382534,1.0,0.0,0.0,nan,alarm
soft_medium,world_only,90358,False,True,,1.0,4.0,short,-0.15000000000000002,74,False,nan,nan,nan,nan,alarm,persistent,world,decayed,world,decayed,0.13093361258506775,0.08676922142404095,1.0,0.0,0.0,nan,alarm
soft_medium,world_only,90359,False,True,,1.0,-4.0,medium,-0.2,57,False,nan,nan,nan,nan,alarm,persistent,world,decayed,world,decayed,0.11971436440944672,-0.03875241858586352,1.0,0.0,0.0,nan,alarm
soft_medium,body_world,90360,True,True,m,1.436507707360915,1.0,short,-0.15000000000000002,74,False,nan,nan,nan,nan,alarm,persistent,world,decayed,world,decayed,0.12092727422714233,-0.02518255803808418,1.0,0.0,0.0,nan,alarm
soft_medium,body_world,90361,True,True,l,1.4256287739373548,-1.0,medium,-0.25,60,False,nan,nan,nan,nan,alarm,persistent,world,decayed,world,decayed,0.11129160225391388,-0.13298701641520244,1.0,0.0,0.0,nan,alarm
soft_medium,body_world,90362,True,True,m,1.4329806398316671,-2.0,short,0.2,74,False,nan,nan,nan,nan,alarm,persistent,world,decayed,world,decayed,0.09508565068244934,-0.3143002385633601,1.0,0.0,0.0,nan,alarm
soft_medium,body_world,90363,True,True,l,1.210563351806276,-2.0,medium,-0.15000000000000002,77,False,nan,nan,nan,nan,alarm,persistent,world,decayed,world,decayed,0.10753748565912247,-0.17498836495952244,1.0,0.0,0.0,nan,alarm
soft_medium,body_world,90364,True,True,m,1.372696280105733,-4.0,short,-0.15000000000000002,58,False,nan,nan,nan,nan,alarm,persistent,world,decayed,world,decayed,0.0901750698685646,-0.36924026484125155,1.0,0.0,0.0,nan,alarm
soft_medium,body_world,90365,True,True,l,1.2749895656307437,-4.0,medium,-0.2,74,False,nan,nan,nan,nan,alarm,persistent,world,decayed,world,decayed,0.12731221318244934,0.04625267152933603,1.0,0.0,0.0,nan,alarm
soft_medium,body_world,90366,True,True,m,1.3066897985826524,-1.0,short,-0.15000000000000002,69,False,nan,nan,nan,nan,alarm,persistent,world,decayed,world,decayed,0.12282780557870865,-0.003919193445346525,1.0,0.0,0.0,nan,alarm
soft_medium,body_world,90367,True,True,l,1.3576619828175316,1.0,medium,0.15000000000000002,62,False,nan,nan,nan,nan,alarm,persistent,world,decayed,world,decayed,0.1175159439444542,-0.06334846410425768,1.0,0.0,0.0,nan,alarm
soft_medium,body_world,90368,True,True,m,1.4143053583788585,2.0,short,0.05,60,False,nan,nan,nan,nan,alarm,persistent,world,decayed,world,decayed,0.12162639945745468,-0.017360607724123806,1.0,0.0,0.0,nan,alarm
soft_medium,body_world,90369,True,True,l,1.3743712386074276,-2.0,medium,0.1,67,False,nan,nan,nan,nan,alarm,persistent,world,decayed,world,decayed,0.12301693856716156,-0.001803062458802762,1.0,0.0,0.0,nan,alarm
soft_medium,body_world,90370,True,True,m,1.5116611087725051,4.0,short,-0.25,61,False,nan,nan,nan,nan,alarm,persistent,world,decayed,world,decayed,0.1070258840918541,-0.18071201083376193,1.0,0.0,0.0,nan,alarm
soft_medium,body_world,90371,True,True,l,1.462891218935012,4.0,medium,0.2,69,False,nan,nan,nan,nan,alarm,persistent,world,decayed,world,decayed,0.10971655696630478,-0.15060876347822627,1.0,0.0,0.0,nan,alarm
soft_medium,body_world,90372,True,True,m,1.6331779731038802,-1.0,short,-0.1,65,False,nan,nan,nan,nan,alarm,persistent,world,decayed,world,decayed,0.12294455617666245,-0.002612937558274242,1.0,0.0,0.0,nan,alarm
soft_medium,body_world,90373,True,True,l,1.2018022497580947,-1.0,medium,0.1,66,False,nan,nan,nan,nan,alarm,persistent,world,decayed,world,decayed,0.11617275327444077,-0.07837645433539005,1.0,0.0,0.0,nan,alarm
soft_medium,body_world,90374,True,True,m,1.3280228263513763,-2.0,short,0.1,73,False,nan,nan,nan,nan,alarm,persistent,world,decayed,world,decayed,0.10659245401620865,-0.18556130306108867,1.0,0.0,0.0,nan,alarm
soft_medium,body_world,90375,True,True,l,1.308876304017658,2.0,medium,-0.25,65,False,nan,nan,nan,nan,alarm,persistent,world,decayed,world,decayed,0.11298543214797974,-0.11403628926769911,1.0,0.0,0.0,nan,alarm
soft_medium,body_world,90376,True,True,m,1.5016949779873145,4.0,short,0.2,70,False,nan,nan,nan,nan,alarm,persistent,world,decayed,world,decayed,0.10283557325601578,-0.22759373930671106,1.0,0.0,0.0,nan,alarm
soft_medium,body_world,90377,True,True,l,1.2414565409093206,-4.0,medium,0.25,66,False,nan,nan,nan,nan,alarm,persistent,world,decayed,world,decayed,0.10594034194946289,-0.19285731736378786,1.0,0.0,0.0,nan,alarm
soft_medium,body_world,90378,True,True,m,1.4238236120964585,1.0,short,0.25,66,False,nan,nan,nan,nan,alarm,persistent,world,decayed,world,decayed,0.1191810816526413,-0.04471906206526566,1.0,0.0,0.0,nan,alarm
soft_medium,body_world,90379,True,True,l,1.2836548774066676,-1.0,medium,-0.25,64,False,nan,nan,nan,nan,alarm,persistent,world,decayed,world,decayed,0.1276298314332962,0.04980641502491287,1.0,0.0,0.0,nan,alarm
soft_medium,body_world,90380,True,True,m,1.3621236417497946,2.0,short,0.2,70,False,nan,nan,nan,nan,alarm,persistent,world,decayed,world,decayed,0.1215938925743103,-0.017724283450104794,1.0,0.0,0.0,nan,alarm
soft_medium,body_world,90381,True,True,l,1.3983378082528164,-2.0,medium,-0.2,74,False,nan,nan,nan,nan,alarm,persistent,world,decayed,world,decayed,0.12278924882411957,-0.004350332051610411,1.0,0.0,0.0,nan,alarm
soft_medium,body_world,90382,True,True,m,1.3509200717074077,-4.0,short,-0.2,74,False,nan,nan,nan,nan,alarm,persistent,world,decayed,world,decayed,0.09927469491958618,-0.2674329426798653,1.0,0.0,0.0,nan,alarm
soft_medium,body_world,90383,True,True,l,1.2311925915846564,4.0,medium,-0.2,58,False,nan,nan,nan,nan,alarm,persistent,world,decayed,world,decayed,0.10422714799642563,-0.21202448021262765,1.0,0.0,0.0,nan,alarm
soft_medium,body_world,90384,True,True,m,1.524037917146982,-1.0,short,0.25,63,False,nan,nan,nan,nan,alarm,persistent,world,decayed,world,decayed,0.1082131490111351,-0.16742875929253254,1.0,0.0,0.0,nan,alarm
soft_medium,body_world,90385,True,True,l,1.3531822605860213,1.0,medium,-0.2,58,False,nan,nan,nan,nan,alarm,persistent,world,decayed,world,decayed,0.10902564227581024,-0.15833872918568992,1.0,0.0,0.0,nan,alarm
soft_medium,body_world,90386,True,True,m,1.3095845696334245,2.0,short,0.1,61,False,nan,nan,nan,nan,alarm,persistent,world,decayed,world,decayed,0.1234869584441185,0.0034554041643805322,1.0,0.0,0.0,nan,alarm
soft_medium,body_world,90387,True,True,l,1.3723802328668413,-2.0,medium,-0.2,61,False,nan,nan,nan,nan,alarm,persistent,world,decayed,world,decayed,0.11120672523975372,-0.1339367300343916,1.0,0.0,0.0,nan,alarm
soft_medium,body_world,90388,True,True,m,1.6369604542264304,4.0,short,0.25,64,False,nan,nan,nan,nan,alarm,persistent,world,decayed,world,decayed,0.12373928725719452,0.006278531194436718,1.0,0.0,0.0,nan,alarm
soft_medium,body_world,90389,True,True,l,1.4434986184388112,4.0,medium,0.1,68,False,nan,nan,nan,nan,alarm,persistent,world,decayed,world,decayed,0.107865110039711,-0.17132277794779005,1.0,0.0,0.0,nan,alarm
soft_medium,body_world,90390,True,True,m,1.628686273513856,1.0,short,-0.25,63,False,nan,nan,nan,nan,alarm,persistent,world,decayed,world,decayed,0.11298768222332001,-0.11401113741001898,1.0,0.0,0.0,nan,alarm
soft_medium,body_world,90391,True,True,l,1.4997252692437577,-1.0,medium,-0.25,60,False,nan,nan,nan,nan,alarm,persistent,world,decayed,world,decayed,0.12459498643875122,0.015852128721085372,1.0,0.0,0.0,nan,alarm
soft_medium,body_world,90392,True,True,m,1.4793682183432437,2.0,short,-0.2,56,False,nan,nan,nan,nan,alarm,persistent,world,decayed,world,decayed,0.11818394809961319,-0.05587485327818538,1.0,0.0,0.0,nan,alarm
soft_medium,body_world,90393,True,True,l,1.373838534697687,-2.0,medium,0.2,80,False,nan,nan,nan,nan,alarm,persistent,world,decayed,world,decayed,0.13017746806144714,0.0783095702514123,1.0,0.0,0.0,nan,alarm
soft_medium,body_world,90394,True,True,m,1.374879786515465,4.0,short,-0.2,58,False,nan,nan,nan,nan,alarm,persistent,world,decayed,world,decayed,0.09602176398038864,-0.30382695240585933,1.0,0.0,0.0,nan,alarm
soft_medium,body_world,90395,True,True,l,1.2278138310881848,-4.0,medium,-0.2,72,False,nan,nan,nan,nan,alarm,persistent,world,decayed,world,decayed,0.11378844827413559,-0.10505210848305957,1.0,0.0,0.0,nan,alarm
soft_medium,body_world,90396,True,True,m,1.5997246997728216,1.0,short,-0.15000000000000002,76,False,nan,nan,nan,nan,alarm,persistent,world,decayed,world,decayed,0.11840735375881195,-0.053375333792319624,1.0,0.0,0.0,nan,alarm
soft_medium,body_world,90397,True,True,l,1.2083810902658325,1.0,medium,0.15000000000000002,74,False,nan,nan,nan,nan,alarm,persistent,world,decayed,world,decayed,0.09158376604318619,-0.35347954945744686,1.0,0.0,0.0,nan,alarm
soft_medium,body_world,90398,True,True,m,1.605681322392905,2.0,short,-0.05,61,False,nan,nan,nan,nan,alarm,persistent,world,decayed,world,decayed,0.10049977153539658,-0.2537267236625227,1.0,0.0,0.0,nan,alarm
soft_medium,body_world,90399,True,True,l,1.216354811034764,-2.0,medium,-0.25,60,False,nan,nan,nan,nan,alarm,persistent,world,decayed,world,decayed,0.12377458810806274,0.006673569701847687,1.0,0.0,0.0,nan,alarm
soft_medium,body_world,90400,True,True,m,1.3999353886758357,4.0,short,-0.05,71,False,nan,nan,nan,nan,alarm,persistent,world,decayed,world,decayed,0.09164999425411224,-0.3527387852443442,1.0,0.0,0.0,nan,alarm
soft_medium,body_world,90401,True,True,l,1.3909618610188579,-4.0,medium,0.2,64,False,nan,nan,nan,nan,alarm,persistent,world,decayed,world,decayed,0.12462222576141357,0.016157065592360947,1.0,0.0,0.0,nan,alarm
soft_medium,body_world,90402,True,True,m,1.4765881692612393,-1.0,short,-0.15000000000000002,72,False,nan,nan,nan,nan,alarm,persistent,world,decayed,world,decayed,0.08181987702846527,-0.46271865489646624,1.0,0.0,0.0,nan,alarm
soft_medium,body_world,90403,True,True,l,1.2287348099119875,1.0,medium,-0.1,60,False,nan,nan,nan,nan,alarm,persistent,world,decayed,world,decayed,0.11535070091485977,-0.0875736333617426,1.0,0.0,0.0,nan,alarm
soft_medium,body_world,90404,True,True,m,1.5959684874168683,-2.0,short,-0.2,61,False,nan,nan,nan,nan,alarm,persistent,world,decayed,world,decayed,0.12312408536672592,-0.0006043294282887714,1.0,0.0,0.0,nan,alarm
soft_medium,body_world,90405,True,True,l,1.4263406910614387,-2.0,medium,-0.15000000000000002,77,False,nan,nan,nan,nan,alarm,persistent,world,decayed,world,decayed,0.1083853617310524,-0.16550217362240002,1.0,0.0,0.0,nan,alarm
soft_medium,body_world,90406,True,True,m,1.5761825745829299,-4.0,short,0.25,68,False,nan,nan,nan,nan,alarm,persistent,world,decayed,world,decayed,0.1189631000161171,-0.0471576961076092,1.0,0.0,0.0,nan,alarm
soft_medium,body_world,90407,True,True,l,1.3075505965528191,-4.0,medium,0.25,60,False,nan,nan,nan,nan,alarm,persistent,world,decayed,world,decayed,0.12312521785497665,-0.0005917788974718286,1.0,0.0,0.0,nan,alarm
soft_medium,body_world,90408,True,True,m,1.5508532757037867,1.0,short,-0.25,74,False,nan,nan,nan,nan,alarm,persistent,world,decayed,world,decayed,0.12248784303665161,-0.007722644573552007,1.0,0.0,0.0,nan,alarm
soft_medium,body_world,90409,True,True,l,1.386472676208235,1.0,medium,0.05,62,False,nan,nan,nan,nan,alarm,persistent,world,decayed,world,decayed,0.13488435745239258,0.13097044149333792,1.0,0.0,0.0,nan,alarm
soft_medium,body_world,90410,True,True,m,1.305798982810204,2.0,short,0.0,73,False,nan,nan,nan,nan,alarm,persistent,world,decayed,world,decayed,0.1406020224094391,0.19494005162498068,1.0,0.0,0.0,nan,alarm
soft_medium,body_world,90411,True,True,l,1.201605261104429,-2.0,medium,0.15000000000000002,64,False,nan,nan,nan,nan,alarm,persistent,world,decayed,world,decayed,0.15510854125022888,0.35723994635968903,1.0,0.0,0.0,nan,alarm
soft_medium,body_world,90412,True,True,m,1.6785527327767333,-4.0,short,-0.2,66,False,nan,nan,nan,nan,alarm,persistent,world,decayed,world,decayed,0.11599831283092499,-0.08032793944592662,1.0,0.0,0.0,nan,alarm
soft_medium,body_world,90413,True,True,l,1.497413653722908,4.0,medium,-0.05,68,False,nan,nan,nan,nan,alarm,persistent,world,decayed,world,decayed,0.087508425116539,-0.3990748521685564,1.0,0.0,0.0,nan,alarm
soft_medium,body_world,90414,True,True,m,1.6384059842206313,-1.0,short,-0.1,67,False,nan,nan,nan,nan,alarm,persistent,world,decayed,world,decayed,0.09371259808540344,-0.3296621502805086,1.0,0.0,0.0,nan,alarm
soft_medium,body_world,90415,True,True,l,1.4445958942354706,1.0,medium,-0.15000000000000002,61,False,nan,nan,nan,nan,alarm,persistent,world,decayed,world,decayed,0.11629923433065414,-0.07696126919250915,1.0,0.0,0.0,nan,alarm
soft_medium,body_world,90416,True,True,m,1.4228738912776615,-2.0,short,-0.05,70,False,nan,nan,nan,nan,alarm,persistent,world,decayed,world,decayed,0.1153738722205162,-0.08731419216467842,1.0,0.0,0.0,nan,alarm
soft_medium,body_world,90417,True,True,l,1.412003609654068,-2.0,medium,-0.15000000000000002,63,False,nan,nan,nan,nan,alarm,persistent,world,decayed,world,decayed,0.10991905629634857,-0.14834307225994,1.0,0.0,0.0,nan,alarm
soft_medium,body_world,90418,True,True,m,1.6633408277228265,4.0,short,0.25,65,False,nan,nan,nan,nan,alarm,persistent,world,decayed,world,decayed,0.11273305118083954,-0.11685971612467454,1.0,0.0,0.0,nan,alarm
soft_medium,body_world,90419,True,True,l,1.4868039659450991,-4.0,medium,0.25,75,False,nan,nan,nan,nan,alarm,persistent,world,decayed,world,decayed,0.13720348477363586,0.1569169410596493,1.0,0.0,0.0,nan,alarm
soft_medium,body_world,90420,True,True,m,1.5449902128447706,1.0,short,-0.05,63,False,nan,nan,nan,nan,alarm,persistent,world,decayed,world,decayed,0.11263908445835114,-0.11791108748052567,1.0,0.0,0.0,nan,alarm
soft_medium,body_world,90421,True,True,l,1.3429074718778478,1.0,medium,-0.05,68,False,nan,nan,nan,nan,alarm,persistent,world,decayed,world,decayed,0.1269507110118866,0.04220822676511642,1.0,0.0,0.0,nan,alarm
soft_medium,body_world,90422,True,True,m,1.4859152920245902,2.0,short,-0.2,56,False,nan,nan,nan,nan,alarm,persistent,world,decayed,world,decayed,0.11652539670467377,-0.07443102174554558,1.0,0.0,0.0,nan,alarm
soft_medium,body_world,90423,True,True,l,1.4537628318674107,-2.0,medium,0.0,61,False,nan,nan,nan,nan,alarm,persistent,world,decayed,world,decayed,0.12108644098043442,-0.02340170687593246,1.0,0.0,0.0,nan,alarm
soft_medium,body_world,90424,True,True,m,1.5039422662674549,-4.0,short,-0.2,72,False,nan,nan,nan,nan,alarm,persistent,world,decayed,world,decayed,0.1037556380033493,-0.21729975850367866,1.0,0.0,0.0,nan,alarm
soft_medium,body_world,90425,True,True,l,1.484051795950852,4.0,medium,0.0,66,False,nan,nan,nan,nan,alarm,persistent,world,decayed,world,decayed,0.10791826248168945,-0.17072823028412257,1.0,0.0,0.0,nan,alarm
soft_medium,body_world,90426,True,True,m,1.499613542769097,-1.0,short,-0.2,68,False,nan,nan,nan,nan,alarm,persistent,world,decayed,world,decayed,0.09162286669015884,-0.35304227260485327,1.0,0.0,0.0,nan,alarm
soft_medium,body_world,90427,True,True,l,1.2434438593395136,1.0,medium,0.05,67,False,nan,nan,nan,nan,alarm,persistent,world,decayed,world,decayed,0.1006767749786377,-0.2517463996828245,1.0,0.0,0.0,nan,alarm
soft_medium,body_world,90428,True,True,m,1.5747146197091175,2.0,short,0.25,64,False,nan,nan,nan,nan,alarm,persistent,world,decayed,world,decayed,0.10552054643630981,-0.19755382706659064,1.0,0.0,0.0,nan,alarm
soft_medium,body_world,90429,True,True,l,1.4646053079069046,-2.0,medium,0.1,67,False,nan,nan,nan,nan,alarm,persistent,world,decayed,world,decayed,0.12706749141216278,0.043514779222951196,1.0,0.0,0.0,nan,alarm
soft_medium,body_world,90430,True,True,m,1.6725099978259204,-4.0,short,0.1,62,False,nan,nan,nan,nan,alarm,persistent,world,decayed,world,decayed,0.08770722150802612,-0.39685057197113,1.0,0.0,0.0,nan,alarm
soft_medium,body_world,90431,True,True,l,1.3236542402011626,-4.0,medium,0.1,67,False,nan,nan,nan,nan,alarm,persistent,world,decayed,world,decayed,0.11753684282302856,-0.06311478692235428,1.0,0.0,0.0,nan,alarm
soft_medium,body_world,90432,True,True,m,1.3642720743548598,-1.0,short,0.15000000000000002,61,False,nan,nan,nan,nan,alarm,persistent,world,decayed,world,decayed,0.12410918623209,0.010417113275544709,1.0,0.0,0.0,nan,alarm
soft_medium,body_world,90433,True,True,l,1.3743791243103016,-1.0,medium,0.05,77,False,nan,nan,nan,nan,alarm,persistent,world,decayed,world,decayed,0.10801973193883896,-0.16959285268744226,1.0,0.0,0.0,nan,alarm
soft_medium,body_world,90434,True,True,m,1.4747028802268096,2.0,short,-0.05,62,False,nan,nan,nan,nan,alarm,persistent,world,decayed,world,decayed,0.10277513414621353,-0.22826975184593906,1.0,0.0,0.0,nan,alarm
soft_medium,body_world,90435,True,True,l,1.3038106075252267,-2.0,medium,-0.2,60,False,nan,nan,nan,nan,alarm,persistent,world,decayed,world,decayed,0.11322556436061859,-0.11134956837734182,1.0,0.0,0.0,nan,alarm
soft_medium,body_world,90436,True,True,m,1.6168586909623586,4.0,short,-0.05,79,False,nan,nan,nan,nan,alarm,persistent,world,decayed,world,decayed,0.10633160173892975,-0.18847986882878798,1.0,0.0,0.0,nan,alarm
soft_medium,body_world,90437,True,True,l,1.3291113567705524,-4.0,medium,0.15000000000000002,77,False,nan,nan,nan,nan,alarm,persistent,world,decayed,world,decayed,0.10995601117610931,-0.1479295731668517,1.0,0.0,0.0,nan,alarm
soft_medium,body_world,90438,True,True,m,1.329008599029527,-1.0,short,0.05,80,False,nan,nan,nan,nan,alarm,persistent,world,decayed,world,decayed,0.1274649202823639,0.04796100195770538,1.0,0.0,0.0,nan,alarm
soft_medium,body_world,90439,True,True,l,1.445391509411858,1.0,medium,0.0,66,False,nan,nan,nan,nan,alarm,persistent,world,decayed,world,decayed,0.08658374845981598,-0.40942015364984463,1.0,0.0,0.0,nan,alarm
soft_medium,body_world,90440,True,True,m,1.5564106744089927,2.0,short,0.25,74,False,nan,nan,nan,nan,alarm,persistent,world,decayed,world,decayed,0.10004148632287979,-0.258854123722194,1.0,0.0,0.0,nan,alarm
soft_medium,body_world,90441,True,True,l,1.3070596772413094,2.0,medium,0.2,71,False,nan,nan,nan,nan,alarm,persistent,world,decayed,world,decayed,0.11765466630458832,-0.06179647947793495,1.0,0.0,0.0,nan,alarm
soft_medium,body_world,90442,True,True,m,1.6269524228642334,4.0,short,0.25,74,False,nan,nan,nan,nan,alarm,persistent,world,decayed,world,decayed,0.11848757416009903,-0.052477963024132726,1.0,0.0,0.0,nan,alarm
soft_medium,body_world,90443,True,True,l,1.378277312801848,-4.0,medium,-0.1,72,False,nan,nan,nan,nan,alarm,persistent,world,decayed,world,decayed,0.11174428462982178,-0.12792240495758694,1.0,0.0,0.0,nan,alarm
soft_medium,body_world,90444,True,True,m,1.453510197141481,1.0,short,0.0,71,False,nan,nan,nan,nan,alarm,persistent,world,decayed,world,decayed,0.11200257390737534,-0.1250326322123615,1.0,0.0,0.0,nan,alarm
soft_medium,body_world,90445,True,True,l,1.3665797638238526,-1.0,medium,0.0,62,False,nan,nan,nan,nan,alarm,persistent,world,decayed,world,decayed,0.1252019852399826,0.0226435147817172,1.0,0.0,0.0,nan,alarm
soft_medium,body_world,90446,True,True,m,1.33490869903924,-2.0,short,-0.25,64,False,nan,nan,nan,nan,alarm,persistent,world,decayed,world,decayed,0.10249640047550201,-0.23138841235713606,1.0,0.0,0.0,nan,alarm
soft_medium,body_world,90447,True,True,l,1.360545744961593,2.0,medium,0.25,71,False,nan,nan,nan,nan,alarm,persistent,world,decayed,world,decayed,0.11530303955078125,-0.088106670920765,1.0,0.0,0.0,nan,alarm
soft_medium,body_world,90448,True,True,m,1.3926898559008811,4.0,short,0.0,79,False,nan,nan,nan,nan,alarm,persistent,world,decayed,world,decayed,0.09758695214986801,-0.2863155400861705,1.0,0.0,0.0,nan,alarm
soft_medium,body_world,90449,True,True,l,1.4996288562259714,4.0,medium,-0.15000000000000002,69,False,nan,nan,nan,nan,alarm,persistent,world,decayed,world,decayed,0.1006682962179184,-0.2518412679417941,1.0,0.0,0.0,nan,alarm
soft_medium,body_world,90450,True,True,m,1.6497126455801099,-1.0,short,-0.15000000000000002,68,False,nan,nan,nan,nan,alarm,persistent,world,decayed,world,decayed,0.10218515247106552,-0.23487048549684347,1.0,0.0,0.0,nan,alarm
soft_medium,body_world,90451,True,True,l,1.4011624978174013,-1.0,medium,-0.1,69,False,nan,nan,nan,nan,alarm,persistent,world,decayed,world,decayed,0.12741360068321228,0.047387107705958775,1.0,0.0,0.0,nan,alarm
soft_medium,body_world,90452,True,True,m,1.3459971515369575,2.0,short,0.0,75,False,nan,nan,nan,nan,alarm,persistent,world,decayed,world,decayed,0.10101926326751709,-0.24791465229142845,1.0,0.0,0.0,nan,alarm
soft_medium,body_world,90453,True,True,l,1.3128410648573021,-2.0,medium,-0.2,60,False,nan,nan,nan,nan,alarm,persistent,world,decayed,world,decayed,0.13852086663246155,0.17165598488462563,1.0,0.0,0.0,nan,alarm
soft_medium,body_world,90454,True,True,m,1.4532800695650452,4.0,short,0.25,80,False,nan,nan,nan,nan,alarm,persistent,world,decayed,world,decayed,0.11151261627674103,-0.13051422268297358,1.0,0.0,0.0,nan,alarm
soft_medium,body_world,90455,True,True,l,1.4639866887179158,4.0,medium,0.1,63,False,nan,nan,nan,nan,alarm,persistent,world,decayed,world,decayed,0.08996687084436417,-0.3715695837080811,1.0,0.0,0.0,nan,alarm
soft_medium,body_world,90456,True,True,m,1.437503394575647,1.0,short,-0.05,71,False,nan,nan,nan,nan,alarm,persistent,world,decayed,world,decayed,0.10532839596271515,-0.19970380176556274,1.0,0.0,0.0,nan,alarm
soft_medium,body_world,90457,True,True,l,1.433005966120608,-1.0,medium,0.1,79,False,nan,nan,nan,nan,alarm,persistent,world,decayed,world,decayed,0.13168327510356903,0.09515641972119504,1.0,0.0,0.0,nan,alarm
soft_medium,body_world,90458,True,True,m,1.5714723561915191,-2.0,short,0.1,75,False,nan,nan,nan,nan,alarm,persistent,world,decayed,world,decayed,0.11106546223163605,-0.13551700310912856,1.0,0.0,0.0,nan,alarm
soft_medium,body_world,90459,True,True,l,1.423809978213943,-2.0,medium,-0.15000000000000002,75,False,nan,nan,nan,nan,alarm,persistent,world,decayed,world,decayed,0.11449835449457169,-0.09710969443364532,1.0,0.0,0.0,nan,alarm
soft_medium,body_world,90460,True,True,m,1.501503010941712,-4.0,short,0.1,65,False,nan,nan,nan,nan,alarm,persistent,world,decayed,world,decayed,0.10432001203298569,-0.21098559895332308,1.0,0.0,0.0,nan,alarm
soft_medium,body_world,90461,True,True,l,1.4979893620177673,-4.0,medium,-0.05,68,False,nan,nan,nan,nan,alarm,persistent,world,decayed,world,decayed,0.10877175629138947,-0.16117930921625948,1.0,0.0,0.0,nan,alarm
soft_medium,body_world,90462,True,True,m,1.32405485767968,-1.0,short,0.15000000000000002,61,False,nan,nan,nan,nan,alarm,persistent,world,decayed,world,decayed,0.10483479499816895,-0.20522626560042187,1.0,0.0,0.0,nan,alarm
soft_medium,body_world,90463,True,True,l,1.2959566174498844,1.0,medium,-0.05,60,False,nan,nan,nan,nan,alarm,persistent,world,decayed,world,decayed,0.11286214739084244,-0.11541564965234714,1.0,0.0,0.0,nan,alarm
soft_medium,body_world,90464,True,True,m,1.5484915809048363,-2.0,short,0.25,68,False,nan,nan,nan,nan,alarm,persistent,world,decayed,world,decayed,0.08687610924243927,-0.4061492164906462,1.0,0.0,0.0,nan,alarm
soft_medium,body_world,90465,True,True,l,1.428408630737959,-2.0,medium,-0.25,69,False,nan,nan,nan,nan,alarm,persistent,world,decayed,world,decayed,0.11004345118999481,-0.14695144345790126,1.0,0.0,0.0,nan,alarm
soft_medium,body_world,90466,True,True,m,1.3278826334953207,4.0,short,0.1,72,False,nan,nan,nan,nan,alarm,persistent,world,decayed,world,decayed,0.10780069977045059,-0.17204355730308854,1.0,0.0,0.0,nan,alarm
soft_medium,body_world,90467,True,True,l,1.224242705022093,-4.0,medium,0.2,67,False,nan,nan,nan,nan,alarm,persistent,world,decayed,world,decayed,0.12865111231803894,0.06123238702154099,1.0,0.0,0.0,nan,alarm
soft_medium,body_world,90468,True,True,m,1.377155487281401,1.0,short,0.25,65,False,nan,nan,nan,nan,alarm,persistent,world,decayed,world,decayed,0.12589161098003387,0.03035891062015525,1.0,0.0,0.0,nan,alarm
soft_medium,body_world,90469,True,True,l,1.2775926055522053,-1.0,medium,-0.2,67,False,nan,nan,nan,nan,alarm,persistent,world,decayed,world,decayed,0.12031533569097519,-0.032028861658032905,1.0,0.0,0.0,nan,alarm
soft_medium,body_world,90470,True,True,m,1.5219750255884492,2.0,short,-0.05,70,False,nan,nan,nan,nan,alarm,persistent,world,decayed,world,decayed,0.12536442279815674,0.024460711296452907,1.0,0.0,0.0,nan,alarm
soft_medium,body_world,90471,True,True,l,1.2543795609592172,2.0,medium,0.0,63,False,nan,nan,nan,nan,alarm,persistent,world,decayed,world,decayed,0.12213776260614395,-0.011639264603981814,1.0,0.0,0.0,nan,alarm
soft_medium,body_world,90472,True,True,m,1.523888147333015,4.0,short,0.25,77,False,nan,nan,nan,nan,alarm,persistent,world,decayed,world,decayed,0.10932828485965729,-0.15495265484259724,1.0,0.0,0.0,nan,alarm
soft_medium,body_world,90473,True,True,l,1.4189126139922845,-4.0,medium,-0.25,63,False,nan,nan,nan,nan,alarm,persistent,world,decayed,world,decayed,0.09308219701051712,-0.3367151266017007,1.0,0.0,0.0,nan,alarm
soft_medium,body_world,90474,True,True,m,1.3393605416224226,1.0,short,0.0,80,False,nan,nan,nan,nan,alarm,persistent,world,decayed,world,decayed,0.10670258849859238,-0.18432919155783167,1.0,0.0,0.0,nan,alarm
soft_medium,body_world,90475,True,True,l,1.4134205728523153,1.0,medium,0.1,66,False,nan,nan,nan,nan,alarm,persistent,world,decayed,world,decayed,0.10431540012359619,-0.2110371728303327,1.0,0.0,0.0,nan,alarm
soft_medium,body_world,90476,True,True,m,1.3814810158500825,-2.0,short,0.0,70,False,nan,nan,nan,nan,alarm,persistent,world,decayed,world,decayed,0.12281528860330582,-0.00405932853582674,1.0,0.0,0.0,nan,alarm
soft_medium,body_world,90477,True,True,l,1.4674729887667173,2.0,medium,0.1,78,False,nan,nan,nan,nan,alarm,persistent,world,decayed,world,decayed,0.12377165257930756,0.006640773690435242,1.0,0.0,0.0,nan,alarm
soft_medium,body_world,90478,True,True,m,1.5027032697774165,4.0,short,0.0,80,False,nan,nan,nan,nan,alarm,persistent,world,decayed,world,decayed,0.1190212219953537,-0.0465074311725117,1.0,0.0,0.0,nan,alarm
soft_medium,body_world,90479,True,True,l,1.3850046666885212,-4.0,medium,0.0,66,False,nan,nan,nan,nan,alarm,persistent,world,decayed,world,decayed,0.1218559741973877,-0.014792143936871898,1.0,0.0,0.0,nan,alarm
soft_medium,calib,90480,False,False,,1.0,0.0,,0.0,64,False,nan,nan,nan,nan,alarm,persistent,world,decayed,world,decayed,0.12191828340291977,-0.014094858013465956,1.0,0.0,0.0,nan,alarm
soft_medium,calib,90481,False,False,,1.0,0.0,,0.0,76,False,nan,nan,nan,nan,alarm,persistent,world,decayed,world,decayed,0.10950056463479996,-0.15302517932993115,1.0,0.0,0.0,nan,alarm
soft_medium,calib,90482,False,False,,1.0,0.0,,0.0,79,False,nan,nan,nan,nan,alarm,persistent,world,decayed,world,decayed,0.11464464664459229,-0.0954728051277058,1.0,0.0,0.0,nan,alarm
soft_medium,calib,90483,False,False,,1.0,0.0,,0.0,70,False,nan,nan,nan,nan,alarm,persistent,world,decayed,world,decayed,0.11409050226211548,-0.10167267409493838,1.0,0.0,0.0,nan,alarm
soft_medium,calib,90484,False,False,,1.0,0.0,,0.0,69,False,nan,nan,nan,nan,alarm,persistent,world,decayed,world,decayed,0.12006187438964844,-0.0348646324752371,1.0,0.0,0.0,nan,alarm
soft_medium,calib,90485,False,False,,1.0,0.0,,0.0,78,False,nan,nan,nan,nan,alarm,persistent,world,decayed,world,decayed,0.11443271487951279,-0.09784385047186711,1.0,0.0,0.0,nan,alarm
soft_medium,calib,90486,False,False,,1.0,0.0,,0.0,79,False,nan,nan,nan,nan,alarm,persistent,world,decayed,world,decayed,0.12779495120048523,0.05165370728533987,1.0,0.0,0.0,nan,alarm
soft_medium,calib,90487,False,False,,1.0,0.0,,0.0,74,False,nan,nan,nan,nan,alarm,persistent,world,decayed,world,decayed,0.12240277230739594,-0.008674313189291294,1.0,0.0,0.0,nan,alarm
soft_medium,calib,90488,False,False,,1.0,0.0,,0.0,62,False,nan,nan,nan,nan,alarm,persistent,world,decayed,world,decayed,0.12234989553689957,-0.009266040500174289,1.0,0.0,0.0,nan,alarm
soft_medium,calib,90489,False,False,,1.0,0.0,,0.0,65,False,nan,nan,nan,nan,alarm,persistent,world,decayed,world,decayed,0.12207669019699097,-0.01232259125288766,1.0,0.0,0.0,nan,alarm
soft_medium,calib,90490,False,False,,1.0,0.0,,0.0,70,False,nan,nan,nan,nan,alarm,persistent,world,decayed,world,decayed,0.12781831622123718,0.051914825012423525,1.0,0.0,0.0,nan,alarm
soft_medium,calib,90491,False,False,,1.0,0.0,,0.0,63,False,nan,nan,nan,nan,alarm,persistent,world,decayed,world,decayed,0.12792760133743286,0.053137840636995094,1.0,0.0,0.0,nan,alarm
soft_medium,calib,90492,False,False,,1.0,0.0,,0.0,66,False,nan,nan,nan,nan,alarm,persistent,world,decayed,world,decayed,0.11471817642450333,-0.09465026032207811,1.0,0.0,0.0,nan,alarm
soft_medium,calib,90493,False,False,,1.0,0.0,,0.0,80,False,nan,nan,nan,nan,alarm,persistent,world,decayed,world,decayed,0.12793011963367462,0.05316583003996763,1.0,0.0,0.0,nan,alarm
soft_medium,calib,90494,False,False,,1.0,0.0,,0.0,79,False,nan,nan,nan,nan,alarm,persistent,world,decayed,world,decayed,0.13983316719532013,0.18633794124738554,1.0,0.0,0.0,nan,alarm
soft_medium,calib,90495,False,False,,1.0,0.0,,0.0,75,False,nan,nan,nan,nan,alarm,persistent,world,decayed,world,decayed,0.1168268546462059,-0.0710582749825315,1.0,0.0,0.0,nan,alarm
soft_medium,calib,90496,False,False,,1.0,0.0,,0.0,76,False,nan,nan,nan,nan,alarm,persistent,world,decayed,world,decayed,0.13668721914291382,0.15114094191470548,1.0,0.0,0.0,nan,alarm
soft_medium,calib,90497,False,False,,1.0,0.0,,0.0,68,False,nan,nan,nan,nan,alarm,persistent,world,decayed,world,decayed,0.12269847095012665,-0.005365958099454826,1.0,0.0,0.0,nan,alarm
soft_medium,calib,90498,False,False,,1.0,0.0,,0.0,70,False,nan,nan,nan,nan,alarm,persistent,world,decayed,world,decayed,0.13268722593784332,0.1063886438751838,1.0,0.0,0.0,nan,alarm
soft_medium,calib,90499,False,False,,1.0,0.0,,0.0,79,False,nan,nan,nan,nan,alarm,persistent,world,decayed,world,decayed,0.11146306991577148,-0.1310685737420259,1.0,0.0,0.0,nan,alarm
soft_medium,calib,90500,False,False,,1.0,0.0,,0.0,72,False,nan,nan,nan,nan,alarm,persistent,world,decayed,world,decayed,0.1390872448682785,0.17799269475361465,1.0,0.0,0.0,nan,alarm
soft_medium,calib,90501,False,False,,1.0,0.0,,0.0,76,False,nan,nan,nan,nan,alarm,persistent,world,decayed,world,decayed,0.09254065901041031,-0.34277395266193383,1.0,0.0,0.0,nan,alarm
soft_medium,calib,90502,False,False,,1.0,0.0,,0.0,76,False,nan,nan,nan,nan,alarm,persistent,world,decayed,world,decayed,0.12678749859333038,0.04038228707860115,1.0,0.0,0.0,nan,alarm
soft_medium,calib,90503,False,False,,1.0,0.0,,0.0,63,False,nan,nan,nan,nan,alarm,persistent,world,decayed,world,decayed,0.12458324432373047,0.015720927482927617,1.0,0.0,0.0,nan,alarm
soft_medium,calib,90504,False,False,,1.0,0.0,,0.0,72,False,nan,nan,nan,nan,alarm,persistent,world,decayed,world,decayed,0.13237521052360535,0.10289795181864073,1.0,0.0,0.0,nan,alarm
soft_medium,calib,90505,False,False,,1.0,0.0,,0.0,75,False,nan,nan,nan,nan,alarm,persistent,world,decayed,world,decayed,0.12793061137199402,0.05317148046516464,1.0,0.0,0.0,nan,alarm
soft_medium,calib,90506,False,False,,1.0,0.0,,0.0,78,False,nan,nan,nan,nan,alarm,persistent,world,decayed,world,decayed,0.11996450275182724,-0.03595403470068442,1.0,0.0,0.0,nan,alarm
soft_medium,calib,90507,False,False,,1.0,0.0,,0.0,72,False,nan,nan,nan,nan,alarm,persistent,world,decayed,world,decayed,0.1258375346660614,0.029753970345913372,1.0,0.0,0.0,nan,alarm
soft_medium,calib,90508,False,False,,1.0,0.0,,0.0,68,False,nan,nan,nan,nan,alarm,persistent,world,decayed,world,decayed,0.12713490426540375,0.044268971826747425,1.0,0.0,0.0,nan,alarm
soft_medium,calib,90509,False,False,,1.0,0.0,,0.0,69,False,nan,nan,nan,nan,alarm,persistent,world,decayed,world,decayed,0.1219424158334732,-0.013824982527020186,1.0,0.0,0.0,nan,alarm
soft_medium,calib,90510,False,False,,1.0,0.0,,0.0,60,False,nan,nan,nan,nan,alarm,persistent,world,decayed,world,decayed,0.11663611978292465,-0.07319215462862713,1.0,0.0,0.0,nan,alarm
soft_medium,calib,90511,False,False,,1.0,0.0,,0.0,67,False,nan,nan,nan,nan,alarm,persistent,world,decayed,world,decayed,0.13114196062088013,0.08910031190066876,1.0,0.0,0.0,nan,alarm
soft_medium,calib,90512,False,False,,1.0,0.0,,0.0,65,False,nan,nan,nan,nan,alarm,persistent,world,decayed,world,decayed,0.11922280490398407,-0.04425212995987441,1.0,0.0,0.0,nan,alarm
soft_medium,calib,90513,False,False,,1.0,0.0,,0.0,79,False,nan,nan,nan,nan,alarm,persistent,world,decayed,world,decayed,0.11215785890817642,-0.12329525634424232,1.0,0.0,0.0,nan,alarm
soft_medium,calib,90514,False,False,,1.0,0.0,,0.0,62,False,nan,nan,nan,nan,alarm,persistent,world,decayed,world,decayed,0.12853291630744934,0.05990999870091207,1.0,0.0,0.0,nan,alarm
soft_medium,calib,90515,False,False,,1.0,0.0,,0.0,75,False,nan,nan,nan,nan,alarm,persistent,world,decayed,world,decayed,0.11727867275476456,-0.06600328351460194,1.0,0.0,0.0,nan,alarm
soft_medium,calib,90516,False,False,,1.0,0.0,,0.0,71,False,nan,nan,nan,nan,alarm,persistent,world,decayed,world,decayed,0.13012012839317322,0.07766769682315874,1.0,0.0,0.0,nan,alarm
soft_medium,calib,90517,False,False,,1.0,0.0,,0.0,77,False,nan,nan,nan,nan,alarm,persistent,world,decayed,world,decayed,0.11701993644237518,-0.06889790090017889,1.0,0.0,0.0,nan,alarm
soft_medium,calib,90518,False,False,,1.0,0.0,,0.0,72,False,nan,nan,nan,nan,alarm,persistent,world,decayed,world,decayed,0.11509579420089722,-0.09042545520858314,1.0,0.0,0.0,nan,alarm
soft_medium,calib,90519,False,False,,1.0,0.0,,0.0,76,False,nan,nan,nan,nan,alarm,persistent,world,decayed,world,decayed,0.11004277318716049,-0.14695891230015082,1.0,0.0,0.0,nan,alarm
soft_medium,calib,90520,False,False,,1.0,0.0,,0.0,76,False,nan,nan,nan,nan,alarm,persistent,world,decayed,world,decayed,0.09753943234682083,-0.28684715848180786,1.0,0.0,0.0,nan,alarm
soft_medium,calib,90521,False,False,,1.0,0.0,,0.0,64,False,nan,nan,nan,nan,alarm,persistent,world,decayed,world,decayed,0.114634670317173,-0.09558451370872303,1.0,0.0,0.0,nan,alarm
soft_medium,calib,90522,False,False,,1.0,0.0,,0.0,80,False,nan,nan,nan,nan,alarm,persistent,world,decayed,world,decayed,0.1166679859161377,-0.07283559347503453,1.0,0.0,0.0,nan,alarm
soft_medium,calib,90523,False,False,,1.0,0.0,,0.0,64,False,nan,nan,nan,nan,alarm,persistent,world,decayed,world,decayed,0.12619832158088684,0.033790331505477264,1.0,0.0,0.0,nan,alarm
soft_medium,calib,90524,False,False,,1.0,0.0,,0.0,60,False,nan,nan,nan,nan,alarm,persistent,world,decayed,world,decayed,0.09676516801118851,-0.29550975418637615,1.0,0.0,0.0,nan,alarm
soft_medium,calib,90525,False,False,,1.0,0.0,,0.0,74,False,nan,nan,nan,nan,alarm,persistent,world,decayed,world,decayed,0.09868817031383514,-0.2739949746928701,1.0,0.0,0.0,nan,alarm
soft_medium,calib,90526,False,False,,1.0,0.0,,0.0,64,False,nan,nan,nan,nan,alarm,persistent,world,decayed,world,decayed,0.12323243916034698,0.0006077923980518984,1.0,0.0,0.0,nan,alarm
soft_medium,calib,90527,False,False,,1.0,0.0,,0.0,77,False,nan,nan,nan,nan,alarm,persistent,world,decayed,world,decayed,0.1208646148443222,-0.02588339395389307,1.0,0.0,0.0,nan,alarm
soft_medium,calib,90528,False,False,,1.0,0.0,,0.0,69,False,nan,nan,nan,nan,alarm,persistent,world,decayed,world,decayed,0.11522550880908966,-0.08897426687007608,1.0,0.0,0.0,nan,alarm
soft_medium,calib,90529,False,False,,1.0,0.0,,0.0,61,False,nan,nan,nan,nan,alarm,persistent,world,decayed,world,decayed,0.10064800083637238,-0.2520684429692824,1.0,0.0,0.0,nan,alarm
