config,cell,seed,has_body,has_push,param,factor,torque,duration_name,offset_s,onset,old_verdict,old_path,old_settled,old_settled_score,early_10,late_10,logr_10,shape_10,shape_elev_10,early_20,late_20,logr_20,shape_20,shape_elev_20,early_40,late_40,logr_40,shape_40,shape_elev_40
stiff_low,neither,90000,False,False,,1.0,0.0,,0.0,79,world,settled,True,0.06525645405054092,0.05595264807343483,0.07924665063619614,0.348059385676759,body,world,0.06759964935481548,0.054832590743899345,-0.20931805719535848,body,world,0.06121612004935741,0.0627733345143497,0.025119819323812104,body,world
stiff_low,neither,90001,False,False,,1.0,0.0,,0.0,75,world,settled,True,0.07354570925235748,0.057035718113183975,0.08310463652014732,0.3764227896248721,body,body,0.07007017731666565,0.05934283342212439,-0.16616591028075037,body,world,0.06470650536939501,0.07355268523097039,0.12814021217971475,body,world
stiff_low,neither,90002,False,False,,1.0,0.0,,0.0,65,world,settled,True,0.06793533265590668,0.05292877852916718,0.06721024215221405,0.2388784403898598,body,world,0.060069510340690614,0.07375830775126815,0.20529123900008636,body,world,0.06691390904597938,0.06741265710443259,0.007425937618758827,body,world
stiff_low,neither,90003,False,False,,1.0,0.0,,0.0,61,world,settled,True,0.07352607697248459,0.050042564421892165,0.05894088447093963,0.16366105176497134,body,world,0.0544917244464159,0.07087550722062588,0.26287607345466435,body,world,0.06268361583352089,0.06518747368827463,0.03916722610827239,body,world
stiff_low,neither,90004,False,False,,1.0,0.0,,0.0,76,world,settled,True,0.06748570501804352,0.06919963508844376,0.0448065098375082,-0.43464215158375635,body,world,0.05700307246297598,0.07967927306890488,0.33490432086244193,body,world,0.06834117276594043,0.06904565831646323,0.010255593197872292,body,world
stiff_low,neither,90005,False,False,,1.0,0.0,,0.0,79,world,settled,True,0.06291955709457397,0.06335447505116462,0.0593987226486206,-0.06447282247994508,body,world,0.06137659884989262,0.055794775299727914,-0.09534840390069733,body,world,0.058585687074810266,0.05827682092785835,-0.005285987292530834,body,world
stiff_low,neither,90006,False,False,,1.0,0.0,,0.0,74,world,settled,True,0.06049692630767822,0.06195811405777931,0.05893690511584282,-0.04999111015687638,body,world,0.06044750958681107,0.056699318997561934,-0.064013178273361,body,world,0.0585734142921865,0.0641562158241868,0.09104006890462518,body,world
stiff_low,neither,90007,False,False,,1.0,0.0,,0.0,79,world,settled,True,0.07311604917049408,0.062095022201538085,0.0542495422065258,-0.1350712741458324,body,world,0.05817228220403194,0.07230121493339539,0.21743194257742415,body,world,0.06523674856871367,0.07511843824759126,0.14104310607429335,body,world
stiff_low,neither,90008,False,False,,1.0,0.0,,0.0,62,world,settled,True,0.06044282764196396,0.08577945530414581,0.07081461772322654,-0.19171408474584783,body,world,0.07829703651368618,0.06501683369278907,-0.18586353817966983,body,world,0.07165693510323763,0.06186456666328013,-0.1469423538945852,body,world
stiff_low,neither,90009,False,False,,1.0,0.0,,0.0,74,world,settled,True,0.06456899642944336,0.06098836585879326,0.06019410267472267,-0.013108737054652401,body,world,0.060591234266757964,0.06678824834525585,0.09737690854194227,body,world,0.06368974130600691,0.062256540078669785,-0.02275991127621635,body,world
stiff_low,neither,90010,False,False,,1.0,0.0,,0.0,72,world,settled,True,0.06152728199958801,0.05022083967924118,0.06569331884384155,0.2685671548386268,body,world,0.05795707926154137,0.05897552445530892,0.017419794225587676,body,world,0.05846630185842514,0.05870313905179501,0.00404264992787901,body,world
stiff_low,neither,90011,False,False,,1.0,0.0,,0.0,71,world,settled,True,0.06639312207698822,0.06179599016904831,0.0709545761346817,0.13820142118583134,body,world,0.066375283151865,0.06615316048264504,-0.0033520785593970526,body,world,0.06626422181725503,0.06143865641206503,-0.07561089046086059,body,world
stiff_low,neither,90012,False,False,,1.0,0.0,,0.0,62,world,settled,True,0.06611926108598709,0.05655791312456131,0.08002871796488761,0.3471204205775778,body,world,0.06829331554472447,0.04730108231306076,-0.3672787156305562,world,world,0.05779719892889261,0.06164691895246506,0.06448293885515018,body,world
stiff_low,neither,90013,False,False,,1.0,0.0,,0.0,68,world,settled,True,0.057520925998687744,0.05726059898734093,0.05482546612620354,-0.04345796410726647,body,world,0.05604303255677223,0.05076058246195316,-0.09899971654910698,body,world,0.0534018075093627,0.05886359233409166,0.09737817889953719,body,world
stiff_low,neither,90014,False,False,,1.0,0.0,,0.0,80,world,settled,True,0.07033509016036987,0.06521449387073516,0.06459960490465164,-0.009473448116046394,body,world,0.0649070493876934,0.06358784958720207,-0.020533829167842202,body,world,0.06424744948744773,0.06946810316294431,0.07812567363246282,body,world
stiff_low,neither,90015,False,False,,1.0,0.0,,0.0,76,world,settled,True,0.057777129113674164,0.0454376608133316,0.05203639045357704,0.13560199573106857,body,world,0.04873702563345432,0.0597737604752183,0.20412775545124082,body,world,0.05425539305433631,0.05646679745987058,0.03995041121821906,body,world
stiff_low,neither,90016,False,False,,1.0,0.0,,0.0,76,world,settled,True,0.0674809068441391,0.07248303964734078,0.051566706597805025,-0.34047635532449694,body,world,0.0620248731225729,0.06372195370495319,0.026993661362134613,body,world,0.06287341341376304,0.07382130827754736,0.16052402585440995,body,world
stiff_low,neither,90017,False,False,,1.0,0.0,,0.0,74,world,settled,True,0.07366077601909637,0.05720828771591187,0.0728260986506939,0.2413756108781873,body,world,0.06501719318330287,0.07906765397638083,0.1956521199999673,body,world,0.07204242357984185,0.07977227102965116,0.1019208013559413,body,body
stiff_low,neither,90018,False,False,,1.0,0.0,,0.0,66,world,settled,True,0.07372702658176422,0.04542686603963375,0.06102549321949482,0.29518800548729485,body,world,0.05322617962956429,0.06508840974420309,0.20119612203345336,body,world,0.05915729468688369,0.07270338865928352,0.20618808695516097,body,world
stiff_low,neither,90019,False,False,,1.0,0.0,,0.0,66,world,settled,True,0.06926055997610092,0.05628591403365135,0.0789640113711357,0.3385478873499195,body,world,0.06762496270239353,0.06278017908334732,-0.07433778166686947,body,world,0.06520257089287043,0.0654867080040276,0.004348291784180256,body,world
stiff_low,neither,90020,False,False,,1.0,0.0,,0.0,73,world,settled,True,0.06376317888498306,0.05063943210989237,0.058098495751619336,0.13740920933147666,body,world,0.054368963930755854,0.06121854539960623,0.11865669794249611,body,world,0.05779375466518104,0.0672569296322763,0.15163933696751308,body,world
stiff_low,neither,90021,False,False,,1.0,0.0,,0.0,74,world,settled,True,0.0700949877500534,0.058714625984430314,0.04905731827020645,-0.17969948568917857,body,world,0.05388597212731838,0.08400210347026586,0.4439716531784888,body,body,0.06894403779879213,0.06773125175386667,-0.017747434543207635,body,world
stiff_low,neither,90022,False,False,,1.0,0.0,,0.0,66,world,settled,True,0.06479775905609131,0.10117889195680618,0.056584405899047854,-0.581156724499095,world,world,0.07888164892792701,0.05685284156352281,-0.32748241185996224,world,world,0.06786724524572492,0.06485370583832265,-0.04541946730405162,body,world
stiff_low,neither,90023,False,False,,1.0,0.0,,0.0,75,world,settled,True,0.0638655424118042,0.07864001095294952,0.062439131736755374,-0.23068842512922866,body,world,0.07053957134485245,0.07563181743025779,0.0697032121036585,body,world,0.07308569438755512,0.06531767845153809,-0.11236992207915543,body,world
stiff_low,neither,90024,False,False,,1.0,0.0,,0.0,73,world,settled,True,0.06447625905275345,0.05773440822958946,0.0582089077681303,0.00818507187864928,body,world,0.05797165799885988,0.06845066868700087,0.1661590847479234,body,world,0.06321116334293038,0.06042926069349051,-0.0450074845264352,body,world
stiff_low,neither,90025,False,False,,1.0,0.0,,0.0,68,world,settled,True,0.05465139076113701,0.058910582959651944,0.04546884037554264,-0.2589934868072469,body,world,0.0521897116675973,0.06141378059983253,0.16274886873450492,body,world,0.056801746133714914,0.05285223233513534,-0.07206711654573143,body,world
stiff_low,neither,90026,False,False,,1.0,0.0,,0.0,73,world,settled,True,0.06282990425825119,0.05863077975809574,0.07214982211589813,0.20748500920958443,body,world,0.06539030093699694,0.07604925855994224,0.15100732553217958,body,world,0.07071977974846959,0.0678885381668806,-0.04085808820403148,body,world
stiff_low,neither,90027,False,False,,1.0,0.0,,0.0,61,world,settled,True,0.05655165761709213,0.0665128692984581,0.07930384054780007,0.17589110585978626,body,world,0.07290835492312908,0.06040815562009812,-0.18807911779835976,body,world,0.06665825527161359,0.05220746034756303,-0.24435349578150772,world,world
stiff_low,neither,90028,False,False,,1.0,0.0,,0.0,71,world,settled,True,0.0613306388258934,0.0515474833548069,0.06585516110062599,0.2449544119691477,body,world,0.05870132222771644,0.06640852242708206,0.12336314629730143,body,world,0.06255492232739926,0.05851259231567383,-0.06680294376611569,body,world
stiff_low,neither,90029,False,False,,1.0,0.0,,0.0,60,world,settled,True,0.05929078906774521,0.057612524926662446,0.05832736119627953,0.01233130981471931,body,world,0.057969943061470984,0.07045879401266575,0.19510340370778778,body,world,0.06421436853706837,0.0521238649263978,-0.2086040907535272,body,world
stiff_low,neither,90030,False,False,,1.0,0.0,,0.0,72,world,settled,True,0.0734977126121521,0.05911591053009033,0.06421682089567185,0.0827650822109749,body,world,0.06166636571288109,0.05068507213145494,-0.19610722410111006,body,world,0.056175718922168015,0.07222592644393444,0.2513144575700111,body,world
stiff_low,neither,90031,False,False,,1.0,0.0,,0.0,65,body,settled,True,0.09621002525091171,0.08760843798518181,0.07716376632452011,-0.12694731861079583,body,world,0.08238610215485095,0.0795490462332964,-0.03504299433386118,body,world,0.08096757419407367,0.09028020380064845,0.10886945344344788,body,body
stiff_low,neither,90032,False,False,,1.0,0.0,,0.0,78,world,settled,True,0.08085353672504425,0.09867804944515228,0.054397492110729216,-0.5955444731064661,world,world,0.07653777077794074,0.06584449633955955,-0.15048850869435715,body,world,0.07119113355875015,0.08440223336219788,0.17022558089487197,body,body
stiff_low,neither,90033,False,False,,1.0,0.0,,0.0,74,world,settled,True,0.05716409534215927,0.06709742024540902,0.052547627687454225,-0.24442564442888975,body,world,0.05982252396643162,0.04665623642504215,-0.2485756412144432,body,world,0.05323938019573689,0.05944868205115199,0.11031510210457782,body,world
stiff_low,neither,90034,False,False,,1.0,0.0,,0.0,63,world,settled,True,0.06664538383483887,0.05267063826322556,0.0782434269785881,0.3957666740415014,body,world,0.06545703262090682,0.0700890326872468,0.06837239254276052,body,world,0.06777303265407682,0.06904633529484272,0.0186134378782662,body,world
stiff_low,neither,90035,False,False,,1.0,0.0,,0.0,66,world,settled,True,0.056994616985321045,0.0651291236281395,0.06082355827093124,-0.06839463124946804,body,world,0.06297634094953537,0.05717697124928236,-0.096607898591605,body,world,0.06007665609940886,0.058995836041867734,-0.01815448258679804,body,world
stiff_low,neither,90036,False,False,,1.0,0.0,,0.0,61,world,settled,True,0.06441773474216461,0.07742197886109352,0.07232053950428963,-0.06816252888312009,body,world,0.07487125918269158,0.06121858321130276,-0.20131930368506823,body,world,0.06804492119699716,0.0631249058060348,-0.07505269749752833,body,world
stiff_low,neither,90037,False,False,,1.0,0.0,,0.0,69,world,settled,True,0.06623304635286331,0.06925998367369175,0.06328353732824325,-0.09024208172767402,body,world,0.0662717605009675,0.07156869992613793,0.07689395519129481,body,world,0.06892023021355272,0.06257681353017688,-0.09655493335260237,body,world
stiff_low,neither,90038,False,False,,1.0,0.0,,0.0,63,world,settled,True,0.058368515223264694,0.05177938416600227,0.07636042162775994,0.3884724394476879,body,world,0.06406990289688111,0.0582583524286747,-0.09508724857119981,body,world,0.0611641276627779,0.055266181007027626,-0.10139970193899345,body,world
stiff_low,neither,90039,False,False,,1.0,0.0,,0.0,63,world,settled,True,0.06661258637905121,0.05003115125000477,0.08025589659810066,0.47257440073997226,body,world,0.06514352392405272,0.059319377318024634,-0.09365687586720939,body,world,0.06223145062103867,0.06444302760064602,0.03492103150732875,body,world
stiff_low,neither,90040,False,False,,1.0,0.0,,0.0,66,world,settled,True,0.06832708418369293,0.06447927951812744,0.054215488582849504,-0.17337728957646126,body,world,0.05934738405048847,0.07293720226734876,0.20619078458544576,body,world,0.06614229315891862,0.07467931369319558,0.12139475042381408,body,world
stiff_low,neither,90041,False,False,,1.0,0.0,,0.0,71,world,settled,True,0.061526138335466385,0.05711627155542374,0.060423056781291964,0.05628172487692816,body,world,0.05876966416835785,0.0628142099827528,0.06655551521858608,body,world,0.06079193707555532,0.06971632465720176,0.13697733721290797,body,world
stiff_low,neither,90042,False,False,,1.0,0.0,,0.0,64,world,settled,True,0.0662190392613411,0.06602132767438888,0.06114664599299431,-0.076702824625726,body,world,0.0635839868336916,0.07666735425591469,0.18711432947041323,body,world,0.07012567054480315,0.06523038409650325,-0.07236355180140144,body,world
stiff_low,neither,90043,False,False,,1.0,0.0,,0.0,79,world,settled,True,0.05936870723962784,0.06217904835939407,0.10010758936405181,0.47622740136564795,body,body,0.08114331886172295,0.07140991967171431,-0.12778016917502344,body,world,0.07627661926671862,0.05550050903111696,-0.3179742672596287,world,world
stiff_low,neither,90044,False,False,,1.0,0.0,,0.0,65,world,settled,True,0.06084233522415161,0.06848763674497604,0.06887062937021256,0.005576564535875945,body,world,0.0686791330575943,0.06112417168915272,-0.11653801642030467,body,world,0.0649016523733735,0.06043042792007327,-0.07138033208380766,body,world
stiff_low,neither,90045,False,False,,1.0,0.0,,0.0,64,world,settled,True,0.07118873298168182,0.07805464342236519,0.05927167795598507,-0.2752775523362766,body,world,0.06866316068917513,0.07416117116808892,0.0770278926895215,body,world,0.07141216592863202,0.07611737521365285,0.06380831362864106,body,world
stiff_low,neither,90046,False,False,,1.0,0.0,,0.0,73,world,settled,True,0.06183149665594101,0.060916056483983995,0.05000259876251221,-0.1974218139051019,body,world,0.0554593276232481,0.061893051490187645,0.10975800311625208,body,world,0.05867618955671787,0.06218659169971943,0.058105393791725274,body,world
stiff_low,neither,90047,False,False,,1.0,0.0,,0.0,66,world,settled,True,0.056199122220277786,0.06741980835795403,0.07600458264350891,0.1198547691178384,body,world,0.07171219550073146,0.06157487705349922,-0.15240687649800003,body,world,0.06664353627711535,0.056974084489047526,-0.15676155547421508,body,world
stiff_low,neither,90048,False,False,,1.0,0.0,,0.0,76,world,settled,True,0.06336630135774612,0.06074170395731926,0.042999427765607834,-0.3454437046936444,body,world,0.05187056586146355,0.06334713278338314,0.1998781482839893,body,world,0.05760884932242334,0.06266747647896409,0.08416640664381515,body,world
stiff_low,neither,90049,False,False,,1.0,0.0,,0.0,76,world,settled,True,0.06656469404697418,0.06768316626548768,0.0718379408121109,0.05957526296843008,body,world,0.06976055353879929,0.06435824036598206,-0.08060373321259827,body,world,0.06705939695239067,0.06935358084738255,0.03363903151276914,body,world
stiff_low,neither,90050,False,False,,1.0,0.0,,0.0,60,world,settled,True,0.07414844632148743,0.0706940695643425,0.0592644315212965,-0.17635236735521645,body,world,0.0649792505428195,0.062466568872332574,-0.03943648092446942,body,world,0.06372290970757603,0.0686851492151618,0.07498885927113648,body,world
stiff_low,neither,90051,False,False,,1.0,0.0,,0.0,76,world,settled,True,0.06134789064526558,0.07522121518850326,0.05990849435329437,-0.22761500406615823,body,world,0.06756485477089882,0.06027422696352005,-0.1141833491897224,body,world,0.06391954086720944,0.06930543892085553,0.08089826831889292,body,world
stiff_low,neither,90052,False,False,,1.0,0.0,,0.0,68,world,settled,True,0.05629478767514229,0.061941346526145934,0.06645355336368083,0.07031534446572665,body,world,0.06419744994491339,0.05573582965880632,-0.14134028791457368,body,world,0.05996663980185986,0.06063024299219251,0.011005423571097472,body,world
stiff_low,neither,90053,False,False,,1.0,0.0,,0.0,72,world,settled,True,0.06101264804601669,0.06585869044065476,0.07075315490365028,0.07168573504276844,body,world,0.06830592267215252,0.06829283274710178,-0.00019165511502103002,body,world,0.06829937770962716,0.06798015693202615,-0.004684802634208837,body,world
stiff_low,neither,90054,False,False,,1.0,0.0,,0.0,65,world,settled,True,0.07661494612693787,0.06011644266545772,0.06811384484171867,0.12489710156677337,body,world,0.0641151437535882,0.07281750477850438,0.12727578852372196,body,world,0.06846632426604629,0.07953275926411152,0.14982699516848583,body,body
stiff_low,neither,90055,False,False,,1.0,0.0,,0.0,68,world,settled,True,0.05423461273312569,0.059058237820863724,0.05793174654245377,-0.019258504928534453,body,world,0.058494992181658746,0.057476728409528735,-0.017561004273096648,body,world,0.05798586029559374,0.053559723682701586,-0.07940183103211952,body,world
stiff_low,neither,90056,False,False,,1.0,0.0,,0.0,68,world,settled,True,0.0616307370364666,0.07711915299296379,0.08657467663288117,0.11565568790492753,body,body,0.08184691481292247,0.07751819640398025,-0.05433790881381629,body,world,0.07968255560845136,0.06395534332841635,-0.21986560684321588,world,world
stiff_low,neither,90057,False,False,,1.0,0.0,,0.0,76,world,settled,True,0.06315465271472931,0.05778880063444376,0.06460461243987084,0.11149081198314814,body,world,0.061196706537157294,0.0493590421974659,-0.21497239833637097,body,world,0.055277874367311595,0.0643667324911803,0.15222419680568264,body,world
stiff_low,neither,90058,False,False,,1.0,0.0,,0.0,61,world,settled,True,0.06220141798257828,0.05276228487491608,0.058960262686014175,0.11106706933120983,body,world,0.055861273780465126,0.05921161789447069,0.05824640750871069,body,world,0.057536445837467906,0.06084600617177784,0.05592759562789426,body,world
stiff_low,neither,90059,False,False,,1.0,0.0,,0.0,62,world,settled,True,0.07100962102413177,0.05689835548400879,0.06801686063408852,0.17848918609090772,body,world,0.06245760805904865,0.06676732636988163,0.06672577912472658,body,world,0.06461246721446515,0.07002688813954591,0.08047190147062018,body,world
stiff_low,neither,90060,False,False,,1.0,0.0,,0.0,62,world,settled,True,0.055400025099515915,0.06022565513849258,0.05227237492799759,-0.1416303991550727,body,world,0.05624901503324509,0.05737714022397995,0.01985743965259709,body,world,0.05681307762861252,0.05409308122470975,-0.049060250129860476,body,world
stiff_low,neither,90061,False,False,,1.0,0.0,,0.0,80,world,settled,True,0.06409616768360138,0.05637524239718914,0.06455535516142845,0.13549297775691288,body,world,0.0604652987793088,0.046573717053979634,-0.26103325628465474,body,world,0.05351950791664421,0.06564245875924826,0.20417650237093293,body,world
stiff_low,neither,90062,False,False,,1.0,0.0,,0.0,66,world,settled,True,0.06288690865039825,0.06576107069849968,0.05881773382425308,-0.11158462744254913,body,world,0.06228940226137638,0.07298819683492183,0.15850643772348644,body,world,0.06763879954814911,0.06707555744796992,-0.00836206911803308,body,world
stiff_low,neither,90063,False,False,,1.0,0.0,,0.0,62,world,settled,True,0.05760950967669487,0.06430265977978707,0.06250396594405175,-0.028370985714050816,body,world,0.0634033128619194,0.048754879646003245,-0.2627108256833129,body,world,0.056079096253961326,0.05511720385402441,-0.017301230215271045,body,world
stiff_low,neither,90064,False,False,,1.0,0.0,,0.0,72,world,settled,True,0.06674151122570038,0.0625498753041029,0.09907982125878334,0.4599615572390706,body,body,0.08081484828144311,0.06793654337525368,-0.17358663067435395,body,world,0.0743756958283484,0.06693618101999163,-0.10538957613345887,body,world
stiff_low,neither,90065,False,False,,1.0,0.0,,0.0,63,world,settled,True,0.07820022106170654,0.07072909474372864,0.07016632035374641,-0.007988583340239408,body,world,0.07044770754873753,0.07079803384840488,0.0049605321133439715,body,world,0.0706228706985712,0.07511413162574172,0.061654672239027083,body,world
stiff_low,neither,90066,False,False,,1.0,0.0,,0.0,61,world,settled,True,0.05273791402578354,0.05489915758371353,0.049879559129476544,-0.09588672168919385,body,world,0.05238935835659504,0.043255348410457375,-0.19158259750285653,body,world,0.04782235338352621,0.05648326156660914,0.16645116460897857,body,world
stiff_low,neither,90067,False,False,,1.0,0.0,,0.0,71,world,settled,True,0.07019858062267303,0.06508437544107437,0.09674841091036797,0.3964293952537587,body,body,0.08091639317572116,0.07993057519197463,-0.012257990780524489,body,body,0.0804234841838479,0.0692971165291965,-0.14890292856841295,body,world
stiff_low,neither,90068,False,False,,1.0,0.0,,0.0,76,world,settled,True,0.061388660222291946,0.04886008314788341,0.0465182326734066,-0.049116431340526914,body,world,0.04768915791064501,0.060479699075222014,0.23760368166324175,body,world,0.05408442849293351,0.06109583117067814,0.12189731804213035,body,world
stiff_low,neither,90069,False,False,,1.0,0.0,,0.0,70,world,settled,True,0.06346732378005981,0.05923645719885826,0.06087038293480873,0.02720955010734493,body,world,0.06005342006683349,0.0574613843113184,-0.04412135555684618,body,world,0.05875740218907595,0.06320490492507816,0.07296476792008853,body,world
stiff_low,neither,90070,False,False,,1.0,0.0,,0.0,76,world,settled,True,0.063304103910923,0.07712767347693443,0.08932238519191742,0.14678998467922635,body,body,0.08322502933442592,0.07623395510017872,-0.08774116750294714,body,world,0.07972949221730233,0.06566713936626911,-0.19404091920070238,body,world
stiff_low,neither,90071,False,False,,1.0,0.0,,0.0,77,world,settled,True,0.06346498429775238,0.07078594043850898,0.06783281490206719,-0.042614326138823926,body,world,0.06930937767028808,0.07319754064083099,0.054581605641471395,body,world,0.07125345915555954,0.06338682668283582,-0.11698730869609573,body,world
stiff_low,neither,90072,False,False,,1.0,0.0,,0.0,70,world,settled,True,0.054870981723070145,0.0703720472753048,0.06454446837306023,-0.08644171017494598,body,world,0.06745825782418251,0.06372343674302101,-0.05695658532095979,body,world,0.06559084728360176,0.057831145636737344,-0.125908680703486,body,world
stiff_low,neither,90073,False,False,,1.0,0.0,,0.0,80,world,settled,True,0.07009126991033554,0.08171849995851517,0.06182786040008068,-0.2789263355014014,body,world,0.07177318017929793,0.06194767728447914,-0.1472207571832018,body,world,0.06686042873188854,0.07098438665270805,0.0598526532046807,body,world
stiff_low,neither,90074,False,False,,1.0,0.0,,0.0,67,world,settled,True,0.07172571122646332,0.047834326326847074,0.06311749964952469,0.2772545573405292,body,world,0.05547591298818588,0.04896790813654661,-0.12478377877665353,body,world,0.05222191056236625,0.06334544615820051,0.19310087093953987,body,world
stiff_low,neither,90075,False,False,,1.0,0.0,,0.0,71,world,settled,True,0.05969647318124771,0.08754080161452293,0.05495308116078377,-0.46562523748611595,body,world,0.07124694138765335,0.07261086069047451,0.01896261659512239,body,world,0.07192890103906394,0.05582521911710501,-0.2534524227725991,world,world
stiff_low,neither,90076,False,False,,1.0,0.0,,0.0,75,world,settled,True,0.06817823648452759,0.060761424154043196,0.05319567695260048,-0.1329779837031809,body,world,0.056978550553321836,0.05845550280064345,0.025590937989545474,body,world,0.05771702667698264,0.06576392813585699,0.13051926368389596,body,world
stiff_low,neither,90077,False,False,,1.0,0.0,,0.0,63,world,settled,True,0.059115588665008545,0.057129061222076415,0.05722054019570351,0.0015999879668683042,body,world,0.05717480070888996,0.07454901337623596,0.2653435524642992,body,world,0.06586190704256296,0.05629687020555139,-0.15692129031037416,body,world
stiff_low,neither,90078,False,False,,1.0,0.0,,0.0,63,world,settled,True,0.06524860858917236,0.05984070412814617,0.05325915962457657,-0.11651629891800466,body,world,0.05654993187636137,0.06453706007450818,0.1321156356960467,body,world,0.06054349597543478,0.06075215209275484,0.0034404585236286014,body,world
stiff_low,neither,90079,False,False,,1.0,0.0,,0.0,64,world,settled,True,0.06920413672924042,0.06695716232061386,0.06903152614831924,0.030510254391384703,body,world,0.06799434423446656,0.05815792270004749,-0.156262413093895,body,world,0.06307613346725702,0.06450052633881569,0.022330919543762,body,world
stiff_low,neither,90080,False,False,,1.0,0.0,,0.0,78,world,settled,True,0.060545165091753006,0.06594081968069077,0.0526709083467722,-0.22469438892569107,body,world,0.05930586401373148,0.07451893463730812,0.22834506093738005,body,world,0.0669123993255198,0.059505162108689544,-0.11732122423171215,body,world
stiff_low,neither,90081,False,False,,1.0,0.0,,0.0,79,world,settled,True,0.07334643602371216,0.07767070904374122,0.05684145577251911,-0.3122122966543004,body,world,0.06725608240813016,0.08083133809268475,0.1838572788926909,body,body,0.07404371025040746,0.07421669857576489,0.0023335751631707235,body,world
stiff_low,neither,90082,False,False,,1.0,0.0,,0.0,76,world,settled,True,0.053335241973400116,0.08336773961782455,0.07786552608013153,-0.06827810516326699,body,world,0.08061663284897805,0.06565261110663415,-0.20532761801546634,body,world,0.0731346219778061,0.06024396130815148,-0.1938995394011857,body,world
stiff_low,neither,90083,False,False,,1.0,0.0,,0.0,74,world,settled,True,0.05844155699014664,0.05506898686289787,0.0626595601439476,0.1291295599277998,body,world,0.058864273503422736,0.06129844672977924,0.04052015907896815,body,world,0.06008136011660099,0.05841941339895129,-0.028051389815673018,body,world
stiff_low,neither,90084,False,False,,1.0,0.0,,0.0,73,world,settled,True,0.05739164352416992,0.05647415369749069,0.06299672946333885,0.10929973495807031,body,world,0.05973544158041477,0.05966804660856724,-0.001128861141775073,body,world,0.059701744094491006,0.05880018332973123,-0.015216261532616238,body,world
stiff_low,neither,90085,False,False,,1.0,0.0,,0.0,72,world,settled,True,0.06454350054264069,0.07654327750205994,0.0653674803674221,-0.1578314071460456,body,world,0.07095537893474102,0.058192809112370014,-0.1982894214324909,body,world,0.06457409402355552,0.05683929696679115,-0.12758537453333021,body,world
stiff_low,neither,90086,False,False,,1.0,0.0,,0.0,63,world,settled,True,0.062352754175662994,0.06166269034147263,0.07645310685038567,0.2149985171519634,body,world,0.06905789859592915,0.05650291927158833,-0.20065295748582754,body,world,0.06278040893375873,0.06717982795089483,0.06772995801302405,body,world
stiff_low,neither,90087,False,False,,1.0,0.0,,0.0,66,world,settled,True,0.06417738646268845,0.057863441109657285,0.06421755403280258,0.10419082981172038,body,world,0.06104049757122994,0.06519956067204476,0.06591519224798183,body,world,0.06312002912163735,0.06686112433671951,0.057579559227205396,body,world
stiff_low,neither,90088,False,False,,1.0,0.0,,0.0,75,world,settled,True,0.06642381846904755,0.049953931197524074,0.06436023116111755,0.25339470915613643,body,world,0.057157081179320814,0.07096511013805866,0.21638506204017147,body,world,0.06406109565868974,0.0724978594109416,0.1237197883913057,body,world
stiff_low,neither,90089,False,False,,1.0,0.0,,0.0,62,world,settled,True,0.07414008677005768,0.07453602328896522,0.06591643542051315,-0.12289473278624378,body,world,0.07022622935473918,0.05225848238915205,-0.2955196587336037,body,world,0.06124235587194562,0.06509195391554386,0.060961906262838116,body,world
stiff_low,neither,90090,False,False,,1.0,0.0,,0.0,68,world,settled,True,0.06546137481927872,0.06003542244434357,0.04413948617875576,-0.30758000204834995,body,world,0.052087454311549666,0.06581383850425482,0.23390600823358643,body,world,0.05895064640790224,0.06858356390148401,0.15135232046988065,body,world
stiff_low,neither,90091,False,False,,1.0,0.0,,0.0,77,world,settled,True,0.064637191593647,0.08186084404587746,0.07788637168705463,-0.04976979053647365,body,world,0.07987360786646605,0.07021895330399275,-0.12882721896761223,body,world,0.0750462805852294,0.06390828099101782,-0.16065605173315237,body,world
stiff_low,neither,90092,False,False,,1.0,0.0,,0.0,68,world,settled,True,0.0716564878821373,0.06047791242599487,0.0691127523779869,0.13346104884591,body,world,0.0647953324019909,0.06965525764971972,0.07232461416171258,body,world,0.06722529502585531,0.07958166860044003,0.16873418158596265,body,body
stiff_low,neither,90093,False,False,,1.0,0.0,,0.0,64,world,settled,True,0.08236682415008545,0.0741966962814331,0.06629769802093506,-0.11256444873360712,body,world,0.07024719715118408,0.06836329959332943,-0.027184284236184127,body,world,0.06930524837225675,0.07945777224376797,0.13670507638062437,body,body
stiff_low,neither,90094,False,False,,1.0,0.0,,0.0,69,world,settled,True,0.059883952140808105,0.05508586168289185,0.06446272656321525,0.15719408456615572,body,world,0.05977429412305355,0.06510338410735131,0.08540082670376813,body,world,0.06243883911520243,0.06097553437575698,-0.023714795555677144,body,world
stiff_low,neither,90095,False,False,,1.0,0.0,,0.0,61,world,settled,True,0.05879657343029976,0.04980878718197346,0.04581198245286942,-0.0836457353918239,body,world,0.047810384817421434,0.05470290444791317,0.13467393429094238,body,world,0.051256644632667304,0.05959022375755012,0.15064626871955053,body,world
stiff_low,neither,90096,False,False,,1.0,0.0,,0.0,62,world,settled,True,0.06518026441335678,0.06117844060063362,0.08747769445180893,0.3575889906285803,body,body,0.07432806752622127,0.05254411306232214,-0.3468355742359782,world,world,0.0634360902942717,0.06642601722851396,0.04605585844238902,body,world
stiff_low,neither,90097,False,False,,1.0,0.0,,0.0,61,world,settled,True,0.0684485211968422,0.06314566284418106,0.06596863269805908,0.043735200683875056,body,world,0.06455714777112007,0.05983164794743061,-0.07601609262619337,body,world,0.062194397859275344,0.06378777641803027,0.025296650682971576,body,world
stiff_low,neither,90098,False,False,,1.0,0.0,,0.0,70,world,settled,True,0.05873565748333931,0.05050710588693619,0.0564648475497961,0.11150424025088183,body,world,0.05348597671836615,0.0720033397898078,0.2972930017803417,body,world,0.06274465825408697,0.0502677739597857,-0.2217092519226151,world,world
stiff_low,neither,90099,False,False,,1.0,0.0,,0.0,79,world,settled,True,0.07453688234090805,0.06649232432246208,0.05726511403918266,-0.14939490900088942,body,world,0.06187871918082237,0.07571675702929496,0.20182316991240754,body,world,0.06879773810505867,0.07306943759322167,0.06023932093268034,body,world
stiff_low,neither,90100,False,False,,1.0,0.0,,0.0,62,world,settled,True,0.0595865361392498,0.053883157297968866,0.08021967932581901,0.39795091437403374,body,world,0.06705141831189394,0.05869484469294548,-0.1331078642268011,body,world,0.06287313150241972,0.058834205660969016,-0.06639549562902759,body,world
stiff_low,neither,90101,False,False,,1.0,0.0,,0.0,62,world,settled,True,0.06577323377132416,0.0628883957862854,0.055336694419384005,-0.1279254196194353,body,world,0.0591125451028347,0.05865272507071495,-0.007809133680758349,body,world,0.058882635086774826,0.07119926381856204,0.18993625180652515,body,world
stiff_low,neither,90102,False,False,,1.0,0.0,,0.0,63,world,settled,True,0.07022251933813095,0.0860889233648777,0.08046927601099015,-0.06750530755385924,body,world,0.08327909968793393,0.07658712156116962,-0.08376867680614161,body,world,0.07993311062455177,0.07331562414765358,-0.08641642811435489,body,world
stiff_low,neither,90103,False,False,,1.0,0.0,,0.0,62,world,settled,True,0.06433017551898956,0.05738612934947014,0.06688721776008606,0.15320525884753597,body,world,0.0621366735547781,0.07174075357615947,0.14372260524933897,body,world,0.0669387135654688,0.0598594025708735,-0.11177895593827654,body,world
stiff_low,neither,90104,False,False,,1.0,0.0,,0.0,72,world,settled,True,0.06074477359652519,0.06573614552617073,0.08277501314878463,0.23047730785940024,body,body,0.07425557933747769,0.07333509996533394,-0.012473569621584076,body,world,0.0737953396514058,0.0615153668448329,-0.18200857026108022,body,world
stiff_low,neither,90105,False,False,,1.0,0.0,,0.0,74,world,settled,True,0.0699876993894577,0.06476416140794754,0.08480257466435433,0.26957351827553444,body,body,0.07478336803615093,0.0791191017255187,0.056358826133914845,body,world,0.07695123488083482,0.0758480596356094,-0.014439784123310723,body,world
stiff_low,neither,90106,False,False,,1.0,0.0,,0.0,79,world,settled,True,0.06020514294505119,0.07223031893372536,0.04653733670711517,-0.43960495723546583,body,world,0.05938382782042027,0.05374953132122755,-0.09968698301924124,body,world,0.05656667957082391,0.06259434334933758,0.10125480049647165,body,world
stiff_low,neither,90107,False,False,,1.0,0.0,,0.0,79,world,settled,True,0.06155819818377495,0.05713062882423401,0.06977734044194221,0.19996894198411097,body,world,0.06345398463308811,0.05197983607649803,-0.1994591161440273,body,world,0.05771691035479307,0.06355764847248793,0.09639713969630592,body,world
stiff_low,neither,90108,False,False,,1.0,0.0,,0.0,64,world,settled,True,0.05041520670056343,0.05893348604440689,0.05189849212765694,-0.12711971645055456,body,world,0.05541598908603192,0.04943470824509859,-0.11421539023068493,body,world,0.05242534866556525,0.04928041365928948,-0.06186351426550911,body,world
stiff_low,neither,90109,False,False,,1.0,0.0,,0.0,66,world,settled,True,0.07055050134658813,0.05895492658019066,0.07765180990099907,0.275461662096744,body,world,0.06830336824059487,0.06583058871328831,-0.03687447636991027,body,world,0.06706697847694158,0.07045860718935729,0.0493336065176027,body,world
stiff_low,neither,90110,False,False,,1.0,0.0,,0.0,60,world,settled,True,0.06421565264463425,0.06492569968104363,0.06581425070762634,0.013592856736583859,body,world,0.06536997519433499,0.060370130091905595,-0.07956861044315643,body,world,0.06287005264312029,0.06927654379978776,0.0970364358657699,body,world
stiff_low,neither,90111,False,False,,1.0,0.0,,0.0,76,world,settled,True,0.06622526794672012,0.06694852896034717,0.07661422602832317,0.13485867820553993,body,world,0.07178137749433518,0.05534319318830967,-0.26007140207411233,body,world,0.06356228534132242,0.06989833125844598,0.09502147900965971,body,world
stiff_low,neither,90112,False,False,,1.0,0.0,,0.0,69,world,settled,True,0.0753781870007515,0.07051498368382454,0.08093351647257804,0.1378028115971284,body,world,0.0757242500782013,0.07273342795670032,-0.040297367945236716,body,world,0.07422883901745081,0.07929490953683853,0.06602119344106533,body,body
stiff_low,neither,90113,False,False,,1.0,0.0,,0.0,60,world,settled,True,0.06850920617580414,0.0750741958618164,0.07471513748168945,-0.00479418740754694,body,world,0.07489466667175293,0.07066436856985092,-0.0581412167661505,body,world,0.07277951762080193,0.059001208376139404,-0.20987663960580644,body,world
stiff_low,neither,90114,False,False,,1.0,0.0,,0.0,65,world,settled,True,0.06031133979558945,0.061617033928632735,0.05108464099466801,-0.18745447271786322,body,world,0.05635083746165037,0.06491132862865925,0.14142506145668252,body,world,0.06063108304515481,0.06513723619282245,0.07168868710929774,body,world
stiff_low,neither,90115,False,False,,1.0,0.0,,0.0,77,world,settled,True,0.06549415737390518,0.06256620660424232,0.06467784643173217,0.03319343667571621,body,world,0.06362202651798725,0.07331182658672333,0.14176220156642994,body,world,0.06846692655235528,0.07383896689862013,0.07553579439837142,body,world
stiff_low,neither,90116,False,False,,1.0,0.0,,0.0,75,world,settled,True,0.06553643196821213,0.0738160576671362,0.08484110832214356,0.13920390178155365,body,body,0.07932858299463988,0.06964377611875534,-0.13020516814488103,body,world,0.0744861795566976,0.07062576441094279,-0.05321858594465663,body,world
stiff_low,neither,90117,False,False,,1.0,0.0,,0.0,79,world,settled,True,0.05410928279161453,0.0683452881872654,0.04832468293607235,-0.34663016025210497,body,world,0.05833498556166887,0.06053856648504734,0.0370786157379938,body,world,0.059436776023358104,0.05301958271302283,-0.11425182930149558,body,world
stiff_low,neither,90118,False,False,,1.0,0.0,,0.0,68,body,settled,True,0.08499421179294586,0.06288489550352097,0.056884782016277315,-0.1002781458129335,body,world,0.05988483875989914,0.09038583636283874,0.41166421382050383,body,body,0.07513533756136895,0.08212762344628573,0.0889834326470489,body,body
stiff_low,neither,90119,False,False,,1.0,0.0,,0.0,69,world,decayed,False,nan,0.13111465871334077,0.1372357726097107,0.04562821687315475,body,body,0.13417521566152574,0.12674696147441863,-0.056953855781333884,body,body,0.13046108856797217,0.04154143102932721,-1.1443837431230184,world,world
stiff_low,body_only,90120,True,False,m,1.5891995503048728,0.0,,0.0,74,alarm,persistent,False,nan,0.0512471804395318,0.11189840510487556,0.7809307616644199,body,body,0.08157279277220368,0.09725640127435327,0.17585501874150328,body,body,0.08941459702327847,0.12516164500266314,0.33632211539589335,body,body
stiff_low,body_only,90121,True,False,l,1.4812383451425903,0.0,,0.0,60,alarm,persistent,False,nan,0.042177324555814265,0.12285630665719509,1.0691326900640805,body,body,0.08251681560650467,0.13038722276687623,0.4575065616707002,body,body,0.10645201918669045,0.17748432643711567,0.5111879436895259,body,body
stiff_low,body_only,90122,True,False,m,1.577333311441059,0.0,,0.0,60,alarm,persistent,False,nan,0.05807534083724022,0.10392826497554779,0.5819597537428214,body,body,0.081001802906394,0.10203049406409263,0.23080031748852528,body,body,0.09151614848524332,0.17549243979156018,0.6510805209801189,body,body
stiff_low,body_only,90123,True,False,l,1.2659873041674827,0.0,,0.0,78,body,settled,True,0.11138252168893814,0.10360990017652512,0.13198655247688293,0.2420671554124745,body,body,0.11779822632670403,0.0978868555277586,-0.18516093820468066,body,body,0.1078425409272313,0.11438150806352496,0.05886721418164351,body,body
stiff_low,body_only,90124,True,False,m,1.4143549642821072,0.0,,0.0,79,world,decayed,False,nan,0.09364592805504798,0.1554171100258827,0.5065915875131503,body,body,0.12453151904046536,0.1415826067328453,0.1283244910597668,body,body,0.13305706288665534,0.18582017943263054,0.3340013483695901,body,body
stiff_low,body_only,90125,True,False,l,1.4086180240535773,0.0,,0.0,63,alarm,persistent,False,nan,0.12186108604073524,0.14457469284534455,0.1709145225259812,body,body,0.1332178894430399,0.1252411361783743,-0.0617450857902975,body,body,0.1292295128107071,0.1707158602774143,0.2784105460596996,body,body
stiff_low,body_only,90126,True,False,m,1.6448408546174003,0.0,,0.0,68,world,decayed,False,nan,0.09443233758211136,0.0801738416776061,-0.16368627557533227,body,world,0.08730308962985873,0.15220705643296242,0.5558559540816779,body,body,0.11975507303141057,0.24087391346693038,0.6988250170359671,body,body
stiff_low,body_only,90127,True,False,l,1.4986137896780058,0.0,,0.0,61,alarm,persistent,False,nan,0.11136672496795655,0.13247857466340066,0.17359234749573096,body,body,0.1219226498156786,0.13300086371600628,0.08696879655134046,body,body,0.12746175676584243,0.16744770780205726,0.2728547376256267,body,body
stiff_low,body_only,90128,True,False,m,1.416558817025714,0.0,,0.0,64,world,decayed,False,nan,0.08573336750268937,0.0776990819722414,-0.09839865997445915,body,world,0.08171622473746538,0.1097061388194561,0.29455275443585105,body,body,0.09571118177846075,0.1604492336511612,0.5166424576738116,body,body
stiff_low,body_only,90129,True,False,l,1.38378853736242,0.0,,0.0,68,world,decayed,False,nan,0.10566545315086842,0.09806156270205975,-0.07468252848793909,body,body,0.10186350792646408,0.18094343990087508,0.5745507361279827,body,body,0.1414034739136696,0.17026871033012866,0.1857605169903587,body,body
stiff_low,body_only,90130,True,False,m,1.4756383192437175,0.0,,0.0,71,world,decayed,False,nan,0.15605369955301285,0.16935587972402572,0.08180212210286353,body,body,0.16270478963851928,0.19766364842653275,0.19462938861172321,body,body,0.18018421903252602,0.2067883439362049,0.1377160104978299,body,body
stiff_low,body_only,90131,True,False,l,1.3606013397692742,0.0,,0.0,80,world,decayed,False,nan,0.13754694908857346,0.0828131191432476,-0.5073788141440936,world,world,0.11018003411591053,0.14195662438869477,0.2534058472042969,body,body,0.12606832925230266,0.1411743689328432,0.11317172982779401,body,body
stiff_low,body_only,90132,True,False,m,1.3052923183294922,0.0,,0.0,64,world,decayed,False,nan,0.08637975230813026,0.09389804378151893,0.08345625293890857,body,body,0.0901388980448246,0.10866374522447586,0.18690641564192503,body,body,0.09940132163465024,0.1129703426733613,0.12795992034978584,body,body
stiff_low,body_only,90133,True,False,l,1.3207448067237653,0.0,,0.0,67,world,decayed,False,nan,0.08598393574357033,0.07609131038188935,-0.1222264136127219,body,world,0.08103762306272984,0.0958568338304758,0.16794223499616012,body,body,0.08844722844660283,0.13848440423607827,0.44835162906924003,body,body
stiff_low,body_only,90134,True,False,m,1.4561368550822151,0.0,,0.0,64,world,decayed,False,nan,0.06099833026528358,0.07982626147568225,0.26900605039270015,body,world,0.07041229587048292,0.10466271378099919,0.39637502493902715,body,body,0.08753750482574105,0.13298245472833514,0.4181498720744722,body,body
stiff_low,body_only,90135,True,False,l,1.4036352699808552,0.0,,0.0,79,world,decayed,False,nan,0.13628984987735748,0.09869667515158653,-0.32273260748002486,body,body,0.11749326251447201,0.1295209065079689,0.09746131668766946,body,body,0.12350708451122046,0.13909736704081296,0.1188756513293989,body,body
stiff_low,body_only,90136,True,False,m,1.3752498406372067,0.0,,0.0,68,world,decayed,False,nan,0.08970715031027794,0.11310384720563889,0.2317559190167415,body,body,0.10140549875795841,0.12016143016517163,0.1697087720495163,body,body,0.11078346446156502,0.14732844829559327,0.2850869110305314,body,body
stiff_low,body_only,90137,True,False,l,1.3180944856558197,0.0,,0.0,66,world,decayed,False,nan,0.06741373091936112,0.07281367778778076,0.07705509924660177,body,world,0.07011370435357094,0.10348015911877155,0.389261622861886,body,body,0.08679693173617124,0.12204088130965829,0.3407848089244491,body,body
stiff_low,body_only,90138,True,False,m,1.3737292058898571,0.0,,0.0,76,body,settled,True,0.11994266510009766,0.061202232539653775,0.07786615416407586,0.24080771220830074,body,world,0.06953419335186481,0.09944372326135635,0.3577732665345702,body,body,0.08448895830661059,0.10157076884061098,0.1841349305894632,body,body
stiff_low,body_only,90139,True,False,l,1.2231365368057392,0.0,,0.0,78,world,settled,True,0.0717732161283493,0.07109393030405045,0.06473464295268058,-0.09370546675363617,body,world,0.06791428662836552,0.07184471068903804,0.05626057446619047,body,world,0.06987949865870177,0.0652239435352385,-0.06894567726779428,body,world
stiff_low,body_only,90140,True,False,m,1.5903123576273737,0.0,,0.0,77,world,decayed,False,nan,0.10182250291109085,0.1276737079024315,0.2262467223787987,body,body,0.11474810540676117,0.12498082295060157,0.08542097094972241,body,body,0.11986446417868138,0.1773749753832817,0.3919043574188187,body,body
stiff_low,body_only,90141,True,False,l,1.3983126255738383,0.0,,0.0,68,world,decayed,False,nan,0.0562991239130497,0.09232944548130036,0.49468413595450295,body,body,0.07431428469717502,0.10241895467042923,0.3207686094065216,body,body,0.08836661968380213,0.11984783858060837,0.3047286334006666,body,body
stiff_low,body_only,90142,True,False,m,1.5588960124158446,0.0,,0.0,77,world,decayed,False,nan,0.10893836840987206,0.1493086814880371,0.31523355591620067,body,body,0.12912352494895457,0.17856061086058617,0.32415859628577676,body,body,0.15384206790477037,0.23650422617793082,0.4300395343375864,body,body
stiff_low,body_only,90143,True,False,l,1.3381767659159343,0.0,,0.0,76,world,decayed,False,nan,0.08704745993018151,0.06827711276710033,-0.2428788745131063,body,world,0.07766228634864092,0.10426841899752617,0.29459876174150856,body,body,0.09096535267308355,0.12982073416933418,0.35567583671534203,body,body
stiff_low,body_only,90144,True,False,m,1.4340779419258376,0.0,,0.0,78,world,decayed,False,nan,0.058258884400129315,0.12067295461893082,0.7281874291954529,body,body,0.08946591950953006,0.10053149349987507,0.11661328140776084,body,body,0.09499870650470257,0.11652441984042525,0.2042375876364454,body,body
stiff_low,body_only,90145,True,False,l,1.3732457116762027,0.0,,0.0,79,world,decayed,False,nan,0.07331394404172897,0.08386155962944031,0.13441651628992055,body,body,0.07858775183558464,0.09167026467621327,0.1539822010126541,body,body,0.08512900825589895,0.10988415647298097,0.25525883782815406,body,body
stiff_low,body_only,90146,True,False,m,1.4659264726975494,0.0,,0.0,73,world,decayed,False,nan,0.137960784137249,0.1650834083557129,0.1794813795080703,body,body,0.15152209624648094,0.19432950466871263,0.24882373182896428,body,body,0.17292580045759678,0.21022131592035292,0.1952982576999782,body,body
stiff_low,body_only,90147,True,False,l,1.3697174281168265,0.0,,0.0,61,world,decayed,False,nan,0.14558599442243575,0.08559734970331193,-0.5311126177237484,world,world,0.11559167206287384,0.1380852997303009,0.1778076955265237,body,body,0.12683848589658736,0.16641326267272233,0.2715597162870804,body,body
stiff_low,body_only,90148,True,False,m,1.3038571531689942,0.0,,0.0,77,world,decayed,False,nan,0.11772194504737854,0.11104948222637176,-0.05834955808492077,body,body,0.11438571363687515,0.13736555203795434,0.18306944503383799,body,body,0.12587563283741474,0.18243760839104653,0.3711138642083088,body,body
stiff_low,body_only,90149,True,False,l,1.2823864181574816,0.0,,0.0,69,world,decayed,False,nan,0.10863342657685279,0.10688119828701019,-0.016261234264355277,body,body,0.1077573124319315,0.09552273228764534,-0.12051733789206293,body,body,0.10164002235978842,0.11050043450668454,0.08358207469528034,body,body
stiff_low,body_only,90150,True,False,m,1.371260065573264,0.0,,0.0,77,world,decayed,False,nan,0.12213131785392761,0.13244371265172958,0.08106090328525525,body,body,0.1272875152528286,0.14997882321476935,0.1640456782338981,body,body,0.13863316923379898,0.16333700604736806,0.16398421380264028,body,body
stiff_low,body_only,90151,True,False,l,1.2751118713228489,0.0,,0.0,67,world,decayed,False,nan,0.0792568102478981,0.14335193932056428,0.5926093780155312,body,body,0.11130437478423119,0.13142917938530446,0.1661995829883189,body,body,0.12136677708476781,0.16982792504131794,0.335968542482659,body,body
stiff_low,body_only,90152,True,False,m,1.3717293620024857,0.0,,0.0,77,body,settled,True,0.12306024134159088,0.0717596784234047,0.08483215719461441,0.16735194665442363,body,body,0.07829591780900955,0.08622113279998303,0.09641984133945743,body,body,0.08225852530449629,0.10398475676774979,0.23437728346556921,body,body
stiff_low,body_only,90153,True,False,l,1.3777582765834164,0.0,,0.0,63,world,decayed,False,nan,0.10802012905478478,0.10138953030109406,-0.06334775553671339,body,body,0.10470482967793941,0.14392788633704184,0.31816713927132834,body,body,0.12431635800749063,0.15303229205310345,0.20781936740951396,body,body
stiff_low,body_only,90154,True,False,m,1.3240528558094946,0.0,,0.0,61,body,settled,True,0.10950231552124023,0.04680234119296074,0.05106400325894356,0.08714658461153729,body,world,0.04893317222595215,0.05760863292962313,0.16321689860006253,body,world,0.05327090257778764,0.0906532833352685,0.5316518922204063,body,body
stiff_low,body_only,90155,True,False,l,1.2616156540457863,0.0,,0.0,75,world,decayed,False,nan,0.07856728434562683,0.08850541058927774,0.11910830365899541,body,body,0.08353634746745228,0.09307189993560314,0.10809047588584395,body,body,0.08830412370152771,0.11465040668845176,0.2611007489588114,body,body
stiff_low,body_only,90156,True,False,m,1.53054519222226,0.0,,0.0,80,alarm,persistent,False,nan,0.0807199202477932,0.09067408218979836,0.11628617510705667,body,body,0.08569700121879578,0.15909880213439465,0.6187075729258172,body,body,0.12239790167659521,0.23108627945184707,0.6355139181408351,body,body
stiff_low,body_only,90157,True,False,l,1.488929027680533,0.0,,0.0,67,alarm,persistent,False,nan,0.13205526620149613,0.13400055095553398,0.014623393243297509,body,body,0.13302790857851504,0.13705472759902476,0.029821372441498798,body,body,0.1350413180887699,0.16849557012319566,0.2213286678483095,body,body
stiff_low,body_only,90158,True,False,m,1.4010988441285952,0.0,,0.0,76,world,decayed,False,nan,0.09498931989073753,0.08705057874321938,-0.08727514848583807,body,body,0.09101994931697846,0.1353909306228161,0.3970876703740992,body,body,0.11320543996989726,0.1256972225382924,0.10467179851018281,body,body
stiff_low,body_only,90159,True,False,l,1.3983826888544335,0.0,,0.0,76,world,decayed,False,nan,0.0734649671241641,0.03812385573983192,-0.6559684337287209,world,world,0.055794411431998016,0.11416353061795234,0.7159581887939147,body,body,0.08497897102497518,0.1252419702708721,0.3878438021202832,body,body
stiff_low,body_only,90160,True,False,m,1.6346395142175347,0.0,,0.0,78,world,decayed,False,nan,0.06750795878469944,0.1133643589913845,0.518361548434783,body,body,0.09043615888804198,0.10978772230446339,0.19390452897856164,body,body,0.10011194059625268,0.1657779347151518,0.5043601842172701,body,body
stiff_low,body_only,90161,True,False,l,1.4627355647267428,0.0,,0.0,75,alarm,persistent,False,nan,0.0933381050825119,0.07405734732747078,-0.2313886821188642,body,world,0.08369772620499134,0.12656598463654517,0.41355197873579586,body,body,0.10513185542076826,0.161271645501256,0.4278748540787243,body,body
stiff_low,body_only,90162,True,False,m,1.3110427449584228,0.0,,0.0,70,body,settled,True,0.1092672199010849,0.10245684310793876,0.10318469107151032,0.007078832647668153,body,body,0.10282076708972454,0.07402460761368275,-0.3285897738637773,world,world,0.08842268735170364,0.10140681527554989,0.1370117197227673,body,body
stiff_low,body_only,90163,True,False,l,1.4308898612160117,0.0,,0.0,78,alarm,persistent,False,nan,0.15750783830881118,0.10508867949247361,-0.40467066376059674,body,body,0.1312982589006424,0.15150029361248016,0.14311604223019736,body,body,0.1413992762565613,0.17074005901813508,0.1885546422054584,body,body
stiff_low,body_only,90164,True,False,m,1.439856144676443,0.0,,0.0,68,world,decayed,False,nan,0.08893863335251809,0.06578505709767342,-0.30155390225466094,body,world,0.07736184522509575,0.10603809393942357,0.315304703033777,body,body,0.09169996958225965,0.1094152357429266,0.17662809912685243,body,body
stiff_low,body_only,90165,True,False,l,1.2997648895781109,0.0,,0.0,62,body,settled,True,0.10060310363769531,0.06197727341204882,0.08296318426728248,0.29162918637246843,body,body,0.07247022883966565,0.07426786981523037,0.02450257880637742,body,world,0.073369049327448,0.09341392200440168,0.24153821658579241,body,body
stiff_low,body_only,90166,True,False,m,1.679679815459025,0.0,,0.0,64,world,decayed,False,nan,0.061071856692433354,0.07513557523488998,0.207243002000654,body,world,0.06810371596366167,0.1581050291657448,0.8422277757928208,body,body,0.11310437256470322,0.24089974723756313,0.7560698169538153,body,body
stiff_low,body_only,90167,True,False,l,1.3590101711106688,0.0,,0.0,72,world,decayed,False,nan,0.12475636899471283,0.15949532985687256,0.24565185450777105,body,body,0.1421258494257927,0.15519528202712535,0.08797127931377165,body,body,0.14866056572645903,0.15014011804014443,0.009903353549573205,body,body
stiff_low,body_only,90168,True,False,m,1.6457533914678304,0.0,,0.0,77,world,decayed,False,nan,0.11074581220746041,0.12467979714274406,0.11851123268945941,body,body,0.11771280467510223,0.12557473368942737,0.0646532697731732,body,body,0.1216437691822648,0.23916758298873902,0.6760676415692395,body,body
stiff_low,body_only,90169,True,False,l,1.372684860076075,0.0,,0.0,63,world,decayed,False,nan,0.15984784290194512,0.1433241620659828,-0.10911344851468188,body,body,0.15158600248396398,0.18137019872665405,0.17938710228077806,body,body,0.16647810060530902,0.14664920940995216,-0.12682036846427916,body,body
stiff_low,body_only,90170,True,False,m,1.5110806219967274,0.0,,0.0,77,alarm,persistent,False,nan,0.11069207563996315,0.08394109979271888,-0.2766368931020807,body,body,0.09731658771634102,0.1508886106312275,0.4385724318690729,body,body,0.12410259917378426,0.20997380316257477,0.525874139911386,body,body
stiff_low,body_only,90171,True,False,l,1.3393346079674444,0.0,,0.0,80,body,settled,True,0.10667022317647934,0.08077883943915368,0.09162501022219657,0.12598922867331366,body,body,0.08620192483067513,0.10123923420906067,0.16079386429138226,body,body,0.0937205795198679,0.10107964538037777,0.07559097706286508,body,body
stiff_low,body_only,90172,True,False,m,1.5992541406103382,0.0,,0.0,69,alarm,persistent,False,nan,0.09152713231742382,0.13289166688919068,0.37289880525540653,body,body,0.11220939960330725,0.17894015908241273,0.4666846781354387,body,body,0.14557477934285998,0.23926694169640542,0.49688993755481126,body,body
stiff_low,body_only,90173,True,False,l,1.2909310796297793,0.0,,0.0,74,body,settled,True,0.12149019539356232,0.13006401658058167,0.105550966411829,-0.2088328342695928,body,body,0.11780749149620533,0.12229763716459274,0.037405858271744655,body,body,0.12005256433039904,0.09763217009603978,-0.20672263221008919,body,body
stiff_low,body_only,90174,True,False,m,1.4992846063269814,0.0,,0.0,60,alarm,persistent,False,nan,0.09366201907396317,0.08777075633406639,-0.06496438721266422,body,body,0.09071638770401477,0.11473959684371948,0.2349271644076164,body,body,0.10272799227386713,0.19670273028314114,0.6496089624223369,body,body
stiff_low,body_only,90175,True,False,l,1.375063495490151,0.0,,0.0,67,body,settled,True,0.10662546008825302,0.07274817079305648,0.06893577054142952,-0.053828552639413184,body,world,0.070841970667243,0.08056747131049632,0.1286433552018263,body,body,0.07570472098886967,0.09748061737045646,0.2528130390918878,body,body
stiff_low,body_only,90176,True,False,m,1.3570155774731387,0.0,,0.0,71,world,decayed,False,nan,0.08791225701570511,0.10837643146514893,0.2092714057608375,body,body,0.09814434424042702,0.12642645388841628,0.25322145147794417,body,body,0.11228539906442166,0.1834045059978962,0.49065029270097926,body,body
stiff_low,body_only,90177,True,False,l,1.2641200458110455,0.0,,0.0,62,world,settled,True,0.0827837735414505,0.11154137402772904,0.10574866160750389,-0.05333042793243443,body,body,0.10864501781761646,0.10314012914896012,-0.05199730952043278,body,body,0.10589257348328829,0.08372556092217565,-0.23488080427582606,world,world
stiff_low,body_only,90178,True,False,m,1.5240608064758356,0.0,,0.0,68,alarm,persistent,False,nan,0.07703192308545112,0.07469871006906033,-0.030757097624317352,body,world,0.07586531657725573,0.0753753710538149,-0.0064790400655181735,body,world,0.07562034381553531,0.12080673929303884,0.46846672772005166,body,body
stiff_low,body_only,90179,True,False,l,1.4207768660969622,0.0,,0.0,63,alarm,persistent,False,nan,0.11116797775030136,0.13108685687184335,0.16481776257641484,body,body,0.12112741731107235,0.15763102769851683,0.263414007133471,body,body,0.1393792225047946,0.1839639998972416,0.2775416479801154,body,body
stiff_low,body_only,90180,True,False,m,1.6834084531201725,0.0,,0.0,70,world,decayed,False,nan,0.09851707443594933,0.15372830182313918,0.4449568926907791,body,body,0.12612268812954425,0.21175719648599625,0.5181851702088028,body,body,0.16893994230777026,0.24200220443308354,0.35940355453890466,body,body
stiff_low,body_only,90181,True,False,l,1.3164236438723707,0.0,,0.0,75,body,settled,True,0.12489297240972519,0.11396094560623168,0.08427865719422697,-0.30172715116329923,body,body,0.09911980140022933,0.09656265079975128,-0.02613720491811477,body,body,0.09784122609999031,0.11301213707774878,0.14414919772754786,body,body
stiff_low,body_only,90182,True,False,m,1.3450601064988406,0.0,,0.0,60,world,decayed,False,nan,0.11655251905322075,0.11592884287238121,-0.005365399375216355,body,body,0.11624068096280098,0.11388951502740383,-0.020434065470556984,body,body,0.11506509799510241,0.1596970610320568,0.32778061426729005,body,body
stiff_low,body_only,90183,True,False,l,1.3429357517410216,0.0,,0.0,67,world,decayed,False,nan,0.07792285978794097,0.06281046234071255,-0.21559770287108038,body,world,0.07036666106432676,0.10037886891514063,0.3552321295634504,body,body,0.0853727649897337,0.12472957149147987,0.379120826838583,body,body
stiff_low,body_only,90184,True,False,m,1.6568892806087865,0.0,,0.0,73,world,decayed,False,nan,0.09367584139108658,0.060277529805898664,-0.440880932412548,body,world,0.07697668559849262,0.1141226764768362,0.39377138767964376,body,body,0.09554968103766441,0.18430306278169156,0.6569351504863532,body,body
stiff_low,body_only,90185,True,False,l,1.43334245437914,0.0,,0.0,67,alarm,persistent,False,nan,0.08927676528692245,0.09406146705150605,0.05220720649929039,body,body,0.09166911616921425,0.1144104827195406,0.2216071764241307,body,body,0.10303979944437743,0.13319224156439305,0.25667819392826835,body,body
stiff_low,body_only,90186,True,False,m,1.6331529059433587,0.0,,0.0,70,alarm,persistent,False,nan,0.17475120425224305,0.16159906685352327,-0.07824490072720211,body,body,0.16817513555288316,0.1942798137664795,0.1442935489598686,body,body,0.1812274746596813,0.24097514823079108,0.2849408005271992,body,body
stiff_low,body_only,90187,True,False,l,1.3141636302230804,0.0,,0.0,65,body,settled,True,0.10746697336435318,0.0780354842543602,0.09112163744866848,0.15503163964192077,body,body,0.08457856085151434,0.08664873912930489,0.024181648083741573,body,body,0.08561364999040962,0.1057422874495387,0.2111601504077819,body,body
stiff_low,body_only,90188,True,False,m,1.68271261290117,0.0,,0.0,72,world,decayed,False,nan,0.07860586568713188,0.13945606499910354,0.5733032816990046,body,body,0.10903096534311771,0.2055626317858696,0.6341188374467447,body,body,0.15729679856449366,0.2531020499765873,0.47565830955302935,body,body
stiff_low,body_only,90189,True,False,l,1.2673551846296478,0.0,,0.0,69,world,decayed,False,nan,0.0880414068698883,0.08258325085043908,-0.06400035066711339,body,body,0.08531232886016368,0.12749370150268077,0.401747984056732,body,body,0.10640301518142223,0.12672887733206153,0.17481606563888089,body,body
stiff_low,body_only,90190,True,False,m,1.4616304439624153,0.0,,0.0,61,world,decayed,False,nan,0.03306468091905117,0.06663179621100426,0.7007162132348476,body,world,0.049848238565027715,0.06881732437759638,0.3224723599749268,body,world,0.059332781471312046,0.10799376601353287,0.5989115428258996,body,body
stiff_low,body_only,90191,True,False,l,1.3598610545526153,0.0,,0.0,75,world,decayed,False,nan,0.0904826931655407,0.08330610394477844,-0.0826367735419179,body,body,0.08689439855515957,0.10493633914738894,0.1886603007725939,body,body,0.09591536885127425,0.08663562517613173,-0.10175512104242837,body,body
stiff_low,body_only,90192,True,False,m,1.6394540644586693,0.0,,0.0,73,world,decayed,False,nan,0.10603136494755745,0.12236960381269454,0.143311058299178,body,body,0.114200484380126,0.13550568297505378,0.1710580414954229,body,body,0.12485308367758989,0.20414701625704765,0.4917026867341293,body,body
stiff_low,body_only,90193,True,False,l,1.2806965176607972,0.0,,0.0,79,body,settled,True,0.11786942183971405,0.09311639964580536,0.1060114786028862,0.12969705731752157,body,body,0.09956393912434577,0.10701384395360947,0.07215816678907663,body,body,0.10328889153897762,0.12491741022095085,0.1901229662809413,body,body
stiff_low,body_only,90194,True,False,m,1.3882151295384004,0.0,,0.0,72,world,decayed,False,nan,0.0817135140299797,0.09112307876348495,0.10899170798744257,body,body,0.08641829639673233,0.10589823052287102,0.20327912628186912,body,body,0.09615826345980168,0.12140162363648414,0.23310884104529858,body,body
stiff_low,body_only,90195,True,False,l,1.4070168029723402,0.0,,0.0,68,world,decayed,False,nan,0.08587617762386798,0.1469438388943672,0.537144001760736,body,body,0.1164100082591176,0.13152409195899964,0.12207153044214908,body,body,0.12396705010905862,0.18036085665225982,0.37494379785449883,body,body
stiff_low,body_only,90196,True,False,m,1.4747105385822876,0.0,,0.0,78,world,decayed,False,nan,0.06498204190284014,0.05997115522623062,-0.08024725290878729,body,world,0.06247659856453538,0.07235244251787662,0.14675714859600877,body,world,0.067414520541206,0.09013335034251213,0.29042981120039574,body,body
stiff_low,body_only,90197,True,False,l,1.3111555143573217,0.0,,0.0,62,world,decayed,False,nan,0.09492952227592469,0.09163257852196693,-0.035347876330530215,body,body,0.09328105039894581,0.11242984049022198,0.18671240376530082,body,body,0.10285544544458389,0.15762512162327766,0.42689500568717575,body,body
stiff_low,body_only,90198,True,False,m,1.379640047296776,0.0,,0.0,79,world,decayed,False,nan,0.11862275078892708,0.12925770357251168,0.08585981765391378,body,body,0.12394022718071937,0.13451234810054302,0.08185659174504296,body,body,0.1292262876406312,0.1841823685914278,0.35436136504626653,body,body
stiff_low,body_only,90199,True,False,l,1.4868269255907973,0.0,,0.0,73,alarm,persistent,False,nan,0.10673412568867206,0.10158301070332527,-0.049464631883419694,body,body,0.10415856819599867,0.09763331040740013,-0.06469570181871892,body,body,0.1008959393016994,0.12285987650975586,0.196954808835767,body,body
stiff_low,body_only,90200,True,False,m,1.568789452616487,0.0,,0.0,75,alarm,persistent,False,nan,0.11578521355986596,0.10534459613263607,-0.09450002300761434,body,body,0.110564904846251,0.14281088560819627,0.2559185540540835,body,body,0.12668789522722362,0.2103813834488392,0.5071954513326126,body,body
stiff_low,body_only,90201,True,False,l,1.237480856854104,0.0,,0.0,74,body,settled,True,0.08421862870454788,0.08153946623206139,0.08720827922224998,0.06721212033458689,body,body,0.08437387272715569,0.09419636391103267,0.11012379233406758,body,body,0.08928511831909418,0.07309513455256819,-0.20007302008046474,body,world
stiff_low,body_only,90202,True,False,m,1.589816924085751,0.0,,0.0,69,world,decayed,False,nan,0.08188925646245479,0.13173723965883255,0.47544152651682814,body,body,0.10681324806064367,0.172413183003664,0.47881185850002284,body,body,0.13961321553215383,0.24228323101997376,0.5512315649326779,body,body
stiff_low,body_only,90203,True,False,l,1.2163108575505985,0.0,,0.0,68,body,settled,True,0.1071663349866867,0.06755322441458703,0.08336974792182446,0.21036971179658087,body,body,0.07546148616820574,0.06312098428606987,-0.17856913882183534,body,world,0.0692912352271378,0.09114634562283755,0.2741479860174902,body,body
stiff_low,body_only,90204,True,False,m,1.577624770964431,0.0,,0.0,61,alarm,persistent,False,nan,0.08225191459059715,0.055130747333168986,-0.40007907872734116,body,world,0.06869133096188307,0.0865294523537159,0.23086184122880826,body,body,0.07761039165779948,0.16762400642037392,0.7700220828494568,body,body
stiff_low,body_only,90205,True,False,l,1.3675497082151145,0.0,,0.0,65,world,decayed,False,nan,0.12328563779592513,0.1288416489958763,0.04408020156843464,body,body,0.12606364339590073,0.15811750628054141,0.22655158150269503,body,body,0.14209057483822107,0.17563152238726615,0.21192347231236183,body,body
stiff_low,body_only,90206,True,False,m,1.5176465510618466,0.0,,0.0,74,alarm,persistent,False,nan,0.10738568305969239,0.13385787308216096,0.22035172008019452,body,body,0.12062177807092667,0.15172596871852875,0.22941620739142993,body,body,0.1361738733947277,0.21992316991090774,0.4793457076615814,body,body
stiff_low,body_only,90207,True,False,l,1.2488637580931352,0.0,,0.0,80,world,decayed,False,nan,0.0994960606098175,0.10781723968684673,0.08031951705250792,body,body,0.10365665014833211,0.13913103193044662,0.2943321683700153,body,body,0.12139384103938937,0.12010065522044897,-0.010709959854121301,body,body
stiff_low,body_only,90208,True,False,m,1.4834364114696996,0.0,,0.0,66,alarm,persistent,False,nan,0.08729653358459473,0.10967149212956429,0.22817870718822883,body,body,0.0984840128570795,0.1547915294766426,0.4521850115298457,body,body,0.12663777116686106,0.2037761401385069,0.4756912233885977,body,body
stiff_low,body_only,90209,True,False,l,1.263629522578016,0.0,,0.0,60,body,settled,True,0.11501955986022949,0.09662183225154877,0.07167976349592209,-0.298596253209426,body,world,0.08415079787373543,0.10907890489324927,0.2594611162871465,body,body,0.09661485138349235,0.11395643949508667,0.16508379524828978,body,body
stiff_low,body_only,90210,True,False,m,1.3346147837212192,0.0,,0.0,73,world,decayed,False,nan,0.05053950846195221,0.081158959120512,0.47365431365510996,body,world,0.06584923379123211,0.061577131226658824,-0.06707723716311331,body,world,0.06371318250894546,0.09752539582550526,0.42572132615973657,body,body
stiff_low,body_only,90211,True,False,l,1.30656153459059,0.0,,0.0,71,world,decayed,False,nan,0.08191673904657364,0.092689648270607,0.12355344325659101,body,body,0.08730319365859032,0.11762849949300289,0.2981443039828135,body,body,0.1024658465757966,0.1503910357132554,0.38370926785397586,body,body
stiff_low,body_only,90212,True,False,m,1.6930851814175538,0.0,,0.0,60,world,decayed,False,nan,0.1819564312696457,0.2253383219242096,0.21383565605625957,body,body,0.20364737659692764,0.2510443925857544,0.20923983429370543,body,body,0.22734588459134103,0.16377114779315888,-0.3280025654585635,world,world
stiff_low,body_only,90213,True,False,l,1.3559979569855254,0.0,,0.0,66,world,decayed,False,nan,0.04525685533881187,0.06591708585619926,0.37604351947416254,body,world,0.05558697059750557,0.10448273923248053,0.631073050930475,body,body,0.08003485491499304,0.11450335811823606,0.35814192488025,body,body
stiff_low,body_only,90214,True,False,m,1.3935857870234445,0.0,,0.0,60,world,decayed,False,nan,0.10095726400613785,0.1221156194806099,0.19027099796427155,body,body,0.11153644174337388,0.1338479895144701,0.18235338013483396,body,body,0.12269221562892199,0.189384501054883,0.43410043819472943,body,body
stiff_low,body_only,90215,True,False,l,1.3131198647094737,0.0,,0.0,80,world,decayed,False,nan,0.07760913223028183,0.10445280894637107,0.29705027673294165,body,body,0.09103097058832646,0.1296707598492503,0.35379883666180983,body,body,0.11035086521878838,0.14250156562775373,0.2556880131600345,body,body
stiff_low,body_only,90216,True,False,m,1.681261135717984,0.0,,0.0,66,world,decayed,False,nan,0.14620463848114013,0.11794081330299377,-0.2148243573163457,body,body,0.13207272589206695,0.17790785282850266,0.29791301091552946,body,body,0.1549902893602848,0.25346738025546073,0.4918726715901145,body,body
stiff_low,body_only,90217,True,False,l,1.413471960665546,0.0,,0.0,75,alarm,persistent,False,nan,0.09451413080096245,0.0505687739700079,-0.6254150850239624,world,world,0.07254145238548518,0.12213415913283825,0.5209619500568116,body,body,0.0973378057591617,0.16165074780583383,0.5072506681158022,body,body
stiff_low,body_only,90218,True,False,m,1.584896311018346,0.0,,0.0,74,world,decayed,False,nan,0.09150282368063926,0.1255778580904007,0.31655611770116837,body,body,0.10854034088551998,0.18099478781223297,0.5113463249591845,body,body,0.14476756434887647,0.23020904939621686,0.4638583547888971,body,body
stiff_low,body_only,90219,True,False,l,1.3119810143159762,0.0,,0.0,70,world,decayed,False,nan,0.08105284534394741,0.07321204133331775,-0.101741447070332,body,world,0.07713244333863259,0.12416878342628479,0.4761178091025989,body,body,0.10065061338245869,0.13014355655759574,0.2569828761184167,body,body
stiff_low,body_only,90220,True,False,m,1.300500753923412,0.0,,0.0,65,world,decayed,False,nan,0.08820372447371483,0.10514051020145417,0.17564845825655015,body,body,0.09667211733758449,0.11976042613387108,0.21416827936345967,body,body,0.10821627173572779,0.15344639718532563,0.3492195612037474,body,body
stiff_low,body_only,90221,True,False,l,1.325946290087466,0.0,,0.0,69,world,decayed,False,nan,0.12883463501930237,0.06000322997570038,-0.7641312892495344,world,world,0.09441893249750137,0.10167385675013066,0.07402859841067792,body,body,0.09804639462381601,0.10245070178061724,0.04394094346906679,body,body
stiff_low,body_only,90222,True,False,m,1.3799548422979533,0.0,,0.0,63,body,settled,True,0.12392804771661758,0.07847295105457305,0.0913189858198166,0.15160472295966027,body,body,0.08489596843719482,0.10319511368870735,0.1951948977756154,body,body,0.09404554106295109,0.10262544425204397,0.08730675230952335,body,body
stiff_low,body_only,90223,True,False,l,1.2088747342560058,0.0,,0.0,66,body,settled,True,0.103224016726017,0.0941634088754654,0.08449789062142372,-0.10830509431570179,body,body,0.08933064974844455,0.07080192379653454,-0.23245847866422956,body,world,0.08006628677248954,0.09126368490979075,0.13089807658888855,body,body
stiff_low,body_only,90224,True,False,m,1.3689372681649405,0.0,,0.0,67,world,decayed,False,nan,0.12221378087997437,0.10496284663677216,-0.15216536755134838,body,body,0.11358831375837326,0.13198853321373463,0.1501344200699958,body,body,0.12278842348605394,0.1820632167160511,0.39389123137729515,body,body
stiff_low,body_only,90225,True,False,l,1.4190999555086545,0.0,,0.0,76,alarm,persistent,False,nan,0.07627718895673752,0.10600451901555061,0.329107797014476,body,body,0.09114085398614406,0.13458237573504447,0.38977031472253804,body,body,0.11286161486059428,0.15904459729790688,0.3430222280739746,body,body
stiff_low,body_only,90226,True,False,m,1.3666051873938825,0.0,,0.0,68,body,settled,True,0.12445416301488876,0.08348094373941421,0.08807393908500671,0.05355829144736899,body,body,0.08577744141221047,0.09393895082175732,0.0908890606162921,body,body,0.0898581961169839,0.10478974096477031,0.15372304646861767,body,body
stiff_low,body_only,90227,True,False,l,1.2089853713110907,0.0,,0.0,76,world,decayed,False,nan,0.0998107373714447,0.12439517378807068,0.22018761721428753,body,body,0.11210295557975769,0.11329510062932968,0.010578229344553582,body,body,0.11269902810454369,0.12615703344345092,0.11280663086915989,body,body
stiff_low,body_only,90228,True,False,m,1.3941552835422104,0.0,,0.0,76,world,decayed,False,nan,0.09692861512303352,0.08390457481145859,-0.14429464206899806,body,body,0.09041659496724605,0.1296534940600395,0.36043763836672554,body,body,0.1100350445136428,0.14049126207828522,0.2443463936840146,body,body
stiff_low,body_only,90229,True,False,l,1.4129882265602367,0.0,,0.0,60,world,decayed,False,nan,0.07022589333355427,0.07093403972685337,0.010033333376732694,body,world,0.07057996653020382,0.09469330962747335,0.2938970055869558,body,body,0.08263663807883859,0.13672691062092782,0.5035324408640871,body,body
stiff_low,body_only,90230,True,False,m,1.387380358400205,0.0,,0.0,62,world,decayed,False,nan,0.0464882493019104,0.06060911938548088,0.265245789188718,body,world,0.05354868434369564,0.13112772703170777,0.8955806358447299,body,body,0.09233820568770171,0.14169636266306043,0.42822849177956074,body,body
stiff_low,body_only,90231,True,False,l,1.2736796593502162,0.0,,0.0,79,world,decayed,False,nan,0.11001383066177368,0.11056091040372848,0.0049605032845162905,body,body,0.11028737053275109,0.12340679615736008,0.11239676552280196,body,body,0.11684708334505559,0.11738825105130672,0.004620726164334186,body,body
stiff_low,body_only,90232,True,False,m,1.3398772042708087,0.0,,0.0,65,world,decayed,False,nan,0.09002951867878436,0.09160826280713082,0.01738387105518726,body,body,0.0908188907429576,0.08512988574802875,-0.06468915399139621,body,body,0.08797438824549317,0.12174711432307958,0.32490033057110623,body,body
stiff_low,body_only,90233,True,False,l,1.2151805568406018,0.0,,0.0,74,world,settled,True,0.08272922039031982,0.08406961746513844,0.06326063722372055,-0.28438194402472017,body,world,0.0736651273444295,0.08795670345425606,0.17731517034745672,body,body,0.08081091539934278,0.08143069818615914,0.007640281528821085,body,body
stiff_low,body_only,90234,True,False,m,1.412785576783788,0.0,,0.0,80,body,settled,True,0.13140155375003815,0.055675307661294936,0.10649001225829124,0.648514459988897,body,body,0.0810826599597931,0.10466473400592805,0.25529310450427234,body,body,0.09287369698286056,0.12393156308680772,0.28848902951079397,body,body
stiff_low,body_only,90235,True,False,l,1.4243033807217698,0.0,,0.0,60,world,settled,True,0.07626911997795105,0.059577701613307,0.05273009389638901,-0.1220950358185272,body,world,0.056153897754848005,0.047411789651960135,-0.16922517099418674,body,world,0.051782843703404066,0.0693410069681704,0.29197757056570506,body,world
stiff_low,body_only,90236,True,False,m,1.6997035312296203,0.0,,0.0,64,world,decayed,False,nan,0.10407331697642803,0.17795758843421935,0.5364496329851679,body,body,0.1410154527053237,0.21471963077783585,0.4204636562020304,body,body,0.17786754174157976,0.24717053174972534,0.3290393845878327,body,body
stiff_low,body_only,90237,True,False,l,1.376968432617344,0.0,,0.0,75,body,settled,True,0.11722683906555176,0.1102627232670784,0.09298627078533173,-0.17041405516017935,body,body,0.10162449702620506,0.08031858969479799,-0.2352835213355284,body,body,0.09097154336050153,0.09577724714763462,0.05147840580159222,body,body
stiff_low,body_only,90238,True,False,m,1.5968317899030746,0.0,,0.0,62,world,decayed,False,nan,0.1437184229493141,0.17941495180130004,0.22184530041815478,body,body,0.16156668737530708,0.2165667474269867,0.2929808197731798,body,body,0.1890667174011469,0.22063557375222445,0.15441239800329948,body,body
stiff_low,body_only,90239,True,False,l,1.3434682340044826,0.0,,0.0,67,world,decayed,False,nan,0.084324149787426,0.09628427661955356,0.13263673216603458,body,body,0.09030421320348977,0.1261484853923321,0.3342755514320968,body,body,0.10822634929791093,0.14847825467586517,0.3162136535857256,body,body
stiff_low,world_only,90240,False,True,,1.0,1.0,short,-0.05,59,world,settled,True,0.05936308950185776,0.07667238861322404,0.04535944908857346,-0.5249231375235265,world,world,0.06101591885089874,0.046609067171812055,-0.26933969818991926,body,world,0.0538124930113554,0.057993508875370026,0.07482543602380863,body,world
stiff_low,world_only,90241,False,True,,1.0,1.0,medium,0.1,75,world,settled,True,0.053405843675136566,0.10656552910804748,0.09735781997442246,-0.09036703568105031,body,body,0.10196167454123498,0.04129543211311102,-0.9038451116226154,world,world,0.071628553327173,0.04701772266998887,-0.4209691752380093,world,world
stiff_low,world_only,90242,False,True,,1.0,-2.0,short,0.2,69,world,decayed,False,nan,0.29136269986629487,0.1393957257270813,-0.7372520464365694,world,world,0.2153792127966881,0.12204728722572326,-0.5679916850966696,world,world,0.16871325001120568,0.13440899178385735,-0.22731319931942276,world,world
stiff_low,world_only,90243,False,True,,1.0,2.0,medium,0.05,68,world,settled,True,0.03807920962572098,0.2104421705007553,0.2394753187894821,0.1292394675527932,body,body,0.22495874464511872,0.05371747873723507,-1.432178591115633,world,world,0.13933811169117688,0.04297807244583964,-1.1762133951945477,world,world
stiff_low,world_only,90244,False,True,,1.0,-4.0,short,0.05,65,world,decayed,False,nan,0.5188988715410232,0.15323217064142228,-1.2197547852641177,world,world,0.3360655210912228,0.13450841456651688,-0.9156793852824059,world,world,0.23528696782886982,0.04463595855049789,-1.6622661291452807,world,world
stiff_low,world_only,90245,False,True,,1.0,4.0,medium,0.25,65,world,decayed,False,nan,0.4732808232307434,0.49757742285728457,0.05006224938745946,body,body,0.485429123044014,0.034646893246099354,-2.63982522891432,world,world,0.2600380081450567,0.02129457633709535,-2.502375397274931,world,world
stiff_low,world_only,90246,False,True,,1.0,-1.0,short,0.1,75,world,settled,True,0.06082047149538994,0.1798597440123558,0.07133516520261765,-0.9247879407902637,world,world,0.12559745460748672,0.08007827885448933,-0.45007734601485,world,world,0.10283786673098802,0.06616081716492772,-0.44106523662659153,world,world
stiff_low,world_only,90247,False,True,,1.0,-1.0,medium,-0.15000000000000002,77,world,decayed,False,nan,0.20829813480377196,0.23427537083625793,0.11752682806646877,body,body,0.22128675282001495,0.11894742771983147,-0.620777772903985,world,world,0.17011709026992322,0.11891236156225204,-0.35810020191983494,world,world
stiff_low,world_only,90248,False,True,,1.0,-2.0,short,0.15000000000000002,70,body,settled,True,0.08846001327037811,0.28831340074539186,0.11958853900432587,-0.8799910763096193,world,world,0.20395096987485886,0.07090880107134581,-1.056485061784803,world,world,0.13742988547310234,0.08466194309294224,-0.4844476766660179,world,world
stiff_low,world_only,90249,False,True,,1.0,2.0,medium,-0.25,60,world,settled,True,0.04040801525115967,0.2125487893819809,0.24665476083755494,0.1488180703876775,body,body,0.22960177510976792,0.050472690351307394,-1.51491399084817,world,world,0.14003723273053764,0.04605260007083416,-1.1121241123118852,world,world
stiff_low,world_only,90250,False,True,,1.0,4.0,short,0.05,68,world,decayed,False,nan,0.4101849392056465,0.0646491788327694,-1.8476327258283645,world,world,0.23741705901920795,0.03572746496647596,-1.893898617501627,world,world,0.13657226199284195,0.027596257044933736,-1.599173717222859,world,world
stiff_low,world_only,90251,False,True,,1.0,-4.0,medium,0.15000000000000002,77,world,decayed,False,nan,0.6240649223327637,0.6231208562850952,-0.0015139143568912731,body,body,0.6235928893089294,0.10348383188247681,-1.7960823476640497,world,world,0.3635383605957031,0.03171620825305581,-2.4390569710464733,world,world
stiff_low,world_only,90252,False,True,,1.0,-1.0,short,-0.05,78,world,settled,True,0.06731610745191574,0.181905797123909,0.09463914781808853,-0.6534177396847914,world,world,0.13827247247099878,0.08403398655354977,-0.49800485786964227,world,world,0.11115322951227427,0.0725511897355318,-0.4266173173977067,world,world
stiff_low,world_only,90253,False,True,,1.0,1.0,medium,-0.05,60,world,settled,True,0.05007011815905571,0.10343733876943588,0.09185524880886078,-0.11875205137514179,body,body,0.09764629378914833,0.041894587501883504,-0.846195060556182,world,world,0.06977044064551592,0.05232692058198154,-0.28769946109675226,world,world
stiff_low,world_only,90254,False,True,,1.0,2.0,short,0.1,75,world,settled,True,0.05019693449139595,0.20365518927574158,0.055673882365226746,-1.2969171764382599,world,world,0.12966453582048415,0.045990807376801966,-1.0365090846705067,world,world,0.08782767159864306,0.05006493609398603,-0.5620557325601041,world,world
stiff_low,world_only,90255,False,True,,1.0,2.0,medium,0.25,70,world,settled,True,0.04144126921892166,0.23027761280536652,0.23299539387226104,0.011733091314870702,body,body,0.23163650333881378,0.04665870200842619,-1.6023098988773605,world,world,0.13914760267361997,0.047968306392431256,-1.0649947501291437,world,world
stiff_low,world_only,90256,False,True,,1.0,-4.0,short,-0.2,70,world,decayed,False,nan,0.5121619194746018,0.1588153839111328,-1.1708984038816257,world,world,0.3354886516928673,0.14226967915892602,-0.8578637252768156,world,world,0.23887916542589666,0.0472174134105444,-1.6211950873450267,world,world
stiff_low,world_only,90257,False,True,,1.0,-4.0,medium,-0.05,64,world,decayed,False,nan,0.6227303743362427,0.6220628142356872,-0.0010725639739686183,body,body,0.6223965942859649,0.09826308451592922,-1.8459290833267092,world,world,0.3603298394009471,0.029629688686691226,-2.4982429776970467,world,world
stiff_low,world_only,90258,False,True,,1.0,-1.0,short,0.25,67,world,settled,True,0.05155186727643013,0.17493012249469758,0.06925952583551406,-0.9265259013528657,world,world,0.12209482416510582,0.06497156023979186,-0.630848350711062,world,world,0.09353319220244885,0.056143852043896915,-0.5103991865752194,world,world
stiff_low,world_only,90259,False,True,,1.0,1.0,medium,-0.25,71,world,settled,True,0.05076945945620537,0.09757910370826721,0.10482938438653946,0.07167074880769402,body,body,0.10120424404740333,0.038551353849470615,-0.9651494744968412,world,world,0.06987779894843697,0.0411277499049902,-0.5300649133394894,world,world
stiff_low,world_only,90260,False,True,,1.0,-2.0,short,-0.05,78,world,decayed,False,nan,0.31040836572647096,0.12741958647966384,-0.8904032680342187,world,world,0.2189139761030674,0.12626859322190284,-0.5502675191101477,world,world,0.17259128466248513,0.1323105901479721,-0.2657741685635374,world,world
stiff_low,world_only,90261,False,True,,1.0,-2.0,medium,0.15000000000000002,76,world,decayed,False,nan,0.36098806858062743,0.3857403755187988,0.06631963412004141,body,body,0.37336422204971315,0.1450880080461502,-0.9452138994895248,world,world,0.2592261150479317,0.044446613360196355,-1.7634119427171941,world,world
stiff_low,world_only,90262,False,True,,1.0,-4.0,short,0.1,68,world,decayed,False,nan,0.5166044890880584,0.1532744884490967,-1.2150472141308177,world,world,0.3349394887685776,0.14069176837801933,-0.8673784273349557,world,world,0.23781562857329847,0.043040196015499535,-1.7093612334930113,world,world
stiff_low,world_only,90263,False,True,,1.0,-4.0,medium,-0.15000000000000002,76,world,decayed,False,nan,0.6225693583488464,0.6209653139114379,-0.0025798160080721757,body,body,0.6217673361301422,0.09966429322957993,-1.8307584944045867,world,world,0.3607158146798611,0.024348800373263656,-2.6956078490316853,world,world
stiff_low,world_only,90264,False,True,,1.0,1.0,short,-0.15000000000000002,76,world,settled,True,0.05510774999856949,0.0777653157711029,0.046883709728717804,-0.5060252444930844,world,world,0.062324512749910355,0.05190314594656229,-0.18297540761203646,body,world,0.05711382934823632,0.04889847198501229,-0.15530013433565268,body,world
stiff_low,world_only,90265,False,True,,1.0,1.0,medium,-0.05,73,world,settled,True,0.047455448657274246,0.0996539130806923,0.09950633645057679,-0.0014819890763638289,body,body,0.09958012476563453,0.039503559842705725,-0.9245718036854316,world,world,0.06954184230417013,0.04238971835002303,-0.4950227778675528,world,world
stiff_low,world_only,90266,False,True,,1.0,2.0,short,0.1,80,world,settled,True,0.07215674966573715,0.17945191264152527,0.03848271444439888,-1.5396981108863441,world,world,0.10896731354296207,0.06338215172290802,-0.5418656582615071,world,world,0.08617473263293504,0.07535040946677327,-0.13422765053707,body,world
stiff_low,world_only,90267,False,True,,1.0,2.0,medium,-0.05,73,world,settled,True,0.04610488936305046,0.21953668296337128,0.2441642701625824,0.10632189802695621,body,body,0.23185047656297683,0.046171578019857405,-1.6137282519124865,world,world,0.13901102729141712,0.05078426701948047,-1.0069666607405643,world,world
stiff_low,world_only,90268,False,True,,1.0,-4.0,short,-0.1,69,world,decayed,False,nan,0.533347886800766,0.1644260287284851,-1.1767131112499327,world,world,0.3488869577646255,0.110203180834651,-1.1524222059806803,world,world,0.22954506929963828,0.02718541354406625,-2.133418827913842,world,world
stiff_low,world_only,90269,False,True,,1.0,4.0,medium,0.0,74,world,decayed,False,nan,0.48486205339431765,0.4935567259788513,0.017773374037149785,body,body,0.48920938968658445,0.0503494325093925,-2.273803249406266,world,world,0.2697794110979885,0.02771951735485345,-2.2754678664128845,world,world
stiff_low,world_only,90270,False,True,,1.0,-1.0,short,0.1,81,world,settled,True,0.0638142079114914,0.17329512536525726,0.08674027249217034,-0.6920777881393815,world,world,0.1300176989287138,0.0666622307151556,-0.6680320504006758,world,world,0.0983399648219347,0.06149288704618812,-0.46950899392690876,world,world
stiff_low,world_only,90271,False,True,,1.0,1.0,medium,-0.15000000000000002,77,world,settled,True,0.0610189363360405,0.10878192037343978,0.09542271867394447,-0.13102845623590315,body,body,0.10210231952369213,0.04013950917869806,-0.9336143275102606,world,world,0.0711209143511951,0.05461941324174404,-0.26399207414497544,world,world
stiff_low,world_only,90272,False,True,,1.0,-2.0,short,-0.2,58,world,settled,True,0.0761275514960289,0.29185317903757096,0.12452173680067062,-0.8517705708593263,world,world,0.2081874579191208,0.0841469656676054,-0.9058740524517943,world,world,0.1461672117933631,0.07250793492421508,-0.7010552495219935,world,world
stiff_low,world_only,90273,False,True,,1.0,2.0,medium,-0.2,71,world,decayed,False,nan,0.22557878494262695,0.2350158303976059,0.040983398442277066,body,body,0.2302973076701164,0.044607546925544736,-1.641468057936472,world,world,0.13745242729783058,0.03374241581186652,-1.4045221985715695,world,world
stiff_low,world_only,90274,False,True,,1.0,4.0,short,-0.15000000000000002,60,world,decayed,False,nan,0.41883896589279174,0.04943038374185562,-2.1369212258091963,world,world,0.2341346748173237,0.027434145100414753,-2.1441080740945146,world,world,0.13078440995886922,0.026610835548490287,-1.5922317577129332,world,world
stiff_low,world_only,90275,False,True,,1.0,4.0,medium,0.2,76,world,decayed,False,nan,0.4916374862194061,0.49220494627952577,0.001153558952737692,body,body,0.49192121624946594,0.03653944665566087,-2.599926166783985,world,world,0.2642303314525634,0.03128805137239397,-2.133584911019118,world,world
stiff_low,world_only,90276,False,True,,1.0,1.0,short,-0.1,69,world,settled,True,0.06176413223147392,0.09217215552926064,0.033686688169837,-1.0065553346596214,world,world,0.06292942184954882,0.04703242797404528,-0.29117648960354525,body,world,0.05498092491179705,0.059673515241593124,0.08190198588014597,body,world
stiff_low,world_only,90277,False,True,,1.0,-1.0,medium,0.25,75,world,decayed,False,nan,0.21909132599830627,0.2503264307975769,0.13327713275599815,body,body,0.23470887839794158,0.1385321281850338,-0.5272436596691704,world,world,0.1866205032914877,0.10848901290446519,-0.5424282563811591,world,world
stiff_low,world_only,90278,False,True,,1.0,2.0,short,0.2,64,world,settled,True,0.042598795145750046,0.19395064413547516,0.0458382036536932,-1.4424858306940964,world,world,0.11989442389458418,0.03786964435130358,-1.1524617040863983,world,world,0.07888203412294388,0.03553454140201211,-0.7974482768583997,world,world
stiff_low,world_only,90279,False,True,,1.0,-2.0,medium,-0.15000000000000002,63,world,decayed,False,nan,0.3442914724349976,0.38973320126533506,0.12397380349686808,body,body,0.3670123368501663,0.13957687839865685,-0.9667799137913987,world,world,0.2532946076244116,0.03667493207613006,-1.9324597963077261,world,world
stiff_low,world_only,90280,False,True,,1.0,4.0,short,0.2,77,world,settled,True,0.03943745046854019,0.3915622070431709,0.05322558507323265,-1.9956051937455865,world,world,0.22239389605820178,0.04136586934328079,-1.6819939873995569,world,world,0.1318798827007413,0.04318342562764883,-1.1164347731590292,world,world
stiff_low,world_only,90281,False,True,,1.0,4.0,medium,0.1,77,world,decayed,False,nan,0.4944510579109192,0.49501282572746275,0.0011354995087600231,body,body,0.494731941819191,0.048165195155888796,-2.3293794161881194,world,world,0.2714485684875399,0.019071550585795193,-2.655574960239039,world,world
stiff_low,world_only,90282,False,True,,1.0,1.0,short,0.15000000000000002,68,world,settled,True,0.062317539006471634,0.08251595124602318,0.04374334514141083,-0.6346521329077829,world,world,0.063129648193717,0.04509316673502326,-0.3364597982431367,world,world,0.05411140746437013,0.0596536984667182,0.09751112693112508,body,world
stiff_low,world_only,90283,False,True,,1.0,-1.0,medium,-0.05,74,world,decayed,False,nan,0.21169335544109344,0.24381372928619385,0.14126573821262287,body,body,0.22775354236364365,0.11454032845795155,-0.687337115168087,world,world,0.1711469354107976,0.118056196346879,-0.3713617076214332,world,world
stiff_low,world_only,90284,False,True,,1.0,2.0,short,-0.2,72,world,settled,True,0.049854762852191925,0.1954704225063324,0.033461894281208514,-1.7650017691900923,world,world,0.11446615839377046,0.037964527122676374,-1.1036269924528757,world,world,0.07621534275822342,0.04456001743674278,-0.5367258040295607,world,world
stiff_low,world_only,90285,False,True,,1.0,-2.0,medium,-0.2,73,world,decayed,False,nan,0.3426027804613113,0.3991818368434906,0.15284534289041565,body,body,0.37089230865240097,0.13533018082380294,-1.0081941710389946,world,world,0.253111244738102,0.0366545349592343,-1.9322919369805025,world,world
stiff_low,world_only,90286,False,True,,1.0,4.0,short,-0.1,67,world,settled,True,0.036244213581085205,0.4114185363054276,0.07203537449240685,-1.7424537220967287,world,world,0.2417269553989172,0.04897031132131815,-1.596594582607569,world,world,0.14534863336011766,0.03428852837532759,-1.4443243760212945,world,world
stiff_low,world_only,90287,False,True,,1.0,4.0,medium,0.2,79,world,decayed,False,nan,0.4969054162502289,0.502908718585968,0.012008981017355109,body,body,0.4999070674180984,0.041879129409790036,-2.479634617928902,world,world,0.27089309841394427,0.02228159885853529,-2.497963097721314,world,world
stiff_low,world_only,90288,False,True,,1.0,-1.0,short,-0.05,78,world,settled,True,0.08098464459180832,0.19572829753160476,0.11476702243089676,-0.5338232788681624,world,world,0.15524765998125076,0.08529349863529205,-0.598923414162725,world,world,0.12027057930827141,0.08779559340327978,-0.31473272168935257,world,world
stiff_low,world_only,90289,False,True,,1.0,1.0,medium,-0.05,64,world,settled,True,0.04585111886262894,0.09221095740795135,0.0954008311033249,0.03400832278598919,body,body,0.09380589425563812,0.035424059815704824,-0.9738364474949817,world,world,0.06461497703567147,0.042347879614681005,-0.42252787486035953,world,world
stiff_low,world_only,90290,False,True,,1.0,2.0,short,0.1,66,world,settled,True,0.06752803921699524,0.19936816692352294,0.028801833279430866,-1.93471415981613,world,world,0.1140850001014769,0.05437962245196104,-0.7409542890805899,world,world,0.08423231127671897,0.05831854520365596,-0.36765844969468153,world,world
stiff_low,world_only,90291,False,True,,1.0,-2.0,medium,0.15000000000000002,75,world,decayed,False,nan,0.34431729316711424,0.40144898891448977,0.1535168779284792,body,body,0.372883141040802,0.14971530362963675,-0.9125295609044924,world,world,0.2612992223352194,0.046931640896946195,-1.7169741024131855,world,world
stiff_low,world_only,90292,False,True,,1.0,-4.0,short,0.1,74,world,decayed,False,nan,0.5405415952205658,0.1635978639125824,-1.1951602237336967,world,world,0.3520697295665741,0.09738708548247814,-1.2851356420644318,world,world,0.2247284075245261,0.035293233627453444,-1.8512013318065237,world,world
stiff_low,world_only,90293,False,True,,1.0,4.0,medium,0.1,69,world,decayed,False,nan,0.48752275109291077,0.5012587487697602,0.02778547411574257,body,body,0.49439074993133547,0.03511827029287815,-2.644604680070352,world,world,0.2647545101121068,0.021762466337531806,-2.4986162614160854,world,world
stiff_low,world_only,90294,False,True,,1.0,-1.0,short,-0.1,70,world,settled,True,0.06950192153453827,0.18415969610214233,0.09362290054559708,-0.6765282772814716,world,world,0.1388912983238697,0.09204511232674122,-0.4114127924978038,world,world,0.11546820532530547,0.0750113814137876,-0.43135535929001706,world,world
stiff_low,world_only,90295,False,True,,1.0,1.0,medium,0.2,64,world,settled,True,0.054863251745700836,0.10415951013565064,0.08055500909686089,-0.2569831815801828,body,world,0.09235725961625577,0.042438020929694176,-0.7776196329042872,world,world,0.06739764027297497,0.05394446905702353,-0.22265483986568912,world,world
stiff_low,world_only,90296,False,True,,1.0,-2.0,short,0.25,84,world,decayed,False,nan,0.3031055584549904,0.1386414110660553,-0.7821902993092001,world,world,0.22087348476052285,0.12625583335757257,-0.5592797985484016,world,world,0.1735646590590477,0.11635339502245187,-0.3999181359366202,world,world
stiff_low,world_only,90297,False,True,,1.0,2.0,medium,-0.05,62,world,settled,True,0.03574681654572487,0.23029464483261108,0.24687384366989135,0.06951789822580337,body,body,0.23858424425125122,0.043161826021969316,-1.7097660256348282,world,world,0.14087303513661026,0.039703031070530415,-1.2664314905341463,world,world
stiff_low,world_only,90298,False,True,,1.0,4.0,short,0.05,62,world,settled,True,0.03991508111357689,0.3977094404399395,0.061096154153347015,-1.8732727688067932,world,world,0.22940279729664326,0.04098076801747084,-1.7223765146799397,world,world,0.13519178265705706,0.040553320199251175,-1.2040767262453862,world,world
stiff_low,world_only,90299,False,True,,1.0,-4.0,medium,0.05,67,world,decayed,False,nan,0.621640145778656,0.6158085703849793,-0.00942522867909638,body,body,0.6187243580818176,0.10137241221964359,-1.808858886240412,world,world,0.3600483851507306,0.02591136242263019,-2.6315568495356607,world,world
stiff_low,world_only,90300,False,True,,1.0,-1.0,short,-0.15000000000000002,67,world,settled,True,0.06238367408514023,0.15735940337181092,0.06998605728149414,-0.8102363420708101,world,world,0.11367273032665252,0.05142635516822338,-0.7931727456597817,world,world,0.08254954274743795,0.057888148445636035,-0.35488595768354697,world,world
stiff_low,world_only,90301,False,True,,1.0,-1.0,medium,-0.25,72,world,decayed,False,nan,0.1997354209423065,0.24611409604549409,0.20880163800990553,body,body,0.2229247584939003,0.12678369283676147,-0.5643518803245793,world,world,0.17485422566533088,0.1364939332008362,-0.2476724623691158,world,world
stiff_low,world_only,90302,False,True,,1.0,-2.0,short,0.2,78,world,decayed,False,nan,0.29875616133213045,0.1379590153694153,-0.7726710757687134,world,world,0.21835758835077285,0.12345397993922233,-0.5702655779274719,world,world,0.1709057841449976,0.12685529626905917,-0.2980653973573535,world,world
stiff_low,world_only,90303,False,True,,1.0,2.0,medium,-0.15000000000000002,59,world,settled,True,0.04289521276950836,0.22012056410312653,0.2310888648033142,0.04862691776790232,body,body,0.22560471445322036,0.04773966893553734,-1.5530217306574217,world,world,0.13667219169437886,0.046558276377618314,-1.0768805138882356,world,world
stiff_low,world_only,90304,False,True,,1.0,4.0,short,0.05,80,world,settled,True,0.04072488099336624,0.3897856339812279,0.060871639847755434,-1.856829549242308,world,world,0.22532863691449165,0.040375879220664504,-1.719327387393277,world,world,0.13285225806757808,0.03947460670024157,-1.2135800723524732,world,world
stiff_low,world_only,90305,False,True,,1.0,-4.0,medium,-0.25,73,world,decayed,False,nan,0.6261028051376343,0.6233132719993592,-0.004465346371693018,body,body,0.6247080385684967,0.09829615131020546,-1.8492995284065519,world,world,0.3615020949393511,0.028543227748014034,-2.5388481354721275,world,world
stiff_low,world_only,90306,False,True,,1.0,1.0,short,-0.15000000000000002,64,world,settled,True,0.053916215896606445,0.11231947392225265,0.03710235226899385,-1.107666885445507,world,world,0.07471091309562325,0.039190846309065816,-0.6451829667749249,world,world,0.05695087970234454,0.04918629340827465,-0.1465741412759333,body,world
stiff_low,world_only,90307,False,True,,1.0,1.0,medium,-0.05,72,world,settled,True,0.05499495938420296,0.09510136544704437,0.0899459958076477,-0.05573388381278064,body,body,0.09252368062734603,0.039918513130396606,-0.8406244140192992,world,world,0.06622109687887132,0.05206575440242887,-0.24049166864100902,world,world
stiff_low,world_only,90308,False,True,,1.0,-2.0,short,-0.25,62,world,decayed,False,nan,0.3259320080280304,0.13137080073356627,-0.9086649305657396,world,world,0.22865140438079834,0.1464196816086769,-0.4457215624307866,world,world,0.18753554299473763,0.08065901608206331,-0.8437377990514384,world,world
stiff_low,world_only,90309,False,True,,1.0,2.0,medium,0.25,65,world,settled,True,0.04242118075489998,0.2237464338541031,0.2573222994804382,0.1398159638249709,body,body,0.24053436666727065,0.04885325282812118,-1.594042011722095,world,world,0.1446938097476959,0.048288357257843015,-1.097429371778088,world,world
stiff_low,world_only,90310,False,True,,1.0,4.0,short,0.15000000000000002,70,world,settled,True,0.043622106313705444,0.4109325736761093,0.05136738494038582,-2.079425709896486,world,world,0.23114997930824757,0.05526817664504051,-1.4308694855743345,world,world,0.14320907797664403,0.04532775674015284,-1.1503860697925499,world,world
stiff_low,world_only,90311,False,True,,1.0,-4.0,medium,-0.05,66,world,decayed,False,nan,0.6255993247032166,0.6240503191947937,-0.002479104938460906,body,body,0.6248248219490051,0.10748113766312599,-1.7601559569943097,world,world,0.36615297980606554,0.023123238841071724,-2.7622131014108797,world,world
stiff_low,world_only,90312,False,True,,1.0,1.0,short,0.2,69,world,settled,True,0.06536489725112915,0.09121543653309346,0.03903076648712158,-0.8488739235795152,world,world,0.06512310151010751,0.060402948409318924,-0.07524142969914967,body,world,0.06276302495971323,0.060210169106721875,-0.04152486546388409,body,world
stiff_low,world_only,90313,False,True,,1.0,-1.0,medium,-0.2,66,world,settled,True,0.08038391172885895,0.19858437925577163,0.24161803722381592,0.19614402644087026,body,body,0.2201012082397938,0.1164745531976223,-0.6364146563624058,world,world,0.16828788071870804,0.0933424685150385,-0.5894009019557203,world,world
stiff_low,world_only,90314,False,True,,1.0,2.0,short,-0.05,66,world,settled,True,0.04702020809054375,0.18437957465648652,0.046536863595247266,-1.3767517744725588,world,world,0.11545821912586689,0.041791165433824065,-1.0162237614138026,world,world,0.07862469227984548,0.043105176836252215,-0.6010426991362585,world,world
stiff_low,world_only,90315,False,True,,1.0,2.0,medium,0.0,65,world,decayed,False,nan,0.23753599226474761,0.2324865847826004,-0.021486634867661503,body,body,0.235011288523674,0.04487901851534844,-1.6556631573737002,world,world,0.13994515351951123,0.026818521786481142,-1.6521578250310205,world,world
stiff_low,world_only,90316,False,True,,1.0,4.0,short,-0.05,63,world,decayed,False,nan,0.40725255012512207,0.05638547912240029,-1.9772218462938165,world,world,0.23181901462376117,0.0375645998865366,-1.8198948433081301,world,world,0.1346918072551489,0.0289456726051867,-1.5375685447931977,world,world
stiff_low,world_only,90317,False,True,,1.0,4.0,medium,0.25,84,world,decayed,False,nan,0.4957315444946289,0.4947189807891846,-0.0020446534831512803,body,body,0.49522526264190675,0.04048391105607152,-2.5041080977873444,world,world,0.2678545868489891,0.02504835171857849,-2.369636221164792,world,world
stiff_low,world_only,90318,False,True,,1.0,-1.0,short,0.1,75,world,settled,True,0.06959898769855499,0.1666450634598732,0.07595306113362313,-0.7857506492922816,world,world,0.12129906229674817,0.0752247579395771,-0.47777868078078806,world,world,0.09826191011816263,0.06557161565870047,-0.40449355179526925,world,world
stiff_low,world_only,90319,False,True,,1.0,1.0,medium,-0.25,65,world,settled,True,0.05995434522628784,0.0906829982995987,0.10626926198601723,0.1586061909426427,body,body,0.09847613014280795,0.05137270521372557,-0.6507071807889203,world,world,0.07492441767826677,0.055021419934928414,-0.3087572783331568,world,world
stiff_low,world_only,90320,False,True,,1.0,2.0,short,0.25,76,world,settled,True,0.05527942255139351,0.18600262328982353,0.04364132657647133,-1.449756218641999,world,world,0.11482197493314743,0.041840020939707755,-1.0095295646178524,world,world,0.07833099793642759,0.05036905650049448,-0.4415663832498847,world,world
stiff_low,world_only,90321,False,True,,1.0,2.0,medium,-0.15000000000000002,57,world,decayed,False,nan,0.22018859684467315,0.24668994247913362,0.11364781697910888,body,body,0.23343926966190337,0.04965497758239508,-1.5478233172913822,world,world,0.14154712362214922,0.038059399090707303,-1.3134846175031034,world,world
stiff_low,world_only,90322,False,True,,1.0,4.0,short,-0.1,74,world,decayed,False,nan,0.40148202031850816,0.053396598994731904,-2.0174156964094796,world,world,0.22743930965662001,0.05137565117329359,-1.4877190844191992,world,world,0.13940748041495682,0.02722412159200758,-1.6332977548578895,world,world
stiff_low,world_only,90323,False,True,,1.0,-4.0,medium,-0.05,75,world,decayed,False,nan,0.6155315637588501,0.6282539963722229,0.02045831171870519,body,body,0.6218927800655365,0.10240028351545334,-1.8038782172571264,world,world,0.36214653179049494,0.021520765032619238,-2.823030629369888,world,world
stiff_low,world_only,90324,False,True,,1.0,1.0,short,-0.05,72,world,settled,True,0.0634445771574974,0.0836589552462101,0.05378932729363441,-0.44167340779732617,body,world,0.06872414126992225,0.06411983743309975,-0.06934674642612536,body,world,0.066421989351511,0.06605455446988344,-0.005547183119824179,body,world
stiff_low,world_only,90325,False,True,,1.0,1.0,medium,0.05,80,world,settled,True,0.04130241274833679,0.11208998411893845,0.08728360757231712,-0.25013930435934517,body,body,0.09968679584562778,0.03113924730569124,-1.1635642345238268,world,world,0.06541302157565951,0.028122943174093962,-0.8441356190429438,world,world
stiff_low,world_only,90326,False,True,,1.0,2.0,short,0.1,73,world,settled,True,0.06670017540454865,0.18350019082427024,0.04360316880047321,-1.437085880784423,world,world,0.11355167981237173,0.05393875185400247,-0.7444088841156363,world,world,0.0837452158331871,0.06807858506217598,-0.20711634410257068,body,world
stiff_low,world_only,90327,False,True,,1.0,-2.0,medium,0.25,78,world,decayed,False,nan,0.3524927139282227,0.39331517815589906,0.10958131816402564,body,body,0.37290394604206084,0.1322770893573761,-1.0364219849440233,world,world,0.25259051769971846,0.039665301842615006,-1.8512928738917211,world,world
stiff_low,world_only,90328,False,True,,1.0,-4.0,short,0.15000000000000002,74,world,decayed,False,nan,0.5340951591730118,0.17269208133220673,-1.1290638918400873,world,world,0.35339362025260923,0.08834052830934525,-1.3863835206802766,world,world,0.22086707428097724,0.03010783267673105,-1.9927756869967526,world,world
stiff_low,world_only,90329,False,True,,1.0,4.0,medium,0.15000000000000002,75,world,decayed,False,nan,0.4842884123325348,0.48999221324920655,0.011708877158465384,body,body,0.48714031279087067,0.03689784631133079,-2.5803990144021105,world,world,0.2620190795511007,0.024796185723971575,-2.3577274839342555,world,world
stiff_low,world_only,90330,False,True,,1.0,1.0,short,0.1,82,world,settled,True,0.07597386091947556,0.09231687374413014,0.05557446777820587,-0.50750305576566,world,world,0.07394567076116801,0.05974403452128172,-0.21326129948051306,body,world,0.06684485264122486,0.07375591993331909,0.09838696033270988,body,world
stiff_low,world_only,90331,False,True,,1.0,1.0,medium,-0.05,61,world,settled,True,0.045807790011167526,0.10011706799268723,0.0948675274848938,-0.05385871027717074,body,body,0.0974922977387905,0.033991718851029876,-1.053656445587641,world,world,0.0657420082949102,0.03631451576948166,-0.5935205720294664,world,world
stiff_low,world_only,90332,False,True,,1.0,-2.0,short,-0.1,70,world,decayed,False,nan,0.3215638965368271,0.13804048597812651,-0.8456492502068261,world,world,0.2298021912574768,0.13680254444479942,-0.5186802961091883,world,world,0.18330236785113813,0.0948204384651035,-0.6591520910155614,world,world
stiff_low,world_only,90333,False,True,,1.0,2.0,medium,0.1,72,world,settled,True,0.043604250997304916,0.23458699584007264,0.2450777232646942,0.043748894569256506,body,body,0.2398323595523834,0.054070048965513706,-1.4896597684224775,world,world,0.14695120425894856,0.04225308997556567,-1.2464231012112577,world,world
stiff_low,world_only,90334,False,True,,1.0,4.0,short,0.05,61,world,decayed,False,nan,0.40580808073282243,0.0532930038869381,-2.030075276885992,world,world,0.22955054230988026,0.040421050228178504,-1.7367725386616462,world,world,0.13498579626902937,0.025453695782925934,-1.6683086102238929,world,world
stiff_low,world_only,90335,False,True,,1.0,-4.0,medium,0.1,77,world,decayed,False,nan,0.6097303867340088,0.639491617679596,0.047656642816231595,body,body,0.6246110022068023,0.09689311049878598,-1.8635206422128732,world,world,0.36075205635279417,0.03036630863789469,-2.474857172515158,world,world
stiff_low,world_only,90336,False,True,,1.0,-1.0,short,-0.15000000000000002,76,world,settled,True,0.06419338285923004,0.17811597585678102,0.09587760493159295,-0.6193624584827676,world,world,0.13699679039418697,0.07460120655596256,-0.60780081702269,world,world,0.10579899847507476,0.0666224705055356,-0.4624991375508017,world,world
stiff_low,world_only,90337,False,True,,1.0,1.0,medium,-0.25,60,world,settled,True,0.04506558179855347,0.10012631416320801,0.10699201971292496,0.06632171903038832,body,body,0.10355916693806648,0.03598906816914678,-1.0569278802334077,world,world,0.06977411755360663,0.03847666271030903,-0.5952112381803495,world,world
stiff_low,world_only,90338,False,True,,1.0,2.0,short,-0.1,58,world,settled,True,0.061351221054792404,0.18900084272027015,0.04383947439491749,-1.4612168204862486,world,world,0.11642015855759383,0.05279379151761532,-0.7908121048823712,world,world,0.08460697503760457,0.059369726851582524,-0.3542322629764322,world,world
stiff_low,world_only,90339,False,True,,1.0,2.0,medium,-0.05,61,world,settled,True,0.04199306294322014,0.23398725986480712,0.254827544093132,0.08532034983867613,body,body,0.24440740197896957,0.04868059121072292,-1.6135561002847163,world,world,0.14654399659484624,0.04271649867296219,-1.2327404700337674,world,world
stiff_low,world_only,90340,False,True,,1.0,4.0,short,-0.2,57,world,settled,True,0.05182824656367302,0.3937105596065521,0.04226744994521141,-2.2315987340542165,world,world,0.21798900477588176,0.04041120745241642,-1.6853374660252451,world,world,0.1292001061141491,0.05088878385722637,-0.9317198698302385,world,world
stiff_low,world_only,90341,False,True,,1.0,4.0,medium,0.15000000000000002,71,world,decayed,False,nan,0.48746352195739745,0.4952881097793579,0.01592417232324563,body,body,0.4913758158683777,0.04463940784335137,-2.398592191291754,world,world,0.2680076118558645,0.02972350628115237,-2.1990771925054107,world,world
stiff_low,world_only,90342,False,True,,1.0,1.0,short,-0.2,69,world,settled,True,0.05794177204370499,0.08214045744389295,0.042652099207043645,-0.6553541854709235,world,world,0.062396278325468305,0.05022660754621029,-0.21696071429467986,body,world,0.0563114429358393,0.05570330051705241,-0.01085836337670462,body,world
stiff_low,world_only,90343,False,True,,1.0,1.0,medium,-0.1,70,world,settled,True,0.055040597915649414,0.08189514055848121,0.07718894034624099,-0.0591834682540709,body,world,0.0795420404523611,0.039235059451311824,-0.7067149717702192,world,world,0.05938854995183647,0.0490056786686182,-0.19216526344201926,body,world
stiff_low,world_only,90344,False,True,,1.0,2.0,short,0.2,65,world,settled,True,0.0370156355202198,0.17482012510299683,0.02675061021000147,-1.8772003040917347,world,world,0.10078536765649915,0.031198536977171898,-1.1726219810036471,world,world,0.06599195231683552,0.031966702453792094,-0.7248379872639115,world,world
stiff_low,world_only,90345,False,True,,1.0,-2.0,medium,0.0,75,world,decayed,False,nan,0.37805314660072326,0.39512147307395934,0.04415845918475358,body,body,0.3865873098373413,0.11703319735825062,-1.194900108533381,world,world,0.25181025359779596,0.03616488096304238,-1.9405873331800205,world,world
stiff_low,world_only,90346,False,True,,1.0,4.0,short,-0.2,59,world,settled,True,0.040511779487133026,0.39048081636428833,0.062175207585096356,-1.8374225138385454,world,world,0.22632801197469235,0.05249302629381418,-1.4613049991809408,world,world,0.13941051913425326,0.04126220969483256,-1.2174758939674848,world,world
stiff_low,world_only,90347,False,True,,1.0,-4.0,medium,-0.2,63,world,decayed,False,nan,0.6122206449508667,0.6306886315345764,0.029719539849766035,body,body,0.6214546382427215,0.10006267130374909,-1.8262662180221862,world,world,0.3607586547732353,0.025211429828777908,-2.660911732099524,world,world
stiff_low,world_only,90348,False,True,,1.0,-1.0,short,0.25,77,world,settled,True,0.061527542769908905,0.18518036454916,0.07205050736665726,-0.9439629293488696,world,world,0.12861543595790864,0.06967687383294105,-0.6129583684643377,world,world,0.09914615489542485,0.059085668670013546,-0.5176066714195451,world,world
stiff_low,world_only,90349,False,True,,1.0,1.0,medium,0.05,63,world,settled,True,0.06272412836551666,0.11180656552314758,0.08647495433688164,-0.2569154578331114,body,body,0.09914075993001462,0.03869331274181605,-0.9408738700486411,world,world,0.06891703633591532,0.05359340254217386,-0.2514774356237121,world,world
stiff_low,world_only,90350,False,True,,1.0,-2.0,short,0.05,79,world,decayed,False,nan,0.31487891376018523,0.13962766528129578,-0.8132088181018285,world,world,0.2272532895207405,0.14241645187139512,-0.46730968318239763,world,world,0.1848348706960678,0.09117243085056544,-0.7067102775746046,world,world
stiff_low,world_only,90351,False,True,,1.0,2.0,medium,0.25,75,world,decayed,False,nan,0.21030572056770325,0.2504124820232391,0.17454720204181332,body,body,0.23035910129547119,0.05273484755307436,-1.4743629204130007,world,world,0.14154697442427278,0.031287710554897784,-1.5094062503053567,world,world
stiff_low,world_only,90352,False,True,,1.0,-4.0,short,0.2,76,world,decayed,False,nan,0.5277796894311905,0.15894066393375397,-1.2001479920024376,world,world,0.3433601766824722,0.1288505382835865,-0.9801268593230756,world,world,0.23610535748302935,0.04015329102985561,-1.7715737300196468,world,world
stiff_low,world_only,90353,False,True,,1.0,-4.0,medium,-0.05,65,world,decayed,False,nan,0.6071258306503295,0.6328695893287659,0.041528312066221845,body,body,0.6199977099895477,0.09438626728951931,-1.8823201955259035,world,world,0.3571919886395335,0.025244068866595627,-2.649682188773592,world,world
stiff_low,world_only,90354,False,True,,1.0,-1.0,short,-0.25,72,world,settled,True,0.07289053499698639,0.1496130831539631,0.11160246431827545,-0.2931093845458088,body,body,0.13060777373611926,0.07953033410012722,-0.49606022842607395,world,world,0.10506905391812324,0.07434055991470814,-0.3459610937093175,world,world
stiff_low,world_only,90355,False,True,,1.0,1.0,medium,0.0,71,world,settled,True,0.05683696269989014,0.09658620208501816,0.09241808354854583,-0.04411322655878529,body,body,0.094502142816782,0.03552135396748781,-0.9784884737009503,world,world,0.0650117483921349,0.05178900063037872,-0.22739021438312237,world,world
stiff_low,world_only,90356,False,True,,1.0,2.0,short,0.2,78,world,settled,True,0.052937351167201996,0.199843380600214,0.031998707354068755,-1.8318384559700145,world,world,0.11592104397714138,0.03386802524328232,-1.230437942862942,world,world,0.07489453461021185,0.05203845361247659,-0.364097980865583,world,world
stiff_low,world_only,90357,False,True,,1.0,-2.0,medium,-0.1,69,world,decayed,False,nan,0.340866219997406,0.3866848945617676,0.1261200518451849,body,body,0.36377555727958677,0.14794335290789604,-0.8997076267059069,world,world,0.2558594550937414,0.04372338806279004,-1.7667451353017403,world,world
stiff_low,world_only,90358,False,True,,1.0,4.0,short,-0.15000000000000002,74,world,settled,True,0.044863782823085785,0.4117895856499672,0.05779727697372437,-1.9635708410613326,world,world,0.23479343131184577,0.040560689941048625,-1.7559067423699088,world,world,0.1376770606264472,0.038036235608160496,-1.2863715283569401,world,world
stiff_low,world_only,90359,False,True,,1.0,-4.0,medium,-0.2,57,world,decayed,False,nan,0.620439350605011,0.6289039731025696,0.013550721984620774,body,body,0.6246716618537903,0.10159030705690383,-1.81627804305252,world,world,0.3631309844553471,0.030298072588630022,-2.483679508342422,world,world
stiff_low,body_world,90360,True,True,m,1.436507707360915,1.0,short,-0.15000000000000002,74,world,decayed,False,nan,0.09047327041625977,0.041639382019639015,-0.7760080499539602,world,world,0.0660563262179494,0.062120378389954566,-0.06143371607273362,body,world,0.06408835230395198,0.0989346856251359,0.43419725516106183,body,body
stiff_low,body_world,90361,True,True,l,1.4256287739373548,-1.0,medium,-0.25,60,world,decayed,False,nan,0.2276823490858078,0.26983419954776766,0.16985624285069859,body,body,0.2487582743167877,0.18338978737592698,-0.3048677657717942,body,body,0.21607403084635735,0.12060980815440417,-0.5830604753973289,world,world
stiff_low,body_world,90362,True,True,m,1.4329806398316671,-2.0,short,0.2,74,world,decayed,False,nan,0.12625641822814943,0.2833167552947998,0.808250644066219,body,body,0.2047865867614746,0.20130513608455658,-0.017146549793487988,body,body,0.2030458614230156,0.19442830551415682,-0.043368385942336,body,body
stiff_low,body_world,90363,True,True,l,1.210563351806276,-2.0,medium,-0.15000000000000002,77,world,decayed,False,nan,0.36376687288284304,0.3673896431922913,0.0099097795812872,body,body,0.36557825803756716,0.15480830520391464,-0.859292757644424,world,world,0.2601932816207409,0.0577852395363152,-1.5046913739649277,world,world
stiff_low,body_world,90364,True,True,m,1.372696280105733,-4.0,short,-0.15000000000000002,58,world,decayed,False,nan,0.5402706265449524,0.2515682905912399,-0.764355688440585,world,world,0.3959194585680962,0.18254685550928115,-0.7742039205277094,world,world,0.2892331570386887,0.04714798596687615,-1.8139418418827713,world,world
stiff_low,body_world,90365,True,True,l,1.2749895656307437,-4.0,medium,-0.2,74,world,decayed,False,nan,0.5985309958457947,0.5448846340179443,-0.09390422131834136,body,body,0.5717078149318695,0.1145085409283638,-1.607978634341016,world,world,0.34310817793011666,0.0705889887874946,-1.5811716188406908,world,world
stiff_low,body_world,90366,True,True,m,1.3066897985826524,-1.0,short,-0.15000000000000002,69,world,decayed,False,nan,0.17445230334997178,0.1280469551682472,-0.30925433713894546,body,body,0.1512496292591095,0.09485026393085719,-0.4666321667382047,world,world,0.12304994659498333,0.10466127693653107,-0.16186114114896483,body,body
stiff_low,body_world,90367,True,True,l,1.3576619828175316,1.0,medium,0.15000000000000002,62,body,settled,True,0.10416992753744125,0.049728129804134366,0.0683169923722744,0.31758776083282536,body,world,0.05902256108820438,0.06970181874930859,0.16630664925200447,body,world,0.06436218991875649,0.08608784768730401,0.29084191199992204,body,body
stiff_low,body_world,90368,True,True,m,1.4143053583788585,2.0,short,0.05,60,body,settled,True,0.08789613097906113,0.15954018831253053,0.033555885404348375,-1.559083584907851,world,world,0.09654803685843945,0.03732636794447899,-0.9503406834627763,world,world,0.06693720240145921,0.07222200103569776,0.07598982068461863,body,world
stiff_low,body_world,90369,True,True,l,1.3743712386074276,-2.0,medium,0.1,67,world,decayed,False,nan,0.20369310379028321,0.3500597655773163,0.5414894307744614,body,body,0.27687643468379974,0.2128494270145893,-0.2629863221857512,body,body,0.24486293084919453,0.10970588065683842,-0.8028956155023717,world,world
stiff_low,body_world,90370,True,True,m,1.5116611087725051,4.0,short,-0.25,61,world,decayed,False,nan,0.410580138862133,0.08985722176730633,-1.5193491465838285,world,world,0.25021868031471967,0.08919792957603931,-1.0314774284897983,world,world,0.1697083049453795,0.10888897087424994,-0.443752362770598,world,world
stiff_low,body_world,90371,True,True,l,1.462891218935012,4.0,medium,0.2,69,world,decayed,False,nan,0.12605383172631263,0.2933748096227646,0.8447419536145374,body,body,0.2097143206745386,0.20232686400413513,-0.03586169856353483,body,body,0.20602059233933687,0.11194594404660166,-0.6099600142612618,world,world
stiff_low,body_world,90372,True,True,m,1.6331779731038802,-1.0,short,-0.1,65,world,decayed,False,nan,0.2044566750526428,0.16798114031553268,-0.19650438202946802,body,body,0.18621890768408775,0.20126568377017975,0.07770294032449683,body,body,0.19374229572713375,0.24324970543384553,0.22755960665096747,body,body
stiff_low,body_world,90373,True,True,l,1.2018022497580947,-1.0,medium,0.1,66,world,decayed,False,nan,0.17801262736320494,0.24409153759479524,0.315688820998866,body,body,0.2110520824790001,0.19098732471466065,-0.09989787631628422,body,body,0.20101970359683036,0.13165388014167548,-0.4232265724303678,world,world
stiff_low,body_world,90374,True,True,m,1.3280228263513763,-2.0,short,0.1,73,world,decayed,False,nan,0.23876981437206268,0.22877571880817413,-0.04275783826754189,body,body,0.23377276659011842,0.22297592014074324,-0.047285776404916914,body,body,0.22837434336543083,0.08775174459442496,-0.9564743958805909,world,world
stiff_low,body_world,90375,True,True,l,1.308876304017658,2.0,medium,-0.25,65,world,decayed,False,nan,0.21799223124980927,0.2187556505203247,0.0034959301688361017,body,body,0.21837394088506698,0.09527814202010632,-0.8294084938118171,world,world,0.15682604145258666,0.05530447065830231,-1.0422834258277398,world,world
stiff_low,body_world,90376,True,True,m,1.5016949779873145,4.0,short,0.2,70,world,decayed,False,nan,0.10918325148522853,0.26089526116847994,0.8710913517056512,body,body,0.18503925632685422,0.11357941925525665,-0.488065677582855,world,world,0.14930933779105543,0.11590325413271785,-0.25326441937666927,world,world
stiff_low,body_world,90377,True,True,l,1.2414565409093206,-4.0,medium,0.25,66,world,decayed,False,nan,0.04288563057780266,0.504224818944931,2.464485419688405,body,body,0.27355522476136684,0.35181625485420226,0.25160551588393076,body,body,0.3126857398077846,0.07114764333236963,-1.4804414585324057,world,world
stiff_low,body_world,90378,True,True,m,1.4238236120964585,1.0,short,0.25,66,world,settled,True,0.06737498193979263,0.06080544926226139,0.06740873008966446,0.1030951251033216,body,world,0.06410708967596293,0.030382002331316472,-0.746704556660735,world,world,0.0472445460036397,0.04151730486191809,-0.12922689383571584,body,world
stiff_low,body_world,90379,True,True,l,1.2836548774066676,-1.0,medium,-0.25,64,world,decayed,False,nan,0.1941039264202118,0.25726736783981324,0.28172216708132614,body,body,0.22568564713001252,0.1802480101585388,-0.2248093523502739,body,body,0.20296682864427568,0.14303135983645915,-0.3499786542234662,world,world
stiff_low,body_world,90380,True,True,m,1.3621236417497946,2.0,short,0.2,70,body,settled,True,0.10006392002105713,0.08539961017668248,0.09814719688147307,0.1391268246696837,body,body,0.09177340352907777,0.05183848822489381,-0.5711896444531216,world,world,0.07180594587698579,0.07215924388729036,0.0049081131364604215,body,world
stiff_low,body_world,90381,True,True,l,1.3983378082528164,-2.0,medium,-0.2,74,alarm,persistent,False,nan,0.34586523175239564,0.37049185633659365,0.0687822687207472,body,body,0.3581785440444946,0.1577833279967308,-0.8198088383748584,world,world,0.25798093602061273,0.10948317926377057,-0.8571147673713204,world,world
stiff_low,body_world,90382,True,True,m,1.3509200717074077,-4.0,short,-0.2,74,world,decayed,False,nan,0.5334863215684891,0.23929173052310942,-0.8017499939938184,world,world,0.3863890260457993,0.19077895134687423,-0.7057292663922506,world,world,0.2885839886963367,0.05916846026666463,-1.5845975314240166,world,world
stiff_low,body_world,90383,True,True,l,1.2311925915846564,4.0,medium,-0.2,58,world,decayed,False,nan,0.46033337712287903,0.4000942647457123,-0.1402507786585433,body,body,0.43021382093429567,0.05241961143910885,-2.1050015576697723,world,world,0.24131671618670225,0.07259753375547007,-1.2011792948235727,world,world
stiff_low,body_world,90384,True,True,m,1.524037917146982,-1.0,short,0.25,63,alarm,persistent,False,nan,0.07163488641381263,0.22608162760734557,1.1493139224443991,body,body,0.14885825701057911,0.18928535431623458,0.2402611296916768,body,body,0.16907180566340685,0.22946422919631004,0.3054236430171245,body,body
stiff_low,body_world,90385,True,True,l,1.3531822605860213,1.0,medium,-0.2,58,world,settled,True,0.08127494901418686,0.0813269704580307,0.0839498059824109,0.03174137092060488,body,body,0.08263838822022081,0.04086637981235981,-0.7041666054577014,world,world,0.06175238401629031,0.07893135352060199,0.24544594962611777,body,body
stiff_low,body_world,90386,True,True,m,1.3095845696334245,2.0,short,0.1,61,world,settled,True,0.07937018573284149,0.13733813390135766,0.06798165906220674,-0.703208066541111,world,world,0.1026598964817822,0.03293403452262282,-1.1369149417400253,world,world,0.06779696550220252,0.05216101324185729,-0.26218209426123396,world,world
stiff_low,body_world,90387,True,True,l,1.3723802328668413,-2.0,medium,-0.2,61,alarm,persistent,False,nan,0.3563595175743103,0.36892958283424376,0.03466569131002395,body,body,0.36264455020427705,0.168418700248003,-0.7669700117492757,world,world,0.26553162522614004,0.09716321397572755,-1.0053417665240054,world,world
stiff_low,body_world,90388,True,True,m,1.6369604542264304,4.0,short,0.25,64,world,decayed,False,nan,0.09585110545158386,0.2858968511223793,1.0928350827886375,body,body,0.19087397828698158,0.08422334510833025,-0.8181412701004351,world,world,0.13754866169765592,0.13165535777807236,-0.043790175502211065,body,body
stiff_low,body_world,90389,True,True,l,1.4434986184388112,4.0,medium,0.1,68,world,decayed,False,nan,0.15918655283749103,0.36316165924072263,0.8247712746488125,body,body,0.26117410603910685,0.11853150241076946,-0.7900084895011826,world,world,0.18985280422493817,0.1320569979492575,-0.3630154252761305,world,world
stiff_low,body_world,90390,True,True,m,1.628686273513856,1.0,short,-0.25,63,alarm,persistent,False,nan,0.07048958763480187,0.03800847586244345,-0.6176558219208189,world,world,0.05424903174862265,0.05629918742924929,0.03709495785883924,body,world,0.05527410958893597,0.11780402269214392,0.7567178012591949,body,body
stiff_low,body_world,90391,True,True,l,1.4997252692437577,-1.0,medium,-0.25,60,world,decayed,False,nan,0.201558455824852,0.23222760260105133,0.1416384937856352,body,body,0.21689302921295167,0.18539784848690033,-0.15690023070836606,body,body,0.201145438849926,0.14524702690541744,-0.32559229605868434,world,world
stiff_low,body_world,90392,True,True,m,1.4793682183432437,2.0,short,-0.2,56,world,settled,True,0.04360336810350418,0.18517975732684136,0.038098855689167974,-1.581142767270719,world,world,0.11163930650800466,0.028367817029356958,-1.370017897374034,world,world,0.0700035617686808,0.03859803965315223,-0.5953446341712619,world,world
stiff_low,body_world,90393,True,True,l,1.373838534697687,-2.0,medium,0.2,80,world,decayed,False,nan,0.10763997733592987,0.32043216228485105,1.090878476515049,body,body,0.21403606981039047,0.26032067388296126,0.19576968080421064,body,body,0.23717837184667587,0.1112890349701047,-0.7566817462419959,world,world
stiff_low,body_world,90394,True,True,m,1.374879786515465,4.0,short,-0.2,58,world,decayed,False,nan,0.4109013110399246,0.0837855465710163,-1.5900925492124878,world,world,0.24734342880547047,0.07032816214486956,-1.2576054528407195,world,world,0.15883579547517002,0.09196549197658896,-0.5464575162484036,world,world
stiff_low,body_world,90395,True,True,l,1.2278138310881848,-4.0,medium,-0.2,72,world,decayed,False,nan,0.6058757424354553,0.5525174140930176,-0.09218996794297012,body,body,0.5791965782642364,0.10417517647147179,-1.715568062063402,world,world,0.3416858773678541,0.05504736258881167,-1.8256978751219715,world,world
stiff_low,body_world,90396,True,True,m,1.5997246997728216,1.0,short,-0.15000000000000002,76,world,decayed,False,nan,0.07105316147208214,0.042115041986107826,-0.5230233812871072,world,world,0.056584101729094984,0.08631167262792587,0.4222367877759495,body,body,0.07144788717851043,0.14578529465943574,0.713166621504235,body,body
stiff_low,body_world,90397,True,True,l,1.2083810902658325,1.0,medium,0.15000000000000002,74,body,settled,True,0.08881913125514984,0.0907792292535305,0.0926559254527092,0.02046239919839931,body,body,0.09171757735311985,0.06408808464184404,-0.3584555845088869,world,world,0.07790283099748194,0.08674797425046563,0.10754477332721016,body,body
stiff_low,body_world,90398,True,True,m,1.605681322392905,2.0,short,-0.05,61,world,settled,True,0.06199676916003227,0.12519521564245223,0.03017505444586277,-1.422858672898641,world,world,0.0776851350441575,0.02755030384287238,-1.0366503625805847,world,world,0.05261771944351494,0.04002328310161829,-0.27359157225192515,world,world
stiff_low,body_world,90399,True,True,l,1.216354811034764,-2.0,medium,-0.25,60,world,decayed,False,nan,0.3324180066585541,0.37532601356506345,0.12140178462409656,body,body,0.3538720101118088,0.16292811632156373,-0.7756261950274868,world,world,0.25840006321668624,0.05966213718056679,-1.4658114154387993,world,world
stiff_low,body_world,90400,True,True,m,1.3999353886758357,4.0,short,-0.05,71,world,decayed,False,nan,0.34227645546197893,0.09514942169189453,-1.280170243961735,world,world,0.21871293857693672,0.10818108692765235,-0.703953533443557,world,world,0.16344701275229453,0.10020310641266406,-0.4892896664933779,world,world
stiff_low,body_world,90401,True,True,l,1.3909618610188579,-4.0,medium,0.2,64,world,decayed,False,nan,0.10431766640394927,0.49202619194984437,1.5510912224116604,body,body,0.29817192917689683,0.29619616493582723,-0.006648309483755486,body,body,0.29718404705636203,0.10928180422633886,-1.0004217281243373,world,world
stiff_low,body_world,90402,True,True,m,1.4765881692612393,-1.0,short,-0.15000000000000002,72,world,decayed,False,nan,0.20245718955993652,0.15696635991334915,-0.2544969402940918,body,body,0.17971177473664285,0.19346182346343993,0.0737258821882743,body,body,0.1865867991000414,0.2152318574488163,0.14281931226553302,body,body
stiff_low,body_world,90403,True,True,l,1.2287348099119875,1.0,medium,-0.1,60,world,settled,True,0.0439409539103508,0.10297401174902916,0.12116322219371796,0.16266193706212648,body,body,0.11206861697137356,0.036327094212174414,-1.1265474753462121,world,world,0.07419785559177398,0.04152169236913324,-0.580519251012774,world,world
stiff_low,body_world,90404,True,True,m,1.5959684874168683,-2.0,short,-0.2,61,world,decayed,False,nan,0.3042620927095413,0.2254500687122345,-0.2997907673965686,body,body,0.2648560807108879,0.25647344887256623,-0.03216144071592157,body,body,0.26066476479172707,0.1278410067781806,-0.7124477983695496,world,world
stiff_low,body_world,90405,True,True,l,1.4263406910614387,-2.0,medium,-0.15000000000000002,77,alarm,persistent,False,nan,0.34708632826805114,0.3517019033432007,0.013210417663409104,body,body,0.3493941158056259,0.16845227032899857,-0.7295481091805097,world,world,0.25892319306731226,0.10976418107748032,-0.8581972096965479,world,world
stiff_low,body_world,90406,True,True,m,1.5761825745829299,-4.0,short,0.25,68,alarm,persistent,False,nan,0.05423775091767311,0.45491443276405336,2.12673216401596,body,body,0.2545760918408632,0.2704667136073112,0.060549258732955344,body,body,0.26252140272408725,0.10743666994385422,-0.8934310557260705,world,world
stiff_low,body_world,90407,True,True,l,1.3075505965528191,-4.0,medium,0.25,60,world,decayed,False,nan,0.06803904622793197,0.4801549017429352,1.9540270141907194,body,body,0.2740969739854336,0.3507519453763962,0.24659730187231488,body,body,0.31242445968091487,0.08752952117938548,-1.2723865895648732,world,world
stiff_low,body_world,90408,True,True,m,1.5508532757037867,1.0,short,-0.25,74,world,decayed,False,nan,0.07866006419062614,0.027418601512908935,-1.0539139126683168,world,world,0.05303933285176754,0.0791579008102417,0.4004108344794797,body,world,0.06609861683100463,0.09972191909328103,0.41123768205061595,body,body
stiff_low,body_world,90409,True,True,l,1.386472676208235,1.0,medium,0.05,62,world,decayed,False,nan,0.06673688553273678,0.07637550905346871,0.13490427609643268,body,world,0.07155619729310274,0.08313865140080452,0.1500265957604891,body,body,0.07734742434695363,0.11068156678229571,0.35835003300159557,body,body
stiff_low,body_world,90410,True,True,m,1.305798982810204,2.0,short,0.0,73,body,settled,True,0.1105889081954956,0.15217106267809868,0.04019160680472851,-1.331347112526307,world,world,0.09618133474141359,0.05590834710747004,-0.5425216221384133,world,world,0.07604484092444182,0.09016608707606792,0.17033020314461766,body,body
stiff_low,body_world,90411,True,True,l,1.201605261104429,-2.0,medium,0.15000000000000002,64,world,decayed,False,nan,0.19254810512065887,0.3472364962100983,0.5896600738348631,body,body,0.26989230066537856,0.23582412227988242,-0.1349367103814422,body,body,0.2528582114726305,0.08048582933843136,-1.1447477668006618,world,world
stiff_low,body_world,90412,True,True,m,1.6785527327767333,-4.0,short,-0.2,66,world,decayed,False,nan,0.552612966299057,0.2959486484527588,-0.6244719220648027,world,world,0.4242808073759079,0.21373327523469926,-0.6856666573276868,world,world,0.31900704130530355,0.07996316747739911,-1.3836470534768759,world,world
stiff_low,body_world,90413,True,True,l,1.497413653722908,4.0,medium,-0.05,68,world,decayed,False,nan,0.3160124659538269,0.3713621497154236,0.16139606924365488,body,body,0.34368730783462526,0.04960097000002861,-1.935721865147826,world,world,0.19664413891732693,0.1480364056304097,-0.2839374662882787,world,world
stiff_low,body_world,90414,True,True,m,1.6384059842206313,-1.0,short,-0.1,67,world,decayed,False,nan,0.2126902312040329,0.20985280275344848,-0.013430447897501788,body,body,0.2112715169787407,0.25322907567024233,0.1811503999270719,body,body,0.2322502963244915,0.16996155064553023,-0.31224341478298234,world,world
stiff_low,body_world,90415,True,True,l,1.4445958942354706,1.0,medium,-0.15000000000000002,61,world,settled,True,0.04368063062429428,0.09659659117460251,0.07664425000548362,-0.2313688662806289,body,world,0.08662042059004307,0.027433070354163647,-1.1497863585002734,world,world,0.05702674547210336,0.03395821922458708,-0.518389453964946,world,world
stiff_low,body_world,90416,True,True,m,1.4228738912776615,-2.0,short,-0.05,70,world,decayed,False,nan,0.27421401143074037,0.18916949331760408,-0.3712654619085288,body,body,0.23169175237417222,0.19440755546092986,-0.17545107785309796,body,body,0.21304965391755104,0.19471065271645785,-0.09001063115449713,body,body
stiff_low,body_world,90417,True,True,l,1.412003609654068,-2.0,medium,-0.15000000000000002,63,world,decayed,False,nan,0.3163267195224762,0.3435848355293274,0.0826584530572604,body,body,0.32995577752590177,0.2004597768187523,-0.49834502573289496,world,world,0.265207777172327,0.11841443870216609,-0.8063229200564094,world,world
stiff_low,body_world,90418,True,True,m,1.6633408277228265,4.0,short,0.25,65,world,settled,True,0.06307297945022583,0.1341505840420723,0.23036279976367952,0.5406925259151453,body,body,0.1822566919028759,0.02940918393433094,-1.824109084191317,world,world,0.10583293791860342,0.03297261013649404,-1.1661845724900999,world,world
stiff_low,body_world,90419,True,True,l,1.4868039659450991,-4.0,medium,0.25,75,alarm,persistent,False,nan,0.10173598974943161,0.440224415063858,1.4649035091632054,body,body,0.27098020240664483,0.3298655912280083,0.19663950782144765,body,body,0.30042289681732653,0.13445546180009843,-0.8039581329110604,world,world
stiff_low,body_world,90420,True,True,m,1.5449902128447706,1.0,short,-0.05,63,body,settled,True,0.1070612221956253,0.08692030087113381,0.04090441539883614,-0.7537536036704007,world,world,0.06391235813498497,0.05485898721963167,-0.1527467165696453,body,world,0.05938567267730832,0.0833909509703517,0.3394868053671332,body,body
stiff_low,body_world,90421,True,True,l,1.3429074718778478,1.0,medium,-0.05,68,world,settled,True,0.042070042341947556,0.08669621497392654,0.10628744512796402,0.2037369442045517,body,body,0.09649183005094528,0.05308985058218241,-0.5974725699096218,world,world,0.07479084031656384,0.04378072340041399,-0.5355018063268284,world,world
stiff_low,body_world,90422,True,True,m,1.4859152920245902,2.0,short,-0.2,56,world,settled,True,0.04991842433810234,0.182465498521924,0.025322874262928962,-1.9748529976289604,world,world,0.1038941863924265,0.034083047043532134,-1.1145728361463256,world,world,0.06898861671797932,0.04392391545698047,-0.451482572908849,world,world
stiff_low,body_world,90423,True,True,l,1.4537628318674107,-2.0,medium,0.0,61,alarm,persistent,False,nan,0.2577845394611359,0.3413603067398071,0.28081441981259986,body,body,0.2995724231004715,0.20701302736997604,-0.3695744762409616,world,world,0.2532927252352238,0.12445957530289889,-0.7105648698222868,world,world
stiff_low,body_world,90424,True,True,m,1.5039422662674549,-4.0,short,-0.2,72,world,decayed,False,nan,0.5413812935352326,0.2751914232969284,-0.6766568843330857,world,world,0.40828635841608046,0.22111621052026748,-0.6132803843085024,world,world,0.31470128446817397,0.06175456298515201,-1.6284560183515666,world,world
stiff_low,body_world,90425,True,True,l,1.484051795950852,4.0,medium,0.0,66,world,decayed,False,nan,0.27843528985977173,0.37591672539710996,0.30018196387226803,body,body,0.32717600762844085,0.06572993025183678,-1.6049438945775618,world,world,0.1964529689401388,0.14469411373138427,-0.30580110515557224,world,world
stiff_low,body_world,90426,True,True,m,1.499613542769097,-1.0,short,-0.2,68,world,decayed,False,nan,0.19326614439487458,0.15953229367733002,-0.1918218555507258,body,body,0.17639921903610228,0.19131676405668258,0.08118078856475028,body,body,0.18385799154639243,0.22552740573883057,0.20427801021245845,body,body
stiff_low,body_world,90427,True,True,l,1.2434438593395136,1.0,medium,0.05,67,world,settled,True,0.06074848026037216,0.08107925653457641,0.09235577657818794,0.13022110360427444,body,body,0.08671751655638218,0.036490917392075065,-0.8655925087359773,world,world,0.06160421697422862,0.04663236569613218,-0.2784354826864146,world,world
stiff_low,body_world,90428,True,True,m,1.5747146197091175,2.0,short,0.25,64,alarm,persistent,False,nan,0.09200667217373848,0.08990485444664956,-0.02310915973299133,body,body,0.09095576331019402,0.07062917780131102,-0.2529299284271889,body,world,0.08079247055575252,0.16485555581748484,0.7131858962156047,body,body
stiff_low,body_world,90429,True,True,l,1.4646053079069046,-2.0,medium,0.1,67,alarm,persistent,False,nan,0.14307082667946816,0.33843680620193484,0.8609975880813043,body,body,0.24075381644070148,0.2269571304321289,-0.05901375592583135,body,body,0.2338554734364152,0.12675562389194966,-0.6124422782124012,world,world
stiff_low,body_world,90430,True,True,m,1.6725099978259204,-4.0,short,0.1,62,world,decayed,False,nan,0.3394305884838104,0.3190679460763931,-0.06186539670351166,body,body,0.3292492672801018,0.2670892268419266,-0.20923232969767513,body,body,0.29816924706101416,0.11319174526724965,-0.9685780270017315,world,world
stiff_low,body_world,90431,True,True,l,1.3236542402011626,-4.0,medium,0.1,67,world,decayed,False,nan,0.29168728850781916,0.5278277277946473,0.5930876587058961,body,body,0.4097575081512332,0.22260169833898544,-0.6101814728255249,world,world,0.3161796032451093,0.08752200286835432,-1.2844201937235016,world,world
stiff_low,body_world,90432,True,True,m,1.3642720743548598,-1.0,short,0.15000000000000002,61,world,decayed,False,nan,0.10705851241946221,0.19932859241962433,0.6215791511132971,body,body,0.15319355241954327,0.19134018421173096,0.22235074260855836,body,body,0.17226686831563712,0.18690805733203888,0.08157198956057587,body,body
stiff_low,body_world,90433,True,True,l,1.3743791243103016,-1.0,medium,0.05,77,world,decayed,False,nan,0.16612540930509567,0.25312102138996123,0.4211247389032679,body,body,0.20962321534752845,0.20018696039915085,-0.046059974670757585,body,body,0.20490508787333966,0.1293617606163025,-0.4599340605609423,world,world
stiff_low,body_world,90434,True,True,m,1.4747028802268096,2.0,short,-0.05,62,world,settled,True,0.05784603953361511,0.1481627259403467,0.04441629573702812,-1.2047047461474212,world,world,0.09628951083868742,0.038660884462296964,-0.9125310396671502,world,world,0.06747519765049219,0.045333255734294656,-0.39771920281714473,world,world
stiff_low,body_world,90435,True,True,l,1.3038106075252267,-2.0,medium,-0.2,60,world,decayed,False,nan,0.34948434233665465,0.36628899574279783,0.046963867192244366,body,body,0.35788666903972627,0.18422539606690408,-0.6640563827953642,world,world,0.2710560325533152,0.09425529353320598,-1.0563185721372124,world,world
stiff_low,body_world,90436,True,True,m,1.6168586909623586,4.0,short,-0.05,79,world,decayed,False,nan,0.3358216643333435,0.1126187264919281,-1.0925722463944398,world,world,0.2242201954126358,0.13569555729627608,-0.5022147570999386,world,world,0.17995787635445595,0.13665393516421317,-0.27527109389437143,world,world
stiff_low,body_world,90437,True,True,l,1.3291113567705524,-4.0,medium,0.15000000000000002,77,world,decayed,False,nan,0.231484192982316,0.5231436192989349,0.8153444427164125,body,body,0.3773139061406255,0.24702177196741104,-0.4236010049161238,world,world,0.31216783905401824,0.07954186191782356,-1.367257540776876,world,world
stiff_low,body_world,90438,True,True,m,1.329008599029527,-1.0,short,0.05,80,world,decayed,False,nan,0.13904382064938545,0.11395956501364708,-0.1989454473048524,body,body,0.12650169283151627,0.11893686130642891,-0.06166291509664929,body,body,0.1227192770689726,0.14340177197009324,0.15575083822046365,body,body
stiff_low,body_world,90439,True,True,l,1.445391509411858,1.0,medium,0.0,66,alarm,persistent,False,nan,0.10061425268650055,0.07986118793487548,-0.231003947692594,body,world,0.09023772031068802,0.057324588671326636,-0.4537178715781416,world,world,0.07378115449100733,0.11206418834626675,0.4179684775683968,body,body
stiff_low,body_world,90440,True,True,m,1.5564106744089927,2.0,short,0.25,74,alarm,persistent,False,nan,0.05688545033335686,0.11969844251871109,0.7439359984221332,body,body,0.08829194642603397,0.043850850127637384,-0.6998547906915504,world,world,0.06607139827683568,0.12288620546460152,0.6205228189401734,body,body
stiff_low,body_world,90441,True,True,l,1.3070596772413094,2.0,medium,0.2,71,world,decayed,False,nan,0.07555578947067261,0.1513274535536766,0.694574738684383,body,body,0.1134416215121746,0.12751082070171832,0.11691287255730604,body,body,0.12047622110694647,0.07566066440194845,-0.46519399766298203,world,world
stiff_low,body_world,90442,True,True,m,1.6269524228642334,4.0,short,0.25,74,alarm,persistent,False,nan,0.16335775554180146,0.18902939260005952,0.14595990438633188,body,body,0.17619357407093048,0.09818343706429004,-0.5847457075173338,world,world,0.13718850556761025,0.21635728925466538,0.4555752249388384,body,body
stiff_low,body_world,90443,True,True,l,1.378277312801848,-4.0,medium,-0.1,72,world,decayed,False,nan,0.5428373694419861,0.503978180885315,-0.07427679604360587,body,body,0.5234077751636506,0.12702130749821663,-1.416005997131593,world,world,0.3252145413309336,0.09492675038054585,-1.2313795461499117,world,world
stiff_low,body_world,90444,True,True,m,1.453510197141481,1.0,short,0.0,71,body,settled,True,0.11312277615070343,0.06684854477643967,0.06954930424690246,0.03960637985938421,body,world,0.06819892451167106,0.05954319015145302,-0.13572686097854939,body,world,0.06387105733156204,0.08681900217197835,0.30695919487071743,body,body
stiff_low,body_world,90445,True,True,l,1.3665797638238526,-1.0,medium,0.0,62,world,decayed,False,nan,0.21547259390354156,0.2606913149356842,0.1905032789886937,body,body,0.23808195441961288,0.19146721363067626,-0.21789837493078584,body,body,0.21477458402514457,0.11601019315421582,-0.6159109724636513,world,world
stiff_low,body_world,90446,True,True,m,1.33490869903924,-2.0,short,-0.25,64,world,decayed,False,nan,0.30634384155273436,0.19428353905677795,-0.4553895027373539,body,body,0.25031369030475614,0.21467286944389344,-0.15359956058253996,body,body,0.2324932798743248,0.08726044469512999,-0.9799640569526381,world,world
stiff_low,body_world,90447,True,True,l,1.360545744961593,2.0,medium,0.25,71,world,settled,True,0.07661370933055878,0.10796582847833633,0.12228932082653046,0.12457494531197665,body,body,0.1151275746524334,0.14135596565902234,0.20524042982481816,body,body,0.12824177015572785,0.05983086731284857,-0.7623956080823406,world,world
stiff_low,body_world,90448,True,True,m,1.3926898559008811,4.0,short,0.0,79,world,decayed,False,nan,0.2994788870215416,0.07301369607448578,-1.41139687997653,world,world,0.1862462915480137,0.03781568016856909,-1.5943461100237077,world,world,0.11203098585829138,0.08503337390720844,-0.27573167884882577,world,world
stiff_low,body_world,90449,True,True,l,1.4996288562259714,4.0,medium,-0.15000000000000002,69,world,decayed,False,nan,0.4384876310825348,0.35115898251533506,-0.2220925415190715,body,body,0.39482330679893496,0.034486041963100435,-2.437883678869255,world,world,0.21465467438101768,0.1558440951630473,-0.3201744536451227,world,world
stiff_low,body_world,90450,True,True,m,1.6497126455801099,-1.0,short,-0.15000000000000002,68,world,decayed,False,nan,0.20569635927677155,0.14377086907625197,-0.3581802519899902,body,body,0.17473361417651176,0.19273803010582924,0.09806930040961342,body,body,0.1837358221411705,0.24670689329504966,0.29470198845905027,body,body
stiff_low,body_world,90451,True,True,l,1.4011624978174013,-1.0,medium,-0.1,69,world,decayed,False,nan,0.20240651071071625,0.2560162156820297,0.23496268054242844,body,body,0.22921136319637297,0.20024382323026657,-0.13510882107656924,body,body,0.21472759321331977,0.13034997526556252,-0.4991472658584027,world,world
stiff_low,body_world,90452,True,True,m,1.3459971515369575,2.0,short,0.0,75,world,settled,True,0.07756880670785904,0.1618250012397766,0.024901316687464713,-1.8715948310055286,world,world,0.09336315896362066,0.04532087612897158,-0.7227290557439047,world,world,0.06934201754629613,0.060850284341722724,-0.1306345440083744,body,world
stiff_low,body_world,90453,True,True,l,1.3128410648573021,-2.0,medium,-0.2,60,world,decayed,False,nan,0.34413561820983884,0.3548072278499603,0.0305388031819077,body,body,0.3494714230298996,0.1621999740600586,-0.767591811281694,world,world,0.2558356985449791,0.0831093940883875,-1.1243776948169322,world,world
stiff_low,body_world,90454,True,True,m,1.4532800695650452,4.0,short,0.25,80,world,settled,True,0.06634204089641571,0.11697854325175286,0.26278447210788725,0.8093436715484182,body,body,0.18988150767982007,0.026162667013704777,-1.9820667623657768,world,world,0.10802208734676241,0.05419086515903473,-0.6898233639443992,world,world
stiff_low,body_world,90455,True,True,l,1.4639866887179158,4.0,medium,0.1,63,world,decayed,False,nan,0.2044265903532505,0.3584496438503265,0.5615792470563541,body,body,0.2814381171017885,0.11497643580660225,-0.8951853893996979,world,world,0.1982072764541954,0.13939126394689083,-0.35202850650510553,world,world
stiff_low,body_world,90456,True,True,m,1.437503394575647,1.0,short,-0.05,71,world,decayed,False,nan,0.07229294031858444,0.054650436528027056,-0.2797692778228901,body,world,0.06347168842330575,0.07439395925030112,0.15878079079464585,body,world,0.06893282383680344,0.14436894487589597,0.7392396773530432,body,body
stiff_low,body_world,90457,True,True,l,1.433005966120608,-1.0,medium,0.1,79,world,decayed,False,nan,0.08327625840902328,0.17009849697351456,0.7142141677763504,body,body,0.12668737769126892,0.2157468467950821,0.532383255994914,body,body,0.1712171122431755,0.15440325103700162,-0.10336472009581792,body,body
stiff_low,body_world,90458,True,True,m,1.5714723561915191,-2.0,short,0.1,75,alarm,persistent,False,nan,0.2077534206211567,0.2574664443731308,0.21453749981444786,body,body,0.23260993249714373,0.25023345202207564,0.07303134899880598,body,body,0.2414216922596097,0.1321057473309338,-0.6029424468490556,world,world
stiff_low,body_world,90459,True,True,l,1.423809978213943,-2.0,medium,-0.15000000000000002,75,world,decayed,False,nan,0.32329211235046384,0.3481781244277954,0.07415791350083063,body,body,0.3357351183891296,0.1821151703596115,-0.6116832198193535,world,world,0.2589251443743706,0.11384494975209236,-0.8217015693274531,world,world
stiff_low,body_world,90460,True,True,m,1.501503010941712,-4.0,short,0.1,65,world,decayed,False,nan,0.35518997982144357,0.32419262528419496,-0.09131493914201788,body,body,0.33969130255281926,0.2345102161169052,-0.37053811905270595,world,world,0.28710075933486223,0.07259880034253001,-1.374884834481394,world,world
stiff_low,body_world,90461,True,True,l,1.4979893620177673,-4.0,medium,-0.05,68,world,decayed,False,nan,0.4971653580665588,0.465732216835022,-0.06531185619696217,body,body,0.4814487874507904,0.1254830352962017,-1.3446292926350933,world,world,0.30346591137349604,0.11679543689824641,-0.9548452838384225,world,world
stiff_low,body_world,90462,True,True,m,1.32405485767968,-1.0,short,0.15000000000000002,61,world,decayed,False,nan,0.11451700665056705,0.17568650841712952,0.42797786297178125,body,body,0.1451017575338483,0.153373271971941,0.0554393638946137,body,body,0.14923751475289465,0.19669633433222772,0.27612199386466035,body,body
stiff_low,body_world,90463,True,True,l,1.2959566174498844,1.0,medium,-0.05,60,body,settled,True,0.10093621909618378,0.09223774671554566,0.08609260097146035,-0.06894597471638823,body,body,0.089165173843503,0.04331939034163952,-0.7218901869213776,world,world,0.06624228209257126,0.08717538043856621,0.27460299526679915,body,body
stiff_low,body_world,90464,True,True,m,1.5484915809048363,-2.0,short,0.25,68,world,decayed,False,nan,0.14019680470228196,0.320998752117157,0.8283900522927586,body,body,0.23059777840971946,0.23257291316986084,0.008528807062856043,body,body,0.23158534578979015,0.17404215452261268,-0.28565093266117864,world,world
stiff_low,body_world,90465,True,True,l,1.428408630737959,-2.0,medium,-0.25,69,world,decayed,False,nan,0.3572340548038483,0.3478352725505829,-0.02666216968756213,body,body,0.3525346636772156,0.15475427284836768,-0.823310431609007,world,world,0.25364446826279163,0.11356425229460002,-0.8035647789713297,world,world
stiff_low,body_world,90466,True,True,m,1.3278826334953207,4.0,short,0.1,72,world,decayed,False,nan,0.23877748250961303,0.15481085628271102,-0.4333279930022749,body,body,0.19679416939616204,0.08126905541867017,-0.8843930351850535,world,world,0.1390316124074161,0.09153405949473381,-0.4179901967301152,world,world
stiff_low,body_world,90467,True,True,l,1.224242705022093,-4.0,medium,0.2,67,world,decayed,False,nan,0.17577685415744781,0.5445241928100586,1.1306970561254037,body,body,0.3601505234837532,0.30586979910731316,-0.1633625465590762,body,body,0.3330101612955332,0.06873755488777533,-1.5778773035694498,world,world
stiff_low,body_world,90468,True,True,m,1.377155487281401,1.0,short,0.25,65,body,settled,True,0.10399700701236725,0.09439789280295371,0.048861808516085146,-0.6585226715085988,world,world,0.07162985065951943,0.06962834112346172,-0.028340211230170463,body,world,0.07062909589149058,0.09996256716549397,0.34735360485596256,body,body
stiff_low,body_world,90469,True,True,l,1.2775926055522053,-1.0,medium,-0.2,67,world,decayed,False,nan,0.19178653061389922,0.23664147555828094,0.21016330062047808,body,body,0.2142140030860901,0.17024792581796647,-0.22971976796048552,body,body,0.19223096445202828,0.17538160048425197,-0.09173341481184388,body,body
stiff_low,body_world,90470,True,True,m,1.5219750255884492,2.0,short,-0.05,70,world,settled,True,0.04294264689087868,0.17474000304937362,0.028024854511022566,-1.8302073947758495,world,world,0.1013824287801981,0.0358541002497077,-1.0394418570675643,world,world,0.0686182645149529,0.04131333734840155,-0.5073733598165482,world,world
stiff_low,body_world,90471,True,True,l,1.2543795609592172,2.0,medium,0.0,63,world,decayed,False,nan,0.1649701863527298,0.22446278631687164,0.30794516213075573,body,body,0.1947164863348007,0.09524966478347778,-0.7150430897031173,world,world,0.14498307555913925,0.06567871309816838,-0.7918421438856602,world,world
stiff_low,body_world,90472,True,True,m,1.523888147333015,4.0,short,0.25,77,world,decayed,False,nan,0.05944035686552525,0.2758439168334007,1.5348617828459168,body,body,0.167642136849463,0.08318103700876237,-0.7008121683503751,world,world,0.12541158692911267,0.09749191161245108,-0.25183160694231904,world,world
stiff_low,body_world,90473,True,True,l,1.4189126139922845,-4.0,medium,-0.25,63,world,decayed,False,nan,0.6086991429328918,0.5093298733234406,-0.17822823964798234,body,body,0.5590145081281662,0.13301656693220137,-1.435701742671569,world,world,0.34601553753018377,0.10361750149168074,-1.205777431330935,world,world
stiff_low,body_world,90474,True,True,m,1.3393605416224226,1.0,short,0.0,80,body,settled,True,0.0916764885187149,0.06896458975970746,0.038438382744789126,-0.5845366699598151,world,world,0.053701486252248284,0.059774474427104,0.10713804270307735,body,world,0.05673798033967614,0.08476185742765666,0.40140181337802566,body,body
stiff_low,body_world,90475,True,True,l,1.4134205728523153,1.0,medium,0.1,66,body,settled,True,0.11428065598011017,0.061075742542743686,0.06146491393446922,0.0063517319283727895,body,world,0.06127032823860645,0.043407099694013594,-0.3446726688244996,world,world,0.05233871396631003,0.11422097953036428,0.7803986629837277,body,body
stiff_low,body_world,90476,True,True,m,1.3814810158500825,-2.0,short,0.0,70,world,decayed,False,nan,0.29737443625926974,0.21051012575626374,-0.3454583175772991,body,body,0.2539422810077667,0.21945425868034363,-0.14596317896942929,body,body,0.23669826984405518,0.10723863868042827,-0.7917295878574478,world,world
stiff_low,body_world,90477,True,True,l,1.4674729887667173,2.0,medium,0.1,78,world,decayed,False,nan,0.059149355813860896,0.14901075065135955,0.9239527557209469,body,body,0.10408005323261023,0.10040626004338264,-0.03593578931911903,body,body,0.10224315663799644,0.07663173004984855,-0.28834264354480427,world,world
stiff_low,body_world,90478,True,True,m,1.5027032697774165,4.0,short,0.0,80,world,decayed,False,nan,0.2894750952720642,0.10340382754802704,-1.029427288323759,world,world,0.19643946141004562,0.12097501233220101,-0.4847702847948546,world,world,0.15870723687112331,0.1175625572912395,-0.30009063305799777,world,world
stiff_low,body_world,90479,True,True,l,1.3850046666885212,-4.0,medium,0.0,66,alarm,persistent,False,nan,0.47388030886650084,0.5078529179096222,0.06923709711367819,body,body,0.49086661338806153,0.12290195673704148,-1.3847854899059444,world,world,0.3068842850625515,0.08836195110343396,-1.2450292953085553,world,world
stiff_low,calib,90480,False,False,,1.0,0.0,,0.0,64,world,settled,True,0.06636836379766464,0.051447196304798125,0.06575065478682518,0.2453136625379703,body,world,0.058598925545811656,0.048629407212138175,-0.1864879264343337,body,world,0.05361416637897491,0.062340540904551746,0.15079861971532482,body,world
stiff_low,calib,90481,False,False,,1.0,0.0,,0.0,76,world,settled,True,0.0668114647269249,0.05570076890289784,0.06155113726854324,0.09987437841034234,body,world,0.058625953085720536,0.06802529282867908,0.1487021054215128,body,world,0.06332562295719982,0.05591344814747572,-0.12448510698354893,body,world
stiff_low,calib,90482,False,False,,1.0,0.0,,0.0,79,world,settled,True,0.0592389814555645,0.052774653211236,0.057850516960024835,0.09183136718206213,body,world,0.05531258508563042,0.06891154088079929,0.21982320485287993,body,world,0.06211206298321485,0.06731804460287094,0.0804881015849884,body,world
stiff_low,calib,90483,False,False,,1.0,0.0,,0.0,70,world,settled,True,0.05838693305850029,0.07976631745696068,0.06044845767319203,-0.2773102657022683,body,world,0.07010738756507635,0.059159784391522405,-0.16978618124184275,body,world,0.06463358597829938,0.05877347867935896,-0.09504347218256476,body,world
stiff_low,calib,90484,False,False,,1.0,0.0,,0.0,69,world,settled,True,0.06362676620483398,0.07345008477568626,0.058565405383706096,-0.2264618863722518,body,world,0.06600774507969617,0.061928498186171056,-0.06379162036085761,body,world,0.06396812163293361,0.05595159325748682,-0.13389794897706048,body,world
stiff_low,calib,90485,False,False,,1.0,0.0,,0.0,78,world,settled,True,0.061759721487760544,0.04688466712832451,0.037527726590633394,-0.22261065957559015,body,world,0.04220619685947895,0.05214979648590088,0.21155322369099003,body,world,0.04717799667268992,0.054442966170608995,0.14322604972072406,body,world
stiff_low,calib,90486,False,False,,1.0,0.0,,0.0,79,world,settled,True,0.06428878754377365,0.056848655268549916,0.059916216880083084,0.052554635146084834,body,world,0.0583824360743165,0.06349082738161087,0.08388035233427957,body,world,0.06093663172796369,0.06309088245034218,0.03474176536171618,body,world
stiff_low,calib,90487,False,False,,1.0,0.0,,0.0,74,world,settled,True,0.06375855952501297,0.06393027678132057,0.05720993932336569,-0.11106541652775266,body,world,0.06057010805234313,0.06432394124567509,0.060130393662821795,body,world,0.06244702464900911,0.05829004165716469,-0.06888732499483716,body,world
stiff_low,calib,90488,False,False,,1.0,0.0,,0.0,62,world,settled,True,0.06449972093105316,0.057743505388498303,0.04743288531899452,-0.1966951110265468,body,world,0.05258819535374641,0.054825753718614575,0.04166837030250936,body,world,0.05370697453618049,0.05771849388256669,0.07203476734249135,body,world
stiff_low,calib,90489,False,False,,1.0,0.0,,0.0,65,world,settled,True,0.06105447933077812,0.05621102526783943,0.08372174352407455,0.39838580621670616,body,body,0.069966384395957,0.0594394126906991,-0.16305738413810944,body,world,0.06470289854332804,0.06782775688916445,0.047165504567434235,body,world
stiff_low,calib,90490,False,False,,1.0,0.0,,0.0,70,world,settled,True,0.06309208273887634,0.05730171129107475,0.041984375566244125,-0.3110329499956728,body,world,0.04964304342865944,0.055857225134968755,0.11794061547127203,body,world,0.0527501342818141,0.05725268954411149,0.08190830228757517,body,world
stiff_low,calib,90491,False,False,,1.0,0.0,,0.0,63,world,settled,True,0.059555381536483765,0.058600112050771716,0.056764749065041545,-0.031821090696566696,body,world,0.05768243055790663,0.061796071007847786,0.06888715576896949,body,world,0.05973925078287721,0.061523713171482086,0.029433409108045115,body,world
stiff_low,calib,90492,False,False,,1.0,0.0,,0.0,66,world,settled,True,0.055687833577394485,0.053319386392831805,0.06395716443657876,0.18191356636329237,body,world,0.058638275414705274,0.05211295764893294,-0.11797402232764254,body,world,0.055375616531819105,0.05409462028183043,-0.023404621414764785,body,world
stiff_low,calib,90493,False,False,,1.0,0.0,,0.0,80,world,settled,True,0.06309548765420914,0.042747925594449045,0.04881030060350895,0.13262069842706278,body,world,0.045779113098978995,0.06896261740475892,0.4097366398148143,body,world,0.05737086525186896,0.060452690813690424,0.05232448866013717,body,world
stiff_low,calib,90494,False,False,,1.0,0.0,,0.0,79,world,settled,True,0.06279101222753525,0.07497064024209976,0.06495258063077927,-0.14343909855302725,body,world,0.06996161043643952,0.06578101329505444,-0.06161542432893295,body,world,0.06787131186574698,0.06347597306594252,-0.06695198224313596,body,world
stiff_low,calib,90495,False,False,,1.0,0.0,,0.0,75,world,settled,True,0.0527491569519043,0.0727320894598961,0.05411606505513191,-0.295651589867337,body,world,0.063424077257514,0.05542363002896309,-0.1348375191864931,body,world,0.059423853643238544,0.04865616708993912,-0.199917157207133,body,world
stiff_low,calib,90496,False,False,,1.0,0.0,,0.0,76,world,settled,True,0.06459313631057739,0.054007239267230035,0.057087693735957144,0.05547047408899571,body,world,0.05554746650159359,0.07537400536239147,0.3052245515912653,body,world,0.06546073593199253,0.0629217155277729,-0.03955916843794579,body,world
stiff_low,calib,90497,False,False,,1.0,0.0,,0.0,68,world,settled,True,0.05915428325533867,0.08508385866880416,0.06632135659456254,-0.24912537681785193,body,world,0.07570260763168335,0.06342428252100944,-0.17696581358929536,body,world,0.0695634450763464,0.05931558813899755,-0.15936707436395053,body,world
stiff_low,calib,90498,False,False,,1.0,0.0,,0.0,70,world,settled,True,0.05614141747355461,0.05736725702881813,0.0636194758117199,0.10344594139641533,body,world,0.060493366420269014,0.05974015556275845,-0.012529296298073377,body,world,0.06011676099151373,0.050000293832272294,-0.18425980565377575,body,world
stiff_low,calib,90499,False,False,,1.0,0.0,,0.0,79,world,settled,True,0.06556494534015656,0.0691912941634655,0.06971736811101437,0.007574422704628699,body,world,0.06945433113723994,0.05758048444986343,-0.1874857319851211,body,world,0.06351740779355168,0.06457984391599894,0.016588341607244837,body,world
stiff_low,calib,90500,False,False,,1.0,0.0,,0.0,72,world,settled,True,0.06573788076639175,0.08564641177654267,0.07271910309791565,-0.1636232137088868,body,world,0.07918275743722916,0.06529420837759972,-0.19285522617637293,body,world,0.07223848290741444,0.06503695733845234,-0.10501722540412033,body,world
stiff_low,calib,90501,False,False,,1.0,0.0,,0.0,76,world,settled,True,0.06312261521816254,0.05832725092768669,0.06507603600621223,0.10948696093372375,body,world,0.061701643466949466,0.06191825354471803,0.003504456882606424,body,world,0.061809948505833746,0.06096918024122715,-0.013695836018209784,body,world
stiff_low,calib,90502,False,False,,1.0,0.0,,0.0,76,world,settled,True,0.06619986891746521,0.08191877901554108,0.05788522623479366,-0.3472660645854193,body,world,0.06990200262516737,0.060544850677251814,-0.14370987479556235,body,world,0.06522342665120959,0.06848374716937541,0.048777740650790394,body,world
stiff_low,calib,90503,False,False,,1.0,0.0,,0.0,63,world,settled,True,0.07087216526269913,0.0660203468054533,0.05328106917440891,-0.21438188632945418,body,world,0.05965070798993111,0.07627452984452247,0.2458330490893226,body,world,0.0679626189172268,0.0698187536559999,0.026944818482986233,body,world
stiff_low,calib,90504,False,False,,1.0,0.0,,0.0,72,world,settled,True,0.07621429860591888,0.07540979757905006,0.06666703298687934,-0.12322663527095319,body,world,0.0710384152829647,0.07113787941634656,0.0013991664337389238,body,world,0.07108814734965563,0.0781828586012125,0.09512980508097416,body,body
stiff_low,calib,90505,False,False,,1.0,0.0,,0.0,75,world,settled,True,0.06879033148288727,0.05086757093667984,0.0576797865331173,0.12568118480238558,body,world,0.054273678734898564,0.06609158031642437,0.1970019892086827,body,world,0.06018262952566147,0.0693744275253266,0.14213455555338134,body,world
stiff_low,calib,90506,False,False,,1.0,0.0,,0.0,78,world,settled,True,0.06223718076944351,0.054244276881217954,0.07953175194561482,0.38265884588697935,body,world,0.06688801441341638,0.05493990480899811,-0.19677984630357645,body,world,0.06091395961120725,0.06490980070084333,0.06353625434104054,body,world
stiff_low,calib,90507,False,False,,1.0,0.0,,0.0,72,world,settled,True,0.06236560270190239,0.06224165372550487,0.052828972786664964,-0.16396468242025034,body,world,0.05753531325608492,0.06349006928503513,0.09848460157813625,body,world,0.060512691270560026,0.05935984598472714,-0.019235111845766064,body,world
stiff_low,calib,90508,False,False,,1.0,0.0,,0.0,68,world,settled,True,0.06168162077665329,0.06258396357297898,0.06504409536719322,0.038556357824938894,body,world,0.0638140294700861,0.07458360344171525,0.15594762621814234,body,world,0.06919881645590067,0.06774129662662745,-0.02128777080681923,body,world
stiff_low,calib,90509,False,False,,1.0,0.0,,0.0,69,world,settled,True,0.0712890550494194,0.054395941644907,0.0462172444909811,-0.1629365631383108,body,world,0.05030659306794405,0.06468277797102928,0.2513588398203791,body,world,0.057494685519486666,0.0732808955013752,0.24260742277734193,body,world
stiff_low,calib,90510,False,False,,1.0,0.0,,0.0,60,world,settled,True,0.06809847056865692,0.05923297926783562,0.06450112909078598,0.0852042599278012,body,world,0.0618670541793108,0.05189856812357903,-0.17569659468838209,body,world,0.05688281115144491,0.06537157045677304,0.1390942546893163,body,world
stiff_low,calib,90511,False,False,,1.0,0.0,,0.0,67,world,settled,True,0.05928683280944824,0.0806831255555153,0.05248370133340359,-0.43002678188283217,body,world,0.06658341344445944,0.06439428217709064,-0.033430656049835174,body,world,0.06548884781077505,0.06075045056641102,-0.07510536678979815,body,world
stiff_low,calib,90512,False,False,,1.0,0.0,,0.0,65,world,settled,True,0.06562072038650513,0.06594876199960709,0.07076233252882957,0.07044872551007794,body,world,0.06835554726421833,0.06361689195036888,-0.07184368777258243,body,world,0.0659862196072936,0.0666727202013135,0.010349950380210231,body,world
stiff_low,calib,90513,False,False,,1.0,0.0,,0.0,79,world,settled,True,0.06001318618655205,0.0660209983587265,0.07375920861959458,0.11083300168817219,body,world,0.06989010348916054,0.06144758425652981,-0.1287395353349931,body,world,0.06566884387284518,0.05775271644815803,-0.1284542085852978,body,world
stiff_low,calib,90514,False,False,,1.0,0.0,,0.0,62,world,settled,True,0.06996198743581772,0.057242457568645475,0.05744486823678017,0.0035297863451368944,body,world,0.057343662902712825,0.07157791387289762,0.22172422209400272,body,world,0.06446078838780522,0.06875639148056507,0.06451259225140948,body,world
stiff_low,calib,90515,False,False,,1.0,0.0,,0.0,75,world,settled,True,0.06460174173116684,0.057385255210101606,0.057731198519468306,0.006010337177130996,body,world,0.057558226864784956,0.043258236907422545,-0.2856094125834814,body,world,0.05040823188610375,0.06545063266530633,0.2611416658866822,body,world
stiff_low,calib,90516,False,False,,1.0,0.0,,0.0,71,world,settled,True,0.0620223768055439,0.0719036616384983,0.0678466446697712,-0.05807725737143216,body,world,0.06987515315413476,0.06652265563607215,-0.049167547404907204,body,world,0.06819890439510345,0.06028156699612737,-0.12340213142126469,body,world
stiff_low,calib,90517,False,False,,1.0,0.0,,0.0,77,world,settled,True,0.05551006644964218,0.06506562307476997,0.0592329878360033,-0.09391773271618933,body,world,0.06214930545538664,0.0673532873392105,0.08041206885423863,body,world,0.06475129639729857,0.05695505244657397,-0.1282913187653537,body,world
stiff_low,calib,90518,False,False,,1.0,0.0,,0.0,72,world,settled,True,0.06067538261413574,0.08233721964061261,0.06516992449760436,-0.2338251671602447,body,world,0.07375357206910849,0.07785574048757553,0.0541282044771555,body,world,0.07580465627834201,0.06195770232006907,-0.20170778765319788,body,world
stiff_low,calib,90519,False,False,,1.0,0.0,,0.0,76,world,settled,True,0.060416579246520996,0.08174126893281937,0.05113435909152031,-0.4691023415047775,world,world,0.06643781401216983,0.058140335604548454,-0.13340671505452203,body,world,0.06228907480835914,0.05997403394430876,-0.037874345227182304,body,world
stiff_low,calib,90520,False,False,,1.0,0.0,,0.0,76,world,settled,True,0.0699317455291748,0.04566123262047768,0.0657046154141426,0.3639195364903694,body,world,0.05568292401731014,0.0638947520405054,0.1375637009931853,body,world,0.059788838028907776,0.06795845599845052,0.12807758877684927,body,world
stiff_low,calib,90521,False,False,,1.0,0.0,,0.0,64,world,settled,True,0.07760194689035416,0.06229508593678475,0.10025204792618751,0.4758049489061878,body,body,0.08127356693148613,0.09437196590006351,0.14942322395555654,body,body,0.08782276641577483,0.08584189098328351,-0.022813638372130112,body,body
stiff_low,calib,90522,False,False,,1.0,0.0,,0.0,80,world,settled,True,0.06487448513507843,0.04394559264183044,0.0603812575340271,0.3177264131422857,body,world,0.052163425087928775,0.05532678086310625,0.0588754940479652,body,world,0.05374510297551751,0.06804403122514487,0.2359024582185994,body,world
stiff_low,calib,90523,False,False,,1.0,0.0,,0.0,64,world,settled,True,0.05875246971845627,0.060681622847914694,0.05791382044553757,-0.0466848473023633,body,world,0.05929772164672613,0.05253906473517418,-0.12101390137486955,body,world,0.055918393190950155,0.06075401781126857,0.08293985339941194,body,world
stiff_low,calib,90524,False,False,,1.0,0.0,,0.0,60,world,settled,True,0.06015627458691597,0.07180579230189324,0.06238854303956032,-0.14058349214598265,body,world,0.06709716767072678,0.05840061418712139,-0.13881542583471143,body,world,0.06274889092892408,0.06261900924146176,-0.002072009401982255,body,world
stiff_low,calib,90525,False,False,,1.0,0.0,,0.0,74,world,settled,True,0.06691525876522064,0.08287933468818665,0.057827535271644595,-0.35992070004407833,body,world,0.07035343497991561,0.06218512579798698,-0.12341577330783109,body,world,0.0662692803889513,0.06261308528482915,-0.05675216089433886,body,world
stiff_low,calib,90526,False,False,,1.0,0.0,,0.0,64,world,settled,True,0.06702498346567154,0.07367503345012665,0.07019756138324737,-0.04835041034840941,body,world,0.07193629741668701,0.061222880892455575,-0.16125997884725304,body,world,0.0665795891545713,0.07004341753199697,0.050717238806150644,body,world
stiff_low,calib,90527,False,False,,1.0,0.0,,0.0,77,world,settled,True,0.061748504638671875,0.06073033660650253,0.05716283284127712,-0.06053944087863898,body,world,0.058946584723889826,0.06600504219532013,0.11309944583538203,body,world,0.06247581345960498,0.06034035226330161,-0.03477842551110076,body,world
stiff_low,calib,90528,False,False,,1.0,0.0,,0.0,69,world,settled,True,0.06369774043560028,0.05559629052877426,0.0646327257156372,0.1506043906180177,body,world,0.060114508122205736,0.0683561995625496,0.12848105012668593,body,world,0.06423535384237766,0.0688568972516805,0.06947665607581086,body,world
stiff_low,calib,90529,False,False,,1.0,0.0,,0.0,61,world,settled,True,0.06332239508628845,0.06589398384094239,0.06112552173435688,-0.0751176618043599,body,world,0.06350975278764963,0.05872697420418262,-0.07829433355162002,body,world,0.06111836349591613,0.06933647431433201,0.12615872338098494,body,world
