config,cell,seed,has_body,has_push,param,factor,torque,duration_name,offset_s,onset,old_verdict,old_path,old_settled,old_settled_score,early_10,late_10,logr_10,shape_10,shape_elev_10,early_20,late_20,logr_20,shape_20,shape_elev_20,early_40,late_40,logr_40,shape_40,shape_elev_40
soft_low,neither,90000,False,False,,1.0,0.0,,0.0,79,world,settled,True,0.07019099593162537,0.06101497448980808,0.07139691300690174,0.15713531572675732,body,world,0.06620594374835491,0.06583416983485221,-0.00563124168638063,body,world,0.06602005679160357,0.0713452585041523,0.0775723010305177,body,world
soft_low,neither,90001,False,False,,1.0,0.0,,0.0,75,world,settled,True,0.06551351398229599,0.11664577722549438,0.05732497200369835,-0.7104054570653814,body,world,0.08698537461459636,0.07564450297504663,-0.13969522296259268,body,world,0.0813149387948215,0.0700430846773088,-0.14921920058789243,body,world
soft_low,neither,90002,False,False,,1.0,0.0,,0.0,65,world,settled,True,0.07795727252960205,0.05999935120344162,0.0429710678756237,-0.333806699754363,body,world,0.05148520953953266,0.08728319630026818,0.5278633890617791,body,world,0.06938420291990041,0.0747887915931642,0.07500881077136352,body,world
soft_low,neither,90003,False,False,,1.0,0.0,,0.0,61,world,settled,True,0.06331600248813629,0.05027014911174774,0.044505178928375244,-0.12180588110401917,body,world,0.04738766402006149,0.06725779250264168,0.3501709433262551,body,world,0.05732272826135158,0.06690708780661225,0.15460770895929934,body,world
soft_low,neither,90004,False,False,,1.0,0.0,,0.0,76,world,settled,True,0.06538742780685425,0.07580412104725838,0.06504074819386005,-0.15313868977952896,body,world,0.07042243462055922,0.07265098821371793,0.031155106329099496,body,world,0.07153671141713858,0.0714429097250104,-0.001312098952792207,body,world
soft_low,neither,90005,False,False,,1.0,0.0,,0.0,79,world,settled,True,0.08691630512475967,0.09733229279518127,0.1262101039290428,0.2598171866488755,body,body,0.11177119836211205,0.07224389649927616,-0.43640606411404664,body,world,0.0920075474306941,0.08086227783933282,-0.12912317699605153,body,world
soft_low,neither,90006,False,False,,1.0,0.0,,0.0,74,world,settled,True,0.08384552597999573,0.09498635977506638,0.07857483550906182,-0.18968181072110196,body,world,0.0867805976420641,0.06256613470613956,-0.32715891462166724,body,world,0.07467336617410184,0.07154071452096104,-0.04285676321422314,body,world
soft_low,neither,90007,False,False,,1.0,0.0,,0.0,79,world,settled,True,0.06896106898784637,0.059101523086428645,0.044619720056653024,-0.28108078038247347,body,world,0.05186062157154083,0.07412011586129666,0.35712719896789386,body,world,0.06299036871641875,0.06363927200436592,0.010248926939026248,body,world
soft_low,neither,90008,False,False,,1.0,0.0,,0.0,62,world,settled,True,0.07856146991252899,0.06884025782346725,0.08465860709547997,0.2068380654407641,body,world,0.0767494324594736,0.06556553766131401,-0.15749577439351622,body,world,0.07115748506039381,0.0636790175922215,-0.11104040597323256,body,world
soft_low,neither,90009,False,False,,1.0,0.0,,0.0,74,world,settled,True,0.08116055279970169,0.10404417961835861,0.05404650643467903,-0.6549707067702578,body,world,0.07904534302651882,0.09225995186716318,0.15458850624629997,body,world,0.08565264744684101,0.08486507926136255,-0.009237441771740422,body,world
soft_low,neither,90010,False,False,,1.0,0.0,,0.0,72,world,settled,True,0.06815501302480698,0.07915760837495327,0.041777745634317395,-0.639077111071112,body,world,0.06046767700463533,0.05743885058909655,-0.051388043976284575,body,world,0.05895326379686594,0.07844149954617023,0.28560812729456486,body,world
soft_low,neither,90011,False,False,,1.0,0.0,,0.0,71,world,settled,True,0.0651644915342331,0.0736624363809824,0.05210829935967922,-0.34616875370440436,body,world,0.0628853678703308,0.09209282249212265,0.3814834971708293,body,world,0.07748909518122674,0.0586935879662633,-0.2778067322173485,body,world
soft_low,neither,90012,False,False,,1.0,0.0,,0.0,62,world,settled,True,0.06347230821847916,0.04620481356978416,0.06924155876040458,0.4045172599985384,body,world,0.05772318616509438,0.06926528513431549,0.18228491192508614,body,world,0.06349423564970494,0.06167999329045415,-0.0289895041330065,body,world
soft_low,neither,90013,False,False,,1.0,0.0,,0.0,68,world,settled,True,0.06442519277334213,0.05801487900316715,0.08119995780289173,0.3362152153142501,body,world,0.06960741840302945,0.07864515036344528,0.12207481870620986,body,world,0.07412628438323736,0.05686555514112115,-0.2650803844007489,body,world
soft_low,neither,90014,False,False,,1.0,0.0,,0.0,80,world,settled,True,0.05833669379353523,0.06398806497454643,0.06027376316487789,-0.059799677209113986,body,world,0.06213091406971216,0.06774316411465406,0.08647987981343679,body,world,0.06493703909218311,0.06188101200386882,-0.048204791252383444,body,world
soft_low,neither,90015,False,False,,1.0,0.0,,0.0,76,world,settled,True,0.06410163640975952,0.037648648768663404,0.06636481806635856,0.5668700033415699,body,world,0.052006733417510984,0.08100881911814213,0.4431848277506493,body,world,0.06650777626782656,0.06691369796171784,0.006084821782610539,body,world
soft_low,neither,90016,False,False,,1.0,0.0,,0.0,76,world,settled,True,0.06189180538058281,0.0805422343313694,0.05784228444099426,-0.3310616239845267,body,world,0.06919225938618183,0.05976461488753557,-0.1464752362558247,body,world,0.0644784371368587,0.05933254407718778,-0.08317290048705252,body,world
soft_low,neither,90017,False,False,,1.0,0.0,,0.0,74,world,settled,True,0.07123859971761703,0.06705709025263787,0.05439053177833557,-0.20935425936710483,body,world,0.06072381101548672,0.05355618242174387,-0.12560465326127537,body,world,0.05713999671861529,0.07914749328047037,0.3258087759568692,body,world
soft_low,neither,90018,False,False,,1.0,0.0,,0.0,66,world,settled,True,0.06288260221481323,0.07101127356290818,0.08096758797764778,0.13121027915472508,body,world,0.07598943077027798,0.07003627363592387,-0.08158095917152394,body,world,0.07301285220310091,0.06634589675813914,-0.09575356674211606,body,world
soft_low,neither,90019,False,False,,1.0,0.0,,0.0,66,world,settled,True,0.06615331023931503,0.059103357046842574,0.05590259730815887,-0.05567688306690378,body,world,0.057502977177500726,0.06473638247698546,0.11848664576287814,body,world,0.06111967982724309,0.05674658883363008,-0.07423836051951656,body,world
soft_low,neither,90020,False,False,,1.0,0.0,,0.0,73,world,settled,True,0.09007176011800766,0.05518477037549019,0.05873859971761704,0.06241007061375643,body,world,0.05696168504655361,0.04638475738465786,-0.20540794902463175,body,world,0.05167322121560573,0.08495159903541208,0.4971419887522725,body,world
soft_low,neither,90021,False,False,,1.0,0.0,,0.0,74,world,settled,True,0.07673536241054535,0.08734745159745216,0.09827808514237404,0.11790720222703376,body,world,0.0928127683699131,0.09260666817426681,-0.0022230709397811277,body,world,0.09270971827208996,0.08547670822590589,-0.08122938238643261,body,world
soft_low,neither,90022,False,False,,1.0,0.0,,0.0,66,world,settled,True,0.07084580510854721,0.06389465257525444,0.0591972503811121,-0.07636057906714616,body,world,0.06154595147818327,0.07816950194537639,0.23909549646207984,body,world,0.06985772671177984,0.06547000035643577,-0.06486867032471036,body,world
soft_low,neither,90023,False,False,,1.0,0.0,,0.0,75,world,settled,True,0.06686533987522125,0.07546562999486923,0.04954966232180595,-0.42070187489465055,body,world,0.0625076461583376,0.05079006031155586,-0.20758821551145523,body,world,0.05664885323494673,0.07115947986021638,0.22805180904550088,body,world
soft_low,neither,90024,False,False,,1.0,0.0,,0.0,73,world,settled,True,0.07353079319000244,0.068410874158144,0.11269618570804596,0.4991637849109542,body,world,0.09055352993309498,0.07470547594130039,-0.1923877715916676,body,world,0.08262950293719769,0.07095628147944807,-0.15230286159385403,body,world
soft_low,neither,90025,False,False,,1.0,0.0,,0.0,68,world,settled,True,0.0717853382229805,0.07425530776381492,0.08611458092927933,0.14816948570549818,body,world,0.08018494434654713,0.07698082067072391,-0.04077946226822125,body,world,0.07858288250863552,0.07168039213865995,-0.09193665659320595,body,world
soft_low,neither,90026,False,False,,1.0,0.0,,0.0,73,world,settled,True,0.0631319135427475,0.049629774317145346,0.050394701212644576,0.015295092598691407,body,world,0.05001223776489496,0.05597607214003801,0.11265658543170468,body,world,0.05299415495246649,0.06005937969312072,0.1251521108273036,body,world
soft_low,neither,90027,False,False,,1.0,0.0,,0.0,61,world,settled,True,0.0724724605679512,0.03613233491778374,0.08217442706227303,0.8216559788311167,body,world,0.059153380990028384,0.0483285853639245,-0.20211053330821396,body,world,0.05374098317697644,0.07383700106292963,0.3176840772907618,body,world
soft_low,neither,90028,False,False,,1.0,0.0,,0.0,71,world,settled,True,0.06157977506518364,0.07926918417215348,0.051085883378982545,-0.439341250805872,body,world,0.06517753377556801,0.0648889847099781,-0.0044369533732067,body,world,0.06503325924277306,0.06028427947312594,-0.07582745520111718,body,world
soft_low,neither,90029,False,False,,1.0,0.0,,0.0,60,world,settled,True,0.06539760529994965,0.049225228279829024,0.04932669699192047,0.0020591936213582166,body,world,0.04927596263587475,0.07841838747262955,0.4646220451099054,body,world,0.06384717505425215,0.05938175562769175,-0.07250530315165742,body,world
soft_low,neither,90030,False,False,,1.0,0.0,,0.0,72,world,settled,True,0.07237012684345245,0.048209263011813164,0.0724186085164547,0.40691210881375106,body,world,0.06031393576413393,0.06221265345811844,0.030995226626685347,body,world,0.06126329461112619,0.0717447073198855,0.15793320559504329,body,world
soft_low,neither,90031,False,False,,1.0,0.0,,0.0,65,world,settled,True,0.069361113011837,0.032149187102913854,0.09819377101957798,1.116555615924846,body,world,0.06517147906124592,0.05800236705690622,-0.11653811447823975,body,world,0.06158692305907607,0.07475908454507589,0.19382117726075726,body,world
soft_low,neither,90032,False,False,,1.0,0.0,,0.0,78,world,settled,True,0.056022416800260544,0.03815278820693493,0.06455678306519985,0.5259463536825767,body,world,0.05135478563606739,0.07307088859379292,0.3526719181356886,body,world,0.062212837114930156,0.05247762883082032,-0.17017440165966435,body,world
soft_low,neither,90033,False,False,,1.0,0.0,,0.0,74,world,settled,True,0.06481795758008957,0.05001599490642548,0.0804461494088173,0.47524515673324413,body,world,0.06523107215762139,0.07107583545148373,0.0858114897281716,body,world,0.06815345380455255,0.06412231260910631,-0.060969442326074694,body,world
soft_low,neither,90034,False,False,,1.0,0.0,,0.0,63,world,settled,True,0.07274947315454483,0.029761598259210587,0.08215754255652427,1.015419741242552,body,world,0.055959570407867434,0.06114236526191234,0.0885755287159925,body,world,0.05855096783488989,0.07582088904455304,0.25847621578054114,body,world
soft_low,neither,90035,False,False,,1.0,0.0,,0.0,66,world,settled,True,0.0680200606584549,0.09330507516860961,0.046480241045355794,-0.6968472040757954,body,world,0.06989265810698271,0.05282093267887831,-0.28005304509114515,body,world,0.061356795392930506,0.07762047303840518,0.23512529083328684,body,world
soft_low,neither,90036,False,False,,1.0,0.0,,0.0,61,world,settled,True,0.06729970127344131,0.06522727236151696,0.06378124356269836,-0.02241851014569311,body,world,0.06450425796210765,0.06912753917276859,0.06922195568856411,body,world,0.06681589856743812,0.06985946577042342,0.044544537473006164,body,world
soft_low,neither,90037,False,False,,1.0,0.0,,0.0,69,world,settled,True,0.06220575422048569,0.07394435815513134,0.09440216571092605,0.2442511211909446,body,world,0.0841732619330287,0.08562573678791523,0.017108584790043135,body,world,0.08489949936047196,0.06236288053914905,-0.3084979612662513,body,world
soft_low,neither,90038,False,False,,1.0,0.0,,0.0,63,world,settled,True,0.05969391390681267,0.05097957924008369,0.06011377722024917,0.16481390806094767,body,world,0.05554667823016644,0.059743770956993104,0.07284121715033202,body,world,0.05764522459357977,0.059221256896853446,0.026973137816093683,body,world
soft_low,neither,90039,False,False,,1.0,0.0,,0.0,63,world,settled,True,0.06270354986190796,0.10838114768266678,0.0853639580309391,-0.23873018491078885,body,world,0.09687255285680293,0.06463028490543365,-0.4047131190027071,body,world,0.0807514188811183,0.06578787490725517,-0.2049399838066905,body,world
soft_low,neither,90040,False,False,,1.0,0.0,,0.0,66,world,settled,True,0.06353146582841873,0.04650440737605095,0.07432458773255349,0.46889473166568507,body,world,0.06041449755430221,0.06151330731809139,0.018024428689154742,body,world,0.0609639024361968,0.06495715407654643,0.06344595882448338,body,world
soft_low,neither,90041,False,False,,1.0,0.0,,0.0,71,world,settled,True,0.07752914726734161,0.10989050567150116,0.033895982801914214,-1.1761879611174106,world,world,0.07189324423670769,0.08887976203113794,0.2121021681444035,body,world,0.08038650313392282,0.06946846041828394,-0.14597344798625514,body,world
soft_low,neither,90042,False,False,,1.0,0.0,,0.0,64,world,settled,True,0.07328660041093826,0.06565221846103668,0.07084032446146012,0.07605700068026222,body,world,0.0682462714612484,0.050913605466485025,-0.29299261616329686,body,world,0.05957993846386671,0.08028608458116651,0.2982773985961198,body,world
soft_low,neither,90043,False,False,,1.0,0.0,,0.0,79,world,settled,True,0.061812423169612885,0.07143816165626049,0.09400388300418853,0.274503886429996,body,world,0.08272102233022452,0.05180485472083092,-0.4679899042548168,body,world,0.06726293852552771,0.06297708423808217,-0.06583847643954309,body,world
soft_low,neither,90044,False,False,,1.0,0.0,,0.0,65,world,settled,True,0.0964130312204361,0.07893895879387855,0.10808127224445344,0.3142085845986091,body,world,0.09351011551916599,0.08850935492664576,-0.054961366000278025,body,world,0.09100973522290587,0.10540525922551751,0.14684605137137718,body,body
soft_low,neither,90045,False,False,,1.0,0.0,,0.0,64,world,settled,True,0.06277050077915192,0.04506630748510361,0.11625168323516846,0.947622618901053,body,world,0.08065899536013603,0.06141216531395912,-0.27262238644842024,body,world,0.07103558033704757,0.06564132599160075,-0.07897541603778208,body,world
soft_low,neither,90046,False,False,,1.0,0.0,,0.0,73,world,settled,True,0.06924073398113251,0.054165972769260405,0.04345193952322006,-0.2203974138420283,body,world,0.048808956146240236,0.07487901747226715,0.4279598871124328,body,world,0.061843986809253695,0.06708776913583278,0.0813868772587642,body,world
soft_low,neither,90047,False,False,,1.0,0.0,,0.0,66,world,settled,True,0.06336700916290283,0.06304936930537224,0.05312604308128357,-0.1712507977509704,body,world,0.058087706193327905,0.07903708014637231,0.30796306718227795,body,world,0.0685623931698501,0.06190552180632949,-0.1021347989077874,body,world
soft_low,neither,90048,False,False,,1.0,0.0,,0.0,76,world,settled,True,0.07757966220378876,0.08522072583436965,0.07220047153532505,-0.16579808838126392,body,world,0.07871059868484735,0.09285178445279599,0.16522668794018228,body,world,0.08578119156882166,0.09208086077123881,0.07086734247153416,body,world
soft_low,neither,90049,False,False,,1.0,0.0,,0.0,76,world,settled,True,0.06939715147018433,0.0558158740401268,0.05165744200348854,-0.07742403949339666,body,world,0.05373665802180767,0.07129741981625556,0.282764725709867,body,world,0.06251703891903163,0.07714481512084603,0.21024522908501697,body,world
soft_low,neither,90050,False,False,,1.0,0.0,,0.0,60,world,settled,True,0.089140385389328,0.10489203110337257,0.06494659706950187,-0.47936619724912277,body,world,0.08491931408643723,0.08956363592296838,0.053247828898783614,body,world,0.0872414750047028,0.09543918939307332,0.08980943576045858,body,body
soft_low,neither,90051,False,False,,1.0,0.0,,0.0,76,world,settled,True,0.06014253944158554,0.1325814127922058,0.0747498981654644,-0.5730490429703099,body,world,0.1036656554788351,0.10202546641230584,-0.01594841640948891,body,body,0.10284556094557047,0.06125839203596115,-0.5181276018251965,world,world
soft_low,neither,90052,False,False,,1.0,0.0,,0.0,68,world,settled,True,0.0642516165971756,0.056559198349714276,0.046195974573493004,-0.20239518419095,body,world,0.05137758646160364,0.05365043040364981,0.043287475179199474,body,world,0.05251400843262673,0.0699397262185812,0.28655385581550435,body,world
soft_low,neither,90053,False,False,,1.0,0.0,,0.0,72,world,settled,True,0.07036701589822769,0.04897471964359283,0.10955229550600051,0.8050977804448098,body,world,0.07926350757479668,0.050112830102443696,-0.4585007756433468,body,world,0.06468816883862019,0.07925553070381283,0.20309887544258556,body,world
soft_low,neither,90054,False,False,,1.0,0.0,,0.0,65,world,settled,True,0.06973514705896378,0.05405868850648403,0.09072822779417038,0.517798249654566,body,world,0.0723934581503272,0.050460418500006196,-0.3609267013929274,body,world,0.0614269383251667,0.06425909604877234,0.04507481262375863,body,world
soft_low,neither,90055,False,False,,1.0,0.0,,0.0,68,world,settled,True,0.07289533317089081,0.03578813560307026,0.08998009115457535,0.9219720057227437,body,world,0.0628841133788228,0.05737017411738634,-0.09176900871192625,body,world,0.06012714374810457,0.07712034489959478,0.2489057398936366,body,world
soft_low,neither,90056,False,False,,1.0,0.0,,0.0,68,world,settled,True,0.07211188971996307,0.0595485333353281,0.0870007935911417,0.3791255739819056,body,world,0.0732746634632349,0.06290319692343474,-0.15261790588871516,body,world,0.06808893019333481,0.07286537252366543,0.06779887877583238,body,world
soft_low,neither,90057,False,False,,1.0,0.0,,0.0,76,world,settled,True,0.0750240609049797,0.07184153124690056,0.08433368653059006,0.16031864970958673,body,world,0.0780876088887453,0.04461053144186735,-0.5598614251289312,world,world,0.06134907016530633,0.07507948419079184,0.20196732675439844,body,world
soft_low,neither,90058,False,False,,1.0,0.0,,0.0,61,world,settled,True,0.0607808455824852,0.08274154514074325,0.03476653210818768,-0.8670666325103856,body,world,0.05875403862446547,0.08288310896605253,0.3440713962579665,body,world,0.070818573795259,0.05749850617721677,-0.20836234009587692,body,world
soft_low,neither,90059,False,False,,1.0,0.0,,0.0,62,world,settled,True,0.07415704429149628,0.07494517415761948,0.05633384436368942,-0.28546133722697614,body,world,0.06563950926065446,0.07504647560417652,0.13392980636965426,body,world,0.07034299243241549,0.0585032407194376,-0.18430101892400513,body,world
soft_low,neither,90060,False,False,,1.0,0.0,,0.0,62,world,settled,True,0.07099451869726181,0.05728314220905304,0.05225313156843185,-0.09190655477643908,body,world,0.05476813688874245,0.07306930720806122,0.2882998233352391,body,world,0.06391872204840184,0.07663207622244954,0.1814034304625124,body,world
soft_low,neither,90061,False,False,,1.0,0.0,,0.0,80,world,settled,True,0.07270430028438568,0.05597852990031242,0.060328491032123566,0.07483625765734928,body,world,0.05815351046621799,0.08504297118633986,0.38007042581999195,body,world,0.07159824082627893,0.08740310408174992,0.1994602936409265,body,world
soft_low,neither,90062,False,False,,1.0,0.0,,0.0,66,world,settled,True,0.06302647292613983,0.05146027840673924,0.06440594494342804,0.22439572463876498,body,world,0.05793311167508364,0.06010534279048443,0.03680963787000948,body,world,0.059019227232784036,0.06439026389271021,0.08709916377291246,body,world
soft_low,neither,90063,False,False,,1.0,0.0,,0.0,62,world,settled,True,0.07913853228092194,0.060847436636686326,0.07077435553073883,0.15112703245952994,body,world,0.06581089608371257,0.06715205404907465,0.020174092868032085,body,world,0.06648147506639361,0.08434103587642312,0.23794519196802214,body,world
soft_low,neither,90064,False,False,,1.0,0.0,,0.0,72,world,settled,True,0.06348937004804611,0.0659744307398796,0.08743443563580514,0.28162195154289804,body,world,0.07670443318784237,0.08748997896909713,0.1315647549753647,body,world,0.08209720607846975,0.06619234709069133,-0.2153391317656212,body,world
soft_low,neither,90065,False,False,,1.0,0.0,,0.0,63,world,settled,True,0.07589416205883026,0.08100457563996315,0.027582178264856337,-1.0773357933413115,body,world,0.054293376952409746,0.10783391594886779,0.6861899800941104,body,body,0.08106364645063877,0.07191448202356696,-0.11975694136589582,body,world
soft_low,neither,90066,False,False,,1.0,0.0,,0.0,61,world,settled,True,0.06286636739969254,0.04809879884123802,0.05968354679644108,0.21579917968059836,body,world,0.05389117281883955,0.05729781948029995,0.06129587364314455,body,world,0.05559449614956975,0.0761752207763493,0.3149520169048302,body,world
soft_low,neither,90067,False,False,,1.0,0.0,,0.0,71,world,settled,True,0.06757587194442749,0.10580209940671921,0.06705140545964242,-0.45611079151624523,body,world,0.0864267524331808,0.06533978991210461,-0.2796960716615978,body,world,0.07588327117264271,0.07137262290343642,-0.06128189085960241,body,world
soft_low,neither,90068,False,False,,1.0,0.0,,0.0,76,world,settled,True,0.05878981202840805,0.048141419515013696,0.07872595936059952,0.49183003399306735,body,world,0.06343368943780661,0.06763656102120877,0.06415358089829516,body,world,0.06553512522950769,0.06283388379961252,-0.04209178303136359,body,world
soft_low,neither,90069,False,False,,1.0,0.0,,0.0,70,world,settled,True,0.07456663995981216,0.0362553633749485,0.042510316520929334,0.15915946261491454,body,world,0.03938283994793892,0.07374359257519245,0.6272639239942417,body,world,0.056563216261565685,0.07071572467684746,0.2233090777039902,body,world
soft_low,neither,90070,False,False,,1.0,0.0,,0.0,76,world,settled,True,0.07484988868236542,0.11027634888887405,0.04932715594768524,-0.8045147179831882,body,world,0.07980175241827965,0.061054437048733236,-0.2677795874968032,body,world,0.07042809473350645,0.08285435168072582,0.1624920108311112,body,world
soft_low,neither,90071,False,False,,1.0,0.0,,0.0,77,world,settled,True,0.06910784542560577,0.09407323002815246,0.062367599457502365,-0.4110276207655301,body,world,0.07822041474282741,0.0880524892359972,0.11840243367844529,body,world,0.0831364519894123,0.06099702678620815,-0.30965813600480274,body,world
soft_low,neither,90072,False,False,,1.0,0.0,,0.0,70,world,settled,True,0.07541479915380478,0.11567778512835503,0.056322308629751204,-0.7197179093830758,body,world,0.08600004687905312,0.08783872779458761,0.021154653084909405,body,world,0.08691938733682036,0.07953595696017146,-0.08877189856069295,body,world
soft_low,neither,90073,False,False,,1.0,0.0,,0.0,80,world,settled,True,0.06461933255195618,0.0997165471315384,0.048406923189759254,-0.7226887878155678,body,world,0.07406173516064882,0.07903715912252665,0.06501910618664668,body,world,0.07654944714158773,0.053986733220517634,-0.34919856461244303,body,world
soft_low,neither,90074,False,False,,1.0,0.0,,0.0,67,world,settled,True,0.0637190118432045,0.0471730187535286,0.05516869649291038,0.15657360733828393,body,world,0.05117085762321949,0.06552085410803557,0.24719829234624965,body,world,0.05834585586562753,0.06869714939966798,0.16331937071395408,body,world
soft_low,neither,90075,False,False,,1.0,0.0,,0.0,71,world,settled,True,0.07674287259578705,0.04968863837420941,0.0699773408472538,0.34239518463639235,body,world,0.0598329896107316,0.09127435758709908,0.422312714727545,body,world,0.07555367359891534,0.07363422103226185,-0.025733434922022513,body,world
soft_low,neither,90076,False,False,,1.0,0.0,,0.0,75,world,settled,True,0.08452974259853363,0.08383207097649574,0.07067270949482918,-0.170756148756603,body,world,0.07725239023566247,0.05497184377163648,-0.3402567341350988,body,world,0.06611211700364947,0.061638557352125645,-0.07006443750756632,body,world
soft_low,neither,90077,False,False,,1.0,0.0,,0.0,63,world,settled,True,0.06716928631067276,0.04224256984889507,0.08687307611107827,0.7210196813826392,body,world,0.06455782297998666,0.057180785574018955,-0.1213433770980997,body,world,0.06086930427700281,0.06491028033196926,0.0642770010282261,body,world
soft_low,neither,90078,False,False,,1.0,0.0,,0.0,63,world,settled,True,0.07217316329479218,0.0691313847899437,0.07515746951103211,0.08357668451553214,body,world,0.0721444271504879,0.05212464220821857,-0.3250322264807649,body,world,0.06213453467935324,0.08367608385160566,0.2976512517604156,body,world
soft_low,neither,90079,False,False,,1.0,0.0,,0.0,64,world,settled,True,0.06719262897968292,0.11579827070236207,0.10722637847065926,-0.07690734535144794,body,world,0.11151232458651066,0.058511764369904996,-0.644907284839759,world,world,0.08501204447820783,0.06765934536233545,-0.22830745829120833,body,world
soft_low,neither,90080,False,False,,1.0,0.0,,0.0,78,world,settled,True,0.07259096205234528,0.06054370626807213,0.05267033204436302,-0.1393131841566246,body,world,0.056607019156217575,0.07708622552454472,0.30879161645812275,body,world,0.06684662234038115,0.07721576830372215,0.1442029124893407,body,world
soft_low,neither,90081,False,False,,1.0,0.0,,0.0,79,world,settled,True,0.06513933837413788,0.11462830528616905,0.04633944183588028,-0.9057012918518795,body,world,0.08048387356102467,0.07732759639620781,-0.04000594020702416,body,world,0.07890573497861623,0.05429021446034312,-0.37390991370179555,body,world
soft_low,neither,90082,False,False,,1.0,0.0,,0.0,76,world,settled,True,0.06388593465089798,0.09901669584214687,0.06652186997234821,-0.39775771542583477,body,world,0.08276928290724754,0.06890429630875587,-0.1833384813898061,body,world,0.0758367896080017,0.0732632209546864,-0.034524803473034056,body,world
soft_low,neither,90083,False,False,,1.0,0.0,,0.0,74,world,settled,True,0.061891935765743256,0.04688628390431404,0.062430943548679355,0.28633586405225747,body,world,0.0546586137264967,0.06443350631743669,0.16452696381777288,body,world,0.0595460600219667,0.06115917256101966,0.026729720789002997,body,world
soft_low,neither,90084,False,False,,1.0,0.0,,0.0,73,world,settled,True,0.0868082195520401,0.04279531016945839,0.029688353836536407,-0.3656736789130522,body,world,0.036241832002997396,0.08986370600759983,0.9080801129518927,body,world,0.06305276900529862,0.08900828454643488,0.3447574711350324,body,world
soft_low,neither,90085,False,False,,1.0,0.0,,0.0,72,world,settled,True,0.07926285266876221,0.05198333151638508,0.10252878367900849,0.6792204561043069,body,world,0.07725605759769678,0.05676085967570543,-0.3082783302288234,body,world,0.0670084586367011,0.0764019438996911,0.1311892798307327,body,world
soft_low,neither,90086,False,False,,1.0,0.0,,0.0,63,world,settled,True,0.06201659515500069,0.02790991626679897,0.05936090275645256,0.7546537594757055,body,world,0.04363540951162577,0.059736605547368524,0.31407602523528405,body,world,0.05168600752949715,0.05625779768452048,0.08475755949522981,body,world
soft_low,neither,90087,False,False,,1.0,0.0,,0.0,66,world,settled,True,0.06328711658716202,0.04205159991979599,0.05964700281620026,0.349546467387233,body,world,0.050849301367998125,0.06454723253846169,0.23853085990369224,body,world,0.0576982669532299,0.06439462127164006,0.10980297140519767,body,world
soft_low,neither,90088,False,False,,1.0,0.0,,0.0,75,world,settled,True,0.06293493509292603,0.05697014853358269,0.04830684289336205,-0.16495419527904961,body,world,0.052638495713472365,0.0626100929453969,0.17347878453271415,body,world,0.05762429432943463,0.0706098328344524,0.20322515474502256,body,world
soft_low,neither,90089,False,False,,1.0,0.0,,0.0,62,world,settled,True,0.08107896149158478,0.08837897628545761,0.05788946896791458,-0.42309863160772204,body,world,0.07313422262668609,0.06062772125005722,-0.18754418414080967,body,world,0.06688097193837166,0.07150967074558139,0.06691819449456503,body,world
soft_low,neither,90090,False,False,,1.0,0.0,,0.0,68,world,settled,True,0.06946565955877304,0.14154231995344163,0.06304567493498325,-0.8087392906358275,body,world,0.10229399744421244,0.07113765459507704,-0.36323419811272706,body,world,0.08671582601964474,0.07390604633837938,-0.1598417623933755,body,world
soft_low,neither,90091,False,False,,1.0,0.0,,0.0,77,world,settled,True,0.08215346932411194,0.07506327778100967,0.03924035020172596,-0.6486259022970746,body,world,0.05715181399136782,0.08058704137802124,0.34362672902054126,body,world,0.06886942768469453,0.08157710824161768,0.1693363269170339,body,world
soft_low,neither,90092,False,False,,1.0,0.0,,0.0,68,world,settled,True,0.05923435837030411,0.06188002154231072,0.06337780468165874,0.023916342428772226,body,world,0.06262891311198474,0.09127333834767341,0.3766316802000777,body,world,0.07695112572982907,0.06337255444377661,-0.19413961703695073,body,world
soft_low,neither,90093,False,False,,1.0,0.0,,0.0,64,world,settled,True,0.0790889710187912,0.08615238815546036,0.03905746005475521,-0.7910837869146331,body,world,0.06260492410510779,0.08873445689678192,0.3488043446219321,body,world,0.07566969050094485,0.08678935719653964,0.13710631062326753,body,world
soft_low,neither,90094,False,False,,1.0,0.0,,0.0,69,world,settled,True,0.08219285309314728,0.12639566659927368,0.09934309720993043,-0.24083771082502675,body,world,0.11286938190460205,0.10053561050444841,-0.11571923966626238,body,body,0.10670249620452524,0.08751738164573908,-0.19820713162500195,body,world
soft_low,neither,90095,False,False,,1.0,0.0,,0.0,61,world,settled,True,0.06976963579654694,0.03698068931698799,0.04049292057752609,0.09073129222824994,body,world,0.03873680494725704,0.0751390192657709,0.6625498076481916,body,world,0.05693791210651398,0.06993485745042563,0.20560278804488547,body,world
soft_low,neither,90096,False,False,,1.0,0.0,,0.0,62,world,settled,True,0.08794265985488892,0.07101460136473178,0.1005193129181862,0.34746436845529893,body,world,0.08576695714145899,0.09113595262169838,0.06071855906886497,body,world,0.08845145488157868,0.08757676016539336,-0.009938201273578558,body,world
soft_low,neither,90097,False,False,,1.0,0.0,,0.0,61,world,settled,True,0.07012827694416046,0.05891899168491364,0.09561130329966545,0.4841275702629324,body,world,0.07726514749228955,0.04209605548530817,-0.607288938235363,world,world,0.059680601488798855,0.06676361532881855,0.11215121703348671,body,world
soft_low,neither,90098,False,False,,1.0,0.0,,0.0,70,world,settled,True,0.08005000650882721,0.04063647761940956,0.08469847440719605,0.7344314630112019,body,world,0.0626674760133028,0.06809804439544678,0.0831059068986935,body,world,0.06538276020437479,0.1003344857133925,0.42825084325490953,body,body
soft_low,neither,90099,False,False,,1.0,0.0,,0.0,79,world,settled,True,0.0610787570476532,0.07018785625696182,0.0551228754222393,-0.2416105163439664,body,world,0.06265536583960056,0.07603831719607115,0.19358806131281586,body,world,0.06934684151783585,0.05374430250376463,-0.2548829401811384,body,world
soft_low,neither,90100,False,False,,1.0,0.0,,0.0,62,world,settled,True,0.06661182641983032,0.0539635706692934,0.1108603224158287,0.7199618506303135,body,world,0.08241194654256105,0.07657633237540722,-0.07344235653812789,body,world,0.07949413945898413,0.07183967456221581,-0.10124640749825109,body,world
soft_low,neither,90101,False,False,,1.0,0.0,,0.0,62,world,settled,True,0.06011205166578293,0.057811934128403665,0.0666735514998436,0.14261311786983688,body,world,0.06224274281412363,0.060250706411898135,-0.03252765026863231,body,world,0.06124672461301088,0.06394876195117831,0.04317179591088078,body,world
soft_low,neither,90102,False,False,,1.0,0.0,,0.0,63,world,settled,True,0.07013832032680511,0.07192680463194848,0.03825971484184265,-0.631251488773726,body,world,0.055093259736895564,0.09812607914209366,0.577225792816358,body,body,0.07660966943949461,0.07726527787745,0.008521366428531595,body,world
soft_low,neither,90103,False,False,,1.0,0.0,,0.0,62,world,settled,True,0.09043358266353607,0.10099202618002892,0.04634467624127865,-0.7789351395479441,body,world,0.07366835121065378,0.09009015541523695,0.20123761607157384,body,world,0.08187925331294536,0.08860286073759198,0.0789185038579319,body,world
soft_low,neither,90104,False,False,,1.0,0.0,,0.0,72,world,settled,True,0.06839273869991302,0.05391035526990891,0.08179847709834576,0.4169360465580829,body,world,0.06785441618412733,0.052946224622428414,-0.24808770292088875,body,world,0.06040032040327788,0.06263229222968221,0.03628658579869958,body,world
soft_low,neither,90105,False,False,,1.0,0.0,,0.0,74,world,settled,True,0.07017957419157028,0.04950079470872879,0.1030164584517479,0.7329000420905528,body,world,0.07625862658023834,0.06199851837009192,-0.20702005706375545,body,world,0.06912857247516513,0.07138634780421853,0.032138503955503585,body,world
soft_low,neither,90106,False,False,,1.0,0.0,,0.0,79,world,settled,True,0.08581249415874481,0.08527524285018444,0.042279353365302086,-0.7015853093664887,body,world,0.06377729810774327,0.0569966483861208,-0.112404832134082,body,world,0.06038697324693203,0.09648821381852031,0.46864745733005053,body,body
soft_low,neither,90107,False,False,,1.0,0.0,,0.0,79,world,settled,True,0.08375060558319092,0.07055684849619866,0.056702311336994174,-0.21860377230779302,body,world,0.06362957991659642,0.05881592072546482,-0.07866587635939086,body,world,0.06122275032103062,0.07117042681202293,0.1505585206580983,body,world
soft_low,neither,90108,False,False,,1.0,0.0,,0.0,64,world,settled,True,0.06130022928118706,0.06697778105735779,0.05511725693941116,-0.19489807816440397,body,world,0.061047518998384474,0.06428493112325669,0.05167269022389419,body,world,0.06266622506082058,0.05361945442855358,-0.1559106692543645,body,world
soft_low,neither,90109,False,False,,1.0,0.0,,0.0,66,world,settled,True,0.06402523815631866,0.07165777161717415,0.05638573616743088,-0.23968539310133452,body,world,0.06402175389230251,0.05634949244558811,-0.12764969690399372,body,world,0.06018562316894531,0.06044012634083629,0.004219721752056128,body,world
soft_low,neither,90110,False,False,,1.0,0.0,,0.0,60,world,settled,True,0.07330289483070374,0.09254629202187062,0.07835913524031639,-0.16640641633642198,body,world,0.0854527136310935,0.05685598440468311,-0.4074416847744852,body,world,0.07115434901788831,0.07811739379540086,0.09336129659361511,body,world
soft_low,neither,90111,False,False,,1.0,0.0,,0.0,76,world,settled,True,0.08987412601709366,0.04369734078645706,0.097641209512949,0.8040123842403841,body,world,0.07066927514970303,0.08413351029157638,0.17439404748545329,body,world,0.0774013927206397,0.09631266910582781,0.21859509464181723,body,body
soft_low,neither,90112,False,False,,1.0,0.0,,0.0,69,world,settled,True,0.061594218015670776,0.06691117100417614,0.11579106748104095,0.5484214908693209,body,world,0.09135111924260855,0.08029160909354686,-0.12904541397785182,body,world,0.0858213641680777,0.05806997893378139,-0.3906191585155433,world,world
soft_low,neither,90113,False,False,,1.0,0.0,,0.0,60,world,settled,True,0.060316599905490875,0.05306714549660683,0.07254729568958282,0.3126806956303767,body,world,0.06280722059309482,0.0610943716019392,-0.02765030033521225,body,world,0.06195079609751701,0.056978275440633296,-0.0836703960739547,body,world
soft_low,neither,90114,False,False,,1.0,0.0,,0.0,65,world,settled,True,0.06565902382135391,0.06731246560811996,0.049254249036312106,-0.3123498052422829,body,world,0.05828335732221603,0.06045537739992142,0.03658894283328296,body,world,0.05936936736106872,0.06611445294693112,0.10760898335197393,body,world
soft_low,neither,90115,False,False,,1.0,0.0,,0.0,77,world,settled,True,0.06394898891448975,0.03878414519131183,0.06159044504165649,0.46249521152038375,body,world,0.05018729511648416,0.07038413640111685,0.3382059932236088,body,world,0.060285715758800505,0.055956211593002084,-0.07452574039116347,body,world
soft_low,neither,90116,False,False,,1.0,0.0,,0.0,75,world,settled,True,0.07483413070440292,0.07527279630303382,0.07355699650943279,-0.02305823023945702,body,world,0.0744148964062333,0.08519484493881464,0.1352847842802873,body,world,0.07980487067252398,0.08129819612950087,0.018539289888910293,body,world
soft_low,neither,90117,False,False,,1.0,0.0,,0.0,79,world,settled,True,0.0630677118897438,0.09608125314116478,0.04117433205246925,-0.847379166601698,body,world,0.06862779259681702,0.07238732185214758,0.053333578938158134,body,world,0.07050755722448229,0.05531426277011633,-0.24268910719622025,body,world
soft_low,neither,90118,False,False,,1.0,0.0,,0.0,68,world,settled,True,0.06926698982715607,0.0581903800368309,0.05536041110754013,-0.049855312254516976,body,world,0.056775395572185514,0.07152467221021652,0.23093940072256544,body,world,0.06415003389120102,0.0684753442183137,0.06524912268272945,body,world
soft_low,neither,90119,False,False,,1.0,0.0,,0.0,69,world,settled,True,0.06091233342885971,0.12459170967340469,0.10157573670148849,-0.204237373982286,body,world,0.1130837231874466,0.06899897325783969,-0.4940368333695448,body,world,0.09104134822264313,0.061394894029945135,-0.3939871068185322,world,world
soft_low,body_only,90120,True,False,m,1.5891995503048728,0.0,,0.0,74,world,settled,True,0.07125289738178253,0.0393360186368227,0.06623481102287769,0.5210655671063665,body,world,0.0527854148298502,0.06135968714952469,0.15051814017046256,body,world,0.05707255098968744,0.0685014790855348,0.18253205466384012,body,world
soft_low,body_only,90121,True,False,l,1.4812383451425903,0.0,,0.0,60,world,settled,True,0.059931229799985886,0.048304653540253636,0.06278319470584393,0.26215953483081383,body,world,0.05554392412304878,0.07252179943025112,0.2667130650807096,body,world,0.06403286177664995,0.054239869583398104,-0.16598017764827386,body,world
soft_low,body_only,90122,True,False,m,1.577333311441059,0.0,,0.0,60,world,settled,True,0.06757715344429016,0.07913343906402588,0.0872204914689064,0.0973037676029398,body,world,0.08317696526646615,0.06375983916223049,-0.2658469377873001,body,world,0.07346840221434832,0.07515450064092874,0.022690591235004335,body,world
soft_low,body_only,90123,True,False,l,1.2659873041674827,0.0,,0.0,78,world,settled,True,0.06284598261117935,0.07787643224000931,0.04474350214004517,-0.5541771378600993,body,world,0.06130996719002724,0.0789518291130662,0.25289548180085986,body,world,0.07013089815154672,0.06746680093929172,-0.03872783046873951,body,world
soft_low,body_only,90124,True,False,m,1.4143549642821072,0.0,,0.0,79,world,settled,True,0.05927175283432007,0.04883352592587471,0.09145706035196781,0.6274524927057997,body,world,0.07014529313892126,0.06430140323936939,-0.08698725288050042,body,world,0.06722334818914533,0.0605464699678123,-0.10460946163398785,body,world
soft_low,body_only,90125,True,False,l,1.4086180240535773,0.0,,0.0,63,world,settled,True,0.06389105319976807,0.07336755692958832,0.06296162381768226,-0.15295643918815768,body,world,0.06816459037363529,0.060449279844760895,-0.12012056353257959,body,world,0.06430693510919809,0.05572079084813595,-0.1433141388708148,body,world
soft_low,body_only,90126,True,False,m,1.6448408546174003,0.0,,0.0,68,world,settled,True,0.06222974509000778,0.06155097782611847,0.0662488467991352,0.07355231870938507,body,world,0.06389991231262684,0.0706923846155405,0.10101986391185849,body,world,0.06729614846408367,0.06501711066812277,-0.03445252935135898,body,world
soft_low,body_only,90127,True,False,l,1.4986137896780058,0.0,,0.0,61,world,settled,True,0.06596680730581284,0.048998613655567166,0.0584662988781929,0.17665849571650893,body,world,0.05373245626688004,0.06516969203948975,0.19297729614357764,body,world,0.05945107415318489,0.05875048954039812,-0.011854205559536585,body,world
soft_low,body_only,90128,True,False,m,1.416558817025714,0.0,,0.0,64,world,settled,True,0.06514348834753036,0.06440408751368523,0.06521359980106353,0.012490931281948404,body,world,0.06480884365737438,0.048709819093346596,-0.28556143638175197,body,world,0.05675933137536049,0.07418328346684575,0.26771876222121854,body,world
soft_low,body_only,90129,True,False,l,1.38378853736242,0.0,,0.0,68,world,settled,True,0.06055375188589096,0.05604673400521278,0.036337734758853914,-0.4333291521350289,body,world,0.04619223438203335,0.08008313179016113,0.5502535455204819,body,world,0.06313768308609724,0.05980791002511978,-0.054179860712948086,body,world
soft_low,body_only,90130,True,False,m,1.4756383192437175,0.0,,0.0,71,world,settled,True,0.07007525861263275,0.0814256452023983,0.07116881869733334,-0.13463549216650428,body,world,0.07629723194986582,0.0612156480550766,-0.2202338151143341,body,world,0.0687564400024712,0.0687877562828362,0.00045536317419265577,body,world
soft_low,body_only,90131,True,False,l,1.3606013397692742,0.0,,0.0,80,world,settled,True,0.0623999759554863,0.07206973657011986,0.04709637835621834,-0.42543810831830714,body,world,0.059583057463169095,0.06173868700861931,0.03553948947908795,body,world,0.060660872235894205,0.06444174293428659,0.06046272408845361,body,world
soft_low,body_only,90132,True,False,m,1.3052923183294922,0.0,,0.0,64,world,settled,True,0.06208813190460205,0.04719112552702427,0.0750900998711586,0.4644828677117646,body,world,0.061140612699091434,0.06607460640370846,0.07760816600124827,body,world,0.06360760955139995,0.06348064253106714,-0.0019980928291008105,body,world
soft_low,body_only,90133,True,False,l,1.3207448067237653,0.0,,0.0,67,world,settled,True,0.06044478341937065,0.06187072098255157,0.059820374846458434,-0.03370074323806672,body,world,0.060845547914505006,0.08087022416293621,0.28450704716126635,body,world,0.0708578860387206,0.052018451225012544,-0.30907777917034845,body,world
soft_low,body_only,90134,True,False,m,1.4561368550822151,0.0,,0.0,64,world,settled,True,0.06651279330253601,0.07171838283538819,0.08458730429410935,0.16503708773017156,body,world,0.07815284356474876,0.05065235011279583,-0.4336808135044795,body,world,0.0644025968387723,0.07306235171854496,0.12615925383426274,body,world
soft_low,body_only,90135,True,False,l,1.4036352699808552,0.0,,0.0,79,world,settled,True,0.06200595945119858,0.05281092822551727,0.051365715265274045,-0.027747211544000706,body,world,0.05208832174539566,0.07617544233798981,0.38009835884692394,body,world,0.06413188204169273,0.06175842499360442,-0.037711216675137445,body,world
soft_low,body_only,90136,True,False,m,1.3752498406372067,0.0,,0.0,68,world,settled,True,0.06438787281513214,0.0445812277495861,0.05951889604330063,0.2889809747471668,body,world,0.052050061896443366,0.06911867037415505,0.2836189035926973,body,world,0.0605843661352992,0.061334251426160336,0.012301562508124763,body,world
soft_low,body_only,90137,True,False,l,1.3180944856558197,0.0,,0.0,66,world,settled,True,0.06021994352340698,0.06661105677485465,0.08040850460529328,0.18824936785615304,body,world,0.07350978069007397,0.0582326689735055,-0.232971948155302,body,world,0.06587122483178973,0.06276467274874449,-0.048309317819551466,body,world
soft_low,body_only,90138,True,False,m,1.3737292058898571,0.0,,0.0,76,world,settled,True,0.07181690633296967,0.09143138378858566,0.07265705615282059,-0.2298382764161284,body,world,0.08204421997070313,0.04275765027850866,-0.6517102365912811,world,world,0.06240093512460589,0.07700224416330456,0.21025430517261684,body,world
soft_low,body_only,90139,True,False,l,1.2231365368057392,0.0,,0.0,78,world,settled,True,0.06498811393976212,0.039440283179283143,0.07517401278018951,0.6450178867887975,body,world,0.05730714797973633,0.050048171728849414,-0.1354393863328261,body,world,0.05367765985429287,0.0679955828934908,0.236445848273064,body,world
soft_low,body_only,90140,True,False,m,1.5903123576273737,0.0,,0.0,77,world,settled,True,0.06396220624446869,0.060593724623322485,0.08009767234325409,0.2790554606243992,body,world,0.07034569848328828,0.06902696453034877,-0.018924418621308423,body,world,0.06968633150681854,0.061215965077281,-0.12959617112453767,body,world
soft_low,body_only,90141,True,False,l,1.3983126255738383,0.0,,0.0,68,world,settled,True,0.06522421538829803,0.03263166882097721,0.07509926557540894,0.8335275263733013,body,world,0.05386546719819307,0.06674230508506299,0.21434942119994094,body,world,0.06030388614162803,0.06856795940548181,0.12842881311371204,body,world
soft_low,body_only,90142,True,False,m,1.5588960124158446,0.0,,0.0,77,world,settled,True,0.060912154614925385,0.05347831100225449,0.07045648694038391,0.27571914287108684,body,world,0.0619673989713192,0.0755054147914052,0.19759594906631184,body,world,0.0687364068813622,0.05619329260662198,-0.20148159776819488,body,world
soft_low,body_only,90143,True,False,l,1.3381767659159343,0.0,,0.0,76,world,settled,True,0.063509002327919,0.057570460811257364,0.06798266917467118,0.16624320459405448,body,world,0.06277656499296427,0.05783154591917992,-0.08204743098287494,body,world,0.06030405545607209,0.05857176259160042,-0.029146642722673956,body,world
soft_low,body_only,90144,True,False,m,1.4340779419258376,0.0,,0.0,78,world,settled,True,0.06561543047428131,0.056331817060709,0.07604011595249176,0.30000153269654334,body,world,0.06618596650660039,0.08384973388165236,0.23655786035565649,body,world,0.07501785019412636,0.06622003000229597,-0.1247431026175329,body,world
soft_low,body_only,90145,True,False,l,1.3732457116762027,0.0,,0.0,79,world,settled,True,0.06462734937667847,0.05616039335727692,0.08997839242219925,0.47135779338961176,body,world,0.07306939288973809,0.0513748899102211,-0.3522600472094812,body,world,0.06222214139997959,0.06759233810007573,0.08278372744717223,body,world
soft_low,body_only,90146,True,False,m,1.4659264726975494,0.0,,0.0,73,world,settled,True,0.06819870322942734,0.08210291042923927,0.06309274435043336,-0.2633676892248233,body,world,0.0725978273898363,0.062252720817923546,-0.15373275331503117,body,world,0.06742527410387993,0.062357578054070474,-0.0781347290297011,body,world
soft_low,body_only,90147,True,False,l,1.3697174281168265,0.0,,0.0,61,world,settled,True,0.06429654359817505,0.035447624325752256,0.08173146918416023,0.8353828714917962,body,world,0.05858954675495624,0.061292721517384054,0.0451048028006078,body,world,0.05994113413617015,0.07034677872434258,0.16007401033453938,body,world
soft_low,body_only,90148,True,False,m,1.3038571531689942,0.0,,0.0,77,world,settled,True,0.062188826501369476,0.05243367999792099,0.05485987141728401,0.045233008768161,body,world,0.0536467757076025,0.07126016858965159,0.2839161573894192,body,world,0.062453472148627044,0.06230375990271568,-0.002400058342351135,body,world
soft_low,body_only,90149,True,False,l,1.2823864181574816,0.0,,0.0,69,world,settled,True,0.06285042315721512,0.05662084966897964,0.07879322543740272,0.3304497354735695,body,world,0.06770703755319118,0.06840939950197936,0.010320108250056099,body,world,0.06805821852758527,0.06075009498745203,-0.11359484790316199,body,world
soft_low,body_only,90150,True,False,m,1.371260065573264,0.0,,0.0,77,world,settled,True,0.06691519170999527,0.042968861386179925,0.06218663901090622,0.3696644702144412,body,world,0.05257775019854307,0.060511380061507226,0.14053841731215796,body,world,0.05654456513002515,0.06668675756081939,0.16497730528605617,body,world
soft_low,body_only,90151,True,False,l,1.2751118713228489,0.0,,0.0,67,world,settled,True,0.06750617921352386,0.08095999881625175,0.06312842965126038,-0.24878397368904095,body,world,0.07204421423375607,0.04930894784629345,-0.3791744546456796,body,world,0.060676581040024755,0.06611918043345213,0.0859010689444973,body,world
soft_low,body_only,90152,True,False,m,1.3717293620024857,0.0,,0.0,77,world,settled,True,0.05935174226760864,0.08061928749084472,0.05387559309601784,-0.4030603626729178,body,world,0.06724744029343128,0.06554203219711781,-0.02568730544174277,body,world,0.06639473624527455,0.058976256661117075,-0.11848284648888874,body,world
soft_low,body_only,90153,True,False,l,1.3777582765834164,0.0,,0.0,63,world,settled,True,0.0630747452378273,0.037277333065867425,0.0777215227484703,0.7347467677408461,body,world,0.05749942790716887,0.06304301228374243,0.0920422297835598,body,world,0.060271220095455644,0.06337408544495701,0.05020031984132865,body,world
soft_low,body_only,90154,True,False,m,1.3240528558094946,0.0,,0.0,61,world,settled,True,0.06396842002868652,0.04028055034577847,0.0664788145571947,0.5010145880572705,body,world,0.05337968245148659,0.06949109844863414,0.2637684693627681,body,world,0.06143539045006037,0.06816969830542803,0.10401409894606933,body,world
soft_low,body_only,90155,True,False,l,1.2616156540457863,0.0,,0.0,75,world,settled,True,0.06395323574542999,0.060996823757886884,0.07800953537225723,0.2460092743053343,body,world,0.06950317956507206,0.053015962988138196,-0.27077944400259196,body,world,0.061259571276605126,0.05520775010809302,-0.10401675902035706,body,world
soft_low,body_only,90156,True,False,m,1.53054519222226,0.0,,0.0,80,world,settled,True,0.06664536148309708,0.034841037914156915,0.052205931022763254,0.4044001671423078,body,world,0.043523484468460084,0.07333541586995125,0.5217429902537475,body,world,0.058429450169205664,0.07008738871663808,0.18192282722578693,body,world
soft_low,body_only,90157,True,False,l,1.488929027680533,0.0,,0.0,67,world,settled,True,0.06530903279781342,0.03653811775147915,0.058551917970180514,0.4715578097021642,body,world,0.04754501786082983,0.047848057374358176,0.006353512184886649,body,world,0.047696537617594,0.06835958790034055,0.35992302122852315,body,world
soft_low,body_only,90158,True,False,m,1.4010988441285952,0.0,,0.0,76,world,settled,True,0.06925864517688751,0.10429672747850419,0.049845998361706736,-0.7383017658703407,body,world,0.07707136292010545,0.06400962360203266,-0.1856983429809368,body,world,0.07054049326106906,0.05659316079691053,-0.22029877349563062,body,world
soft_low,body_only,90159,True,False,l,1.3983826888544335,0.0,,0.0,76,world,settled,True,0.06073387339711189,0.07980862483382226,0.051294974982738495,-0.44203878541370684,body,world,0.06555179990828038,0.08237742185592652,0.22847072437819296,body,world,0.07396461088210345,0.054713587556034324,-0.3014746675207306,body,world
soft_low,body_only,90160,True,False,m,1.6346395142175347,0.0,,0.0,78,world,settled,True,0.0697266012430191,0.07311004549264907,0.07369850650429725,0.008016755907741379,body,world,0.07340427599847317,0.054522964730858804,-0.29736020590793744,body,world,0.06396362036466599,0.07027243748307228,0.09406516205605925,body,world
soft_low,body_only,90161,True,False,l,1.4627355647267428,0.0,,0.0,75,world,settled,True,0.06404378265142441,0.06283653676509857,0.08083761408925057,0.25190567819309173,body,world,0.07183707542717457,0.053658151812851426,-0.2917673117767475,body,world,0.06274761362001299,0.06555403880774975,0.043754275136165505,body,world
soft_low,body_only,90162,True,False,m,1.3110427449584228,0.0,,0.0,70,world,settled,True,0.06458479166030884,0.08208326548337937,0.09258527159690857,0.1203959101873121,body,world,0.08733426854014396,0.06426783557981253,-0.30668364168509554,body,world,0.07580105205997825,0.07002305258065462,-0.07928766155588525,body,world
soft_low,body_only,90163,True,False,l,1.4308898612160117,0.0,,0.0,78,world,settled,True,0.06446347385644913,0.04673833549022675,0.09401068687438965,0.6988437495889547,body,world,0.0703745111823082,0.05115737989544868,-0.31892437906476073,body,world,0.060765945538878444,0.07204721076413989,0.17029208340735758,body,world
soft_low,body_only,90164,True,False,m,1.439856144676443,0.0,,0.0,68,world,settled,True,0.06156393140554428,0.11540570557117462,0.04142479486763477,-1.0245741831404935,body,world,0.0784152502194047,0.07230537477880716,-0.08111996018733983,body,world,0.07536031249910594,0.06655144747346639,-0.12430548224048053,body,world
soft_low,body_only,90165,True,False,l,1.2997648895781109,0.0,,0.0,62,world,settled,True,0.06204024702310562,0.03940895013511181,0.05055699869990349,0.24910843562326415,body,world,0.04498297441750765,0.07414667792618275,0.4997611936041905,body,world,0.0595648261718452,0.05610951455309987,-0.05975983692830431,body,world
soft_low,body_only,90166,True,False,m,1.679679815459025,0.0,,0.0,64,world,settled,True,0.06130331754684448,0.04231918454170227,0.0629729837179184,0.39746528604236697,body,world,0.05264608412981033,0.062041308358311655,0.16420856672179873,body,world,0.05734369624406099,0.053142620157450436,-0.07608367445016022,body,world
soft_low,body_only,90167,True,False,l,1.3590101711106688,0.0,,0.0,72,world,settled,True,0.06027831882238388,0.04371912330389023,0.05734312608838081,0.27126736683836905,body,world,0.05053112469613552,0.059321692958474156,0.1603855792396853,body,world,0.05492640882730484,0.05575260054320097,0.014929787806205935,body,world
soft_low,body_only,90168,True,False,m,1.6457533914678304,0.0,,0.0,77,world,settled,True,0.06843410432338715,0.05599092096090317,0.07183894142508507,0.249237136817975,body,world,0.06391493119299411,0.06665649376809597,0.041999473677637233,body,world,0.06528571248054504,0.07123696645721793,0.08723866131075503,body,world
soft_low,body_only,90169,True,False,l,1.372684860076075,0.0,,0.0,63,world,settled,True,0.06245964765548706,0.07962550148367882,0.046853368356823924,-0.5303115092169054,body,world,0.06323943492025137,0.04598796479403973,-0.3185483494769231,body,world,0.05461369985714555,0.06786680351942778,0.21726224808878294,body,world
soft_low,body_only,90170,True,False,m,1.5110806219967274,0.0,,0.0,77,world,settled,True,0.06483148038387299,0.049419275298714635,0.06225152164697647,0.23084244285086633,body,world,0.055835398472845556,0.0734081830829382,0.27362736606358257,body,world,0.06462179077789187,0.06152205942198634,-0.04915587216560031,body,world
soft_low,body_only,90171,True,False,l,1.3393346079674444,0.0,,0.0,80,world,settled,True,0.05605725198984146,0.07154060080647469,0.04390983209013939,-0.488126871373684,body,world,0.05772521644830704,0.06796688064932824,0.16332643237511255,body,world,0.06284604854881763,0.06199374236166477,-0.013654611618469066,body,world
soft_low,body_only,90172,True,False,m,1.5992541406103382,0.0,,0.0,69,world,settled,True,0.06480688601732254,0.04304608218371868,0.0777818251401186,0.5916365733220622,body,world,0.06041395366191864,0.07061426881700754,0.15601213281552886,body,world,0.06551411123946309,0.06419770140200853,-0.020298151860120475,body,world
soft_low,body_only,90173,True,False,l,1.2909310796297793,0.0,,0.0,74,world,settled,True,0.06037522479891777,0.0677991658449173,0.10712781697511672,0.45747278102430006,body,world,0.08746349141001701,0.05842726305127144,-0.40343885129469254,body,world,0.07294537723064423,0.06492703231051564,-0.11644684445712937,body,world
soft_low,body_only,90174,True,False,m,1.4992846063269814,0.0,,0.0,60,world,settled,True,0.06056956201791763,0.04264471605420113,0.057900892198085786,0.30582941836554584,body,world,0.050272804126143454,0.07002678737044335,0.33141358811532345,body,world,0.0601497957482934,0.05403291769325733,-0.10724459895525938,body,world
soft_low,body_only,90175,True,False,l,1.375063495490151,0.0,,0.0,67,world,settled,True,0.06622393429279327,0.07653526738286018,0.0856013722717762,0.11194966809156226,body,world,0.08106831982731819,0.04316847044974566,-0.6301818757436505,world,world,0.06211839513853192,0.06046010982245207,-0.02705835728956463,body,world
soft_low,body_only,90176,True,False,m,1.3570155774731387,0.0,,0.0,71,world,settled,True,0.06632176786661148,0.03562881536781788,0.09702564105391502,1.0018205534352909,body,world,0.06632722821086645,0.06584371086210013,-0.007316578200009799,body,world,0.06608546953648328,0.07027963753789664,0.06153320868190939,body,world
soft_low,body_only,90177,True,False,l,1.2641200458110455,0.0,,0.0,62,world,settled,True,0.06290014833211899,0.09830062836408615,0.05584440380334854,-0.5654610994252146,body,world,0.07707251608371735,0.057209378108382225,-0.2980289080993919,body,world,0.06714094709604979,0.06470887092873454,-0.03689579699441327,body,world
soft_low,body_only,90178,True,False,m,1.5240608064758356,0.0,,0.0,68,world,settled,True,0.07002413272857666,0.07302447035908699,0.07876713350415229,0.07570122697149678,body,world,0.07589580193161964,0.0671246662735939,-0.1228097912519332,body,world,0.07151023410260678,0.06803003950044513,-0.04989120876987947,body,world
soft_low,body_only,90179,True,False,l,1.4207768660969622,0.0,,0.0,63,world,settled,True,0.06523772329092026,0.06531482972204686,0.051684623956680296,-0.23405878359049243,body,world,0.058499726839363574,0.07858205661177635,0.29512130117732915,body,world,0.06854089172556996,0.05869832541793585,-0.15501932803246232,body,world
soft_low,body_only,90180,True,False,m,1.6834084531201725,0.0,,0.0,70,world,settled,True,0.06947672367095947,0.054559195414185524,0.09975366592407227,0.6034175395941647,body,world,0.07715643066912889,0.051752479001879695,-0.39936259372729843,body,world,0.0644544548355043,0.07060833275318146,0.09118931740433947,body,world
soft_low,body_only,90181,True,False,l,1.3164236438723707,0.0,,0.0,75,world,settled,True,0.06086122244596481,0.05923985280096531,0.05124953985214233,-0.14488786512181648,body,world,0.05524469632655382,0.08277022894471883,0.4042961012278905,body,world,0.06900746263563633,0.05733375195413828,-0.18532516324432408,body,world
soft_low,body_only,90182,True,False,m,1.3450601064988406,0.0,,0.0,60,world,settled,True,0.07114775478839874,0.05293761715292931,0.05599591396749019,0.05616453775466474,body,world,0.054466765560209754,0.07690400183200836,0.3449672051584612,body,world,0.06568538369610906,0.07096847845241427,0.07735938263901639,body,world
soft_low,body_only,90183,True,False,l,1.3429357517410216,0.0,,0.0,67,world,settled,True,0.06255258619785309,0.06036379039287567,0.03666253574192524,-0.4986340191703567,body,world,0.04851316306740046,0.0786002989858389,0.4825403387472671,body,world,0.06355673102661967,0.06416495712473988,0.009524313446342534,body,world
soft_low,body_only,90184,True,False,m,1.6568892806087865,0.0,,0.0,73,world,settled,True,0.07228604704141617,0.08009490072727203,0.055301867052912713,-0.37040552049823455,body,world,0.06769838389009238,0.05663214400410652,-0.17848556872188337,body,world,0.062165263947099446,0.07537692561745643,0.19270481557706262,body,world
soft_low,body_only,90185,True,False,l,1.43334245437914,0.0,,0.0,67,world,settled,True,0.06072031334042549,0.07859137058258056,0.06510257869958877,-0.1882977445913871,body,world,0.07184697464108467,0.05400453321635723,-0.2854705135507672,body,world,0.06292575392872095,0.06611722866073251,0.04947383595667844,body,world
soft_low,body_only,90186,True,False,m,1.6331529059433587,0.0,,0.0,70,world,settled,True,0.061163824051618576,0.0996061995625496,0.06760718524456025,-0.38751013925687267,body,world,0.08360669240355492,0.06509414687752724,-0.2502889341037142,body,world,0.07435041964054108,0.061788005474954846,-0.18508005755247403,body,world
soft_low,body_only,90187,True,False,l,1.3141636302230804,0.0,,0.0,65,world,settled,True,0.06583622843027115,0.09281113147735595,0.07783240973949432,-0.1760086617947517,body,world,0.08532177060842513,0.05552071295678616,-0.4296734883911166,body,world,0.07042124178260564,0.060939916875213385,-0.1446065380057214,body,world
soft_low,body_only,90188,True,False,m,1.68271261290117,0.0,,0.0,72,world,settled,True,0.06751705706119537,0.04566851370036602,0.06118914932012558,0.29256079277273633,body,world,0.0534288315102458,0.08074192889034748,0.4129074890987315,body,world,0.06708538020029664,0.06548724211752414,-0.02411079262958763,body,world
soft_low,body_only,90189,True,False,l,1.2673551846296478,0.0,,0.0,69,world,settled,True,0.06856437027454376,0.06785332635045052,0.052162013947963715,-0.26299388230252263,body,world,0.06000767014920712,0.04990128614008427,-0.18442561309621097,body,world,0.05495447814464569,0.07615583781152964,0.3262765659786929,body,world
soft_low,body_only,90190,True,False,m,1.4616304439624153,0.0,,0.0,61,world,settled,True,0.062121499329805374,0.10215360224246979,0.07705238908529281,-0.281992016652563,body,world,0.0896029956638813,0.07756135165691376,-0.14431949570575378,body,world,0.08358217366039752,0.06037699077278376,-0.32522217873442905,body,world
soft_low,body_only,90191,True,False,l,1.3598610545526153,0.0,,0.0,75,world,settled,True,0.05944628268480301,0.04356916770339012,0.06842229887843132,0.45134904106320467,body,world,0.05599573329091072,0.07341808080673218,0.27089474120367163,body,world,0.06470690704882145,0.05559081118553877,-0.15185002966252506,body,world
soft_low,body_only,90192,True,False,m,1.6394540644586693,0.0,,0.0,73,world,settled,True,0.062253694981336594,0.06637475155293941,0.07738395258784295,0.1534626917200305,body,world,0.07187935207039117,0.06721584051847458,-0.06708010607682913,body,world,0.06954759629443288,0.06004509720951319,-0.1469154568888233,body,world
soft_low,body_only,90193,True,False,l,1.2806965176607972,0.0,,0.0,79,world,settled,True,0.06556464731693268,0.08173721954226494,0.05482204481959343,-0.3994170708894169,body,world,0.06827963218092918,0.06779428962618113,-0.007133543392505465,body,world,0.06803696090355515,0.06648000124841928,-0.023149930883557587,body,world
soft_low,body_only,90194,True,False,m,1.3882151295384004,0.0,,0.0,72,world,settled,True,0.06594093143939972,0.07475832253694534,0.07896958515048028,0.05480223588099804,body,world,0.0768639538437128,0.05659236684441567,-0.30616291125598943,body,world,0.06672816034406423,0.06837981306016445,0.0244505924828463,body,world
soft_low,body_only,90195,True,False,l,1.4070168029723402,0.0,,0.0,68,world,settled,True,0.06729719787836075,0.06162527985870838,0.06813433393836021,0.10040908186703675,body,world,0.0648798068985343,0.06852638237178325,0.05468238171658201,body,world,0.06670309463515878,0.06783553883433342,0.01683488103972474,body,world
soft_low,body_only,90196,True,False,m,1.4747105385822876,0.0,,0.0,78,world,settled,True,0.06625137478113174,0.06809218339622021,0.09558055996894836,0.3391070264663067,body,world,0.08183637168258429,0.07772055305540562,-0.05160204589885566,body,world,0.07977846236899495,0.06712669236585497,-0.17267180823667072,body,world
soft_low,body_only,90197,True,False,l,1.3111555143573217,0.0,,0.0,62,world,settled,True,0.0641031414270401,0.048504316806793214,0.05552742369472981,0.1352242190325111,body,world,0.05201587025076151,0.059107829071581366,0.12781451809054054,body,world,0.055561849661171434,0.06410818174481392,0.1430751875362126,body,world
soft_low,body_only,90198,True,False,m,1.379640047296776,0.0,,0.0,79,world,settled,True,0.06614718586206436,0.06907415017485619,0.05255366638302803,-0.2733457034907993,body,world,0.060813908278942105,0.07057352773845196,0.14883659557229148,body,world,0.06569371800869703,0.06281137773767113,-0.04486707338221963,body,world
soft_low,body_only,90199,True,False,l,1.4868269255907973,0.0,,0.0,73,world,settled,True,0.060236863791942596,0.04550829380750656,0.05556272603571415,0.199617990570872,body,world,0.05053550992161036,0.062241601571440694,0.208347355788069,body,world,0.05638855574652553,0.05979764331132174,0.05870002505145963,body,world
soft_low,body_only,90200,True,False,m,1.568789452616487,0.0,,0.0,75,world,settled,True,0.06966620683670044,0.04116006791591644,0.05136560648679733,0.22150025298156004,body,world,0.04626283720135689,0.06867822296917439,0.39509317507303765,body,world,0.057470530085265634,0.06968274796381593,0.19268047251193188,body,world
soft_low,body_only,90201,True,False,l,1.237480856854104,0.0,,0.0,74,world,settled,True,0.0646209791302681,0.06436273865401745,0.06567097157239914,0.020122121528952968,body,world,0.06501685511320829,0.06043472066521645,-0.07308276048371236,body,world,0.06272578788921238,0.06550048300996422,0.04328486363057673,body,world
soft_low,body_only,90202,True,False,m,1.589816924085751,0.0,,0.0,69,world,settled,True,0.0677454024553299,0.05107326619327068,0.07792535535991192,0.4224901920860628,body,world,0.0644993107765913,0.07152879368513823,0.1034455394071635,body,world,0.06801405223086476,0.0704415307380259,0.03506868020180961,body,world
soft_low,body_only,90203,True,False,l,1.2163108575505985,0.0,,0.0,68,world,settled,True,0.06435157358646393,0.049348872154951096,0.06381463184952736,0.25706759177546723,body,world,0.05658175200223923,0.062321562133729455,0.09662093714014877,body,world,0.059451657067984345,0.06989193623885512,0.16178678514198547,body,world
soft_low,body_only,90204,True,False,m,1.577624770964431,0.0,,0.0,61,world,settled,True,0.06014074757695198,0.06787945330142975,0.05342259220778942,-0.2394996548886056,body,world,0.06065102275460958,0.07512010484933854,0.21395173218390476,body,world,0.06788556380197405,0.0600268691778183,-0.12303112065778163,body,world
soft_low,body_only,90205,True,False,l,1.3675497082151145,0.0,,0.0,65,world,settled,True,0.061856936663389206,0.05935243964195251,0.04014132171869278,-0.39108695567882706,body,world,0.049746880680322646,0.06126481257379055,0.20825789638032408,body,world,0.0555058466270566,0.06211276557296515,0.11246317276025265,body,world
soft_low,body_only,90206,True,False,m,1.5176465510618466,0.0,,0.0,74,world,settled,True,0.06646327674388885,0.06711473986506462,0.08892015367746353,0.28133512738719757,body,world,0.07801744677126407,0.07442256957292556,-0.0471732279212018,body,world,0.07622000817209482,0.06366585437208414,-0.1799756219194294,body,world
soft_low,body_only,90207,True,False,l,1.2488637580931352,0.0,,0.0,80,world,settled,True,0.06235850602388382,0.04681602455675602,0.08246298730373383,0.5661240045542879,body,world,0.06463950593024492,0.06857548914849758,0.05910939906453933,body,world,0.06660749753937126,0.06954487273469567,0.043155048210420384,body,world
soft_low,body_only,90208,True,False,m,1.4834364114696996,0.0,,0.0,66,world,settled,True,0.06509468704462051,0.05246624574065208,0.045890265703201295,-0.1339170061586521,body,world,0.04917825572192669,0.08047848083078861,0.49253826088113717,body,world,0.06482836827635766,0.06314244270324706,-0.026350120124577034,body,world
soft_low,body_only,90209,True,False,l,1.263629522578016,0.0,,0.0,60,world,settled,True,0.06256284564733505,0.05915353745222092,0.08347752839326858,0.3444410811911082,body,world,0.07131553292274476,0.06374492850154638,-0.11222452879052833,body,world,0.06753023071214556,0.05759804248809815,-0.15908677747748193,body,world
soft_low,body_only,90210,True,False,m,1.3346147837212192,0.0,,0.0,73,world,settled,True,0.06601609289646149,0.04318284206092358,0.04764646589756012,0.09836521756784013,body,world,0.04541465397924185,0.07903526052832603,0.554059260850554,body,world,0.06222495725378394,0.06632314147427679,0.06378271684384894,body,world
soft_low,body_only,90211,True,False,l,1.30656153459059,0.0,,0.0,71,world,settled,True,0.06534938514232635,0.10641636550426484,0.10411389544606209,-0.021873927786610386,body,world,0.10526513047516346,0.059209763631224634,-0.5753957652198646,world,world,0.08223744705319405,0.06326288171112537,-0.2623119882958459,body,world
soft_low,body_only,90212,True,False,m,1.6930851814175538,0.0,,0.0,60,world,settled,True,0.06198490783572197,0.06763810254633426,0.05974839814007282,-0.12402909031358249,body,world,0.06369325034320354,0.08352053537964821,0.27101393742206603,body,world,0.07360689286142588,0.05829144474118948,-0.23328333720402578,body,world
soft_low,body_only,90213,True,False,l,1.3559979569855254,0.0,,0.0,66,world,settled,True,0.06134234741330147,0.05029738284647465,0.05777139887213707,0.13854077914133517,body,world,0.05403439085930586,0.06108045727014542,0.12257125512106709,body,world,0.05755742406472564,0.06758678732439875,0.16062938132291021,body,world
soft_low,body_only,90214,True,False,m,1.3935857870234445,0.0,,0.0,60,world,settled,True,0.06610491126775742,0.07173044346272946,0.08516382947564125,0.17166155451542217,body,world,0.07844713646918536,0.05373091697692871,-0.37843640618276775,body,world,0.06608902672305703,0.06020204741507769,-0.0932963608815421,body,world
soft_low,body_only,90215,True,False,l,1.3131198647094737,0.0,,0.0,80,world,settled,True,0.06421103328466415,0.04458010271191597,0.10600493848323822,0.8661980505453178,body,world,0.0752925205975771,0.05248198080807924,-0.36091091383913254,body,world,0.06388725070282816,0.05777081558480859,-0.10063609447435731,body,world
soft_low,body_only,90216,True,False,m,1.681261135717984,0.0,,0.0,66,world,settled,True,0.06940821558237076,0.07739480584859848,0.08312760889530182,0.07145721324555014,body,world,0.08026120737195015,0.06015143115073442,-0.28842117281710333,body,world,0.07020631926134228,0.07795363804325461,0.10467594096428913,body,world
soft_low,body_only,90217,True,False,l,1.413471960665546,0.0,,0.0,75,world,settled,True,0.06388857215642929,0.05432973802089691,0.040689452365040776,-0.28910283534287684,body,world,0.047509595192968844,0.079963219165802,0.5206350738211514,body,world,0.06373640717938542,0.05913168508559465,-0.07498903318093535,body,world
soft_low,body_only,90218,True,False,m,1.584896311018346,0.0,,0.0,74,world,settled,True,0.06280171126127243,0.06172631122171879,0.07975958399474621,0.2563066319613483,body,world,0.07074294760823249,0.07850041165947914,0.10405101773850048,body,world,0.07462167963385583,0.05793919041752815,-0.25303705723368425,body,world
soft_low,body_only,90219,True,False,l,1.3119810143159762,0.0,,0.0,70,world,settled,True,0.06644855439662933,0.09166734293103218,0.05564400404691696,-0.49919185847464786,body,world,0.07365567348897457,0.05466863308101892,-0.29811106355408895,body,world,0.06416215328499675,0.06676527811214328,0.03976963249500037,body,world
soft_low,body_only,90220,True,False,m,1.300500753923412,0.0,,0.0,65,world,settled,True,0.07010678946971893,0.042698171362280844,0.0939450092613697,0.7885535091501444,body,world,0.06832159031182528,0.06397244036197662,-0.0657734553348898,body,world,0.06614701533690096,0.06719716610386968,0.015751305647035675,body,world
soft_low,body_only,90221,True,False,l,1.325946290087466,0.0,,0.0,69,world,settled,True,0.06489195674657822,0.07506294660270214,0.08072705641388893,0.07274674106544982,body,world,0.07789500150829554,0.05426788218319416,-0.36142922172489317,body,world,0.06608144184574485,0.0676621749997139,0.023639360181695514,body,world
soft_low,body_only,90222,True,False,m,1.3799548422979533,0.0,,0.0,63,world,settled,True,0.0662216767668724,0.04610362648963928,0.052300092205405234,0.12610652145150955,body,world,0.04920185934752226,0.07745711617171765,0.4537930290901247,body,world,0.06332948775961995,0.06575057208538056,0.03751730987443686,body,world
soft_low,body_only,90223,True,False,l,1.2088747342560058,0.0,,0.0,66,world,settled,True,0.06316416710615158,0.03765134550631046,0.06800535134971142,0.5912177075722547,body,world,0.05282834842801094,0.056259845942258836,0.06293311606294287,body,world,0.054544097185134886,0.06448685051873326,0.1674518379222733,body,world
soft_low,body_only,90224,True,False,m,1.3689372681649405,0.0,,0.0,67,world,settled,True,0.06876187026500702,0.059059083461761475,0.06278224065899848,0.06113388399603748,body,world,0.06092066206037998,0.07739608194679022,0.23936376280241622,body,world,0.0691583720035851,0.0713850756175816,0.031689701561342154,body,world
soft_low,body_only,90225,True,False,l,1.4190999555086545,0.0,,0.0,76,world,settled,True,0.06562872231006622,0.0394282303750515,0.06279034018516541,0.4653191762189733,body,world,0.051109285280108455,0.07223198898136615,0.3459168197317585,body,world,0.0616706371307373,0.06790141072124242,0.09624889056167596,body,world
soft_low,body_only,90226,True,False,m,1.3666051873938825,0.0,,0.0,68,world,settled,True,0.06250710785388947,0.07542738728225232,0.1075561448931694,0.3548425536858018,body,world,0.09149176608771085,0.04581198692321777,-0.6917032000288975,world,world,0.06865187650546431,0.06703040888532996,-0.023902085838420895,body,world
soft_low,body_only,90227,True,False,l,1.2089853713110907,0.0,,0.0,76,world,settled,True,0.06386373937129974,0.03338366746902466,0.05976216085255146,0.5823059165646346,body,world,0.046572914160788056,0.0664465356618166,0.3553785183296427,body,world,0.05650972491130233,0.05927356733009219,0.047750716109821484,body,world
soft_low,body_only,90228,True,False,m,1.3941552835422104,0.0,,0.0,76,world,settled,True,0.0729312151670456,0.0642762292176485,0.06352104805409908,-0.011818560924894573,body,world,0.06389863863587379,0.044692983850836754,-0.35748152808513856,body,world,0.05429581124335527,0.07250238666310907,0.2891723978519333,body,world
soft_low,body_only,90229,True,False,l,1.4129882265602367,0.0,,0.0,60,world,settled,True,0.06398428976535797,0.040028493851423264,0.1055412158370018,0.9695100012633501,body,world,0.07278485484421253,0.06602481603622437,-0.0974772238007531,body,world,0.06940483544021844,0.05661053583025932,-0.203761426719503,body,world
soft_low,body_only,90230,True,False,m,1.387380358400205,0.0,,0.0,62,world,settled,True,0.06651556491851807,0.040969193354249,0.0699875708669424,0.5354972645682216,body,world,0.055478382110595706,0.07178716883063316,0.2577123196376437,body,world,0.06363277547061444,0.06892551584169268,0.07989776578976707,body,world
soft_low,body_only,90231,True,False,l,1.2736796593502162,0.0,,0.0,79,world,settled,True,0.06362400203943253,0.05630285814404488,0.071141267567873,0.233922284115106,body,world,0.06372206285595894,0.06714550107717514,0.0523310643412842,body,world,0.06543378196656705,0.05775102246552706,-0.12489761465566944,body,world
soft_low,body_only,90232,True,False,m,1.3398772042708087,0.0,,0.0,65,world,settled,True,0.06175008416175842,0.08132676109671592,0.06964842900633812,-0.15501498274506254,body,world,0.07548759505152702,0.05944000817835331,-0.23900080080276467,body,world,0.06746380161494017,0.059303509816527364,-0.12892268994708037,body,world
soft_low,body_only,90233,True,False,l,1.2151805568406018,0.0,,0.0,74,world,settled,True,0.0617927685379982,0.05976327806711197,0.0528493158519268,-0.12294662604628283,body,world,0.056306296959519386,0.07751081045717001,0.31961104098228,body,world,0.0669085537083447,0.06594260223209858,-0.014542116582756595,body,world
soft_low,body_only,90234,True,False,m,1.412785576783788,0.0,,0.0,80,world,settled,True,0.06400447338819504,0.048696672171354295,0.04940827712416649,0.014507268762555614,body,world,0.04905247464776039,0.0690103106200695,0.34136528643708985,body,world,0.05903139263391495,0.06252128947526217,0.05743774940172102,body,world
soft_low,body_only,90235,True,False,l,1.4243033807217698,0.0,,0.0,60,world,settled,True,0.0673438236117363,0.05835115164518356,0.062105119973421094,0.06234933739034401,body,world,0.06022813580930233,0.07263893820345402,0.18736150156507378,body,world,0.06643353700637818,0.06752111436799169,0.016238350044783995,body,world
soft_low,body_only,90236,True,False,m,1.6997035312296203,0.0,,0.0,64,world,settled,True,0.06364363431930542,0.047329749912023544,0.05756759010255337,0.1958206775286835,body,world,0.05244867000728846,0.08698133323341609,0.5058585579212858,body,world,0.06971500162035227,0.057764302287250754,-0.18804454849625016,body,world
soft_low,body_only,90237,True,False,l,1.376968432617344,0.0,,0.0,75,world,settled,True,0.061701685190200806,0.06837520822882652,0.06114227175712585,-0.111806833716727,body,world,0.06475873999297618,0.07478890977799893,0.14400093693098337,body,world,0.06977382488548756,0.062016816530376676,-0.1178533551684324,body,world
soft_low,body_only,90238,True,False,m,1.5968317899030746,0.0,,0.0,62,world,settled,True,0.06692400574684143,0.04878958836197853,0.0722908355295658,0.39318042811164555,body,world,0.06054021194577217,0.05704404376447201,-0.05948413742893747,body,world,0.05879212785512209,0.06396577777341009,0.08434025212733437,body,world
soft_low,body_only,90239,True,False,l,1.3434682340044826,0.0,,0.0,67,world,settled,True,0.0613437183201313,0.05864918678998947,0.05163358822464943,-0.12740131422231174,body,world,0.05514138750731945,0.05491606369614601,-0.004094663714804624,body,world,0.055028725601732734,0.061947156116366385,0.11842636835181597,body,world
soft_low,world_only,90240,False,True,,1.0,1.0,short,-0.05,59,world,settled,True,0.06062489002943039,0.10237637981772423,0.11178895980119705,0.0879567861474626,body,world,0.10708266980946064,0.06843426767736674,-0.44772746257985474,body,world,0.08775846874341368,0.05453153755515814,-0.4758091625449497,world,world
soft_low,world_only,90241,False,True,,1.0,1.0,medium,0.1,75,world,settled,True,0.07261109352111816,0.1604372262954712,0.08525888919830323,-0.6322103697928859,body,world,0.1228480577468872,0.10381544083356857,-0.16833357359524556,body,body,0.11333174929022789,0.08940569953992963,-0.2371349186031123,body,world
soft_low,world_only,90242,False,True,,1.0,-2.0,short,0.2,69,world,settled,True,0.07085990905761719,0.2862285405397415,0.1475613847374916,-0.6625463275935695,body,body,0.21689496263861657,0.11774588078260421,-0.6108844436670975,world,world,0.1673204217106104,0.0768282625824213,-0.778338092121942,world,world
soft_low,world_only,90243,False,True,,1.0,2.0,medium,0.05,68,alarm,persistent,False,nan,0.2242136836051941,0.08992120400071144,-0.9136657660616645,body,world,0.15706744380295276,0.09701643958687782,-0.48179484704838144,body,body,0.12704194169491528,0.07707613557577134,-0.49972357445420085,world,world
soft_low,world_only,90244,False,True,,1.0,-4.0,short,0.05,65,world,decayed,False,nan,0.5067296996712685,0.19048647582530975,-0.9783965256765604,body,body,0.3486080877482891,0.25792360454797747,-0.30128489880139125,body,body,0.3032658461481333,0.07677869284525514,-1.3736826361131955,world,world
soft_low,world_only,90245,False,True,,1.0,4.0,medium,0.25,65,alarm,persistent,False,nan,0.4853499591350555,0.39988082051277163,-0.1937036419670018,body,body,0.4426153898239136,0.07265636939555406,-1.8069601399035478,world,world,0.25763587960973383,0.09060424012131989,-1.0450462563204366,world,world
soft_low,world_only,90246,False,True,,1.0,-1.0,short,0.1,75,world,settled,True,0.06500869989395142,0.18596063256263734,0.11346353217959404,-0.4940535155121647,body,world,0.1497120823711157,0.10333538576960563,-0.3707341278302198,body,body,0.12652373407036066,0.06902236826717853,-0.6059992818303156,world,world
soft_low,world_only,90247,False,True,,1.0,-1.0,medium,-0.15000000000000002,77,world,settled,True,0.062240421772003174,0.21111241579055787,0.04549218788743019,-1.534850151425839,world,world,0.12830230183899402,0.11385108232498169,-0.11949791347639922,body,body,0.12107669208198786,0.0552156874909997,-0.7851770570925987,world,world
soft_low,world_only,90248,False,True,,1.0,-2.0,short,0.15000000000000002,70,world,settled,True,0.07837100327014923,0.24390265047550203,0.13747757226228713,-0.5733083792381779,body,body,0.19069011136889458,0.10471210423856973,-0.5994349369098247,world,world,0.14770110780373216,0.07460923781618475,-0.682926359013599,world,world
soft_low,world_only,90249,False,True,,1.0,2.0,medium,-0.25,60,alarm,persistent,False,nan,0.21091728508472443,0.08886358216404915,-0.8643636336597559,body,world,0.14989043362438678,0.09497616607695818,-0.45627860796546676,body,body,0.12243329985067249,0.09394504819065333,-0.26485637306878085,body,world
soft_low,world_only,90250,False,True,,1.0,4.0,short,0.05,68,world,decayed,False,nan,0.4302647590637207,0.16539631113409997,-0.9560562583184349,body,body,0.29783053509891033,0.06466181818395852,-1.5273537595365803,world,world,0.18124617664143444,0.08592303628101945,-0.7464042305178015,world,world
soft_low,world_only,90251,False,True,,1.0,-4.0,medium,0.15000000000000002,77,alarm,persistent,False,nan,0.5881393194198609,0.5016925096511841,-0.15897645617927636,body,body,0.5449159145355225,0.17556918924674392,-1.132598291568474,world,world,0.3602425518911332,0.06663497686386108,-1.687547942007508,world,world
soft_low,world_only,90252,False,True,,1.0,-1.0,short,-0.05,78,world,settled,True,0.07012490183115005,0.16626170873641968,0.13355939090251923,-0.21901685095897433,body,body,0.14991054981946944,0.07581918612122536,-0.681687406005367,world,world,0.11286486797034741,0.06575709991157055,-0.5402235957592797,world,world
soft_low,world_only,90253,False,True,,1.0,1.0,medium,-0.05,60,world,settled,True,0.07501184940338135,0.16166656017303466,0.09249640107154847,-0.5583662071188012,body,world,0.12708148062229158,0.1282998040318489,0.00954128376173298,body,body,0.12769064232707023,0.08715246496722102,-0.3819514260303272,body,world
soft_low,world_only,90254,False,True,,1.0,2.0,short,0.1,75,world,settled,True,0.07059566676616669,0.16073793917894363,0.13695338666439055,-0.16013470726053014,body,body,0.1488456629216671,0.0967561412602663,-0.430716144342509,body,body,0.1228009020909667,0.07635418502613903,-0.4751815178393926,world,world
soft_low,world_only,90255,False,True,,1.0,2.0,medium,0.25,70,alarm,persistent,False,nan,0.2459193378686905,0.07627096101641655,-1.170711311034588,world,world,0.16109514944255351,0.08982518520206213,-0.5841297859376521,world,world,0.12546016732230783,0.0849523898679763,-0.38989733597358506,world,world
soft_low,world_only,90256,False,True,,1.0,-4.0,short,-0.2,70,alarm,persistent,False,nan,0.5169774293899536,0.2048143059015274,-0.9258954729089248,body,body,0.3608958676457405,0.25103419572114943,-0.36300029366159303,body,body,0.30596503168344497,0.07737073129974306,-1.3748622593807902,world,world
soft_low,world_only,90257,False,True,,1.0,-4.0,medium,-0.05,64,alarm,persistent,False,nan,0.6503922939300537,0.4918345272541046,-0.27943337675989294,body,body,0.5711134105920792,0.17736361341085286,-1.1693858690195726,world,world,0.374238512001466,0.07572155948728324,-1.5978304051972176,world,world
soft_low,world_only,90258,False,True,,1.0,-1.0,short,0.25,67,world,settled,True,0.07253410667181015,0.20725913867354392,0.12207812964916229,-0.5293086412493091,body,world,0.1646686341613531,0.08853710936382413,-0.620513397825278,world,world,0.1266028717625886,0.07637176662683487,-0.5054421120974653,world,world
soft_low,world_only,90259,False,True,,1.0,1.0,medium,-0.25,71,world,settled,True,0.07865156978368759,0.13617295920848846,0.0917940840125084,-0.3943779853800128,body,world,0.11398352161049843,0.11154038198292256,-0.0216671950874161,body,body,0.11276195179671049,0.07574051516130567,-0.3979657512387362,world,world
soft_low,world_only,90260,False,True,,1.0,-2.0,short,-0.05,78,world,settled,True,0.0661729946732521,0.24872853606939316,0.1557125598192215,-0.4683503427808518,body,body,0.20222054794430733,0.10819346336647868,-0.6254379712260321,world,world,0.155207005655393,0.07452427064999938,-0.73363489339507,world,world
soft_low,world_only,90261,False,True,,1.0,-2.0,medium,0.15000000000000002,76,alarm,persistent,False,nan,0.2756690621376038,0.11305809915065765,-0.8912992576978678,body,world,0.1943635806441307,0.22163864672183992,0.13131780612174362,body,body,0.2080011136829853,0.12968432605266572,-0.4724401976173471,world,world
soft_low,world_only,90262,False,True,,1.0,-4.0,short,0.1,68,alarm,persistent,False,nan,0.5088359668850899,0.19021645486354827,-0.9839630393127768,body,body,0.34952621087431907,0.25329406261444093,-0.32202743760998886,body,body,0.30141013674438,0.07800471591763199,-1.3517026324801311,world,world
soft_low,world_only,90263,False,True,,1.0,-4.0,medium,-0.15000000000000002,76,alarm,persistent,False,nan,0.5407077670097351,0.5434749245643615,0.005104607525623596,body,body,0.5420913457870483,0.19075704067945481,-1.0444339419100537,world,world,0.3664241932332516,0.06707680402323604,-1.6979533686239352,world,world
soft_low,world_only,90264,False,True,,1.0,1.0,short,-0.15000000000000002,76,world,settled,True,0.06246000528335571,0.15197322517633438,0.15796364545822145,0.03866055934083916,body,body,0.1549684353172779,0.054091529361903666,-1.052543853190467,world,world,0.1045299823395908,0.06179191814735532,-0.5257013609966731,world,world
soft_low,world_only,90265,False,True,,1.0,1.0,medium,-0.05,73,world,settled,True,0.0756562128663063,0.16198398768901826,0.09245664179325104,-0.5607576916650174,body,world,0.12722031474113465,0.1433575250208378,0.11942133975444148,body,body,0.1352889198809862,0.09082361832261085,-0.39849327338336316,world,world
soft_low,world_only,90266,False,True,,1.0,2.0,short,0.1,80,world,settled,True,0.07294527441263199,0.26960832476615904,0.18754030466079713,-0.3629764762730039,body,body,0.22857431471347808,0.13057444468140603,-0.5599178645217064,world,world,0.17957437969744205,0.08948729876428843,-0.6964927917116375,world,world
soft_low,world_only,90267,False,True,,1.0,2.0,medium,-0.05,73,alarm,persistent,False,nan,0.2514725238084793,0.07949604988098144,-1.1516264009070327,world,world,0.16548428684473038,0.11263777446001769,-0.38469911254868167,body,body,0.13906103065237402,0.08698422415181994,-0.4691861355857027,world,world
soft_low,world_only,90268,False,True,,1.0,-4.0,short,-0.1,69,alarm,persistent,False,nan,0.5557290703058243,0.20643510818481445,-0.9902947749296561,body,body,0.3810820892453194,0.24866694509983062,-0.42690037801646186,body,body,0.314874517172575,0.06732333309482783,-1.5426673219681324,world,world
soft_low,world_only,90269,False,True,,1.0,4.0,medium,0.0,74,alarm,persistent,False,nan,0.48711526989936826,0.43107092976570127,-0.12222814212796207,body,body,0.45909309983253477,0.08299042880535126,-1.7105277358230357,world,world,0.271041764318943,0.10418833864387125,-0.9560727110337972,world,world
soft_low,world_only,90270,False,True,,1.0,-1.0,short,0.1,81,world,settled,True,0.0634552463889122,0.1623513862490654,0.1042022280395031,-0.44342952573015715,body,world,0.13327680714428425,0.09137043282389641,-0.37750628808596826,body,world,0.11232361998409032,0.06399149205535651,-0.5626340310734751,world,world
soft_low,world_only,90271,False,True,,1.0,1.0,medium,-0.15000000000000002,77,world,settled,True,0.06950394064188004,0.22578024566173555,0.09375322461128235,-0.8788961017781355,body,world,0.15976673513650894,0.1477989636361599,-0.07786184950333158,body,body,0.1537828493863344,0.10472976602613926,-0.38415816269567854,world,world
soft_low,world_only,90272,False,True,,1.0,-2.0,short,-0.2,58,world,settled,True,0.07470433413982391,0.2899268835783005,0.14743704199790955,-0.6762275148515792,body,body,0.218681962788105,0.09560306183993816,-0.82741360244544,world,world,0.1571425123140216,0.05740816695615649,-1.0069665406928099,world,world
soft_low,world_only,90273,False,True,,1.0,2.0,medium,-0.2,71,alarm,persistent,False,nan,0.24316096007823945,0.08352464586496353,-1.068581862847162,body,world,0.16334280297160148,0.09249690938740969,-0.5686758462009093,world,world,0.12791985617950558,0.07846200852654875,-0.48878940440129165,world,world
soft_low,world_only,90274,False,True,,1.0,4.0,short,-0.15000000000000002,60,alarm,persistent,False,nan,0.42352317571640014,0.22805881202220918,-0.6190046936790444,body,body,0.32579099386930466,0.08442051578313112,-1.3504456025966909,world,world,0.2051057548262179,0.09060766233596951,-0.8169869406030585,world,world
soft_low,world_only,90275,False,True,,1.0,4.0,medium,0.2,76,alarm,persistent,False,nan,0.4886005580425262,0.3942023754119873,-0.21468088034243835,body,body,0.4414014667272568,0.07617129758000374,-1.7569700971599078,world,world,0.25878638215363026,0.09129959349520504,-1.041856606868698,world,world
soft_low,world_only,90276,False,True,,1.0,1.0,short,-0.1,69,world,settled,True,0.07252128422260284,0.18036057353019713,0.1482194796204567,-0.19626388780896328,body,body,0.16429002657532693,0.07191549092531205,-0.8261416281781855,world,world,0.11810275875031948,0.06971721770241857,-0.5271077692540678,world,world
soft_low,world_only,90277,False,True,,1.0,-1.0,medium,0.25,75,world,settled,True,0.06792736053466797,0.12680738866329194,0.04358222037553787,-1.068020032886384,body,world,0.0851948045194149,0.12451836690306664,0.37951277819295665,body,body,0.10485658571124076,0.06799874380230904,-0.43310433465453424,world,world
soft_low,world_only,90278,False,True,,1.0,2.0,short,0.2,64,world,settled,True,0.07719473540782928,0.22853977382183074,0.1494978427886963,-0.4244282968329218,body,body,0.18901880830526352,0.09943059720098972,-0.6423866397315917,world,world,0.14422470275312663,0.08162343669682741,-0.5692560839929343,world,world
soft_low,world_only,90279,False,True,,1.0,-2.0,medium,-0.15000000000000002,63,alarm,persistent,False,nan,0.33106320798397065,0.1302654266357422,-0.9327352055407423,body,body,0.23066431730985643,0.26223848909139635,0.12829087160513025,body,body,0.24645140320062636,0.08006734695227351,-1.124296709356191,world,world
soft_low,world_only,90280,False,True,,1.0,4.0,short,0.2,77,alarm,persistent,False,nan,0.4707405477762222,0.19306945465505124,-0.8912570954156229,body,body,0.3319050012156367,0.08346890620887279,-1.3803746052797832,world,world,0.20768695371225476,0.09253180776722729,-0.8084794626129154,world,world
soft_low,world_only,90281,False,True,,1.0,4.0,medium,0.1,77,world,decayed,False,nan,0.5004189968109131,0.4565470039844513,-0.09175408037706655,body,body,0.4784830003976822,0.07884152345359326,-1.8031808779458756,world,world,0.2786622619256377,0.0909492391627282,-1.1196989783211206,world,world
soft_low,world_only,90282,False,True,,1.0,1.0,short,0.15000000000000002,68,world,settled,True,0.07383899390697479,0.13433973640203475,0.10986310392618179,-0.20113685668138265,body,world,0.12210142016410827,0.07257856987416744,-0.5201823147449633,body,world,0.09733999501913786,0.07386470464989543,-0.2759748489822055,body,world
soft_low,world_only,90283,False,True,,1.0,-1.0,medium,-0.05,74,world,settled,True,0.0803322046995163,0.11282733976840972,0.040676914528012274,-1.0201979626197808,body,world,0.076752127148211,0.11479361839592457,0.4025547920852902,body,body,0.09577287277206778,0.09070575423538685,-0.05435868204375365,body,world
soft_low,world_only,90284,False,True,,1.0,2.0,short,-0.2,72,world,settled,True,0.0727555975317955,0.20084485709667205,0.15076057910919188,-0.2868397451279221,body,body,0.17580271810293197,0.1155444823205471,-0.4197068623325117,body,body,0.14567360021173953,0.05776631711050868,-0.9249626471412636,world,world
soft_low,world_only,90285,False,True,,1.0,-2.0,medium,-0.2,73,alarm,persistent,False,nan,0.2533914476633072,0.18374440148472787,-0.32138984745690535,body,body,0.21856792457401752,0.2379976585507393,0.0851640017590172,body,body,0.2282827915623784,0.10779789481312037,-0.7503270446217428,world,world
soft_low,world_only,90286,False,True,,1.0,4.0,short,-0.1,67,world,decayed,False,nan,0.4565298676490784,0.218373341858387,-0.7374479500517872,body,body,0.3374516047537327,0.07925510238856077,-1.4487503125717702,world,world,0.20835335357114673,0.08528768168762327,-0.8932054211574515,world,world
soft_low,world_only,90287,False,True,,1.0,4.0,medium,0.2,79,alarm,persistent,False,nan,0.4846272230148315,0.44234265089035035,-0.09129517306082975,body,body,0.46348493695259096,0.07725357431918382,-1.7916807017822087,world,world,0.2703692556358874,0.10305357025936246,-0.9645396855029256,world,world
soft_low,world_only,90288,False,True,,1.0,-1.0,short,-0.05,78,world,settled,True,0.05726851150393486,0.1585669845342636,0.07706796787679196,-0.7214893871967426,body,world,0.11781747620552778,0.06711643412709237,-0.5627076811831153,world,world,0.09246695516631007,0.05074992924928665,-0.5999411154289577,world,world
soft_low,world_only,90289,False,True,,1.0,1.0,medium,-0.05,64,world,settled,True,0.07047609984874725,0.15690877586603164,0.08731113523244857,-0.5861865849797799,body,world,0.12210995554924012,0.12563284114003181,0.02844178007796704,body,body,0.12387139834463597,0.06781279975548386,-0.602492953227927,world,world
soft_low,world_only,90290,False,True,,1.0,2.0,short,0.1,66,world,settled,True,0.07217252254486084,0.20977292954921722,0.13453728407621385,-0.444184292187838,body,body,0.17215510681271554,0.10946762040257454,-0.45276705280418267,body,body,0.14081136360764504,0.07429995061829686,-0.6393108608103234,world,world
soft_low,world_only,90291,False,True,,1.0,-2.0,medium,0.15000000000000002,75,alarm,persistent,False,nan,0.25423264801502227,0.14471770375967025,-0.5634648106895037,body,body,0.19947517588734626,0.22948188483715057,0.1401342962684714,body,body,0.21447853036224843,0.09730193233117461,-0.7903907932937746,world,world
soft_low,world_only,90292,False,True,,1.0,-4.0,short,0.1,74,alarm,persistent,False,nan,0.5640525385737419,0.2072575122117996,-1.0011853601990233,body,body,0.38565502539277075,0.22796696573495864,-0.5257425219330935,body,body,0.3068109955638647,0.07175561715848744,-1.4529657688694801,world,world
soft_low,world_only,90293,False,True,,1.0,4.0,medium,0.1,69,alarm,persistent,False,nan,0.4718109130859375,0.3957116365432739,-0.17589254200433438,body,body,0.4337612748146057,0.07520214989781379,-1.7523145051183175,world,world,0.25448171235620975,0.08886261135339737,-1.052137491909655,world,world
soft_low,world_only,90294,False,True,,1.0,-1.0,short,-0.1,70,world,settled,True,0.06656114012002945,0.16427448987960816,0.0837349209934473,-0.6738826408407632,body,world,0.12400470543652772,0.07386736199259758,-0.518048432535935,body,world,0.09893603371456265,0.0656319048255682,-0.41041158544458994,world,world
soft_low,world_only,90295,False,True,,1.0,1.0,medium,0.2,64,world,settled,True,0.07926731556653976,0.14458221942186356,0.08193965703248977,-0.5678652517597348,body,world,0.11326093822717667,0.10783642828464508,-0.04907881837695189,body,body,0.11054868325591087,0.06387179233133793,-0.548578167027726,world,world
soft_low,world_only,90296,False,True,,1.0,-2.0,short,0.25,84,world,settled,True,0.0715760588645935,0.30544748306274416,0.14812213480472564,-0.7237406903541909,body,body,0.2267848089337349,0.10355732701718807,-0.7838762460081343,world,world,0.1651710679754615,0.07391908895224333,-0.8040106099515759,world,world
soft_low,world_only,90297,False,True,,1.0,2.0,medium,-0.05,62,alarm,persistent,False,nan,0.2989894479513168,0.07890884131193161,-1.332115002875884,world,world,0.1889491446316242,0.08751990217715502,-0.7696116818758877,world,world,0.13823452340438963,0.08070000752341003,-0.5382130191911567,world,world
soft_low,world_only,90298,False,True,,1.0,4.0,short,0.05,62,alarm,persistent,False,nan,0.40837251842021943,0.15451041758060455,-0.9719182714137732,body,body,0.281441468000412,0.05428439239040017,-1.6456877443434643,world,world,0.16786293019540607,0.0893820489756763,-0.6302278871264274,world,world
soft_low,world_only,90299,False,True,,1.0,-4.0,medium,0.05,67,alarm,persistent,False,nan,0.5780984282493591,0.5054215669631958,-0.13435127816235554,body,body,0.5417599976062775,0.19289655089378357,-1.0326690550555822,world,world,0.3673282742500305,0.07397449514828622,-1.6025355548539149,world,world
soft_low,world_only,90300,False,True,,1.0,-1.0,short,-0.15000000000000002,67,world,settled,True,0.07087691873311996,0.12304765060544014,0.10137369856238365,-0.19375800914987418,body,world,0.1122106745839119,0.12566369399428368,0.11323111582498632,body,body,0.11893718428909779,0.07715715859085322,-0.4327511281646683,world,world
soft_low,world_only,90301,False,True,,1.0,-1.0,medium,-0.25,72,world,settled,True,0.07508862018585205,0.15801382660865784,0.03338969796895981,-1.5544351310186653,world,world,0.09570176228880882,0.10768981017172337,0.11801825359986799,body,body,0.1016957862302661,0.07783386260271072,-0.2674092804128639,body,world
soft_low,world_only,90302,False,True,,1.0,-2.0,short,0.2,78,world,settled,True,0.06342937052249908,0.28467805236577987,0.15312335640192032,-0.6201150533820776,body,body,0.2189007043838501,0.10380236804485321,-0.746129438351788,world,world,0.16135153621435167,0.06481794593855739,-0.9120029309461406,world,world
soft_low,world_only,90303,False,True,,1.0,2.0,medium,-0.15000000000000002,59,alarm,persistent,False,nan,0.24784384965896605,0.07478943392634392,-1.198122292054095,world,world,0.16131664179265498,0.07248080968856811,-0.8000473198610708,world,world,0.11689872574061155,0.08715965519659222,-0.29356641390972504,body,world
soft_low,world_only,90304,False,True,,1.0,4.0,short,0.05,80,world,decayed,False,nan,0.4760031431913376,0.20418912693858146,-0.8463778003574998,body,body,0.3400961350649595,0.07174447812139988,-1.556117436137293,world,world,0.2059203065931797,0.08589568415191025,-0.8743556477151828,world,world
soft_low,world_only,90305,False,True,,1.0,-4.0,medium,-0.25,73,alarm,persistent,False,nan,0.5984090209007263,0.4846225917339325,-0.21090407494184962,body,body,0.5415158063173294,0.19136735647916794,-1.0401773427272474,world,world,0.3664415813982487,0.06013347343541682,-1.807272463894855,world,world
soft_low,world_only,90306,False,True,,1.0,1.0,short,-0.15000000000000002,64,world,settled,True,0.08527561277151108,0.17221017479896544,0.14302530288696289,-0.18569411947729367,body,body,0.15761773884296418,0.059633667953312396,-0.9719524140783004,world,world,0.10862570339813829,0.0788621723651886,-0.32020638385526096,body,world
soft_low,world_only,90307,False,True,,1.0,1.0,medium,-0.05,72,world,settled,True,0.06720613688230515,0.16352297365665436,0.08565100729465484,-0.6466725068355733,body,world,0.12458699047565461,0.1027077104896307,-0.19311699868233345,body,body,0.11364735048264266,0.0704375266097486,-0.47837406749353506,world,world
soft_low,world_only,90308,False,True,,1.0,-2.0,short,-0.25,62,world,settled,True,0.07836500555276871,0.22686750292778016,0.16130630820989608,-0.3410610666054094,body,body,0.19408690556883812,0.0903872225433588,-0.7642031117445406,world,world,0.14223706405609846,0.07396259550005198,-0.653935631579566,world,world
soft_low,world_only,90309,False,True,,1.0,2.0,medium,0.25,65,alarm,persistent,False,nan,0.2310655027627945,0.0880292683839798,-0.9650318776163026,body,world,0.15954738557338716,0.11313819848001003,-0.3437308994763501,body,body,0.13634279202669858,0.08669641329906881,-0.4527597303057881,world,world
soft_low,world_only,90310,False,True,,1.0,4.0,short,0.15000000000000002,70,alarm,persistent,False,nan,0.46000910401344297,0.1486910194158554,-1.1293758229539643,world,world,0.3043500617146492,0.06592667629010976,-1.5296353985695097,world,world,0.18513836900237948,0.09278498445637524,-0.6908186647903297,world,world
soft_low,world_only,90311,False,True,,1.0,-4.0,medium,-0.05,66,alarm,persistent,False,nan,0.5639686465263367,0.48189006447792054,-0.15728265264751615,body,body,0.5229293555021286,0.19058994129300116,-1.0093221635008536,world,world,0.3567596483975649,0.05949050129856914,-1.791245643487618,world,world
soft_low,world_only,90312,False,True,,1.0,1.0,short,0.2,69,world,settled,True,0.06601381301879883,0.1327872171998024,0.10710965543985367,-0.21489484949368598,body,world,0.11994843631982803,0.09224002286791802,-0.2626678292225672,body,world,0.10609422959387302,0.061737706698477265,-0.5414327837726564,world,world
soft_low,world_only,90313,False,True,,1.0,-1.0,medium,-0.2,66,world,settled,True,0.07443755865097046,0.1399926871061325,0.046798399090766905,-1.095741191412548,world,world,0.0933955430984497,0.12310980968177318,0.27623309307398153,body,body,0.10825267639011145,0.07894143257290125,-0.31576187304780734,body,world
soft_low,world_only,90314,False,True,,1.0,2.0,short,-0.05,66,world,settled,True,0.06977532804012299,0.2569774776697159,0.17323203086853028,-0.39435653076823035,body,body,0.21510475426912307,0.11693212613463402,-0.6095314906722811,world,world,0.16601844020187856,0.07678199661895632,-0.7711286740912991,world,world
soft_low,world_only,90315,False,True,,1.0,2.0,medium,0.0,65,alarm,persistent,False,nan,0.18904541283845902,0.07286326214671135,-0.9534027023806424,body,world,0.13095433749258517,0.07154535390436649,-0.6045171247334094,world,world,0.10124984569847584,0.08339154138229787,-0.19404430007330806,body,world
soft_low,world_only,90316,False,True,,1.0,4.0,short,-0.05,63,alarm,persistent,False,nan,0.4608059287071228,0.19439199529588222,-0.863100260699748,body,body,0.3275989620015025,0.0782863350585103,-1.4314171160395381,world,world,0.2029426485300064,0.09537283703684807,-0.7551296087342739,world,world
soft_low,world_only,90317,False,True,,1.0,4.0,medium,0.25,84,alarm,persistent,False,nan,0.5103848457336426,0.41060910820961,-0.2175233536073348,body,body,0.4604969769716263,0.08147030081599951,-1.7320677443397663,world,world,0.2709836388938129,0.0854083139449358,-1.154614996930385,world,world
soft_low,world_only,90318,False,True,,1.0,-1.0,short,0.1,75,world,settled,True,0.06856131553649902,0.11048713475465774,0.1263448067009449,0.13411564388394195,body,body,0.11841597072780133,0.09748939443379641,-0.19446000420769505,body,body,0.10795268258079886,0.08209984693676234,-0.2737568547624908,body,world
soft_low,world_only,90319,False,True,,1.0,1.0,medium,-0.25,65,world,settled,True,0.06277583539485931,0.11641508117318153,0.09008234292268753,-0.2564379168401941,body,world,0.10324871204793454,0.10763322338461875,0.04158860993252358,body,body,0.10544096771627665,0.06361785335466266,-0.5052571045207144,world,world
soft_low,world_only,90320,False,True,,1.0,2.0,short,0.25,76,world,settled,True,0.06563155353069305,0.2288050353527069,0.1462897002696991,-0.4472813628135925,body,body,0.18754736781120301,0.1009813018143177,-0.6190960726805456,world,world,0.14426433481276035,0.07120280293747783,-0.7061150904935554,world,world
soft_low,world_only,90321,False,True,,1.0,2.0,medium,-0.15000000000000002,57,alarm,persistent,False,nan,0.2595741361379623,0.07930596843361855,-1.1857289604090353,world,world,0.16944005228579045,0.09314899630844593,-0.5982988684467383,world,world,0.1312945242971182,0.08560389894992113,-0.4277122460944819,world,world
soft_low,world_only,90322,False,True,,1.0,4.0,short,-0.1,74,alarm,persistent,False,nan,0.44582377672195433,0.23429539799690247,-0.6433410506599442,body,body,0.34005958735942843,0.07835033144801855,-1.4679306600496913,world,world,0.20920495940372347,0.09673355370759965,-0.7713541084865019,world,world
soft_low,world_only,90323,False,True,,1.0,-4.0,medium,-0.05,75,alarm,persistent,False,nan,0.6368767261505127,0.5113574862480164,-0.21950718700843666,body,body,0.5741171061992645,0.17919200658798218,-1.1643754998274258,world,world,0.37665455639362333,0.053394142631441356,-1.953627419953912,world,world
soft_low,world_only,90324,False,True,,1.0,1.0,short,-0.05,72,world,settled,True,0.0638909712433815,0.14383432567119597,0.12554457709193229,-0.13600122959559754,body,body,0.13468945138156413,0.10885659996420145,-0.2129403489955048,body,body,0.1217730256728828,0.06964695863425732,-0.5587198337928593,world,world
soft_low,world_only,90325,False,True,,1.0,1.0,medium,0.05,80,world,settled,True,0.06534652411937714,0.13652489930391312,0.08914623260498047,-0.42622892611453694,body,world,0.1128355659544468,0.12216822244226933,0.0794673770575561,body,body,0.11750189419835806,0.07045452138409018,-0.5114870393816179,world,world
soft_low,world_only,90326,False,True,,1.0,2.0,short,0.1,73,world,settled,True,0.06304405629634857,0.24818593561649321,0.17653937190771102,-0.34063428384362454,body,body,0.21236265376210212,0.1292434424161911,-0.4965976677192944,body,body,0.17080304808914662,0.06613406091928482,-0.9488272192245781,world,world
soft_low,world_only,90327,False,True,,1.0,-2.0,medium,0.25,78,alarm,persistent,False,nan,0.281121164560318,0.13141202181577682,-0.760448174911758,body,body,0.2062665931880474,0.2593999236822128,0.22920150387385374,body,body,0.2328332584351301,0.08161778347566724,-1.0482753953706805,world,world
soft_low,world_only,90328,False,True,,1.0,-4.0,short,0.15000000000000002,74,alarm,persistent,False,nan,0.5234612166881562,0.19146770238876343,-1.0057438044574936,body,body,0.3574644595384598,0.24928858429193496,-0.3604247448798631,body,body,0.3033765219151974,0.07536128898209427,-1.392680946198952,world,world
soft_low,world_only,90329,False,True,,1.0,4.0,medium,0.15000000000000002,75,alarm,persistent,False,nan,0.41282160878181456,0.40859549045562743,-0.010289913904434875,body,body,0.410708549618721,0.09187808111310006,-1.4974213450373044,world,world,0.25129331536591054,0.09371722778305411,-0.9863388105580304,world,world
soft_low,world_only,90330,False,True,,1.0,1.0,short,0.1,82,world,settled,True,0.06846131384372711,0.15474903136491774,0.15207762122154236,-0.01741359575878466,body,body,0.15341332629323007,0.10865191742777824,-0.34498640370282,body,body,0.13103262186050416,0.07161754295229912,-0.60410625678026,world,world
soft_low,world_only,90331,False,True,,1.0,1.0,medium,-0.05,61,world,settled,True,0.08225735276937485,0.14230981916189195,0.08833143264055252,-0.4769104861512463,body,world,0.11532062590122223,0.08993595447391271,-0.24861850021793272,body,world,0.10262829018756747,0.09997753025963903,-0.02616816421541813,body,body
soft_low,world_only,90332,False,True,,1.0,-2.0,short,-0.1,70,world,settled,True,0.05952794477343559,0.29073907136917115,0.1516489341855049,-0.6508579969788243,body,body,0.22119400277733803,0.06784830708056688,-1.18176572200565,world,world,0.14452115492895246,0.04833153774961829,-1.095341594674838,world,world
soft_low,world_only,90333,False,True,,1.0,2.0,medium,0.1,72,alarm,persistent,False,nan,0.21381568014621735,0.08309400975704193,-0.945141721644902,body,world,0.14845484495162964,0.0887190043926239,-0.514806716528414,body,world,0.11858692467212677,0.08559295372106135,-0.3260432697852447,body,world
soft_low,world_only,90334,False,True,,1.0,4.0,short,0.05,61,alarm,persistent,False,nan,0.48318310976028445,0.17918066829442977,-0.9920010741430303,body,body,0.3311818890273571,0.06317705381661654,-1.656726575423391,world,world,0.19717947142198683,0.0870136616518721,-0.8180491996476621,world,world
soft_low,world_only,90335,False,True,,1.0,-4.0,medium,0.1,77,world,decayed,False,nan,0.6415315628051758,0.5270684599876404,-0.1965279392079359,body,body,0.5843000113964081,0.19169757419731467,-1.1144955732543478,world,world,0.3879987927968614,0.06050638239830732,-1.8582533746105645,world,world
soft_low,world_only,90336,False,True,,1.0,-1.0,short,-0.15000000000000002,76,world,settled,True,0.0686386302113533,0.18518585786223413,0.09970960728824138,-0.6190979235677802,body,world,0.14244773257523774,0.10676752775907516,-0.28832131038478415,body,body,0.12460763016715645,0.07301597064360976,-0.5344916486147421,world,world
soft_low,world_only,90337,False,True,,1.0,1.0,medium,-0.25,60,world,settled,True,0.0808722972869873,0.1524713233113289,0.09081329703330994,-0.5181708165212336,body,world,0.12164231017231941,0.12287629172205924,0.010093236391739974,body,body,0.12225930094718933,0.07221140684559942,-0.5265461838575586,world,world
soft_low,world_only,90338,False,True,,1.0,2.0,short,-0.1,58,world,settled,True,0.07953967899084091,0.25402156114578245,0.1749361664056778,-0.37299800583157056,body,body,0.21447886377573014,0.11985317692160606,-0.5819437283267371,world,world,0.1671660203486681,0.06944915764033795,-0.8783925122993592,world,world
soft_low,world_only,90339,False,True,,1.0,2.0,medium,-0.05,61,alarm,persistent,False,nan,0.26623809337615967,0.07914104908704758,-1.2131593043492335,world,world,0.1726895712316036,0.07473296020179987,-0.8375743675963148,world,world,0.12371126571670174,0.08977270340546965,-0.32066939002949746,body,world
soft_low,world_only,90340,False,True,,1.0,4.0,short,-0.2,57,alarm,persistent,False,nan,0.45915094017982483,0.2036531176418066,-0.8129608589100698,body,body,0.3314020289108157,0.0776012072339654,-1.451749243008278,world,world,0.20450161807239056,0.0917890555341728,-0.8010828180275421,world,world
soft_low,world_only,90341,False,True,,1.0,4.0,medium,0.15000000000000002,71,world,decayed,False,nan,0.5033562541007995,0.4213081240653992,-0.17793372592722898,body,body,0.46233218908309937,0.06992225144058466,-1.8888997256311684,world,world,0.266127220261842,0.09179687933064998,-1.0643961632781933,world,world
soft_low,world_only,90342,False,True,,1.0,1.0,short,-0.2,69,world,settled,True,0.06999741494655609,0.13634998500347137,0.14355213642120362,0.0514732899172815,body,body,0.13995106071233748,0.06557573471218348,-0.7580870653154107,world,world,0.10276339771226048,0.06960861729457975,-0.3895408648562592,world,world
soft_low,world_only,90343,False,True,,1.0,1.0,medium,-0.1,70,world,settled,True,0.07180885225534439,0.09784157425165177,0.07936810106039047,-0.20925304365047442,body,world,0.08860483765602112,0.11069864872843027,0.22262517582730043,body,body,0.0996517431922257,0.08155507873743773,-0.20040293493655037,body,world
soft_low,world_only,90344,False,True,,1.0,2.0,short,0.2,65,world,settled,True,0.0646587610244751,0.2338095337152481,0.14537880271673204,-0.47516405695239006,body,body,0.18959416821599007,0.12787885516881942,-0.3938024592282836,body,body,0.15873651169240474,0.0567776239477098,-1.028103364917895,world,world
soft_low,world_only,90345,False,True,,1.0,-2.0,medium,0.0,75,alarm,persistent,False,nan,0.2794371575117111,0.1091139256954193,-0.9403849020940299,body,world,0.19427554160356522,0.21033576875925064,0.0794276837825865,body,body,0.20230565518140792,0.11664247652515769,-0.5506661979675448,world,world
soft_low,world_only,90346,False,True,,1.0,4.0,short,-0.2,59,alarm,persistent,False,nan,0.4735139191150665,0.11328312754631042,-1.4302910698708027,world,world,0.2933985233306885,0.06974023403599858,-1.436754435662328,world,world,0.18156937868334352,0.08389505776576697,-0.7720711268743882,world,world
soft_low,world_only,90347,False,True,,1.0,-4.0,medium,-0.2,63,alarm,persistent,False,nan,0.6087606549263,0.500422352552414,-0.19597273023819697,body,body,0.554591503739357,0.17618103204295038,-1.14671975589156,world,world,0.3653862678911537,0.05942389317788184,-1.816258674663561,world,world
soft_low,world_only,90348,False,True,,1.0,-1.0,short,0.25,77,world,settled,True,0.07023883610963821,0.16765333265066146,0.12986160889267923,-0.25542901489117187,body,body,0.14875747077167034,0.08522064853459596,-0.5570735086748685,world,world,0.11698905965313315,0.08368503237143159,-0.3350202863971985,body,world
soft_low,world_only,90349,False,True,,1.0,1.0,medium,0.05,63,world,settled,True,0.06821402162313461,0.15160869359970092,0.08350179940462113,-0.596434635827979,body,world,0.11755524650216102,0.1265557065606117,0.07377417322215142,body,body,0.12205547653138638,0.06368894791230559,-0.6504646216807045,world,world
soft_low,world_only,90350,False,True,,1.0,-2.0,short,0.05,79,world,settled,True,0.06372706592082977,0.24130639284849167,0.1392602652311325,-0.549722871555326,body,body,0.1902833290398121,0.09512963928282261,-0.6932735815133115,world,world,0.14270648416131734,0.06303225141018629,-0.817143440015362,world,world
soft_low,world_only,90351,False,True,,1.0,2.0,medium,0.25,75,world,decayed,False,nan,0.24347745180130004,0.0936739593744278,-0.9552041021047948,body,world,0.16857570558786392,0.12189789563417434,-0.32420116692595996,body,body,0.14523680061101912,0.08769211145117879,-0.5045335719254702,world,world
soft_low,world_only,90352,False,True,,1.0,-4.0,short,0.2,76,alarm,persistent,False,nan,0.4822064653038979,0.17718804776668548,-1.0011607882178069,body,body,0.3296972565352917,0.23133131712675095,-0.3543238727387148,body,body,0.2805142868310213,0.08472029969561845,-1.1972694183390264,world,world
soft_low,world_only,90353,False,True,,1.0,-4.0,medium,-0.05,65,alarm,persistent,False,nan,0.6220453381538391,0.49277396202087403,-0.23296240699023077,body,body,0.5574096500873565,0.1860904648900032,-1.097067501727304,world,world,0.3717500574886799,0.07396462340839208,-1.6146348231363212,world,world
soft_low,world_only,90354,False,True,,1.0,-1.0,short,-0.25,72,world,settled,True,0.077668696641922,0.1221478447318077,0.1347075268626213,0.09787380745867139,body,body,0.1284276857972145,0.08914865795522928,-0.36506069907386757,body,world,0.10878817187622189,0.08662397237494587,-0.22782601961483126,body,world
soft_low,world_only,90355,False,True,,1.0,1.0,medium,0.0,71,world,settled,True,0.06235482171177864,0.14328418374061586,0.08422175198793411,-0.5313767320453471,body,world,0.11375296786427498,0.13571119010448457,0.1764998769174993,body,body,0.12473207898437977,0.0711090536788106,-0.5619534029191489,world,world
soft_low,world_only,90356,False,True,,1.0,2.0,short,0.2,78,world,settled,True,0.08415980637073517,0.26132059991359713,0.1914991557598114,-0.31086460562875695,body,body,0.22640987783670424,0.13445249795913697,-0.521136013762142,body,body,0.18043118789792062,0.08945395722985268,-0.701625426053965,world,world
soft_low,world_only,90357,False,True,,1.0,-2.0,medium,-0.1,69,alarm,persistent,False,nan,0.2601516157388687,0.1027429848909378,-0.929034021036055,body,world,0.18144730031490325,0.2039565250277519,0.11694160337182893,body,body,0.19270191267132758,0.12402883674949408,-0.4406304080138038,world,world
soft_low,world_only,90358,False,True,,1.0,4.0,short,-0.15000000000000002,74,alarm,persistent,False,nan,0.45842312574386596,0.24105071425437927,-0.6427852690148452,body,body,0.3497369199991226,0.07371431142091751,-1.5569842495426585,world,world,0.21172561571002008,0.0839255797676742,-0.9253607198618732,world,world
soft_low,world_only,90359,False,True,,1.0,-4.0,medium,-0.2,57,alarm,persistent,False,nan,0.5823108792304993,0.4937407374382019,-0.1649939054534004,body,body,0.5380258083343505,0.19106445237994193,-1.0352957117533172,world,world,0.36454513035714625,0.0694541004486382,-1.6579842490127286,world,world
soft_low,body_world,90360,True,True,m,1.436507707360915,1.0,short,-0.15000000000000002,74,world,settled,True,0.06802948564291,0.15061885565519334,0.09478109776973724,-0.46318251231678437,body,world,0.12269997671246528,0.06541832461953163,-0.6289397497487527,world,world,0.09405915066599846,0.082818363327533,-0.1272740306518254,body,world
soft_low,body_world,90361,True,True,l,1.4256287739373548,-1.0,medium,-0.25,60,world,settled,True,0.07133126258850098,0.17952826768159866,0.06401407718658447,-1.0312296604366968,body,world,0.12177117243409157,0.06088824719190598,-0.6931034770025204,world,world,0.09132970981299877,0.07811111211776733,-0.15634381599070166,body,world
soft_low,body_world,90362,True,True,m,1.4329806398316671,-2.0,short,0.2,74,world,settled,True,0.07216135412454605,0.11794926151633263,0.1928633987903595,0.4917276151783318,body,body,0.15540633015334607,0.07729365043342114,-0.6984313613322456,world,world,0.1163499902933836,0.07216959074139595,-0.47758403001217176,world,world
soft_low,body_world,90363,True,True,l,1.210563351806276,-2.0,medium,-0.15000000000000002,77,world,decayed,False,nan,0.275983989238739,0.10490667968988418,-0.9672716639163138,body,world,0.1904453344643116,0.21176577657461165,0.10611564122819554,body,body,0.20110555551946163,0.09763112580403685,-0.7226335675491695,world,world
soft_low,body_world,90364,True,True,m,1.372696280105733,-4.0,short,-0.15000000000000002,58,world,decayed,False,nan,0.48359901905059816,0.11741111725568772,-1.4155744918626043,world,world,0.30050506815314293,0.1321254588663578,-0.8217127024114316,world,world,0.21631526350975036,0.06920968419872224,-1.1395960989569758,world,world
soft_low,body_world,90365,True,True,l,1.2749895656307437,-4.0,medium,-0.2,74,world,decayed,False,nan,0.48846590518951416,0.3330396771430969,-0.38300804068085387,body,body,0.41075279116630553,0.1161919191479683,-1.262748252803414,world,world,0.2634723551571369,0.11629942394793033,-0.8177803421067754,world,world
soft_low,body_world,90366,True,True,m,1.3066897985826524,-1.0,short,-0.15000000000000002,69,world,settled,True,0.057252008467912674,0.14268588945269584,0.08519632034003735,-0.5156873925861867,body,world,0.1139411048963666,0.11861396152526141,0.04019250789011501,body,body,0.116277533210814,0.05836681183427572,-0.6892324234614152,world,world
soft_low,body_world,90367,True,True,l,1.3576619828175316,1.0,medium,0.15000000000000002,62,world,settled,True,0.06895915418863297,0.06526949666440487,0.11936117634177208,0.6036291907915584,body,world,0.09231533650308847,0.09222991839051246,-0.0009257146029049545,body,world,0.09227262744680047,0.07379655241966247,-0.22343552148508367,body,world
soft_low,body_world,90368,True,True,m,1.4143053583788585,2.0,short,0.05,60,world,decayed,False,nan,0.18782960325479509,0.1164483293890953,-0.47808753610371896,body,world,0.15213896632194518,0.12244160771369934,-0.21716011067462623,body,body,0.13729028701782225,0.11113956850022078,-0.21131078214690877,body,body
soft_low,body_world,90369,True,True,l,1.3743712386074276,-2.0,medium,0.1,67,world,decayed,False,nan,0.1490274652838707,0.16287296414375305,0.08883991614289317,body,body,0.15595021471381187,0.08945445045828819,-0.5558072575614507,world,world,0.12270233258605004,0.15688052596524357,0.2457231725246816,body,body
soft_low,body_world,90370,True,True,m,1.5116611087725051,4.0,short,-0.25,61,world,decayed,False,nan,0.506761583685875,0.07671437710523606,-1.8879515070803272,world,world,0.2917379803955555,0.14234903268516064,-0.7175740536428833,world,world,0.21704350654035806,0.05924546145834029,-1.2984086471921372,world,world
soft_low,body_world,90371,True,True,l,1.462891218935012,4.0,medium,0.2,69,world,decayed,False,nan,0.08636565916240216,0.2624035209417343,1.1112933418006092,body,body,0.17438459005206824,0.10155566781759262,-0.5406560482355438,world,world,0.13797012893483043,0.1460859166458249,0.057157714071517304,body,body
soft_low,body_world,90372,True,True,m,1.6331779731038802,-1.0,short,-0.1,65,world,settled,True,0.06671826541423798,0.11472602933645248,0.05647953189909458,-0.708668627202593,body,world,0.08560278061777353,0.05878137815743685,-0.3758926597301984,body,world,0.07219207938760519,0.06764203161001206,-0.06510077689879805,body,world
soft_low,body_world,90373,True,True,l,1.2018022497580947,-1.0,medium,0.1,66,world,settled,True,0.06836777925491333,0.1035789430141449,0.10992485582828522,0.059462947112302905,body,world,0.10675189942121506,0.05394923333078623,-0.6824639642563638,world,world,0.08035056637600065,0.06799610815942288,-0.16694867043134323,body,world
soft_low,body_world,90374,True,True,m,1.3280228263513763,-2.0,short,0.1,73,world,settled,True,0.06346271187067032,0.1582157902419567,0.11543885096907616,-0.3152189013229898,body,world,0.13682732060551644,0.09353059530258179,-0.38043109202074155,body,world,0.11517895795404912,0.07360136415809393,-0.44782351460937925,world,world
soft_low,body_world,90375,True,True,l,1.308876304017658,2.0,medium,-0.25,65,world,decayed,False,nan,0.23655321896076204,0.06794627979397774,-1.2474558200058425,world,world,0.15224974937736988,0.06459921449422837,-0.8573200092804422,world,world,0.10842448193579912,0.1069802158512175,-0.01340999284262466,body,body
soft_low,body_world,90376,True,True,m,1.5016949779873145,4.0,short,0.2,70,world,decayed,False,nan,0.14595581442117692,0.28317140936851504,0.6627484661510739,body,body,0.21456361189484596,0.0890295147895813,-0.8796383117481505,world,world,0.15179656334221364,0.10758778285235167,-0.34423412630901473,body,body
soft_low,body_world,90377,True,True,l,1.2414565409093206,-4.0,medium,0.25,66,world,decayed,False,nan,0.046054914593696594,0.424395751953125,2.220831917157235,body,body,0.2352253332734108,0.25852852314710617,0.09446210913595725,body,body,0.24687692821025847,0.09941349113360047,-0.9096021159540421,world,world
soft_low,body_world,90378,True,True,m,1.4238236120964585,1.0,short,0.25,66,world,settled,True,0.0647212490439415,0.07072452008724213,0.12567819952964782,0.5749323364667779,body,body,0.09820135980844498,0.07735128030180931,-0.23866293365937205,body,world,0.08777632005512714,0.06882247934117913,-0.2432613348367135,body,world
soft_low,body_world,90379,True,True,l,1.2836548774066676,-1.0,medium,-0.25,64,world,settled,True,0.05902670696377754,0.10255975052714347,0.034199151769280435,-1.0982447190185924,world,world,0.06837945114821195,0.08486767895519734,0.2160209676883925,body,world,0.07662356505170465,0.06484194649383426,-0.1669519508153228,body,world
soft_low,body_world,90380,True,True,m,1.3621236417497946,2.0,short,0.2,70,world,decayed,False,nan,0.06676931828260421,0.17693770676851273,0.9745540635856443,body,body,0.12185351252555847,0.11557498723268508,-0.052900046884930496,body,body,0.11871424987912178,0.14055063109844923,0.16884844360892837,body,body
soft_low,body_world,90381,True,True,l,1.3983378082528164,-2.0,medium,-0.2,74,world,decayed,False,nan,0.28695828318595884,0.1102353498339653,-0.9567192262689663,body,world,0.19859681650996208,0.1981561541557312,-0.002221344604885096,body,body,0.19837648533284663,0.1419691211078316,-0.33455708935175354,body,body
soft_low,body_world,90382,True,True,m,1.3509200717074077,-4.0,short,-0.2,74,world,decayed,False,nan,0.5477056920528411,0.1178649052977562,-1.5361989861398535,world,world,0.3327852986752987,0.10680495351552963,-1.136493226635706,world,world,0.21979512609541416,0.06253336388617754,-1.2569956309646628,world,world
soft_low,body_world,90383,True,True,l,1.2311925915846564,4.0,medium,-0.2,58,world,decayed,False,nan,0.4856651723384857,0.2666594833135605,-0.5995469395998425,body,body,0.3761623278260231,0.0648345222696662,-1.7581825605940566,world,world,0.22049842504784464,0.05899117523804307,-1.3185026917391127,world,world
soft_low,body_world,90384,True,True,m,1.524037917146982,-1.0,short,0.25,63,world,settled,True,0.06614980846643448,0.08414199724793434,0.1382026694715023,0.496215412069429,body,body,0.11117233335971832,0.07369100954383612,-0.4112007455777819,body,world,0.09243167145177722,0.05489432206377387,-0.5210597646263319,world,world
soft_low,body_world,90385,True,True,l,1.3531822605860213,1.0,medium,-0.2,58,world,decayed,False,nan,0.17066778987646103,0.1091741219162941,-0.4467748612187512,body,world,0.13992095589637757,0.13325171321630477,-0.04883774230081651,body,body,0.13658633455634117,0.10748259406536817,-0.23962798349431413,body,body
soft_low,body_world,90386,True,True,m,1.3095845696334245,2.0,short,0.1,61,world,decayed,False,nan,0.19082953818142415,0.16525784134864807,-0.14387363026857067,body,body,0.1780436897650361,0.1420467182993889,-0.2258729626924969,body,body,0.1600452040322125,0.10842407722957433,-0.3894061215267202,world,world
soft_low,body_world,90387,True,True,l,1.3723802328668413,-2.0,medium,-0.2,61,world,decayed,False,nan,0.28050352036952975,0.10522082298994065,-0.9805250573376313,body,world,0.19286217167973518,0.19845535978674889,0.02858838969841237,body,body,0.19565876573324203,0.1392332013696432,-0.34022191574065774,body,body
soft_low,body_world,90388,True,True,m,1.6369604542264304,4.0,short,0.25,64,world,decayed,False,nan,0.06524112075567245,0.3364765703678131,1.6404385626545677,body,body,0.20085884556174277,0.08527459353208541,-0.8567258387324531,world,world,0.1430667195469141,0.116921327682212,-0.20180979605377497,body,body
soft_low,body_world,90389,True,True,l,1.4434986184388112,4.0,medium,0.1,68,world,decayed,False,nan,0.20711051002144815,0.18181737139821053,-0.13024978622421335,body,body,0.19446394070982934,0.06620474923402071,-1.0774945499977848,world,world,0.13033434497192503,0.13509972468018533,0.03591017384753394,body,body
soft_low,body_world,90390,True,True,m,1.628686273513856,1.0,short,-0.25,63,world,settled,True,0.06250341981649399,0.16525086611509324,0.08421035706996918,-0.6741468006938728,body,world,0.12473061159253121,0.08620520420372486,-0.3694257550167108,body,world,0.10546790789812803,0.06501441914588213,-0.4837976377938202,world,world
soft_low,body_world,90391,True,True,l,1.4997252692437577,-1.0,medium,-0.25,60,world,settled,True,0.06375950574874878,0.20263167470693588,0.05925975739955902,-1.2294594723891905,world,world,0.13094571605324745,0.05327482596039772,-0.8993189448848637,world,world,0.09211027100682259,0.06457319958135485,-0.35518699965861383,body,world
soft_low,body_world,90392,True,True,m,1.4793682183432437,2.0,short,-0.2,56,world,decayed,False,nan,0.25097020119428637,0.12923852652311324,-0.6636744719412905,body,body,0.1901043638586998,0.09631773978471755,-0.6799206892314203,world,world,0.14321105182170868,0.11034864317625762,-0.2606745920860657,body,body
soft_low,body_world,90393,True,True,l,1.373838534697687,-2.0,medium,0.2,80,world,decayed,False,nan,0.05403941199183464,0.20995171666145324,1.3571639515692293,body,body,0.13199556432664394,0.09786505177617073,-0.29917881142430386,body,body,0.11493030805140733,0.17195382937788964,0.40290007921268367,body,body
soft_low,body_world,90394,True,True,m,1.374879786515465,4.0,short,-0.2,58,world,decayed,False,nan,0.43224857151508334,0.10162432789802552,-1.4477178654958307,world,world,0.2669364497065544,0.11961731035262346,-0.8027130475564025,world,world,0.19327688002958893,0.06072932258248329,-1.1576971171157882,world,world
soft_low,body_world,90395,True,True,l,1.2278138310881848,-4.0,medium,-0.2,72,world,decayed,False,nan,0.5606486141681671,0.37577186822891234,-0.40011212725428663,body,body,0.4682102411985397,0.11143029890954495,-1.435518154830246,world,world,0.2898202700540423,0.07824393203482032,-1.3094296918840027,world,world
soft_low,body_world,90396,True,True,m,1.5997246997728216,1.0,short,-0.15000000000000002,76,world,settled,True,0.06465943157672882,0.15271170288324357,0.0827534779906273,-0.6126858055226665,body,world,0.11773259043693543,0.07330502346158027,-0.47378673060525855,body,world,0.09551880694925785,0.07043925058096648,-0.30457251504444866,body,world
soft_low,body_world,90397,True,True,l,1.2083810902658325,1.0,medium,0.15000000000000002,74,world,settled,True,0.060904622077941895,0.071918785572052,0.13789098411798478,0.6509258986028768,body,body,0.10490488484501839,0.09443917758762836,-0.10509807712689499,body,body,0.09967203121632337,0.0630508984439075,-0.457942796172494,world,world
soft_low,body_world,90398,True,True,m,1.605681322392905,2.0,short,-0.05,61,world,settled,True,0.06787426024675369,0.18267542272806167,0.09603962600231171,-0.642950054614956,body,world,0.1393575243651867,0.07338565811514855,-0.6413142256302217,world,world,0.10637159124016762,0.06331687327474356,-0.5187866875826118,world,world
soft_low,body_world,90399,True,True,l,1.216354811034764,-2.0,medium,-0.25,60,world,decayed,False,nan,0.2699853926897049,0.09566031396389008,-1.037564336057623,body,world,0.18282285332679749,0.17415146976709367,-0.04859223296689089,body,body,0.17848716154694558,0.12571320310235023,-0.350513527832276,body,body
soft_low,body_world,90400,True,True,m,1.3999353886758357,4.0,short,-0.05,71,world,decayed,False,nan,0.3851418703794479,0.16653601378202437,-0.838400175880054,body,body,0.27583894208073617,0.12354106623679399,-0.8032435312723735,world,world,0.1996900041587651,0.060935193486511705,-1.186955287317444,world,world
soft_low,body_world,90401,True,True,l,1.3909618610188579,-4.0,medium,0.2,64,world,decayed,False,nan,0.11327467188239097,0.3383679032325745,1.0943181807274398,body,body,0.2258212875574827,0.22397962734103202,-0.008188825085797867,body,body,0.22490045744925738,0.1214853925164789,-0.615863863623983,world,world
soft_low,body_world,90402,True,True,m,1.4765881692612393,-1.0,short,-0.15000000000000002,72,world,settled,True,0.06505079567432404,0.16836950331926345,0.07996995002031326,-0.7445100493661333,body,world,0.12416972666978836,0.08730781823396683,-0.3522093783879819,body,world,0.1057387724518776,0.06156693212687969,-0.5408467313420281,world,world
soft_low,body_world,90403,True,True,l,1.2287348099119875,1.0,medium,-0.1,60,world,settled,True,0.06568386405706406,0.13377744816243647,0.10164517909288406,-0.27468947221113543,body,world,0.11771131362766027,0.09539357870817185,-0.210223865176484,body,body,0.10655244616791607,0.07283013351261616,-0.38050752477834276,body,world
soft_low,body_world,90404,True,True,m,1.5959684874168683,-2.0,short,-0.2,61,world,settled,True,0.06335686147212982,0.18841746598482131,0.07088104411959648,-0.9776570277757681,body,world,0.1296492550522089,0.06167739480733871,-0.7429152750030287,world,world,0.09566332492977381,0.0630375450477004,-0.4171044934136634,world,world
soft_low,body_world,90405,True,True,l,1.4263406910614387,-2.0,medium,-0.15000000000000002,77,world,decayed,False,nan,0.2517231822013855,0.094221331179142,-0.9826833988227552,body,world,0.17297225669026375,0.19284456446766854,0.1087532832858539,body,body,0.18290841057896615,0.13757001999765633,-0.2848525150792569,body,body
soft_low,body_world,90406,True,True,m,1.5761825745829299,-4.0,short,0.25,68,world,decayed,False,nan,0.05556717589497566,0.3082666382193565,1.7133724516451463,body,body,0.1819169070571661,0.07845926880836487,-0.8409704067468664,world,world,0.13018808793276548,0.08733461373485625,-0.39923335898554496,world,world
soft_low,body_world,90407,True,True,l,1.3075505965528191,-4.0,medium,0.25,60,world,decayed,False,nan,0.07641865462064742,0.3796298444271088,1.6029698475750092,body,body,0.2280242495238781,0.2582277923822403,0.1243901307308601,body,body,0.24312602095305919,0.1293978299945593,-0.6306883014788783,world,world
soft_low,body_world,90408,True,True,m,1.5508532757037867,1.0,short,-0.25,74,world,settled,True,0.07436858117580414,0.15808023661375045,0.08588185906410217,-0.6101301107897846,body,world,0.12198104783892631,0.08256787806749344,-0.39024496757334315,body,world,0.10227446295320988,0.07094206735491752,-0.3657964215711552,body,world
soft_low,body_world,90409,True,True,l,1.386472676208235,1.0,medium,0.05,62,world,settled,True,0.06911549717187881,0.07675375565886497,0.11569488495588302,0.41035410474334355,body,world,0.096224320307374,0.0798919752240181,-0.18600672308415514,body,world,0.08805814776569605,0.07830068822950124,-0.11744097372358402,body,world
soft_low,body_world,90410,True,True,m,1.305798982810204,2.0,short,0.0,73,world,decayed,False,nan,0.20585801899433137,0.1278331458568573,-0.47646083741122636,body,body,0.16684558242559433,0.11531861498951912,-0.3693698659761722,body,body,0.14108209870755672,0.12676407285034658,-0.10701431655447523,body,body
soft_low,body_world,90411,True,True,l,1.201605261104429,-2.0,medium,0.15000000000000002,64,world,decayed,False,nan,0.13716313019394874,0.17167890965938568,0.2244549790442734,body,body,0.1544210199266672,0.12531509920954703,-0.20885140863836402,body,body,0.13986805956810713,0.1516228025779128,0.08069632809546846,body,body
soft_low,body_world,90412,True,True,m,1.6785527327767333,-4.0,short,-0.2,66,world,decayed,False,nan,0.5223777607083321,0.09536030739545823,-1.7007285788327167,world,world,0.30886903405189514,0.08597299084067345,-1.2788841620990967,world,world,0.1974210124462843,0.09359825318679213,-0.7463268465890867,world,world
soft_low,body_world,90413,True,True,l,1.497413653722908,4.0,medium,-0.05,68,world,decayed,False,nan,0.3410064071416855,0.1393453821539879,-0.8949456514715012,body,body,0.24017589464783667,0.07087977845221757,-1.220386368654241,world,world,0.15552783655002714,0.15304627981968225,-0.016084370646379038,body,body
soft_low,body_world,90414,True,True,m,1.6384059842206313,-1.0,short,-0.1,67,world,settled,True,0.058916278183460236,0.16207313761115075,0.06778282672166824,-0.8717388304159606,body,world,0.1149279821664095,0.08102907761931419,-0.34949761695261206,body,world,0.09797852989286185,0.06569404788315296,-0.399740045941791,world,world
soft_low,body_world,90415,True,True,l,1.4445958942354706,1.0,medium,-0.15000000000000002,61,world,decayed,False,nan,0.08478407934308052,0.10563178360462189,0.2198515255147352,body,world,0.0952079314738512,0.09026217982172965,-0.053344707547232244,body,world,0.09273505564779043,0.11016545556485653,0.17223681378905978,body,body
soft_low,body_world,90416,True,True,m,1.4228738912776615,-2.0,short,-0.05,70,world,settled,True,0.0743609145283699,0.1927342638373375,0.08530019447207451,-0.8151356344822456,body,world,0.139017229154706,0.06536681000143289,-0.7545832388902082,world,world,0.10219201957806945,0.08145083682611584,-0.22685397929693674,body,world
soft_low,body_world,90417,True,True,l,1.412003609654068,-2.0,medium,-0.15000000000000002,63,world,decayed,False,nan,0.28974178731441497,0.09153642579913139,-1.152253148550587,world,world,0.19063910655677319,0.1838652066886425,-0.03617922943058247,body,body,0.18725215662270783,0.13299408191815018,-0.3421515092995132,body,body
soft_low,body_world,90418,True,True,m,1.6633408277228265,4.0,short,0.25,65,world,decayed,False,nan,0.07316408455371856,0.28918575048446654,1.3743645645001494,body,body,0.18117491751909257,0.0755463507026434,-0.874716575263201,world,world,0.12836063411086798,0.11035175630822777,-0.1511707079532352,body,body
soft_low,body_world,90419,True,True,l,1.4868039659450991,-4.0,medium,0.25,75,world,decayed,False,nan,0.05086473077535629,0.30953644812107084,1.805906078411401,body,body,0.18020058944821357,0.2060757301747799,0.13417310719410866,body,body,0.19313815981149673,0.16227702917531134,-0.17410085536121825,body,body
soft_low,body_world,90420,True,True,m,1.5449902128447706,1.0,short,-0.05,63,world,settled,True,0.06829260289669037,0.16976867467164994,0.09191673994064331,-0.6135536065375328,body,world,0.1308427073061466,0.07380057275295257,-0.5726294017311631,world,world,0.1023216400295496,0.07291838601231575,-0.3387803696888261,body,world
soft_low,body_world,90421,True,True,l,1.3429074718778478,1.0,medium,-0.05,68,world,settled,True,0.05937473848462105,0.08358825594186783,0.10213432908058166,0.20038586757602894,body,world,0.09286129251122474,0.10054144635796547,0.0794631426384857,body,body,0.0967013694345951,0.05202745338901878,-0.6198560349866188,world,world
soft_low,body_world,90422,True,True,m,1.4859152920245902,2.0,short,-0.2,56,world,decayed,False,nan,0.2299407586455345,0.13370491117238997,-0.5421864884286377,body,body,0.18182283490896226,0.10980922468006611,-0.5042882393893842,body,body,0.1458160297945142,0.10544455703347921,-0.32416046822208366,body,body
soft_low,body_world,90423,True,True,l,1.4537628318674107,-2.0,medium,0.0,61,world,decayed,False,nan,0.2000436544418335,0.1162341706454754,-0.5429287462338581,body,world,0.15813891254365445,0.09383811578154563,-0.5219027149878321,body,world,0.12598851416260004,0.15538789369165898,0.20973378537007703,body,body
soft_low,body_world,90424,True,True,m,1.5039422662674549,-4.0,short,-0.2,72,world,decayed,False,nan,0.4821165159344673,0.10448895394802094,-1.5291044571703145,world,world,0.29330273494124415,0.09977238029241561,-1.0783139062249778,world,world,0.19653755761682987,0.062451322888955475,-1.146466126438774,world,world
soft_low,body_world,90425,True,True,l,1.484051795950852,4.0,medium,0.0,66,world,decayed,False,nan,0.27460103631019595,0.13014817088842393,-0.7466456897479783,body,body,0.20237460359930992,0.08018043786287307,-0.925840885054392,world,world,0.1412775207310915,0.15632840245962143,0.10123275042818042,body,body
soft_low,body_world,90426,True,True,m,1.499613542769097,-1.0,short,-0.2,68,world,settled,True,0.061576031148433685,0.14523645415902137,0.07667948380112648,-0.6387289462844723,body,world,0.11095796898007393,0.09465489871799945,-0.15891383931703515,body,body,0.10280643384903669,0.06357380524277687,-0.48064641888923354,world,world
soft_low,body_world,90427,True,True,l,1.2434438593395136,1.0,medium,0.05,67,world,settled,True,0.06795646995306015,0.09139638170599937,0.10632564276456832,0.1513005961882589,body,world,0.09886101223528385,0.09125733226537705,-0.08003160407712868,body,world,0.09505917225033045,0.06955282716080546,-0.3124129966211972,body,world
soft_low,body_world,90428,True,True,m,1.5747146197091175,2.0,short,0.25,64,world,decayed,False,nan,0.06758458912372589,0.19097473323345185,1.0387611470431737,body,body,0.12927966117858886,0.09439472481608391,-0.3144927835309241,body,body,0.11183719299733638,0.12949412260204554,0.14659131500533665,body,body
soft_low,body_world,90429,True,True,l,1.4646053079069046,-2.0,medium,0.1,67,world,decayed,False,nan,0.1249450221657753,0.12823665589094163,0.026003613125423337,body,body,0.12659083902835847,0.06095971539616585,-0.7307469028770756,world,world,0.09377527721226216,0.11687502581626177,0.22020395639055457,body,body
soft_low,body_world,90430,True,True,m,1.6725099978259204,-4.0,short,0.1,62,world,decayed,False,nan,0.2687202669680119,0.1250917173922062,-0.764623731398798,body,body,0.196905992180109,0.09744097106158733,-0.7034796481372391,world,world,0.14717348162084817,0.09088591425679624,-0.48200700752817865,world,world
soft_low,body_world,90431,True,True,l,1.3236542402011626,-4.0,medium,0.1,67,world,decayed,False,nan,0.2981114566326141,0.35658611357212067,0.17910833135743293,body,body,0.3273487851023674,0.1899482011795044,-0.54427481394888,world,world,0.2586484931409359,0.09876404548995196,-0.9627363440943592,world,world
soft_low,body_world,90432,True,True,m,1.3642720743548598,-1.0,short,0.15000000000000002,61,world,settled,True,0.055445194244384766,0.0794416606426239,0.10087701641023158,0.23887919170540883,body,world,0.09015933852642774,0.10195850916206836,0.12298742456761971,body,body,0.09605892384424805,0.0546761192381382,-0.5635347561188719,world,world
soft_low,body_world,90433,True,True,l,1.3743791243103016,-1.0,medium,0.05,77,world,settled,True,0.06606116145849228,0.127611181139946,0.061242230236530304,-0.7341510054631775,body,world,0.09442670568823815,0.09285273961722851,-0.016809139179562112,body,world,0.09363972265273332,0.06316586909815669,-0.39369057141199487,world,world
soft_low,body_world,90434,True,True,m,1.4747028802268096,2.0,short,-0.05,62,world,decayed,False,nan,0.22467066943645478,0.10798300057649612,-0.7326618259024885,body,world,0.16632683500647544,0.10281900987029076,-0.4809844813803641,body,body,0.1345729224383831,0.11930716764181852,-0.1204048182625747,body,body
soft_low,body_world,90435,True,True,l,1.3038106075252267,-2.0,medium,-0.2,60,world,decayed,False,nan,0.25674729645252226,0.10071011483669282,-0.9358460789397527,body,world,0.17872870564460755,0.19338192492723466,0.0787980739065947,body,body,0.1860553152859211,0.12615970922634007,-0.38849538565929836,world,world
soft_low,body_world,90436,True,True,m,1.6168586909623586,4.0,short,-0.05,79,world,decayed,False,nan,0.36498210281133653,0.12469751611351967,-1.0739573853963058,body,body,0.2448398094624281,0.14906671419739723,-0.49621020574171476,body,body,0.19695326182991266,0.06285220005083829,-1.1421805117852886,world,world
soft_low,body_world,90437,True,True,l,1.3291113567705524,-4.0,medium,0.15000000000000002,77,world,decayed,False,nan,0.19357618540525437,0.3198553085327148,0.5021975746971349,body,body,0.2567157469689846,0.20301464721560478,-0.23469129964583332,body,body,0.2298651970922947,0.11550882156006992,-0.6881461333122413,world,world
soft_low,body_world,90438,True,True,m,1.329008599029527,-1.0,short,0.05,80,world,settled,True,0.06680800020694733,0.10612764284014702,0.064641672372818,-0.49578326142640194,body,world,0.0853846576064825,0.10121853910386562,0.1701155014665151,body,body,0.09330159835517407,0.06458453657105565,-0.36786222888947456,body,world
soft_low,body_world,90439,True,True,l,1.445391509411858,1.0,medium,0.0,66,world,settled,True,0.06436196714639664,0.10096483528614045,0.10411997586488723,0.030771557591580626,body,world,0.10254240557551383,0.08588306382298469,-0.17728977795188014,body,world,0.09421273469924926,0.0620909109711647,-0.4169557432806574,world,world
soft_low,body_world,90440,True,True,m,1.5564106744089927,2.0,short,0.25,74,world,decayed,False,nan,0.06941703818738461,0.17290039956569672,0.9125833592470225,body,body,0.12115871887654066,0.09315657615661621,-0.2628197202376037,body,world,0.10715764751657844,0.09917680285871029,-0.07739694664059217,body,body
soft_low,body_world,90441,True,True,l,1.3070596772413094,2.0,medium,0.2,71,world,decayed,False,nan,0.0645601898431778,0.19667023420333862,1.113930423557065,body,body,0.1306152120232582,0.11908588334918022,-0.09241074641058095,body,body,0.12485054768621921,0.07798890313133597,-0.4705508544483891,world,world
soft_low,body_world,90442,True,True,m,1.6269524228642334,4.0,short,0.25,74,world,decayed,False,nan,0.047565396130084994,0.308754400908947,1.8704406169886887,body,body,0.178159898519516,0.084770442917943,-0.7427345218018145,world,world,0.13146517071872948,0.12508985856547952,-0.04970960751737723,body,body
soft_low,body_world,90443,True,True,l,1.378277312801848,-4.0,medium,-0.1,72,world,decayed,False,nan,0.44634381532669065,0.2749504506587982,-0.4844986394127295,body,body,0.3606471329927444,0.1147178828716278,-1.1454240874266104,world,world,0.23768250793218612,0.10273468275554479,-0.8387860134909279,world,world
soft_low,body_world,90444,True,True,m,1.453510197141481,1.0,short,0.0,71,world,settled,True,0.06708641350269318,0.17013027518987656,0.09803996235132217,-0.551189293573389,body,world,0.13408511877059937,0.09966152980923652,-0.296695069974638,body,body,0.11687332428991795,0.058542415592819454,-0.6913391054970228,world,world
soft_low,body_world,90445,True,True,l,1.3665797638238526,-1.0,medium,0.0,62,world,settled,True,0.07384419441223145,0.1005353182554245,0.04057137183845043,-0.9074464004339253,body,world,0.07055334504693747,0.04971848875284195,-0.34999221999773694,body,world,0.06013591689988971,0.06865237206220627,0.13244840259431,body,world
soft_low,body_world,90446,True,True,m,1.33490869903924,-2.0,short,-0.25,64,world,settled,True,0.07185087352991104,0.2672501415014267,0.10549502447247505,-0.9295212889714974,body,world,0.18637258298695086,0.0670163832604885,-1.022810688678026,world,world,0.1266944831237197,0.08161180466413498,-0.43980462704254925,world,world
soft_low,body_world,90447,True,True,l,1.360545744961593,2.0,medium,0.25,71,world,decayed,False,nan,0.06082129180431366,0.18868248611688615,1.1321257128776872,body,body,0.1247518889605999,0.1139414532110095,-0.09064212833708979,body,body,0.1193466710858047,0.10468896348029375,-0.1310387589274468,body,body
soft_low,body_world,90448,True,True,m,1.3926898559008811,4.0,short,0.0,79,world,decayed,False,nan,0.3373152256011963,0.13766832426190376,-0.8961705358268887,body,body,0.23749177493155002,0.12809268571436405,-0.6173788819838437,world,world,0.18279223032295705,0.05037367097102106,-1.2888815172034476,world,world
soft_low,body_world,90449,True,True,l,1.4996288562259714,4.0,medium,-0.15000000000000002,69,world,decayed,False,nan,0.44141237139701844,0.1551123484969139,-1.0458298376925308,body,body,0.29826235994696615,0.09926321245729923,-1.1001984679823562,world,world,0.1987627862021327,0.14393885303288698,-0.32272350687928764,body,body
soft_low,body_world,90450,True,True,m,1.6497126455801099,-1.0,short,-0.15000000000000002,68,world,settled,True,0.0674050897359848,0.09252364858984947,0.08351286686956882,-0.10246355804178163,body,world,0.08801825772970914,0.08673968389630318,-0.014632773025808923,body,world,0.08737897081300616,0.07258035717532038,-0.18556032226501826,body,world
soft_low,body_world,90451,True,True,l,1.4011624978174013,-1.0,medium,-0.1,69,world,settled,True,0.0658779889345169,0.11022479012608528,0.04826048649847507,-0.8259086862654136,body,world,0.07924263831228018,0.0455116062425077,-0.5545471408021804,world,world,0.062377122277393934,0.06808545989915729,0.08756510135301177,body,world
soft_low,body_world,90452,True,True,m,1.3459971515369575,2.0,short,0.0,75,world,decayed,False,nan,0.23657283186912537,0.1413722515106201,-0.5148596245662865,body,body,0.18897254168987274,0.1420261465013027,-0.2855905514987921,body,body,0.16549934409558772,0.09582108163740485,-0.5464845120276292,world,world
soft_low,body_world,90453,True,True,l,1.3128410648573021,-2.0,medium,-0.2,60,world,decayed,False,nan,0.2706169098615646,0.10530090630054474,-0.9438821780882666,body,world,0.1879589080810547,0.1894010841846466,0.007643540145130214,body,body,0.18867999613285064,0.13941868040710687,-0.3025709427819386,body,body
soft_low,body_world,90454,True,True,m,1.4532800695650452,4.0,short,0.25,80,world,decayed,False,nan,0.046463493257761,0.35367499589920043,2.029711487733326,body,body,0.20006924457848071,0.10918215326964856,-0.6056459111613438,world,world,0.15462569892406464,0.09089387450367212,-0.5313147391112449,world,world
soft_low,body_world,90455,True,True,l,1.4639866887179158,4.0,medium,0.1,63,world,decayed,False,nan,0.21415785551071168,0.18198742270469664,-0.16277580699998725,body,body,0.19807263910770417,0.07165692336857318,-1.0167440503761964,world,world,0.13486478123813866,0.15461979676038026,0.1366965234223814,body,body
soft_low,body_world,90456,True,True,m,1.437503394575647,1.0,short,-0.05,71,world,settled,True,0.06382685899734497,0.15485179722309111,0.09322510659694672,-0.507451443069792,body,world,0.12403845191001892,0.09155655726790428,-0.3036347200373994,body,world,0.1077975045889616,0.06685413531959057,-0.4777413483671025,world,world
soft_low,body_world,90457,True,True,l,1.433005966120608,-1.0,medium,0.1,79,world,settled,True,0.06898227334022522,0.12522099912166595,0.11865493953227997,-0.053860556081431844,body,world,0.12193796932697296,0.06162806488573551,-0.6823951017098409,world,world,0.09178301710635424,0.07546110060065984,-0.1958099820213382,body,world
soft_low,body_world,90458,True,True,m,1.5714723561915191,-2.0,short,0.1,75,world,settled,True,0.07001688331365585,0.1547748353332281,0.09537935703992843,-0.48410921368332277,body,world,0.12507709618657828,0.07455657348036766,-0.5173721038896266,body,world,0.09981683483347296,0.06490808445960283,-0.4303646709010504,world,world
soft_low,body_world,90459,True,True,l,1.423809978213943,-2.0,medium,-0.15000000000000002,75,world,decayed,False,nan,0.2558684483170509,0.11159737408161163,-0.8297659187039523,body,world,0.18373291119933127,0.169415395706892,-0.08112947165624096,body,body,0.17657415345311164,0.14298168029636144,-0.2110244087835751,body,body
soft_low,body_world,90460,True,True,m,1.501503010941712,-4.0,short,0.1,65,world,decayed,False,nan,0.2915923599153757,0.1486229419708252,-0.6739442914381251,body,body,0.22010765094310045,0.11447699591517449,-0.6537428553702077,world,world,0.16729232342913747,0.07171653998084367,-0.8470213177398807,world,world
soft_low,body_world,90461,True,True,l,1.4979893620177673,-4.0,medium,-0.05,68,world,decayed,False,nan,0.3520894080400467,0.23534861505031585,-0.40281726026801773,body,body,0.29371901154518126,0.17495486959815026,-0.5180955146273699,body,body,0.23433694057166576,0.1384836457669735,-0.5260077590938838,world,world
soft_low,body_world,90462,True,True,m,1.32405485767968,-1.0,short,0.15000000000000002,61,world,settled,True,0.06905331462621689,0.11355466097593307,0.10002242773771286,-0.12688987727484877,body,world,0.10678854435682297,0.07744118254631757,-0.3213319448602873,body,world,0.09211486345157027,0.08283890997990966,-0.10613843577571497,body,world
soft_low,body_world,90463,True,True,l,1.2959566174498844,1.0,medium,-0.05,60,world,settled,True,0.062413644045591354,0.05166418235749006,0.1018326848745346,0.6785663783874133,body,world,0.07674843361601233,0.08906916342675686,0.1488802077403704,body,world,0.0829087985213846,0.06110540721565485,-0.30514083060056024,body,world
soft_low,body_world,90464,True,True,m,1.5484915809048363,-2.0,short,0.25,68,world,settled,True,0.0656885951757431,0.07189429625868797,0.1391682356595993,0.66048659698789,body,body,0.10553126595914364,0.07619615346193313,-0.32569628689626107,body,world,0.09086370971053839,0.0688915466889739,-0.2768272074336231,body,world
soft_low,body_world,90465,True,True,l,1.428408630737959,-2.0,medium,-0.25,69,world,decayed,False,nan,0.3524922728538513,0.10677402317523957,-1.1943140327851338,world,world,0.22963314801454543,0.2097440779209137,-0.09059491595006355,body,body,0.21968861296772957,0.1200178312137723,-0.6045708229413631,world,world
soft_low,body_world,90466,True,True,m,1.3278826334953207,4.0,short,0.1,72,alarm,persistent,False,nan,0.3152824953198433,0.18314020186662675,-0.5432170575384647,body,body,0.24921134859323502,0.11672106981277466,-0.7585142561713384,world,world,0.18296620920300483,0.07858922011218965,-0.8450669452982165,world,world
soft_low,body_world,90467,True,True,l,1.224242705022093,-4.0,medium,0.2,67,world,decayed,False,nan,0.14942089468240738,0.3750936806201935,0.9204086895274668,body,body,0.2622572876513004,0.24620340019464493,-0.0631680114808841,body,body,0.25423034392297267,0.10666324435733258,-0.8685640994416738,world,world
soft_low,body_world,90468,True,True,m,1.377155487281401,1.0,short,0.25,65,world,settled,True,0.06342814862728119,0.05746532529592514,0.12562741041183473,0.7821387384163326,body,body,0.09154636785387993,0.09780327007174491,0.06611241637099269,body,body,0.09467481896281242,0.06367873437702656,-0.39659739498370045,world,world
soft_low,body_world,90469,True,True,l,1.2775926055522053,-1.0,medium,-0.2,67,world,settled,True,0.06273166835308075,0.20644048750400543,0.05515581294894219,-1.3198500320936908,world,world,0.1307981502264738,0.07937020361423493,-0.49953226844386345,body,world,0.10508417692035436,0.054880477301776406,-0.6496040333659264,world,world
soft_low,body_world,90470,True,True,m,1.5219750255884492,2.0,short,-0.05,70,world,decayed,False,nan,0.21536848992109298,0.11877447515726089,-0.5951239394103303,body,world,0.16707148253917695,0.091126823797822,-0.6061695556201199,world,world,0.12909915316849946,0.1145137844607234,-0.1198855342792265,body,body
soft_low,body_world,90471,True,True,l,1.2543795609592172,2.0,medium,0.0,63,world,decayed,False,nan,0.19209448099136353,0.1140841618180275,-0.5210509019135033,body,world,0.1530893214046955,0.1346411533653736,-0.12840843494166831,body,body,0.14386523738503457,0.07555220760405064,-0.644053101171466,world,world
soft_low,body_world,90472,True,True,m,1.523888147333015,4.0,short,0.25,77,world,decayed,False,nan,0.033131282031536105,0.34065630435943606,2.3303961513404503,body,body,0.18689379319548607,0.09906096141785384,-0.6348050721607637,world,world,0.14297737730666996,0.09764415621757508,-0.3813566057223093,body,body
soft_low,body_world,90473,True,True,l,1.4189126139922845,-4.0,medium,-0.25,63,world,decayed,False,nan,0.49932619333267214,0.2938439905643463,-0.5302105940818883,body,body,0.3965850919485092,0.10088260532356799,-1.3689331084481662,world,world,0.2487338486360386,0.10506202555261553,-0.8618325485241439,world,world
soft_low,body_world,90474,True,True,m,1.3393605416224226,1.0,short,0.0,80,world,settled,True,0.06955842673778534,0.10790974944829941,0.10397722125053406,-0.03712337580050439,body,world,0.10594348534941674,0.0493982095271349,-0.7629916157052673,world,world,0.07767084743827582,0.06868557194247842,-0.12294083134754134,body,world
soft_low,body_world,90475,True,True,l,1.4134205728523153,1.0,medium,0.1,66,world,decayed,False,nan,0.044165197759866714,0.13720827251672746,1.1335629108475902,body,body,0.09068673513829709,0.0906872346997261,5.508634226524089e-06,body,world,0.09068698491901159,0.10703782625496387,0.16576843749818782,body,body
soft_low,body_world,90476,True,True,m,1.3814810158500825,-2.0,short,0.0,70,world,settled,True,0.06269215792417526,0.2354273848235607,0.08230696097016335,-1.0509468366645063,body,world,0.15886717289686203,0.07936020009219646,-0.6940714782048085,world,world,0.11911368649452925,0.062015332467854026,-0.6526967334093001,world,world
soft_low,body_world,90477,True,True,l,1.4674729887667173,2.0,medium,0.1,78,world,decayed,False,nan,0.10664370283484459,0.14896273910999297,0.3342028035596857,body,body,0.12780322097241878,0.1355903148651123,0.05914620380397418,body,body,0.13169676791876556,0.11737966611981392,-0.11508837652096675,body,body
soft_low,body_world,90478,True,True,m,1.5027032697774165,4.0,short,0.0,80,world,decayed,False,nan,0.2813787624239922,0.1018068864941597,-1.01662392158329,body,world,0.19159282445907594,0.11884945724159479,-0.4775147871599759,body,body,0.15522114085033537,0.08327150996774435,-0.6227443418139892,world,world
soft_low,body_world,90479,True,True,l,1.3850046666885212,-4.0,medium,0.0,66,world,decayed,False,nan,0.3329124838113785,0.33307831883430483,0.0004980099595818934,body,body,0.33299540132284167,0.15195273086428643,-0.7845591887181717,world,world,0.24247406609356403,0.11142822057008743,-0.7775141388211785,world,world
soft_low,calib,90480,False,False,,1.0,0.0,,0.0,64,world,settled,True,0.060111843049526215,0.07114955484867096,0.06407707557082176,-0.10469740343802214,body,world,0.06761331520974637,0.06903577037155628,0.02081984723943747,body,world,0.06832454279065132,0.05657976251095533,-0.1886176716452523,body,world
soft_low,calib,90481,False,False,,1.0,0.0,,0.0,76,world,settled,True,0.07028581202030182,0.05644129365682602,0.10900221168994903,0.6581671251130405,body,world,0.08272175267338752,0.08026589341461658,-0.030137807378843185,body,world,0.08149382304400206,0.07839319109916687,-0.03879015114347911,body,world
soft_low,calib,90482,False,False,,1.0,0.0,,0.0,79,world,settled,True,0.06302584707736969,0.0653169684112072,0.038821642845869066,-0.5202739592646641,body,world,0.052069305628538134,0.0718506347388029,0.32201381496737236,body,world,0.06195997018367052,0.06494618719443679,0.04707050336010889,body,world
soft_low,calib,90483,False,False,,1.0,0.0,,0.0,70,world,settled,True,0.06535729020833969,0.05791761428117752,0.04383177943527698,-0.27866244515677085,body,world,0.05087469685822725,0.07379598245024681,0.37193860659670425,body,world,0.06233533965423703,0.06069156415760517,-0.026723802214197102,body,world
soft_low,calib,90484,False,False,,1.0,0.0,,0.0,69,world,settled,True,0.06609312444925308,0.06919594556093216,0.07454980313777923,0.07452512978639517,body,world,0.0718728743493557,0.05260462816804647,-0.31209482055173066,body,world,0.06223875125870108,0.07025892660021782,0.12120955283886117,body,world
soft_low,calib,90485,False,False,,1.0,0.0,,0.0,78,world,settled,True,0.09106409549713135,0.10998296588659287,0.10376167818903922,-0.05822878459010599,body,world,0.10687232203781605,0.07573427967727184,-0.3444039761474463,body,world,0.09130330085754394,0.1063273971900344,0.15233604584107527,body,body
soft_low,calib,90486,False,False,,1.0,0.0,,0.0,79,world,settled,True,0.07460258156061172,0.04971142411231995,0.08745239749550819,0.5648598486001566,body,world,0.06858191080391407,0.05219858083873987,-0.2729735015325378,body,world,0.060390245821326974,0.07821618895977736,0.25864904719661663,body,world
soft_low,calib,90487,False,False,,1.0,0.0,,0.0,74,world,settled,True,0.06991946697235107,0.06490237079560757,0.075845056027174,0.15580836972820666,body,world,0.07037371341139079,0.059046176820993425,-0.17550000862259357,body,world,0.0647099451161921,0.07663896977901459,0.16919079031314788,body,world
soft_low,calib,90488,False,False,,1.0,0.0,,0.0,62,world,settled,True,0.06573136150836945,0.09227377474308014,0.06402110308408737,-0.36554720581086264,body,world,0.07814743891358375,0.05709464214742184,-0.31388700544653847,body,world,0.0676210405305028,0.06487838663160801,-0.04140464253421976,body,world
soft_low,calib,90489,False,False,,1.0,0.0,,0.0,65,world,settled,True,0.07130955159664154,0.08443418256938458,0.09665165171027183,0.13514096875770248,body,world,0.0905429171398282,0.06303164102137089,-0.3621871220909647,body,world,0.07678727908059954,0.06587247671559453,-0.15331828746264103,body,world
soft_low,calib,90490,False,False,,1.0,0.0,,0.0,70,world,settled,True,0.062484659254550934,0.09630783572793007,0.03171446733176708,-1.1107767239072615,world,world,0.06401115152984857,0.08486120607703924,0.28195974138865876,body,world,0.07443617880344391,0.056312404293566945,-0.2790272620780672,body,world
soft_low,calib,90491,False,False,,1.0,0.0,,0.0,63,world,settled,True,0.06548751890659332,0.051458710432052614,0.0751314990222454,0.37846015163967,body,world,0.06329510472714901,0.06709480937570333,0.058298692763121655,body,world,0.06519495705142617,0.05959359277039766,-0.08983405566427928,body,world
soft_low,calib,90492,False,False,,1.0,0.0,,0.0,66,world,settled,True,0.06338944286108017,0.05719050541520119,0.06268413849174977,0.09172054565888031,body,world,0.059937321953475474,0.05207226984202862,-0.14066682375162837,body,world,0.05600479589775205,0.0687802548520267,0.20547938221950587,body,world
soft_low,calib,90493,False,False,,1.0,0.0,,0.0,80,world,settled,True,0.08589845895767212,0.050650297105312346,0.047367893159389496,-0.0670004568448003,body,world,0.049009095132350924,0.07572985626757145,0.43516658933277513,body,world,0.06236947569996119,0.10153272412717343,0.48730516749727953,body,body
soft_low,calib,90494,False,False,,1.0,0.0,,0.0,79,world,settled,True,0.05889164283871651,0.05725555643439293,0.0476582370698452,-0.18346921208297112,body,world,0.052456896752119064,0.07927710525691509,0.41295755831497094,body,world,0.06586700100451708,0.057508779037743804,-0.1356999575459366,body,world
soft_low,calib,90495,False,False,,1.0,0.0,,0.0,75,world,settled,True,0.06374432146549225,0.07331060133874416,0.039634931832551956,-0.6149943814780491,body,world,0.05647276658564806,0.07035962231457234,0.2198610373393267,body,world,0.0634161944501102,0.054682462103664876,-0.1481762234513729,body,world
soft_low,calib,90496,False,False,,1.0,0.0,,0.0,76,world,settled,True,0.0655379444360733,0.057441094517707826,0.07576708346605301,0.27690396373457854,body,world,0.06660408899188042,0.05500451549887657,-0.19135069009412406,body,world,0.06080430224537849,0.05950789712369442,-0.021551518571080185,body,world
soft_low,calib,90497,False,False,,1.0,0.0,,0.0,68,world,settled,True,0.0684068575501442,0.07251460924744606,0.09181070923805237,0.2359409007667968,body,world,0.08216265924274921,0.05001411493867636,-0.49639566736885704,body,world,0.06608838709071278,0.06606856901198625,-0.0002999173022671859,body,world
soft_low,calib,90498,False,False,,1.0,0.0,,0.0,70,world,settled,True,0.0814206600189209,0.05463340580463409,0.032818762212991716,-0.509645153045622,body,world,0.04372608400881291,0.09116271175444127,0.7347011390234017,body,world,0.06744439788162708,0.09473588801920414,0.33978937042339924,body,body
soft_low,calib,90499,False,False,,1.0,0.0,,0.0,79,world,settled,True,0.06397882848978043,0.06674383096396923,0.07671403624117375,0.13922282047708887,body,world,0.07172893360257149,0.06769415903836488,-0.05789430413472037,body,world,0.06971154632046819,0.06735307569615542,-0.034417392276708564,body,world
soft_low,calib,90500,False,False,,1.0,0.0,,0.0,72,world,settled,True,0.06215326860547066,0.08424566350877286,0.05377138257026672,-0.4489956930407603,body,world,0.06900852303951979,0.06748546808958053,-0.022317732141867393,body,world,0.06824699556455016,0.05800056494772434,-0.16268066108689588,body,world
soft_low,calib,90501,False,False,,1.0,0.0,,0.0,76,world,settled,True,0.0688566192984581,0.04916423559188843,0.06202908083796501,0.2324368805505557,body,world,0.05559665821492672,0.05866894070059061,0.05378737215856729,body,world,0.05713279945775866,0.07304079569876194,0.24563975716913408,body,world
soft_low,calib,90502,False,False,,1.0,0.0,,0.0,76,world,settled,True,0.05870523303747177,0.07783045805990696,0.06787380278110504,-0.13688270682956985,body,world,0.072852130420506,0.07280480228364468,-0.0006498576847430385,body,world,0.07282846635207534,0.057615289092063905,-0.23431893198729128,body,world
soft_low,calib,90503,False,False,,1.0,0.0,,0.0,63,world,settled,True,0.06365452706813812,0.0756365966051817,0.030841704830527304,-0.8970724211189394,body,world,0.0532391507178545,0.0835080873221159,0.4501494398802997,body,world,0.0683736190199852,0.0642881023697555,-0.06161248239682557,body,world
soft_low,calib,90504,False,False,,1.0,0.0,,0.0,72,world,settled,True,0.06085296720266342,0.07582237496972084,0.05175225362181664,-0.38192545394217614,body,world,0.06378731429576874,0.06505180466920138,0.01962961228380405,body,world,0.06441955948248505,0.06637377804145217,0.02988476380175673,body,world
soft_low,calib,90505,False,False,,1.0,0.0,,0.0,75,world,settled,True,0.06987585127353668,0.08106544390320777,0.1008819468319416,0.21869421208380996,body,world,0.09097369536757469,0.05860942769795656,-0.4396748369751245,body,world,0.07479156153276563,0.0649023954756558,-0.14182053159788863,body,world
soft_low,calib,90506,False,False,,1.0,0.0,,0.0,78,world,settled,True,0.07161121070384979,0.0459422666579485,0.07882879003882408,0.5398927503877894,body,world,0.06238552834838629,0.05797801557928324,-0.07326943402910517,body,world,0.060181771963834764,0.06664558416232466,0.102019275135345,body,world
soft_low,calib,90507,False,False,,1.0,0.0,,0.0,72,world,settled,True,0.07365871965885162,0.06950262710452079,0.044293788820505144,-0.4505200919123229,body,world,0.05689820796251297,0.06953884940594435,0.2006217345267922,body,world,0.06321852868422866,0.07420995701104402,0.16030089912529027,body,world
soft_low,calib,90508,False,False,,1.0,0.0,,0.0,68,world,settled,True,0.06396007537841797,0.03675433360040188,0.08589657805860043,0.8488878520530545,body,world,0.06132545582950115,0.06670788247138262,0.08412810079127427,body,world,0.06401666915044188,0.06103804847225547,-0.047646089750902905,body,world
soft_low,calib,90509,False,False,,1.0,0.0,,0.0,69,world,settled,True,0.06733214855194092,0.0858488768339157,0.0418301984667778,-0.7189699743214897,body,world,0.06383953765034675,0.07316364087164402,0.13632587736631738,body,world,0.0685015892609954,0.07089201156049967,0.03430080937538532,body,world
soft_low,calib,90510,False,False,,1.0,0.0,,0.0,60,world,settled,True,0.07585319131612778,0.04576489515602589,0.08112566769123078,0.5724820894770893,body,world,0.06344528142362833,0.06714786179363727,0.05671925567390852,body,world,0.06529657160863281,0.06493608411401511,-0.0055360679439949954,body,world
soft_low,calib,90511,False,False,,1.0,0.0,,0.0,67,world,settled,True,0.07406532764434814,0.08246818035840989,0.09835881888866424,0.17620968291382483,body,world,0.09041349962353706,0.09343287460505963,0.032849671437195145,body,world,0.09192318711429834,0.061014793906360866,-0.4098369478118632,world,world
soft_low,calib,90512,False,False,,1.0,0.0,,0.0,65,world,settled,True,0.0577322356402874,0.07555849552154541,0.04563716500997543,-0.5041847246727537,body,world,0.06059783026576042,0.052031185105443,-0.1524158358475879,body,world,0.056314507685601714,0.06570704588666558,0.1542539757611315,body,world
soft_low,calib,90513,False,False,,1.0,0.0,,0.0,79,world,settled,True,0.06668812036514282,0.06552308686077594,0.033662252873182294,-0.6660254348930594,body,world,0.04959266986697912,0.066973028331995,0.3004469382623433,body,world,0.05828284909948707,0.07157761547714472,0.20547452555220935,body,world
soft_low,calib,90514,False,False,,1.0,0.0,,0.0,62,world,settled,True,0.0777549147605896,0.0544514574110508,0.1032215803861618,0.6395683283916103,body,world,0.0788365188986063,0.07806206792593003,-0.009872074414873519,body,world,0.07844929341226817,0.09372089244425297,0.17786866376277966,body,world
soft_low,calib,90515,False,False,,1.0,0.0,,0.0,75,world,settled,True,0.08682086318731308,0.05822140350937843,0.04655108749866486,-0.2237026796262555,body,world,0.05238624550402164,0.08251434452831745,0.45432808480787934,body,world,0.06745029501616955,0.09369710627943277,0.32867634944992835,body,world
soft_low,calib,90516,False,False,,1.0,0.0,,0.0,71,world,settled,True,0.06594698131084442,0.048482289910316466,0.1030557706952095,0.7540717299824414,body,world,0.07576903030276298,0.07309527844190597,-0.03592586368503577,body,world,0.07443215437233448,0.05829014992341399,-0.24445490681850493,body,world
soft_low,calib,90517,False,False,,1.0,0.0,,0.0,77,world,settled,True,0.0848802775144577,0.07495615258812904,0.13684039264917375,0.601911919094765,body,body,0.1058982726186514,0.08109623473137617,-0.26684240847208973,body,world,0.09349725367501378,0.0801715103443712,-0.15376384425492443,body,world
soft_low,calib,90518,False,False,,1.0,0.0,,0.0,72,world,settled,True,0.07526565343141556,0.07374916896224022,0.07328950613737106,-0.006252291404998099,body,world,0.07351933754980564,0.10001080334186555,0.3077297460407045,body,body,0.08676507044583559,0.08258948512375355,-0.049321752777634544,body,world
soft_low,calib,90519,False,False,,1.0,0.0,,0.0,76,world,settled,True,0.06797812134027481,0.10711099654436111,0.03927912935614586,-1.0031723294941204,body,world,0.07319506295025349,0.07832885719835758,0.06778810903685654,body,world,0.07576196007430554,0.08495426569133997,0.1145167403029147,body,world
soft_low,calib,90520,False,False,,1.0,0.0,,0.0,76,world,settled,True,0.0626482218503952,0.13899274170398712,0.07929614447057247,-0.5612322058903341,body,world,0.1091444430872798,0.08471570536494255,-0.25337116300584533,body,world,0.09693007422611118,0.06982279168441892,-0.32802934937489053,body,world
soft_low,calib,90521,False,False,,1.0,0.0,,0.0,64,world,settled,True,0.0659404844045639,0.029418329522013665,0.10731281638145447,1.29413015367071,body,world,0.06836557295173407,0.05277752336114645,-0.25878397234051836,body,world,0.06057154815644026,0.07187283802777529,0.1710731385960038,body,world
soft_low,calib,90522,False,False,,1.0,0.0,,0.0,80,world,settled,True,0.08720126003026962,0.05791046470403671,0.13019466251134873,0.8101326286016614,body,body,0.09405256360769272,0.07648299969732761,-0.20678532334104657,body,world,0.08526778165251017,0.08298508040606975,-0.027135839352324064,body,world
soft_low,calib,90523,False,False,,1.0,0.0,,0.0,64,world,settled,True,0.06990309059619904,0.049128828570246696,0.08297800496220589,0.5241295697975948,body,world,0.0660534167662263,0.07873056624084711,0.17556770973082228,body,world,0.0723919915035367,0.06488423459231854,-0.10949100293507326,body,world
soft_low,calib,90524,False,False,,1.0,0.0,,0.0,60,world,settled,True,0.0680532306432724,0.09898807033896447,0.058246904984116554,-0.5303083835327664,body,world,0.0786174876615405,0.06893006321042776,-0.13150175010004672,body,world,0.07377377543598414,0.06114129265770316,-0.18781586323494945,body,world
soft_low,calib,90525,False,False,,1.0,0.0,,0.0,74,world,settled,True,0.06415249407291412,0.0948143407702446,0.04810156896710396,-0.6786058763295119,body,world,0.07145795486867428,0.049004828371107576,-0.3771904014977061,body,world,0.060231391619890925,0.057857162412256004,-0.040216415843249205,body,world
soft_low,calib,90526,False,False,,1.0,0.0,,0.0,64,world,settled,True,0.07425423711538315,0.049197496473789216,0.09036053121089935,0.607964832886024,body,world,0.06977901384234428,0.08800744321197271,0.23208808957939475,body,world,0.0788932285271585,0.06067300140857697,-0.2625965889052498,body,world
soft_low,calib,90527,False,False,,1.0,0.0,,0.0,77,world,settled,True,0.06087291240692139,0.06499366015195847,0.08107120543718338,0.22103811896481176,body,world,0.07303243279457092,0.06042183134704828,-0.18955314156220093,body,world,0.0667271320708096,0.056076314952224496,-0.17389811786832032,body,world
soft_low,calib,90528,False,False,,1.0,0.0,,0.0,69,world,settled,True,0.06332454830408096,0.06580652073025703,0.059201674163341524,-0.1057691113890248,body,world,0.06250409744679927,0.07587703987956047,0.1938820200148901,body,world,0.06919056866317988,0.05653658276423812,-0.20197665116175947,body,world
soft_low,calib,90529,False,False,,1.0,0.0,,0.0,61,world,settled,True,0.060992300510406494,0.06246190890669823,0.05511643402278423,-0.12510898363930503,body,world,0.05878917146474123,0.06249053012579679,0.061057348092724735,body,world,0.06063985079526901,0.06477532405406236,0.0659724483691264,body,world
