config,cell,seed,has_body,has_push,param,factor,torque,duration_name,offset_s,onset,old_verdict,old_path,old_settled,old_settled_score,early_10,late_10,logr_10,shape_10,shape_elev_10,early_20,late_20,logr_20,shape_20,shape_elev_20,early_40,late_40,logr_40,shape_40,shape_elev_40
medium_none,neither,90000,False,False,,1.0,0.0,,0.0,79,world,settled,True,0.06178741529583931,0.07856609001755714,0.05850203856825829,-0.29487858068041917,body,world,0.06853406429290772,0.0715941920876503,0.043683043973675985,body,world,0.070064128190279,0.061050023231655356,-0.13771735858273967,body,world
medium_none,neither,90001,False,False,,1.0,0.0,,0.0,75,world,settled,True,0.08168278634548187,0.05478684976696968,0.050346922129392624,-0.08451270961059458,body,world,0.05256688594818115,0.05854672659188509,0.10773880378528745,body,world,0.05555680627003312,0.08563710786402226,0.43271265860359515,body,body
medium_none,neither,90002,False,False,,1.0,0.0,,0.0,65,world,settled,True,0.06696268916130066,0.08038547784090042,0.06899674758315086,-0.1527741689908409,body,world,0.07469111271202564,0.08318028301000595,0.10764922469376642,body,world,0.0789356978610158,0.06838188469409942,-0.14352562400484567,body,world
medium_none,neither,90003,False,False,,1.0,0.0,,0.0,61,world,settled,True,0.060882650315761566,0.08174196034669876,0.07767737731337547,-0.05100339984639005,body,world,0.07970966883003712,0.056766051426529886,-0.3394524328570388,body,world,0.0682378601282835,0.05433119833469391,-0.2279009277523053,body,world
medium_none,neither,90004,False,False,,1.0,0.0,,0.0,76,world,settled,True,0.08477190881967545,0.05196931809186935,0.06433688588440419,0.21347961196680007,body,world,0.058153101988136766,0.07549576777964831,0.26099737664926387,body,world,0.06682443488389253,0.09399133529514074,0.3411337949779354,body,body
medium_none,neither,90005,False,False,,1.0,0.0,,0.0,79,world,settled,True,0.0656566470861435,0.07074000686407089,0.09346371740102768,0.278562030987488,body,world,0.08210186213254929,0.06441902872174979,-0.24255163096323773,body,world,0.07326044542714953,0.06448364043608308,-0.12760928243821884,body,world
medium_none,neither,90006,False,False,,1.0,0.0,,0.0,74,world,settled,True,0.06965075433254242,0.06482041776180267,0.06048741787672043,-0.069185268216428,body,world,0.06265391781926155,0.05334466267377138,-0.16085228527106446,body,world,0.05799929024651647,0.05922723021358252,0.020950632617778697,body,world
medium_none,neither,90007,False,False,,1.0,0.0,,0.0,79,world,settled,True,0.06513606011867523,0.06247950345277786,0.07962907031178475,0.2425406729000098,body,world,0.0710542868822813,0.055747922882437705,-0.24260403692438334,body,world,0.0634011048823595,0.06717573823407293,0.057830855697806584,body,world
medium_none,neither,90008,False,False,,1.0,0.0,,0.0,62,world,settled,True,0.0730767697095871,0.0688541628420353,0.0518471322953701,-0.28369106039246894,body,world,0.060350647568702696,0.080677193030715,0.2902842433867818,body,world,0.07051392029970885,0.07477092985063791,0.058619029693487805,body,world
medium_none,neither,90009,False,False,,1.0,0.0,,0.0,74,world,settled,True,0.06081341579556465,0.06497661843895912,0.06552770733833313,0.008445577136999559,body,world,0.06525216288864613,0.07089013941586017,0.08287215314343617,body,world,0.06807115115225315,0.06530341003090143,-0.04150924270496565,body,world
medium_none,neither,90010,False,False,,1.0,0.0,,0.0,72,world,settled,True,0.07099513709545135,0.05568513534963131,0.07521295547485352,0.3006102548958625,body,world,0.06544904541224242,0.0728291254490614,0.10684404278671045,body,world,0.0691390854306519,0.08054897468537092,0.15274517400369214,body,world
medium_none,neither,90011,False,False,,1.0,0.0,,0.0,71,world,settled,True,0.05264880135655403,0.0564976193010807,0.07063902765512467,0.22338429040883603,body,world,0.06356832347810268,0.06236658655107021,-0.019085627732227637,body,world,0.06296745501458645,0.05471328040584922,-0.14051153967130756,body,world
medium_none,neither,90012,False,False,,1.0,0.0,,0.0,62,world,settled,True,0.05825895816087723,0.04995199292898178,0.057276421785354616,0.13682664909327877,body,world,0.053614207357168195,0.07116576544940471,0.28319778485838254,body,world,0.062389986403286454,0.058563641272485256,-0.06329074027220499,body,world
medium_none,neither,90013,False,False,,1.0,0.0,,0.0,68,world,settled,True,0.07786013185977936,0.0403954453766346,0.10471431016921998,0.9525187459613669,body,body,0.07255487777292728,0.052382967248558995,-0.3257617243513984,body,world,0.06246892251074314,0.07857256773859263,0.22935343430775304,body,world
medium_none,neither,90014,False,False,,1.0,0.0,,0.0,80,world,settled,True,0.0646602213382721,0.06336307302117347,0.051743683964014055,-0.20257887160319377,body,world,0.05755337849259377,0.04006734229624272,-0.36215124286377504,body,world,0.04881036039441824,0.06220766166225076,0.24253557651877397,body,world
medium_none,neither,90015,False,False,,1.0,0.0,,0.0,76,world,settled,True,0.06111188977956772,0.07865811064839363,0.04574389681220055,-0.5420523676876865,body,world,0.06220100373029709,0.0692615071311593,0.10751816246408943,body,world,0.06573125543072819,0.0647997279651463,-0.01427313662569835,body,world
medium_none,neither,90016,False,False,,1.0,0.0,,0.0,76,world,settled,True,0.062222350388765335,0.05876804627478123,0.06403223127126693,0.08578829371084051,body,world,0.06140013877302408,0.0645150899887085,0.04948705445471346,body,world,0.06295761438086629,0.061602776125073436,-0.021754775873625933,body,world
medium_none,neither,90017,False,False,,1.0,0.0,,0.0,74,world,settled,True,0.06080072000622749,0.04277717471122742,0.060193303227424624,0.341556444864986,body,world,0.05148523896932602,0.044122539646923545,-0.1543243896419946,body,world,0.04780388930812478,0.06211547898128629,0.2618882143713763,body,world
medium_none,neither,90018,False,False,,1.0,0.0,,0.0,66,world,settled,True,0.06819731742143631,0.09267891943454742,0.053000230342149734,-0.5588447807745363,body,world,0.07283957488834858,0.07107851430773734,-0.024474317227266347,body,world,0.07195904459804296,0.06460175681859255,-0.1078555263935225,body,world
medium_none,neither,90019,False,False,,1.0,0.0,,0.0,66,world,settled,True,0.06349637359380722,0.054642319679260254,0.05234830304980278,-0.04288914691319137,body,world,0.05349531136453152,0.06654805298894644,0.21833027603332056,body,world,0.06002168217673898,0.060548520740121604,0.008739172758429253,body,world
medium_none,neither,90020,False,False,,1.0,0.0,,0.0,73,world,settled,True,0.06601881980895996,0.04962945654988289,0.07145182266831399,0.36443887424718013,body,world,0.06054063960909843,0.06197122279554605,0.02335526023210937,body,world,0.06125593120232224,0.05930275470018387,-0.032404922139342894,body,world
medium_none,neither,90021,False,False,,1.0,0.0,,0.0,74,world,decayed,False,nan,0.06328033655881882,0.07002380937337875,0.10126067611168671,body,world,0.06665207296609879,0.07683848030865192,0.1422194119496209,body,world,0.07174527663737536,0.08797347974032163,0.20391338083610497,body,body
medium_none,neither,90022,False,False,,1.0,0.0,,0.0,66,world,settled,True,0.0765715017914772,0.07603531219065189,0.05480853989720345,-0.32735184711209186,body,world,0.06542192604392767,0.059954849630594255,-0.08726569009592662,body,world,0.06268838783726097,0.07845487510785461,0.2243473915851548,body,world
medium_none,neither,90023,False,False,,1.0,0.0,,0.0,75,world,settled,True,0.07024487853050232,0.06424909010529518,0.07736281231045723,0.18573864214229605,body,world,0.07080595120787621,0.09327647108584643,0.2756248366985674,body,body,0.08204121114686132,0.0778790964744985,-0.052064117049527826,body,world
medium_none,neither,90024,False,False,,1.0,0.0,,0.0,73,world,settled,True,0.06483381241559982,0.05943247526884079,0.05595312789082527,-0.06032646036451265,body,world,0.05769280157983303,0.06815368868410587,0.16663287288750261,body,world,0.06292324513196945,0.06409543203189969,0.01845744585029876,body,world
medium_none,neither,90025,False,False,,1.0,0.0,,0.0,68,world,settled,True,0.056590355932712555,0.07382856234908104,0.07131835371255875,-0.034591970814342725,body,world,0.0725734580308199,0.06777152009308338,-0.06845721405047514,body,world,0.07017248906195164,0.054495193995535374,-0.2528438263043261,body,world
medium_none,neither,90026,False,False,,1.0,0.0,,0.0,73,world,settled,True,0.08195505291223526,0.06248435489833355,0.09152021259069443,0.38164364673661755,body,world,0.07700228374451398,0.05393597763031721,-0.3560373366868416,body,world,0.0654691306874156,0.08367002857849001,0.24530208753396623,body,body
medium_none,neither,90027,False,False,,1.0,0.0,,0.0,61,world,settled,True,0.07245290279388428,0.0386296134442091,0.07252980545163154,0.6299784170493131,body,world,0.055579709447920324,0.046778048016130926,-0.172404163267013,body,world,0.051178878732025625,0.0777501579374075,0.41817366023798413,body,world
medium_none,neither,90028,False,False,,1.0,0.0,,0.0,71,world,settled,True,0.07046618312597275,0.05229949653148651,0.06140430122613907,0.16049314076698698,body,world,0.05685189887881279,0.04514330197125673,-0.23060770292424326,body,world,0.05099760042503476,0.07508503291755915,0.38684266240817655,body,world
medium_none,neither,90029,False,False,,1.0,0.0,,0.0,60,world,settled,True,0.07186372578144073,0.06792265102267266,0.045949320495128634,-0.39083051201488783,body,world,0.056935985758900645,0.05973376780748367,0.04796990553680423,body,world,0.05833487678319216,0.08367441212758422,0.3607330773631378,body,body
medium_none,neither,90030,False,False,,1.0,0.0,,0.0,72,world,settled,True,0.07107847183942795,0.04834236353635788,0.08452640622854232,0.5587557172030209,body,world,0.0664343848824501,0.05777001455426216,-0.1397449053346008,body,world,0.062102199718356135,0.07051268741488456,0.12701124645062808,body,world
medium_none,neither,90031,False,False,,1.0,0.0,,0.0,65,world,settled,True,0.0750441774725914,0.07734412848949432,0.064903012663126,-0.1753706230809845,body,world,0.07112357057631016,0.06279850900173187,-0.1244874637174971,body,world,0.06696103978902102,0.07360443379729986,0.09459431116097944,body,world
medium_none,neither,90032,False,False,,1.0,0.0,,0.0,78,world,settled,True,0.06537391245365143,0.07506669834256172,0.06372296586632728,-0.16383200031183198,body,world,0.0693948321044445,0.07086290698498487,0.020934723553162483,body,world,0.07012886954471469,0.0645311763510108,-0.08318608169084331,body,world
medium_none,neither,90033,False,False,,1.0,0.0,,0.0,74,world,settled,True,0.06793852895498276,0.07376800253987312,0.10263967290520667,0.33029946581891834,body,body,0.0882038377225399,0.056250675581395626,-0.44983242231123827,body,world,0.07222725665196776,0.07232194170355796,0.0013100738877789642,body,world
medium_none,neither,90034,False,False,,1.0,0.0,,0.0,63,world,settled,True,0.0772760659456253,0.06301037892699242,0.07916951104998589,0.22829180551812464,body,world,0.07108994498848915,0.05422494150698185,-0.27080492810905155,body,world,0.0626574432477355,0.07129530645906926,0.1291480160774559,body,world
medium_none,neither,90035,False,False,,1.0,0.0,,0.0,66,world,settled,True,0.06847614794969559,0.06658708974719048,0.05035325214266777,-0.27944750331867096,body,world,0.05847017094492912,0.04752657748758793,-0.2072276451994047,body,world,0.052998374216258526,0.06904718223959208,0.26452883356927265,body,world
medium_none,neither,90036,False,False,,1.0,0.0,,0.0,61,world,settled,True,0.05907607078552246,0.07598938345909119,0.055309157073497775,-0.3176551553483933,body,world,0.06564927026629448,0.05029499754309654,-0.26642086543336163,body,world,0.05797213390469551,0.05509865377098322,-0.05083716178248588,body,world
medium_none,neither,90037,False,False,,1.0,0.0,,0.0,69,world,settled,True,0.0760001689195633,0.053695186227560046,0.06788771152496338,0.2345316836203168,body,world,0.060791448876261714,0.0614988774061203,0.011569785488492695,body,world,0.061145163141191006,0.07333106268197298,0.18173353303591921,body,world
medium_none,neither,90038,False,False,,1.0,0.0,,0.0,63,world,settled,True,0.07241982221603394,0.04200536087155342,0.09809054285287858,0.8480937088565462,body,body,0.07004795186221599,0.06338494028896094,-0.09995373577594766,body,world,0.06671644607558846,0.0750401921570301,0.11757237504408004,body,world
medium_none,neither,90039,False,False,,1.0,0.0,,0.0,63,world,settled,True,0.07118630409240723,0.09341581016778946,0.1217836543917656,0.2651855412194222,body,body,0.10759973227977752,0.05351310633122921,-0.6984915575649021,world,world,0.08055641930550336,0.0784115370362997,-0.026986727268895543,body,world
medium_none,neither,90040,False,False,,1.0,0.0,,0.0,66,world,settled,True,0.06835012137889862,0.0655986376106739,0.06238169372081757,-0.05028306512907785,body,world,0.06399016566574574,0.04784111231565476,-0.2908440499624418,body,world,0.05591563899070025,0.06482076998800039,0.14778196819841904,body,world
medium_none,neither,90041,False,False,,1.0,0.0,,0.0,71,world,settled,True,0.062374480068683624,0.06821565702557564,0.0519278284162283,-0.2728192741934835,body,world,0.06007174272090197,0.06033819727599621,0.004425797239605662,body,world,0.060204969998449084,0.05315529946237803,-0.12453709953865048,body,world
medium_none,neither,90042,False,False,,1.0,0.0,,0.0,64,world,settled,True,0.06182577461004257,0.07324202731251717,0.06961773037910461,-0.05075011809937717,body,world,0.0714298788458109,0.07451691180467605,0.04230985067287776,body,world,0.07297339532524347,0.062196855712682006,-0.15979047989749823,body,world
medium_none,neither,90043,False,False,,1.0,0.0,,0.0,79,world,decayed,False,nan,0.09603858813643455,0.08756927102804184,-0.09231992140723237,body,world,0.0918039295822382,0.07661418356001377,-0.18087287904237026,body,world,0.08420905657112598,0.07679613567888736,-0.09214815348469826,body,world
medium_none,neither,90044,False,False,,1.0,0.0,,0.0,65,world,settled,True,0.076959989964962,0.049068032205104826,0.07444433271884918,0.4168438867495945,body,world,0.061756182461977005,0.0780353531241417,0.23396787784826226,body,world,0.06989576779305935,0.07802617643028498,0.11003926483770299,body,world
medium_none,neither,90045,False,False,,1.0,0.0,,0.0,64,world,settled,True,0.059295881539583206,0.09446006417274475,0.07659732550382614,-0.20961498278861987,body,world,0.08552869483828544,0.0947749899700284,0.10265362379185032,body,body,0.09015184240415693,0.05873367497697472,-0.42848214485782293,world,world
medium_none,neither,90046,False,False,,1.0,0.0,,0.0,73,world,settled,True,0.07188141345977783,0.11134028732776642,0.07745979353785515,-0.3628321547061377,body,world,0.09440004043281078,0.06313736531883478,-0.4022287468137503,body,world,0.07876870287582279,0.06626687701791525,-0.17282556647973601,body,world
medium_none,neither,90047,False,False,,1.0,0.0,,0.0,66,world,settled,True,0.05958280712366104,0.05903859287500381,0.07613586708903312,0.25432812247365993,body,world,0.06758722998201847,0.07161656729876995,0.05790737444255241,body,world,0.0696018986403942,0.05766362622380257,-0.18816526628735197,body,world
medium_none,neither,90048,False,False,,1.0,0.0,,0.0,76,world,settled,True,0.07509705424308777,0.0938647672533989,0.04030808694660663,-0.845302982712803,world,world,0.06708642710000276,0.05886574164032936,-0.13072245937396434,body,world,0.06297608437016607,0.0756087358109653,0.18281678841659865,body,world
medium_none,neither,90049,False,False,,1.0,0.0,,0.0,76,world,settled,True,0.0717850774526596,0.04273395240306854,0.066666629165411,0.4447107728361302,body,world,0.05470029078423977,0.06164729483425617,0.11956032383946932,body,world,0.05817379280924797,0.06906100483611226,0.17155528409562198,body,world
medium_none,neither,90050,False,False,,1.0,0.0,,0.0,60,world,settled,True,0.06286446750164032,0.065696582198143,0.04983321204781532,-0.2763652324635974,body,world,0.057764897122979164,0.07340986840426922,0.23967709853223274,body,world,0.06558738276362419,0.06220050789415836,-0.05302017631802077,body,world
medium_none,neither,90051,False,False,,1.0,0.0,,0.0,76,world,settled,True,0.06483586132526398,0.07953532040119171,0.06421400383114814,-0.2139798896519098,body,world,0.07187466211616993,0.057259127497673035,-0.22733673611390687,body,world,0.06456689480692149,0.06439704345539213,-0.0026340921660210495,body,world
medium_none,neither,90052,False,False,,1.0,0.0,,0.0,68,world,settled,True,0.05897054076194763,0.0534124106168747,0.0659629687666893,0.21105037775078003,body,world,0.059687689691781995,0.0429048590362072,-0.3301407125507956,body,world,0.0512962743639946,0.06162643199786544,0.18347274432484761,body,world
medium_none,neither,90053,False,False,,1.0,0.0,,0.0,72,world,settled,True,0.06791286170482635,0.043014563620090485,0.10064120292663574,0.8500229984585765,body,body,0.07182788327336312,0.04727730769664049,-0.4182423194268903,body,world,0.0595525954850018,0.06982567273080349,0.15914186648903939,body,world
medium_none,neither,90054,False,False,,1.0,0.0,,0.0,65,world,settled,True,0.05776883289217949,0.053273383900523184,0.05334704741835594,0.0013817901248812255,body,world,0.053310215659439567,0.05389100052416325,0.010835521607190356,body,world,0.05360060809180141,0.06221956079825759,0.14910901958434644,body,world
medium_none,neither,90055,False,False,,1.0,0.0,,0.0,68,world,settled,True,0.05653442069888115,0.0773280069231987,0.05939426422119141,-0.26385854485962884,body,world,0.06836113557219506,0.07750330846756696,0.12551615559569507,body,world,0.072932222019881,0.06286035748198629,-0.14861482606808313,body,world
medium_none,neither,90056,False,False,,1.0,0.0,,0.0,68,world,settled,True,0.07147983461618423,0.0631071761250496,0.06044137999415398,-0.043160519701449886,body,world,0.061774278059601784,0.08871167786419391,0.36190447119498265,body,world,0.07524297796189786,0.07149451486766338,-0.051101851534176033,body,world
medium_none,neither,90057,False,False,,1.0,0.0,,0.0,76,world,settled,True,0.06647898256778717,0.10457912981510162,0.08233894258737565,-0.23909983373628366,body,world,0.09345903620123863,0.07557213008403778,-0.21243565926378483,body,world,0.08451558314263821,0.06742970515042543,-0.2258502831893606,body,world
medium_none,neither,90058,False,False,,1.0,0.0,,0.0,61,world,settled,True,0.06904508918523788,0.0675787702202797,0.05376525446772575,-0.2286664529352966,body,world,0.060672012344002726,0.06834670212119817,0.11911080204593302,body,world,0.06450935723260046,0.0688663974404335,0.06535807197270278,body,world
medium_none,neither,90059,False,False,,1.0,0.0,,0.0,62,world,settled,True,0.06644485145807266,0.05902695804834366,0.07836508005857468,0.2833841650918974,body,world,0.06869601905345916,0.05409756787121296,-0.2389020220571612,body,world,0.06139679346233606,0.06840548515319825,0.10809540366255954,body,world
medium_none,neither,90060,False,False,,1.0,0.0,,0.0,62,world,settled,True,0.05721437931060791,0.0655184380710125,0.055898099392652514,-0.1588012208440546,body,world,0.06070826873183251,0.06844439785927534,0.11994179385195095,body,world,0.06457633329555393,0.05655614174902439,-0.13261418193465654,body,world
medium_none,neither,90061,False,False,,1.0,0.0,,0.0,80,world,settled,True,0.07470542192459106,0.05026186108589172,0.04879537224769592,-0.029611083223532605,body,world,0.049528616666793826,0.06348056849092246,0.248183234040141,body,world,0.056504592578858134,0.07039498407393693,0.2198000922453677,body,world
medium_none,neither,90062,False,False,,1.0,0.0,,0.0,66,world,settled,True,0.07304302603006363,0.06032067090272904,0.061891660839319226,0.025710604702684815,body,world,0.06110616587102413,0.047998450323939325,-0.24144405003662137,body,world,0.054552308097481725,0.07269759280607105,0.2871482496795067,body,world
medium_none,neither,90063,False,False,,1.0,0.0,,0.0,62,world,settled,True,0.07624050229787827,0.06138864979147911,0.07737505063414574,0.23143942415517638,body,world,0.06938185021281243,0.06727099344134331,-0.03089616909976264,body,world,0.06832642182707786,0.07835671696811915,0.13697515405517505,body,world
medium_none,neither,90064,False,False,,1.0,0.0,,0.0,72,world,settled,True,0.07114040851593018,0.07164939492940903,0.053484972566366196,-0.29238398159320794,body,world,0.06256718374788761,0.06600814536213875,0.05353722961504474,body,world,0.06428766455501318,0.07173375245183707,0.10959361156121541,body,world
medium_none,neither,90065,False,False,,1.0,0.0,,0.0,63,world,settled,True,0.058785200119018555,0.058063751086592674,0.08451175764203071,0.3753491047948084,body,world,0.0712877543643117,0.07064698766916991,-0.009029093781261835,body,world,0.0709673710167408,0.05945043861865997,-0.17707720721360398,body,world
medium_none,neither,90066,False,False,,1.0,0.0,,0.0,61,world,settled,True,0.07230434566736221,0.07127902805805206,0.07306729406118392,0.02477870545230522,body,world,0.07217316105961799,0.08399196900427341,0.1516529408670063,body,world,0.0780825650319457,0.06825459320098162,-0.1345220614478839,body,world
medium_none,neither,90067,False,False,,1.0,0.0,,0.0,71,world,settled,True,0.06054466962814331,0.05358230993151665,0.08454749658703804,0.4560944912263405,body,world,0.06906490325927735,0.05097115412354469,-0.30378682214245445,body,world,0.06001802869141102,0.06227486776188016,0.03691294241388245,body,world
medium_none,neither,90068,False,False,,1.0,0.0,,0.0,76,world,settled,True,0.07537245750427246,0.058876775205135345,0.05212656110525131,-0.12177207505431456,body,world,0.05550166815519333,0.0579969871789217,0.043977986855194905,body,world,0.056749327667057516,0.06937715224921703,0.2009137859827069,body,world
medium_none,neither,90069,False,False,,1.0,0.0,,0.0,70,world,settled,True,0.06600526720285416,0.05131707191467285,0.041182208061218264,-0.22001716276681044,body,world,0.046249639987945554,0.04929189868271351,0.06370606073913153,body,world,0.04777076933532953,0.06625088658183813,0.3270349148828652,body,world
medium_none,neither,90070,False,False,,1.0,0.0,,0.0,76,world,settled,True,0.06845162063837051,0.07132375165820122,0.06412105970084667,-0.10645654034038565,body,world,0.06772240567952395,0.07167373690754175,0.0567073085683765,body,world,0.06969807129353285,0.05739966062828898,-0.19413425493286532,body,world
medium_none,neither,90071,False,False,,1.0,0.0,,0.0,77,world,settled,True,0.05730004981160164,0.05560746528208256,0.05495101660490036,-0.011875278684161165,body,world,0.05527924094349146,0.06636848691850901,0.1828249009843422,body,world,0.060823863931000234,0.049711710680276154,-0.201741678113171,body,world
medium_none,neither,90072,False,False,,1.0,0.0,,0.0,70,world,settled,True,0.06813032925128937,0.09504787623882294,0.07205853648483754,-0.27690192962485183,body,world,0.08355320636183024,0.07560819759964943,-0.09991891970318241,body,world,0.07958070198073983,0.06669962303712965,-0.17657232474138088,body,world
medium_none,neither,90073,False,False,,1.0,0.0,,0.0,80,world,settled,True,0.06797859817743301,0.046222221851348874,0.04393321201205254,-0.05079010299076323,body,world,0.045077716931700706,0.06536595243960619,0.37161347492916685,body,world,0.05522183468565345,0.06733422977849841,0.1983102912155684,body,world
medium_none,neither,90074,False,False,,1.0,0.0,,0.0,67,world,settled,True,0.06542998552322388,0.07535146251320839,0.04983712658286095,-0.41340311449676215,body,world,0.06259429454803467,0.05125861018896103,-0.19979052495270255,body,world,0.056926452368497846,0.05740954363718629,0.008450429617056065,body,world
medium_none,neither,90075,False,False,,1.0,0.0,,0.0,71,world,settled,True,0.059462111443281174,0.06032438278198242,0.051406975090503695,-0.1599625145083748,body,world,0.05586567893624306,0.0705843798816204,0.2338586527997986,body,world,0.06322502940893174,0.06054693451151252,-0.04328141637600888,body,world
medium_none,neither,90076,False,False,,1.0,0.0,,0.0,75,world,settled,True,0.060734838247299194,0.07296475023031235,0.05031333304941654,-0.37170633842440676,body,world,0.061639041639864445,0.06174260787665844,0.0016787952102063734,body,world,0.061690824758261445,0.06409136559814214,0.038174440264643,body,world
medium_none,neither,90077,False,False,,1.0,0.0,,0.0,63,world,settled,True,0.06779678165912628,0.06095479279756546,0.07308959364891052,0.18155351113541252,body,world,0.06702219322323799,0.07444382831454277,0.1050210519624481,body,world,0.07073301076889038,0.06715072328224778,-0.05197268315819187,body,world
medium_none,neither,90078,False,False,,1.0,0.0,,0.0,63,world,settled,True,0.058570392429828644,0.0419527243822813,0.08417550027370453,0.6963605339240034,body,world,0.06306411232799292,0.0665770772844553,0.05420846845244316,body,world,0.06482059480622411,0.06787645937874913,0.04606590505149063,body,world
medium_none,neither,90079,False,False,,1.0,0.0,,0.0,64,world,settled,True,0.060420721769332886,0.05345326066017151,0.06686090677976608,0.2238068037231111,body,world,0.06015708371996879,0.07958997003734111,0.2799288772879208,body,world,0.06987352687865496,0.06077490411698818,-0.13950990648652556,body,world
medium_none,neither,90080,False,False,,1.0,0.0,,0.0,78,world,settled,True,0.07707177847623825,0.07986811101436615,0.1092942088842392,0.31366674820632867,body,body,0.09458115994930268,0.05133147072046995,-0.6111542729328723,world,world,0.0729563153348863,0.06901056170463563,-0.055601280886940205,body,world
medium_none,neither,90081,False,False,,1.0,0.0,,0.0,79,world,settled,True,0.07338429987430573,0.04229136854410172,0.07629502639174461,0.590024739361142,body,world,0.059293197467923164,0.07231021225452423,0.19847078196325527,body,world,0.06580170486122369,0.06765725407749415,0.02780883065435203,body,world
medium_none,neither,90082,False,False,,1.0,0.0,,0.0,76,world,settled,True,0.0633806362748146,0.08159169405698777,0.05734175145626068,-0.352698463179267,body,world,0.06946672275662422,0.06866129711270333,-0.01166214897170441,body,world,0.06906400993466377,0.0613256886601448,-0.11883493501861482,body,world
medium_none,neither,90083,False,False,,1.0,0.0,,0.0,74,world,settled,True,0.07097280770540237,0.03720909990370273,0.07724833860993385,0.7304720564475363,body,world,0.05722871925681829,0.06965142209082842,0.1964472603962892,body,world,0.06344007067382336,0.07108386754989623,0.11376472167934903,body,world
medium_none,neither,90084,False,False,,1.0,0.0,,0.0,73,world,settled,True,0.05962933972477913,0.09817197248339653,0.05124607197940349,-0.6500817912529204,body,world,0.07470902223140001,0.057657985389232634,-0.2590721122685465,body,world,0.06618350381031632,0.05325794294476509,-0.21728428798757032,body,world
medium_none,neither,90085,False,False,,1.0,0.0,,0.0,72,world,settled,True,0.07427055388689041,0.055102526769042016,0.05066329464316368,-0.08399389611682154,body,world,0.05288291070610285,0.06604772880673408,0.2222974067692181,body,world,0.059465319756418465,0.07297341795638204,0.20470195586511922,body,world
medium_none,neither,90086,False,False,,1.0,0.0,,0.0,63,world,settled,True,0.06719928979873657,0.04993787780404091,0.0689033791422844,0.32192543193644346,body,world,0.05942062847316265,0.05415214132517576,-0.09284392978387189,body,world,0.05678638489916921,0.07083419039845466,0.2210452048515907,body,world
medium_none,neither,90087,False,False,,1.0,0.0,,0.0,66,world,settled,True,0.07476440072059631,0.053519516438245776,0.07041556984186173,0.2743680206182921,body,world,0.061967543140053746,0.0640925582498312,0.033717511009257024,body,world,0.06303005069494247,0.06100585740059614,-0.03264172529932803,body,world
medium_none,neither,90088,False,False,,1.0,0.0,,0.0,75,world,settled,True,0.07247883826494217,0.058931372314691546,0.10557948350906372,0.583090481665743,body,body,0.08225542791187763,0.06917847041040659,-0.173139687339153,body,world,0.0757169491611421,0.07426149379462003,-0.01940947018864079,body,world
medium_none,neither,90089,False,False,,1.0,0.0,,0.0,62,world,settled,True,0.06905479729175568,0.05299287512898445,0.07925709784030914,0.40253949841383935,body,world,0.06612498648464679,0.06325518377125264,-0.044369604680368775,body,world,0.06469008512794971,0.06578560080379248,0.01679303562297693,body,world
medium_none,neither,90090,False,False,,1.0,0.0,,0.0,68,world,settled,True,0.07259248197078705,0.05236136130988598,0.06737378165125847,0.2520870062208307,body,world,0.05986757148057222,0.07328954823315144,0.20228302891551386,body,world,0.06657855985686183,0.07960581239312887,0.17870450855216538,body,world
medium_none,neither,90091,False,False,,1.0,0.0,,0.0,77,world,settled,True,0.0566646084189415,0.06802961602807045,0.04787849821150303,-0.35127662566176765,body,world,0.05795405711978674,0.07731672450900078,0.2882597126214887,body,world,0.06763539081439376,0.05174688082188368,-0.26776722245509366,body,world
medium_none,neither,90092,False,False,,1.0,0.0,,0.0,68,world,settled,True,0.0681903138756752,0.04400286376476288,0.061245983093976976,0.33064354777200183,body,world,0.052624423429369925,0.08482440263032913,0.4774029325369749,body,world,0.06872441302984952,0.07118117595091462,0.035123907589358606,body,world
medium_none,neither,90093,False,False,,1.0,0.0,,0.0,64,world,settled,True,0.06950806081295013,0.06602970138192177,0.038847741484642026,-0.5304547208552334,body,world,0.0524387214332819,0.07772023025900125,0.3934703100966656,body,world,0.06507947584614157,0.06835376769304276,0.049087456851811866,body,world
medium_none,neither,90094,False,False,,1.0,0.0,,0.0,69,world,settled,True,0.0691559910774231,0.05576464161276817,0.09843572080135346,0.5682637487731687,body,body,0.07710018120706082,0.048578405380249025,-0.46192653243142623,body,world,0.06283929329365492,0.06710396967828273,0.06566263565629198,body,world
medium_none,neither,90095,False,False,,1.0,0.0,,0.0,61,world,settled,True,0.06924676895141602,0.06236789897084236,0.055974993854761124,-0.10814565073672056,body,world,0.05917144641280174,0.07613475807011127,0.25206580121794286,body,world,0.06765310224145651,0.07250888478010893,0.06931589225018422,body,world
medium_none,neither,90096,False,False,,1.0,0.0,,0.0,62,world,settled,True,0.060063593089580536,0.07469423338770867,0.05461991466581821,-0.31300433848772613,body,world,0.06465707402676343,0.05082816649228335,-0.2406468601608394,body,world,0.05774262025952339,0.056413665600121024,-0.023284126493366447,body,world
medium_none,neither,90097,False,False,,1.0,0.0,,0.0,61,world,settled,True,0.076184943318367,0.06443370319902897,0.06569767743349075,0.01942673596259791,body,world,0.06506569031625986,0.05736202206462622,-0.12601493197022573,body,world,0.06121385619044304,0.07212754711508751,0.16406246725951623,body,world
medium_none,neither,90098,False,False,,1.0,0.0,,0.0,70,world,settled,True,0.06442253291606903,0.08062404245138169,0.07204780131578445,-0.11246709258253673,body,world,0.07633592188358307,0.056760575994849204,-0.29630162530865434,body,world,0.06654824893921614,0.056345234718173744,-0.1664295614095606,body,world
medium_none,neither,90099,False,False,,1.0,0.0,,0.0,79,world,settled,True,0.06703382730484009,0.07217545509338379,0.07946265190839767,0.09618709301500197,body,world,0.07581905350089073,0.07592013962566853,0.0013323669073093646,body,world,0.07586959656327963,0.0675061390735209,-0.11679748888206777,body,world
medium_none,neither,90100,False,False,,1.0,0.0,,0.0,62,world,settled,True,0.06905122101306915,0.0671461507678032,0.07227138876914978,0.07355672307493304,body,world,0.06970876976847648,0.06582994069904088,-0.05725137083431053,body,world,0.06776935523375868,0.0569491864182055,-0.17395070117160125,body,world
medium_none,neither,90101,False,False,,1.0,0.0,,0.0,62,world,settled,True,0.05994497612118721,0.048888877779245374,0.05424554347991943,0.10397091887731073,body,world,0.0515672106295824,0.08999409377574921,0.5568580258763008,body,world,0.0707806522026658,0.061605140846222636,-0.13884036702679428,body,world
medium_none,neither,90102,False,False,,1.0,0.0,,0.0,63,world,settled,True,0.06745702028274536,0.07538312561810016,0.049491552636027336,-0.420781450604935,body,world,0.06243733912706375,0.05758965834975242,-0.08082047081879548,body,world,0.06001349873840809,0.07647888753563166,0.24244520692504384,body,world
medium_none,neither,90103,False,False,,1.0,0.0,,0.0,62,world,settled,True,0.06258197128772736,0.05226685777306557,0.048795461654663086,-0.06872516595935854,body,world,0.05053115971386433,0.06397329457104206,0.23587555391271245,body,world,0.05725222714245319,0.06738785663619637,0.16299828935425326,body,world
medium_none,neither,90104,False,False,,1.0,0.0,,0.0,72,world,settled,True,0.06146371364593506,0.05515162721276283,0.07150924205780029,0.2597404504142585,body,world,0.06333043463528157,0.06372562237083912,0.0062207031959794256,body,world,0.06352802850306034,0.057623423356562856,-0.09755206172627127,body,world
medium_none,neither,90105,False,False,,1.0,0.0,,0.0,74,world,settled,True,0.058958858251571655,0.084193504601717,0.05637005083262921,-0.4011797719147303,body,world,0.0702817777171731,0.08242578729987145,0.15938578284481433,body,world,0.07635378250852227,0.05465156529098749,-0.3343997158174785,body,world
medium_none,neither,90106,False,False,,1.0,0.0,,0.0,79,world,settled,True,0.06520172953605652,0.044328131899237636,0.07239353731274605,0.4904975246819771,body,world,0.05836083460599184,0.062082200311124325,0.06181429385684866,body,world,0.06022151745855808,0.06267624972388149,0.039952862279085066,body,world
medium_none,neither,90107,False,False,,1.0,0.0,,0.0,79,world,settled,True,0.08312086760997772,0.06348991692066193,0.08494741916656494,0.29115136239979444,body,world,0.07421866804361343,0.056563235074281695,-0.2716564922498277,body,world,0.06539095155894756,0.07573007512837648,0.1467914816575252,body,world
medium_none,neither,90108,False,False,,1.0,0.0,,0.0,64,world,settled,True,0.06488685309886932,0.07107028812170028,0.050778698176145554,-0.33619242148479295,body,world,0.06092449314892292,0.05876283682882786,-0.03612565184312959,body,world,0.05984366498887539,0.058468394167721274,-0.023249240660782718,body,world
medium_none,neither,90109,False,False,,1.0,0.0,,0.0,66,world,settled,True,0.057135604321956635,0.06659480333328247,0.11113759204745292,0.5121424552040793,body,body,0.0888661976903677,0.06213889680802822,-0.357759691283309,body,world,0.07550254724919796,0.05529903629794717,-0.3114109125096163,body,world
medium_none,neither,90110,False,False,,1.0,0.0,,0.0,60,world,settled,True,0.05724930763244629,0.0899154707789421,0.05019267164170742,-0.5830009826173567,body,world,0.07005407121032477,0.050587061792612076,-0.32557154192888477,body,world,0.06032056650146842,0.05535506308078766,-0.08590498637939384,body,world
medium_none,neither,90111,False,False,,1.0,0.0,,0.0,76,world,settled,True,0.07007136195898056,0.06961791925132274,0.06514670476317405,-0.06638027164880271,body,world,0.0673823120072484,0.05332708805799484,-0.23393812955327656,body,world,0.060354700032621625,0.07166223879903555,0.1717251292607633,body,world
medium_none,neither,90112,False,False,,1.0,0.0,,0.0,69,world,settled,True,0.07628586143255234,0.07359643839299679,0.06421447955071927,-0.13636790972522625,body,world,0.06890545897185803,0.07166859172284604,0.039317195105972924,body,world,0.07028702534735203,0.07885356601327657,0.11500531708675511,body,world
medium_none,neither,90113,False,False,,1.0,0.0,,0.0,60,world,decayed,False,nan,0.06571515649557114,0.06647531315684319,0.011501056654868277,body,world,0.06609523482620716,0.07349608782678843,0.10613552407185228,body,world,0.0697956613264978,0.07190359588712454,0.029754426624501725,body,world
medium_none,neither,90114,False,False,,1.0,0.0,,0.0,65,world,settled,True,0.05321290343999863,0.057547061890363696,0.05446657128632069,-0.055015938112681954,body,world,0.05600681658834219,0.06792564615607262,0.19294025993528277,body,world,0.0619662313722074,0.057764571625739336,-0.07021394128199039,body,world
medium_none,neither,90115,False,False,,1.0,0.0,,0.0,77,world,settled,True,0.07058817148208618,0.06732220649719238,0.04276716560125351,-0.4537194957145071,body,world,0.05504468604922295,0.055308287218213084,0.004777427604355887,body,world,0.05517648663371801,0.07234804183244706,0.27095149175366384,body,world
medium_none,neither,90116,False,False,,1.0,0.0,,0.0,75,world,settled,True,0.06569378077983856,0.07083894833922386,0.05895355567336082,-0.18365902529551995,body,world,0.06489625200629234,0.06032090745866299,-0.07311110409166108,body,world,0.06260857973247766,0.06738223964348436,0.0734791512769882,body,world
medium_none,neither,90117,False,False,,1.0,0.0,,0.0,79,world,settled,True,0.0653119683265686,0.0501740287989378,0.05391152203083038,0.07184668365505914,body,world,0.05204277541488409,0.06326051298528909,0.1951953424414309,body,world,0.057651644200086595,0.06659845812246204,0.14426265927247903,body,world
medium_none,neither,90118,False,False,,1.0,0.0,,0.0,68,world,settled,True,0.08129991590976715,0.0673321582376957,0.0986558511853218,0.38199958661725786,body,body,0.08299400471150875,0.052505718916654585,-0.45784627738550443,body,world,0.06774986181408167,0.07737066093832254,0.13278523097758163,body,world
medium_none,neither,90119,False,False,,1.0,0.0,,0.0,69,world,settled,True,0.06496032327413559,0.04301139041781425,0.057605433464050296,0.29215192017302344,body,world,0.050308411940932274,0.0582435792312026,0.14646156005014724,body,world,0.05427599558606744,0.07015058100223541,0.2565620298384882,body,world
medium_none,body_only,90120,True,False,m,1.5891995503048728,0.0,,0.0,74,world,decayed,False,nan,0.14405995979905128,0.166249018907547,0.14325717780636604,body,body,0.15515448935329915,0.2496121659874916,0.4754870512012152,body,body,0.20238332767039538,0.21127987196668982,0.04302010114943838,body,body
medium_none,body_only,90121,True,False,l,1.4812383451425903,0.0,,0.0,60,world,decayed,False,nan,0.09603054858744145,0.1217026688158512,0.2369145739168407,body,body,0.10886660870164633,0.1525824386626482,0.3375816719527625,body,body,0.13072452368214726,0.1667839340865612,0.24360693045533477,body,body
medium_none,body_only,90122,True,False,m,1.577333311441059,0.0,,0.0,60,world,decayed,False,nan,0.11519231349229812,0.181974658370018,0.4572644147783014,body,body,0.14858348593115805,0.232508984208107,0.4477818709430737,body,body,0.19054623506963253,0.2064747772179544,0.08028339182133615,body,body
medium_none,body_only,90123,True,False,l,1.2659873041674827,0.0,,0.0,78,world,decayed,False,nan,0.14692512452602385,0.10683146268129348,-0.31867062251076606,body,body,0.12687829360365868,0.13058066107332705,0.028762819441344963,body,body,0.12872947733849288,0.136338309943676,0.05742624243706335,body,body
medium_none,body_only,90124,True,False,m,1.4143549642821072,0.0,,0.0,79,world,decayed,False,nan,0.08082156479358674,0.14139146432280542,0.5592885652445504,body,body,0.11110651455819606,0.16199640035629273,0.3770847831486687,body,body,0.1365514574572444,0.24484420269727708,0.5839205796163128,body,body
medium_none,body_only,90125,True,False,l,1.4086180240535773,0.0,,0.0,63,world,decayed,False,nan,0.07604953981935977,0.13783067166805268,0.594640947197938,body,body,0.10694010574370623,0.1484350860118866,0.32787881310644973,body,body,0.1276875958777964,0.1577569141983986,0.2114687071055525,body,body
medium_none,body_only,90126,True,False,m,1.6448408546174003,0.0,,0.0,68,world,decayed,False,nan,0.04067554771900177,0.09535986706614494,0.8520306905398273,body,body,0.06801770739257336,0.160661780834198,0.859533341065314,body,body,0.11433974411338568,0.29998056665062905,0.9645434668383207,body,body
medium_none,body_only,90127,True,False,l,1.4986137896780058,0.0,,0.0,61,world,decayed,False,nan,0.06850976645946502,0.09446106925606727,0.32121147291855295,body,body,0.08148541785776615,0.1236774817109108,0.4172531410557075,body,body,0.10258144978433847,0.16273021437227725,0.46143658795321024,body,body
medium_none,body_only,90128,True,False,m,1.416558817025714,0.0,,0.0,64,world,decayed,False,nan,0.11389762237668037,0.14318227767944336,0.22881849206672966,body,body,0.12853995002806187,0.1991898685693741,0.4380187320841393,body,body,0.16386490929871797,0.19500175034627318,0.17396617006916185,body,body
medium_none,body_only,90129,True,False,l,1.38378853736242,0.0,,0.0,68,world,decayed,False,nan,0.13414324894547464,0.1202575147151947,-0.1092728514676187,body,body,0.12720038183033466,0.1465661570429802,0.14171325772259838,body,body,0.13688326943665743,0.15097768753767013,0.0980035465240884,body,body
medium_none,body_only,90130,True,False,m,1.4756383192437175,0.0,,0.0,71,world,decayed,False,nan,0.143557807803154,0.08414772301912307,-0.5341639342400697,body,world,0.11385276541113853,0.12334002144634723,0.08003886127557457,body,body,0.11859639342874288,0.19161170050501825,0.47974485446336124,body,body
medium_none,body_only,90131,True,False,l,1.3606013397692742,0.0,,0.0,80,world,decayed,False,nan,0.04381396099925041,0.07182021662592888,0.49421349415807025,body,world,0.057817088812589644,0.1191477470099926,0.7230799083332343,body,body,0.08848241791129112,0.15079014413058758,0.5330852316059375,body,body
medium_none,body_only,90132,True,False,m,1.3052923183294922,0.0,,0.0,64,world,decayed,False,nan,0.08441836461424827,0.0842784233391285,-0.0016590868020354712,body,world,0.08434839397668839,0.11495145410299301,0.30955413218410344,body,body,0.0996499240398407,0.18179471120238305,0.6012148056352189,body,body
medium_none,body_only,90133,True,False,l,1.3207448067237653,0.0,,0.0,67,world,decayed,False,nan,0.09073916263878345,0.09869060069322586,0.08400066477747616,body,body,0.09471488166600465,0.10177276208996773,0.07187137213779658,body,body,0.09824382187798619,0.160879448056221,0.4932029475559378,body,body
medium_none,body_only,90134,True,False,m,1.4561368550822151,0.0,,0.0,64,world,decayed,False,nan,0.050430072098970415,0.12546710297465324,0.9114559307466275,body,body,0.08794858753681183,0.14565693959593773,0.50450171675694,body,body,0.11680276356637478,0.2543655946850777,0.7782858505170652,body,body
medium_none,body_only,90135,True,False,l,1.4036352699808552,0.0,,0.0,79,world,decayed,False,nan,0.09639696702361107,0.15159125551581382,0.45271305153966296,body,body,0.12399411126971245,0.1542263962328434,0.21818755355767125,body,body,0.13911025375127792,0.1500568449497223,0.07574737746309324,body,body
medium_none,body_only,90136,True,False,m,1.3752498406372067,0.0,,0.0,68,world,decayed,False,nan,0.10457885935902596,0.14852635264396669,0.35082097955508723,body,body,0.12655260600149632,0.1419494144618511,0.11481267850787379,body,body,0.1342510102316737,0.23230089992284775,0.5483222553733923,body,body
medium_none,body_only,90137,True,False,l,1.3180944856558197,0.0,,0.0,66,world,decayed,False,nan,0.04262178987264633,0.091373211145401,0.7625867189481802,body,world,0.06699750050902367,0.11495038364082574,0.539845275802252,body,body,0.09097394207492471,0.143765265122056,0.4576087515072843,body,body
medium_none,body_only,90138,True,False,m,1.3737292058898571,0.0,,0.0,76,world,decayed,False,nan,0.06505966633558273,0.07775878086686135,0.17830668940939007,body,world,0.07140922360122204,0.1266540139913559,0.5730320264289065,body,body,0.09903161879628897,0.18272666446864605,0.612552218546874,body,body
medium_none,body_only,90139,True,False,l,1.2231365368057392,0.0,,0.0,78,world,decayed,False,nan,0.04172416999936104,0.09317226931452752,0.8033695606904323,body,world,0.06744821965694428,0.09974201060831547,0.39122677110916104,body,body,0.08359511513262988,0.1257156791165471,0.40803775528153646,body,body
medium_none,body_only,90140,True,False,m,1.5903123576273737,0.0,,0.0,77,world,decayed,False,nan,0.132309677451849,0.13587393909692763,0.026582321246659876,body,body,0.13409180827438832,0.214508156478405,0.4698230614573033,body,body,0.17429998237639666,0.24210142721422018,0.3285789076548268,body,body
medium_none,body_only,90141,True,False,l,1.3983126255738383,0.0,,0.0,68,world,decayed,False,nan,0.11386684775352478,0.09057590439915657,-0.22884154176909705,body,world,0.10222137607634067,0.0856481421738863,-0.17689328152984415,body,world,0.09393475912511348,0.10931050106883049,0.15159197677611985,body,body
medium_none,body_only,90142,True,False,m,1.5588960124158446,0.0,,0.0,77,world,decayed,False,nan,0.1266324296593666,0.14800497889518738,0.15595727902804535,body,body,0.137318704277277,0.19946575909852982,0.37333805525317737,body,body,0.1683922316879034,0.2549858375452459,0.41491203395296405,body,body
medium_none,body_only,90143,True,False,l,1.3381767659159343,0.0,,0.0,76,world,decayed,False,nan,0.06491557359695435,0.09968762546777725,0.4289539936926658,body,body,0.0823015995323658,0.13697463870048524,0.5094052468355822,body,body,0.10963811911642551,0.14553534816950559,0.28323388364954744,body,body
medium_none,body_only,90144,True,False,m,1.4340779419258376,0.0,,0.0,78,world,decayed,False,nan,0.0797128714621067,0.11738754734396935,0.38704975979037587,body,body,0.09855020940303802,0.1568970836699009,0.46502391393927867,body,body,0.12772364653646945,0.24736796282231807,0.6610080376490417,body,body
medium_none,body_only,90145,True,False,l,1.3732457116762027,0.0,,0.0,79,world,decayed,False,nan,0.05538206398487091,0.10930621474981309,0.6798974665775617,body,body,0.082344139367342,0.1395655121654272,0.5276268255571045,body,body,0.1109548257663846,0.14672137293964624,0.27941222261587606,body,body
medium_none,body_only,90146,True,False,m,1.4659264726975494,0.0,,0.0,73,world,decayed,False,nan,0.1331414956599474,0.1340724930167198,0.00696820648123988,body,body,0.13360699433833362,0.16239846237003802,0.1951503469539415,body,body,0.14800272835418582,0.256543991714716,0.5500694491450027,body,body
medium_none,body_only,90147,True,False,l,1.3697174281168265,0.0,,0.0,61,world,decayed,False,nan,0.12057500779628753,0.1203028418123722,-0.002259785199663575,body,body,0.12043892480432987,0.1401930134743452,0.1518773644505614,body,body,0.13031596913933755,0.15749511271715164,0.18943239408541707,body,body
medium_none,body_only,90148,True,False,m,1.3038571531689942,0.0,,0.0,77,world,decayed,False,nan,0.09303119331598282,0.07162729427218437,-0.2614586426698004,body,world,0.0823292437940836,0.066068584471941,-0.22003301506845713,body,world,0.0741989141330123,0.11787778604775667,0.4628988605459663,body,body
medium_none,body_only,90149,True,False,l,1.2823864181574816,0.0,,0.0,69,world,decayed,False,nan,0.07844001725316048,0.06386843100190162,-0.20550901950390818,body,world,0.07115422412753106,0.0710397258400917,-0.0016104526558537887,body,world,0.07109697498381137,0.10576915033161641,0.3972141021716287,body,body
medium_none,body_only,90150,True,False,m,1.371260065573264,0.0,,0.0,77,world,decayed,False,nan,0.13223607018589972,0.14997500330209732,0.1258798997731165,body,body,0.14110553674399853,0.15743232592940332,0.10948759134236925,body,body,0.1492689313367009,0.22585400342941284,0.41413920064224974,body,body
medium_none,body_only,90151,True,False,l,1.2751118713228489,0.0,,0.0,67,world,decayed,False,nan,0.08374503776431083,0.12332334369421005,0.3870327982413497,body,body,0.10353419072926044,0.1089263204485178,0.05076979111411189,body,body,0.10623025558888913,0.14257059022784233,0.2942282862890211,body,body
medium_none,body_only,90152,True,False,m,1.3717293620024857,0.0,,0.0,77,world,decayed,False,nan,0.08520137034356594,0.09683631658554077,0.12800457771099624,body,body,0.09101884346455336,0.14813849069178103,0.4870810280227521,body,body,0.1195786670781672,0.22670879513025283,0.6396918964055541,body,body
medium_none,body_only,90153,True,False,l,1.3777582765834164,0.0,,0.0,63,world,decayed,False,nan,0.08232472166419029,0.1389610268175602,0.5235220638910257,body,body,0.11064287424087524,0.13182695992290974,0.17518248758268298,body,body,0.12123491708189249,0.1537664607167244,0.2377048356491562,body,body
medium_none,body_only,90154,True,False,m,1.3240528558094946,0.0,,0.0,61,world,decayed,False,nan,0.061726626753807065,0.06181783303618431,0.0014764935489890595,body,world,0.06177222989499569,0.10394845698028803,0.520441261305606,body,body,0.08286034343764186,0.13686271738260986,0.5018217790919867,body,body
medium_none,body_only,90155,True,False,l,1.2616156540457863,0.0,,0.0,75,world,decayed,False,nan,0.08092262446880341,0.12353746145963669,0.4230509970737522,body,body,0.10223004296422004,0.13378840684890747,0.26903390152680723,body,body,0.11800922490656376,0.13466148152947427,0.13200128647350098,body,body
medium_none,body_only,90156,True,False,m,1.53054519222226,0.0,,0.0,80,world,decayed,False,nan,0.11242168992757798,0.08125832974910736,-0.3246235537849837,body,world,0.09684000983834266,0.12119930572807788,0.22437611163897517,body,body,0.10901965778321028,0.25463571175932886,0.8483057298236631,body,body
medium_none,body_only,90157,True,False,l,1.488929027680533,0.0,,0.0,67,world,decayed,False,nan,0.11058498620986938,0.09602087810635566,-0.14121868322207135,body,body,0.10330293215811252,0.10602843090891838,0.026041513667592827,body,body,0.10466568153351545,0.16087132096290588,0.4298335116416684,body,body
medium_none,body_only,90158,True,False,m,1.4010988441285952,0.0,,0.0,76,world,decayed,False,nan,0.07057661637663841,0.08438808470964432,0.17872733836893268,body,world,0.07748235054314137,0.10100579410791397,0.2651277071043447,body,body,0.08924407232552767,0.18274175748229027,0.7166989929832693,body,body
medium_none,body_only,90159,True,False,l,1.3983826888544335,0.0,,0.0,76,world,decayed,False,nan,0.06771892085671424,0.07112877629697323,0.049126363075839063,body,world,0.06942384857684374,0.12638276908546686,0.5990847039758601,body,body,0.0979033088311553,0.1507341418415308,0.43153728795648044,body,body
medium_none,body_only,90160,True,False,m,1.6346395142175347,0.0,,0.0,78,world,decayed,False,nan,0.13758590817451477,0.1283879641443491,-0.06919185906369084,body,body,0.13298693615943194,0.18167356476187707,0.3119605774082922,body,body,0.1573302504606545,0.29994130581617356,0.645239706039622,body,body
medium_none,body_only,90161,True,False,l,1.4627355647267428,0.0,,0.0,75,world,decayed,False,nan,0.07886843606829644,0.10408114194869995,0.2773897080010772,body,body,0.09147478900849819,0.13403845578432083,0.3820633378897611,body,body,0.11275662239640952,0.1583458710461855,0.3395499859052905,body,body
medium_none,body_only,90162,True,False,m,1.3110427449584228,0.0,,0.0,70,world,decayed,False,nan,0.07044322118163109,0.06745656728744506,-0.04332306883687632,body,world,0.06894989423453808,0.10691987797617912,0.4386996797134465,body,body,0.0879348861053586,0.16252934820950032,0.614261979855435,body,body
medium_none,body_only,90163,True,False,l,1.4308898612160117,0.0,,0.0,78,world,decayed,False,nan,0.08545371443033219,0.09550680667161941,0.11122264132821968,body,body,0.0904802605509758,0.1585383228957653,0.5608646374670072,body,body,0.12450929172337055,0.15796015784144402,0.23796249023126614,body,body
medium_none,body_only,90164,True,False,m,1.439856144676443,0.0,,0.0,68,world,decayed,False,nan,0.07895244657993317,0.04046005718410015,-0.6685304841134323,body,world,0.059706251882016656,0.1348309449851513,0.8145849977797741,body,body,0.09726859843358397,0.23673899360001088,0.8894820336927871,body,body
medium_none,body_only,90165,True,False,l,1.2997648895781109,0.0,,0.0,62,world,decayed,False,nan,0.12347229644656181,0.08595261797308922,-0.3622206200123186,body,world,0.10471245720982551,0.06900005284696817,-0.4171108203404104,body,world,0.08685625502839685,0.11272150836884975,0.2606657379095524,body,body
medium_none,body_only,90166,True,False,m,1.679679815459025,0.0,,0.0,64,world,decayed,False,nan,0.06536080501973629,0.14256982058286666,0.7799090815363319,body,body,0.10396531280130147,0.1902584820985794,0.604326266958053,body,body,0.14711189744994044,0.3058255255222321,0.7318212569571788,body,body
medium_none,body_only,90167,True,False,l,1.3590101711106688,0.0,,0.0,72,world,decayed,False,nan,0.05571961924433708,0.1489539310336113,0.9833047549300902,body,body,0.10233677513897418,0.09658093228936196,-0.057887758207425685,body,body,0.09945885371416807,0.15163350217044352,0.4217224112373079,body,body
medium_none,body_only,90168,True,False,m,1.6457533914678304,0.0,,0.0,77,world,decayed,False,nan,0.1530148282647133,0.159989070892334,0.044570672518748924,body,body,0.15650194957852365,0.23730713576078416,0.41628676634743356,body,body,0.1969045426696539,0.23523781760595738,0.17787793591334616,body,body
medium_none,body_only,90169,True,False,l,1.372684860076075,0.0,,0.0,63,world,decayed,False,nan,0.04414845630526543,0.09977210611104965,0.8153306846997938,body,body,0.07196028120815753,0.1278615605086088,0.5748338031720599,body,body,0.09991092085838318,0.15270315743982793,0.42421689183489,body,body
medium_none,body_only,90170,True,False,m,1.5110806219967274,0.0,,0.0,77,world,decayed,False,nan,0.11210775375366211,0.13562099784612655,0.19040371901846542,body,body,0.12386437579989433,0.1931893363595009,0.4444835019467028,body,body,0.1585268560796976,0.24166938345879316,0.4216465900690303,body,body
medium_none,body_only,90171,True,False,l,1.3393346079674444,0.0,,0.0,80,world,decayed,False,nan,0.05574500374495983,0.07353141121566295,0.27692489100371154,body,world,0.06463820748031139,0.10266634002327919,0.46267862969264756,body,body,0.08365227375179529,0.14149418734014035,0.5255900285768842,body,body
medium_none,body_only,90172,True,False,m,1.5992541406103382,0.0,,0.0,69,world,decayed,False,nan,0.16198109909892083,0.15571768432855607,-0.03943500430386906,body,body,0.15884939171373844,0.2331114947795868,0.3835603260837462,body,body,0.1959804432466626,0.22789558060467244,0.15087266934712706,body,body
medium_none,body_only,90173,True,False,l,1.2909310796297793,0.0,,0.0,74,world,decayed,False,nan,0.052132705599069594,0.05767069756984711,0.10095670500988091,body,world,0.054901701584458354,0.1104030393064022,0.698593321125746,body,body,0.08265237044543028,0.14025604613125325,0.5288261487626386,body,body
medium_none,body_only,90174,True,False,m,1.4992846063269814,0.0,,0.0,60,world,decayed,False,nan,0.09211875349283219,0.09064312651753426,-0.016148433600194047,body,world,0.09138094000518322,0.15358764678239822,0.5192344700318233,body,body,0.12248429339379072,0.27183062955737114,0.7971963823253441,body,body
medium_none,body_only,90175,True,False,l,1.375063495490151,0.0,,0.0,67,world,decayed,False,nan,0.07855735532939434,0.06436797827482224,-0.19921272144666505,body,world,0.07146266680210829,0.1678482785820961,0.8538852969732696,body,body,0.1196554726921022,0.1556393727660179,0.26292506559568785,body,body
medium_none,body_only,90176,True,False,m,1.3570155774731387,0.0,,0.0,71,world,decayed,False,nan,0.08216768354177476,0.0713560588657856,-0.14107982265218283,body,world,0.07676187120378017,0.12668686285614966,0.5010103467722666,body,body,0.10172436702996493,0.176613038033247,0.551694241988702,body,body
medium_none,body_only,90177,True,False,l,1.2641200458110455,0.0,,0.0,62,world,decayed,False,nan,0.07791826352477074,0.08844001740217208,0.12666417903110222,body,world,0.08317914046347141,0.08846756033599376,0.061639334132799824,body,world,0.08582335039973259,0.1251869874075055,0.377517400170517,body,body
medium_none,body_only,90178,True,False,m,1.5240608064758356,0.0,,0.0,68,world,decayed,False,nan,0.09376197084784507,0.13665555268526078,0.3767042001656317,body,body,0.11520876176655293,0.21079915314912795,0.6041599969690792,body,body,0.16300395745784044,0.23228542301803828,0.35419240773728033,body,body
medium_none,body_only,90179,True,False,l,1.4207768660969622,0.0,,0.0,63,world,decayed,False,nan,0.04273962378501892,0.09073799550533294,0.7528497360193132,body,world,0.06673880964517594,0.10192719753831625,0.4234721713583063,body,body,0.08433300359174609,0.14289069846272467,0.527306701511267,body,body
medium_none,body_only,90180,True,False,m,1.6834084531201725,0.0,,0.0,70,world,decayed,False,nan,0.11071347519755363,0.21284280419349672,0.6536083252909218,body,body,0.16177813969552518,0.27486752420663835,0.5300633628928,body,body,0.21832283195108176,0.2057576222345233,-0.05927596290811483,body,body
medium_none,body_only,90181,True,False,l,1.3164236438723707,0.0,,0.0,75,world,settled,True,0.08232618868350983,0.07678899466991425,0.04832689762115479,-0.4630730390954823,body,world,0.06255794614553452,0.05584069937467575,-0.11359028254983151,body,world,0.05919932276010513,0.08269867449998855,0.3342934721282588,body,body
medium_none,body_only,90182,True,False,m,1.3450601064988406,0.0,,0.0,60,world,decayed,False,nan,0.09045972228050232,0.15098318755626677,0.5122637959648035,body,body,0.12072145491838455,0.1527608297765255,0.23538762784437556,body,body,0.13674114234745502,0.22206102311611176,0.4848625563934518,body,body
medium_none,body_only,90183,True,False,l,1.3429357517410216,0.0,,0.0,67,world,decayed,False,nan,0.060129792988300325,0.09027496203780175,0.40635470433632687,body,world,0.07520237751305103,0.16275365576148032,0.7720548969514693,body,body,0.11897801663726568,0.15349338948726654,0.2547187589649325,body,body
medium_none,body_only,90184,True,False,m,1.6568892806087865,0.0,,0.0,73,world,decayed,False,nan,0.06802570000290871,0.200326406955719,1.0800624960115366,body,body,0.13417605347931386,0.26308115720748904,0.6733097975498196,body,body,0.19862860534340143,0.22794037670828401,0.1376473128896786,body,body
medium_none,body_only,90185,True,False,l,1.43334245437914,0.0,,0.0,67,world,decayed,False,nan,0.11208551302552223,0.08149557560682297,-0.31871335738632806,body,world,0.0967905443161726,0.14137185215950013,0.37884436146916617,body,body,0.11908119823783636,0.16231314092874527,0.3097218395905099,body,body
medium_none,body_only,90186,True,False,m,1.6331529059433587,0.0,,0.0,70,world,decayed,False,nan,0.09311020895838737,0.1678305149078369,0.5891707962396798,body,body,0.13047036193311215,0.20341638028621672,0.44410892340717856,body,body,0.16694337110966445,0.2725228536874056,0.4900678175701689,body,body
medium_none,body_only,90187,True,False,l,1.3141636302230804,0.0,,0.0,65,world,decayed,False,nan,0.07116914093494416,0.04660951420664787,-0.4232546228150725,body,world,0.05888932757079601,0.04891830645501614,-0.18550818694066779,body,world,0.05390381701290607,0.1214056534692645,0.8119361545071221,body,body
medium_none,body_only,90188,True,False,m,1.68271261290117,0.0,,0.0,72,world,decayed,False,nan,0.10377961546182632,0.18307537734508514,0.567628397483165,body,body,0.14342749640345573,0.23457950502634048,0.49196491507586,body,body,0.1890035007148981,0.2670797215774655,0.345781659331292,body,body
medium_none,body_only,90189,True,False,l,1.2673551846296478,0.0,,0.0,69,world,decayed,False,nan,0.06360381729900837,0.09505326226353646,0.40176390092808284,body,body,0.07932853978127241,0.12089986763894559,0.4213647025696556,body,body,0.100114203710109,0.12337824534624815,0.20894323067829043,body,body
medium_none,body_only,90190,True,False,m,1.4616304439624153,0.0,,0.0,61,world,decayed,False,nan,0.0989599958062172,0.1011270023882389,0.021661490596741138,body,body,0.10004349909722805,0.1369490273296833,0.31400371092919793,body,body,0.11849626321345567,0.25471415370702744,0.7652605245371794,body,body
medium_none,body_only,90191,True,False,l,1.3598610545526153,0.0,,0.0,75,world,decayed,False,nan,0.06237531155347824,0.0910499319434166,0.3782385098049381,body,world,0.07671262174844742,0.10551752522587776,0.3188108002171139,body,body,0.09111507348716259,0.10327734723687172,0.1252948095807337,body,body
medium_none,body_only,90192,True,False,m,1.6394540644586693,0.0,,0.0,73,world,decayed,False,nan,0.0691547192633152,0.15096859782934188,0.7807255512528122,body,body,0.11006165854632854,0.22384605556726456,0.7099178226650685,body,body,0.16695385705679655,0.2672409426420927,0.4704331891867967,body,body
medium_none,body_only,90193,True,False,l,1.2806965176607972,0.0,,0.0,79,world,decayed,False,nan,0.0907972052693367,0.10157343223690987,0.1121535010562299,body,body,0.09618531875312328,0.11590277757495641,0.18647498101854046,body,body,0.10604404816403985,0.14429793655872344,0.3080256095022702,body,body
medium_none,body_only,90194,True,False,m,1.3882151295384004,0.0,,0.0,72,world,decayed,False,nan,0.09646784663200378,0.09291650950908661,-0.037508414576940576,body,world,0.0946921780705452,0.12317127287387848,0.26294444933617706,body,body,0.10893172547221183,0.21330047026276588,0.6719805160142817,body,body
medium_none,body_only,90195,True,False,l,1.4070168029723402,0.0,,0.0,68,world,decayed,False,nan,0.0892864316701889,0.104701928794384,0.15926800445678965,body,body,0.09699418023228645,0.12419736720621585,0.2472209921589513,body,body,0.11059577371925115,0.1661720171570778,0.4071416237016885,body,body
medium_none,body_only,90196,True,False,m,1.4747105385822876,0.0,,0.0,78,world,decayed,False,nan,0.07337524741888046,0.07258131727576256,-0.010879099206219918,body,world,0.07297828234732151,0.1576484080404043,0.7702053930829352,body,body,0.11531334519386291,0.2724000155925751,0.8596184677143606,body,body
medium_none,body_only,90197,True,False,l,1.3111555143573217,0.0,,0.0,62,world,decayed,False,nan,0.06450790390372277,0.10689441338181496,0.5050537990019835,body,body,0.08570115864276887,0.10256822519004345,0.1796618435028781,body,body,0.09413469191640615,0.14241040721535683,0.41398643129829366,body,body
medium_none,body_only,90198,True,False,m,1.379640047296776,0.0,,0.0,79,world,decayed,False,nan,0.13046274036169053,0.1299447923898697,-0.00397798519393316,body,body,0.1302037663757801,0.1758330851793289,0.300434508405289,body,body,0.1530184257775545,0.2133426796644926,0.33234135359325445,body,body
medium_none,body_only,90199,True,False,l,1.4868269255907973,0.0,,0.0,73,world,decayed,False,nan,0.054892617464065555,0.10243686586618424,0.6238677989869862,body,body,0.0786647416651249,0.10930003914982081,0.32890170766974697,body,body,0.09398239040747285,0.14605001956224442,0.44084173414615374,body,body
medium_none,body_only,90200,True,False,m,1.568789452616487,0.0,,0.0,75,world,decayed,False,nan,0.06811191365122796,0.163864803314209,0.8778895764708873,body,body,0.11598835848271846,0.17363189086318015,0.40344766032124063,body,body,0.14481012467294932,0.2795460470020771,0.657743627515311,body,body
medium_none,body_only,90201,True,False,l,1.237480856854104,0.0,,0.0,74,world,decayed,False,nan,0.06209972053766251,0.07772336676716804,0.22441445402676788,body,world,0.06991154365241528,0.08292908854782581,0.17075510693523782,body,world,0.07642031610012054,0.10353314466774463,0.3036432214122524,body,body
medium_none,body_only,90202,True,False,m,1.589816924085751,0.0,,0.0,69,world,decayed,False,nan,0.10415445789694786,0.1260608397424221,0.19088967606295698,body,body,0.11510764881968498,0.18601497411727905,0.4799594092700505,body,body,0.150561311468482,0.2780636655166745,0.6134797137183925,body,body
medium_none,body_only,90203,True,False,l,1.2163108575505985,0.0,,0.0,68,world,settled,True,0.0727037787437439,0.04293058291077614,0.05152290016412735,0.18244191190449668,body,world,0.047226741537451745,0.08653208911418915,0.6055550274079703,body,world,0.06687941532582045,0.07459669690579177,0.10920500222680558,body,world
medium_none,body_only,90204,True,False,m,1.577624770964431,0.0,,0.0,61,world,decayed,False,nan,0.07990891486406326,0.11086219772696496,0.3274005463228152,body,body,0.09538555629551411,0.14774496629834175,0.4375604211817406,body,body,0.12156526129692793,0.27765028923749924,0.82591112082749,body,body
medium_none,body_only,90205,True,False,l,1.3675497082151145,0.0,,0.0,65,world,decayed,False,nan,0.08062512800097466,0.08834119364619256,0.0913961553094249,body,world,0.0844831608235836,0.11719572618603706,0.32729317617865195,body,body,0.10083944350481033,0.15040747448801994,0.3998185239658158,body,body
medium_none,body_only,90206,True,False,m,1.5176465510618466,0.0,,0.0,74,world,decayed,False,nan,0.08443297445774078,0.09995338693261147,0.1687459287128515,body,body,0.09219318069517612,0.169144007563591,0.6068643021035885,body,body,0.13066859412938356,0.2726346403360367,0.7354682830520997,body,body
medium_none,body_only,90207,True,False,l,1.2488637580931352,0.0,,0.0,80,world,decayed,False,nan,0.09219852760434151,0.06181002855300903,-0.3998785352317583,body,world,0.07700427807867527,0.10202323645353317,0.281339615934228,body,body,0.08951375726610422,0.11171929091215134,0.22159706810910862,body,body
medium_none,body_only,90208,True,False,m,1.4834364114696996,0.0,,0.0,66,world,decayed,False,nan,0.08816640079021454,0.11367755159735679,0.2541399988703482,body,body,0.10092197619378566,0.17493312060832977,0.5500560275597629,body,body,0.13792754840105773,0.2630294859409332,0.6455376040335029,body,body
medium_none,body_only,90209,True,False,l,1.263629522578016,0.0,,0.0,60,world,decayed,False,nan,0.10884412229061127,0.09644411727786065,-0.12095304293560538,body,body,0.10264411978423596,0.0798097386956215,-0.2516223218940174,body,world,0.09122692923992873,0.10213192217051983,0.11291520198630503,body,body
medium_none,body_only,90210,True,False,m,1.3346147837212192,0.0,,0.0,73,world,decayed,False,nan,0.08333440572023391,0.11420468389987945,0.31513081351178795,body,body,0.09876954481005669,0.08679466787725687,-0.12924411653050172,body,world,0.09278210634365677,0.11960989460349084,0.2539817672655389,body,body
medium_none,body_only,90211,True,False,l,1.30656153459059,0.0,,0.0,71,world,decayed,False,nan,0.052439767867326736,0.08570678159594536,0.49126672202901217,body,world,0.06907327473163605,0.08644830398261547,0.224378699702446,body,world,0.07776078935712576,0.0969060618430376,0.22010476336148882,body,body
medium_none,body_only,90212,True,False,m,1.6930851814175538,0.0,,0.0,60,world,decayed,False,nan,0.12259825021028518,0.19715737998485566,0.4750895419190512,body,body,0.15987781509757043,0.25389224141836164,0.46250006275603384,body,body,0.20688502825796604,0.2347234996035695,0.12624500405891673,body,body
medium_none,body_only,90213,True,False,l,1.3559979569855254,0.0,,0.0,66,world,decayed,False,nan,0.04364337734878063,0.08158178851008416,0.6255545079409218,body,world,0.06261258292943239,0.1458025172352791,0.8452868212440164,body,body,0.10420755008235574,0.14992397092282772,0.3637437207860384,body,body
medium_none,body_only,90214,True,False,m,1.3935857870234445,0.0,,0.0,60,world,decayed,False,nan,0.12146780267357826,0.14450209736824035,0.17364479301534788,body,body,0.13298495002090932,0.18337687104940414,0.3213074757347482,body,body,0.15818091053515673,0.1984310885425657,0.22670249746067928,body,body
medium_none,body_only,90215,True,False,l,1.3131198647094737,0.0,,0.0,80,world,decayed,False,nan,0.07938090674579143,0.053243118524551394,-0.39938930348637264,body,world,0.06631201263517142,0.11197612658143044,0.5239146262208271,body,body,0.08914406960830093,0.13108269423246383,0.3855745571304961,body,body
medium_none,body_only,90216,True,False,m,1.681261135717984,0.0,,0.0,66,world,decayed,False,nan,0.1670495942234993,0.19316084384918214,0.14523248992199464,body,body,0.18010521903634072,0.2535707250237465,0.3421015479869297,body,body,0.2168379720300436,0.23974541407078503,0.10042718364827824,body,body
medium_none,body_only,90217,True,False,l,1.413471960665546,0.0,,0.0,75,world,decayed,False,nan,0.08182204291224479,0.10199938341975212,0.22042008779947814,body,body,0.09191071316599846,0.07964062374085187,-0.14329328556496282,body,world,0.08577566845342517,0.15678513161838054,0.6031408977405455,body,body
medium_none,body_only,90218,True,False,m,1.584896311018346,0.0,,0.0,74,world,decayed,False,nan,0.06803525239229202,0.1332530692219734,0.6722241079635937,body,body,0.10064416080713272,0.1933083012700081,0.6526951947293647,body,body,0.1469762310385704,0.27941137701272967,0.6424142853483725,body,body
medium_none,body_only,90219,True,False,l,1.3119810143159762,0.0,,0.0,70,world,decayed,False,nan,0.0634456530213356,0.08617834970355034,0.3062353010794872,body,world,0.07481200136244297,0.10201107114553451,0.310103029904347,body,body,0.08841153625398875,0.11731867101043462,0.28289145440234725,body,body
medium_none,body_only,90220,True,False,m,1.300500753923412,0.0,,0.0,65,world,decayed,False,nan,0.06250297278165817,0.05639030374586582,-0.10291689579309425,body,world,0.059446638263761994,0.12913789823651314,0.7758017377380492,body,body,0.09429226825013756,0.2142800897359848,0.8208847944985566,body,body
medium_none,body_only,90221,True,False,l,1.325946290087466,0.0,,0.0,69,world,decayed,False,nan,0.0930531058460474,0.08235561177134514,-0.12212376110659678,body,world,0.08770435880869627,0.11428241468966008,0.2647011072338497,body,body,0.10099338674917817,0.14436510857194662,0.3572905299066289,body,body
medium_none,body_only,90222,True,False,m,1.3799548422979533,0.0,,0.0,63,world,decayed,False,nan,0.09108557663857937,0.10059185475111007,0.09927182046181512,body,body,0.09583871569484473,0.08734979573637247,-0.09274603563736054,body,world,0.0915942557156086,0.1100290603004396,0.18337595626586725,body,body
medium_none,body_only,90223,True,False,l,1.2088747342560058,0.0,,0.0,66,world,decayed,False,nan,0.050692280381917955,0.0656062752008438,0.25789771163188324,body,world,0.058149277791380884,0.06863960549235344,0.16585624853931225,body,world,0.06339444164186717,0.08733791103586555,0.32040844382459666,body,body
medium_none,body_only,90224,True,False,m,1.3689372681649405,0.0,,0.0,67,world,decayed,False,nan,0.09976601526141167,0.0990009717643261,-0.007697930993984432,body,body,0.09938349351286888,0.11924508400261402,0.18219486598787768,body,body,0.10931428875774145,0.18246825877577066,0.5123491170274785,body,body
medium_none,body_only,90225,True,False,l,1.4190999555086545,0.0,,0.0,76,world,decayed,False,nan,0.07670038118958473,0.05180177986621857,-0.3924821692112625,body,world,0.06425108052790166,0.15455768555402755,0.8777688547457613,body,body,0.1094043830409646,0.15911992341279985,0.3746071996832067,body,body
medium_none,body_only,90226,True,False,m,1.3666051873938825,0.0,,0.0,68,world,decayed,False,nan,0.07300922647118568,0.09988782927393913,0.313462025964955,body,body,0.08644852787256241,0.08530840463936329,-0.013276203327052675,body,world,0.08587846625596285,0.16689224243164064,0.6644152355514961,body,body
medium_none,body_only,90227,True,False,l,1.2089853713110907,0.0,,0.0,76,world,decayed,False,nan,0.08842401728034019,0.084968451410532,-0.03986359371719269,body,world,0.0866962343454361,0.06786860637366772,-0.24483687294371512,body,world,0.0772824203595519,0.08043935289606452,0.040037011551746396,body,world
medium_none,body_only,90228,True,False,m,1.3941552835422104,0.0,,0.0,76,world,decayed,False,nan,0.08646611273288726,0.10557583943009377,0.19967697495308742,body,body,0.09602097608149052,0.12469930350780487,0.2613385988791479,body,body,0.11036013979464769,0.19081053733825684,0.5475319685658302,body,body
medium_none,body_only,90229,True,False,l,1.4129882265602367,0.0,,0.0,60,world,decayed,False,nan,0.08675429224967957,0.08265452310442925,-0.0484103472094037,body,world,0.08470440767705441,0.1347985677421093,0.4646139343690462,body,body,0.10975148770958185,0.16016619466245174,0.37799338547751055,body,body
medium_none,body_only,90230,True,False,m,1.387380358400205,0.0,,0.0,62,world,decayed,False,nan,0.06588811203837394,0.08744086548686028,0.28300471060430266,body,world,0.07666448876261711,0.11610342971980572,0.4150428169436526,body,body,0.09638395924121142,0.14655263386666775,0.4190448496154267,body,body
medium_none,body_only,90231,True,False,l,1.2736796593502162,0.0,,0.0,79,world,decayed,False,nan,0.059538669511675836,0.1131792739033699,0.6423470470668966,body,body,0.08635897170752287,0.10462185367941856,0.1918397574683598,body,body,0.09549041269347072,0.11865446772426366,0.21718978502028002,body,body
medium_none,body_only,90232,True,False,m,1.3398772042708087,0.0,,0.0,65,world,decayed,False,nan,0.0819606602191925,0.12530984878540039,0.42455008173106773,body,body,0.10363525450229645,0.15755335688591005,0.4188866084114897,body,body,0.13059430569410324,0.2169033709913492,0.5073563446218236,body,body
medium_none,body_only,90233,True,False,l,1.2151805568406018,0.0,,0.0,74,world,decayed,False,nan,0.08694214224815369,0.10184910334646702,0.15824947317403862,body,body,0.09439562279731036,0.08432402797043323,-0.11282784970390285,body,world,0.0893598253838718,0.11956808902323246,0.29121479104408343,body,body
medium_none,body_only,90234,True,False,m,1.412785576783788,0.0,,0.0,80,world,decayed,False,nan,0.10299514979124069,0.07856375612318516,-0.27077142265354853,body,world,0.09077945295721293,0.12375123128294944,0.3098403801779628,body,body,0.10726534212008118,0.23379944860935212,0.7791580930010547,body,body
medium_none,body_only,90235,True,False,l,1.4243033807217698,0.0,,0.0,60,world,decayed,False,nan,0.04404992908239365,0.08343197032809258,0.6387078307304566,body,world,0.0637409497052431,0.09151464067399502,0.3616717582951863,body,world,0.07762779518961907,0.16599518954753875,0.7600332608180499,body,body
medium_none,body_only,90236,True,False,m,1.6997035312296203,0.0,,0.0,64,world,decayed,False,nan,0.03895515948534012,0.13584290891885759,1.2490879087702105,body,body,0.08739903420209885,0.20994498655200006,0.8763612953164496,body,body,0.14867201037704944,0.29825510904192926,0.6962065839502333,body,body
medium_none,body_only,90237,True,False,l,1.376968432617344,0.0,,0.0,75,world,decayed,False,nan,0.06369774937629699,0.07357626259326935,0.1441732242595185,body,world,0.06863700598478317,0.08278783746063709,0.18744932490416458,body,world,0.07571242172271013,0.14323265757411718,0.6375280457798274,body,body
medium_none,body_only,90238,True,False,m,1.5968317899030746,0.0,,0.0,62,world,decayed,False,nan,0.14277565628290176,0.19608811736106874,0.31728957540950675,body,body,0.16943188682198523,0.23588147163391113,0.330878441621886,body,body,0.2026566792279482,0.22174645545892419,0.09002132470174573,body,body
medium_none,body_only,90239,True,False,l,1.3434682340044826,0.0,,0.0,67,world,decayed,False,nan,0.10312549024820328,0.13039241284132003,0.23460186550208878,body,body,0.11675895154476165,0.12424952685832977,0.06218029061816648,body,body,0.12050423920154571,0.1489821419119835,0.21214151341509388,body,body
medium_none,world_only,90240,False,True,,1.0,1.0,short,-0.05,59,world,settled,True,0.06592052429914474,0.16148504614830017,0.12221280634403228,-0.2786487053874765,body,body,0.14184892624616624,0.04611467644572258,-1.1236313311683437,world,world,0.0939818013459444,0.06852991580963134,-0.315830783745324,body,world
medium_none,world_only,90241,False,True,,1.0,1.0,medium,0.1,75,world,settled,True,0.0654960498213768,0.1761010318994522,0.09437114968895913,-0.6238224664815226,body,body,0.13523609079420568,0.10301818177103997,-0.27211657702946296,body,body,0.11912713628262281,0.05786372870206833,-0.7221005539394608,world,world
medium_none,world_only,90242,False,True,,1.0,-2.0,short,0.2,69,world,decayed,False,nan,0.34708925783634187,0.15325130820274352,-0.8175028628874307,world,world,0.2501702830195427,0.09348843991756439,-0.9843040266696181,world,world,0.17182936146855354,0.1050439078360796,-0.4921234672704676,world,world
medium_none,world_only,90243,False,True,,1.0,2.0,medium,0.05,68,body,settled,True,0.099822998046875,0.23136334419250487,0.22541010975837708,-0.026067940241806805,body,body,0.228386726975441,0.09826070517301559,-0.8434161597081798,world,world,0.1633237160742283,0.14418092295527457,-0.12466529915899369,body,body
medium_none,world_only,90244,False,True,,1.0,-4.0,short,0.05,65,world,decayed,False,nan,0.6201117694377899,0.2410566210746765,-0.94486788696399,world,world,0.4305841952562332,0.1280234668403864,-1.2129292984470947,world,world,0.2793038310483098,0.09663595743477345,-1.0613492873323227,world,world
medium_none,world_only,90245,False,True,,1.0,4.0,medium,0.25,65,world,decayed,False,nan,0.4791271388530731,0.4026194751262665,-0.17397410234792954,body,body,0.4408733069896698,0.048846660554409026,-2.2000715335025025,world,world,0.2448599837720394,0.0696998333092779,-1.2564886261532147,world,world
medium_none,world_only,90246,False,True,,1.0,-1.0,short,0.1,75,world,settled,True,0.06481949985027313,0.1649661436676979,0.07964608669281006,-0.728147359093703,world,world,0.12230611518025399,0.07890043891966343,-0.43834025209374455,body,world,0.10060327704995871,0.06714271977543831,-0.40436433243540393,world,world
medium_none,world_only,90247,False,True,,1.0,-1.0,medium,-0.15000000000000002,77,world,decayed,False,nan,0.21327501833438872,0.2596506357192993,0.19675451989673348,body,body,0.236462827026844,0.10756690949201583,-0.787677948159717,world,world,0.17201486825942994,0.08251292407512664,-0.7346259799186878,world,world
medium_none,world_only,90248,False,True,,1.0,-2.0,short,0.15000000000000002,70,world,decayed,False,nan,0.36526651978492736,0.15153325349092484,-0.8798221824606625,world,world,0.2583998866379261,0.09538820758461952,-0.996553372610881,world,world,0.17689404711127282,0.10817755162715911,-0.49177707565894424,world,world
medium_none,world_only,90249,False,True,,1.0,2.0,medium,-0.25,60,world,settled,True,0.07048910856246948,0.2758311957120895,0.22919964790344238,-0.1851956202273026,body,body,0.252515421807766,0.12206728346645832,-0.7268999267823799,world,world,0.18729135263711214,0.08368650004267693,-0.8055877651949647,world,world
medium_none,world_only,90250,False,True,,1.0,4.0,short,0.05,68,world,settled,True,0.06776164472103119,0.4487230539321899,0.06957823559641838,-1.863954079562483,world,world,0.25915064476430416,0.14468161687254905,-0.5828739500993553,world,world,0.2019161308184266,0.08007095018401741,-0.9249392982853419,world,world
medium_none,world_only,90251,False,True,,1.0,-4.0,medium,0.15000000000000002,77,world,decayed,False,nan,0.7423629403114319,0.939930260181427,0.235967419750918,body,body,0.8411466002464294,0.14701662585139275,-1.7442202799515485,world,world,0.4940816130489111,0.07716628052294254,-1.856738131320203,world,world
medium_none,world_only,90252,False,True,,1.0,-1.0,short,-0.05,78,world,decayed,False,nan,0.13109637126326562,0.08837598636746406,-0.3943324259214122,body,world,0.10973617881536483,0.08464272134006023,-0.2596399911483596,body,world,0.09718945007771254,0.06810544226318598,-0.3556050415592036,body,world
medium_none,world_only,90253,False,True,,1.0,1.0,medium,-0.05,60,world,settled,True,0.0675879642367363,0.170879590511322,0.15743859708309174,-0.08192363695596784,body,body,0.1641590937972069,0.09903665482997895,-0.5053460093094404,body,body,0.1315978743135929,0.06455537797883153,-0.7122274373747839,world,world
medium_none,world_only,90254,False,True,,1.0,2.0,short,0.1,75,world,settled,True,0.06558507680892944,0.2737614348530769,0.11371812447905541,-0.8785342572101877,world,world,0.19373977966606618,0.0754001896828413,-0.9437061260331976,world,world,0.13456998467445375,0.05884998813271523,-0.8270927638149648,world,world
medium_none,world_only,90255,False,True,,1.0,2.0,medium,0.25,70,world,settled,True,0.06858661025762558,0.29036765396595,0.1933670699596405,-0.4065575928918819,body,body,0.24186736196279526,0.11611995436251163,-0.7337657387007445,world,world,0.17899365816265345,0.0847777135670185,-0.747317679407084,world,world
medium_none,world_only,90256,False,True,,1.0,-4.0,short,-0.2,70,world,decayed,False,nan,0.6410845935344696,0.2686142772436142,-0.8698849824344457,world,world,0.4548494353890419,0.12944490127265454,-1.256711135152547,world,world,0.2921471683308482,0.08868227098137141,-1.1921976832942758,world,world
medium_none,world_only,90257,False,True,,1.0,-4.0,medium,-0.05,64,world,decayed,False,nan,0.7551993608474732,0.9740124106407165,0.2544422769967884,body,body,0.8646058857440948,0.18793721348047257,-1.5261658434860446,world,world,0.5262715496122837,0.07827782402746379,-1.9055529886972995,world,world
medium_none,world_only,90258,False,True,,1.0,-1.0,short,0.25,67,world,settled,True,0.07683533430099487,0.1816906824707985,0.08204205855727195,-0.7950736693385377,world,world,0.1318663705140352,0.08029017709195614,-0.49614177938073334,body,world,0.10607827380299568,0.07513551870360971,-0.3448838546334872,body,world
medium_none,world_only,90259,False,True,,1.0,1.0,medium,-0.25,71,world,settled,True,0.05726710706949234,0.19280921816825866,0.12271530479192734,-0.45183411574067583,body,body,0.157762261480093,0.09957877472043038,-0.46014018902747167,body,body,0.1286705181002617,0.04910575430840254,-0.9632787901463724,world,world
medium_none,world_only,90260,False,True,,1.0,-2.0,short,-0.05,78,world,decayed,False,nan,0.3681848555803299,0.1541833370923996,-0.8704427420628238,world,world,0.26118409633636475,0.09803271740674972,-0.9799242345841096,world,world,0.17960840687155724,0.10306962039321661,-0.5553742775920987,world,world
medium_none,world_only,90261,False,True,,1.0,-2.0,medium,0.15000000000000002,76,alarm,persistent,False,nan,0.41346649527549745,0.5320846021175385,0.252226019199231,body,body,0.47277554869651794,0.19547991044819354,-0.8831631345101837,world,world,0.33412772957235576,0.0946629598736763,-1.2612005512781714,world,world
medium_none,world_only,90262,False,True,,1.0,-4.0,short,0.1,68,world,decayed,False,nan,0.6347934484481812,0.2613366276025772,-0.887490330719002,world,world,0.44806503802537917,0.1327149711549282,-1.2167346415126674,world,world,0.2903900045901537,0.09765412416309119,-1.089792972338994,world,world
medium_none,world_only,90263,False,True,,1.0,-4.0,medium,-0.15000000000000002,76,world,decayed,False,nan,0.7321839749813079,0.955125880241394,0.26581132924100764,body,body,0.843654927611351,0.1656969241797924,-1.62758319577551,world,world,0.5046759258955718,0.07917113639414311,-1.852304699449805,world,world
medium_none,world_only,90264,False,True,,1.0,1.0,short,-0.15000000000000002,76,world,settled,True,0.07269233465194702,0.1739548772573471,0.060425513237714765,-1.057384519125511,world,world,0.11719019524753094,0.07978267073631287,-0.3844918931652653,body,world,0.0984864329919219,0.07204859238117933,-0.31257801700849414,body,world
medium_none,world_only,90265,False,True,,1.0,1.0,medium,-0.05,73,world,settled,True,0.057460516691207886,0.19257934093475343,0.1006313543766737,-0.6490443466831031,body,body,0.14660534765571356,0.09638185910880566,-0.4194262662679094,body,body,0.1214936033822596,0.05347136780619621,-0.82071528488631,world,world
medium_none,world_only,90266,False,True,,1.0,2.0,short,0.1,80,world,settled,True,0.059400737285614014,0.2516442507505417,0.12909101098775863,-0.6674987196101452,body,body,0.19036763086915015,0.09099401012063027,-0.7381634204650653,world,world,0.14068082049489022,0.04544732207432389,-1.1299397413072862,world,world
medium_none,world_only,90267,False,True,,1.0,2.0,medium,-0.05,73,world,settled,True,0.07232336699962616,0.2934867523610592,0.23823292255401612,-0.20858364020658007,body,body,0.26585983745753766,0.1135953575372696,-0.8503266043530016,world,world,0.18972759749740362,0.08566605802625418,-0.7951326546009602,world,world
medium_none,world_only,90268,False,True,,1.0,-4.0,short,-0.1,69,world,decayed,False,nan,0.6474506080150604,0.26607970893383026,-0.8892465880670309,world,world,0.4567651584744453,0.12723453119397163,-1.2781372966759508,world,world,0.2919998448342085,0.09862267300486564,-1.0854520863647428,world,world
medium_none,world_only,90269,False,True,,1.0,4.0,medium,0.0,74,world,decayed,False,nan,0.5110186874866486,0.4103281497955322,-0.2194489550272351,body,body,0.4606734186410904,0.051235263049602506,-2.196261346099028,world,world,0.25595434084534646,0.07645200085826218,-1.2083359683508526,world,world
medium_none,world_only,90270,False,True,,1.0,-1.0,short,0.1,81,world,settled,True,0.07385244965553284,0.16009632050991057,0.051659300550818445,-1.1311053891866287,world,world,0.10587781053036452,0.07174519691616296,-0.38916478789721964,body,world,0.08881150372326374,0.07446536729112267,-0.17618203931577522,body,world
medium_none,world_only,90271,False,True,,1.0,1.0,medium,-0.15000000000000002,77,world,settled,True,0.07441210001707077,0.14676131010055543,0.14724055528640748,0.003260153534717867,body,body,0.14700093269348144,0.12590969540178776,-0.15487398477565045,body,body,0.1364553140476346,0.0702300576493144,-0.6642208003783857,world,world
medium_none,world_only,90272,False,True,,1.0,-2.0,short,-0.2,58,world,decayed,False,nan,0.3500305742025375,0.15434649139642714,-0.8188204863204682,world,world,0.25218853279948233,0.09063252210617065,-1.0233638415382145,world,world,0.1714105274528265,0.10288447327911854,-0.5104546845603777,world,world
medium_none,world_only,90273,False,True,,1.0,2.0,medium,-0.2,71,world,settled,True,0.08671331405639648,0.2606810748577118,0.20533235222101212,-0.23866782803025413,body,body,0.23300671353936195,0.1093600794672966,-0.7564213475510304,world,world,0.17118339650332928,0.11659223791211844,-0.38405277448465397,world,world
medium_none,world_only,90274,False,True,,1.0,4.0,short,-0.15000000000000002,60,world,settled,True,0.06208654120564461,0.44353496134281156,0.06869957223534584,-1.865033656529708,world,world,0.2561172667890787,0.14392645955085753,-0.576332941428717,world,world,0.20002186316996812,0.06748544936999679,-1.0865146666712377,world,world
medium_none,world_only,90275,False,True,,1.0,4.0,medium,0.2,76,world,decayed,False,nan,0.4650350511074066,0.41396170258522036,-0.1163393177585437,body,body,0.4394983768463135,0.052010852843523026,-2.134181618601841,world,world,0.24575461484491826,0.0816884224768728,-1.1014212533920569,world,world
medium_none,world_only,90276,False,True,,1.0,1.0,short,-0.1,69,world,settled,True,0.06641500443220139,0.12635889574885367,0.050712832063436505,-0.9129472604946597,world,world,0.0885358639061451,0.0522869236767292,-0.5266613972951206,body,world,0.07041139379143715,0.05986795760691166,-0.16221366313976124,body,world
medium_none,world_only,90277,False,True,,1.0,-1.0,medium,0.25,75,alarm,persistent,False,nan,0.2774749368429184,0.29893268942832946,0.07448781765438532,body,body,0.28820381313562393,0.12699239030480386,-0.8195407485404703,world,world,0.2075981017202139,0.10094843860715627,-0.720994129673104,world,world
medium_none,world_only,90278,False,True,,1.0,2.0,short,0.2,64,world,settled,True,0.06714187562465668,0.20539850182831287,0.1465991497039795,-0.3372500142188797,body,body,0.17599882576614617,0.09889360666275024,-0.5764327311550868,world,world,0.13744621621444822,0.06025727577507496,-0.8246093609494437,world,world
medium_none,world_only,90279,False,True,,1.0,-2.0,medium,-0.15000000000000002,63,world,decayed,False,nan,0.3865935981273651,0.5079905927181244,0.2730889219207182,body,body,0.44729209542274473,0.19273781031370163,-0.8418810689958743,world,world,0.3200149528682232,0.09434757749550045,-1.2213821266536975,world,world
medium_none,world_only,90280,False,True,,1.0,4.0,short,0.2,77,world,settled,True,0.07571661472320557,0.44267615079879763,0.07193551957607269,-1.8170683098181537,world,world,0.25730583518743516,0.1429675906896591,-0.5876474315273587,world,world,0.20013671293854712,0.08517648717388511,-0.8542752741063874,world,world
medium_none,world_only,90281,False,True,,1.0,4.0,medium,0.1,77,world,decayed,False,nan,0.5261420965194702,0.39740105271339415,-0.2806253426130632,body,body,0.4617715746164322,0.052516221068799496,-2.17394824696076,world,world,0.2571438978426158,0.07893752637319267,-1.1809791077736238,world,world
medium_none,world_only,90282,False,True,,1.0,1.0,short,0.15000000000000002,68,world,settled,True,0.06262482702732086,0.15443068146705627,0.07841133549809456,-0.6777768296747283,body,world,0.11642100848257542,0.0906755480915308,-0.2499252745350198,body,world,0.10354827828705311,0.060986426286399366,-0.5293866413109789,world,world
medium_none,world_only,90283,False,True,,1.0,-1.0,medium,-0.05,74,world,decayed,False,nan,0.26540820896625517,0.298401290178299,0.11717014001076943,body,body,0.28190474957227707,0.14535813629627228,-0.6623686436988862,world,world,0.21363144293427466,0.10331868212670088,-0.726434088113082,world,world
medium_none,world_only,90284,False,True,,1.0,2.0,short,-0.2,72,world,settled,True,0.06345239281654358,0.2658860683441162,0.10322123914957046,-0.9461932649477774,world,world,0.18455365374684335,0.10387078039348126,-0.5747925970341646,world,world,0.1442122170701623,0.05260083544999361,-1.0085539416588463,world,world
medium_none,world_only,90285,False,True,,1.0,-2.0,medium,-0.2,73,world,decayed,False,nan,0.37198653221130373,0.5072483122348785,0.3101430015310516,body,body,0.43961742222309114,0.20530233904719353,-0.7614211364616397,world,world,0.3224598806351423,0.0915356321260333,-1.25925040874723,world,world
medium_none,world_only,90286,False,True,,1.0,4.0,short,-0.1,67,world,settled,True,0.06567375361919403,0.41124803125858306,0.06971736550331116,-1.774747081731311,world,world,0.2404826983809471,0.1404578559100628,-0.5377406609121086,world,world,0.19047027714550496,0.07852515988051892,-0.8860770754418764,world,world
medium_none,world_only,90287,False,True,,1.0,4.0,medium,0.2,79,world,decayed,False,nan,0.46014553904533384,0.4163427233695984,-0.10003405333814193,body,body,0.43824413120746614,0.05762313604354859,-2.0288519778076743,world,world,0.24793363362550735,0.07480435923207551,-1.1982849422172643,world,world
medium_none,world_only,90288,False,True,,1.0,-1.0,short,-0.05,78,world,settled,True,0.06234772130846977,0.17154958248138427,0.09615160524845123,-0.5789461683530537,body,body,0.13385059386491777,0.0725287538021803,-0.6127411193488358,world,world,0.10318967383354902,0.061883586645126346,-0.5113138029654465,world,world
medium_none,world_only,90289,False,True,,1.0,1.0,medium,-0.05,64,world,settled,True,0.09138735383749008,0.22498223185539246,0.12228430956602096,-0.6096726897278769,body,body,0.17363327071070672,0.12265929803252221,-0.34753485811333024,body,body,0.14814628437161445,0.08735850751399994,-0.528179765994071,world,world
medium_none,world_only,90290,False,True,,1.0,2.0,short,0.1,66,world,settled,True,0.06997030973434448,0.16212087757885457,0.14205426424741746,-0.1321330876983185,body,body,0.15208757091313602,0.06590984985232354,-0.8361685823880609,world,world,0.10899871038272976,0.06655791513621807,-0.49326357785932096,world,world
medium_none,world_only,90291,False,True,,1.0,-2.0,medium,0.15000000000000002,75,world,decayed,False,nan,0.392401984333992,0.5081926584243774,0.25857383995387917,body,body,0.4502973213791847,0.19169414788484573,-0.8540069566447834,world,world,0.32099573463201525,0.09233592888340354,-1.2459945075162897,world,world
medium_none,world_only,90292,False,True,,1.0,-4.0,short,0.1,74,alarm,persistent,False,nan,0.6346947371959686,0.25355673432350156,-0.9175565524519663,world,world,0.44412573575973513,0.13306799195706845,-1.2052474956731296,world,world,0.2885968638584018,0.09408566353376954,-1.1208250980748484,world,world
medium_none,world_only,90293,False,True,,1.0,4.0,medium,0.1,69,world,decayed,False,nan,0.5086181402206421,0.4329607903957367,-0.16105034877766713,body,body,0.4707894653081894,0.05869460105895996,-2.0820632515263506,world,world,0.2647420331835747,0.08173686927184462,-1.175250715833394,world,world
medium_none,world_only,90294,False,True,,1.0,-1.0,short,-0.1,70,world,settled,True,0.06743671000003815,0.16926911920309068,0.11246601194143295,-0.4088388097626568,body,body,0.14086756557226182,0.06401434503495693,-0.7887129983297592,world,world,0.10244095530360937,0.06733287833631038,-0.41963793545314665,world,world
medium_none,world_only,90295,False,True,,1.0,1.0,medium,0.2,64,world,settled,True,0.07069438695907593,0.11964478939771653,0.11731643006205558,-0.019652450122417005,body,body,0.11848060972988605,0.103997153788805,-0.13038578486321056,body,body,0.11123888175934553,0.07471388829872012,-0.3980139809523791,world,world
medium_none,world_only,90296,False,True,,1.0,-2.0,short,0.25,84,world,decayed,False,nan,0.3727138966321945,0.15457166284322738,-0.8801532661941317,world,world,0.26364277973771094,0.10962177738547325,-0.8775590262677067,world,world,0.1866322785615921,0.10130492802709341,-0.6110051981783909,world,world
medium_none,world_only,90297,False,True,,1.0,2.0,medium,-0.05,62,world,settled,True,0.06506413221359253,0.2911915212869644,0.21183818131685256,-0.3181585119007157,body,body,0.2515148513019085,0.11677011772990227,-0.7672948423910105,world,world,0.18414248451590537,0.09547161292284727,-0.6568808738875549,world,world
medium_none,world_only,90298,False,True,,1.0,4.0,short,0.05,62,world,settled,True,0.06418476998806,0.42181833982467654,0.06603303551673889,-1.8544195920748152,world,world,0.2439256876707077,0.14032789915800095,-0.5528817992543232,world,world,0.19212679341435432,0.07272639721632004,-0.9714511199162297,world,world
medium_none,world_only,90299,False,True,,1.0,-4.0,medium,0.05,67,world,decayed,False,nan,0.7605163931846619,0.9574168443679809,0.2302412034049442,body,body,0.8589666187763214,0.17379979230463505,-1.5978260428606297,world,world,0.5163832055404782,0.0838638812303543,-1.8176541133204644,world,world
medium_none,world_only,90300,False,True,,1.0,-1.0,short,-0.15000000000000002,67,world,settled,True,0.05702860280871391,0.15342132449150087,0.07546379044651985,-0.7095349471255071,world,world,0.11444255746901036,0.05294162444770336,-0.770883134594424,world,world,0.08369209095835686,0.055518247000873086,-0.41043273879070535,world,world
medium_none,world_only,90301,False,True,,1.0,-1.0,medium,-0.25,72,world,decayed,False,nan,0.1814323902130127,0.25952418744564054,0.35796682755137743,body,body,0.22047828882932663,0.1087262749671936,-0.7069657417330386,world,world,0.16460228189826012,0.0999962966889143,-0.4983989992497946,world,world
medium_none,world_only,90302,False,True,,1.0,-2.0,short,0.2,78,world,decayed,False,nan,0.34381069540977477,0.15390555113554,-0.8037520919082729,world,world,0.24885812327265738,0.09499249681830406,-0.9630850403999303,world,world,0.17192531004548073,0.10613982826471328,-0.4823027791894177,world,world
medium_none,world_only,90303,False,True,,1.0,2.0,medium,-0.15000000000000002,59,world,settled,True,0.0737907737493515,0.29147003293037416,0.19152690172195436,-0.41990891980240536,body,body,0.24149846732616426,0.11906182244420052,-0.7072202520495213,world,world,0.18028014488518238,0.08283036407083273,-0.777717291490944,world,world
medium_none,world_only,90304,False,True,,1.0,4.0,short,0.05,80,world,settled,True,0.07066819816827774,0.42559083104133605,0.07609918490052223,-1.7214408402790458,world,world,0.2508450079709291,0.12262808531522751,-0.7156791721358012,world,world,0.18673654664307832,0.0686663193628192,-1.000439959737812,world,world
medium_none,world_only,90305,False,True,,1.0,-4.0,medium,-0.25,73,world,decayed,False,nan,0.7350189208984375,0.956449282169342,0.26333152148230693,body,body,0.8457341015338897,0.1670582380145788,-1.6218625271654308,world,world,0.5063961697742343,0.08792673088610173,-1.7508154430600682,world,world
medium_none,world_only,90306,False,True,,1.0,1.0,short,-0.15000000000000002,64,world,settled,True,0.06812277436256409,0.2204837515950203,0.05619378089904785,-1.3670179126431994,world,world,0.13833876624703406,0.07540089152753353,-0.6068864059497264,world,world,0.1068698288872838,0.06652752533555031,-0.4739957645629569,world,world
medium_none,world_only,90307,False,True,,1.0,1.0,medium,-0.05,72,world,settled,True,0.0663624182343483,0.19520570635795592,0.1410050556063652,-0.3252581618432003,body,body,0.16810538098216057,0.0811909856274724,-0.7277868239389514,world,world,0.12464818330481649,0.06178415631875396,-0.7018482741451805,world,world
medium_none,world_only,90308,False,True,,1.0,-2.0,short,-0.25,62,world,decayed,False,nan,0.3430502265691757,0.12971048206090927,-0.9725719637948764,world,world,0.2363803543150425,0.08950717151165008,-0.9711234278119077,world,world,0.16294376291334628,0.09876884166151285,-0.5006229412581088,world,world
medium_none,world_only,90309,False,True,,1.0,2.0,medium,0.25,65,world,settled,True,0.07721652090549469,0.2916899710893631,0.2350067675113678,-0.21607718372519524,body,body,0.2633483693003654,0.11297160983085633,-0.846341207060601,world,world,0.1881599895656109,0.09284519832581281,-0.7063590371093278,world,world
medium_none,world_only,90310,False,True,,1.0,4.0,short,0.15000000000000002,70,world,settled,True,0.08882427215576172,0.42103915512561796,0.06233842298388481,-1.9101478574056474,world,world,0.24168878905475139,0.12598605304956437,-0.6514796921711075,world,world,0.1838374210521579,0.16006081961095334,-0.13849792020871166,body,body
medium_none,world_only,90311,False,True,,1.0,-4.0,medium,-0.05,66,world,decayed,False,nan,0.7745910167694092,0.9627343654632569,0.2174423633442124,body,body,0.868662691116333,0.17933245077729226,-1.5777135422288076,world,world,0.5239975709468127,0.08147838469594718,-1.861149282097065,world,world
medium_none,world_only,90312,False,True,,1.0,1.0,short,0.2,69,world,settled,True,0.06285135447978973,0.1852571316063404,0.06999896764755249,-0.9732642665869157,world,world,0.12762804962694646,0.07899828255176544,-0.47969405903574136,body,world,0.10331316608935595,0.05941023249179125,-0.553298347181948,world,world
medium_none,world_only,90313,False,True,,1.0,-1.0,medium,-0.2,66,world,decayed,False,nan,0.19884302318096161,0.2669169783592224,0.29442198237337985,body,body,0.23288000077009202,0.1120696283876896,-0.7314029425803709,world,world,0.1724748145788908,0.09977308623492717,-0.5473527534275096,world,world
medium_none,world_only,90314,False,True,,1.0,2.0,short,-0.05,66,world,settled,True,0.059567440301179886,0.2727410554885864,0.11301411092281341,-0.8810101440272375,world,world,0.19287758320569992,0.06358485668897629,-1.1096803641328365,world,world,0.1282312199473381,0.06310582477599383,-0.7090219646448802,world,world
medium_none,world_only,90315,False,True,,1.0,2.0,medium,0.0,65,world,settled,True,0.07699911296367645,0.2404014825820923,0.2271391123533249,-0.056747710260578135,body,body,0.23377029746770858,0.11867612935602664,-0.6779408177164044,world,world,0.1762232134118676,0.10031770281493664,-0.5634092714530229,world,world
medium_none,world_only,90316,False,True,,1.0,4.0,short,-0.05,63,world,settled,True,0.06715265661478043,0.4133871719241142,0.06907088086009025,-1.78925137993384,world,world,0.24122902639210225,0.14459400847554207,-0.5118169255010476,body,body,0.19291151743382215,0.0716758318245411,-0.9900780076816884,world,world
medium_none,world_only,90317,False,True,,1.0,4.0,medium,0.25,84,world,decayed,False,nan,0.4767910897731781,0.40075217485427855,-0.17373520958518884,body,body,0.43877163231372834,0.05002668555825949,-2.1714225037632198,world,world,0.2443991589359939,0.06955606506671756,-1.2566696669720336,world,world
medium_none,world_only,90318,False,True,,1.0,-1.0,short,0.1,75,world,settled,True,0.06380561739206314,0.1792942017316818,0.08682302422821522,-0.7251561991485687,world,world,0.13305861297994853,0.08126841299235821,-0.4930323132602898,body,world,0.10716351298615337,0.06375018842518329,-0.519383687041297,world,world
medium_none,world_only,90319,False,True,,1.0,1.0,medium,-0.25,65,world,settled,True,0.06259462982416153,0.12936362475156785,0.07223770469427108,-0.5826651002596455,body,world,0.10080066472291946,0.11201082393527031,0.10545055881579744,body,body,0.10640574432909489,0.06391426678746939,-0.5097169596330775,world,world
medium_none,world_only,90320,False,True,,1.0,2.0,short,0.25,76,world,settled,True,0.056683383882045746,0.23871531933546067,0.1162906289100647,-0.7191792300732469,world,world,0.17750297412276267,0.10403011739253998,-0.5343069168652189,body,body,0.14076654575765132,0.05690699992701411,-0.9056844592091227,world,world
medium_none,world_only,90321,False,True,,1.0,2.0,medium,-0.15000000000000002,57,world,settled,True,0.09037432074546814,0.2620938569307327,0.251460924744606,-0.041415063511095154,body,body,0.2567773908376694,0.11288212426006794,-0.821865399916842,world,world,0.18482975754886866,0.11442741323262454,-0.47949449554243856,world,world
medium_none,world_only,90322,False,True,,1.0,4.0,short,-0.1,74,world,settled,True,0.07733847200870514,0.4297938883304596,0.06722228303551674,-1.8553009789536778,world,world,0.24850808568298816,0.14109338074922562,-0.5660534369788636,world,world,0.19480073321610689,0.08875832278281451,-0.7860599533512164,world,world
medium_none,world_only,90323,False,True,,1.0,-4.0,medium,-0.05,75,world,decayed,False,nan,0.7735655903816223,0.9611573576927185,0.2171276759711236,body,body,0.8673614740371705,0.17154143154621124,-1.6206309941738757,world,world,0.5194514527916908,0.06887804847210646,-2.0204358288693287,world,world
medium_none,world_only,90324,False,True,,1.0,1.0,short,-0.05,72,alarm,persistent,False,nan,0.16343788355588912,0.07063980773091316,-0.8388391665852283,world,world,0.11703884564340114,0.06847063899040222,-0.5361008682357997,body,world,0.09275474231690169,0.07991996612399817,-0.14893311981549992,body,world
medium_none,world_only,90325,False,True,,1.0,1.0,medium,0.05,80,world,settled,True,0.06704660505056381,0.1497438982129097,0.11551913022994995,-0.25949034373067614,body,body,0.13263151422142982,0.10981455557048321,-0.18878162864213247,body,body,0.12122303489595651,0.06389977615326643,-0.6403162541754401,world,world
medium_none,world_only,90326,False,True,,1.0,2.0,short,0.1,73,world,settled,True,0.0651358813047409,0.27587391138076783,0.11986056864261627,-0.8336147792671881,world,world,0.19786724001169204,0.06368762515485286,-1.1336060246930786,world,world,0.13077743258327246,0.061748504731804134,-0.7504271300250724,world,world
medium_none,world_only,90327,False,True,,1.0,-2.0,medium,0.25,78,world,decayed,False,nan,0.39645235538482665,0.5060952186584473,0.24416895985999088,body,body,0.45127378702163695,0.19858651384711265,-0.8208493786809716,world,world,0.3249301504343748,0.09658697005361319,-1.2131663909431325,world,world
medium_none,world_only,90328,False,True,,1.0,-4.0,short,0.15000000000000002,74,world,decayed,False,nan,0.6319820702075958,0.2517751187086105,-0.9203247207987509,world,world,0.4418785944581032,0.12714365348219872,-1.2457175941820076,world,world,0.28451112397015094,0.09151628147810698,-1.134255456769291,world,world
medium_none,world_only,90329,False,True,,1.0,4.0,medium,0.15000000000000002,75,world,decayed,False,nan,0.5027857065200806,0.42877779006958006,-0.15922523567918906,body,body,0.4657817482948303,0.05909510273486376,-2.0645691161839332,world,world,0.26243842551484703,0.07289986480027437,-1.2809297006273883,world,world
medium_none,world_only,90330,False,True,,1.0,1.0,short,0.1,82,world,settled,True,0.062300801277160645,0.1786591500043869,0.09961041286587716,-0.5842130946746515,body,body,0.13913478143513203,0.061304598674178125,-0.8195882546526838,world,world,0.10021969005465507,0.06176899429410696,-0.48396314876367486,world,world
medium_none,world_only,90331,False,True,,1.0,1.0,medium,-0.05,61,world,settled,True,0.07245083153247833,0.11841579750180245,0.1621529296040535,0.31433776144091635,body,body,0.14028436355292798,0.10590744465589523,-0.2811059817523179,body,body,0.1230959041044116,0.07583585977554322,-0.48439249483447944,world,world
medium_none,world_only,90332,False,True,,1.0,-2.0,short,-0.1,70,world,decayed,False,nan,0.3204199731349945,0.15727629661560058,-0.7116284416958425,world,world,0.23884813487529755,0.0984773464500904,-0.8860013945864292,world,world,0.168662740662694,0.10165856890380383,-0.5062812690045113,world,world
medium_none,world_only,90333,False,True,,1.0,2.0,medium,0.1,72,world,settled,True,0.0793062150478363,0.30672646760940553,0.22417932152748107,-0.3135100913133215,body,body,0.2654528945684433,0.11560094207525254,-0.8312932977081661,world,world,0.19052691832184793,0.08937815576791763,-0.7569171784289139,world,world
medium_none,world_only,90334,False,True,,1.0,4.0,short,0.05,61,world,settled,True,0.08587781339883804,0.46842496395111083,0.06164006516337395,-2.028063858915051,world,world,0.2650325145572424,0.1434937208890915,-0.6135612375301802,world,world,0.20426311772316694,0.10759522523730994,-0.6410326839115411,world,world
medium_none,world_only,90335,False,True,,1.0,-4.0,medium,0.1,77,world,decayed,False,nan,0.7815858006477356,0.9635451436042786,0.20929440699210064,body,body,0.8725654721260071,0.17215792760252951,-1.6230254516709595,world,world,0.5223616998642683,0.07955565298907459,-1.8819034452009127,world,world
medium_none,world_only,90336,False,True,,1.0,-1.0,short,-0.15000000000000002,76,world,settled,True,0.05337321758270264,0.2247769832611084,0.10673468708992004,-0.744762529794187,world,world,0.16575583517551423,0.06113201510161161,-0.9974801254267206,world,world,0.11344392513856291,0.06915750615298748,-0.4949220621252036,world,world
medium_none,world_only,90337,False,True,,1.0,1.0,medium,-0.25,60,world,settled,True,0.06613914668560028,0.15244008377194404,0.13410512059926988,-0.12814765105616757,body,body,0.14327260218560695,0.10305133908987045,-0.3295218227325435,body,body,0.1231619706377387,0.05963711636140943,-0.7252221855795514,world,world
medium_none,world_only,90338,False,True,,1.0,2.0,short,-0.1,58,world,settled,True,0.06296203285455704,0.24558435380458832,0.10351277217268944,-0.8639454805096715,world,world,0.17454856298863888,0.06981170140206813,-0.9164013632725189,world,world,0.12218013219535351,0.06245462344959378,-0.6710561809409432,world,world
medium_none,world_only,90339,False,True,,1.0,2.0,medium,-0.05,61,world,settled,True,0.06615827977657318,0.2672525137662888,0.23915169835090638,-0.11109588419402344,body,body,0.25320210605859755,0.12071249447762966,-0.7407763684574897,world,world,0.1869573002681136,0.072696253657341,-0.9445903982928361,world,world
medium_none,world_only,90340,False,True,,1.0,4.0,short,-0.2,57,world,settled,True,0.05783744901418686,0.4394189029932022,0.07041671127080917,-1.8310225680364325,world,world,0.2549178071320057,0.13988240212202072,-0.6001390834463949,world,world,0.1974001046270132,0.05887783477082849,-1.2097679568734476,world,world
medium_none,world_only,90341,False,True,,1.0,4.0,medium,0.15000000000000002,71,world,decayed,False,nan,0.48502774238586427,0.4065820395946503,-0.176420362051077,body,body,0.4458048909902573,0.051006427966058254,-2.167929728825006,world,world,0.24840565947815776,0.07398123575840146,-1.2112516433110343,world,world
medium_none,world_only,90342,False,True,,1.0,1.0,short,-0.2,69,world,settled,True,0.05650864914059639,0.15130684152245522,0.10469888895750046,-0.368221331886153,body,body,0.12800286523997784,0.05752607770264149,-0.799814278101274,world,world,0.09276447147130966,0.05681752869859338,-0.4902188339942941,world,world
medium_none,world_only,90343,False,True,,1.0,1.0,medium,-0.1,70,world,settled,True,0.058529388159513474,0.18720556050539017,0.10459462627768516,-0.5821150908639584,body,body,0.14590009339153767,0.10942409038543702,-0.28769102526854584,body,body,0.12766209188848734,0.04619815330952406,-1.01644704046537,world,world
medium_none,world_only,90344,False,True,,1.0,2.0,short,0.2,65,world,settled,True,0.06485110521316528,0.2603067487478256,0.08625065162777901,-1.104603127483672,world,world,0.1732787001878023,0.08883971348404884,-0.6680675080571694,world,world,0.1310592068359256,0.06743906028568744,-0.6644248021601648,world,world
medium_none,world_only,90345,False,True,,1.0,-2.0,medium,0.0,75,world,decayed,False,nan,0.40165057182312014,0.5230489253997803,0.2640925209952332,body,body,0.4623497486114502,0.19013995826244354,-0.8885612128830936,world,world,0.32624485343694687,0.10151817463338375,-1.167410340726705,world,world
medium_none,world_only,90346,False,True,,1.0,4.0,short,-0.2,59,world,settled,True,0.07472061365842819,0.4356056198477745,0.06960632055997848,-1.8338819165103168,world,world,0.2526059702038765,0.14074371978640557,-0.5848901982589355,world,world,0.19667484499514104,0.07626874763518572,-0.9472885761964122,world,world
medium_none,world_only,90347,False,True,,1.0,-4.0,medium,-0.2,63,world,decayed,False,nan,0.7110657930374146,0.9548408389091492,0.29477970432349676,body,body,0.8329533159732818,0.17841935269534587,-1.5408409038505357,world,world,0.5056863343343139,0.08211860067094676,-1.8177520325009076,world,world
medium_none,world_only,90348,False,True,,1.0,-1.0,short,0.25,77,world,decayed,False,nan,0.22380995452404023,0.11915372610092163,-0.6303827990326921,body,body,0.17148184031248093,0.06816214695572853,-0.9225879928201398,world,world,0.11982199363410473,0.07086105570197106,-0.5252862573474061,world,world
medium_none,world_only,90349,False,True,,1.0,1.0,medium,0.05,63,world,settled,True,0.06861577183008194,0.17657507508993148,0.13588849753141402,-0.26191146218750805,body,body,0.15623178631067275,0.12288662977516651,-0.24007849301792109,body,body,0.13955920804291963,0.06807345021516084,-0.7179016691749563,world,world
medium_none,world_only,90350,False,True,,1.0,-2.0,short,0.05,79,world,decayed,False,nan,0.3307181715965271,0.14882727712392807,-0.798480147759966,world,world,0.2397727243602276,0.08901468962430954,-0.990890084767935,world,world,0.16439370699226857,0.10170083735138177,-0.4802286666894022,world,world
medium_none,world_only,90351,False,True,,1.0,2.0,medium,0.25,75,world,settled,True,0.0634177178144455,0.24671559333801268,0.2442016363143921,-0.01024196686310433,body,body,0.2454586148262024,0.11383471004664898,-0.7683808735945379,world,world,0.17964666243642569,0.07968693394213915,-0.8128863033866052,world,world
medium_none,world_only,90352,False,True,,1.0,-4.0,short,0.2,76,world,decayed,False,nan,0.6312384366989136,0.24398319721221923,-0.9505843032834318,world,world,0.4376108169555664,0.1306548923254013,-1.2087705323144735,world,world,0.2841328546404839,0.09677569270133972,-1.0770460725154025,world,world
medium_none,world_only,90353,False,True,,1.0,-4.0,medium,-0.05,65,world,decayed,False,nan,0.7754845976829529,0.9620444178581238,0.2155725007339663,body,body,0.8687645077705384,0.18011621609330178,-1.5734698088175922,world,world,0.52444036193192,0.08293335940688848,-1.8442943301726278,world,world
medium_none,world_only,90354,False,True,,1.0,-1.0,short,-0.25,72,world,decayed,False,nan,0.1679057262837887,0.09630031511187553,-0.5559310778367578,body,body,0.1321030206978321,0.08203856348991394,-0.4763926548414303,body,world,0.10707079209387302,0.07956827450543642,-0.2968747721354347,body,world
medium_none,world_only,90355,False,True,,1.0,1.0,medium,0.0,71,world,settled,True,0.061151087284088135,0.22270962297916413,0.09418853223323823,-0.8605703481625019,world,world,0.15844907760620117,0.10627741999924183,-0.39938041967321886,body,body,0.1323632488027215,0.05760425366461277,-0.8319536146333943,world,world
medium_none,world_only,90356,False,True,,1.0,2.0,short,0.2,78,world,settled,True,0.060102201998233795,0.2502159461379051,0.1391586869955063,-0.586709414542268,body,body,0.1946873165667057,0.11205292232334614,-0.5524234863513577,world,world,0.15337011944502593,0.06916315723210573,-0.7963857705629923,world,world
medium_none,world_only,90357,False,True,,1.0,-2.0,medium,-0.1,69,world,decayed,False,nan,0.38089555501937866,0.5147704720497132,0.3011959122383872,body,body,0.4478330135345459,0.20717004910111428,-0.7708804760183641,world,world,0.3275015313178301,0.08510473677888512,-1.3476100354872151,world,world
medium_none,world_only,90358,False,True,,1.0,4.0,short,-0.15000000000000002,74,world,settled,True,0.07131955772638321,0.4392999172210693,0.06789250522851945,-1.867256713626146,world,world,0.25359621122479437,0.14745907709002495,-0.5421925886582862,world,world,0.20052764415740967,0.08581785224378109,-0.8487250603793084,world,world
medium_none,world_only,90359,False,True,,1.0,-4.0,medium,-0.2,57,world,decayed,False,nan,0.7583379626274109,0.9610427618026733,0.23688975791160313,body,body,0.8596903622150421,0.1719792600721121,-1.609198391913286,world,world,0.5158348111435771,0.07804363146424294,-1.8885185327423495,world,world
medium_none,body_world,90360,True,True,m,1.436507707360915,1.0,short,-0.15000000000000002,74,world,decayed,False,nan,0.11380316242575646,0.12380585074424744,0.08424430814424472,body,body,0.11880450658500194,0.11092227138578892,-0.0686496421946027,body,body,0.11486338898539543,0.10552613157778978,-0.08478488543283752,body,body
medium_none,body_world,90361,True,True,l,1.4256287739373548,-1.0,medium,-0.25,60,world,decayed,False,nan,0.25509425401687624,0.3112204968929291,0.19886855372707749,body,body,0.28315737545490266,0.2101377084851265,-0.29823976959699466,body,body,0.24664754197001457,0.09607710891868919,-0.9428092750063278,world,world
medium_none,body_world,90362,True,True,m,1.4329806398316671,-2.0,short,0.2,74,world,decayed,False,nan,0.08775199130177498,0.3662928581237793,1.4289186172668973,body,body,0.22702242471277714,0.27529527246952057,0.19279543983137734,body,body,0.25115884859114884,0.1566841496154666,-0.47185360877130583,world,world
medium_none,body_world,90363,True,True,l,1.210563351806276,-2.0,medium,-0.15000000000000002,77,world,decayed,False,nan,0.3953211963176727,0.4673601627349854,0.16740159713573496,body,body,0.43134067952632904,0.22718943953514098,-0.641114012759594,world,world,0.32926505953073504,0.059777095634490254,-1.7062405070295323,world,world
medium_none,body_world,90364,True,True,m,1.372696280105733,-4.0,short,-0.15000000000000002,58,world,decayed,False,nan,0.697836410999298,0.44691760540008546,-0.4456104574389398,body,body,0.5723770081996917,0.1955349612981081,-1.0740586859029857,world,world,0.3839559847488999,0.055772085953503844,-1.9292544304779613,world,world
medium_none,body_world,90365,True,True,l,1.2749895656307437,-4.0,medium,-0.2,74,world,decayed,False,nan,0.7241539359092712,0.8267583966255188,0.13250851955002121,body,body,0.775456166267395,0.15338364681228994,-1.6205091794544952,world,world,0.4644199065398425,0.05544646754860878,-2.1253711073756683,world,world
medium_none,body_world,90366,True,True,m,1.3066897985826524,-1.0,short,-0.15000000000000002,69,world,decayed,False,nan,0.20170896649360656,0.17643803358078003,-0.1338561683753979,body,body,0.1890735000371933,0.1654692232608795,-0.13335061319346253,body,body,0.1772713616490364,0.18623421527445316,0.049323428252395655,body,body
medium_none,body_world,90367,True,True,l,1.3576619828175316,1.0,medium,0.15000000000000002,62,world,decayed,False,nan,0.0775603324174881,0.0982839398086071,0.2368045181371267,body,body,0.0879221361130476,0.09692899808287621,0.09752712604976199,body,body,0.0924255670979619,0.08998788315802812,-0.026728610878437312,body,body
medium_none,body_world,90368,True,True,m,1.4143053583788585,2.0,short,0.05,60,world,decayed,False,nan,0.1712786503136158,0.07141572162508965,-0.8747737283157898,world,world,0.12134718596935272,0.08628580532968044,-0.34099063850455846,body,world,0.10381649564951659,0.1574710700660944,0.4166168835429048,body,body
medium_none,body_world,90369,True,True,l,1.3743712386074276,-2.0,medium,0.1,67,world,decayed,False,nan,0.17625460028648376,0.4073939919471741,0.8378512141091004,body,body,0.2918242961168289,0.3006565675139427,0.029816746099174597,body,body,0.29624043181538584,0.09020086172968149,-1.1891324136910923,world,world
medium_none,body_world,90370,True,True,m,1.5116611087725051,4.0,short,-0.25,61,world,decayed,False,nan,0.4576620548963547,0.0754917472600937,-1.8021076978806378,world,world,0.2665769010782242,0.05694801509380341,-1.5435239255767776,world,world,0.1617624580860138,0.11122533157467843,-0.37457079323545633,world,world
medium_none,body_world,90371,True,True,l,1.462891218935012,4.0,medium,0.2,69,world,decayed,False,nan,0.059906208887696266,0.3175485610961914,1.6678506010034917,body,body,0.18872738499194383,0.16409153901040555,-0.1398791295327528,body,body,0.1764094620011747,0.09040428749285638,-0.6685160873048072,world,world
medium_none,body_world,90372,True,True,m,1.6331779731038802,-1.0,short,-0.1,65,world,decayed,False,nan,0.25672717690467833,0.24416883885860444,-0.050154004035269324,body,body,0.2504480078816414,0.28836340457201004,0.14097016052289202,body,body,0.2694057062268257,0.1827151711564511,-0.38828994643519715,world,world
medium_none,body_world,90373,True,True,l,1.2018022497580947,-1.0,medium,0.1,66,world,decayed,False,nan,0.1683672696352005,0.26155062615871427,0.44048014176278616,body,body,0.2149589478969574,0.19756552428007126,-0.08437677205728084,body,body,0.20626223608851432,0.10943547366186976,-0.6338132560096728,world,world
medium_none,body_world,90374,True,True,m,1.3280228263513763,-2.0,short,0.1,73,world,decayed,False,nan,0.24570735543966293,0.29282321929931643,0.17542786408024594,body,body,0.2692652873694897,0.25082028806209566,-0.07096039315066441,body,body,0.26004278771579264,0.1298055117018521,-0.6948089192105812,world,world
medium_none,body_world,90375,True,True,l,1.308876304017658,2.0,medium,-0.25,65,world,decayed,False,nan,0.27445502430200575,0.23744624853134155,-0.1448461257443335,body,body,0.25595063641667365,0.05723737329244614,-1.497777535123737,world,world,0.1565940048545599,0.06876855427399278,-0.8229099191628658,world,world
medium_none,body_world,90376,True,True,m,1.5016949779873145,4.0,short,0.2,70,world,decayed,False,nan,0.09876826107501983,0.2722111284732819,1.0138016638611218,body,body,0.18548969477415084,0.08313585855066777,-0.8025232071004237,world,world,0.13431277666240932,0.11082530301064253,-0.19221611947815648,body,body
medium_none,body_world,90377,True,True,l,1.2414565409093206,-4.0,medium,0.25,66,world,decayed,False,nan,0.08176665902137756,0.578328675031662,1.9562727798850783,body,body,0.3300476670265198,0.5538140431046485,0.517591878569936,body,body,0.44193085506558416,0.06384675204753876,-1.934667720632533,world,world
medium_none,body_world,90378,True,True,m,1.4238236120964585,1.0,short,0.25,66,world,decayed,False,nan,0.04021981954574585,0.08435706794261932,0.7406987008631,body,world,0.06228844374418259,0.08383011054247617,0.2970163423849567,body,world,0.07305927714332938,0.1541025483980775,0.7463471521862036,body,body
medium_none,body_world,90379,True,True,l,1.2836548774066676,-1.0,medium,-0.25,64,world,decayed,False,nan,0.20890594720840455,0.2544987201690674,0.19741166985120034,body,body,0.23170233368873597,0.1690348729491234,-0.31534846096748664,body,body,0.20036860331892967,0.12562922853976488,-0.4668237486065684,world,world
medium_none,body_world,90380,True,True,m,1.3621236417497946,2.0,short,0.2,70,world,decayed,False,nan,0.10872254520654678,0.18013596832752227,0.5049127651068731,body,body,0.14442925676703453,0.07415759526193141,-0.6665973207437521,world,world,0.10929342601448297,0.10065189730376005,-0.08236824470262574,body,body
medium_none,body_world,90381,True,True,l,1.3983378082528164,-2.0,medium,-0.2,74,world,decayed,False,nan,0.3617634564638138,0.4541042745113373,0.22733628814831003,body,body,0.40793386548757554,0.24583712220191956,-0.5064358550983609,body,body,0.3268854938447475,0.06915935464203357,-1.5531966084486968,world,world
medium_none,body_world,90382,True,True,m,1.3509200717074077,-4.0,short,-0.2,74,world,decayed,False,nan,0.6386449813842774,0.40150448083877566,-0.4641300217244736,body,body,0.5200747311115265,0.23376333042979242,-0.7996633198062835,world,world,0.37691903077065947,0.04931026180274785,-2.0338981823439135,world,world
medium_none,body_world,90383,True,True,l,1.2311925915846564,4.0,medium,-0.2,58,world,decayed,False,nan,0.44130587577819824,0.3179068624973297,-0.32797977623692887,body,body,0.37960636913776397,0.035518810339272025,-2.3690724202830977,world,world,0.207562589738518,0.062163638137280944,-1.2056626985427366,world,world
medium_none,body_world,90384,True,True,m,1.524037917146982,-1.0,short,0.25,63,world,decayed,False,nan,0.08419041335582733,0.24100209176540374,1.0517245538427527,body,body,0.16259625256061555,0.23536910712718964,0.36988480069518426,body,body,0.19898267984390258,0.21918546417728066,0.09670045483884646,body,body
medium_none,body_world,90385,True,True,l,1.3531822605860213,1.0,medium,-0.2,58,world,decayed,False,nan,0.20656658262014388,0.1244421809911728,-0.5067815961025532,body,body,0.16550438180565835,0.10151777900755406,-0.48876372485509073,body,body,0.1335110804066062,0.1016970319673419,-0.27218635526308815,body,body
medium_none,body_world,90386,True,True,m,1.3095845696334245,2.0,short,0.1,61,world,decayed,False,nan,0.1893359661102295,0.1038292996585369,-0.6007748342536603,body,body,0.1465826328843832,0.07945457398891449,-0.6124038544494709,world,world,0.11301860343664885,0.08414649218320847,-0.29499320286242237,body,body
medium_none,body_world,90387,True,True,l,1.3723802328668413,-2.0,medium,-0.2,61,world,decayed,False,nan,0.3483982264995575,0.4443968415260315,0.24337179591225794,body,body,0.3963975340127945,0.25080190896987914,-0.4577541612274171,body,body,0.3235997214913368,0.08438265710137785,-1.3441454286205559,world,world
medium_none,body_world,90388,True,True,m,1.6369604542264304,4.0,short,0.25,64,world,decayed,False,nan,0.10397732034325599,0.3057841077446938,1.0787065209653672,body,body,0.20488071404397487,0.08646743558347225,-0.8626600512534881,world,world,0.14567407481372358,0.12980146817862986,-0.11536564668964448,body,body
medium_none,body_world,90389,True,True,l,1.4434986184388112,4.0,medium,0.1,68,world,decayed,False,nan,0.20655171126127242,0.31426369547843935,0.41968162921352536,body,body,0.26040770336985586,0.09770629014819861,-0.9802825534798164,world,world,0.17905699675902725,0.09370326660573483,-0.6475711217803355,world,world
medium_none,body_world,90390,True,True,m,1.628686273513856,1.0,short,-0.25,63,world,decayed,False,nan,0.11965998411178588,0.08593678027391434,-0.3310423423525196,body,world,0.10279838219285012,0.09739856794476509,-0.05395810775901186,body,body,0.1000984750688076,0.2023159135133028,0.7036759518953171,body,body
medium_none,body_world,90391,True,True,l,1.4997252692437577,-1.0,medium,-0.25,60,world,decayed,False,nan,0.22950799614191056,0.30097976326942444,0.271105160355086,body,body,0.2652438797056675,0.20467997640371322,-0.2592020348921135,body,body,0.23496192805469035,0.09952311804518103,-0.8590335334015766,world,world
medium_none,body_world,90392,True,True,m,1.4793682183432437,2.0,short,-0.2,56,world,decayed,False,nan,0.24882640093564987,0.1314695030450821,-0.6379805596066753,body,body,0.190147951990366,0.12166758254170418,-0.4465098711951323,body,body,0.15590776726603509,0.18938412740826607,0.19451277571077935,body,body
medium_none,body_world,90393,True,True,l,1.373838534697687,-2.0,medium,0.2,80,world,decayed,False,nan,0.1514786772429943,0.36438940167427064,0.8777782098708049,body,body,0.25793403945863247,0.34586008489131925,0.29333042312597785,body,body,0.30189706217497586,0.09003943307325243,-1.2098383859147699,world,world
medium_none,body_world,90394,True,True,m,1.374879786515465,4.0,short,-0.2,58,world,decayed,False,nan,0.4232793599367142,0.059496060758829114,-1.9621222818177848,world,world,0.24138771034777165,0.04717473424971104,-1.6325459395053843,world,world,0.14428122229874135,0.05906817228533327,-0.8930720883763673,world,world
medium_none,body_world,90395,True,True,l,1.2278138310881848,-4.0,medium,-0.2,72,world,decayed,False,nan,0.74081050157547,0.8421396374702453,0.1282009814940049,body,body,0.7914750695228576,0.1530509477481246,-1.6431275232840998,world,world,0.47226300863549114,0.050623808475211265,-2.233114063222965,world,world
medium_none,body_world,90396,True,True,m,1.5997246997728216,1.0,short,-0.15000000000000002,76,world,decayed,False,nan,0.15472294948995113,0.056156090646982196,-1.0135009486200102,world,world,0.10543952006846666,0.08640304952859879,-0.19911454838409906,body,world,0.09592128479853272,0.1749096352607012,0.600741565510125,body,body
medium_none,body_world,90397,True,True,l,1.2083810902658325,1.0,medium,0.15000000000000002,74,world,decayed,False,nan,0.06163349524140358,0.13273085355758668,0.7671179437208488,body,body,0.09718217439949513,0.10762012973427773,0.10202040584885969,body,body,0.10240115206688642,0.10178927630186081,-0.005993205473782218,body,body
medium_none,body_world,90398,True,True,m,1.605681322392905,2.0,short,-0.05,61,world,decayed,False,nan,0.24780370891094208,0.1065622739493847,-0.8439073902600487,world,world,0.1771829914301634,0.08789857178926468,-0.7009994919791225,world,world,0.13254078160971403,0.1521001849323511,0.137649031321149,body,body
medium_none,body_world,90399,True,True,l,1.216354811034764,-2.0,medium,-0.25,60,world,decayed,False,nan,0.3792572945356369,0.4777656614780426,0.23090551217461422,body,body,0.42851147800683975,0.23639619275927543,-0.5948083438364082,world,world,0.3324538353830576,0.06740797609090805,-1.5957376589590053,world,world
medium_none,body_world,90400,True,True,m,1.3999353886758357,4.0,short,-0.05,71,world,decayed,False,nan,0.34678935557603835,0.06261441111564636,-1.7117220900442942,world,world,0.20470188334584236,0.10790789686143398,-0.6402766367029619,world,world,0.15630489010363818,0.11336950790137053,-0.32115605821188814,body,body
medium_none,body_world,90401,True,True,l,1.3909618610188579,-4.0,medium,0.2,64,world,decayed,False,nan,0.1174701377749443,0.5661268711090088,1.5726340523000168,body,body,0.34179850444197657,0.49129001796245575,0.36281322623039686,body,body,0.41654426120221616,0.08668811926618218,-1.5696758836424483,world,world
medium_none,body_world,90402,True,True,m,1.4765881692612393,-1.0,short,-0.15000000000000002,72,world,decayed,False,nan,0.1957571715116501,0.18418486416339874,-0.06093502049524401,body,body,0.1899710178375244,0.2047055631875992,0.07470114674186172,body,body,0.1973382905125618,0.20800523469224572,0.052643779433224805,body,body
medium_none,body_world,90403,True,True,l,1.2287348099119875,1.0,medium,-0.1,60,world,settled,True,0.08405600488185883,0.18767603635787963,0.09900879934430122,-0.639508537081431,body,body,0.14334241785109042,0.09056513272225857,-0.4591670079319568,body,world,0.1169537752866745,0.07778842654079199,-0.40778611270919446,world,world
medium_none,body_world,90404,True,True,m,1.5959684874168683,-2.0,short,-0.2,61,world,decayed,False,nan,0.38534494042396544,0.30290518403053285,-0.24071904977127162,body,body,0.34412506222724915,0.3650537937879562,0.05903957867385311,body,body,0.3545894280076027,0.08982604313641787,-1.373085633424717,world,world
medium_none,body_world,90405,True,True,l,1.4263406910614387,-2.0,medium,-0.15000000000000002,77,world,decayed,False,nan,0.3829160213470459,0.45163103342056277,0.16504984901163117,body,body,0.4172735273838043,0.25623260587453844,-0.4876562990972055,body,body,0.33675306662917137,0.08741802857257426,-1.3486483838309538,world,world
medium_none,body_world,90406,True,True,m,1.5761825745829299,-4.0,short,0.25,68,world,decayed,False,nan,0.043170434236526486,0.5904487371444702,2.6157269509697003,body,body,0.31680958569049833,0.42510879039764404,0.2940441962300793,body,body,0.3709591880440712,0.08021684009581805,-1.5313585821967433,world,world
medium_none,body_world,90407,True,True,l,1.3075505965528191,-4.0,medium,0.25,60,world,decayed,False,nan,0.0530251145362854,0.5706493854522705,2.3760093245816774,body,body,0.311837249994278,0.5301647022366524,0.5307063001306089,body,body,0.42100097611546516,0.06706675095483661,-1.8369467459052011,world,world
medium_none,body_world,90408,True,True,m,1.5508532757037867,1.0,short,-0.25,74,world,decayed,False,nan,0.17328187823295593,0.10529259517788887,-0.49817652701882253,body,body,0.1392872367054224,0.11463519930839539,-0.19478334566770472,body,body,0.1269612180069089,0.15393618382513524,0.19265645598485007,body,body
medium_none,body_world,90409,True,True,l,1.386472676208235,1.0,medium,0.05,62,world,decayed,False,nan,0.14924595206975938,0.13711913228034972,-0.08474550344195061,body,body,0.14318254217505455,0.09935738816857338,-0.36539700361778066,body,body,0.12126996517181396,0.09526397045701743,-0.24136750275690763,body,body
medium_none,body_world,90410,True,True,m,1.305798982810204,2.0,short,0.0,73,world,decayed,False,nan,0.2352946072816849,0.09524648860096932,-0.9043702287452176,world,world,0.1652705479413271,0.09130667187273503,-0.5933599542758536,world,world,0.12828860990703106,0.09892877377569675,-0.2598823562603287,body,body
medium_none,body_world,90411,True,True,l,1.201605261104429,-2.0,medium,0.15000000000000002,64,world,decayed,False,nan,0.13584910929203034,0.4063260555267334,1.0956111504298722,body,body,0.27108758240938186,0.32750280648469926,0.18905467346753285,body,body,0.29929519444704056,0.0883272578008473,-1.220381603416314,world,world
medium_none,body_world,90412,True,True,m,1.6785527327767333,-4.0,short,-0.2,66,world,decayed,False,nan,0.6403046369552612,0.4496760964393616,-0.353416520442548,body,body,0.5449903666973114,0.3317526400089264,-0.49637848771516735,body,body,0.4383715033531189,0.06818093087058515,-1.8609018122963488,world,world
medium_none,body_world,90413,True,True,l,1.497413653722908,4.0,medium,-0.05,68,world,decayed,False,nan,0.34857378602027894,0.32342681884765623,-0.0748770608861634,body,body,0.3360003024339676,0.043928274884819984,-2.0345538724848833,world,world,0.1899642886593938,0.11002620477229356,-0.5461175374466294,world,world
medium_none,body_world,90414,True,True,m,1.6384059842206313,-1.0,short,-0.1,67,world,decayed,False,nan,0.18092941343784333,0.2457355946302414,0.3061491651273323,body,body,0.21333250403404236,0.28100164979696274,0.2755085401424534,body,body,0.24716707691550255,0.19532565134577454,-0.235396360160789,body,body
medium_none,body_world,90415,True,True,l,1.4445958942354706,1.0,medium,-0.15000000000000002,61,world,decayed,False,nan,0.16343555599451065,0.08941320702433586,-0.6031503588526186,body,world,0.12642438150942326,0.09994463175535202,-0.23502800459713988,body,body,0.11318450663238763,0.14034109320491553,0.21505655028567155,body,body
medium_none,body_world,90416,True,True,m,1.4228738912776615,-2.0,short,-0.05,70,world,decayed,False,nan,0.3349045544862747,0.2532573014497757,-0.27943960553932706,body,body,0.2940809279680252,0.2630504548549652,-0.11150913732438908,body,body,0.27856569141149523,0.143028011219576,-0.6666134136255238,world,world
medium_none,body_world,90417,True,True,l,1.412003609654068,-2.0,medium,-0.15000000000000002,63,world,decayed,False,nan,0.33117855489254,0.44159733057022094,0.28774077934606485,body,body,0.38638794273138044,0.2565849483013153,-0.4093821054968839,body,body,0.32148644551634786,0.08580346964299679,-1.3208959382472747,world,world
medium_none,body_world,90418,True,True,m,1.6633408277228265,4.0,short,0.25,65,world,decayed,False,nan,0.1227833390235901,0.2854500159621239,0.843645607524828,body,body,0.20411667749285697,0.06399525888264179,-1.1598827781815184,world,world,0.1340559681877494,0.15214529484510422,0.1265785656232259,body,body
medium_none,body_world,90419,True,True,l,1.4868039659450991,-4.0,medium,0.25,75,world,decayed,False,nan,0.06277005970478058,0.49593218564987185,2.066960991401026,body,body,0.2793511226773262,0.5233580067753791,0.6277962604788885,body,body,0.40135456472635267,0.10452112285420298,-1.3454560543885283,world,world
medium_none,body_world,90420,True,True,m,1.5449902128447706,1.0,short,-0.05,63,world,decayed,False,nan,0.15129068344831467,0.04498671889305115,-1.2128357317191494,world,world,0.09813870117068291,0.08626587502658367,-0.12894769886611232,body,world,0.09220228809863329,0.15976721029728652,0.5497328732026483,body,body
medium_none,body_world,90421,True,True,l,1.3429074718778478,1.0,medium,-0.05,68,world,decayed,False,nan,0.08997922539710998,0.10372069627046585,0.14212285886550038,body,body,0.09684996083378791,0.07974870949983597,-0.19428242573839064,body,world,0.08829933516681195,0.09696627957746387,0.09363070651603354,body,body
medium_none,body_world,90422,True,True,m,1.4859152920245902,2.0,short,-0.2,56,world,decayed,False,nan,0.291163769364357,0.07999447137117385,-1.291928365764793,world,world,0.18557912036776542,0.09165126457810402,-0.7054905439084859,world,world,0.13861519247293472,0.13540897853672504,-0.023402025068993013,body,body
medium_none,body_world,90423,True,True,l,1.4537628318674107,-2.0,medium,0.0,61,world,decayed,False,nan,0.28967957496643065,0.4221607744693756,0.3766108254313819,body,body,0.35592017471790316,0.24959486424922944,-0.3548674170295814,body,body,0.3027575194835663,0.09025053279474378,-1.2103427186565736,world,world
medium_none,body_world,90424,True,True,m,1.5039422662674549,-4.0,short,-0.2,72,world,decayed,False,nan,0.6388401091098785,0.41293634176254274,-0.4363607576691876,body,body,0.5258882254362106,0.28968563973903655,-0.5962923568591229,world,world,0.4077869325876236,0.04560032365843654,-2.190829999679866,world,world
medium_none,body_world,90425,True,True,l,1.484051795950852,4.0,medium,0.0,66,world,decayed,False,nan,0.336345499753952,0.3291617512702942,-0.021589629583883815,body,body,0.3327536255121231,0.04609031546860933,-1.9767995014889521,world,world,0.18942197049036621,0.10759615171700716,-0.565592292125279,world,world
medium_none,body_world,90426,True,True,m,1.499613542769097,-1.0,short,-0.2,68,world,decayed,False,nan,0.19189891666173936,0.19104995727539062,-0.004433807408299044,body,body,0.19147443696856498,0.21909244060516359,0.13473943268039773,body,body,0.20528343878686428,0.2029336447827518,-0.01151259980093514,body,body
medium_none,body_world,90427,True,True,l,1.2434438593395136,1.0,medium,0.05,67,world,decayed,False,nan,0.09187088310718536,0.18258706331253052,0.686842971701399,body,body,0.13722897320985794,0.10365727804601192,-0.2805608140591773,body,body,0.12044312562793494,0.10680418573319912,-0.1201805370033423,body,body
medium_none,body_world,90428,True,True,m,1.5747146197091175,2.0,short,0.25,64,world,decayed,False,nan,0.10382959917187691,0.1601725723594427,0.4335007253527844,body,body,0.1320010857656598,0.06813134551048279,-0.6613727542962882,world,world,0.1000662156380713,0.16507526114583015,0.500569374822307,body,body
medium_none,body_world,90429,True,True,l,1.4646053079069046,-2.0,medium,0.1,67,world,decayed,False,nan,0.1776060827076435,0.4091606795787811,0.8345398590479495,body,body,0.29338338114321233,0.2966827556490898,0.011183183328262526,body,body,0.29503306839615107,0.09400077038444579,-1.143784468500012,world,world
medium_none,body_world,90430,True,True,m,1.6725099978259204,-4.0,short,0.1,62,world,decayed,False,nan,0.3383037857711315,0.4680634796619415,0.3246596607247333,body,body,0.4031836327165365,0.4147397369146347,0.02825906105918631,body,body,0.4089616848155856,0.07459994959644974,-1.70148163993837,world,world
medium_none,body_world,90431,True,True,l,1.3236542402011626,-4.0,medium,0.1,67,world,decayed,False,nan,0.3215579703450203,0.709619152545929,0.7915505817153682,body,body,0.5155885614454746,0.34862526059150695,-0.39131149244890806,body,body,0.4321069110184908,0.0676730006467551,-1.8539857452256359,world,world
medium_none,body_world,90432,True,True,m,1.3642720743548598,-1.0,short,0.15000000000000002,61,world,decayed,False,nan,0.0710478737950325,0.22752618193626403,1.1639113885825387,body,body,0.14928702786564826,0.1831378608942032,0.2043683930393822,body,body,0.16621244437992572,0.20514241512864828,0.2104376903347218,body,body
medium_none,body_world,90433,True,True,l,1.3743791243103016,-1.0,medium,0.05,77,world,decayed,False,nan,0.12482188194990158,0.28587952852249143,0.8286827164329075,body,body,0.20535070523619653,0.21179467141628266,0.03089799957769763,body,body,0.2085726883262396,0.0955313271842897,-0.7808333785102972,world,world
medium_none,body_world,90434,True,True,m,1.4747028802268096,2.0,short,-0.05,62,world,decayed,False,nan,0.21763533316552638,0.07510287761688232,-1.0639620033083403,world,world,0.14636910539120435,0.1025869145989418,-0.35542116392791323,body,body,0.12447800999507308,0.14207477048039435,0.13222439794101742,body,body
medium_none,body_world,90435,True,True,l,1.3038106075252267,-2.0,medium,-0.2,60,world,decayed,False,nan,0.3937597334384918,0.4559117376804352,0.14655832338322833,body,body,0.4248357355594635,0.2189488999545574,-0.662864220597146,world,world,0.32189231775701044,0.06165629955939948,-1.652641665686631,world,world
medium_none,body_world,90436,True,True,m,1.6168586909623586,4.0,short,-0.05,79,world,decayed,False,nan,0.3569013401865959,0.08829264342784882,-1.396802594813719,world,world,0.22259699180722237,0.05095940828323364,-1.4743335250562701,world,world,0.136778200045228,0.055707354191690685,-0.898248465710781,world,world
medium_none,body_world,90437,True,True,l,1.3291113567705524,-4.0,medium,0.15000000000000002,77,world,decayed,False,nan,0.20158959738910198,0.6584002017974854,1.183579021246197,body,body,0.4299948995932937,0.4026882164180279,-0.06561074121724081,body,body,0.41634155800566075,0.07287509250454605,-1.7427590622509668,world,world
medium_none,body_world,90438,True,True,m,1.329008599029527,-1.0,short,0.05,80,world,decayed,False,nan,0.18975378200411797,0.2033277630805969,0.06909192585080448,body,body,0.19654077254235744,0.20759433954954148,0.05471598114131571,body,body,0.20206755604594945,0.15800073202699422,-0.2460024112625552,body,body
medium_none,body_world,90439,True,True,l,1.445391509411858,1.0,medium,0.0,66,world,decayed,False,nan,0.10237867832183838,0.09643922597169877,-0.05976544413958631,body,body,0.09940895214676856,0.08107346668839455,-0.20388643169293338,body,world,0.09024120941758156,0.12737157065421342,0.3446223780616573,body,body
medium_none,body_world,90440,True,True,m,1.5564106744089927,2.0,short,0.25,74,world,decayed,False,nan,0.11073191165924072,0.13560962602496146,0.2026682916612191,body,body,0.1231707688421011,0.10691454373300076,-0.14154189839057246,body,body,0.11504265628755092,0.1400004643946886,0.19634275588128744,body,body
medium_none,body_world,90441,True,True,l,1.3070596772413094,2.0,medium,0.2,71,body,settled,True,0.10470733791589737,0.07564072012901306,0.1896885022521019,0.919388500717527,body,body,0.13266461119055747,0.1339675921946764,0.009773698449404794,body,body,0.13331610169261693,0.09930960293859244,-0.2944807400770319,body,body
medium_none,body_world,90442,True,True,m,1.6269524228642334,4.0,short,0.25,74,world,decayed,False,nan,0.1141906164586544,0.2940251022577286,0.9457960192893863,body,body,0.20410785935819148,0.09195257425308227,-0.7973756295783342,world,world,0.14803021680563688,0.16991100497543812,0.13785837930133815,body,body
medium_none,body_world,90443,True,True,l,1.378277312801848,-4.0,medium,-0.1,72,world,decayed,False,nan,0.6736825585365296,0.7629742503166199,0.12446526420229671,body,body,0.7183284044265748,0.1663023319095373,-1.4631194438521946,world,world,0.442315368168056,0.0737575154285878,-1.7912402361538593,world,world
medium_none,body_world,90444,True,True,m,1.453510197141481,1.0,short,0.0,71,world,decayed,False,nan,0.13226049542427062,0.04528987556695938,-1.071689917983907,world,world,0.088775185495615,0.10369523912668228,0.15534903579084658,body,body,0.09623521231114865,0.17686168514192105,0.6085726641757931,body,body
medium_none,body_world,90445,True,True,l,1.3665797638238526,-1.0,medium,0.0,62,world,decayed,False,nan,0.2027291014790535,0.2836107760667801,0.3357321789868858,body,body,0.2431699387729168,0.19647065699100494,-0.21324744356409264,body,body,0.21982029788196086,0.10275733890011907,-0.7604401091130917,world,world
medium_none,body_world,90446,True,True,m,1.33490869903924,-2.0,short,-0.25,64,world,decayed,False,nan,0.3357191890478134,0.22495512664318085,-0.40037411847779697,body,body,0.2803371578454971,0.25370377749204637,-0.09982565784598267,body,body,0.26702046766877174,0.11311946790665388,-0.8588808150559477,world,world
medium_none,body_world,90447,True,True,l,1.360545744961593,2.0,medium,0.25,71,body,settled,True,0.10306848585605621,0.07470263242721557,0.21575944125652313,1.0606487576680168,body,body,0.14523103684186936,0.15905412770807742,0.09091873822208012,body,body,0.1521425822749734,0.07133868150413036,-0.75737942454294,world,world
medium_none,body_world,90448,True,True,m,1.3926898559008811,4.0,short,0.0,79,world,decayed,False,nan,0.3823027104139328,0.10398434549570083,-1.301972366702108,world,world,0.2431435279548168,0.06912144981324672,-1.2577868194120931,world,world,0.15613248888403178,0.09458886459469795,-0.5011651758129766,world,world
medium_none,body_world,90449,True,True,l,1.4996288562259714,4.0,medium,-0.15000000000000002,69,world,decayed,False,nan,0.46648144721984863,0.2375567615032196,-0.6748116586126701,body,body,0.3520191043615341,0.031446360237896445,-2.415402203135075,world,world,0.19173273229971527,0.12051235702820122,-0.46435008737167954,world,world
medium_none,body_world,90450,True,True,m,1.6497126455801099,-1.0,short,-0.15000000000000002,68,world,decayed,False,nan,0.24256232976913453,0.21176656186580659,-0.13577416261091788,body,body,0.22716444581747056,0.2655431255698204,0.15610307289421532,body,body,0.24635378569364547,0.21483889119699598,-0.13688025204677423,body,body
medium_none,body_world,90451,True,True,l,1.4011624978174013,-1.0,medium,-0.1,69,world,decayed,False,nan,0.2604900062084198,0.3102268874645233,0.17473942824719105,body,body,0.28535844683647155,0.20560021102428436,-0.32781253825118645,body,body,0.24547932893037797,0.09826721688732505,-0.9155222729214785,world,world
medium_none,body_world,90452,True,True,m,1.3459971515369575,2.0,short,0.0,75,world,decayed,False,nan,0.20859254002571107,0.11322951391339302,-0.6109659244229624,body,body,0.16091102696955203,0.11285298615694046,-0.3547656205046093,body,body,0.13688200656324626,0.0743297447450459,-0.6106080841096344,world,world
medium_none,body_world,90453,True,True,l,1.3128410648573021,-2.0,medium,-0.2,60,world,decayed,False,nan,0.42082478404045104,0.46895206570625303,0.10828400078215608,body,body,0.44488842487335206,0.2498968169093132,-0.5767754198043278,world,world,0.3473926208913326,0.07453573429957032,-1.5391769472082186,world,world
medium_none,body_world,90454,True,True,m,1.4532800695650452,4.0,short,0.25,80,world,decayed,False,nan,0.12333338409662246,0.33668528497219086,1.0042574929713866,body,body,0.23000933453440667,0.08374086022377014,-1.0103928599384449,world,world,0.1568750973790884,0.10089335665106773,-0.4413858463581273,world,world
medium_none,body_world,90455,True,True,l,1.4639866887179158,4.0,medium,0.1,63,world,decayed,False,nan,0.23270875811576844,0.31035072207450864,0.28791531296344,body,body,0.2715297400951385,0.10250624641776085,-0.9741479359374523,world,world,0.1870179932564497,0.10119359698146582,-0.6141693489308622,world,world
medium_none,body_world,90456,True,True,m,1.437503394575647,1.0,short,-0.05,71,world,decayed,False,nan,0.12698291316628457,0.052960391342639926,-0.8745082344074935,world,world,0.08997165225446224,0.08029652349650859,-0.11376831969067344,body,world,0.08513408787548542,0.15061232969164848,0.5704816645223605,body,body
medium_none,body_world,90457,True,True,l,1.433005966120608,-1.0,medium,0.1,79,world,decayed,False,nan,0.13548379093408586,0.26413144171237946,0.6675948554551979,body,body,0.19980761632323266,0.22278121560811998,0.10883520871896618,body,body,0.2112944159656763,0.11357337310910225,-0.6208034100613491,world,world
medium_none,body_world,90458,True,True,m,1.5714723561915191,-2.0,short,0.1,75,world,decayed,False,nan,0.21984317526221275,0.30527316927909853,0.32829256030047416,body,body,0.26255817227065564,0.29918285012245177,0.13058225921784117,body,body,0.2808705111965537,0.1604117023292929,-0.5601500989427542,world,world
medium_none,body_world,90459,True,True,l,1.423809978213943,-2.0,medium,-0.15000000000000002,75,world,decayed,False,nan,0.3627104848623276,0.44436448216438296,0.20304017776895827,body,body,0.4035374835133553,0.252655927836895,-0.46824078523308943,body,body,0.3280967056751251,0.07824909500777721,-1.4334111353468473,world,world
medium_none,body_world,90460,True,True,m,1.501503010941712,-4.0,short,0.1,65,world,decayed,False,nan,0.3600329399108887,0.45783320665359495,0.2403094131563989,body,body,0.4089330732822418,0.36142250448465346,-0.12350386113186386,body,body,0.38517778888344767,0.05679366895928979,-1.9142801594731498,world,world
medium_none,body_world,90461,True,True,l,1.4979893620177673,-4.0,medium,-0.05,68,world,decayed,False,nan,0.5488040983676911,0.686475932598114,0.22382962221487668,body,body,0.6176400154829025,0.22702266313135624,-1.000855938439476,world,world,0.4223313393071294,0.08137526470236481,-1.6467188167964444,world,world
medium_none,body_world,90462,True,True,m,1.32405485767968,-1.0,short,0.15000000000000002,61,world,decayed,False,nan,0.09573272988200188,0.16978529393672942,0.5729744169549656,body,body,0.13275901190936565,0.16010586470365523,0.1872997066941264,body,body,0.14643243830651045,0.2188355963677168,0.40175659626633026,body,body
medium_none,body_world,90463,True,True,l,1.2959566174498844,1.0,medium,-0.05,60,body,settled,True,0.09804155677556992,0.11025427281856537,0.0814534604549408,-0.3027574495197233,body,world,0.09585386663675308,0.09442592635750771,-0.01500913011473675,body,body,0.0951398964971304,0.1002832418307662,0.052650197454536175,body,body
medium_none,body_world,90464,True,True,m,1.5484915809048363,-2.0,short,0.25,68,world,decayed,False,nan,0.10560928806662559,0.3489314138889313,1.1951290585005563,body,body,0.22727035097777842,0.30170329213142394,0.28330377573709803,body,body,0.2644868215546012,0.16454509324394168,-0.4746067703628926,world,world
medium_none,body_world,90465,True,True,l,1.428408630737959,-2.0,medium,-0.25,69,world,decayed,False,nan,0.42515978813171384,0.47399658560752866,0.1087350479702407,body,body,0.44957818686962125,0.2458208605647087,-0.6037067190806575,world,world,0.347699523717165,0.06935128765180706,-1.612153955176966,world,world
medium_none,body_world,90466,True,True,m,1.3278826334953207,4.0,short,0.1,72,world,decayed,False,nan,0.2768792934715748,0.1506609082221985,-0.6085499769046895,body,body,0.21377010084688663,0.10376682505011559,-0.7227548273246855,world,world,0.1587684629485011,0.1080048181116581,-0.3852710947739356,world,world
medium_none,body_world,90467,True,True,l,1.224242705022093,-4.0,medium,0.2,67,world,decayed,False,nan,0.17928458973765374,0.6462340235710144,1.282187273658793,body,body,0.4127593066543341,0.5019977957010269,0.19573109818138293,body,body,0.4573785511776805,0.07062917435541749,-1.868068093930283,world,world
medium_none,body_world,90468,True,True,m,1.377155487281401,1.0,short,0.25,65,world,decayed,False,nan,0.07913716584444046,0.07665991634130478,-0.03180365473680712,body,world,0.07789854109287261,0.0791990764439106,0.016557412937042208,body,world,0.07854880876839161,0.14622280541807414,0.6214113236414756,body,body
medium_none,body_world,90469,True,True,l,1.2775926055522053,-1.0,medium,-0.2,67,world,decayed,False,nan,0.23670686781406403,0.31201189160346987,0.2762187702517609,body,body,0.27435937970876695,0.19262307733297349,-0.3537035395711928,body,body,0.2334912285208702,0.10032928520813585,-0.8446868826782009,world,world
medium_none,body_world,90470,True,True,m,1.5219750255884492,2.0,short,-0.05,70,world,decayed,False,nan,0.16298445537686349,0.06892031729221344,-0.8607038150483247,world,world,0.11595238633453846,0.08545932732522488,-0.3051390852490029,body,world,0.10070585682988167,0.12279011756181717,0.19827257738987333,body,body
medium_none,body_world,90471,True,True,l,1.2543795609592172,2.0,medium,0.0,63,world,settled,True,0.08961497247219086,0.18066951483488083,0.23201380372047425,0.25012739127548755,body,body,0.20634165927767753,0.0688336107879877,-1.0978411805704922,world,world,0.1375876350328326,0.1006544703617692,-0.3125674937612507,body,body
medium_none,body_world,90472,True,True,m,1.523888147333015,4.0,short,0.25,77,world,decayed,False,nan,0.07649576477706432,0.3390263721346855,1.4888425213536678,body,body,0.20776106845587491,0.0779616542160511,-0.9801716168885307,world,world,0.142861361335963,0.11679746955633163,-0.20143325344057417,body,body
medium_none,body_world,90473,True,True,l,1.4189126139922845,-4.0,medium,-0.25,63,world,decayed,False,nan,0.7448152303695679,0.7834633588790894,0.050588120061168564,body,body,0.7641392946243286,0.17264679558575152,-1.4875022318658924,world,world,0.4683930451050401,0.08472624593414366,-1.7098823604066642,world,world
medium_none,body_world,90474,True,True,m,1.3393605416224226,1.0,short,0.0,80,world,decayed,False,nan,0.07965522855520249,0.04057006388902664,-0.6746772263325933,body,world,0.06011264622211456,0.08020653687417507,0.2883847796350552,body,world,0.07015959154814481,0.12432630620896816,0.5721370846246833,body,body
medium_none,body_world,90475,True,True,l,1.4134205728523153,1.0,medium,0.1,66,world,decayed,False,nan,0.047070945426821706,0.1093015119433403,0.8424542872932679,body,body,0.078186228685081,0.0847600556910038,0.08073086217151118,body,world,0.0814731421880424,0.10078071225434541,0.21267356841471813,body,body
medium_none,body_world,90476,True,True,m,1.3814810158500825,-2.0,short,0.0,70,world,decayed,False,nan,0.31619625091552733,0.23742806017398835,-0.2864983949586665,body,body,0.27681215554475785,0.26066974699497225,-0.06008486839596787,body,body,0.268740951269865,0.1170382985379547,-0.8312466900158895,world,world
medium_none,body_world,90477,True,True,l,1.4674729887667173,2.0,medium,0.1,78,world,decayed,False,nan,0.1182601012289524,0.22035751342773438,0.6223648420258685,body,body,0.16930880732834339,0.10991403423249721,-0.4320257565287577,body,body,0.1396114207804203,0.1128527594730258,-0.21277904219092422,body,body
medium_none,body_world,90478,True,True,m,1.5027032697774165,4.0,short,0.0,80,world,decayed,False,nan,0.3505501955747604,0.09190820455551148,-1.33871360519303,world,world,0.22122920006513597,0.11006475538015366,-0.6981303906043548,world,world,0.1656469777226448,0.1348707854747772,-0.20554170816935768,body,body
medium_none,body_world,90479,True,True,l,1.3850046666885212,-4.0,medium,0.0,66,world,decayed,False,nan,0.5168597280979157,0.7202059745788574,0.331765728166952,body,body,0.6185328513383865,0.21575689055025576,-1.0531980378405184,world,world,0.4171448709443212,0.05883291168138385,-1.958732153010711,world,world
medium_none,calib,90480,False,False,,1.0,0.0,,0.0,64,world,settled,True,0.061069339513778687,0.04186780005693436,0.03578320555388927,-0.15703837169350465,body,world,0.03882550280541182,0.073656140640378,0.6403301958967741,body,world,0.05624082172289491,0.061359596252441403,0.08710871865738179,body,world
medium_none,calib,90481,False,False,,1.0,0.0,,0.0,76,world,settled,True,0.061323899775743484,0.08492878153920173,0.06995243057608605,-0.19399759319834106,body,world,0.07744060605764388,0.061390699446201326,-0.23225292023322885,body,world,0.0694156527519226,0.055662773363292214,-0.2208008043361882,body,world
medium_none,calib,90482,False,False,,1.0,0.0,,0.0,79,world,settled,True,0.07567986100912094,0.06508872210979462,0.053236123919487,-0.20101410776584555,body,world,0.05916242301464081,0.05574475880712271,-0.05950320048639126,body,world,0.05745359091088176,0.08039897624403239,0.3360239355030787,body,world
medium_none,calib,90483,False,False,,1.0,0.0,,0.0,70,world,settled,True,0.06660047918558121,0.07404288947582245,0.08096194565296173,0.08933472470579708,body,world,0.07750241756439209,0.06806125566363334,-0.12990101198663004,body,world,0.07278183661401272,0.07172909108921885,-0.014570028232886547,body,world
medium_none,calib,90484,False,False,,1.0,0.0,,0.0,69,world,settled,True,0.07005481421947479,0.05839394703507424,0.05134581327438355,-0.12862883787038487,body,world,0.05486988015472889,0.05905140656977892,0.07344379543800958,body,world,0.056960643362253906,0.06480132201686502,0.1289654426216291,body,world
medium_none,calib,90485,False,False,,1.0,0.0,,0.0,78,world,settled,True,0.06874741613864899,0.06455672606825828,0.08852172344923019,0.31570367337839067,body,world,0.07653922475874424,0.07123881950974464,-0.07176546369544376,body,world,0.07388902213424445,0.06196906678378582,-0.17592892893909762,body,world
medium_none,calib,90486,False,False,,1.0,0.0,,0.0,79,world,settled,True,0.06461568176746368,0.08080726228654385,0.07729049921035766,-0.04449580124856705,body,world,0.07904888074845076,0.06100991405546665,-0.2590300283084416,body,world,0.07002939740195871,0.062194024212658405,-0.11865619539646996,body,world
medium_none,calib,90487,False,False,,1.0,0.0,,0.0,74,world,settled,True,0.05930508300662041,0.08999829292297364,0.09304974228143692,0.033343510778289454,body,world,0.09152401760220527,0.0861633900552988,-0.06035604717365323,body,world,0.08884370382875204,0.06607433315366507,-0.2960983209851334,body,world
medium_none,calib,90488,False,False,,1.0,0.0,,0.0,62,world,settled,True,0.06814344227313995,0.06083499118685722,0.048887640610337256,-0.21864052009004967,body,world,0.05486131589859724,0.07519652843475341,0.31529659375137803,body,world,0.06502892216667533,0.07082402389496564,0.08536613635155947,body,world
medium_none,calib,90489,False,False,,1.0,0.0,,0.0,65,world,settled,True,0.07193274796009064,0.05366891659796238,0.08534898348152638,0.46391453954664047,body,world,0.06950895003974437,0.06533899996429682,-0.06186642088128919,body,world,0.0674239750020206,0.07055086363106966,0.045333252764316635,body,world
medium_none,calib,90490,False,False,,1.0,0.0,,0.0,70,world,settled,True,0.06871803849935532,0.049028220027685164,0.09839188233017922,0.696562252745337,body,body,0.07371005117893219,0.06246081367135048,-0.16559979068014502,body,world,0.06808543242514134,0.07075902614742517,0.03851683063088177,body,world
medium_none,calib,90491,False,False,,1.0,0.0,,0.0,63,world,settled,True,0.07557718455791473,0.07060392946004868,0.06981517523527145,-0.011234404639101319,body,world,0.07020955234766006,0.0735445087775588,0.04640640943667159,body,world,0.07187703056260944,0.08322734953835606,0.1466192641990543,body,body
medium_none,calib,90492,False,False,,1.0,0.0,,0.0,66,world,settled,True,0.06775689870119095,0.09739151298999786,0.0556799903512001,-0.5591182284897338,body,world,0.07653575167059898,0.0485897870734334,-0.45434460746004823,body,world,0.06256276937201619,0.06528656752780079,0.04261594839432833,body,world
medium_none,calib,90493,False,False,,1.0,0.0,,0.0,80,world,settled,True,0.06125254184007645,0.09582877606153488,0.07306113317608834,-0.27126648483920673,body,world,0.0844449546188116,0.0608713760972023,-0.3273368480644695,body,world,0.07265816535800695,0.057042605988681314,-0.24196731468990376,body,world
medium_none,calib,90494,False,False,,1.0,0.0,,0.0,79,world,settled,True,0.06262686848640442,0.06963826045393944,0.05443393997848034,-0.246326279483413,body,world,0.06203610021620989,0.08145830929279327,0.2723748697962635,body,world,0.07174720475450158,0.060467728320509194,-0.17103908922559202,body,world
medium_none,calib,90495,False,False,,1.0,0.0,,0.0,75,world,settled,True,0.07488825172185898,0.09955872297286987,0.07702253460884094,-0.25664961441273176,body,world,0.0882906287908554,0.05351550113409757,-0.5006626200094778,body,world,0.07090306496247649,0.07252137316390872,0.022567658700047663,body,world
medium_none,calib,90496,False,False,,1.0,0.0,,0.0,76,world,settled,True,0.06964172422885895,0.0359798826277256,0.05397871993482113,0.40562992725131203,body,world,0.044979301281273365,0.07533779852092266,0.5157795688255573,body,world,0.060158549901098014,0.0656048810109496,0.08666652352332159,body,world
medium_none,calib,90497,False,False,,1.0,0.0,,0.0,68,world,settled,True,0.06001743674278259,0.0993987038731575,0.05128861926496029,-0.661670193193882,body,world,0.07534366156905889,0.05084567107260227,-0.3932648141258948,body,world,0.06309466632083058,0.05787141751497984,-0.0864126284695166,body,world
medium_none,calib,90498,False,False,,1.0,0.0,,0.0,70,world,settled,True,0.07947313785552979,0.05309958085417747,0.06719441562891007,0.2354211086173535,body,world,0.06014699824154377,0.06954584922641516,0.14519469953395303,body,world,0.06484642373397946,0.07660999409854412,0.1667057769934068,body,world
medium_none,calib,90499,False,False,,1.0,0.0,,0.0,79,world,settled,True,0.06619863212108612,0.05142563134431839,0.06702645123004913,0.264950623502724,body,world,0.05922604128718376,0.04895052891224623,-0.19055115770475858,body,world,0.05408828509971499,0.06524235876277089,0.18749131145225914,body,world
medium_none,calib,90500,False,False,,1.0,0.0,,0.0,72,world,settled,True,0.06753311306238174,0.07351101487874985,0.06854607164859772,-0.0699291592864137,body,world,0.07102854326367378,0.05603442694991827,-0.23711554524585543,body,world,0.06353148510679603,0.07137676170095801,0.11643673852691037,body,world
medium_none,calib,90501,False,False,,1.0,0.0,,0.0,76,world,settled,True,0.06853657960891724,0.07595067992806434,0.057994339242577554,-0.2697387747958912,body,world,0.06697250958532094,0.05133348572999239,-0.2659389479890614,body,world,0.05915299765765667,0.07073136419057846,0.17876183010730884,body,world
medium_none,calib,90502,False,False,,1.0,0.0,,0.0,76,world,settled,True,0.061896614730358124,0.07435852140188218,0.060722729191184044,-0.20258019910326755,body,world,0.06754062529653311,0.06525894664227963,-0.0343661229853104,body,world,0.06639978596940636,0.0650303477421403,-0.0208397838470706,body,world
medium_none,calib,90503,False,False,,1.0,0.0,,0.0,63,world,settled,True,0.0673474669456482,0.08825383931398392,0.044792336598038676,-0.6781801331320706,body,world,0.06652308795601129,0.05357375554740429,-0.2164897618580582,body,world,0.06004842175170779,0.072872394323349,0.19355862266140456,body,world
medium_none,calib,90504,False,False,,1.0,0.0,,0.0,72,world,settled,True,0.06207544729113579,0.049914567917585376,0.05900109708309174,0.1672431359747045,body,world,0.05445783250033855,0.06840887628495693,0.2280758998502909,body,world,0.06143335439264774,0.06363264787942172,0.0351737512669302,body,world
medium_none,calib,90505,False,False,,1.0,0.0,,0.0,75,world,settled,True,0.07344934344291687,0.09449141100049019,0.05643424168229103,-0.5154328451789174,body,world,0.07546282634139061,0.05930533483624458,-0.24094090319475514,body,world,0.06738408058881759,0.07440103450790048,0.09906104944241689,body,world
medium_none,calib,90506,False,False,,1.0,0.0,,0.0,78,world,settled,True,0.07985459268093109,0.05007219985127449,0.07167303264141082,0.3586486021767045,body,world,0.06087261624634266,0.06685240752995014,0.09370389434537363,body,world,0.0638625118881464,0.07483457960188389,0.15854755148912594,body,world
medium_none,calib,90507,False,False,,1.0,0.0,,0.0,72,world,settled,True,0.0769539326429367,0.04297435544431209,0.05857546441257,0.30971236010479775,body,world,0.050774909928441046,0.06780080255120993,0.289171698385096,body,world,0.059287856239825486,0.07021822612732649,0.16920340890756227,body,world
medium_none,calib,90508,False,False,,1.0,0.0,,0.0,68,world,settled,True,0.07362460345029831,0.08820422068238258,0.058228039741516115,-0.415287794191811,body,world,0.07321613021194935,0.06429824940860271,-0.12988334927742506,body,world,0.06875718981027604,0.07328606676310301,0.06378919559964187,body,world
medium_none,calib,90509,False,False,,1.0,0.0,,0.0,69,world,settled,True,0.0725490003824234,0.04639901146292687,0.05121449902653694,0.09874452174149785,body,world,0.0488067552447319,0.05967167466878891,0.20098871622183678,body,world,0.05423921495676041,0.08043551184237004,0.3940515982341644,body,world
medium_none,calib,90510,False,False,,1.0,0.0,,0.0,60,world,settled,True,0.06379587948322296,0.07435132637619972,0.0644860491156578,-0.1423526047465581,body,world,0.06941868774592877,0.08066187296062707,0.15010990247239397,body,world,0.07504028035327792,0.06711415592581034,-0.11163005141726376,body,world
medium_none,calib,90511,False,False,,1.0,0.0,,0.0,67,world,settled,True,0.07435689866542816,0.06597875729203224,0.08961872309446335,0.3062314302519855,body,world,0.0777987401932478,0.057536973245441915,-0.3016974840411394,body,world,0.06766785671934486,0.08220538403838873,0.19460952196320266,body,body
medium_none,calib,90512,False,False,,1.0,0.0,,0.0,65,world,settled,True,0.05727352946996689,0.061336420476436615,0.06050059422850609,-0.013720614581775864,body,world,0.060918507352471354,0.08184412084519863,0.29527944687245894,body,world,0.071381314098835,0.06010725935921073,-0.17190550554126569,body,world
medium_none,calib,90513,False,False,,1.0,0.0,,0.0,79,world,settled,True,0.07723818719387054,0.0642619140446186,0.06528700292110443,0.015825840855855276,body,world,0.06477445848286152,0.04420320652425289,-0.38211403419205714,body,world,0.054488832503557204,0.07191952718421817,0.27755204347020407,body,world
medium_none,calib,90514,False,False,,1.0,0.0,,0.0,62,world,settled,True,0.07106222212314606,0.07380655631422997,0.09142994955182075,0.2141255338011569,body,world,0.08261825293302535,0.09249439556151628,0.11291741822547488,body,world,0.08755632424727082,0.062100651953369376,-0.34352580462874954,body,world
medium_none,calib,90515,False,False,,1.0,0.0,,0.0,75,world,settled,True,0.06916142255067825,0.05624544396996498,0.06859785243868828,0.1985361869686727,body,world,0.06242164820432663,0.06536341663450003,0.04605058171342416,body,world,0.06389253241941333,0.06968779712915421,0.0868227343736348,body,world
medium_none,calib,90516,False,False,,1.0,0.0,,0.0,71,world,settled,True,0.05925234034657478,0.08155393004417419,0.04634264931082725,-0.5652018312268697,body,world,0.06394828967750073,0.05685695465654135,-0.11753623682105568,body,world,0.06040262216702104,0.05861288523301482,-0.030077960425366333,body,world
medium_none,calib,90517,False,False,,1.0,0.0,,0.0,77,world,settled,True,0.06590436398983002,0.05158693417906761,0.06514037400484085,0.2332761145462252,body,world,0.05836365409195423,0.08026444055140018,0.3186333557400085,body,world,0.0693140473216772,0.0538749179802835,-0.2519825626938521,body,world
medium_none,calib,90518,False,False,,1.0,0.0,,0.0,72,world,settled,True,0.061970096081495285,0.0588323749601841,0.05226737894117832,-0.11831985108750817,body,world,0.05554987695068121,0.07569377608597279,0.30941463793841517,body,world,0.065621826518327,0.06873227581381798,0.04631053503790512,body,world
medium_none,calib,90519,False,False,,1.0,0.0,,0.0,76,world,settled,True,0.0646686777472496,0.04619256593286991,0.06815234795212746,0.3889267356619331,body,world,0.05717245694249869,0.07300624568015338,0.24447273431842861,body,world,0.06508935131132602,0.05629431642591953,-0.14516738304055068,body,world
medium_none,calib,90520,False,False,,1.0,0.0,,0.0,76,world,settled,True,0.06987349689006805,0.08083376102149487,0.05365333557128906,-0.409851072728331,body,world,0.06724354829639197,0.06651038713753224,-0.010962944745538649,body,world,0.0668769677169621,0.0690587017685175,0.03210226459439976,body,world
medium_none,calib,90521,False,False,,1.0,0.0,,0.0,64,world,settled,True,0.074398472905159,0.05408045053482056,0.05418332517147064,0.0019004448522428575,body,world,0.0541318878531456,0.08768246620893479,0.48229851370432164,body,world,0.07090717703104019,0.07832792066037655,0.09953246920291636,body,world
medium_none,calib,90522,False,False,,1.0,0.0,,0.0,80,world,settled,True,0.059936296194791794,0.0505473256111145,0.05284084603190422,0.044374452474607654,body,world,0.05169408582150936,0.07065198011696339,0.31242275506824924,body,world,0.061173032969236374,0.0673707046546042,0.09650381973814538,body,world
medium_none,calib,90523,False,False,,1.0,0.0,,0.0,64,world,settled,True,0.06204218789935112,0.04933543428778649,0.08128500580787659,0.49931899803316443,body,world,0.06531022004783153,0.09129220396280288,0.33491686152833966,body,world,0.07830121200531721,0.053711768984794614,-0.37693094264165555,world,world
medium_none,calib,90524,False,False,,1.0,0.0,,0.0,60,world,settled,True,0.05430176854133606,0.05394833721220493,0.052834440022706985,-0.020863619092850692,body,world,0.05339138861745596,0.06539504267275334,0.20279698436270846,body,world,0.05939321564510465,0.05799037516117096,-0.02390295383783297,body,world
medium_none,calib,90525,False,False,,1.0,0.0,,0.0,74,world,settled,True,0.06468255072832108,0.05713572576642036,0.09017236083745957,0.45629336806440296,body,world,0.07365404330193996,0.058345337957143785,-0.23299958264013174,body,world,0.06599969062954188,0.05458485055714846,-0.18989367265647691,body,world
medium_none,calib,90526,False,False,,1.0,0.0,,0.0,64,world,settled,True,0.06088179349899292,0.07423103675246238,0.04801913425326347,-0.4355827860378643,body,world,0.06112508550286293,0.05493910424411297,-0.10669697033682482,body,world,0.05803209487348795,0.05846386142075062,0.0074125924710442175,body,world
medium_none,calib,90527,False,False,,1.0,0.0,,0.0,77,world,settled,True,0.06168912723660469,0.08142821565270424,0.052985621988773345,-0.42970124906894297,body,world,0.06720691882073879,0.05207743179053068,-0.2550445169646028,body,world,0.05964217530563474,0.05987324304878712,0.0038667484788038674,body,world
medium_none,calib,90528,False,False,,1.0,0.0,,0.0,69,world,settled,True,0.06030820682644844,0.10290737450122833,0.07091620862483979,-0.37233028706033344,body,world,0.08691179156303405,0.10935550164431333,0.2297103438648216,body,body,0.0981336466036737,0.06304222680628299,-0.4425255218449026,world,world
medium_none,calib,90529,False,False,,1.0,0.0,,0.0,61,world,settled,True,0.06849364191293716,0.0853124052286148,0.0693024031817913,-0.20784029096276438,body,world,0.07730740420520306,0.06300323531031608,-0.2046036571208736,body,world,0.07015531975775957,0.06283202562481165,-0.11024673204496636,body,world
