config,cell,seed,has_body,has_push,param,factor,torque,duration_name,offset_s,onset,old_verdict,old_path,old_settled,old_settled_score,early_10,late_10,logr_10,shape_10,shape_elev_10,early_20,late_20,logr_20,shape_20,shape_elev_20,early_40,late_40,logr_40,shape_40,shape_elev_40
soft_medium,neither,90000,False,False,,1.0,0.0,,0.0,79,alarm,persistent,False,nan,0.16290770210325717,0.17202970385551453,0.05448336307310108,body,world,0.16746870297938585,0.1354763565585017,-0.21199935117123317,body,world,0.1514725297689438,0.1197382831480354,-0.23509589962284524,body,world
soft_medium,neither,90001,False,False,,1.0,0.0,,0.0,75,alarm,persistent,False,nan,0.1334155797958374,0.08715132176876068,-0.42582297828974525,body,world,0.11028345078229904,0.06668474795296789,-0.5030776163630035,body,world,0.08848409936763346,0.11623558704741299,0.27279618668387656,body,world
soft_medium,neither,90002,False,False,,1.0,0.0,,0.0,65,alarm,persistent,False,nan,0.15102771073579788,0.23174614533782006,0.4281792366763714,body,world,0.19138692803680896,0.08942399965599179,-0.7609080814377323,body,world,0.14040546384640037,0.19114160118624568,0.3084801137173786,body,body
soft_medium,neither,90003,False,False,,1.0,0.0,,0.0,61,alarm,persistent,False,nan,0.12027945891022682,0.1423828449100256,0.16870166105772014,body,world,0.1313311519101262,0.18642051070928572,0.3502829215214916,body,world,0.15887583130970598,0.11714219497516751,-0.3047344234364415,body,world
soft_medium,neither,90004,False,False,,1.0,0.0,,0.0,76,alarm,persistent,False,nan,0.10719531700015068,0.10385175831615925,-0.0316880814973221,body,world,0.10552353765815496,0.1543934159912169,0.38056996034129126,body,world,0.12995847682468592,0.16509918123483658,0.2393314013134817,body,world
soft_medium,neither,90005,False,False,,1.0,0.0,,0.0,79,alarm,persistent,False,nan,0.1929593563079834,0.04417138919234276,-1.4744023014983534,world,world,0.11856537275016307,0.13629117161035537,0.1393290876141741,body,world,0.12742827218025923,0.1411389433313161,0.10219118371334708,body,world
soft_medium,neither,90006,False,False,,1.0,0.0,,0.0,74,alarm,persistent,False,nan,0.13083720169961452,0.16906762197613717,0.25634494968064675,body,world,0.14995241183787583,0.0706612877547741,-0.7524201229171101,body,world,0.11030684979632496,0.11294166333973407,0.02360540593771112,body,world
soft_medium,neither,90007,False,False,,1.0,0.0,,0.0,79,alarm,persistent,False,nan,0.11751547791063785,0.08598365187644959,-0.31241286808465574,body,world,0.10174956489354373,0.146091584675014,0.361719169254349,body,world,0.12392057478427887,0.11481279088184237,-0.07633793793719867,body,world
soft_medium,neither,90008,False,False,,1.0,0.0,,0.0,62,alarm,persistent,False,nan,0.11198397688567638,0.19125511385500432,0.5352524139205089,body,world,0.15161954537034034,0.17540072947740554,0.1456988467227545,body,world,0.16351013742387294,0.12002785690128803,-0.3091511343221254,body,world
soft_medium,neither,90009,False,False,,1.0,0.0,,0.0,74,alarm,persistent,False,nan,0.18971600085496904,0.11444746088236571,-0.5054123608267204,body,world,0.15208173086866736,0.10903087109327317,-0.33278701625027185,body,world,0.13055630098097026,0.12461864296346903,-0.04654634120643994,body,world
soft_medium,neither,90010,False,False,,1.0,0.0,,0.0,72,alarm,persistent,False,nan,0.22819796800613404,0.10402134098112584,-0.7856174531134776,body,world,0.16610965449362994,0.09882809817790986,-0.5192661806808249,body,world,0.1324688763357699,0.14066229462623597,0.06001422177384565,body,world
soft_medium,neither,90011,False,False,,1.0,0.0,,0.0,71,alarm,persistent,False,nan,0.18716489523649216,0.16524357348680496,-0.12456943267785356,body,world,0.17620423436164856,0.15835344791412354,-0.10681419802240773,body,world,0.16727884113788605,0.16328625464811922,-0.02415730337746746,body,world
soft_medium,neither,90012,False,False,,1.0,0.0,,0.0,62,alarm,persistent,False,nan,0.07438651621341705,0.14608271848410367,0.6748983345070145,body,world,0.11023461734876036,0.1501096837222576,0.30875527228559624,body,world,0.13017215053550898,0.11967508532106877,-0.08407736110028013,body,world
soft_medium,neither,90013,False,False,,1.0,0.0,,0.0,68,alarm,persistent,False,nan,0.1314781453460455,0.08777174353599548,-0.404101021483578,body,world,0.10962494444102049,0.059107938595116136,-0.6176997037010826,body,world,0.08436644151806831,0.09933335140813142,0.16331166961033192,body,world
soft_medium,neither,90014,False,False,,1.0,0.0,,0.0,80,alarm,persistent,False,nan,0.0611242201179266,0.12924830615520477,0.7488272192137818,body,world,0.09518626313656568,0.08898912379518151,-0.06732147888581858,body,world,0.0920876934658736,0.11277732062153518,0.20267394763077654,body,world
soft_medium,neither,90015,False,False,,1.0,0.0,,0.0,76,alarm,persistent,False,nan,0.15394774302840233,0.12009372226893902,-0.248340756990127,body,world,0.13702073264867068,0.10406777076423168,-0.2750899187016803,body,world,0.12054425170645118,0.11473196018487215,-0.04941829273119071,body,world
soft_medium,neither,90016,False,False,,1.0,0.0,,0.0,76,alarm,persistent,False,nan,0.09079175107181073,0.09051257818937301,-0.003079607687412191,body,world,0.09065216463059186,0.16172655364498495,0.5788771526853332,body,world,0.12618935913778842,0.13820478301495315,0.09095289100279186,body,world
soft_medium,neither,90017,False,False,,1.0,0.0,,0.0,74,alarm,persistent,False,nan,0.09488499462604523,0.09866563435643912,0.03907112762812395,body,world,0.09677531449124217,0.14324732460081577,0.39218073281216,body,world,0.12001131954602898,0.1374718733073678,0.13583327053369973,body,world
soft_medium,neither,90018,False,False,,1.0,0.0,,0.0,66,alarm,persistent,False,nan,0.20941866785287858,0.23790869265794753,0.12755151205429965,body,world,0.22366368025541306,0.11571987941861153,-0.6589710580547289,body,world,0.16969177983701228,0.1593621869571507,-0.06280421456794905,body,world
soft_medium,neither,90019,False,False,,1.0,0.0,,0.0,66,alarm,persistent,False,nan,0.16005456298589707,0.14943907484412194,-0.06862599211890827,body,world,0.1547468189150095,0.12848452581092715,-0.1859818796900022,body,world,0.14161567236296832,0.1073907523881644,-0.27664278169010564,body,world
soft_medium,neither,90020,False,False,,1.0,0.0,,0.0,73,alarm,persistent,False,nan,0.16773165613412858,0.12443097978830338,-0.2986142344984064,body,world,0.14608131796121598,0.08100348394364118,-0.5896712735965549,body,world,0.11354240095242858,0.13405600506812335,0.16608131707199345,body,world
soft_medium,neither,90021,False,False,,1.0,0.0,,0.0,74,alarm,persistent,False,nan,0.2537135988473892,0.12140261381864548,-0.737093658222523,body,world,0.18755810633301734,0.18379221707582474,-0.020282833346582017,body,world,0.18567516170442105,0.1233837807085365,-0.4086990383443449,body,world
soft_medium,neither,90022,False,False,,1.0,0.0,,0.0,66,alarm,persistent,False,nan,0.25573593489825724,0.13202996253967286,-0.6611165220439962,body,world,0.19388294871896505,0.13552934098988773,-0.35806646430203687,body,world,0.1647061448544264,0.17395252343267203,0.05461946228310395,body,body
soft_medium,neither,90023,False,False,,1.0,0.0,,0.0,75,alarm,persistent,False,nan,0.10446143141016365,0.06668101586401462,-0.44889763318455195,body,world,0.08557122363708913,0.10580111965537072,0.212212047957024,body,world,0.09568617164622992,0.12871102737262846,0.2964960025889014,body,world
soft_medium,neither,90024,False,False,,1.0,0.0,,0.0,73,alarm,persistent,False,nan,0.12794758901000022,0.09961873916909099,-0.25027042804663485,body,world,0.11378316408954561,0.10850284360349179,-0.04751818680927814,body,world,0.11114300384651869,0.10578014256898313,-0.04945488165340317,body,world
soft_medium,neither,90025,False,False,,1.0,0.0,,0.0,68,alarm,persistent,False,nan,0.19977907091379166,0.11371859547216445,-0.5634851745948162,body,world,0.15674883319297805,0.12531340606510638,-0.2238268878208807,body,world,0.14103111962904222,0.14948932090774178,0.05824438560910737,body,world
soft_medium,neither,90026,False,False,,1.0,0.0,,0.0,73,alarm,persistent,False,nan,0.1541537344455719,0.12620166391134263,-0.20006924535083376,body,world,0.14017769917845727,0.08647297732532025,-0.48307893333357993,body,world,0.11332533825188876,0.1640287309885025,0.36977881981727145,body,world
soft_medium,neither,90027,False,False,,1.0,0.0,,0.0,61,alarm,persistent,False,nan,0.15846831053495408,0.2761301130056381,0.5553175387707205,body,body,0.2172992117702961,0.11943024154752493,-0.5985428116944471,body,world,0.1683647266589105,0.12777220662683247,-0.2758835754638382,body,world
soft_medium,neither,90028,False,False,,1.0,0.0,,0.0,71,alarm,persistent,False,nan,0.21997018456459044,0.15910962596535683,-0.3238985763374544,body,world,0.18953990526497363,0.11687490995973349,-0.4834953670158903,body,world,0.15320740761235357,0.12447238215245307,-0.20770874750255053,body,world
soft_medium,neither,90029,False,False,,1.0,0.0,,0.0,60,alarm,persistent,False,nan,0.16143547743558884,0.20275566577911378,0.22789609495116464,body,world,0.1820955716073513,0.1897936150431633,0.041405577191077646,body,world,0.1859445933252573,0.12104448946192861,-0.42929058446646534,body,world
soft_medium,neither,90030,False,False,,1.0,0.0,,0.0,72,alarm,persistent,False,nan,0.23251596242189407,0.15559155121445656,-0.4017245660862737,body,world,0.19405375681817533,0.07698840042576194,-0.9244804509954584,world,world,0.13552107862196863,0.1391280110925436,0.0262672624275686,body,world
soft_medium,neither,90031,False,False,,1.0,0.0,,0.0,65,alarm,persistent,False,nan,0.21299964487552642,0.2078412801027298,-0.024515786475864033,body,world,0.2104204624891281,0.12315709311515093,-0.5356470110409911,body,world,0.16678877780213952,0.0888776614330709,-0.6294673748214992,world,world
soft_medium,neither,90032,False,False,,1.0,0.0,,0.0,78,alarm,persistent,False,nan,0.10332643762230873,0.24305663555860518,0.855401210429774,body,world,0.17319153659045697,0.14231033641844987,-0.19638798930725282,body,world,0.15775093650445343,0.11810825625434518,-0.2894158082684572,body,world
soft_medium,neither,90033,False,False,,1.0,0.0,,0.0,74,alarm,persistent,False,nan,0.1975667268037796,0.14325928017497064,-0.32142024794673546,body,world,0.1704130034893751,0.1300244562327862,-0.27050236541109757,body,world,0.15021872986108065,0.1376158032566309,-0.08762666287692847,body,world
soft_medium,neither,90034,False,False,,1.0,0.0,,0.0,63,alarm,persistent,False,nan,0.1721927583217621,0.19787048771977425,0.1389981770220801,body,world,0.18503162302076817,0.14419280961155892,-0.24937538610786827,body,world,0.16461221631616355,0.15358898621052502,-0.06931238990749927,body,world
soft_medium,neither,90035,False,False,,1.0,0.0,,0.0,66,alarm,persistent,False,nan,0.15246576815843582,0.19389660470187664,0.240384951774677,body,world,0.17318118643015623,0.1746792782098055,0.00861322969172056,body,world,0.17393023231998087,0.12324213851243257,-0.3445032291293564,body,world
soft_medium,neither,90036,False,False,,1.0,0.0,,0.0,61,alarm,persistent,False,nan,0.14923720397055149,0.17591582499444486,0.16446860049843987,body,world,0.16257651448249816,0.1616757158190012,-0.0055561744635860355,body,world,0.16212611515074968,0.10714377742260695,-0.41420287423637475,body,world
soft_medium,neither,90037,False,False,,1.0,0.0,,0.0,69,alarm,persistent,False,nan,0.256598587334156,0.12412327975034713,-0.7262376835845243,body,world,0.1903609335422516,0.19711915627121926,0.034886479726860334,body,body,0.1937400449067354,0.1717505443841219,-0.1204741850584524,body,world
soft_medium,neither,90038,False,False,,1.0,0.0,,0.0,63,alarm,persistent,False,nan,0.13168748766183852,0.15263664349913597,0.14762861993202014,body,world,0.14216206558048725,0.184323376044631,0.25972397984364803,body,world,0.16324272081255914,0.14419368151575326,-0.12408077157344395,body,world
soft_medium,neither,90039,False,False,,1.0,0.0,,0.0,63,alarm,persistent,False,nan,0.1580003172159195,0.25706590712070465,0.486735459237908,body,body,0.20753311216831208,0.1401575908064842,-0.3925234654948273,body,world,0.17384535148739816,0.09784891800954938,-0.5747414833190688,world,world
soft_medium,neither,90040,False,False,,1.0,0.0,,0.0,66,alarm,persistent,False,nan,0.21981489583849906,0.10602638795971871,-0.7290978034920041,body,world,0.16292064189910888,0.10652620326727628,-0.4248722277826103,body,world,0.1347234225831926,0.12278889649314806,-0.09275736314353512,body,world
soft_medium,neither,90041,False,False,,1.0,0.0,,0.0,71,alarm,persistent,False,nan,0.18141661286354066,0.0808171022683382,-0.8086075100076565,body,world,0.13111685756593944,0.12361747496761381,-0.05889704979274714,body,world,0.12736716626677663,0.1451339213643223,0.13058292347331235,body,world
soft_medium,neither,90042,False,False,,1.0,0.0,,0.0,64,alarm,persistent,False,nan,0.08334224000573158,0.09197642244398593,0.09857676286986801,body,world,0.08765933122485876,0.12000162322074175,0.31404720376245815,body,world,0.10383047722280025,0.1316294482909143,0.23723122256714918,body,world
soft_medium,neither,90043,False,False,,1.0,0.0,,0.0,79,alarm,persistent,False,nan,0.1360443327575922,0.1346815913915634,-0.010067398458894835,body,world,0.13536296207457782,0.13119041882455348,-0.03130993196566095,body,world,0.13327669044956564,0.1212132933549583,-0.09487559778214467,body,world
soft_medium,neither,90044,False,False,,1.0,0.0,,0.0,65,alarm,persistent,False,nan,0.1588749699294567,0.20928464978933334,0.2755777458142005,body,world,0.18407980985939504,0.09739158265292644,-0.6366296262899557,body,world,0.14073569625616072,0.12636177644599228,-0.10773460223203551,body,world
soft_medium,neither,90045,False,False,,1.0,0.0,,0.0,64,alarm,persistent,False,nan,0.12472236081957817,0.14036708772182466,0.11817089264794911,body,world,0.1325447242707014,0.12134438920766115,-0.08828743547674456,body,world,0.12694455673918129,0.12583346581086516,-0.008791097207245586,body,world
soft_medium,neither,90046,False,False,,1.0,0.0,,0.0,73,alarm,persistent,False,nan,0.22672865986824037,0.1063359260559082,-0.7571507747362035,body,world,0.16653229296207428,0.09951117150485515,-0.5149193280457388,body,world,0.13302173223346472,0.09886088753119111,-0.29679882962928367,body,world
soft_medium,neither,90047,False,False,,1.0,0.0,,0.0,66,alarm,persistent,False,nan,0.18001726418733596,0.1947610229253769,0.07872052509336001,body,world,0.18738914355635644,0.10369618777185678,-0.5917220837209808,body,world,0.14554266566410662,0.11212863302789629,-0.2608225569908521,body,world
soft_medium,neither,90048,False,False,,1.0,0.0,,0.0,76,alarm,persistent,False,nan,0.14581441432237624,0.085350276902318,-0.535570984802429,body,world,0.11558234561234712,0.15394770707935096,0.28662975536970353,body,world,0.13476502634584903,0.1618668520823121,0.18324138021763003,body,world
soft_medium,neither,90049,False,False,,1.0,0.0,,0.0,76,alarm,persistent,False,nan,0.07345967488363385,0.14614953696727753,0.687893708729005,body,world,0.10980460592545568,0.12634060168638825,0.1402789713820943,body,world,0.11807260380592197,0.1174472177401185,-0.005310699808948906,body,world
soft_medium,neither,90050,False,False,,1.0,0.0,,0.0,60,alarm,persistent,False,nan,0.22004532516002656,0.18233860284090042,-0.1879681348437154,body,world,0.2011919640004635,0.13389500668272375,-0.40720353646177154,body,world,0.16754348534159363,0.1110956477932632,-0.4108514094506441,body,world
soft_medium,neither,90051,False,False,,1.0,0.0,,0.0,76,alarm,persistent,False,nan,0.14043214917182922,0.12707734405994414,-0.09992853865022594,body,world,0.13375474661588668,0.1378416190855205,0.030097464409837404,body,world,0.1357981828507036,0.14885886963456868,0.09182883945780472,body,world
soft_medium,neither,90052,False,False,,1.0,0.0,,0.0,68,alarm,persistent,False,nan,0.22379526123404503,0.1109975017607212,-0.701223927144152,body,world,0.16739638149738312,0.15091894771903752,-0.10362161928633452,body,world,0.15915766460821032,0.11151751377619804,-0.35571365942661515,body,world
soft_medium,neither,90053,False,False,,1.0,0.0,,0.0,72,alarm,persistent,False,nan,0.18522373586893082,0.08556242659687996,-0.7723182322796108,body,world,0.1353930812329054,0.09299074653536081,-0.3756822718665232,body,world,0.1141919138841331,0.14248835258185863,0.22137977200425232,body,world
soft_medium,neither,90054,False,False,,1.0,0.0,,0.0,65,alarm,persistent,False,nan,0.13867698535323142,0.19996455013751985,0.3659927190954871,body,world,0.16932076774537563,0.121050513535738,-0.3355870242098149,body,world,0.1451856406405568,0.17564278645440937,0.1904391063049558,body,body
soft_medium,neither,90055,False,False,,1.0,0.0,,0.0,68,alarm,persistent,False,nan,0.16707227602601052,0.16233234405517577,-0.02878076908488986,body,world,0.16470231004059316,0.130988566018641,-0.22902962574123326,body,world,0.14784543802961708,0.15810097567737103,0.0670665250378747,body,world
soft_medium,neither,90056,False,False,,1.0,0.0,,0.0,68,alarm,persistent,False,nan,0.16485584974288942,0.11278004944324493,-0.37963199735136643,body,world,0.13881794959306717,0.11591287273913622,-0.180324547731172,body,world,0.1273654111661017,0.1376713838428259,0.07780936054346628,body,world
soft_medium,neither,90057,False,False,,1.0,0.0,,0.0,76,alarm,persistent,False,nan,0.13445499390363694,0.20791895799338816,0.4359188535179415,body,world,0.17118697594851257,0.09891211269423365,-0.5485246804592933,body,world,0.13504954432137312,0.12939032721333205,-0.04280807786874606,body,world
soft_medium,neither,90058,False,False,,1.0,0.0,,0.0,61,alarm,persistent,False,nan,0.15868586972355841,0.17402770407497883,0.09228791945273661,body,world,0.16635678689926864,0.19558222657069563,0.16184608672336562,body,body,0.18096950673498213,0.1446085235103965,-0.22429829256965605,body,world
soft_medium,neither,90059,False,False,,1.0,0.0,,0.0,62,alarm,persistent,False,nan,0.2547677934169769,0.22107249982655047,-0.1418618150127417,body,world,0.2379201466217637,0.12667751889675855,-0.6302904630935224,body,world,0.18229883275926112,0.09888222683221101,-0.6117177647995323,world,world
soft_medium,neither,90060,False,False,,1.0,0.0,,0.0,62,alarm,persistent,False,nan,0.11017966568470001,0.16496959552168847,0.4036488295802059,body,world,0.13757463060319425,0.18588229436427356,0.30094710951121306,body,world,0.1617284624837339,0.1331430349033326,-0.19449477066061965,body,world
soft_medium,neither,90061,False,False,,1.0,0.0,,0.0,80,alarm,persistent,False,nan,0.12367593646049499,0.24433885216712953,0.6808912712460623,body,body,0.18400739431381224,0.11248373137786985,-0.4921673420766862,body,world,0.14824556284584106,0.1507860746467486,0.01699200090227234,body,world
soft_medium,neither,90062,False,False,,1.0,0.0,,0.0,66,alarm,persistent,False,nan,0.20275124460458754,0.1233249306678772,-0.49715724666432465,body,world,0.16303808763623237,0.15361821688711644,-0.059513426784253844,body,world,0.1583281522616744,0.12029693233780563,-0.27470666971915736,body,world
soft_medium,neither,90063,False,False,,1.0,0.0,,0.0,62,alarm,persistent,False,nan,0.12050848379731179,0.12301338426768779,0.020573009227587057,body,world,0.1217609340324998,0.2182474374771118,0.5835698882446176,body,body,0.1700041857548058,0.14447362944483758,-0.16272606312745838,body,world
soft_medium,neither,90064,False,False,,1.0,0.0,,0.0,72,alarm,persistent,False,nan,0.1540382243692875,0.17286622077226638,0.11531722321610748,body,world,0.16345222257077693,0.16527699250727892,0.011102077914619536,body,world,0.16436460753902793,0.17515668272972107,0.063593726402777,body,body
soft_medium,neither,90065,False,False,,1.0,0.0,,0.0,63,alarm,persistent,False,nan,0.21757018156349658,0.22528323531150818,0.03483696182110262,body,world,0.2214267084375024,0.17543513439595698,-0.23282227731066102,body,world,0.1984309214167297,0.10239719636738301,-0.6615817036159666,world,world
soft_medium,neither,90066,False,False,,1.0,0.0,,0.0,61,alarm,persistent,False,nan,0.09803870394825935,0.13380566984415054,0.3110261833625972,body,world,0.11592218689620495,0.1623549045994878,0.3368655447307236,body,world,0.13913854574784637,0.11418681758223101,-0.1976343108930638,body,world
soft_medium,neither,90067,False,False,,1.0,0.0,,0.0,71,alarm,persistent,False,nan,0.2056174784898758,0.19565164148807526,-0.049681803535588424,body,world,0.20063455998897553,0.13835416845977305,-0.37166830819131214,body,world,0.1694943642243743,0.11485102539882064,-0.38918381960185255,body,world
soft_medium,neither,90068,False,False,,1.0,0.0,,0.0,76,alarm,persistent,False,nan,0.1254080168902874,0.10993142575025558,-0.13171578757388525,body,world,0.1176697213202715,0.11731282025575637,-0.003037683876973077,body,world,0.11749127078801394,0.15063873655162752,0.24852045745132742,body,world
soft_medium,neither,90069,False,False,,1.0,0.0,,0.0,70,alarm,persistent,False,nan,0.19055689573287965,0.15406657438725233,-0.21256600502532005,body,world,0.17231173506006597,0.14490848146378993,-0.17320286867938237,body,world,0.15861010826192795,0.10713555403053761,-0.39235414871185165,body,world
soft_medium,neither,90070,False,False,,1.0,0.0,,0.0,76,alarm,persistent,False,nan,0.10386681891977786,0.17902554757893085,0.5444190283823801,body,world,0.14144618324935437,0.211269873008132,0.40121702087784367,body,body,0.17635802812874318,0.15961011508479714,-0.09978211875166473,body,world
soft_medium,neither,90071,False,False,,1.0,0.0,,0.0,77,alarm,persistent,False,nan,0.14380234703421593,0.13657820746302604,-0.05154236767145068,body,world,0.140190277248621,0.11081482954323292,-0.2351400170415899,body,world,0.12550255339592695,0.1124420823995024,-0.10988783818712486,body,world
soft_medium,neither,90072,False,False,,1.0,0.0,,0.0,70,alarm,persistent,False,nan,0.24718918204307555,0.13972750809043646,-0.5704598074786328,body,world,0.19345834506675602,0.14638385288417338,-0.2788299173855653,body,world,0.1699210989754647,0.17365074455738067,0.02171186123316596,body,body
soft_medium,neither,90073,False,False,,1.0,0.0,,0.0,80,alarm,persistent,False,nan,0.10751123297959567,0.0678283829241991,-0.46061460039516267,body,world,0.08766980795189738,0.12218468887731433,0.3319561682657333,body,world,0.10492724841460585,0.14193864907138048,0.30212767767942533,body,world
soft_medium,neither,90074,False,False,,1.0,0.0,,0.0,67,alarm,persistent,False,nan,0.037789317220449446,0.22973029017448426,1.8048795199469785,body,world,0.13375980369746684,0.1380743886344135,0.03174690623589184,body,world,0.13591709616594017,0.12244406808167696,-0.10439077421839404,body,world
soft_medium,neither,90075,False,False,,1.0,0.0,,0.0,71,alarm,persistent,False,nan,0.18756307959556578,0.1489299416542053,-0.23063920821098013,body,world,0.16824651062488555,0.08212981540709734,-0.7171291189019198,body,world,0.12518816301599145,0.09039929790887982,-0.3255814087223893,body,world
soft_medium,neither,90076,False,False,,1.0,0.0,,0.0,75,alarm,persistent,False,nan,0.2515738993883133,0.1506812386214733,-0.5125701779232712,body,world,0.20112756900489331,0.11111332103610039,-0.593388787633295,body,world,0.15612044502049685,0.1120999488979578,-0.3312369185943544,body,world
soft_medium,neither,90077,False,False,,1.0,0.0,,0.0,63,alarm,persistent,False,nan,0.10605143010616302,0.1674513269215822,0.4567685573677727,body,world,0.13675137851387262,0.18124145064502956,0.28166560197580515,body,world,0.15899641457945107,0.11561083635315299,-0.31865196022707903,body,world
soft_medium,neither,90078,False,False,,1.0,0.0,,0.0,63,alarm,persistent,False,nan,0.10482448153197765,0.14834638610482215,0.34726263882845954,body,world,0.1265854338183999,0.19547687992453575,0.43452466481259133,body,body,0.16103115687146782,0.11723642679862678,-0.31740522948864797,body,world
soft_medium,neither,90079,False,False,,1.0,0.0,,0.0,64,alarm,persistent,False,nan,0.23262767046689986,0.11890694499015808,-0.6710979822667016,body,world,0.17576730772852897,0.08987072072923183,-0.670788803769262,body,world,0.1328190142288804,0.14841068368405103,0.11099591439459713,body,world
soft_medium,neither,90080,False,False,,1.0,0.0,,0.0,78,alarm,persistent,False,nan,0.09672434590756893,0.0850889541208744,-0.1281679098309444,body,world,0.09090665001422167,0.12625763975083829,0.32849142322282443,body,world,0.10858214488252997,0.195074640866369,0.5858752767786164,body,body
soft_medium,neither,90081,False,False,,1.0,0.0,,0.0,79,alarm,persistent,False,nan,0.11033723875880241,0.1314328819513321,0.1749548352177675,body,world,0.12088506035506726,0.16352822119370103,0.30214540241060267,body,world,0.14220664077438414,0.09872461687773466,-0.364946890056935,body,world
soft_medium,neither,90082,False,False,,1.0,0.0,,0.0,76,alarm,persistent,False,nan,0.17038829773664474,0.1121973767876625,-0.41782032375634964,body,world,0.14129283726215364,0.14482707772403955,0.024705866624651813,body,world,0.14305995749309658,0.17303967680782079,0.19025708835822958,body,world
soft_medium,neither,90083,False,False,,1.0,0.0,,0.0,74,alarm,persistent,False,nan,0.11363150086253881,0.08005206435918807,-0.3502835366903689,body,world,0.09684178261086344,0.15314196720719336,0.45828684171609957,body,world,0.12499187490902841,0.10653941142372787,-0.15973375745114723,body,world
soft_medium,neither,90084,False,False,,1.0,0.0,,0.0,73,alarm,persistent,False,nan,0.12577288150787352,0.10335150174796581,-0.19634193600488536,body,world,0.11456219162791967,0.09858360663056373,-0.15021284742731808,body,world,0.1065728991292417,0.1273531662300229,0.17813481368986483,body,world
soft_medium,neither,90085,False,False,,1.0,0.0,,0.0,72,alarm,persistent,False,nan,0.18138503283262253,0.11174755245447159,-0.48437969380483076,body,world,0.14656629264354706,0.13194509195163845,-0.10509196963435531,body,world,0.13925569229759277,0.16772973280749284,0.1860421944825451,body,world
soft_medium,neither,90086,False,False,,1.0,0.0,,0.0,63,alarm,persistent,False,nan,0.0865783965215087,0.13358765840530396,0.4337075579824609,body,world,0.11008302746340633,0.22197156250476838,0.7013144006421004,body,body,0.16602729498408736,0.1444897740148008,-0.13894346547014177,body,world
soft_medium,neither,90087,False,False,,1.0,0.0,,0.0,66,alarm,persistent,False,nan,0.13852608054876328,0.20715732499957085,0.40241991363468205,body,world,0.17284170277416705,0.17019499521702527,-0.015431352350325318,body,world,0.17151834899559618,0.1206559051759541,-0.35174751655493164,body,world
soft_medium,neither,90088,False,False,,1.0,0.0,,0.0,75,alarm,persistent,False,nan,0.08912259079515934,0.12143907919526101,0.30939988461663115,body,world,0.10528083499521017,0.13706877436488868,0.2638514037993,body,world,0.12117480468004942,0.1344901373668108,0.10425669837854548,body,world
soft_medium,neither,90089,False,False,,1.0,0.0,,0.0,62,alarm,persistent,False,nan,0.13383632823824881,0.16689473539590835,0.22074566436840315,body,world,0.1503655318170786,0.18047792725265027,0.18253927510380286,body,world,0.16542172953486442,0.15533452266827225,-0.0629171475338779,body,world
soft_medium,neither,90090,False,False,,1.0,0.0,,0.0,68,alarm,persistent,False,nan,0.20439390540122987,0.11633748039603234,-0.5635537598632212,body,world,0.1603656928986311,0.1288755931891501,-0.21860924273181162,body,world,0.1446206430438906,0.1508830562233925,0.042391015492380196,body,world
soft_medium,neither,90091,False,False,,1.0,0.0,,0.0,77,alarm,persistent,False,nan,0.12202729098498821,0.13649622835218905,0.11205226680860673,body,world,0.12926175966858863,0.1632543385028839,0.23346985047906477,body,world,0.14625804908573628,0.15644909641705454,0.06735817347886942,body,world
soft_medium,neither,90092,False,False,,1.0,0.0,,0.0,68,alarm,persistent,False,nan,0.19193818792700768,0.1782355848699808,-0.07406719658489987,body,world,0.18508688639849424,0.16791097000241278,-0.09739147255908952,body,world,0.17649892820045351,0.1348094830289483,-0.26945225895295805,body,world
soft_medium,neither,90093,False,False,,1.0,0.0,,0.0,64,alarm,persistent,False,nan,0.1949681371450424,0.2241335317492485,0.13940585216791382,body,world,0.20955083444714545,0.233008252363652,0.10610751435421419,body,body,0.22127954340539874,0.11567582683637738,-0.6486351217958535,world,world
soft_medium,neither,90094,False,False,,1.0,0.0,,0.0,69,alarm,persistent,False,nan,0.12771223075687885,0.21534186005592346,0.5224472763952194,body,world,0.17152704540640115,0.17710541263222696,0.032004153562382086,body,world,0.17431622901931404,0.1384121622890234,-0.23063514075012478,body,world
soft_medium,neither,90095,False,False,,1.0,0.0,,0.0,61,alarm,persistent,False,nan,0.08328792974352836,0.19280658960342406,0.8393839223978193,body,world,0.13804725967347622,0.11882933480665088,-0.14990778550343326,body,world,0.12843829724006356,0.15424223230220377,0.1830756917779743,body,world
soft_medium,neither,90096,False,False,,1.0,0.0,,0.0,62,alarm,persistent,False,nan,0.15907211527228354,0.16774717159569263,0.05310026031243016,body,world,0.1634096434339881,0.21694318652153016,0.2833753079682295,body,body,0.1901764149777591,0.15683997729793192,-0.19272610857660227,body,world
soft_medium,neither,90097,False,False,,1.0,0.0,,0.0,61,alarm,persistent,False,nan,0.12047791685909033,0.08112802654504776,-0.3954379920466833,body,world,0.10080297170206905,0.17368995808064938,0.5441040233460731,body,world,0.13724646489135922,0.13038123194128276,-0.05131561104308334,body,world
soft_medium,neither,90098,False,False,,1.0,0.0,,0.0,70,alarm,persistent,False,nan,0.16826009154319763,0.1732032813131809,0.028954994994583014,body,world,0.17073168642818928,0.13976293429732323,-0.20014557812008804,body,world,0.15524731036275624,0.16364420661702753,0.05267520315559053,body,world
soft_medium,neither,90099,False,False,,1.0,0.0,,0.0,79,alarm,persistent,False,nan,0.175157505646348,0.0721557579934597,-0.8868585134974648,body,world,0.12365663181990386,0.14582896009087562,0.1649258023981289,body,world,0.13474279595538974,0.16681446731090546,0.21351447457899678,body,world
soft_medium,neither,90100,False,False,,1.0,0.0,,0.0,62,alarm,persistent,False,nan,0.05556407459080219,0.15150823555886744,1.0031031316318717,body,world,0.10353615507483482,0.12522312123328447,0.19017623990263663,body,world,0.11437963815405965,0.08568924069404601,-0.28879580337844496,body,world
soft_medium,neither,90101,False,False,,1.0,0.0,,0.0,62,alarm,persistent,False,nan,0.1555052138864994,0.1963136151432991,0.2330341968586265,body,world,0.17590941451489925,0.15087336599826812,-0.15352832309324696,body,world,0.1633913902565837,0.1298244647681713,-0.229965222825335,body,world
soft_medium,neither,90102,False,False,,1.0,0.0,,0.0,63,alarm,persistent,False,nan,0.14453309513628482,0.21843210905790328,0.4129667391466783,body,world,0.18148260209709405,0.15984343662858008,-0.12696497779788002,body,world,0.17066301936283707,0.15037112720310689,-0.12658454551926723,body,world
soft_medium,neither,90103,False,False,,1.0,0.0,,0.0,62,alarm,persistent,False,nan,0.1523125682026148,0.21727447360754013,0.3552266304529924,body,world,0.18479352090507745,0.14373854137957096,-0.25124313419734357,body,world,0.16426603114232421,0.11663567232899368,-0.3424320899176422,body,world
soft_medium,neither,90104,False,False,,1.0,0.0,,0.0,72,alarm,persistent,False,nan,0.12866925224661827,0.1591830462217331,0.21280959838157337,body,world,0.14392614923417568,0.09301684387028217,-0.43651972184338184,body,world,0.11847149655222892,0.13786365259438754,0.15159277584305936,body,world
soft_medium,neither,90105,False,False,,1.0,0.0,,0.0,74,alarm,persistent,False,nan,0.13122126534581185,0.24556666947901248,0.6266835296687989,body,body,0.18839396741241216,0.1408883466385305,-0.2905676326522398,body,world,0.16464115702547133,0.1360834961757064,-0.1904996598506884,body,world
soft_medium,neither,90106,False,False,,1.0,0.0,,0.0,79,alarm,persistent,False,nan,0.15302913263440132,0.12638605013489723,-0.19128719987654003,body,world,0.13970759138464928,0.16515854932367802,0.16735431211212992,body,world,0.15243307035416365,0.10088936525862664,-0.41270109380624864,body,world
soft_medium,neither,90107,False,False,,1.0,0.0,,0.0,79,alarm,persistent,False,nan,0.2042820606380701,0.1007232166826725,-0.7071253629429324,body,world,0.1525026386603713,0.14872059933841228,-0.02511252520510207,body,world,0.1506116189993918,0.15278530977666377,0.014329268125412872,body,world
soft_medium,neither,90108,False,False,,1.0,0.0,,0.0,64,alarm,persistent,False,nan,0.15577187538146972,0.1456723812967539,-0.06703246316443162,body,world,0.1507221283391118,0.180231761187315,0.17880565297037831,body,world,0.1654769447632134,0.12573917517438532,-0.27462215538404317,body,world
soft_medium,neither,90109,False,False,,1.0,0.0,,0.0,66,alarm,persistent,False,nan,0.16356370523571967,0.11998775207903237,-0.30981287735385044,body,world,0.14177572865737603,0.10174742192029954,-0.33175294681141,body,world,0.12176157528883777,0.12971048913896083,0.06324012868073978,body,world
soft_medium,neither,90110,False,False,,1.0,0.0,,0.0,60,alarm,persistent,False,nan,0.15701595544815064,0.21118398755788803,0.296382305227706,body,world,0.18409997150301932,0.14064445532858372,-0.2692438210556448,body,world,0.16237221341580152,0.12722331341356038,-0.24394739776680935,body,world
soft_medium,neither,90111,False,False,,1.0,0.0,,0.0,76,alarm,persistent,False,nan,0.1233629196882248,0.1657130867242813,0.29512732216912024,body,world,0.14453800320625304,0.11821241974830628,-0.20105929747687912,body,world,0.13137521147727965,0.14096319545060396,0.07044139221393218,body,world
soft_medium,neither,90112,False,False,,1.0,0.0,,0.0,69,alarm,persistent,False,nan,0.1851049542427063,0.1212692603468895,-0.4229096190195673,body,world,0.1531871072947979,0.15033746212720872,-0.018777583007749912,body,world,0.1517622847110033,0.12577280960977077,-0.1878381991997399,body,world
soft_medium,neither,90113,False,False,,1.0,0.0,,0.0,60,alarm,persistent,False,nan,0.1909358821809292,0.22530097365379334,0.16549949271642128,body,world,0.20811842791736127,0.1534483538940549,-0.30474322896514905,body,world,0.18078339090570808,0.12258022404275834,-0.388533873495925,body,world
soft_medium,neither,90114,False,False,,1.0,0.0,,0.0,65,alarm,persistent,False,nan,0.08509858213365078,0.21198819875717162,0.9127202326214956,body,world,0.1485433904454112,0.18548404816538094,0.2220917775174881,body,world,0.16701371930539607,0.10466728545725346,-0.46728935133717736,world,world
soft_medium,neither,90115,False,False,,1.0,0.0,,0.0,77,alarm,persistent,False,nan,0.13903336003422737,0.09053588770329953,-0.4289675832727271,body,world,0.11478462386876345,0.1307499174028635,0.13022893473726296,body,world,0.12276727063581347,0.09065337246283889,-0.3032473147927851,body,world
soft_medium,neither,90116,False,False,,1.0,0.0,,0.0,75,alarm,persistent,False,nan,0.117951725050807,0.11718190163373947,-0.00654798872036675,body,world,0.11756681334227323,0.07800624510273338,-0.4102179072641118,body,world,0.0977865292225033,0.1023824495729059,0.04592847748391269,body,world
soft_medium,neither,90117,False,False,,1.0,0.0,,0.0,79,alarm,persistent,False,nan,0.25922987163066863,0.09115467965602875,-1.045157363354869,world,world,0.1751922756433487,0.14252265840768813,-0.20638309529840626,body,world,0.15885746702551842,0.11131363313179463,-0.3556556256479473,body,world
soft_medium,neither,90118,False,False,,1.0,0.0,,0.0,68,alarm,persistent,False,nan,0.19710291512310504,0.17826581075787545,-0.1004502488561343,body,world,0.18768436294049023,0.10542466379702091,-0.5767650207317183,body,world,0.14655451336875558,0.16302538998425006,0.10650849130147601,body,world
soft_medium,neither,90119,False,False,,1.0,0.0,,0.0,69,alarm,persistent,False,nan,0.14999412111938,0.11065067201852799,-0.304217960940883,body,world,0.130322396568954,0.11731949225068092,-0.10511043780399637,body,world,0.12382094440981746,0.15011865552514791,0.19258949288377306,body,world
soft_medium,body_only,90120,True,False,m,1.5891995503048728,0.0,,0.0,74,alarm,persistent,False,nan,0.17823290675878525,0.14743663743138313,-0.18969265318586556,body,world,0.16283477209508418,0.1228455001488328,-0.2818085490982474,body,world,0.1428401361219585,0.11915016265120357,-0.18134150705391272,body,world
soft_medium,body_only,90121,True,False,l,1.4812383451425903,0.0,,0.0,60,alarm,persistent,False,nan,0.162002357840538,0.11785791479051114,-0.3181311027021011,body,world,0.1399301363155246,0.17300100810825825,0.2121541499596156,body,world,0.15646557221189142,0.1496646819403395,-0.04443866190472951,body,world
soft_medium,body_only,90122,True,False,m,1.577333311441059,0.0,,0.0,60,alarm,persistent,False,nan,0.061881494522094724,0.2244944766163826,1.288629926480603,body,world,0.14318798556923867,0.15947036668658257,0.10769976481454943,body,world,0.1513291761279106,0.15420196270570158,0.0188057508846654,body,world
soft_medium,body_only,90123,True,False,l,1.2659873041674827,0.0,,0.0,78,alarm,persistent,False,nan,0.16308700144290925,0.16691041886806487,0.023173444935873276,body,world,0.16499871015548706,0.11991754518821836,-0.31913327345752124,body,world,0.1424581276718527,0.10346465073525905,-0.3198181000517298,body,world
soft_medium,body_only,90124,True,False,m,1.4143549642821072,0.0,,0.0,79,alarm,persistent,False,nan,0.07140429466962814,0.0680297264829278,-0.04841325315843414,body,world,0.06971701057627797,0.11369479214772582,0.48907325408827407,body,world,0.0917059013620019,0.14673252888023852,0.4700246657093323,body,world
soft_medium,body_only,90125,True,False,l,1.4086180240535773,0.0,,0.0,63,alarm,persistent,False,nan,0.08608525805175304,0.2194967322051525,0.9359991670934149,body,world,0.1527909951284528,0.14400603445246815,-0.059215737972534196,body,world,0.14839851479046046,0.12832575086504222,-0.1453293628270281,body,world
soft_medium,body_only,90126,True,False,m,1.6448408546174003,0.0,,0.0,68,alarm,persistent,False,nan,0.08706116750836372,0.16240458860993384,0.6234797358936359,body,world,0.12473287805914879,0.10072168596088886,-0.21381334650166414,body,world,0.11272728201001883,0.10866474322974681,-0.03670407594545806,body,world
soft_medium,body_only,90127,True,False,l,1.4986137896780058,0.0,,0.0,61,alarm,persistent,False,nan,0.09599975831806659,0.21563436985015869,0.8092385672745299,body,world,0.15581706408411264,0.14327380545437335,-0.08392513004048072,body,world,0.149545434769243,0.12658559647388756,-0.16668152684960819,body,world
soft_medium,body_only,90128,True,False,m,1.416558817025714,0.0,,0.0,64,alarm,persistent,False,nan,0.11435584947466851,0.23614885210990905,0.725147262189159,body,world,0.1752523507922888,0.13263742085546254,-0.27860769325927903,body,world,0.15394488582387567,0.14090125458315014,-0.08853533116445286,body,world
soft_medium,body_only,90129,True,False,l,1.38378853736242,0.0,,0.0,68,alarm,persistent,False,nan,0.18907437324523926,0.153180892765522,-0.21052091821274488,body,world,0.17112763300538064,0.10380229018628598,-0.4999216359950368,body,world,0.1374649615958333,0.10236987713724374,-0.2947765591279657,body,world
soft_medium,body_only,90130,True,False,m,1.4756383192437175,0.0,,0.0,71,alarm,persistent,False,nan,0.17028838489204645,0.13900214731693267,-0.20300400020325593,body,world,0.15464526610448956,0.16595113910734655,0.07055951402139536,body,world,0.16029820260591804,0.12125047408044339,-0.27917740711167477,body,world
soft_medium,body_only,90131,True,False,l,1.3606013397692742,0.0,,0.0,80,alarm,persistent,False,nan,0.12620926536619664,0.1646072618663311,0.26562104000645576,body,world,0.14540826361626386,0.16971468552947044,0.15457330951899131,body,world,0.15756147457286715,0.09508974796626717,-0.5049945357889084,world,world
soft_medium,body_only,90132,True,False,m,1.3052923183294922,0.0,,0.0,64,alarm,persistent,False,nan,0.15012680739164352,0.10443486720323562,-0.3629167228394889,body,world,0.12728083729743958,0.1542486522346735,0.19216996281115842,body,world,0.14076474476605655,0.09676354844123125,-0.3748196624099214,body,world
soft_medium,body_only,90133,True,False,l,1.3207448067237653,0.0,,0.0,67,alarm,persistent,False,nan,0.11963545456528664,0.2654722645878792,0.7970611299564855,body,body,0.19255385957658291,0.1520898025482893,-0.2359047519744107,body,world,0.1723218310624361,0.07703635878860951,-0.805086336828307,world,world
soft_medium,body_only,90134,True,False,m,1.4561368550822151,0.0,,0.0,64,alarm,persistent,False,nan,0.0790665753185749,0.09387218207120895,0.17164386862569664,body,world,0.08646937869489194,0.16100691268220543,0.62165695224053,body,world,0.12373814568854868,0.1142024602741003,-0.08019476389874952,body,world
soft_medium,body_only,90135,True,False,l,1.4036352699808552,0.0,,0.0,79,alarm,persistent,False,nan,0.10340163558721542,0.17247657403349875,0.5116406445376364,body,world,0.1379391048103571,0.09707564418204129,-0.35132180676218805,body,world,0.11750737449619919,0.13501557866111397,0.13888907598582156,body,world
soft_medium,body_only,90136,True,False,m,1.3752498406372067,0.0,,0.0,68,alarm,persistent,False,nan,0.16022676452994347,0.19534974843263625,0.19820144356759054,body,world,0.17778825648128987,0.09573473865166307,-0.6190120439546237,body,world,0.13676149756647646,0.15675902934744954,0.136471266310152,body,world
soft_medium,body_only,90137,True,False,l,1.3180944856558197,0.0,,0.0,66,alarm,persistent,False,nan,0.19793692156672477,0.17119183018803596,-0.14516366028727756,body,world,0.18456437587738037,0.13682079389691354,-0.29932632755879274,body,world,0.16069258488714694,0.09936477416194975,-0.480695462932527,world,world
soft_medium,body_only,90138,True,False,m,1.3737292058898571,0.0,,0.0,76,alarm,persistent,False,nan,0.18897594064474105,0.0920120682567358,-0.7196999636307897,body,world,0.14049400445073842,0.06178118921816349,-0.8215658783677497,body,world,0.10113759683445096,0.11988802598789335,0.17007625580305022,body,world
soft_medium,body_only,90139,True,False,l,1.2231365368057392,0.0,,0.0,78,alarm,persistent,False,nan,0.17346170414239168,0.12036003842949868,-0.3654692785696422,body,world,0.14691087128594518,0.11881735362112522,-0.21223861459845578,body,world,0.1328641124535352,0.18029568875208496,0.3052713233548919,body,body
soft_medium,body_only,90140,True,False,m,1.5903123576273737,0.0,,0.0,77,alarm,persistent,False,nan,0.06625230684876442,0.12473882585763932,0.632751873717514,body,world,0.09549556635320186,0.1268540672492236,0.28395752819787,body,world,0.11117481680121273,0.14500027121976017,0.26563172434610366,body,world
soft_medium,body_only,90141,True,False,l,1.3983126255738383,0.0,,0.0,68,alarm,persistent,False,nan,0.10411473419517278,0.15357309952378273,0.3886831676034648,body,world,0.12884391685947777,0.08285258170217276,-0.4415388204114002,body,world,0.10584824928082526,0.0897472276352346,-0.165009320787159,body,world
soft_medium,body_only,90142,True,False,m,1.5588960124158446,0.0,,0.0,77,alarm,persistent,False,nan,0.11095868870615959,0.12878338024020194,0.14897381172222268,body,world,0.11987103447318077,0.09500199500471354,-0.23251856071107344,body,world,0.10743651473894715,0.12680226166266947,0.16572876575023524,body,world
soft_medium,body_only,90143,True,False,l,1.3381767659159343,0.0,,0.0,76,alarm,persistent,False,nan,0.14414864182472228,0.1197687916457653,-0.1852818541290684,body,world,0.1319587167352438,0.1284240109845996,-0.027151746452570832,body,world,0.1301913638599217,0.10916158454492689,-0.17617618623703526,body,world
soft_medium,body_only,90144,True,False,m,1.4340779419258376,0.0,,0.0,78,alarm,persistent,False,nan,0.06669601052999496,0.14540195912122728,0.7793569000310803,body,world,0.10604898482561112,0.13714745007455348,0.25715551660936364,body,world,0.1215982174500823,0.14660408180207013,0.18701332189255623,body,world
soft_medium,body_only,90145,True,False,l,1.3732457116762027,0.0,,0.0,79,alarm,persistent,False,nan,0.22091237008571624,0.12251020297408104,-0.5895717913347356,body,world,0.17171128652989864,0.13447206728160382,-0.24445800048516672,body,world,0.15309167690575123,0.08889605784788727,-0.5435691395405996,world,world
soft_medium,body_only,90146,True,False,m,1.4659264726975494,0.0,,0.0,73,alarm,persistent,False,nan,0.11929207518696786,0.09851413164287806,-0.19137489295146437,body,world,0.10890310341492296,0.15746311647817493,0.36873272237585314,body,world,0.13318310994654894,0.1259730933699757,-0.05565660839829059,body,world
soft_medium,body_only,90147,True,False,l,1.3697174281168265,0.0,,0.0,61,alarm,persistent,False,nan,0.044602852687239646,0.1886694051325321,1.4421984856886125,body,world,0.11663612890988588,0.174356546998024,0.40204324395737984,body,world,0.14549633795395495,0.09343848060816526,-0.4428476592604277,body,world
soft_medium,body_only,90148,True,False,m,1.3038571531689942,0.0,,0.0,77,alarm,persistent,False,nan,0.10851827785372734,0.08896693140268326,-0.19865387485975586,body,world,0.0987426046282053,0.11258893571794033,0.13122693791167717,body,world,0.10566577017307281,0.14626474343240262,0.32513728981852913,body,world
soft_medium,body_only,90149,True,False,l,1.2823864181574816,0.0,,0.0,69,alarm,persistent,False,nan,0.1790430948138237,0.11341425031423569,-0.45657948246894575,body,world,0.1462286725640297,0.14367853682488202,-0.017593225922354214,body,world,0.14495360469445587,0.10457842973992229,-0.3264764098658634,body,world
soft_medium,body_only,90150,True,False,m,1.371260065573264,0.0,,0.0,77,alarm,persistent,False,nan,0.12361217141151429,0.12429778501391411,0.005531164300489898,body,world,0.1239549782127142,0.09417853504419327,-0.27472613090212683,body,world,0.10906675662845373,0.1712408896535635,0.45111113573078016,body,world
soft_medium,body_only,90151,True,False,l,1.2751118713228489,0.0,,0.0,67,alarm,persistent,False,nan,0.199496728181839,0.1689980274066329,-0.1659107933995505,body,world,0.18424737779423594,0.1392214773222804,-0.28021327207954344,body,world,0.16173442755825818,0.09990938012488186,-0.48169207759995536,world,world
soft_medium,body_only,90152,True,False,m,1.3717293620024857,0.0,,0.0,77,alarm,persistent,False,nan,0.11742139682173729,0.20666930302977563,0.565350799376129,body,world,0.16204534992575645,0.10777268260717392,-0.40785201560549394,body,world,0.13490901626646518,0.10532799083739519,-0.24752139391352565,body,world
soft_medium,body_only,90153,True,False,l,1.3777582765834164,0.0,,0.0,63,alarm,persistent,False,nan,0.10515074878931045,0.24214545339345933,0.8341435694036025,body,world,0.1736481010913849,0.11528811254538596,-0.40959652211982606,body,world,0.14446810681838543,0.09271654372569174,-0.4435118472653327,body,world
soft_medium,body_only,90154,True,False,m,1.3240528558094946,0.0,,0.0,61,alarm,persistent,False,nan,0.12176514193415641,0.12702915370464324,0.04232249354539689,body,world,0.12439714781939984,0.1660995904356241,0.28910829830088214,body,world,0.145248369127512,0.11389853488653898,-0.24313716041673233,body,world
soft_medium,body_only,90155,True,False,l,1.2616156540457863,0.0,,0.0,75,alarm,persistent,False,nan,0.1443775027990341,0.10431608390063048,-0.32500585835274465,body,world,0.1243467933498323,0.10939829610288143,-0.12807906768300586,body,world,0.11687254472635686,0.1162705959752202,-0.005163781245176065,body,world
soft_medium,body_only,90156,True,False,m,1.53054519222226,0.0,,0.0,80,alarm,persistent,False,nan,0.11561001092195511,0.11516749858856201,-0.0038349740117070725,body,world,0.11538875475525856,0.17184078581631185,0.39826148073257883,body,world,0.1436147702857852,0.12335028732195497,-0.15210633617268932,body,world
soft_medium,body_only,90157,True,False,l,1.488929027680533,0.0,,0.0,67,alarm,persistent,False,nan,0.1810830131173134,0.13085896167904137,-0.3248354473155281,body,world,0.15597098739817739,0.13165799276903273,-0.16946241537720025,body,world,0.14381449008360506,0.08647231301292777,-0.5086999238175134,world,world
soft_medium,body_only,90158,True,False,m,1.4010988441285952,0.0,,0.0,76,alarm,persistent,False,nan,0.039074331521987915,0.0868398865684867,0.798600270197995,body,world,0.0629571090452373,0.13504875977523625,0.7631822110174102,body,world,0.09900293441023678,0.11014280878007413,0.10662829521374359,body,world
soft_medium,body_only,90159,True,False,l,1.3983826888544335,0.0,,0.0,76,alarm,persistent,False,nan,0.1946227926760912,0.11827503591775894,-0.4980505634724115,body,world,0.15644891429692506,0.1035209447145462,-0.4129555738495791,body,world,0.12998492950573565,0.0984667600132525,-0.2776994874259783,body,world
soft_medium,body_only,90160,True,False,m,1.6346395142175347,0.0,,0.0,78,alarm,persistent,False,nan,0.23856219202280043,0.08269326761364937,-1.0594918481499482,world,world,0.1606277298182249,0.1701057195663452,0.05733067308283142,body,world,0.16536672469228506,0.12352224159985781,-0.29174434775044766,body,world
soft_medium,body_only,90161,True,False,l,1.4627355647267428,0.0,,0.0,75,alarm,persistent,False,nan,0.15067497342824937,0.11343624740839005,-0.2838840407493592,body,world,0.1320556104183197,0.09829978998750448,-0.2952012342097637,body,world,0.1151777002029121,0.14485462084412576,0.22925446970167615,body,world
soft_medium,body_only,90162,True,False,m,1.3110427449584228,0.0,,0.0,70,alarm,persistent,False,nan,0.2705999299883842,0.18034074921160936,-0.40579334450674803,body,world,0.2254703395999968,0.10936845717951656,-0.723466095768853,body,world,0.16741939838975667,0.129281837772578,-0.2585072216906745,body,world
soft_medium,body_only,90163,True,False,l,1.4308898612160117,0.0,,0.0,78,alarm,persistent,False,nan,0.13312918208539487,0.1924002595245838,0.36825793641484134,body,world,0.16276472080498933,0.0925744891166687,-0.5642921192170285,body,world,0.12766960496082902,0.10622254963964224,-0.18390929751466042,body,world
soft_medium,body_only,90164,True,False,m,1.439856144676443,0.0,,0.0,68,alarm,persistent,False,nan,0.2407146155834198,0.11427312605082988,-0.7450206386156915,body,world,0.17749387081712484,0.11421915255486965,-0.4408170839133869,body,world,0.14585651168599725,0.08348662192001939,-0.5579369392817213,world,world
soft_medium,body_only,90165,True,False,l,1.2997648895781109,0.0,,0.0,62,alarm,persistent,False,nan,0.1621773861348629,0.24056804478168486,0.39431226768931543,body,world,0.2013727154582739,0.150741814263165,-0.28958896266457845,body,world,0.17605726486071943,0.12227941425517201,-0.3645006038261743,body,world
soft_medium,body_only,90166,True,False,m,1.679679815459025,0.0,,0.0,64,alarm,persistent,False,nan,0.1511274479329586,0.17046086192131044,0.12038221465326261,body,world,0.1607941549271345,0.11147425808012486,-0.36633131111933875,body,world,0.13613420650362967,0.13284397954121233,-0.0244658582220317,body,world
soft_medium,body_only,90167,True,False,l,1.3590101711106688,0.0,,0.0,72,alarm,persistent,False,nan,0.17736417911946772,0.06020124666392803,-1.0805120671468458,world,world,0.11878271289169788,0.12300284588709473,0.03491161043755505,body,world,0.12089277938939631,0.1396269692108035,0.14407032884790555,body,world
soft_medium,body_only,90168,True,False,m,1.6457533914678304,0.0,,0.0,77,alarm,persistent,False,nan,0.10593204647302627,0.13633047454059125,0.25228408048592044,body,world,0.12113126050680875,0.11788001600652934,-0.027207461549833747,body,world,0.11950563825666904,0.14484162516891957,0.19227735295448123,body,world
soft_medium,body_only,90169,True,False,l,1.372684860076075,0.0,,0.0,63,alarm,persistent,False,nan,0.21490660905838013,0.16691419035196303,-0.2527237071532244,body,world,0.1909103997051716,0.10181844905018807,-0.6286128904007754,body,world,0.14636442437767982,0.12829170282930136,-0.13179296965772772,body,world
soft_medium,body_only,90170,True,False,m,1.5110806219967274,0.0,,0.0,77,alarm,persistent,False,nan,0.0661342352628708,0.17557469010353088,0.9763779928688624,body,world,0.12085446268320084,0.14545139372348787,0.1852549331188478,body,world,0.13315292820334435,0.14679398024454712,0.09753180504920703,body,world
soft_medium,body_only,90171,True,False,l,1.3393346079674444,0.0,,0.0,80,alarm,persistent,False,nan,0.1848520517349243,0.1443122785538435,-0.24757623215659086,body,world,0.1645821651443839,0.12167989648878574,-0.3020161323983263,body,world,0.14313103081658482,0.13852509642019867,-0.03270899932829068,body,world
soft_medium,body_only,90172,True,False,m,1.5992541406103382,0.0,,0.0,69,alarm,persistent,False,nan,0.1507735274732113,0.09279164783656597,-0.485422258923149,body,world,0.12178258765488863,0.1481529325246811,0.19600768156003337,body,world,0.13496776008978487,0.08787632659077645,-0.4291054894123174,body,world
soft_medium,body_only,90173,True,False,l,1.2909310796297793,0.0,,0.0,74,alarm,persistent,False,nan,0.2062281735241413,0.1827063277363777,-0.12110309692079818,body,world,0.19446725063025952,0.15001686615869403,-0.259516042825955,body,world,0.17224205839447676,0.11692813271656632,-0.38734130793600063,body,world
soft_medium,body_only,90174,True,False,m,1.4992846063269814,0.0,,0.0,60,alarm,persistent,False,nan,0.09355696178972721,0.2457801029086113,0.9658667777587726,body,body,0.16966853234916926,0.11816569194197654,-0.3617589154439507,body,world,0.1439171121455729,0.12180773732252419,-0.166793645675069,body,world
soft_medium,body_only,90175,True,False,l,1.375063495490151,0.0,,0.0,67,alarm,persistent,False,nan,0.0729894232004881,0.11096671670675277,0.41891576387316115,body,world,0.09197806995362043,0.1769241677597165,0.6541710314700582,body,world,0.13445111885666847,0.08778312942013144,-0.42633137006695176,body,world
soft_medium,body_only,90176,True,False,m,1.3570155774731387,0.0,,0.0,71,alarm,persistent,False,nan,0.15855798870325089,0.10336995236575604,-0.42780606196638815,body,world,0.13096397053450345,0.13267390727996825,0.01297204132964844,body,world,0.13181893890723587,0.11380616454407573,-0.1469326158257785,body,world
soft_medium,body_only,90177,True,False,l,1.2641200458110455,0.0,,0.0,62,alarm,persistent,False,nan,0.1448294311761856,0.16015187799930572,0.10056588921097051,body,world,0.15249065458774566,0.16767805009149014,0.09494245953893986,body,world,0.1600843523396179,0.08401964821387083,-0.6446501996349739,world,world
soft_medium,body_only,90178,True,False,m,1.5240608064758356,0.0,,0.0,68,alarm,persistent,False,nan,0.14362553879618645,0.17732357531785964,0.21076668518511713,body,world,0.16047455705702304,0.14009402245283126,-0.13582162085160873,body,world,0.15028428975492716,0.1085662845056504,-0.325167861830996,body,world
soft_medium,body_only,90179,True,False,l,1.4207768660969622,0.0,,0.0,63,alarm,persistent,False,nan,0.27917554080486295,0.06228798404335976,-1.5000722277907264,world,world,0.17073176242411137,0.10662861010059714,-0.4707418209453611,body,world,0.13868018626235426,0.09066160824149846,-0.4250364793074818,body,world
soft_medium,body_only,90180,True,False,m,1.6834084531201725,0.0,,0.0,70,alarm,persistent,False,nan,0.15979942232370375,0.1233260303735733,-0.25908791630029715,body,world,0.14156272634863853,0.10983333922922611,-0.25377879565204486,body,world,0.12569803278893232,0.15583528392016888,0.2149171116915994,body,world
soft_medium,body_only,90181,True,False,l,1.3164236438723707,0.0,,0.0,75,alarm,persistent,False,nan,0.2410098910331726,0.05809105411171913,-1.4228262962579745,world,world,0.14955047257244586,0.12978992369025946,-0.14171677328209648,body,world,0.13967019813135267,0.13315207045525312,-0.04779205394997669,body,world
soft_medium,body_only,90182,True,False,m,1.3450601064988406,0.0,,0.0,60,alarm,persistent,False,nan,0.11006236858665944,0.1606045424938202,0.377897893364708,body,world,0.13533345554023982,0.1471519852988422,0.08372419231584989,body,world,0.141242720419541,0.13111203452572226,-0.07442764875418778,body,world
soft_medium,body_only,90183,True,False,l,1.3429357517410216,0.0,,0.0,67,alarm,persistent,False,nan,0.1481955334544182,0.10401213429868221,-0.3540250054895226,body,world,0.1261038338765502,0.23410004312172533,0.6186429127283722,body,body,0.18010193849913775,0.13147927802056075,-0.31467375797609726,body,world
soft_medium,body_only,90184,True,False,m,1.6568892806087865,0.0,,0.0,73,alarm,persistent,False,nan,0.14656256660819053,0.14593619331717492,-0.004282919002183483,body,world,0.14624937996268272,0.09633624237030744,-0.4174686499275469,body,world,0.12129281116649508,0.10741085046902299,-0.12154634373705948,body,world
soft_medium,body_only,90185,True,False,l,1.43334245437914,0.0,,0.0,67,alarm,persistent,False,nan,0.11678490266203881,0.15581045001745225,0.28830640046098677,body,world,0.13629767633974552,0.15810733176767827,0.14843282695611681,body,world,0.14720250405371188,0.11368337501771748,-0.25839204528096765,body,world
soft_medium,body_only,90186,True,False,m,1.6331529059433587,0.0,,0.0,70,alarm,persistent,False,nan,0.16470944732427598,0.06809119358658791,-0.8833351074573509,body,world,0.11640032045543194,0.1374434396624565,0.16617719622337246,body,world,0.12692188005894423,0.13761450611054898,0.08088456270773069,body,world
soft_medium,body_only,90187,True,False,l,1.3141636302230804,0.0,,0.0,65,alarm,persistent,False,nan,0.17223254460841417,0.11165099814534188,-0.43346764902138135,body,world,0.14194177137687802,0.14022470451891422,-0.012170744577603112,body,world,0.14108323794789612,0.11982447770424187,-0.16332207003709617,body,world
soft_medium,body_only,90188,True,False,m,1.68271261290117,0.0,,0.0,72,alarm,persistent,False,nan,0.1402094431221485,0.17728162109851836,0.23460222081644333,body,world,0.15874553211033343,0.1021632768213749,-0.44073020659456646,body,world,0.13045440446585416,0.14377606799826026,0.09723323118825487,body,world
soft_medium,body_only,90189,True,False,l,1.2673551846296478,0.0,,0.0,69,alarm,persistent,False,nan,0.17178391255438327,0.04244339121505618,-1.3980661479631717,world,world,0.10711365188471973,0.14010112434625627,0.2684740407146574,body,world,0.12360738811548799,0.14233553172089158,0.14107685215275487,body,world
soft_medium,body_only,90190,True,False,m,1.4616304439624153,0.0,,0.0,61,alarm,persistent,False,nan,0.13474154993891715,0.15640870481729507,0.14911398531233247,body,world,0.14557512737810613,0.14894293230026961,0.02287093516157893,body,world,0.14725902983918787,0.1347353886347264,-0.08888037306549927,body,world
soft_medium,body_only,90191,True,False,l,1.3598610545526153,0.0,,0.0,75,alarm,persistent,False,nan,0.134332175552845,0.15189260616898537,0.1228580782403608,body,world,0.14311239086091518,0.08321128413081169,-0.5422473064362456,body,world,0.11316183749586343,0.10952734346501529,-0.032644754241992195,body,world
soft_medium,body_only,90192,True,False,m,1.6394540644586693,0.0,,0.0,73,alarm,persistent,False,nan,0.09954006262123585,0.13624888397753238,0.31392303998276144,body,world,0.11789447329938411,0.12441288381814956,0.053815812339194,body,world,0.12115367855876684,0.12810082007199525,0.05575780022046941,body,world
soft_medium,body_only,90193,True,False,l,1.2806965176607972,0.0,,0.0,79,alarm,persistent,False,nan,0.1471756886690855,0.13850994352251292,-0.06068491671987434,body,world,0.1428428160957992,0.1326850701123476,-0.07376641113282559,body,world,0.13776394310407342,0.15049670180305838,0.08839950575211107,body,world
soft_medium,body_only,90194,True,False,m,1.3882151295384004,0.0,,0.0,72,alarm,persistent,False,nan,0.1198608973994851,0.22373231798410415,0.6241184461969354,body,world,0.17179660769179464,0.12786883004009725,-0.2953062904960747,body,world,0.14983271886594593,0.10487024879548698,-0.35679560396762594,body,world
soft_medium,body_only,90195,True,False,l,1.4070168029723402,0.0,,0.0,68,alarm,persistent,False,nan,0.22056477889418602,0.14719149023294448,-0.40445703986834747,body,world,0.18387813456356525,0.1085258312523365,-0.5272850053255553,body,world,0.1462019829079509,0.12695160415023565,-0.1411831660556771,body,world
soft_medium,body_only,90196,True,False,m,1.4747105385822876,0.0,,0.0,78,alarm,persistent,False,nan,0.05921163186430931,0.13754481822252274,0.8428318079216076,body,world,0.09837822504341602,0.17505566254258156,0.5762845056606085,body,world,0.13671694379299879,0.15723565532825887,0.1398329845510633,body,world
soft_medium,body_only,90197,True,False,l,1.3111555143573217,0.0,,0.0,62,alarm,persistent,False,nan,0.127786098793149,0.12962512187659742,0.014288843883064742,body,world,0.1287056103348732,0.19512010514736175,0.416087586795618,body,body,0.16191285774111747,0.09263367773965,-0.5584055093000662,world,world
soft_medium,body_only,90198,True,False,m,1.379640047296776,0.0,,0.0,79,alarm,persistent,False,nan,0.12208651378750801,0.10744665712118148,-0.12773541123843285,body,world,0.11476658545434475,0.08057525958865881,-0.35370872464768144,body,world,0.09767092252150178,0.14770822189748287,0.41363495948122736,body,world
soft_medium,body_only,90199,True,False,l,1.4868269255907973,0.0,,0.0,73,alarm,persistent,False,nan,0.13862578570842743,0.15150624215602876,0.08884871292655651,body,world,0.1450660139322281,0.14470800720155239,-0.0024709386398884593,body,world,0.14488701056689024,0.09324269760400057,-0.44074845560664505,body,world
soft_medium,body_only,90200,True,False,m,1.568789452616487,0.0,,0.0,75,alarm,persistent,False,nan,0.10968263894319534,0.09545444659888744,-0.13894196062918998,body,world,0.1025685427710414,0.1744196031242609,0.5309326233405874,body,world,0.13849407294765115,0.15900103459134698,0.1380831789529981,body,world
soft_medium,body_only,90201,True,False,l,1.237480856854104,0.0,,0.0,74,alarm,persistent,False,nan,0.12981132045388222,0.22724697589874268,0.5599554105349841,body,world,0.17852914817631244,0.10431052334606647,-0.5373796311000522,body,world,0.14141983576118947,0.09133569342084229,-0.4371913670602268,body,world
soft_medium,body_only,90202,True,False,m,1.589816924085751,0.0,,0.0,69,alarm,persistent,False,nan,0.19386340752243997,0.12995727509260177,-0.3999480828397723,body,world,0.16191034130752086,0.20361343938857318,0.22918055797852124,body,body,0.18276189034804702,0.13342566816136242,-0.3146396300025103,body,world
soft_medium,body_only,90203,True,False,l,1.2163108575505985,0.0,,0.0,68,alarm,persistent,False,nan,0.129710291326046,0.1590793963521719,0.2040999903844043,body,world,0.14439484383910894,0.11709385635331274,-0.2095757140673664,body,world,0.13074435009621083,0.11861792868003249,-0.09733624606256208,body,world
soft_medium,body_only,90204,True,False,m,1.577624770964431,0.0,,0.0,61,alarm,persistent,False,nan,0.0473870612680912,0.09727331772446632,0.7191755022931727,body,world,0.07233018949627876,0.12598736099898816,0.5549399916455885,body,world,0.09915877524763346,0.11810202114284038,0.1748264810664482,body,world
soft_medium,body_only,90205,True,False,l,1.3675497082151145,0.0,,0.0,65,alarm,persistent,False,nan,0.10977727845311165,0.17963075637817383,0.49244981863102816,body,world,0.14470401741564273,0.13484395015984774,-0.0705722119087902,body,world,0.13977398378774525,0.13089912328869105,-0.06559974121479685,body,world
soft_medium,body_only,90206,True,False,m,1.5176465510618466,0.0,,0.0,74,alarm,persistent,False,nan,0.16277213096618653,0.11900190412998199,-0.3132117591273098,body,world,0.14088701754808425,0.11993430610746145,-0.16101413141274123,body,world,0.13041066182777286,0.10920099574141204,-0.17749822685277308,body,world
soft_medium,body_only,90207,True,False,l,1.2488637580931352,0.0,,0.0,80,alarm,persistent,False,nan,0.12705279178917409,0.06404408998787403,-0.6850309312321636,body,world,0.09554844088852406,0.13141517508774997,0.31872823379093784,body,world,0.113481807988137,0.13856829188298433,0.19972074425785782,body,world
soft_medium,body_only,90208,True,False,m,1.4834364114696996,0.0,,0.0,66,alarm,persistent,False,nan,0.08128081858158112,0.1668696627020836,0.7193029899241665,body,world,0.12407524064183235,0.10027893483638764,-0.21293250961962348,body,world,0.11217708773910999,0.08170990599319339,-0.3169035202335717,body,world
soft_medium,body_only,90209,True,False,l,1.263629522578016,0.0,,0.0,60,alarm,persistent,False,nan,0.147718058899045,0.24938196837902069,0.5236802811374348,body,body,0.19855001363903285,0.16196170449256897,-0.2036811110042411,body,world,0.1802558590658009,0.1027809826657176,-0.5617769384726936,world,world
soft_medium,body_only,90210,True,False,m,1.3346147837212192,0.0,,0.0,73,alarm,persistent,False,nan,0.11091665215790272,0.13471187986433505,0.1943592367119833,body,world,0.12281426601111889,0.13902029544115066,0.12394675114571135,body,world,0.1309172807261348,0.15169149143621324,0.14728311777074202,body,world
soft_medium,body_only,90211,True,False,l,1.30656153459059,0.0,,0.0,71,alarm,persistent,False,nan,0.25744723305106165,0.13377755470573902,-0.6546363978655886,body,world,0.19561239387840032,0.12399672474712134,-0.45587996705331496,body,world,0.15980455931276083,0.09289308907464147,-0.5425023122571849,world,world
soft_medium,body_only,90212,True,False,m,1.6930851814175538,0.0,,0.0,60,alarm,persistent,False,nan,0.15422172993421554,0.24856704771518706,0.4773212472074214,body,body,0.20139438882470131,0.1285250593908131,-0.4491412190089259,body,world,0.16495972410775722,0.09058233238756656,-0.5994421605147107,world,world
soft_medium,body_only,90213,True,False,l,1.3559979569855254,0.0,,0.0,66,alarm,persistent,False,nan,0.16731514632701874,0.14410306923091412,-0.1493503357369651,body,world,0.15570910777896643,0.17055759588256478,0.09108347262353285,body,world,0.1631333518307656,0.09493043795228004,-0.5414235844224532,world,world
soft_medium,body_only,90214,True,False,m,1.3935857870234445,0.0,,0.0,60,alarm,persistent,False,nan,0.14040509909391402,0.11721469964832068,-0.18052451636642586,body,world,0.12880989937111736,0.11228045895695686,-0.13733783009192824,body,world,0.1205451791640371,0.1386668115388602,0.14004940286040637,body,world
soft_medium,body_only,90215,True,False,l,1.3131198647094737,0.0,,0.0,80,alarm,persistent,False,nan,0.09831615313887596,0.1863941326737404,0.6396750861183397,body,world,0.14235514290630819,0.09905376117676497,-0.36266219674203043,body,world,0.12070445204153657,0.11377054215408862,-0.05916138071362041,body,world
soft_medium,body_only,90216,True,False,m,1.681261135717984,0.0,,0.0,66,alarm,persistent,False,nan,0.06772972047328948,0.15640426389873027,0.8369190043747275,body,world,0.11206699218600988,0.13010798580944538,0.14926792872518302,body,world,0.12108748899772763,0.11061229684855789,-0.09048206790329517,body,world
soft_medium,body_only,90217,True,False,l,1.413471960665546,0.0,,0.0,75,alarm,persistent,False,nan,0.22903471887111665,0.12984180003404616,-0.5675568162646665,body,world,0.1794382594525814,0.11285071764141322,-0.4637653277858325,body,world,0.1461444885469973,0.11894778672140091,-0.20591115013413783,body,world
soft_medium,body_only,90218,True,False,m,1.584896311018346,0.0,,0.0,74,alarm,persistent,False,nan,0.1578544981777668,0.09393273228779435,-0.5190947989947117,body,world,0.1258936152327806,0.11366319172084331,-0.10219760998301475,body,world,0.11977840347681194,0.15209106877446174,0.23883608015818647,body,world
soft_medium,body_only,90219,True,False,l,1.3119810143159762,0.0,,0.0,70,alarm,persistent,False,nan,0.20040972232818605,0.12745972350239754,-0.4525634620510337,body,world,0.1639347229152918,0.12628305833786727,-0.2609424354845757,body,world,0.14510889062657953,0.11120120035484433,-0.2661432541061228,body,world
soft_medium,body_only,90220,True,False,m,1.300500753923412,0.0,,0.0,65,alarm,persistent,False,nan,0.15404338166117668,0.18508778810501098,0.18359598097934762,body,world,0.16956558488309384,0.1417504394426942,-0.17917174071762812,body,world,0.15565801216289402,0.12546479522716253,-0.21563616796966686,body,world
soft_medium,body_only,90221,True,False,l,1.325946290087466,0.0,,0.0,69,alarm,persistent,False,nan,0.25645733550190924,0.1720968320965767,-0.3989050217431521,body,world,0.21427708379924298,0.14244594648480416,-0.408307356786456,body,world,0.17836151514202356,0.15502598201856016,-0.14021974577864751,body,world
soft_medium,body_only,90222,True,False,m,1.3799548422979533,0.0,,0.0,63,alarm,persistent,False,nan,0.10401465632021427,0.22496852576732634,0.7714286915728633,body,world,0.1644915910437703,0.15672163609415293,-0.048388237441836235,body,world,0.1606066135689616,0.13603686885908245,-0.1660320374957188,body,world
soft_medium,body_only,90223,True,False,l,1.2088747342560058,0.0,,0.0,66,alarm,persistent,False,nan,0.24277250468730927,0.17921086233109235,-0.30356169574347946,body,world,0.2109916835092008,0.13411126472055912,-0.45314892890087344,body,world,0.17255147411487998,0.11113490955904126,-0.43995072788202566,body,world
soft_medium,body_only,90224,True,False,m,1.3689372681649405,0.0,,0.0,67,alarm,persistent,False,nan,0.19430659264326094,0.18189771324396134,-0.06599277209155671,body,world,0.18810215294361116,0.1649549975991249,-0.13131248710476257,body,world,0.17652857527136803,0.13616167502477766,-0.2596397961882772,body,world
soft_medium,body_only,90225,True,False,l,1.4190999555086545,0.0,,0.0,76,alarm,persistent,False,nan,0.07174042444676161,0.10225099734961987,0.354376160360317,body,world,0.08699571089819073,0.10231910161674022,0.16223755968003942,body,world,0.09465740625746548,0.11272584057878703,0.17469455769265813,body,world
soft_medium,body_only,90226,True,False,m,1.3666051873938825,0.0,,0.0,68,alarm,persistent,False,nan,0.2275962635874748,0.24099888205528258,0.05721900916295486,body,world,0.2342975728213787,0.08112877714447678,-1.0605542526804974,world,world,0.15771317498292775,0.10724022798240185,-0.38570659580245653,body,world
soft_medium,body_only,90227,True,False,l,1.2089853713110907,0.0,,0.0,76,alarm,persistent,False,nan,0.12944942712783813,0.09362775832414627,-0.32396337794632923,body,world,0.1115385927259922,0.12952957022935152,0.1495385424965654,body,world,0.12053408147767186,0.1614559140522033,0.2922995806121407,body,world
soft_medium,body_only,90228,True,False,m,1.3941552835422104,0.0,,0.0,76,alarm,persistent,False,nan,0.17666416391730308,0.3305922269821167,0.6266351219878089,body,body,0.2536281954497099,0.11657092785462737,-0.7773694866434778,body,world,0.18509956165216862,0.11053570595104248,-0.5155552518680351,world,world
soft_medium,body_only,90229,True,False,l,1.4129882265602367,0.0,,0.0,60,alarm,persistent,False,nan,0.10589057132601738,0.04799414575099945,-0.7913271749460745,body,world,0.07694235853850842,0.10481492248363793,0.3091396007504912,body,world,0.09087864051107317,0.10637372098863125,0.1574335675167934,body,world
soft_medium,body_only,90230,True,False,m,1.387380358400205,0.0,,0.0,62,alarm,persistent,False,nan,0.08243606891483068,0.17097036093473433,0.7294671429238871,body,world,0.1267032149247825,0.11784664634615183,-0.07246328930505108,body,world,0.12227493063546717,0.11548871607519687,-0.057099210271616956,body,world
soft_medium,body_only,90231,True,False,l,1.2736796593502162,0.0,,0.0,79,alarm,persistent,False,nan,0.14831518083810807,0.11400430053472518,-0.2631034379654451,body,world,0.13115974068641661,0.11770488023757934,-0.10823549812868052,body,world,0.12443231046199799,0.17232882929965854,0.32564257292396487,body,world
soft_medium,body_only,90232,True,False,m,1.3398772042708087,0.0,,0.0,65,alarm,persistent,False,nan,0.22397657334804535,0.09239560663700104,-0.8854620328195438,body,world,0.1581860899925232,0.12614974174648524,-0.22630249685437873,body,world,0.14216791586950422,0.14540146689396352,0.022489788612932517,body,world
soft_medium,body_only,90233,True,False,l,1.2151805568406018,0.0,,0.0,74,alarm,persistent,False,nan,0.13973242342472075,0.10346852093935013,-0.30046191163668273,body,world,0.12160047218203544,0.1634240111336112,0.2956072659919033,body,world,0.14251224165782334,0.14453889280557633,0.014120723311144895,body,world
soft_medium,body_only,90234,True,False,m,1.412785576783788,0.0,,0.0,80,alarm,persistent,False,nan,0.11121130026876927,0.1378144696354866,0.21447635990318747,body,world,0.12451288495212794,0.0656275326386094,-0.6404138913856122,body,world,0.09507020879536868,0.14379334785044193,0.41376152588802056,body,world
soft_medium,body_only,90235,True,False,l,1.4243033807217698,0.0,,0.0,60,alarm,persistent,False,nan,0.08871193677186966,0.13250978980213404,0.4012620730801653,body,world,0.11061086328700184,0.1360544040799141,0.20703653007846018,body,world,0.12333263368345797,0.17881958754733204,0.37149236266301056,body,body
soft_medium,body_only,90236,True,False,m,1.6997035312296203,0.0,,0.0,64,alarm,persistent,False,nan,0.12742459923028945,0.18990694880485534,0.3990093979855803,body,world,0.1586657740175724,0.1330145148560405,-0.1763416830848272,body,world,0.14584014443680643,0.0907062842976302,-0.4748844793943867,world,world
soft_medium,body_only,90237,True,False,l,1.376968432617344,0.0,,0.0,75,alarm,persistent,False,nan,0.13583051264286042,0.16535888463258744,0.19671029228705278,body,world,0.15059469863772393,0.1181695494800806,-0.24247165996667946,body,world,0.13438212405890226,0.10241701491177083,-0.27163455367899303,body,world
soft_medium,body_only,90238,True,False,m,1.5968317899030746,0.0,,0.0,62,alarm,persistent,False,nan,0.12653895765542983,0.21019671633839607,0.507493610303266,body,world,0.16836783699691296,0.11823995169252158,-0.3534350432168397,body,world,0.14330389434471727,0.14132548663765193,-0.013901864682374475,body,world
soft_medium,body_only,90239,True,False,l,1.3434682340044826,0.0,,0.0,67,alarm,persistent,False,nan,0.16500188782811165,0.1785735197365284,0.07904347647940167,body,world,0.17178770378232003,0.11643007956445217,-0.3889685167107941,body,world,0.14410889167338609,0.11191510315984488,-0.252828629622281,body,world
soft_medium,world_only,90240,False,True,,1.0,1.0,short,-0.05,59,alarm,persistent,False,nan,0.0524216752499342,0.11436449028551579,0.7800704755542306,body,world,0.08339308276772499,0.18626586422324182,0.80360966517985,body,world,0.1348294734954834,0.09793008584529161,-0.3197570063567331,body,world
soft_medium,world_only,90241,False,True,,1.0,1.0,medium,0.1,75,alarm,persistent,False,nan,0.1626069236546755,0.11631946712732315,-0.334995344426993,body,world,0.13946319539099933,0.13246891554445028,-0.05145271589002004,body,world,0.1359660554677248,0.14573748549446464,0.06940169629380445,body,world
soft_medium,world_only,90242,False,True,,1.0,-2.0,short,0.2,69,alarm,persistent,False,nan,0.37362472862005236,0.14835615009069442,-0.9236360917556589,body,world,0.26099043935537336,0.14035854674875736,-0.6202835789101407,body,world,0.20067449305206536,0.14741086405701936,-0.30846047616848576,body,world
soft_medium,world_only,90243,False,True,,1.0,2.0,medium,0.05,68,alarm,persistent,False,nan,0.18868212699890136,0.2600758597254753,0.3209096252327708,body,body,0.22437899336218833,0.11464295145124197,-0.6715140282224792,body,world,0.16951097240671514,0.1569122286979109,-0.07723106254784153,body,world
soft_medium,world_only,90244,False,True,,1.0,-4.0,short,0.05,65,alarm,persistent,False,nan,0.5710239171981811,0.14695086032152177,-1.357332847924015,world,world,0.3589873887598515,0.15077286418527364,-0.8675127654079211,world,world,0.25488012647256253,0.17728708684444427,-0.3630229641748276,body,body
soft_medium,world_only,90245,False,True,,1.0,4.0,medium,0.25,65,alarm,persistent,False,nan,0.4564294308423996,0.5677139163017273,0.21818352269035496,body,body,0.5120716735720634,0.14029859844595194,-1.2946916053229545,world,world,0.32618513600900767,0.10902161938138306,-1.0959189165293393,world,world
soft_medium,world_only,90246,False,True,,1.0,-1.0,short,0.1,75,alarm,persistent,False,nan,0.2825471207499504,0.117970659583807,-0.8734093898390685,body,world,0.2002588901668787,0.10990765560418367,-0.5999704615910977,body,world,0.1550832728855312,0.17719148825854064,0.1332687852810196,body,body
soft_medium,world_only,90247,False,True,,1.0,-1.0,medium,-0.15000000000000002,77,alarm,persistent,False,nan,0.2364035502076149,0.13397701382637023,-0.5678720565905826,body,world,0.18519028201699256,0.1138629836961627,-0.4863880197904479,body,world,0.14952663285657763,0.07754914006218314,-0.6565627224191234,world,world
soft_medium,world_only,90248,False,True,,1.0,-2.0,short,0.15000000000000002,70,alarm,persistent,False,nan,0.3230318635702133,0.2109978660941124,-0.42590294705448983,body,world,0.26701486483216286,0.10544427707791329,-0.9291216963552386,world,world,0.18622957095503806,0.1218822999857366,-0.42392434025315395,body,world
soft_medium,world_only,90249,False,True,,1.0,2.0,medium,-0.25,60,alarm,persistent,False,nan,0.2457466319203377,0.1625954695045948,-0.4130357197242924,body,world,0.20417105071246625,0.17040895335376263,-0.18075697022686302,body,world,0.18729000203311444,0.1864836098626256,-0.0043148761493699206,body,body
soft_medium,world_only,90250,False,True,,1.0,4.0,short,0.05,68,alarm,persistent,False,nan,0.4286918640136719,0.17135997638106346,-0.9169719262820587,body,world,0.3000259201973677,0.1835316888988018,-0.4914815274500114,body,world,0.24177880454808473,0.10847875003237277,-0.8014689758200203,world,world
soft_medium,world_only,90251,False,True,,1.0,-4.0,medium,0.15000000000000002,77,alarm,persistent,False,nan,0.6271872639656066,0.5922041833400726,-0.05739368294388254,body,body,0.6096957236528396,0.13306684605777264,-1.5221084151367112,world,world,0.37138128485530614,0.164198159892112,-0.8161552663927549,world,world
soft_medium,world_only,90252,False,True,,1.0,-1.0,short,-0.05,78,alarm,persistent,False,nan,0.19837016761302947,0.1270080680027604,-0.44588420666957185,body,world,0.16268911780789494,0.1531923867762089,-0.060146565572674254,body,world,0.1579407522920519,0.11388519369065761,-0.3270291091420716,body,world
soft_medium,world_only,90253,False,True,,1.0,1.0,medium,-0.05,60,alarm,persistent,False,nan,0.14903085865080357,0.12083199024200439,-0.2097523192148606,body,world,0.134931424446404,0.14992243554443122,0.10535138166958308,body,world,0.1424269299954176,0.152072296384722,0.06552694564401897,body,world
soft_medium,world_only,90254,False,True,,1.0,2.0,short,0.1,75,alarm,persistent,False,nan,0.17153437286615372,0.18573713675141335,0.07954875947194444,body,world,0.17863575480878352,0.15456662140786648,-0.14472363338568595,body,world,0.166601188108325,0.15189067870378495,-0.09244181817973662,body,world
soft_medium,world_only,90255,False,True,,1.0,2.0,medium,0.25,70,alarm,persistent,False,nan,0.21747169010341166,0.21097551435232162,-0.030326600594402467,body,world,0.21422360222786666,0.12672140561044215,-0.525029319489867,body,world,0.17047250391915442,0.20324017656967044,0.17581439911710517,body,body
soft_medium,world_only,90256,False,True,,1.0,-4.0,short,-0.2,70,alarm,persistent,False,nan,0.6079507350921631,0.1440535619854927,-1.43990866222502,world,world,0.3760021485388279,0.14914652667939662,-0.9246656343157863,world,world,0.26257433760911225,0.15506496059242636,-0.5266901031151421,world,world
soft_medium,world_only,90257,False,True,,1.0,-4.0,medium,-0.05,64,alarm,persistent,False,nan,0.7346673130989074,0.8342321395874024,0.12709394695402879,body,body,0.7844497263431549,0.1108030678704381,-1.9572280241358166,world,world,0.4476263971067965,0.16571223940700291,-0.993706162905418,world,world
soft_medium,world_only,90258,False,True,,1.0,-1.0,short,0.25,67,alarm,persistent,False,nan,0.22257876694202422,0.1679815925657749,-0.2814266423488115,body,world,0.19528017975389958,0.13588489927351474,-0.36262714805105484,body,world,0.16558253951370716,0.11417358154430986,-0.3717498632017387,body,world
soft_medium,world_only,90259,False,True,,1.0,1.0,medium,-0.25,71,alarm,persistent,False,nan,0.0867819219827652,0.23001233190298082,0.974734596568636,body,world,0.158397126942873,0.17437282316386699,0.09609032762071663,body,world,0.16638497505337,0.1514166107401252,-0.09426918090707734,body,world
soft_medium,world_only,90260,False,True,,1.0,-2.0,short,-0.05,78,alarm,persistent,False,nan,0.3212362349033356,0.16615457236766815,-0.6592582728030176,body,world,0.24369540363550185,0.1187889575958252,-0.7185706466260521,body,world,0.18124218061566352,0.16277331840246917,-0.10747560311337023,body,world
soft_medium,world_only,90261,False,True,,1.0,-2.0,medium,0.15000000000000002,76,alarm,persistent,False,nan,0.4163925588130951,0.3962651163339615,-0.04954499335485377,body,body,0.4063288375735283,0.13801567405462264,-1.0797955177224277,world,world,0.27217225581407545,0.14593115244060756,-0.6233002074208078,world,world
soft_medium,world_only,90262,False,True,,1.0,-4.0,short,0.1,68,alarm,persistent,False,nan,0.5950845628976822,0.11127691306173801,-1.6766817110130092,world,world,0.3531807379797101,0.09637792855501175,-1.2987027130077433,world,world,0.22477933326736094,0.11914492016658187,-0.6347786112289352,world,world
soft_medium,world_only,90263,False,True,,1.0,-4.0,medium,-0.15000000000000002,76,alarm,persistent,False,nan,0.6134529322385788,0.43988255262374876,-0.3325957757141713,body,body,0.5266677424311638,0.12379893269389868,-1.4479111409407512,world,world,0.32523333756253126,0.12175559662282467,-0.9825271573885619,world,world
soft_medium,world_only,90264,False,True,,1.0,1.0,short,-0.15000000000000002,76,alarm,persistent,False,nan,0.12346012946218252,0.18499669954180717,0.40441971902301427,body,world,0.15422841450199484,0.1038598982617259,-0.3953918557500652,body,world,0.12904415638186037,0.1683251499198377,0.26574288176289934,body,world
soft_medium,world_only,90265,False,True,,1.0,1.0,medium,-0.05,73,alarm,persistent,False,nan,0.11507955044507981,0.22958260625600815,0.6906392726309903,body,world,0.17233107835054398,0.15146982669830322,-0.12903105934206605,body,world,0.1619004525244236,0.18823107257485389,0.1506886617683411,body,body
soft_medium,world_only,90266,False,True,,1.0,2.0,short,0.1,80,alarm,persistent,False,nan,0.29309579730033875,0.08418920412659645,-1.2474328128189995,world,world,0.1886425007134676,0.15683617144823075,-0.18465192667080335,body,world,0.17273933608084918,0.18398753553628922,0.06308428327831068,body,body
soft_medium,world_only,90267,False,True,,1.0,2.0,medium,-0.05,73,alarm,persistent,False,nan,0.259041953086853,0.2554604962468147,-0.0139222454378926,body,body,0.25725122466683387,0.07158654015511275,-1.2791460656780262,world,world,0.1644188824109733,0.17828548941761255,0.08096880605283631,body,body
soft_medium,world_only,90268,False,True,,1.0,-4.0,short,-0.1,69,alarm,persistent,False,nan,0.5968029333278537,0.15221480429172515,-1.3662942546027725,world,world,0.3745088688097894,0.1535625323653221,-0.8915076233673875,world,world,0.26403570058755577,0.14869420174509287,-0.5741924637678885,world,world
soft_medium,world_only,90269,False,True,,1.0,4.0,medium,0.0,74,alarm,persistent,False,nan,0.4941319108009338,0.5730547547340393,0.14817876269376312,body,body,0.5335933327674866,0.21967433765530586,-0.887487833444279,world,world,0.3766338352113962,0.13414429742842912,-1.032357389035308,world,world
soft_medium,world_only,90270,False,True,,1.0,-1.0,short,0.1,81,alarm,persistent,False,nan,0.1207513839006424,0.17802668325603008,0.38819969164817475,body,world,0.14938903357833624,0.10864302963018417,-0.31848631661713034,body,world,0.1290160316042602,0.12062342129647732,-0.06726320076615852,body,world
soft_medium,world_only,90271,False,True,,1.0,1.0,medium,-0.15000000000000002,77,alarm,persistent,False,nan,0.18206296786665915,0.11511575914919377,-0.4584143811525669,body,world,0.14858936350792645,0.12321672160178423,-0.18724178253674637,body,world,0.13590304255485536,0.17064110469073057,0.2276208388556547,body,world
soft_medium,world_only,90272,False,True,,1.0,-2.0,short,-0.2,58,alarm,persistent,False,nan,0.3421546697616577,0.2346765697002411,-0.377054618566448,body,world,0.2884156197309494,0.10463971586432308,-1.013879391557628,world,world,0.19652766779763625,0.13173065772280096,-0.40004385824826544,body,world
soft_medium,world_only,90273,False,True,,1.0,2.0,medium,-0.2,71,alarm,persistent,False,nan,0.16441722866147757,0.26492806524038315,0.47705106287122817,body,body,0.21467264695093036,0.10779560105875134,-0.6888774443780719,body,world,0.16123412400484086,0.18276791404932738,0.12535962367462178,body,body
soft_medium,world_only,90274,False,True,,1.0,4.0,short,-0.15000000000000002,60,alarm,persistent,False,nan,0.5095597058534622,0.16003466472029687,-1.1581565847159925,world,world,0.3347971852868795,0.08094260152429342,-1.4197846511085652,world,world,0.20786989340558648,0.11984992618672549,-0.5506720265138979,world,world
soft_medium,world_only,90275,False,True,,1.0,4.0,medium,0.2,76,alarm,persistent,False,nan,0.5670408546924591,0.591864013671875,0.04284554659875035,body,body,0.5794524341821671,0.16531041488051415,-1.2542585698470328,world,world,0.3723814245313406,0.18352637947537004,-0.7075602492166765,world,world
soft_medium,world_only,90276,False,True,,1.0,1.0,short,-0.1,69,alarm,persistent,False,nan,0.07536986246705055,0.12683657184243202,0.5204919288046781,body,world,0.10110321715474128,0.18231390919536353,0.5895880301268998,body,world,0.1417085631750524,0.0966287289513275,-0.38289647843705504,body,world
soft_medium,world_only,90277,False,True,,1.0,-1.0,medium,0.25,75,alarm,persistent,False,nan,0.22270350027829408,0.2547685161232948,0.13451406136848212,body,body,0.23873600820079446,0.1145332770422101,-0.7344929632895367,body,world,0.17663464262150227,0.09271210627630352,-0.6445843729295848,world,world
soft_medium,world_only,90278,False,True,,1.0,2.0,short,0.2,64,alarm,persistent,False,nan,0.19127264320850373,0.1737604858353734,-0.09602202880431479,body,world,0.18251656452193857,0.18559753205627202,0.01673958974561867,body,world,0.1840570482891053,0.10767761436291039,-0.5361040438298316,world,world
soft_medium,world_only,90279,False,True,,1.0,-2.0,medium,-0.15000000000000002,63,alarm,persistent,False,nan,0.39126164764165877,0.3355434775352478,-0.1536249734567158,body,body,0.36340256258845327,0.18208389021456242,-0.6910436915154343,body,world,0.27274322640150783,0.13484014049172402,-0.7044408576669178,world,world
soft_medium,world_only,90280,False,True,,1.0,4.0,short,0.2,77,alarm,persistent,False,nan,0.41093554347753525,0.07300881184637546,-1.7278562295877244,world,world,0.24197217766195536,0.1705669142305851,-0.3496950726461336,body,world,0.20626954594627023,0.14840466817840933,-0.32924100198255307,body,world
soft_medium,world_only,90281,False,True,,1.0,4.0,medium,0.1,77,alarm,persistent,False,nan,0.5651232242584229,0.5837156295776367,0.03237012518226475,body,body,0.5744194269180298,0.1985224351286888,-1.062457721339291,world,world,0.3864709310233593,0.10965376435779035,-1.2597288494496712,world,world
soft_medium,world_only,90282,False,True,,1.0,1.0,short,0.15000000000000002,68,alarm,persistent,False,nan,0.10757759511470795,0.12899149321019648,0.18153405587517385,body,world,0.11828454416245222,0.1179376132786274,-0.0029373293091850337,body,world,0.1181110787205398,0.14120209903921932,0.17856666389794676,body,world
soft_medium,world_only,90283,False,True,,1.0,-1.0,medium,-0.05,74,alarm,persistent,False,nan,0.3569289565086365,0.291640168428421,-0.20201601814013273,body,body,0.32428456246852877,0.09395595584064723,-1.238795291977535,world,world,0.20912025915458798,0.12529813962755726,-0.5122134746918229,world,world
soft_medium,world_only,90284,False,True,,1.0,2.0,short,-0.2,72,alarm,persistent,False,nan,0.11911615431308746,0.09194124937057495,-0.2589493244502278,body,world,0.1055287018418312,0.14012315049767493,0.2835387110705206,body,world,0.12282592616975307,0.09963182369247078,-0.20928649004896066,body,world
soft_medium,world_only,90285,False,True,,1.0,-2.0,medium,-0.2,73,alarm,persistent,False,nan,0.4041160583496094,0.4952136516571045,0.203287179108367,body,body,0.44966485500335696,0.12032335326075554,-1.3183198092946027,world,world,0.2849941041320562,0.15632001259364187,-0.6005632239410383,world,world
soft_medium,world_only,90286,False,True,,1.0,4.0,short,-0.1,67,alarm,persistent,False,nan,0.4009333744645119,0.18613701760768891,-0.7673122087130888,body,world,0.2935351960361004,0.13572870679199694,-0.7713394599631719,body,world,0.21463195141404867,0.102382778422907,-0.7402061883454796,world,world
soft_medium,world_only,90287,False,True,,1.0,4.0,medium,0.2,79,alarm,persistent,False,nan,0.7052221298217773,0.5841225266456604,-0.18840206422493036,body,body,0.6446723282337189,0.19466293528676032,-1.1974726435395449,world,world,0.4196676317602396,0.11092251911759377,-1.3306311134294095,world,world
soft_medium,world_only,90288,False,True,,1.0,-1.0,short,-0.05,78,alarm,persistent,False,nan,0.14506976455450057,0.11163735091686249,-0.2619590819835003,body,world,0.12835355773568152,0.09571187533438205,-0.2934462460098334,body,world,0.1120327165350318,0.14244918301701545,0.2401943851425429,body,world
soft_medium,world_only,90289,False,True,,1.0,1.0,medium,-0.05,64,alarm,persistent,False,nan,0.11041709557175636,0.17892448008060455,0.4826988447770675,body,world,0.14467078782618045,0.0998510817065835,-0.37078083918533256,body,world,0.12226093476638197,0.11128085684031248,-0.09410032285213614,body,world
soft_medium,world_only,90290,False,True,,1.0,2.0,short,0.1,66,alarm,persistent,False,nan,0.3169531226158142,0.11738590337336063,-0.9932870580548181,world,world,0.21716951299458742,0.15565111115574837,-0.33306117879091934,body,world,0.1864103120751679,0.10643059662543237,-0.5604571251744019,world,world
soft_medium,world_only,90291,False,True,,1.0,-2.0,medium,0.15000000000000002,75,alarm,persistent,False,nan,0.4036145031452179,0.5185649514198303,0.25060506546379996,body,body,0.4610897272825241,0.20236243754625322,-0.8235323253007177,world,world,0.33172608241438867,0.12643751609139145,-0.9645613332087445,world,world
soft_medium,world_only,90292,False,True,,1.0,-4.0,short,0.1,74,alarm,persistent,False,nan,0.6107793688774109,0.12569361701607704,-1.5808884607588298,world,world,0.368236492946744,0.16679311394691468,-0.7919711698582129,body,world,0.2675148034468293,0.18196488143876194,-0.3853611954629015,body,body
soft_medium,world_only,90293,False,True,,1.0,4.0,medium,0.1,69,alarm,persistent,False,nan,0.5676717340946198,0.5768066942691803,0.015963873057689773,body,body,0.5722392141819,0.15953067783266306,-1.2773208693282283,world,world,0.36588494600728155,0.13753974679857492,-0.9784059858494313,world,world
soft_medium,world_only,90294,False,True,,1.0,-1.0,short,-0.1,70,alarm,persistent,False,nan,0.33482023179531095,0.15385437309741973,-0.7775872404989794,body,world,0.24433730244636537,0.07640391644090413,-1.1625157005770164,world,world,0.16037060944363474,0.10216003926470876,-0.45094684967873044,body,world
soft_medium,world_only,90295,False,True,,1.0,1.0,medium,0.2,64,alarm,persistent,False,nan,0.11928034387528896,0.16427989602088927,0.320095102772531,body,world,0.14178011994808912,0.14142304938286543,-0.002521657898657517,body,world,0.1416015846654773,0.15584303485229611,0.09583194152210817,body,world
soft_medium,world_only,90296,False,True,,1.0,-2.0,short,0.25,84,alarm,persistent,False,nan,0.2730629324913025,0.14484578743577003,-0.6340326490247506,body,world,0.20895435996353626,0.08176207263022661,-0.9383023784295748,world,world,0.14535821629688145,0.11938728126697243,-0.1968284798451116,body,world
soft_medium,world_only,90297,False,True,,1.0,2.0,medium,-0.05,62,alarm,persistent,False,nan,0.21635725125670432,0.22817375138401985,0.053176423768966946,body,world,0.2222655013203621,0.14657391868531705,-0.41634275357281675,body,world,0.18441971000283958,0.14847347266040742,-0.21680788562547634,body,world
soft_medium,world_only,90298,False,True,,1.0,4.0,short,0.05,62,alarm,persistent,False,nan,0.40657818168401716,0.11342115141451359,-1.2766683450499554,world,world,0.2599996665492654,0.201060152053833,-0.25707622127390983,body,body,0.2305299093015492,0.13000443475320936,-0.5728120490169902,world,world
soft_medium,world_only,90299,False,True,,1.0,-4.0,medium,0.05,67,alarm,persistent,False,nan,0.7331675887107849,0.7762581944465637,0.05711087990628471,body,body,0.7547128915786743,0.16162944547832012,-1.5410310592643133,world,world,0.4581711685284972,0.127853811904788,-1.2763553279670796,world,world
soft_medium,world_only,90300,False,True,,1.0,-1.0,short,-0.15000000000000002,67,alarm,persistent,False,nan,0.28617814630270005,0.2001892039552331,-0.3573515669456859,body,world,0.24318367512896658,0.07574348598718643,-1.1664645754236067,world,world,0.1594635805580765,0.14871447696350515,-0.06978735551676452,body,world
soft_medium,world_only,90301,False,True,,1.0,-1.0,medium,-0.25,72,alarm,persistent,False,nan,0.3202669590711594,0.24483036398887634,-0.2685893162518239,body,body,0.28254866153001784,0.13332188725471497,-0.751084379790928,body,world,0.20793527439236642,0.15261387871578336,-0.3093157874196881,body,world
soft_medium,world_only,90302,False,True,,1.0,-2.0,short,0.2,78,alarm,persistent,False,nan,0.3032222330570221,0.14550690352916718,-0.7342424466824938,body,world,0.22436456829309465,0.1425400335341692,-0.45364936853953824,body,world,0.1834523009136319,0.10478550009429455,-0.5600392887433253,world,world
soft_medium,world_only,90303,False,True,,1.0,2.0,medium,-0.15000000000000002,59,alarm,persistent,False,nan,0.207280695438385,0.19748931080102922,-0.048389430965630024,body,world,0.2023850031197071,0.13031782442703843,-0.44019556933881415,body,world,0.16635141377337276,0.15234205671586096,-0.08797413553661351,body,world
soft_medium,world_only,90304,False,True,,1.0,4.0,short,0.05,80,alarm,persistent,False,nan,0.420342481136322,0.15302543193101883,-1.0104656809204189,world,world,0.2866839565336704,0.12864225097000598,-0.8013451087605308,body,world,0.20766310375183822,0.15222601722925902,-0.31055070120057954,body,world
soft_medium,world_only,90305,False,True,,1.0,-4.0,medium,-0.25,73,alarm,persistent,False,nan,0.596663910150528,0.44143306016921996,-0.30132760084365606,body,body,0.519048485159874,0.14727426860481502,-1.2597006779406015,world,world,0.3331613768823445,0.16838959055021405,-0.682346701791848,world,world
soft_medium,world_only,90306,False,True,,1.0,1.0,short,-0.15000000000000002,64,alarm,persistent,False,nan,0.10035044699907303,0.11823491528630256,0.16400492331281974,body,world,0.1092926811426878,0.18458509258925915,0.5240811318460296,body,world,0.14693888686597348,0.0973617828451097,-0.41158300433463957,body,world
soft_medium,world_only,90307,False,True,,1.0,1.0,medium,-0.05,72,alarm,persistent,False,nan,0.13096073381602763,0.15479052662849427,0.16717522538544052,body,world,0.14287563022226096,0.14232977405190467,-0.003827815522945714,body,world,0.14260270213708282,0.11189131365390495,-0.24253447053420332,body,world
soft_medium,world_only,90308,False,True,,1.0,-2.0,short,-0.25,62,alarm,persistent,False,nan,0.3898417592048645,0.12498393878340722,-1.1375556718440634,world,world,0.25741284899413586,0.11806677533313632,-0.7794308552457858,body,world,0.18773981216363608,0.1170443918555975,-0.47250374598874023,world,world
soft_medium,world_only,90309,False,True,,1.0,2.0,medium,0.25,65,alarm,persistent,False,nan,0.13819083347916603,0.22169002406299115,0.4726445369520729,body,world,0.17994042877107858,0.15283496342599392,-0.1632671760515011,body,world,0.16638769609853626,0.15757812280207872,-0.054399230857254406,body,world
soft_medium,world_only,90310,False,True,,1.0,4.0,short,0.15000000000000002,70,alarm,persistent,False,nan,0.43752318918704985,0.13501150980591775,-1.1757696756233273,world,world,0.2862673494964838,0.1566947577521205,-0.6026264678628861,body,world,0.22148105362430215,0.1281334076076746,-0.5472650810495195,world,world
soft_medium,world_only,90311,False,True,,1.0,-4.0,medium,-0.05,66,alarm,persistent,False,nan,0.7275370597839356,0.7703175663948059,0.05713791468178723,body,body,0.7489273130893708,0.15681517012417318,-1.5635740820560853,world,world,0.45287124160677195,0.1510933275334537,-1.0977101411889876,world,world
soft_medium,world_only,90312,False,True,,1.0,1.0,short,0.2,69,alarm,persistent,False,nan,0.09253832567483186,0.10352472215890884,0.11218755529476503,body,world,0.09803152391687035,0.12856443226337433,0.27114109749294457,body,world,0.11329797809012235,0.11708391937427223,0.03286961505444441,body,world
soft_medium,world_only,90313,False,True,,1.0,-1.0,medium,-0.2,66,alarm,persistent,False,nan,0.27724115252494813,0.317364764213562,0.13516407393073754,body,body,0.2973029583692551,0.131390830129385,-0.8165753630526587,body,world,0.21434689424932002,0.10867393156513572,-0.6792437584247948,world,world
soft_medium,world_only,90314,False,True,,1.0,2.0,short,-0.05,66,alarm,persistent,False,nan,0.22131664212793112,0.13630476593971252,-0.48470114125864056,body,world,0.17881070403382182,0.09903684817254543,-0.5908357422614532,body,world,0.13892377610318363,0.12125028185546398,-0.13606855496460316,body,world
soft_medium,world_only,90315,False,True,,1.0,2.0,medium,0.0,65,alarm,persistent,False,nan,0.207619159668684,0.25808575451374055,0.21758647322308877,body,body,0.23285245709121227,0.10702911950647831,-0.7773040792642991,body,world,0.1699407882988453,0.14694862263277172,-0.14536705246604975,body,world
soft_medium,world_only,90316,False,True,,1.0,4.0,short,-0.05,63,alarm,persistent,False,nan,0.4471817366778851,0.09988817200064659,-1.4989138014827281,world,world,0.27353495433926583,0.1441787661984563,-0.640375455925447,body,world,0.20885686026886105,0.15104574859142303,-0.3240663764989619,body,world
soft_medium,world_only,90317,False,True,,1.0,4.0,medium,0.25,84,alarm,persistent,False,nan,0.7735299825668335,0.5251733899116516,-0.38723595690448964,body,body,0.6493516862392426,0.1419752380810678,-1.5203217966791969,world,world,0.3956634621601552,0.11735818311572074,-1.2153333544790894,world,world
soft_medium,world_only,90318,False,True,,1.0,-1.0,short,0.1,75,alarm,persistent,False,nan,0.26326305121183396,0.1286435045301914,-0.7161086790510466,body,world,0.1959532778710127,0.1308591455221176,-0.4037547328947658,body,world,0.16340621169656516,0.13146191840060056,-0.21752198121657437,body,world
soft_medium,world_only,90319,False,True,,1.0,1.0,medium,-0.25,65,alarm,persistent,False,nan,0.1115061342716217,0.26152304485440253,0.8524427999845534,body,body,0.18651458956301212,0.16874366030097007,-0.10012870378402858,body,world,0.1776291249319911,0.12070574448443949,-0.3863420887987302,body,world
soft_medium,world_only,90320,False,True,,1.0,2.0,short,0.25,76,alarm,persistent,False,nan,0.1915903814136982,0.133903343975544,-0.35824143682300785,body,world,0.16274686269462108,0.13818639870733024,-0.16359251503247152,body,world,0.15046663070097566,0.16674017375335098,0.10269541835585795,body,world
soft_medium,world_only,90321,False,True,,1.0,2.0,medium,-0.15000000000000002,57,alarm,persistent,False,nan,0.23924448490142822,0.27241185009479524,0.1298290974260962,body,body,0.2558281674981117,0.13365354649722577,-0.6492550204598344,body,world,0.19474085699766874,0.17744834404438733,-0.09299018917555615,body,body
soft_medium,world_only,90322,False,True,,1.0,4.0,short,-0.1,74,alarm,persistent,False,nan,0.45516550838947295,0.12017913758754731,-1.3316776646367816,world,world,0.28767232298851014,0.23612068295478822,-0.19747902221242636,body,body,0.2618965029716492,0.14189404738135636,-0.6128687649970116,world,world
soft_medium,world_only,90323,False,True,,1.0,-4.0,medium,-0.05,75,alarm,persistent,False,nan,0.621490615606308,0.5833430290222168,-0.0633454119569054,body,body,0.6024168223142624,0.13334122272208332,-1.5080381744792608,world,world,0.36787902251817284,0.13684296384453773,-0.9889201218919198,world,world
soft_medium,world_only,90324,False,True,,1.0,1.0,short,-0.05,72,alarm,persistent,False,nan,0.10117550641298294,0.13197139352560044,0.26572848731822557,body,world,0.11657344996929168,0.1183969222009182,0.015521181006058505,body,world,0.11748518608510494,0.13053494403138757,0.10532871150958963,body,world
soft_medium,world_only,90325,False,True,,1.0,1.0,medium,0.05,80,alarm,persistent,False,nan,0.20779752135276794,0.13967083320021628,-0.3972756877599659,body,world,0.17373417727649212,0.1192556144669652,-0.3762572041194235,body,world,0.14649489587172865,0.12651003478094935,-0.14666895603113955,body,world
soft_medium,world_only,90326,False,True,,1.0,2.0,short,0.1,73,alarm,persistent,False,nan,0.16678897738456727,0.06149796843528747,-0.9977252642204547,world,world,0.11414347290992737,0.11716070543043315,0.02609035162572771,body,world,0.11565208917018026,0.11941852853633464,0.03204791618330158,body,world
soft_medium,world_only,90327,False,True,,1.0,-2.0,medium,0.25,78,alarm,persistent,False,nan,0.41380971670150757,0.47582459449768066,0.13964304069150768,body,body,0.4448171555995941,0.12825656235218047,-1.2436306602564169,world,world,0.2865368589758873,0.17310501588508487,-0.5039687419325045,world,world
soft_medium,world_only,90328,False,True,,1.0,-4.0,short,0.15000000000000002,74,alarm,persistent,False,nan,0.5297018706798553,0.16034303568303584,-1.1949988469055026,world,world,0.3450224531814456,0.15460261143743992,-0.8027514690136841,body,world,0.24981253230944275,0.1606175852008164,-0.44168447339623346,body,world
soft_medium,world_only,90329,False,True,,1.0,4.0,medium,0.15000000000000002,75,alarm,persistent,False,nan,0.511095654964447,0.5592829942703247,0.09009883158737397,body,body,0.5351893246173859,0.17162193395197392,-1.1373265629670357,world,world,0.3534056292846799,0.1261720686685294,-1.0299698890030349,world,world
soft_medium,world_only,90330,False,True,,1.0,1.0,short,0.1,82,alarm,persistent,False,nan,0.18859874755144118,0.08869690708816051,-0.7543967100588147,body,world,0.13864782731980085,0.20442311465740204,0.38825483565516694,body,body,0.17153547098860145,0.13078342275694013,-0.27124737948294103,body,world
soft_medium,world_only,90331,False,True,,1.0,1.0,medium,-0.05,61,alarm,persistent,False,nan,0.10701899826526642,0.2187596306204796,0.7149671773801664,body,world,0.162889314442873,0.10196706647984684,-0.46842103414897696,body,world,0.13242819046135992,0.1090053144376725,-0.19464390238182847,body,world
soft_medium,world_only,90332,False,True,,1.0,-2.0,short,-0.1,70,alarm,persistent,False,nan,0.40803949236869813,0.1515452440828085,-0.9904797435653945,world,world,0.2797923682257533,0.1622568380087614,-0.5448672864517252,body,world,0.22102460311725736,0.14314828906208277,-0.4343929422348617,body,world
soft_medium,world_only,90333,False,True,,1.0,2.0,medium,0.1,72,alarm,persistent,False,nan,0.24745419770479202,0.3127327382564545,0.23412344929474826,body,body,0.28009346798062323,0.14890815410763025,-0.6317936611838365,body,world,0.21450081104412674,0.15416449131444096,-0.33029336166042106,body,world
soft_medium,world_only,90334,False,True,,1.0,4.0,short,0.05,61,alarm,persistent,False,nan,0.49142142236232755,0.131475842744112,-1.3184789243138433,world,world,0.3114486325532198,0.1969036016613245,-0.45852014380068984,body,body,0.25417611710727217,0.12555323522537948,-0.7052975474900469,world,world
soft_medium,world_only,90335,False,True,,1.0,-4.0,medium,0.1,77,alarm,persistent,False,nan,0.5388889372348785,0.5855286836624145,0.08300567555802958,body,body,0.5622088104486466,0.16692027039825916,-1.2143570540782158,world,world,0.3645645404234529,0.16057027764618398,-0.8199718877193318,world,world
soft_medium,world_only,90336,False,True,,1.0,-1.0,short,-0.15000000000000002,76,alarm,persistent,False,nan,0.3069261074066162,0.22348673194646834,-0.31725497873082015,body,world,0.2652064196765423,0.2019676934927702,-0.2724007135374282,body,body,0.23358705658465623,0.14940691497176886,-0.4468812843836715,body,world
soft_medium,world_only,90337,False,True,,1.0,1.0,medium,-0.25,60,alarm,persistent,False,nan,0.05754321999847889,0.2348501443862915,1.406411309673228,body,world,0.14619668219238519,0.09554855152964592,-0.4253183421562952,body,world,0.12087261686101555,0.12290197664406151,0.01664986194737045,body,world
soft_medium,world_only,90338,False,True,,1.0,2.0,short,-0.1,58,alarm,persistent,False,nan,0.2001697063446045,0.12292654998600483,-0.48757851605225716,body,world,0.16154812816530467,0.17694017849862576,0.0910085953806227,body,world,0.1692441533319652,0.11863831402733922,-0.3552628797278178,body,world
soft_medium,world_only,90339,False,True,,1.0,2.0,medium,-0.05,61,alarm,persistent,False,nan,0.211873210221529,0.18953577056527138,-0.11141026118058706,body,world,0.2007044903934002,0.13411374632269144,-0.40314533617796233,body,world,0.1674091183580458,0.1611835497431457,-0.03789685092467325,body,world
soft_medium,world_only,90340,False,True,,1.0,4.0,short,-0.2,57,alarm,persistent,False,nan,0.39843252301216125,0.14382608234882355,-1.0189333482673977,world,world,0.2711293026804924,0.17229992225766183,-0.45335914642049047,body,world,0.22171461246907712,0.17683843672275543,-0.22615449659881143,body,body
soft_medium,world_only,90341,False,True,,1.0,4.0,medium,0.15000000000000002,71,alarm,persistent,False,nan,0.47741995453834535,0.6591804325580597,0.32260078314135987,body,body,0.5683001935482025,0.16086902394890784,-1.2620592708214333,world,world,0.3645846087485552,0.15699370875954627,-0.8425529143291733,world,world
soft_medium,world_only,90342,False,True,,1.0,1.0,short,-0.2,69,alarm,persistent,False,nan,0.08160980194807052,0.1832564115524292,0.808936951493863,body,world,0.13243310675024986,0.12679488193243743,-0.04350698534947919,body,world,0.12961399434134363,0.1325241234502755,0.02220393351281462,body,world
soft_medium,world_only,90343,False,True,,1.0,1.0,medium,-0.1,70,alarm,persistent,False,nan,0.19019655846059322,0.20970792472362518,0.09765767233085915,body,world,0.1999522415921092,0.14034991823136805,-0.3539398257906461,body,world,0.17015107991173864,0.10244842860847711,-0.5073272113123692,world,world
soft_medium,world_only,90344,False,True,,1.0,2.0,short,0.2,65,alarm,persistent,False,nan,0.2297137439250946,0.10614974275231362,-0.7719831774350284,body,world,0.16793174333870411,0.13129797875881194,-0.2460882200728795,body,world,0.14961486104875804,0.10192041171249003,-0.3838721677869039,body,world
soft_medium,world_only,90345,False,True,,1.0,-2.0,medium,0.0,75,alarm,persistent,False,nan,0.40024514198303224,0.4523501813411713,0.12237940301187514,body,body,0.42629766166210176,0.13436695337295532,-1.1545633233495791,world,world,0.2803323075175285,0.14266327847726643,-0.6754885543859924,world,world
soft_medium,world_only,90346,False,True,,1.0,4.0,short,-0.2,59,alarm,persistent,False,nan,0.3903075370937586,0.14478774107992648,-0.9916661697094746,world,world,0.26754763908684254,0.1575277672149241,-0.5296958980201788,body,world,0.21253770315088333,0.12917866734787822,-0.4979229349093604,world,world
soft_medium,world_only,90347,False,True,,1.0,-4.0,medium,-0.2,63,alarm,persistent,False,nan,0.6119659543037415,0.7709818720817566,0.23098821032902936,body,body,0.691473913192749,0.14050898589193822,-1.5935539821820333,world,world,0.4159914495423436,0.14033380588516592,-1.086640793703948,world,world
soft_medium,world_only,90348,False,True,,1.0,-1.0,short,0.25,77,alarm,persistent,False,nan,0.15104358959943057,0.06758595630526543,-0.8041682534978472,body,world,0.109314772952348,0.12430179258808494,0.1284808741544977,body,world,0.11680828277021646,0.12408164162188769,0.06040576712283984,body,world
soft_medium,world_only,90349,False,True,,1.0,1.0,medium,0.05,63,alarm,persistent,False,nan,0.19174333214759826,0.11644158735871316,-0.4987679147644284,body,world,0.15409245975315572,0.13617197796702385,-0.12363417951134682,body,world,0.14513221886008978,0.13396650599315763,-0.08005536770965649,body,world
soft_medium,world_only,90350,False,True,,1.0,-2.0,short,0.05,79,alarm,persistent,False,nan,0.21799608170986176,0.11512710973620414,-0.6384402687989603,body,world,0.16656159572303295,0.100806001201272,-0.5021672956984725,body,world,0.13368379846215248,0.08300945695955306,-0.47652275789393006,world,world
soft_medium,world_only,90351,False,True,,1.0,2.0,medium,0.25,75,alarm,persistent,False,nan,0.18679244667291642,0.3024361625313759,0.4818721326387955,body,body,0.24461430460214614,0.14285936392843723,-0.5378220258494566,body,world,0.1937368342652917,0.161063770391047,-0.1847003377983078,body,world
soft_medium,world_only,90352,False,True,,1.0,-4.0,short,0.2,76,alarm,persistent,False,nan,0.5425542652606964,0.16258515641093255,-1.2050862045814883,world,world,0.35256971083581445,0.11724280454218387,-1.101001327003395,world,world,0.23490625768899917,0.18844642397016287,-0.22037278759084147,body,body
soft_medium,world_only,90353,False,True,,1.0,-4.0,medium,-0.05,65,alarm,persistent,False,nan,0.6496933698654175,0.8535759925842286,0.27293406177330265,body,body,0.751634681224823,0.14463852494955062,-1.6480127111582568,world,world,0.44813660308718684,0.14420401835814117,-1.1338690125184925,world,world
soft_medium,world_only,90354,False,True,,1.0,-1.0,short,-0.25,72,alarm,persistent,False,nan,0.2721452824771404,0.17197224795818328,-0.4590029357403088,body,world,0.22205876521766185,0.10711148474365473,-0.729071849492037,body,world,0.1645851249806583,0.12077538715675473,-0.3094953974076342,body,world
soft_medium,world_only,90355,False,True,,1.0,1.0,medium,0.0,71,alarm,persistent,False,nan,0.19499344527721404,0.1406016094610095,-0.32703551763362687,body,world,0.16779752736911177,0.11768127419054508,-0.3547781545187007,body,world,0.14273940077982844,0.11613121032714843,-0.20629992017250195,body,world
soft_medium,world_only,90356,False,True,,1.0,2.0,short,0.2,78,alarm,persistent,False,nan,0.24049898087978364,0.07669734954833984,-1.1428487003388315,world,world,0.15859816521406173,0.17160314992070197,0.07881080257049972,body,world,0.16510065756738185,0.17848050761967899,0.07792406048546141,body,body
soft_medium,world_only,90357,False,True,,1.0,-2.0,medium,-0.1,69,alarm,persistent,False,nan,0.41770572066307066,0.2982994645833969,-0.33667927040954104,body,body,0.3580025926232338,0.0932466134428978,-1.3452924874406131,world,world,0.2256246030330658,0.1616099126636982,-0.33368708472892755,body,world
soft_medium,world_only,90358,False,True,,1.0,4.0,short,-0.15000000000000002,74,alarm,persistent,False,nan,0.5644512385129928,0.03914041556417942,-2.668698420609803,world,world,0.30179582703858615,0.17859803140163422,-0.5246130733338507,body,world,0.24019692922011018,0.114248282648623,-0.7430851271620682,world,world
soft_medium,world_only,90359,False,True,,1.0,-4.0,medium,-0.2,57,alarm,persistent,False,nan,0.5727762818336487,0.6250641882419586,0.08735913827432691,body,body,0.5989202350378037,0.09724240959621966,-1.8179214966775126,world,world,0.34808132231701167,0.15741667188704014,-0.7935398864171455,world,world
soft_medium,body_world,90360,True,True,m,1.436507707360915,1.0,short,-0.15000000000000002,74,alarm,persistent,False,nan,0.13974542394280434,0.09235055446624756,-0.41423065631068534,body,world,0.11604798920452594,0.0601787431165576,-0.656684620012488,body,world,0.08811336616054177,0.1275497695431113,0.36988240057159316,body,world
soft_medium,body_world,90361,True,True,l,1.4256287739373548,-1.0,medium,-0.25,60,alarm,persistent,False,nan,0.3311343789100647,0.32021579295396807,-0.0335291500691922,body,body,0.3256750859320164,0.17658247761428356,-0.6121121529518005,body,world,0.25112878177314996,0.11018251420464367,-0.8238276714975604,world,world
soft_medium,body_world,90362,True,True,m,1.4329806398316671,-2.0,short,0.2,74,alarm,persistent,False,nan,0.19395503774285316,0.2667637214064598,0.3187369600686314,body,body,0.2303593795746565,0.08286861306987703,-1.0223842308428601,world,world,0.15661399632226675,0.13695764914155006,-0.13411240813872957,body,world
soft_medium,body_world,90363,True,True,l,1.210563351806276,-2.0,medium,-0.15000000000000002,77,alarm,persistent,False,nan,0.40771143436431884,0.3954527497291565,-0.03052834509747208,body,body,0.40158209204673767,0.09874257035553455,-1.4028958118213868,world,world,0.2501623312011361,0.13570025514345616,-0.6116615849052666,world,world
soft_medium,body_world,90364,True,True,m,1.372696280105733,-4.0,short,-0.15000000000000002,58,alarm,persistent,False,nan,0.571130744367838,0.11759030446410179,-1.5804115707872763,world,world,0.34436052441596987,0.10939316749572754,-1.1467407109576073,world,world,0.2268768459558487,0.11018105973489582,-0.7222823312175093,world,world
soft_medium,body_world,90365,True,True,l,1.2749895656307437,-4.0,medium,-0.2,74,alarm,persistent,False,nan,0.5201319396495819,0.548963975906372,0.05395031221293024,body,body,0.534547957777977,0.11938969595357776,-1.4990285523130034,world,world,0.3269688268657774,0.14049815610051156,-0.844670470819392,world,world
soft_medium,body_world,90366,True,True,m,1.3066897985826524,-1.0,short,-0.15000000000000002,69,alarm,persistent,False,nan,0.2547131434082985,0.19647526517510414,-0.2596014377269588,body,world,0.22559420429170132,0.08635129751637578,-0.960313998371361,world,world,0.15597275090403856,0.16139810504391788,0.03419269672267158,body,world
soft_medium,body_world,90367,True,True,l,1.3576619828175316,1.0,medium,0.15000000000000002,62,alarm,persistent,False,nan,0.13816896975040435,0.08821731880307197,-0.4486740526009595,body,world,0.11319314427673817,0.08760408498346806,-0.25626797192226575,body,world,0.1003986146301031,0.13284456133842468,0.28003132434696326,body,world
soft_medium,body_world,90368,True,True,m,1.4143053583788585,2.0,short,0.05,60,alarm,persistent,False,nan,0.13490596637129784,0.09670903161168098,-0.33287119398291054,body,world,0.11580749899148941,0.11809333320707083,0.01954595003161362,body,world,0.11695041609928011,0.11819837688235565,0.01061432196950491,body,world
soft_medium,body_world,90369,True,True,l,1.3743712386074276,-2.0,medium,0.1,67,alarm,persistent,False,nan,0.1537284016609192,0.2494305521249771,0.48399310843238197,body,body,0.20157947689294814,0.14091485645622015,-0.3580278768249464,body,world,0.17124716667458414,0.15425126089248806,-0.10452509494392512,body,world
soft_medium,body_world,90370,True,True,m,1.5116611087725051,4.0,short,-0.25,61,alarm,persistent,False,nan,0.5328047811985016,0.122213314473629,-1.4723870956919751,world,world,0.32750904783606527,0.10912582958117127,-1.0990140654247622,world,world,0.21831743870861828,0.09457619688473642,-0.8365443186672626,world,world
soft_medium,body_world,90371,True,True,l,1.462891218935012,4.0,medium,0.2,69,alarm,persistent,False,nan,0.16156312841922044,0.17624190635979176,0.08696156494448562,body,world,0.1689025173895061,0.27882198467850683,0.5012518021171141,body,body,0.22386225103400648,0.18790524704381822,-0.17509308126361672,body,body
soft_medium,body_world,90372,True,True,m,1.6331779731038802,-1.0,short,-0.1,65,alarm,persistent,False,nan,0.23848575949668885,0.198200224339962,-0.18503184615445664,body,world,0.21834299191832543,0.10741750567685812,-0.7093440198610025,body,world,0.16288024879759178,0.13037273818627,-0.2226176962040051,body,world
soft_medium,body_world,90373,True,True,l,1.2018022497580947,-1.0,medium,0.1,66,alarm,persistent,False,nan,0.2617309117689729,0.26979583501815796,0.030348584698282707,body,body,0.2657633733935654,0.13641577260568738,-0.6668989655045837,body,world,0.2010895729996264,0.1313962229527533,-0.4255330846209693,body,world
soft_medium,body_world,90374,True,True,m,1.3280228263513763,-2.0,short,0.1,73,alarm,persistent,False,nan,0.2867010314017534,0.1616635538637638,-0.5729226227445744,body,world,0.22418229263275863,0.12252628058195114,-0.604133984952177,body,world,0.17335428660735488,0.1503137296065688,-0.14261275927326683,body,world
soft_medium,body_world,90375,True,True,l,1.308876304017658,2.0,medium,-0.25,65,alarm,persistent,False,nan,0.16561495885252953,0.1191918171942234,-0.3289314645312005,body,world,0.14240338802337646,0.1136573724448681,-0.22547537306876136,body,world,0.12803038023412228,0.1063157340628095,-0.1858542912994131,body,world
soft_medium,body_world,90376,True,True,m,1.5016949779873145,4.0,short,0.2,70,alarm,persistent,False,nan,0.13120859265327453,0.2994257673621178,0.825078164466484,body,body,0.21531718000769615,0.12206243481487036,-0.5675795222505623,body,world,0.16868980741128325,0.13913319897837936,-0.19262982898076014,body,world
soft_medium,body_world,90377,True,True,l,1.2414565409093206,-4.0,medium,0.25,66,alarm,persistent,False,nan,0.15545182824134826,0.5459593117237092,1.2562085549192048,body,body,0.35070556998252866,0.3941415321081877,0.11676302385223568,body,body,0.3724235510453582,0.101476432941854,-1.3002052009065237,world,world
soft_medium,body_world,90378,True,True,m,1.4238236120964585,1.0,short,0.25,66,alarm,persistent,False,nan,0.12001342326402664,0.08890213966369628,-0.300067386621397,body,world,0.10445778146386146,0.13989397156983613,0.29210180510596034,body,world,0.1221758765168488,0.13521408187225462,0.10139769664103801,body,world
soft_medium,body_world,90379,True,True,l,1.2836548774066676,-1.0,medium,-0.25,64,alarm,persistent,False,nan,0.23834029883146285,0.2423684909939766,0.016759778632312955,body,world,0.24035439491271973,0.18543973937630653,-0.2593845054864277,body,world,0.21289706714451312,0.1302527289837599,-0.491332163757817,world,world
soft_medium,body_world,90380,True,True,m,1.3621236417497946,2.0,short,0.2,70,alarm,persistent,False,nan,0.13226505219936371,0.22493036985397338,0.5309830064797468,body,world,0.17859771102666855,0.10458353944122792,-0.5351496796314873,body,world,0.14159062523394822,0.13636537054553627,-0.037602141547966164,body,world
soft_medium,body_world,90381,True,True,l,1.3983378082528164,-2.0,medium,-0.2,74,alarm,persistent,False,nan,0.39055081605911257,0.4555393546819687,0.15392402026392782,body,body,0.42304508537054064,0.11368538439273834,-1.3140439110315285,world,world,0.2683652348816395,0.13893577009439467,-0.6583371287571469,world,world
soft_medium,body_world,90382,True,True,m,1.3509200717074077,-4.0,short,-0.2,74,alarm,persistent,False,nan,0.6505773782730102,0.18209870643913745,-1.2733113597396084,world,world,0.41633804235607386,0.12233761716634035,-1.2247129556147829,world,world,0.2693378297612071,0.12343709645792841,-0.7802347784830741,world,world
soft_medium,body_world,90383,True,True,l,1.2311925915846564,4.0,medium,-0.2,58,alarm,persistent,False,nan,0.5954523980617523,0.5241895496845246,-0.1274680945664128,body,body,0.5598209738731384,0.14868467897176743,-1.3257892280896415,world,world,0.3542528264224529,0.12307258546352387,-1.0572365501121526,world,world
soft_medium,body_world,90384,True,True,m,1.524037917146982,-1.0,short,0.25,63,alarm,persistent,False,nan,0.08994240537285805,0.2599534273147583,1.0613329640786389,body,body,0.17494791634380819,0.12429376691579819,-0.3418404569621129,body,world,0.1496208416298032,0.11249395376071333,-0.28520489569310475,body,world
soft_medium,body_world,90385,True,True,l,1.3531822605860213,1.0,medium,-0.2,58,alarm,persistent,False,nan,0.12418586760759354,0.29839745461940764,0.8766469625507758,body,body,0.2112916611135006,0.18411620203405618,-0.13767236809522668,body,world,0.19770393157377839,0.19124843953177334,-0.03319730318084963,body,body
soft_medium,body_world,90386,True,True,m,1.3095845696334245,2.0,short,0.1,61,alarm,persistent,False,nan,0.21023369133472442,0.19095479883253574,-0.09618298316418883,body,world,0.20059424508363008,0.086913479026407,-0.8363710567319821,world,world,0.14375386205501856,0.08870329530909657,-0.4828055059872307,world,world
soft_medium,body_world,90387,True,True,l,1.3723802328668413,-2.0,medium,-0.2,61,alarm,persistent,False,nan,0.3901651740074158,0.3579437017440796,-0.08619445622272805,body,body,0.37405443787574766,0.23031928725540637,-0.4849347909247159,body,body,0.30218686256557703,0.1139511436689645,-0.9752757840177856,world,world
soft_medium,body_world,90388,True,True,m,1.6369604542264304,4.0,short,0.25,64,alarm,persistent,False,nan,0.11640975885093212,0.41649684906005857,1.2747625255877235,body,body,0.2664533039554954,0.09600820834748447,-1.020765317141706,world,world,0.18123075615148992,0.12306092758662998,-0.3870915361790043,body,world
soft_medium,body_world,90389,True,True,l,1.4434986184388112,4.0,medium,0.1,68,alarm,persistent,False,nan,0.15294938236474992,0.3710695803165436,0.8862825606081298,body,body,0.2620094813406467,0.26428200453519823,0.008636040595300246,body,body,0.2631457429379225,0.14297254169359802,-0.6100554386539545,world,world
soft_medium,body_world,90390,True,True,m,1.628686273513856,1.0,short,-0.25,63,alarm,persistent,False,nan,0.19702745378017425,0.18796428963541983,-0.04709108227897514,body,world,0.19249587170779706,0.09070061817765236,-0.7525105350961058,body,world,0.14159824494272472,0.11777311582118273,-0.1842337603743798,body,world
soft_medium,body_world,90391,True,True,l,1.4997252692437577,-1.0,medium,-0.25,60,alarm,persistent,False,nan,0.20818865150213242,0.16754298955202102,-0.21720467464357168,body,world,0.18786582052707673,0.1702129735611379,-0.09867754878663583,body,world,0.17903939704410732,0.0961746754590422,-0.6214398026927419,world,world
soft_medium,body_world,90392,True,True,m,1.4793682183432437,2.0,short,-0.2,56,alarm,persistent,False,nan,0.21272363737225533,0.055133411288261415,-1.3502379382765404,world,world,0.13392852433025837,0.11859712097793818,-0.12157404591234873,body,world,0.12626282265409827,0.12389712063595652,-0.01891407962923108,body,world
soft_medium,body_world,90393,True,True,l,1.373838534697687,-2.0,medium,0.2,80,alarm,persistent,False,nan,0.26812152564525604,0.31855531632900236,0.17235580594216687,body,body,0.2933384209871292,0.20582732036709786,-0.35428939631214307,body,body,0.24958287067711354,0.10032528978772462,-0.9113732024069645,world,world
soft_medium,body_world,90394,True,True,m,1.374879786515465,4.0,short,-0.2,58,alarm,persistent,False,nan,0.5328287333250046,0.13175065591931343,-1.3972888807615729,world,world,0.332289694622159,0.1358352493494749,-0.8945644130544631,world,world,0.23406247198581695,0.156692735850811,-0.4013012627838296,body,world
soft_medium,body_world,90395,True,True,l,1.2278138310881848,-4.0,medium,-0.2,72,alarm,persistent,False,nan,0.6378960847854614,0.5033268213272095,-0.2369356902704985,body,body,0.5706114530563354,0.18922350760549306,-1.1037796142448417,world,world,0.37991748033091427,0.14461071528494357,-0.9659086621965918,world,world
soft_medium,body_world,90396,True,True,m,1.5997246997728216,1.0,short,-0.15000000000000002,76,alarm,persistent,False,nan,0.10113291032612323,0.1380574807524681,0.31123453005658225,body,world,0.11959519553929568,0.11599940960295499,-0.030527568169814886,body,world,0.11779730257112533,0.12999662333168088,0.09854310316878635,body,world
soft_medium,body_world,90397,True,True,l,1.2083810902658325,1.0,medium,0.15000000000000002,74,alarm,persistent,False,nan,0.12308650463819504,0.18585315197706223,0.4120694584684316,body,world,0.15446982830762862,0.13801539465785026,-0.11263355680521132,body,world,0.14624261148273945,0.16557084880769252,0.12413222762576548,body,world
soft_medium,body_world,90398,True,True,m,1.605681322392905,2.0,short,-0.05,61,alarm,persistent,False,nan,0.09574237689375878,0.15973957050591708,0.5118837945737154,body,world,0.12774097369983792,0.08407537136226892,-0.4182908959654173,body,world,0.10590817253105342,0.11407175231724978,0.07425523490987225,body,world
soft_medium,body_world,90399,True,True,l,1.216354811034764,-2.0,medium,-0.25,60,alarm,persistent,False,nan,0.3549300193786621,0.26411566138267517,-0.29553352303063124,body,body,0.30952284038066863,0.14430416943505406,-0.7631085275013496,body,world,0.22691350490786136,0.1202614233829081,-0.6349010077994792,world,world
soft_medium,body_world,90400,True,True,m,1.3999353886758357,4.0,short,-0.05,71,alarm,persistent,False,nan,0.2629133492708206,0.1243590846657753,-0.7486512826326661,body,world,0.19363621696829797,0.11812729630619287,-0.49421840320999294,body,world,0.1558817566372454,0.11187929334118962,-0.33167719747799446,body,world
soft_medium,body_world,90401,True,True,l,1.3909618610188579,-4.0,medium,0.2,64,alarm,persistent,False,nan,0.20720441415905952,0.49423648715019225,0.869308307551219,body,body,0.35072045065462587,0.36159743964672086,0.030542078609839256,body,body,0.35615894515067337,0.08416852401569486,-1.442556079036975,world,world
soft_medium,body_world,90402,True,True,m,1.4765881692612393,-1.0,short,-0.15000000000000002,72,alarm,persistent,False,nan,0.28447656631469725,0.15603178963065148,-0.6005911160386179,body,world,0.22025417797267438,0.1142330190166831,-0.6565418451884572,body,world,0.16724359849467874,0.14333854718133807,-0.15424212816497004,body,world
soft_medium,body_world,90403,True,True,l,1.2287348099119875,1.0,medium,-0.1,60,alarm,persistent,False,nan,0.1671587310731411,0.2055755715817213,0.2068698647985361,body,world,0.1863671513274312,0.08909198259934784,-0.7380493115593914,body,world,0.1377295669633895,0.08299165314529092,-0.5065520646012679,world,world
soft_medium,body_world,90404,True,True,m,1.5959684874168683,-2.0,short,-0.2,61,alarm,persistent,False,nan,0.33517383635044096,0.16947232261300088,-0.681959686645809,body,world,0.25232307948172095,0.14285175651311874,-0.5689029029999948,body,world,0.19758741799741983,0.09844104647636413,-0.6967232531169916,world,world
soft_medium,body_world,90405,True,True,l,1.4263406910614387,-2.0,medium,-0.15000000000000002,77,alarm,persistent,False,nan,0.36041332483291627,0.39164315164089203,0.08309960034898776,body,body,0.3760282382369041,0.14511789679527282,-0.952117748868085,world,world,0.2605730675160885,0.15697381626814605,-0.5068042952911089,world,world
soft_medium,body_world,90406,True,True,m,1.5761825745829299,-4.0,short,0.25,68,alarm,persistent,False,nan,0.1155545525252819,0.42192722409963607,1.2950901097319332,body,body,0.268740888312459,0.14032025933265685,-0.6498202981395411,body,world,0.20453057382255793,0.1208575027063489,-0.5261052815306657,world,world
soft_medium,body_world,90407,True,True,l,1.3075505965528191,-4.0,medium,0.25,60,alarm,persistent,False,nan,0.07453872486948968,0.4119205057621002,1.709511596309656,body,body,0.24322961531579496,0.4357301775366068,0.5830172767351871,body,body,0.33947989642620086,0.10656958417966962,-1.1586165856323898,world,world
soft_medium,body_world,90408,True,True,m,1.5508532757037867,1.0,short,-0.25,74,alarm,persistent,False,nan,0.07905131578445435,0.07726927567273378,-0.022800800557853832,body,world,0.07816029572859406,0.08922564731910824,0.13240673289895,body,world,0.08369297152385116,0.09806619929149747,0.15848775186197842,body,world
soft_medium,body_world,90409,True,True,l,1.386472676208235,1.0,medium,0.05,62,alarm,persistent,False,nan,0.10995946452021599,0.14813191629946232,0.2979914096000624,body,world,0.12904569040983915,0.08127980288118124,-0.46226897223012187,body,world,0.1051627466455102,0.11236937926150858,0.0662823555964238,body,world
soft_medium,body_world,90410,True,True,m,1.305798982810204,2.0,short,0.0,73,alarm,persistent,False,nan,0.2013546884059906,0.11321024484932422,-0.5758213080070261,body,world,0.1572824666276574,0.09687441317364573,-0.48462790921752597,body,world,0.12707843990065157,0.13372949305921794,0.051014518286862875,body,world
soft_medium,body_world,90411,True,True,l,1.201605261104429,-2.0,medium,0.15000000000000002,64,alarm,persistent,False,nan,0.30997468531131744,0.35720168948173525,0.14180994492451396,body,body,0.33358818739652635,0.18307940065860748,-0.5999873182532127,body,world,0.2583337940275669,0.08921066420152783,-1.0632519377474026,world,world
soft_medium,body_world,90412,True,True,m,1.6785527327767333,-4.0,short,-0.2,66,alarm,persistent,False,nan,0.6675425499677659,0.19423558413982392,-1.23453135994138,world,world,0.43088906705379487,0.135214589163661,-1.1589876061460826,world,world,0.2830518281087279,0.13139590788632632,-0.7674150559209036,world,world
soft_medium,body_world,90413,True,True,l,1.497413653722908,4.0,medium,-0.05,68,alarm,persistent,False,nan,0.20377368927001954,0.3644191473722458,0.5812946972162039,body,body,0.28409641832113264,0.1899710211902857,-0.40244214119749394,body,world,0.23703371975570917,0.15357201267033815,-0.4340328135309275,body,world
soft_medium,body_world,90414,True,True,m,1.6384059842206313,-1.0,short,-0.1,67,alarm,persistent,False,nan,0.29866030514240266,0.1428581841289997,-0.7374544055303005,body,world,0.22075924463570118,0.14569719452410937,-0.41554225904951975,body,world,0.18322821957990526,0.13987941266968845,-0.26995176401490034,body,world
soft_medium,body_world,90415,True,True,l,1.4445958942354706,1.0,medium,-0.15000000000000002,61,alarm,persistent,False,nan,0.0956377737224102,0.189878661185503,0.6858173781766818,body,world,0.14275821745395662,0.12292688898742199,-0.14956263205964257,body,world,0.1328425532206893,0.10040226196870208,-0.27997988002142044,body,world
soft_medium,body_world,90416,True,True,m,1.4228738912776615,-2.0,short,-0.05,70,alarm,persistent,False,nan,0.27650496885180476,0.15490698516368867,-0.5794039502602544,body,world,0.21570597700774669,0.19081034660339355,-0.12263627780419199,body,world,0.20325816180557013,0.1376232255017385,-0.3899572028672583,body,world
soft_medium,body_world,90417,True,True,l,1.412003609654068,-2.0,medium,-0.15000000000000002,63,alarm,persistent,False,nan,0.26710850894451144,0.18866138979792596,-0.34770115650817573,body,world,0.22788494937121867,0.16022942811250687,-0.35223417972873367,body,world,0.19405718874186278,0.12957895861472934,-0.40386248858214674,body,world
soft_medium,body_world,90418,True,True,m,1.6633408277228265,4.0,short,0.25,65,alarm,persistent,False,nan,0.15088048875331878,0.18671590983867645,0.2131002047472996,body,world,0.16879819929599763,0.07711908370256423,-0.7833531456456648,body,world,0.12295864149928093,0.09713899358175695,-0.23570517448365427,body,world
soft_medium,body_world,90419,True,True,l,1.4868039659450991,-4.0,medium,0.25,75,alarm,persistent,False,nan,0.1723097175359726,0.2588729985058308,0.4070440473022618,body,body,0.21559135802090168,0.21574192587286234,0.0006981508902684513,body,body,0.215666641946882,0.10602489542216062,-0.7100599622030461,world,world
soft_medium,body_world,90420,True,True,m,1.5449902128447706,1.0,short,-0.05,63,alarm,persistent,False,nan,0.1800258755683899,0.10419870354235172,-0.5468009064865524,body,world,0.1421122895553708,0.11262963027693332,-0.23251268920266752,body,world,0.12737095991615205,0.11000919234938919,-0.14653984389808103,body,world
soft_medium,body_world,90421,True,True,l,1.3429074718778478,1.0,medium,-0.05,68,alarm,persistent,False,nan,0.06546370889991522,0.10231978129595518,0.4466070933216395,body,world,0.0838917450979352,0.17970661893486978,0.7617984075020651,body,world,0.13179918201640248,0.10293023036792874,-0.24722803216146813,body,world
soft_medium,body_world,90422,True,True,m,1.4859152920245902,2.0,short,-0.2,56,alarm,persistent,False,nan,0.23916521519422532,0.12989343851804733,-0.6104401794654645,body,world,0.18452932685613632,0.18935242313891648,0.025801547409678202,body,world,0.1869408749975264,0.11225288417190313,-0.510038169902409,world,world
soft_medium,body_world,90423,True,True,l,1.4537628318674107,-2.0,medium,0.0,61,alarm,persistent,False,nan,0.2570258855819702,0.34199462458491325,0.2856182174191874,body,body,0.29951025508344176,0.22202659994363785,-0.29935146338815183,body,body,0.2607684275135398,0.12431983412243426,-0.7407752102372132,world,world
soft_medium,body_world,90424,True,True,m,1.5039422662674549,-4.0,short,-0.2,72,alarm,persistent,False,nan,0.6159024097025394,0.2760621815919876,-0.8024623892102143,body,body,0.44598229564726355,0.14500402472913265,-1.1235177565860073,world,world,0.2954931601881981,0.18155341167002917,-0.4870958004200284,world,world
soft_medium,body_world,90425,True,True,l,1.484051795950852,4.0,medium,0.0,66,alarm,persistent,False,nan,0.20617392659187317,0.38549467027187345,0.625807251003691,body,body,0.2958342984318733,0.1157458839006722,-0.938402362900373,world,world,0.20579009116627275,0.18106441758573055,-0.12800380814792406,body,body
soft_medium,body_world,90426,True,True,m,1.499613542769097,-1.0,short,-0.2,68,alarm,persistent,False,nan,0.3614876717329025,0.10255092047154904,-1.259868477617236,world,world,0.23201929610222577,0.10378851778805256,-0.8044651950611733,body,world,0.16790390694513918,0.15746125467121602,-0.06421240737477894,body,world
soft_medium,body_world,90427,True,True,l,1.2434438593395136,1.0,medium,0.05,67,alarm,persistent,False,nan,0.08726941794157028,0.12836033329367638,0.3858413212672787,body,world,0.10781487561762333,0.1334220990538597,0.2131021381382138,body,world,0.12061848733574151,0.11143184369429945,-0.07921943051810935,body,world
soft_medium,body_world,90428,True,True,m,1.5747146197091175,2.0,short,0.25,64,alarm,persistent,False,nan,0.23517451286315919,0.13115488030016423,-0.5839489292640767,body,world,0.1831646965816617,0.10089379707351327,-0.5963172799328091,body,world,0.1420292468275875,0.10332607449963689,-0.3181432404022812,body,world
soft_medium,body_world,90429,True,True,l,1.4646053079069046,-2.0,medium,0.1,67,alarm,persistent,False,nan,0.16579308323562145,0.318843936920166,0.653961232805556,body,body,0.24231851007789373,0.21104439441114664,-0.13818450672959748,body,body,0.2266814522445202,0.11813166635110975,-0.6517459189252396,world,world
soft_medium,body_world,90430,True,True,m,1.6725099978259204,-4.0,short,0.1,62,alarm,persistent,False,nan,0.32265975177288053,0.21386843919754028,-0.4112373120546095,body,world,0.2682640954852104,0.127525682002306,-0.7436541544237582,body,world,0.1978948887437582,0.14232506416738033,-0.3296223991172185,body,world
soft_medium,body_world,90431,True,True,l,1.3236542402011626,-4.0,medium,0.1,67,alarm,persistent,False,nan,0.3990077368915081,0.49340321123600006,0.2123459050493277,body,body,0.4462054740637541,0.2349112294614315,-0.6415718543001311,body,body,0.3405583517625928,0.12263815905898809,-1.0213482582061626,world,world
soft_medium,body_world,90432,True,True,m,1.3642720743548598,-1.0,short,0.15000000000000002,61,alarm,persistent,False,nan,0.17274293750524522,0.275900673866272,0.4682363445858213,body,body,0.2243218056857586,0.1810534343123436,-0.21428944851846618,body,world,0.2026876199990511,0.14589826576411724,-0.3287564071183694,body,world
soft_medium,body_world,90433,True,True,l,1.3743791243103016,-1.0,medium,0.05,77,alarm,persistent,False,nan,0.15085484236478805,0.10276201479136944,-0.3839022868023824,body,world,0.12680842857807875,0.11893355208449066,-0.06411255991847077,body,world,0.12287099033128471,0.11430160282179713,-0.0722943521992468,body,world
soft_medium,body_world,90434,True,True,m,1.4747028802268096,2.0,short,-0.05,62,alarm,persistent,False,nan,0.20136498138308526,0.14458713680505753,-0.3312367405337569,body,world,0.17297605909407138,0.18525461703538895,0.06857798895159463,body,world,0.17911533806473018,0.12044620709493756,-0.3968267059605149,body,world
soft_medium,body_world,90435,True,True,l,1.3038106075252267,-2.0,medium,-0.2,60,alarm,persistent,False,nan,0.3134929448366165,0.2876402348279953,-0.08606634068190676,body,body,0.3005665898323059,0.19650096278637647,-0.425001995232514,body,body,0.2485337763093412,0.10751342484727502,-0.8379630349914251,world,world
soft_medium,body_world,90436,True,True,m,1.6168586909623586,4.0,short,-0.05,79,alarm,persistent,False,nan,0.2722090154886246,0.10467127785086631,-0.9557454583243945,world,world,0.18844014666974546,0.09474388221278787,-0.6876031579652275,body,world,0.14159201444126665,0.12006730660796165,-0.16489731053793508,body,world
soft_medium,body_world,90437,True,True,l,1.3291113567705524,-4.0,medium,0.15000000000000002,77,alarm,persistent,False,nan,0.33098308807238935,0.5811680793762207,0.5629727276263373,body,body,0.456075583724305,0.2854562133550644,-0.46856990050965663,body,body,0.3707658985396847,0.10053146174177527,-1.3051001315361277,world,world
soft_medium,body_world,90438,True,True,m,1.329008599029527,-1.0,short,0.05,80,alarm,persistent,False,nan,0.151968914270401,0.08326638415455818,-0.6016310723940094,body,world,0.1176176492124796,0.08354578744620085,-0.3420442683257642,body,world,0.10058171832934022,0.14306368422694504,0.35231936056506385,body,world
soft_medium,body_world,90439,True,True,l,1.445391509411858,1.0,medium,0.0,66,alarm,persistent,False,nan,0.15575720369815826,0.14213375821709634,-0.09152983476020674,body,world,0.1489454809576273,0.11158196777105331,-0.28882088159514857,body,world,0.1302637243643403,0.09211323573254049,-0.3465424010954962,body,world
soft_medium,body_world,90440,True,True,m,1.5564106744089927,2.0,short,0.25,74,alarm,persistent,False,nan,0.15191195532679558,0.20064238756895064,0.2782230453890988,body,world,0.1762771714478731,0.10299807097762823,-0.5373473343718278,body,world,0.13963762121275067,0.12221522144973278,-0.13326704618749477,body,world
soft_medium,body_world,90441,True,True,l,1.3070596772413094,2.0,medium,0.2,71,alarm,persistent,False,nan,0.15302777662873268,0.06947024315595626,-0.789720946651495,body,world,0.11124900989234447,0.16520424224436284,0.3954115190398108,body,world,0.13822662606835365,0.10110532138496638,-0.3127317965711077,body,world
soft_medium,body_world,90442,True,True,m,1.6269524228642334,4.0,short,0.25,74,alarm,persistent,False,nan,0.1949271783232689,0.3027240239083767,0.4401955339644125,body,body,0.2488256011158228,0.09782315511256456,-0.9335909450870865,world,world,0.17332437811419368,0.13879523235373198,-0.22216515840064038,body,world
soft_medium,body_world,90443,True,True,l,1.378277312801848,-4.0,medium,-0.1,72,alarm,persistent,False,nan,0.5532208800315856,0.47090660929679873,-0.16109755056189656,body,body,0.5120637446641922,0.16335974484682084,-1.1424943260792955,world,world,0.3377117447555065,0.15565510150045156,-0.7745500336415808,world,world
soft_medium,body_world,90444,True,True,m,1.453510197141481,1.0,short,0.0,71,alarm,persistent,False,nan,0.10509715666994453,0.19359391778707505,0.6108775340115036,body,world,0.1493455372285098,0.11556104496121407,-0.2564637447771731,body,world,0.13245329109486192,0.12045612363144756,-0.09494449585560034,body,world
soft_medium,body_world,90445,True,True,l,1.3665797638238526,-1.0,medium,0.0,62,alarm,persistent,False,nan,0.19173658192157744,0.24117057248950005,0.2293819919478612,body,world,0.21645357720553876,0.18227257318794726,-0.171872878868507,body,world,0.199363075196743,0.09600685928016901,-0.7307080210744966,world,world
soft_medium,body_world,90446,True,True,m,1.33490869903924,-2.0,short,-0.25,64,alarm,persistent,False,nan,0.3623274594545364,0.21013013860210777,-0.5448213406575927,body,world,0.2862287990283221,0.13654228262603282,-0.7401571581091634,body,world,0.21138554082717748,0.08143477560952306,-0.9538812733077668,world,world
soft_medium,body_world,90447,True,True,l,1.360545744961593,2.0,medium,0.25,71,alarm,persistent,False,nan,0.1072292534634471,0.09277286790311337,-0.1448148728862472,body,world,0.10000106068328023,0.18193134777247905,0.5984486131092265,body,world,0.14096620422787964,0.18074601292610168,0.24857262697373764,body,body
soft_medium,body_world,90448,True,True,m,1.3926898559008811,4.0,short,0.0,79,alarm,persistent,False,nan,0.44172550439834596,0.1853363674134016,-0.8685162820011474,body,world,0.3135309359058738,0.12600618768483401,-0.9115670199746215,world,world,0.2197685617953539,0.1415133334696293,-0.4401810586699447,body,world
soft_medium,body_world,90449,True,True,l,1.4996288562259714,4.0,medium,-0.15000000000000002,69,alarm,persistent,False,nan,0.404756124317646,0.3901871755719185,-0.03665816220094316,body,body,0.39747164994478223,0.15412353426218034,-0.9473691592768598,world,world,0.2757975921034813,0.1516167270950973,-0.5983114305713384,world,world
soft_medium,body_world,90450,True,True,m,1.6497126455801099,-1.0,short,-0.15000000000000002,68,alarm,persistent,False,nan,0.295602411031723,0.11306052953004837,-0.961092010584466,world,world,0.2043314702808857,0.10096557680517435,-0.7049638944782064,body,world,0.15264852354303002,0.15849566021934153,0.03758916566020243,body,world
soft_medium,body_world,90451,True,True,l,1.4011624978174013,-1.0,medium,-0.1,69,alarm,persistent,False,nan,0.2720639884471893,0.2908205673098564,0.06666917953573107,body,body,0.2814422778785229,0.17406502924859524,-0.4804984139042746,body,world,0.22775365356355906,0.11635753130540252,-0.6715969606081332,world,world
soft_medium,body_world,90452,True,True,m,1.3459971515369575,2.0,short,0.0,75,alarm,persistent,False,nan,0.23683745712041854,0.06840714253485203,-1.2418968287068692,world,world,0.15262229982763528,0.15841554738581182,0.03725538652452514,body,world,0.15551892360672354,0.1362822279566899,-0.1320394783999175,body,world
soft_medium,body_world,90453,True,True,l,1.3128410648573021,-2.0,medium,-0.2,60,alarm,persistent,False,nan,0.3778277516365051,0.3207313776016235,-0.16383446537207327,body,body,0.34927956461906434,0.21739454865455626,-0.47415874710439015,body,body,0.2833370566368103,0.135691037774086,-0.7362566815473547,world,world
soft_medium,body_world,90454,True,True,m,1.4532800695650452,4.0,short,0.25,80,alarm,persistent,False,nan,0.11921488344669343,0.3470732219517231,1.0686081639898493,body,body,0.23314405269920827,0.05565553056076169,-1.4324750605253085,world,world,0.14439979162998498,0.1965968370437622,0.3085693358496252,body,body
soft_medium,body_world,90455,True,True,l,1.4639866887179158,4.0,medium,0.1,63,alarm,persistent,False,nan,0.21262742280960084,0.36780922412872313,0.5480229456476691,body,body,0.290218323469162,0.1778044467791915,-0.4899491465140486,body,world,0.23401138512417674,0.16007903330028056,-0.37970211714751495,body,world
soft_medium,body_world,90456,True,True,m,1.437503394575647,1.0,short,-0.05,71,alarm,persistent,False,nan,0.057147933170199394,0.15544187948107718,1.0006286717706268,body,world,0.10629490632563829,0.1239462060853839,0.1536302833002019,body,world,0.1151205562055111,0.113113768491894,-0.01758578105396082,body,world
soft_medium,body_world,90457,True,True,l,1.433005966120608,-1.0,medium,0.1,79,alarm,persistent,False,nan,0.11477507352828979,0.11037301421165466,-0.03910866329002785,body,world,0.11257404386997223,0.1108288463205099,-0.015624086598107788,body,world,0.11170144509524108,0.10075703347101808,-0.1031176337641647,body,world
soft_medium,body_world,90458,True,True,m,1.5714723561915191,-2.0,short,0.1,75,alarm,persistent,False,nan,0.08992128185927868,0.10762887969613075,0.1797543687818838,body,world,0.09877508077770472,0.11459999717772007,0.14860242556125788,body,world,0.1066875389777124,0.13705542914103716,0.25048107037379636,body,world
soft_medium,body_world,90459,True,True,l,1.423809978213943,-2.0,medium,-0.15000000000000002,75,alarm,persistent,False,nan,0.3777488186955452,0.40604946613311765,0.07224551601077761,body,body,0.39189914241433144,0.20643981993198396,-0.6409955758997864,body,body,0.29916948117315767,0.09618452680297196,-1.134741738780291,world,world
soft_medium,body_world,90460,True,True,m,1.501503010941712,-4.0,short,0.1,65,alarm,persistent,False,nan,0.4241204492747784,0.14724247008562089,-1.057936809083156,world,world,0.28568145968019965,0.1548251911997795,-0.6125807310023624,body,world,0.22025332543998957,0.1422896036878228,-0.4369139198701943,body,world
soft_medium,body_world,90461,True,True,l,1.4979893620177673,-4.0,medium,-0.05,68,alarm,persistent,False,nan,0.51085444688797,0.50046346783638,-0.020550105124214596,body,body,0.505658957362175,0.16537229912355542,-1.1176631542698132,world,world,0.3355156282428652,0.14295326797291635,-0.8531507578149685,world,world
soft_medium,body_world,90462,True,True,m,1.32405485767968,-1.0,short,0.15000000000000002,61,alarm,persistent,False,nan,0.17386609092354774,0.22503234148025514,0.2579587212541985,body,world,0.19944921620190142,0.10714863943867385,-0.6213426244331511,body,world,0.15329892782028764,0.1261302296537906,-0.19507484998848829,body,world
soft_medium,body_world,90463,True,True,l,1.2959566174498844,1.0,medium,-0.05,60,alarm,persistent,False,nan,0.07692993767559528,0.07706111669540405,0.0017037230126827816,body,world,0.07699552718549967,0.08253931012004614,0.0695273344941965,body,world,0.0797674186527729,0.11002385411411524,0.32158206434104214,body,world
soft_medium,body_world,90464,True,True,m,1.5484915809048363,-2.0,short,0.25,68,alarm,persistent,False,nan,0.17666038647294044,0.19658463075757027,0.10686386048701323,body,world,0.18662250861525537,0.16768389753997326,-0.10700726130705046,body,world,0.1771532030776143,0.1784240398555994,0.007148051312709507,body,body
soft_medium,body_world,90465,True,True,l,1.428408630737959,-2.0,medium,-0.25,69,alarm,persistent,False,nan,0.49644778966903685,0.36445646584033964,-0.3090712121611502,body,body,0.4304521277546883,0.13207306265830993,-1.1814808417392746,world,world,0.2812625952064991,0.13890267708338797,-0.7055152124392605,world,world
soft_medium,body_world,90466,True,True,m,1.3278826334953207,4.0,short,0.1,72,alarm,persistent,False,nan,0.3055444598197937,0.19945158809423447,-0.42652375866061476,body,world,0.2524980239570141,0.10225642132572829,-0.9039198295692971,world,world,0.17737722264137118,0.14123122468590737,-0.22788022753547096,body,world
soft_medium,body_world,90467,True,True,l,1.224242705022093,-4.0,medium,0.2,67,alarm,persistent,False,nan,0.23892755433917046,0.5652196705341339,0.8610540669282682,body,body,0.4020736124366522,0.4305377289652824,0.06839977253105195,body,body,0.4163056707009673,0.15221221363171936,-1.0061440863178295,world,world
soft_medium,body_world,90468,True,True,m,1.377155487281401,1.0,short,0.25,65,alarm,persistent,False,nan,0.13531295880675315,0.09820188134908676,-0.320564935392807,body,world,0.11675742007791996,0.10985703505575657,-0.06091861063787115,body,world,0.11330722756683827,0.11892235004343092,0.04836780207371294,body,world
soft_medium,body_world,90469,True,True,l,1.2775926055522053,-1.0,medium,-0.2,67,alarm,persistent,False,nan,0.2537851929664612,0.2745338648557663,0.07858641034532682,body,body,0.2641595289111137,0.17478629164397716,-0.4129891597666361,body,world,0.21947291027754545,0.11680759214796126,-0.6307007397584197,world,world
soft_medium,body_world,90470,True,True,m,1.5219750255884492,2.0,short,-0.05,70,alarm,persistent,False,nan,0.21506511121988298,0.09573325365781785,-0.8093751089227105,body,world,0.1553991824388504,0.11108198091387748,-0.3357286814106619,body,world,0.13324058167636393,0.15678531741723417,0.16272108566659038,body,world
soft_medium,body_world,90471,True,True,l,1.2543795609592172,2.0,medium,0.0,63,alarm,persistent,False,nan,0.06743904091417789,0.23213427662849426,1.2360918905372313,body,world,0.14978665877133607,0.08536198576912284,-0.5623111366605786,body,world,0.11757432227022946,0.08879111455753445,-0.28078407987822246,body,world
soft_medium,body_world,90472,True,True,m,1.523888147333015,4.0,short,0.25,77,alarm,persistent,False,nan,0.14275117218494415,0.31553092151880263,0.793153625206721,body,body,0.2291410468518734,0.14867718368768693,-0.4325603359238716,body,world,0.18890911526978016,0.14814886078238487,-0.2430484434481296,body,world
soft_medium,body_world,90473,True,True,l,1.4189126139922845,-4.0,medium,-0.25,63,alarm,persistent,False,nan,0.6633234083652496,0.5156633377075195,-0.2518085604324576,body,body,0.5894933730363846,0.2417540155351162,-0.8913427337705295,world,world,0.4156236942857504,0.1356213977560401,-1.1199131062192005,world,world
soft_medium,body_world,90474,True,True,m,1.3393605416224226,1.0,short,0.0,80,alarm,persistent,False,nan,0.11945025995373726,0.14858769699931146,0.21827528609425126,body,world,0.13401897847652436,0.13259314466267824,-0.010696043305274194,body,world,0.1333060615696013,0.13496704818680882,0.012382961848020292,body,world
soft_medium,body_world,90475,True,True,l,1.4134205728523153,1.0,medium,0.1,66,alarm,persistent,False,nan,0.11811336204409599,0.0999311126768589,-0.16716378320774306,body,world,0.10902223736047745,0.11055403854697943,0.01395256413974519,body,world,0.10978813795372844,0.10990394209511578,0.0010542405724158314,body,world
soft_medium,body_world,90476,True,True,m,1.3814810158500825,-2.0,short,0.0,70,alarm,persistent,False,nan,0.3123580366373062,0.12445152699947357,-0.9202337844761194,body,world,0.2184047818183899,0.0991203911602497,-0.7900149547606073,body,world,0.1587625864893198,0.1551780154928565,-0.02283697463880045,body,world
soft_medium,body_world,90477,True,True,l,1.4674729887667173,2.0,medium,0.1,78,alarm,persistent,False,nan,0.13278729766607283,0.19681752249598503,0.39352843536498555,body,world,0.16480241008102894,0.1369291443377733,-0.18528364422446178,body,world,0.15086577720940114,0.16557915396988393,0.09305880334039733,body,world
soft_medium,body_world,90478,True,True,m,1.5027032697774165,4.0,short,0.0,80,alarm,persistent,False,nan,0.2644155651330948,0.10255281478166581,-0.9471440438488061,world,world,0.1834841899573803,0.1504963006824255,-0.1981900018087674,body,world,0.1669902453199029,0.12536255856975914,-0.2867253918352831,body,world
soft_medium,body_world,90479,True,True,l,1.3850046666885212,-4.0,medium,0.0,66,alarm,persistent,False,nan,0.4238238751888275,0.5274507999420166,0.21873761051960486,body,body,0.47563733756542204,0.22287254482507707,-0.7580556077755278,body,body,0.3492549411952496,0.12256261054426432,-1.0471801401567418,world,world
soft_medium,calib,90480,False,False,,1.0,0.0,,0.0,64,alarm,persistent,False,nan,0.06462277360260486,0.18390293903648852,1.0458412319810548,body,world,0.1242628563195467,0.15979189164936541,0.2514731604189626,body,world,0.14202737398445606,0.12731204396113754,-0.10937870162355309,body,world
soft_medium,calib,90481,False,False,,1.0,0.0,,0.0,76,alarm,persistent,False,nan,0.14387657921761274,0.14792853146791457,0.027773418346639094,body,world,0.14590255534276367,0.11985843731090426,-0.19662761239382662,body,world,0.13288049632683396,0.09007741045206785,-0.38878078367239294,body,world
soft_medium,calib,90482,False,False,,1.0,0.0,,0.0,79,alarm,persistent,False,nan,0.09385013319551945,0.09479688815772533,0.01003740111189876,body,world,0.0943235106766224,0.15545435212552547,0.49962165661000896,body,world,0.12488893140107393,0.14261793000623585,0.13274444292773896,body,world
soft_medium,calib,90483,False,False,,1.0,0.0,,0.0,70,alarm,persistent,False,nan,0.19272457361221312,0.11396233662962914,-0.5253940765623244,body,world,0.15334345512092112,0.14557251650840045,-0.05200585259391254,body,world,0.1494579858146608,0.12066500270739197,-0.2139971886491363,body,world
soft_medium,calib,90484,False,False,,1.0,0.0,,0.0,69,alarm,persistent,False,nan,0.23087203949689866,0.23024329394102097,-0.002727065876769437,body,world,0.2305576667189598,0.08782332260161638,-0.9651739134973634,world,world,0.1591904946602881,0.1500802904367447,-0.05893114425112298,body,world
soft_medium,calib,90485,False,False,,1.0,0.0,,0.0,78,alarm,persistent,False,nan,0.13811732903122903,0.0741352953016758,-0.6222117955459036,body,world,0.10612631216645241,0.10921682249754668,0.028705094718052295,body,world,0.10767156733199953,0.11738898805342615,0.08640755393770956,body,world
soft_medium,calib,90486,False,False,,1.0,0.0,,0.0,79,alarm,persistent,False,nan,0.07569632232189179,0.14165079072117806,0.6266352314892436,body,world,0.10867355652153492,0.1487688866443932,0.3140455111427069,body,world,0.12872122158296406,0.12048178492113948,-0.06615041384909415,body,world
soft_medium,calib,90487,False,False,,1.0,0.0,,0.0,74,alarm,persistent,False,nan,0.13457652200013398,0.17452779784798622,0.25995105488136533,body,world,0.1545521599240601,0.12058799928054213,-0.24815187316005996,body,world,0.1375700796023011,0.1642645516432822,0.1773447908161217,body,world
soft_medium,calib,90488,False,False,,1.0,0.0,,0.0,62,alarm,persistent,False,nan,0.08843441195785999,0.14402571376413106,0.4877306820041993,body,world,0.11623006286099553,0.18129956778138875,0.44457920627294767,body,world,0.14876481532119215,0.11196570810861886,-0.2841739914524929,body,world
soft_medium,calib,90489,False,False,,1.0,0.0,,0.0,65,alarm,persistent,False,nan,0.19891624599695207,0.1836208701133728,-0.08001071837711082,body,world,0.19126855805516244,0.12105264700949192,-0.4574529533610379,body,world,0.15616060253232716,0.12239128234796226,-0.2436618361922825,body,world
soft_medium,calib,90490,False,False,,1.0,0.0,,0.0,70,alarm,persistent,False,nan,0.20884064137935637,0.1952027603983879,-0.06753266442531723,body,world,0.20202170088887214,0.11710005104541779,-0.545346415257308,body,world,0.15956087596714497,0.14076778450980781,-0.1253139025668857,body,world
soft_medium,calib,90491,False,False,,1.0,0.0,,0.0,63,alarm,persistent,False,nan,0.1388614982366562,0.19281927198171617,0.3282763147772559,body,world,0.16584038510918617,0.1671340547502041,0.007770423164105967,body,world,0.16648721992969512,0.10900809175800533,-0.4234964335097666,body,world
soft_medium,calib,90492,False,False,,1.0,0.0,,0.0,66,alarm,persistent,False,nan,0.18739968091249465,0.1741005152463913,-0.07361086083966523,body,world,0.18075009807944298,0.08657138645648957,-0.7361460531258945,body,world,0.13366074226796626,0.11168932626023889,-0.17958367116680213,body,world
soft_medium,calib,90493,False,False,,1.0,0.0,,0.0,80,alarm,persistent,False,nan,0.0873066894710064,0.105060675740242,0.18511096129825538,body,world,0.0961836826056242,0.2011808943003416,0.7379447511704067,body,body,0.1486822884529829,0.09843368097208441,-0.4124287053183811,body,world
soft_medium,calib,90494,False,False,,1.0,0.0,,0.0,79,alarm,persistent,False,nan,0.09246243834495545,0.12699111998081208,0.3173146725006344,body,world,0.10972677916288376,0.14672563783824444,0.2905709834153466,body,world,0.1282262085005641,0.17843412347137927,0.33042351884448373,body,body
soft_medium,calib,90495,False,False,,1.0,0.0,,0.0,75,alarm,persistent,False,nan,0.21511275693774223,0.07683174312114716,-1.0295444648749872,world,world,0.1459722500294447,0.12424361635930836,-0.1611722490845925,body,world,0.13510793319437653,0.09701639683917165,-0.3311939603510779,body,world
soft_medium,calib,90496,False,False,,1.0,0.0,,0.0,76,alarm,persistent,False,nan,0.1365947440266609,0.11201282665133476,-0.1984050808752077,body,world,0.12430378533899784,0.14171191230416297,0.13106775893246547,body,world,0.1330078488215804,0.1297599134966731,-0.024722216450655442,body,world
soft_medium,calib,90497,False,False,,1.0,0.0,,0.0,68,alarm,persistent,False,nan,0.20725627318024636,0.1905096795409918,-0.0842530577048333,body,world,0.19888297636061908,0.1228542661294341,-0.4817177685683685,body,world,0.1608686212450266,0.1619536392390728,0.006722101989562485,body,world
soft_medium,calib,90498,False,False,,1.0,0.0,,0.0,70,alarm,persistent,False,nan,0.15320059210062026,0.14931540191173553,-0.025687262132374048,body,world,0.1512579970061779,0.08998665735125541,-0.5193255605941687,body,world,0.12062232717871665,0.10908611351624131,-0.10052679873272996,body,world
soft_medium,calib,90499,False,False,,1.0,0.0,,0.0,79,alarm,persistent,False,nan,0.18111762404441833,0.17946463227272033,-0.009168522977376392,body,world,0.18029112815856935,0.13240148387849332,-0.30873407201907116,body,world,0.15634630601853133,0.12692425046116113,-0.2084830018162366,body,world
soft_medium,calib,90500,False,False,,1.0,0.0,,0.0,72,alarm,persistent,False,nan,0.17386397942900658,0.17180580496788025,-0.011908468004588744,body,world,0.17283489219844342,0.12290360108017921,-0.34093644139183693,body,world,0.1478692466393113,0.10066988696344197,-0.3844816967242097,body,world
soft_medium,calib,90501,False,False,,1.0,0.0,,0.0,76,alarm,persistent,False,nan,0.1013167753815651,0.11806294741109014,0.15296593631982358,body,world,0.10968986139632761,0.10216418020427227,-0.07107581273146375,body,world,0.10592702080029995,0.11863231281749904,0.11327852755937509,body,world
soft_medium,calib,90502,False,False,,1.0,0.0,,0.0,76,alarm,persistent,False,nan,0.09605831615626811,0.14766366630792618,0.4299816957142762,body,world,0.12186099123209715,0.19260108312591911,0.4577401440801225,body,world,0.15723103717900813,0.1561336934566498,-0.007003648468166968,body,world
soft_medium,calib,90503,False,False,,1.0,0.0,,0.0,63,alarm,persistent,False,nan,0.09903988502919674,0.21672457456588745,0.7831046576558249,body,world,0.1578822297975421,0.1395426385104656,-0.12347916710018202,body,world,0.14871243415400387,0.1249107826501131,-0.17441472535835786,body,world
soft_medium,calib,90504,False,False,,1.0,0.0,,0.0,72,alarm,persistent,False,nan,0.2012064725160599,0.11029611807316542,-0.601162875890559,body,world,0.15575129529461265,0.12863317392766477,-0.19129573348180332,body,world,0.1421922346111387,0.10188573654741048,-0.33332795152455774,body,world
soft_medium,calib,90505,False,False,,1.0,0.0,,0.0,75,alarm,persistent,False,nan,0.13742491602897644,0.09227714017033577,-0.39828126067483044,body,world,0.11485102809965611,0.09520947076380253,-0.18755646110586174,body,world,0.10503024943172931,0.1007435361854732,-0.04167035669297312,body,world
soft_medium,calib,90506,False,False,,1.0,0.0,,0.0,78,alarm,persistent,False,nan,0.1525380104780197,0.10413311906158924,-0.38174374239817316,body,world,0.12833556476980448,0.12535508833825587,-0.023498016459219995,body,world,0.1268453265540302,0.1547766557894647,0.19901470432526033,body,world
soft_medium,calib,90507,False,False,,1.0,0.0,,0.0,72,alarm,persistent,False,nan,0.1025286078453064,0.14643993526697158,0.35647348564035786,body,world,0.12448427155613899,0.15015729367733002,0.18750399414748664,body,world,0.1373207826167345,0.11903533581644296,-0.1428992791244593,body,world
soft_medium,calib,90508,False,False,,1.0,0.0,,0.0,68,alarm,persistent,False,nan,0.16903833150863648,0.14127276316285134,-0.1794329906876277,body,world,0.1551555473357439,0.15222340673208237,-0.0190789220094732,body,world,0.15368947703391314,0.1847899358253926,0.18428551402519744,body,body
soft_medium,calib,90509,False,False,,1.0,0.0,,0.0,69,alarm,persistent,False,nan,0.18370314538478852,0.21424401104450225,0.1537944894953556,body,world,0.1989735782146454,0.1562823999673128,-0.2415074162074356,body,world,0.1776279890909791,0.12972070081159473,-0.3143077304549914,body,world
soft_medium,calib,90510,False,False,,1.0,0.0,,0.0,60,alarm,persistent,False,nan,0.11572295129299164,0.21109475046396256,0.6011081034884823,body,world,0.1634088508784771,0.1757334962487221,0.07271327367814183,body,world,0.16957117356359958,0.15884623872116208,-0.0653360594604454,body,world
soft_medium,calib,90511,False,False,,1.0,0.0,,0.0,67,alarm,persistent,False,nan,0.22734873741865158,0.13974945694208146,-0.4866339006824703,body,world,0.18354909718036652,0.15505747431889177,-0.16868634102645813,body,world,0.16930328574962913,0.1331603939528577,-0.24013732560952541,body,world
soft_medium,calib,90512,False,False,,1.0,0.0,,0.0,65,alarm,persistent,False,nan,0.17822575718164443,0.1647203341126442,-0.07880195436921636,body,world,0.17147304564714433,0.07763975886628031,-0.7923464335119318,body,world,0.12455640225671231,0.12931639049202204,0.03750339753142122,body,world
soft_medium,calib,90513,False,False,,1.0,0.0,,0.0,79,alarm,persistent,False,nan,0.15282364636659623,0.04168425435200333,-1.2991611544461408,world,world,0.09725395035929978,0.12957358844578265,0.2869233679582338,body,world,0.11341376940254122,0.09693921017460524,-0.15695872441081002,body,world
soft_medium,calib,90514,False,False,,1.0,0.0,,0.0,62,alarm,persistent,False,nan,0.13360458761453628,0.2015508770942688,0.411157242353871,body,world,0.16757773235440254,0.14686588179320098,-0.13192751581052561,body,world,0.15722180707380176,0.1501804756000638,-0.04581985068406846,body,world
soft_medium,calib,90515,False,False,,1.0,0.0,,0.0,75,alarm,persistent,False,nan,0.10945761576294899,0.08213259167969227,-0.2872024905907631,body,world,0.09579510372132063,0.10740213990211486,0.11436853218706998,body,world,0.10159862181171775,0.11856403192505241,0.1544231982274726,body,world
soft_medium,calib,90516,False,False,,1.0,0.0,,0.0,71,alarm,persistent,False,nan,0.22989548295736312,0.13098642826080323,-0.5625310669461346,body,world,0.1804409556090832,0.17621384598314763,-0.02370531704287937,body,world,0.1783274007961154,0.16387109505012631,-0.08454107814294194,body,world
soft_medium,calib,90517,False,False,,1.0,0.0,,0.0,77,alarm,persistent,False,nan,0.18156362175941468,0.19201635830104352,0.0559744424908622,body,world,0.18678999003022909,0.1354940602555871,-0.32105713419017207,body,world,0.1611420251429081,0.1336568370461464,-0.18701052224285694,body,world
soft_medium,calib,90518,False,False,,1.0,0.0,,0.0,72,alarm,persistent,False,nan,0.20128779113292694,0.1482968471944332,-0.3055196914253423,body,world,0.17479231916368007,0.10083418264985085,-0.5501211098037605,body,world,0.13781325090676547,0.12406340886373073,-0.10510671767447101,body,world
soft_medium,calib,90519,False,False,,1.0,0.0,,0.0,76,alarm,persistent,False,nan,0.14419079683721064,0.11051341779530048,-0.26600045900558794,body,world,0.12735210731625557,0.14464825987815857,0.12734925274509756,body,world,0.13600018359720706,0.1449848633026704,0.06397311024078248,body,world
soft_medium,calib,90520,False,False,,1.0,0.0,,0.0,76,alarm,persistent,False,nan,0.17280932664871215,0.14721999317407608,-0.16026080830986553,body,world,0.16001465991139413,0.15286355074495078,-0.04571973719942884,body,world,0.15643910532817246,0.12218750105239451,-0.24711007213286926,body,world
soft_medium,calib,90521,False,False,,1.0,0.0,,0.0,64,alarm,persistent,False,nan,0.09337602108716965,0.24384118914604186,0.9598825705025905,body,world,0.16860860511660575,0.12806266341358424,-0.2750603808727449,body,world,0.148335634265095,0.1432363573461771,-0.034981390893691865,body,world
soft_medium,calib,90522,False,False,,1.0,0.0,,0.0,80,alarm,persistent,False,nan,0.0814910426735878,0.06358246393501758,-0.2481554003262097,body,world,0.07253675330430269,0.14524298049509526,0.6943146919708968,body,world,0.10888986689969897,0.11989270346239209,0.09626022896899762,body,world
soft_medium,calib,90523,False,False,,1.0,0.0,,0.0,64,alarm,persistent,False,nan,0.09486132673919201,0.2057179793715477,0.7740900919931916,body,world,0.15028965305536984,0.1382825537584722,-0.08326536953452685,body,world,0.14428610340692102,0.141005146689713,-0.02300176659851325,body,world
soft_medium,calib,90524,False,False,,1.0,0.0,,0.0,60,alarm,persistent,False,nan,0.15655930563807488,0.21903247870504855,0.3357851354487881,body,world,0.18779589217156173,0.10448844670318067,-0.586279185685477,body,world,0.14614216943737118,0.13955894368700683,-0.04609286376889367,body,world
soft_medium,calib,90525,False,False,,1.0,0.0,,0.0,74,alarm,persistent,False,nan,0.1375778317451477,0.1010549496859312,-0.30852538082427045,body,world,0.11931639071553946,0.08499395959079266,-0.3391985200813418,body,world,0.10215517515316605,0.11410910079721362,0.11066203300272873,body,world
soft_medium,calib,90526,False,False,,1.0,0.0,,0.0,64,alarm,persistent,False,nan,0.19874785840511322,0.1751967366784811,-0.12612742609175934,body,world,0.18697229754179717,0.15972041729837655,-0.15753556951417366,body,world,0.17334635742008686,0.1425627271644771,-0.19550956556547008,body,world
soft_medium,calib,90527,False,False,,1.0,0.0,,0.0,77,alarm,persistent,False,nan,0.0979599490761757,0.126959440857172,0.25930895988111796,body,world,0.11245969496667385,0.17650966215878724,0.4507807274956436,body,world,0.14448467856273056,0.1263834001030773,-0.13385332643308512,body,world
soft_medium,calib,90528,False,False,,1.0,0.0,,0.0,69,alarm,persistent,False,nan,0.14730153232812881,0.10928108319640159,-0.2985584182925118,body,world,0.12829130776226522,0.10066660884767771,-0.24248936566088972,body,world,0.11447895830497146,0.1481776479166001,0.2580208418680963,body,world
soft_medium,calib,90529,False,False,,1.0,0.0,,0.0,61,alarm,persistent,False,nan,0.11534413844347,0.18308021426200866,0.46200421817638726,body,world,0.14921217635273934,0.17421606462448835,0.15492698421224105,body,world,0.16171412048861383,0.129951311647892,-0.21867023347593642,body,world
