config,cell,seed,has_body,has_push,param,factor,torque,duration_name,offset_s,onset,old_verdict,old_path,old_settled,old_settled_score,early_10,late_10,logr_10,shape_10,shape_elev_10,early_20,late_20,logr_20,shape_20,shape_elev_20,early_40,late_40,logr_40,shape_40,shape_elev_40
rigid_medium,neither,90000,False,False,,1.0,0.0,,0.0,79,world,settled,True,0.15537230670452118,0.1427433133125305,0.12747165206819772,-0.11315400233726712,body,world,0.13510748269036413,0.1164492117241025,-0.14861540265604664,body,world,0.1257783472072333,0.11800972954370081,-0.06375413385593325,body,world
rigid_medium,neither,90001,False,False,,1.0,0.0,,0.0,75,world,settled,True,0.11172709614038467,0.13967335298657418,0.10855873450636863,-0.25201514515114537,body,world,0.12411604374647141,0.08009107820689679,-0.43805249996206747,body,world,0.10210356097668409,0.11305184802040458,0.10185894361502207,body,world
rigid_medium,neither,90002,False,False,,1.0,0.0,,0.0,65,body,settled,True,0.18704786896705627,0.0712409656494856,0.18817778974771499,0.971319192886892,body,world,0.1297093776986003,0.07123855501413345,-0.599262216839235,body,world,0.10047396635636688,0.1969359941780567,0.6729801205842537,body,body
rigid_medium,neither,90003,False,False,,1.0,0.0,,0.0,61,world,settled,True,0.12185591459274292,0.14436085969209672,0.11952977464534342,-0.18875063440447704,body,world,0.13194531716872007,0.12755693085491657,-0.03382479143325539,body,world,0.12975112401181832,0.11725507355295121,-0.10126650728192499,body,world
rigid_medium,neither,90004,False,False,,1.0,0.0,,0.0,76,world,settled,True,0.10743137449026108,0.11514934673905372,0.09386780634522437,-0.20434247611639128,body,world,0.10450857654213905,0.12394614899531006,0.17057804877057461,body,world,0.11422736276872456,0.09239846179261804,-0.21208054120772696,body,world
rigid_medium,neither,90005,False,False,,1.0,0.0,,0.0,79,world,settled,True,0.1280672252178192,0.24923172034323215,0.05087801292538643,-1.5889522033797212,world,world,0.15005486663430928,0.15717410016804934,0.04635310444243019,body,world,0.1536144834011793,0.14960484858602285,-0.02644863389514563,body,world
rigid_medium,neither,90006,False,False,,1.0,0.0,,0.0,74,world,settled,True,0.13684353232383728,0.15582776963710784,0.18978125900030135,0.19712078396266497,body,world,0.1728045143187046,0.09230059813708066,-0.6271103587120435,body,world,0.13255255622789264,0.1499036107212305,0.12301327479397596,body,world
rigid_medium,neither,90007,False,False,,1.0,0.0,,0.0,79,world,settled,True,0.12463030964136124,0.08964506685733795,0.10145221147686243,0.12372969287369524,body,world,0.09554863916710019,0.15348343681544066,0.4739572292404808,body,world,0.12451603799127042,0.11983261513523757,-0.0383386316484108,body,world
rigid_medium,neither,90008,False,False,,1.0,0.0,,0.0,62,world,settled,True,0.12250272929668427,0.09475069642066955,0.19511087387800216,0.7223187869491247,body,world,0.14493078514933586,0.15644581392407417,0.07645342846142483,body,world,0.150688299536705,0.12366384509950876,-0.19764650408108514,body,world
rigid_medium,neither,90009,False,False,,1.0,0.0,,0.0,74,world,settled,True,0.1104227676987648,0.11691387891769409,0.11477156989276409,-0.018493781935412196,body,world,0.1158427244052291,0.14889333508908748,0.25099673064911254,body,world,0.13236802974715828,0.09923559669405221,-0.28808935961288573,body,world
rigid_medium,neither,90010,False,False,,1.0,0.0,,0.0,72,world,settled,True,0.1478860080242157,0.048546391725540164,0.08775718845427036,0.5920539075142865,body,world,0.06815179008990527,0.09956407882273197,0.37906402044146786,body,world,0.08385793445631862,0.13925858605653046,0.5072084256172825,body,world
rigid_medium,neither,90011,False,False,,1.0,0.0,,0.0,71,world,settled,True,0.12202437967061996,0.06080497726798058,0.1420225866138935,0.848314457031938,body,world,0.10141378194093705,0.16177070224657655,0.4669709158522158,body,world,0.1315922420937568,0.13180082086473704,0.00158378365957591,body,world
rigid_medium,neither,90012,False,False,,1.0,0.0,,0.0,62,world,settled,True,0.11792421340942383,0.06572177223861217,0.07511065527796745,0.13353217059486208,body,world,0.07041621375828981,0.09872469659894705,0.33791158826068934,body,world,0.08457045517861843,0.1278559490107,0.4133192557792952,body,world
rigid_medium,neither,90013,False,False,,1.0,0.0,,0.0,68,world,settled,True,0.12791123986244202,0.1752991683781147,0.08503456711769104,-0.7234362021289185,body,world,0.13016686774790287,0.09789459342136979,-0.2849259029194576,body,world,0.11403073058463634,0.1115116138011217,-0.022339233472614337,body,world
rigid_medium,neither,90014,False,False,,1.0,0.0,,0.0,80,world,settled,True,0.1368924379348755,0.10948071964085102,0.10939667681232094,-0.0007679443745423412,body,world,0.10943869822658599,0.0738783735781908,-0.392944418227444,body,world,0.0916585359023884,0.11802935423329472,0.25286325240001967,body,world
rigid_medium,neither,90015,False,False,,1.0,0.0,,0.0,76,world,settled,True,0.13592633605003357,0.07436927929520606,0.0874430675059557,0.16194498065131727,body,world,0.08090617340058089,0.07060693502426148,-0.13616176070335773,body,world,0.07575655421242118,0.10604136753827334,0.33630431287269547,body,world
rigid_medium,neither,90016,False,False,,1.0,0.0,,0.0,76,world,settled,True,0.11937990039587021,0.10834921076893807,0.09283212013542652,-0.1545667418119707,body,world,0.10059066545218229,0.14889252856373786,0.39216529627249924,body,world,0.12474159700796009,0.14570453809574246,0.15533648585472423,body,world
rigid_medium,neither,90017,False,False,,1.0,0.0,,0.0,74,world,settled,True,0.13876934349536896,0.14082972556352616,0.11115191131830215,-0.23665370439205224,body,world,0.12599081844091414,0.1843553151935339,0.38065592156245953,body,world,0.15517306681722404,0.154760038619861,-0.0026652747616782223,body,world
rigid_medium,neither,90018,False,False,,1.0,0.0,,0.0,66,world,settled,True,0.11381499469280243,0.10761942937970162,0.20750490501523017,0.6565537761488528,body,body,0.1575621671974659,0.1187786865979433,-0.282558107659926,body,world,0.1381704268977046,0.12700583022087814,-0.08425490806344069,body,world
rigid_medium,neither,90019,False,False,,1.0,0.0,,0.0,66,world,settled,True,0.11755361407995224,0.11558015551418066,0.17782118618488313,0.4308141969765254,body,world,0.1467006708495319,0.12367079155519604,-0.17077112979642597,body,world,0.13518573120236396,0.128614660538733,-0.04982881321055218,body,world
rigid_medium,neither,90020,False,False,,1.0,0.0,,0.0,73,world,settled,True,0.11121758073568344,0.13982443660497665,0.09000245332717896,-0.4405506822631414,body,world,0.1149134449660778,0.07938442211598158,-0.369877038517785,body,world,0.09714893354102969,0.12362783066928387,0.24103048858821535,body,world
rigid_medium,neither,90021,False,False,,1.0,0.0,,0.0,74,world,settled,True,0.14387109875679016,0.18863611221313475,0.16537877023220063,-0.13158140676594907,body,world,0.1770074412226677,0.16698895618319512,-0.0582640929056937,body,world,0.1719981987029314,0.13051020787097514,-0.2760325591640858,body,world
rigid_medium,neither,90022,False,False,,1.0,0.0,,0.0,66,world,settled,True,0.11320589482784271,0.16236452832818032,0.10908902585506439,-0.39767968241212437,body,world,0.13572677709162234,0.17106774896383287,0.23141579777854338,body,world,0.1533972630277276,0.1435590758919716,-0.06628441753928332,body,world
rigid_medium,neither,90023,False,False,,1.0,0.0,,0.0,75,world,settled,True,0.1365462690591812,0.09488750845193863,0.08717938140034676,-0.08472421729123268,body,world,0.0910334449261427,0.09599375426769256,0.05305616398344673,body,world,0.09351359959691763,0.13239174159243702,0.34765839092585316,body,world
rigid_medium,neither,90024,False,False,,1.0,0.0,,0.0,73,world,settled,True,0.11037985980510712,0.13915699794888498,0.12226176951080561,-0.12943837955490348,body,world,0.13070938372984528,0.09246432352811099,-0.3461535354644399,body,world,0.11158685362897813,0.1173195758718066,0.05009838497811609,body,world
rigid_medium,neither,90025,False,False,,1.0,0.0,,0.0,68,world,settled,True,0.14609642326831818,0.0990192249417305,0.12793258130550383,0.2561893939966858,body,world,0.11347590312361718,0.16563675981014966,0.37820668974706784,body,world,0.13955633146688343,0.16872102720662951,0.18977829483410236,body,world
rigid_medium,neither,90026,False,False,,1.0,0.0,,0.0,73,world,settled,True,0.11513648182153702,0.2211903676390648,0.05324087254703045,-1.424197340434441,world,world,0.1372156200930476,0.0807038089260459,-0.5307677851361476,body,world,0.10895971450954675,0.1292463688412681,0.17074219666468596,body,world
rigid_medium,neither,90027,False,False,,1.0,0.0,,0.0,61,world,settled,True,0.13092157244682312,0.15966130644083024,0.06507981456816196,-0.8974403037713923,world,world,0.11237056050449609,0.1436283815652132,0.2454272943635688,body,world,0.12799947103485465,0.11660949937067926,-0.09319539104158349,body,world
rigid_medium,neither,90028,False,False,,1.0,0.0,,0.0,71,world,settled,True,0.12604954838752747,0.14687346816062927,0.23306365311145782,0.4617401502764712,body,body,0.18996856063604356,0.11303719580173492,-0.5191416571961411,body,world,0.15150287821888925,0.13192598056048155,-0.1383636109377076,body,world
rigid_medium,neither,90029,False,False,,1.0,0.0,,0.0,60,world,settled,True,0.12437058985233307,0.15754742454737425,0.14140375182032586,-0.10810723468574349,body,world,0.14947558818385004,0.1549766870215535,0.03614160953713844,body,world,0.1522261376027018,0.10325773004442454,-0.3881390663356848,body,world
rigid_medium,neither,90030,False,False,,1.0,0.0,,0.0,72,world,settled,True,0.13398286700248718,0.15625799521803857,0.22243994623422622,0.353148703907378,body,body,0.18934897072613238,0.08040128042921424,-0.8565616167112937,world,world,0.1348751255776733,0.15598480617627503,0.14540925155532755,body,world
rigid_medium,neither,90031,False,False,,1.0,0.0,,0.0,65,world,settled,True,0.10206781327724457,0.036142962984740734,0.1219948686659336,1.216496715633926,body,world,0.07906891582533718,0.12221844233572483,0.43549013021952016,body,world,0.100643679080531,0.08580875499173998,-0.15946530830646277,body,world
rigid_medium,neither,90032,False,False,,1.0,0.0,,0.0,78,world,settled,True,0.11916361004114151,0.08981438204646111,0.1937973067164421,0.769067683224245,body,world,0.1418058443814516,0.20726445838809013,0.3795367256978937,body,body,0.17453515138477088,0.10835254243575036,-0.47673596922169464,body,world
rigid_medium,neither,90033,False,False,,1.0,0.0,,0.0,74,world,settled,True,0.16597923636436462,0.17310176715254783,0.18256683871150017,0.05323667450470085,body,world,0.177834302932024,0.13740782402455806,-0.2578989127704199,body,world,0.15762106347829102,0.16627090880647302,0.05342461887969557,body,world
rigid_medium,neither,90034,False,False,,1.0,0.0,,0.0,63,world,settled,True,0.13729342818260193,0.06812190879136323,0.19143799021840097,1.0332650688983869,body,world,0.1297799495048821,0.1037146064452827,-0.22419736189818504,body,world,0.1167472779750824,0.16133159948512912,0.3234502897091508,body,world
rigid_medium,neither,90035,False,False,,1.0,0.0,,0.0,66,world,settled,True,0.10652561485767365,0.09923980683088303,0.1154594250023365,0.15137995722368777,body,world,0.10734961591660977,0.12736671157181262,0.17097947189332321,body,world,0.1173581637442112,0.0921621228568256,-0.2416812562079633,body,world
rigid_medium,neither,90036,False,False,,1.0,0.0,,0.0,61,world,settled,True,0.1337333470582962,0.0685590399429202,0.1574307383969426,0.8312903343094763,body,world,0.11299488916993142,0.16108567509800195,0.35459377780737017,body,world,0.13704028213396668,0.1294316928833723,-0.05712163888736444,body,world
rigid_medium,neither,90037,False,False,,1.0,0.0,,0.0,69,world,settled,True,0.11570233106613159,0.1577307902276516,0.13330093063414097,-0.16828051182733667,body,world,0.1455158604308963,0.1708429917693138,0.16045987086382002,body,world,0.15817942610010505,0.11158547382801771,-0.3489391182962908,body,world
rigid_medium,neither,90038,False,False,,1.0,0.0,,0.0,63,world,settled,True,0.15574702620506287,0.13431534841656684,0.10390077158808708,-0.2567540572259309,body,world,0.11910806000232696,0.10929639302194119,-0.08596775439054864,body,world,0.11420222651213408,0.1330702854320407,0.15290665689450525,body,world
rigid_medium,neither,90039,False,False,,1.0,0.0,,0.0,63,world,settled,True,0.14012496173381805,0.15368420630693436,0.17423365339636804,0.1254973453874178,body,world,0.1639589298516512,0.12824546918272972,-0.24566981331117782,body,world,0.14610219951719045,0.11007329048588872,-0.28315995244522246,body,world
rigid_medium,neither,90040,False,False,,1.0,0.0,,0.0,66,world,settled,True,0.12941807508468628,0.1328215517103672,0.0881655178964138,-0.4097905778358023,body,world,0.1104935348033905,0.10602074498310685,-0.04132222832783768,body,world,0.10825713989324867,0.1248232850804925,0.1423896955513031,body,world
rigid_medium,neither,90041,False,False,,1.0,0.0,,0.0,71,world,settled,True,0.13571088016033173,0.13781301826238632,0.12139278892427682,-0.12686634871279268,body,world,0.12960290359333157,0.1334124408662319,0.028970201063162174,body,world,0.13150767222978174,0.15955826118588448,0.19334393555273482,body,world
rigid_medium,neither,90042,False,False,,1.0,0.0,,0.0,64,world,settled,True,0.143550843000412,0.08131940066814422,0.12160973623394966,0.4024324153497293,body,world,0.10146456845104694,0.07884952183812857,-0.25216840904500354,body,world,0.09015704514458775,0.14428861420601607,0.47026246330396726,body,world
rigid_medium,neither,90043,False,False,,1.0,0.0,,0.0,79,world,settled,True,0.11764617264270782,0.16218900829553604,0.14455653987824918,-0.11509166256279107,body,world,0.1533727740868926,0.12381230182945728,-0.2141046661571324,body,world,0.13859253795817494,0.10671540712937713,-0.2613727020233992,body,world
rigid_medium,neither,90044,False,False,,1.0,0.0,,0.0,65,world,settled,True,0.13129451870918274,0.1802915245294571,0.06828351430594921,-0.9709067558626608,world,world,0.12428751941770315,0.09030516231432557,-0.3194029592630037,body,world,0.10729634086601436,0.1283666454255581,0.17929603952649575,body,world
rigid_medium,neither,90045,False,False,,1.0,0.0,,0.0,64,world,settled,True,0.13504135608673096,0.18245059810578823,0.15502555593848227,-0.16288946071621757,body,world,0.16873807702213525,0.09125166330486537,-0.6147264522778391,body,world,0.1299948701635003,0.11880625691264868,-0.09000091623969587,body,world
rigid_medium,neither,90046,False,False,,1.0,0.0,,0.0,73,world,settled,True,0.11573870480060577,0.16033360324800014,0.10552766472101212,-0.4182835215107821,body,world,0.13293063398450614,0.10997275114059449,-0.18959482497726673,body,world,0.12145169256255031,0.10715225730091334,-0.1252658032070471,body,world
rigid_medium,neither,90047,False,False,,1.0,0.0,,0.0,66,world,settled,True,0.11943851411342621,0.18312967717647552,0.2629308044910431,0.36169637642556757,body,body,0.2230302408337593,0.09520374536514283,-0.8512880882917615,world,world,0.15911699309945107,0.10742959324270487,-0.39280405088786824,body,world
rigid_medium,neither,90048,False,False,,1.0,0.0,,0.0,76,world,settled,True,0.11736252158880234,0.19408446848392485,0.08235761225223541,-0.8572225787142637,world,world,0.13822104036808014,0.1745619188994169,0.23342536926820442,body,world,0.15639147963374853,0.12484711990691721,-0.2252724005492144,body,world
rigid_medium,neither,90049,False,False,,1.0,0.0,,0.0,76,world,settled,True,0.13626274466514587,0.08772928342223167,0.1293027963489294,0.387901164255619,body,world,0.10851603988558053,0.12245362550020218,0.1208343958636748,body,world,0.11548483269289136,0.1298922252841294,0.1175658676764998,body,world
rigid_medium,neither,90050,False,False,,1.0,0.0,,0.0,60,world,settled,True,0.12902285158634186,0.12806512415409088,0.1690221518278122,0.277490865250048,body,world,0.14854363799095155,0.09963483922183514,-0.39936687878802507,body,world,0.12408923860639334,0.11265685306861997,-0.0966544728701139,body,world
rigid_medium,neither,90051,False,False,,1.0,0.0,,0.0,76,world,settled,True,0.13928934931755066,0.06309977676719428,0.10489502772688866,0.5082428823753044,body,world,0.08399740224704147,0.11750840740278364,0.33572401065393365,body,world,0.10075290482491255,0.16474064448848366,0.4917013532406533,body,world
rigid_medium,neither,90052,False,False,,1.0,0.0,,0.0,68,world,settled,True,0.10492368042469025,0.2065606951713562,0.10294536259025336,-0.6963959053650548,body,world,0.15475302888080478,0.11640888676047326,-0.2847216049860381,body,world,0.135580957820639,0.13335412107408046,-0.0165607822508001,body,world
rigid_medium,neither,90053,False,False,,1.0,0.0,,0.0,72,world,settled,True,0.12315903604030609,0.16631498113274573,0.0884064182639122,-0.6319388953215275,body,world,0.12736069969832897,0.09833399653434753,-0.25865340387742913,body,world,0.11284734811633826,0.11188514539971947,-0.008563146176283764,body,world
rigid_medium,neither,90054,False,False,,1.0,0.0,,0.0,65,world,settled,True,0.14865179359912872,0.11115850359201432,0.1032106563448906,-0.07418503616247181,body,world,0.10718457996845246,0.09829785134643317,-0.086550225921897,body,world,0.1027412156574428,0.19664690657518805,0.6491964108056067,body,body
rigid_medium,neither,90055,False,False,,1.0,0.0,,0.0,68,world,settled,True,0.09862978011369705,0.11772677041590214,0.12121493383310736,0.029198847900817393,body,world,0.11947085212450474,0.13845686614513397,0.1474864150027095,body,world,0.12896385913481936,0.10281500048004091,-0.22660094192099325,body,world
rigid_medium,neither,90056,False,False,,1.0,0.0,,0.0,68,world,settled,True,0.12151157855987549,0.050342384912073615,0.1327385663986206,0.9695341629197388,body,world,0.0915404756553471,0.1301857846789062,0.352181311800715,body,world,0.11086313016712665,0.14957419723505155,0.29949619337994393,body,world
rigid_medium,neither,90057,False,False,,1.0,0.0,,0.0,76,world,settled,True,0.1206076368689537,0.1231215626001358,0.2154552225023508,0.5595809226077441,body,body,0.1692883925512433,0.11439330652356147,-0.39196115754204897,body,world,0.1418408495374024,0.12521856175735593,-0.12464494662947768,body,world
rigid_medium,neither,90058,False,False,,1.0,0.0,,0.0,61,world,settled,True,0.12413875758647919,0.08785068355500698,0.09580226466059685,0.0866477286245163,body,world,0.09182647410780191,0.18191139902919531,0.683619104997068,body,world,0.1368689365684986,0.1403033372713253,0.02478297295978003,body,world
rigid_medium,neither,90059,False,False,,1.0,0.0,,0.0,62,world,settled,True,0.11066000163555145,0.17853634785860778,0.17231315188109875,-0.03547873804019411,body,world,0.17542474986985326,0.11824182718992234,-0.3944782649744439,body,world,0.1468332885298878,0.1076658496633172,-0.31026540531742824,body,world
rigid_medium,neither,90060,False,False,,1.0,0.0,,0.0,62,world,settled,True,0.12869969010353088,0.08659210503101349,0.1328810455277562,0.4282456879952788,body,world,0.10973657527938485,0.12838661037385463,0.1569633816841066,body,world,0.11906159282661974,0.13104806132614613,0.09592319028126009,body,world
rigid_medium,neither,90061,False,False,,1.0,0.0,,0.0,80,world,settled,True,0.11521939188241959,0.11144717037677765,0.2742249548435211,0.9003981022903972,body,body,0.19283606261014938,0.15777849899604918,-0.20064826706816635,body,world,0.17530728080309926,0.12317577823996544,-0.35292789787874584,body,world
rigid_medium,neither,90062,False,False,,1.0,0.0,,0.0,66,world,settled,True,0.11654587090015411,0.2116429902613163,0.1151551254093647,-0.6086207109392205,body,world,0.1633990578353405,0.11332877520471811,-0.36590230705628946,body,world,0.1383639165200293,0.1167297188192606,-0.17002612355591387,body,world
rigid_medium,neither,90063,False,False,,1.0,0.0,,0.0,62,world,settled,True,0.14843808114528656,0.12406050078570843,0.09862098544836044,-0.22948528305355037,body,world,0.11134074311703443,0.152002914249897,0.3113044363218416,body,world,0.13167182868346572,0.15977694066241382,0.19346604102790235,body,world
rigid_medium,neither,90064,False,False,,1.0,0.0,,0.0,72,world,settled,True,0.12771004438400269,0.16768332421779633,0.15711588468402624,-0.06509357362934855,body,world,0.16239960445091128,0.15197272151708602,-0.06635895104015575,body,world,0.15718616298399865,0.15385838565416635,-0.021398248718545308,body,world
rigid_medium,neither,90065,False,False,,1.0,0.0,,0.0,63,world,settled,True,0.14197330176830292,0.2587794065475464,0.05366907827556133,-1.573138974496584,world,world,0.15622424241155386,0.12591994646936655,-0.21564606690864685,body,world,0.1410720944404602,0.11328123011626304,-0.2193975788294679,body,world
rigid_medium,neither,90066,False,False,,1.0,0.0,,0.0,61,world,settled,True,0.10075048357248306,0.13420974612236022,0.0764708261936903,-0.5624945346109783,body,world,0.10534028615802526,0.09776992127299308,-0.07457895427910248,body,world,0.10155510371550917,0.10331170079298317,0.017149094813022472,body,world
rigid_medium,neither,90067,False,False,,1.0,0.0,,0.0,71,world,settled,True,0.13706335425376892,0.14937112778425216,0.18024110645055771,0.18786143530114818,body,world,0.16480611711740495,0.1558912381529808,-0.055611162445758644,body,world,0.16034867763519287,0.12013828996568918,-0.2887071837241072,body,world
rigid_medium,neither,90068,False,False,,1.0,0.0,,0.0,76,world,settled,True,0.12470421940088272,0.0897591020911932,0.06957250982522964,-0.2547599227417396,body,world,0.07966580595821142,0.11500255111604929,0.36711385240180167,body,world,0.09733417853713036,0.12875806540250778,0.2797849843216471,body,world
rigid_medium,neither,90069,False,False,,1.0,0.0,,0.0,70,world,settled,True,0.12218336760997772,0.09875096194446087,0.13562501817941666,0.31729271339298054,body,world,0.11718799006193877,0.14586496278643607,0.2189018832733825,body,world,0.1315264764241874,0.11505450271070003,-0.13380222027456792,body,world
rigid_medium,neither,90070,False,False,,1.0,0.0,,0.0,76,world,settled,True,0.13537149131298065,0.10671433061361313,0.1685301773250103,0.4569593708532123,body,world,0.13762225396931171,0.21363175753504038,0.4397411317825379,body,body,0.17562700575217605,0.12798677948303522,-0.31643548737921773,body,world
rigid_medium,neither,90071,False,False,,1.0,0.0,,0.0,77,world,settled,True,0.11302566528320312,0.11289776712656022,0.09786925986409187,-0.14285018854583212,body,world,0.10538351349532604,0.10484436713159084,-0.005129172630518385,body,world,0.10511394031345844,0.1343944501131773,0.2457342257808491,body,world
rigid_medium,neither,90072,False,False,,1.0,0.0,,0.0,70,world,settled,True,0.12584862112998962,0.11813733801245689,0.15487338453531266,0.2707600799879608,body,world,0.13650536127388477,0.1414949821308255,0.03590036389607679,body,world,0.13900017170235515,0.1386465814895928,-0.002547052323546315,body,world
rigid_medium,neither,90073,False,False,,1.0,0.0,,0.0,80,world,settled,True,0.14631633460521698,0.10433062016963959,0.06674073301255704,-0.44674944040022413,body,world,0.08553567659109831,0.08348654583096504,-0.024248067879631775,body,world,0.08451111121103168,0.11257801111787558,0.28676339415010044,body,world
rigid_medium,neither,90074,False,False,,1.0,0.0,,0.0,67,world,settled,True,0.10977959632873535,0.0907034620642662,0.06769037358462811,-0.29265154933443194,body,world,0.07919691782444715,0.1819810200482607,0.8319650144844442,body,world,0.1305889689363539,0.11241239025257528,-0.14988058382726188,body,world
rigid_medium,neither,90075,False,False,,1.0,0.0,,0.0,71,world,settled,True,0.09373456239700317,0.24196092188358306,0.10927958115935325,-0.7948666702115748,body,world,0.17562025152146815,0.10288510639220476,-0.5347111084148549,body,world,0.13925267895683646,0.08803561301901937,-0.45854869108167184,body,world
rigid_medium,neither,90076,False,False,,1.0,0.0,,0.0,75,world,settled,True,0.11872464418411255,0.13692433312535285,0.07115847561508418,-0.6545190196606293,body,world,0.10404140437021851,0.08547414597123862,-0.1965749949440063,body,world,0.09475777517072856,0.11021350068040192,0.15109549948125253,body,world
rigid_medium,neither,90077,False,False,,1.0,0.0,,0.0,63,world,settled,True,0.09809009730815887,0.07203752286732197,0.12364950031042099,0.54026381859899,body,world,0.09784351158887147,0.17382400743663312,0.5746739539665403,body,world,0.13583375951275228,0.09633553987368941,-0.34359447707986757,body,world
rigid_medium,neither,90078,False,False,,1.0,0.0,,0.0,63,world,settled,True,0.11830999702215195,0.12633789405226709,0.06668746937066317,-0.6389429466749343,body,world,0.09651268171146513,0.12908943742513657,0.29083106109449464,body,world,0.11280105956830085,0.11052504805848003,-0.020383557823633703,body,world
rigid_medium,neither,90079,False,False,,1.0,0.0,,0.0,64,world,settled,True,0.14751899242401123,0.17271469868719577,0.0905074082314968,-0.6462093863650065,body,world,0.1316110534593463,0.08653937838971615,-0.4192514563697213,body,world,0.10907521592453122,0.1554213071241975,0.3541018414113415,body,world
rigid_medium,neither,90080,False,False,,1.0,0.0,,0.0,78,world,settled,True,0.1218327060341835,0.08089525289833546,0.06970354057848453,-0.14890402983454235,body,world,0.07529939673840999,0.133090194221586,0.5695549270909057,body,world,0.10419479547999799,0.1369048218242824,0.27302377251794663,body,world
rigid_medium,neither,90081,False,False,,1.0,0.0,,0.0,79,world,settled,True,0.11788835376501083,0.10259909182786942,0.19893776923418044,0.6621629772847528,body,world,0.15076843053102493,0.15864622667431832,0.050931646737111355,body,world,0.1547073286026716,0.10281983814202249,-0.40855681701574925,body,world
rigid_medium,neither,90082,False,False,,1.0,0.0,,0.0,76,world,settled,True,0.11250042915344238,0.15491803847253321,0.06680384241044521,-0.8411355930127111,world,world,0.11086094044148923,0.1046169625595212,-0.05797092265663825,body,world,0.1077389515005052,0.11954925218597054,0.10401725319596357,body,world
rigid_medium,neither,90083,False,False,,1.0,0.0,,0.0,74,world,settled,True,0.12612366676330566,0.15426249839365483,0.091435457020998,-0.5230223507364122,body,world,0.12284897770732642,0.17315753549337387,0.3432460124706178,body,world,0.14800325660035013,0.11420970791950821,-0.2591979759177834,body,world
rigid_medium,neither,90084,False,False,,1.0,0.0,,0.0,73,world,settled,True,0.13352355360984802,0.10286841131746768,0.12649255618453026,0.20673285061559601,body,world,0.11468048375099897,0.08344621323049069,-0.31794758790156735,body,world,0.09906334849074483,0.11496579963713885,0.14887516043191046,body,world
rigid_medium,neither,90085,False,False,,1.0,0.0,,0.0,72,world,settled,True,0.11179597675800323,0.1733015425503254,0.10422417148947716,-0.5084890232366598,body,world,0.13876285701990126,0.159140020981431,0.13701803825190817,body,world,0.14895143900066615,0.11409554909914732,-0.2665840927416974,body,world
rigid_medium,neither,90086,False,False,,1.0,0.0,,0.0,63,world,settled,True,0.1349288523197174,0.09866880029439926,0.12023463547229767,0.19767633925470762,body,world,0.10945171788334847,0.15923948623239995,0.374925752309097,body,world,0.1343456020578742,0.12857867563143371,-0.04387462086108536,body,world
rigid_medium,neither,90087,False,False,,1.0,0.0,,0.0,66,world,settled,True,0.10647785663604736,0.048332592099905015,0.21118716895580292,1.4746386791655546,body,body,0.12975988052785398,0.13557913191616536,0.04386979958938682,body,world,0.13266950622200965,0.12536765919066967,-0.05661042632500518,body,world
rigid_medium,neither,90088,False,False,,1.0,0.0,,0.0,75,world,settled,True,0.12986861169338226,0.08483715131878852,0.1156377661973238,0.30972904806084883,body,world,0.10023745875805616,0.1778508758172393,0.5734034641629442,body,world,0.13904416728764774,0.14989045048132538,0.07511306422118051,body,world
rigid_medium,neither,90089,False,False,,1.0,0.0,,0.0,62,world,settled,True,0.14799781143665314,0.19971954599022865,0.0923156276345253,-0.7717006717380667,body,world,0.14601758681237698,0.139541533915326,-0.045364780965476366,body,world,0.14277956036385148,0.17019959883764385,0.17566995417706635,body,body
rigid_medium,neither,90090,False,False,,1.0,0.0,,0.0,68,world,settled,True,0.1510508507490158,0.11445417404174804,0.13204965740442276,0.1430035281288931,body,world,0.1232519157230854,0.10312842540442943,-0.17825529604801926,body,world,0.11319017056375742,0.15018192967399954,0.2827780941403463,body,world
rigid_medium,neither,90091,False,False,,1.0,0.0,,0.0,77,world,settled,True,0.16292893886566162,0.07846425659954548,0.14026039317250252,0.5808574551218572,body,world,0.109362324886024,0.16286623887717724,0.39826279232208045,body,world,0.13611428188160063,0.17682588389143347,0.2616707007607386,body,body
rigid_medium,neither,90092,False,False,,1.0,0.0,,0.0,68,world,settled,True,0.12921111285686493,0.13548579178750514,0.14396013766527177,0.06066966231981776,body,world,0.13972296472638845,0.16075505428016185,0.14022016572202137,body,world,0.15023900950327515,0.1299877781420946,-0.1447869909307603,body,world
rigid_medium,neither,90093,False,False,,1.0,0.0,,0.0,64,world,settled,True,0.10773049294948578,0.13933953866362572,0.08032813891768456,-0.5507936967720606,body,world,0.10983383879065514,0.23287304257974029,0.7515247561285301,body,body,0.1713534406851977,0.09971605488099158,-0.5414016320767657,body,world
rigid_medium,neither,90094,False,False,,1.0,0.0,,0.0,69,world,settled,True,0.12915964424610138,0.12023240774869919,0.15867349170148373,0.27742197858825196,body,world,0.13945294972509145,0.15991598274558783,0.13692130306226147,body,world,0.14968446623533965,0.1569208363071084,0.04721193076116635,body,world
rigid_medium,neither,90095,False,False,,1.0,0.0,,0.0,61,world,settled,True,0.17266657948493958,0.10818265974521638,0.13470096313394606,0.21923614117123913,body,world,0.12144181143958122,0.08182483352720737,-0.3948544439826591,body,world,0.1016333224833943,0.1741287256591022,0.5384233697635872,body,body
rigid_medium,neither,90096,False,False,,1.0,0.0,,0.0,62,world,settled,True,0.15373966097831726,0.19488321878015996,0.10563444569706917,-0.6124159927173745,body,world,0.15025883223861455,0.135651970282197,-0.10226679155727281,body,world,0.1429554012604058,0.17983447359874843,0.22950413437125528,body,body
rigid_medium,neither,90097,False,False,,1.0,0.0,,0.0,61,world,settled,True,0.1424935758113861,0.11647752299904823,0.11603570133447647,-0.0038004048811426834,body,world,0.11625661216676235,0.079814194701612,-0.3760985546002144,body,world,0.09803540343418718,0.13493077969178557,0.31943323095238235,body,world
rigid_medium,neither,90098,False,False,,1.0,0.0,,0.0,70,world,settled,True,0.10875961929559708,0.14576113931834697,0.14508266896009445,-0.004665539163245227,body,world,0.1454219041392207,0.14194641225039958,-0.02418959334541244,body,world,0.14368415819481015,0.11845731185749173,-0.19306488661600146,body,world
rigid_medium,neither,90099,False,False,,1.0,0.0,,0.0,79,world,settled,True,0.1551973819732666,0.2617118999361992,0.09490637555718422,-1.0143533949676367,world,world,0.17830913774669171,0.17067075967788697,-0.04378245426483317,body,world,0.17448994871228934,0.14370004343800247,-0.19413904411338553,body,world
rigid_medium,neither,90100,False,False,,1.0,0.0,,0.0,62,world,settled,True,0.10681545734405518,0.07512323036789895,0.13431445360183716,0.5810538827514607,body,world,0.10471884198486806,0.14574198313057424,0.3305587561314775,body,world,0.12523041255772113,0.0927654936676845,-0.30008060580392326,body,world
rigid_medium,neither,90101,False,False,,1.0,0.0,,0.0,62,world,settled,True,0.10959126800298691,0.0861684549599886,0.14215832501649855,0.500637242441749,body,world,0.11416338998824357,0.09090616069734096,-0.22780289445434604,body,world,0.10253477534279228,0.11267802095972002,0.0943323668103142,body,world
rigid_medium,neither,90102,False,False,,1.0,0.0,,0.0,63,world,settled,True,0.15101882815361023,0.09318947643041611,0.14633864536881447,0.45128862319447693,body,world,0.11976406089961529,0.13238257691264152,0.10017239234430989,body,world,0.1260733189061284,0.15533329928293824,0.20870949245297335,body,world
rigid_medium,neither,90103,False,False,,1.0,0.0,,0.0,62,world,settled,True,0.1267838031053543,0.17923233062028884,0.10105965733528137,-0.5729718915233007,body,world,0.1401459939777851,0.11982114743441344,-0.15668450045555188,body,world,0.12998357070609928,0.12752727190963925,-0.019077824228996523,body,world
rigid_medium,neither,90104,False,False,,1.0,0.0,,0.0,72,world,settled,True,0.11676838248968124,0.1415213391184807,0.127061165869236,-0.10778192067014564,body,world,0.13429125249385834,0.11451429855078459,-0.1593112739633947,body,world,0.12440277552232146,0.09749068981036543,-0.24376760700889913,body,world
rigid_medium,neither,90105,False,False,,1.0,0.0,,0.0,74,world,settled,True,0.11727430671453476,0.19562219679355622,0.16037475541234017,-0.1986719338657281,body,world,0.1779984761029482,0.1434174172580242,-0.2160156089851266,body,world,0.1607079466804862,0.12468928364105522,-0.25376381005580473,body,world
rigid_medium,neither,90106,False,False,,1.0,0.0,,0.0,79,world,settled,True,0.10847556591033936,0.15598076581954956,0.10259228274226188,-0.41896999064871354,body,world,0.12928652428090573,0.08789800936356187,-0.3858539019498623,body,world,0.1085922668222338,0.10033913496881723,-0.07904439904751305,body,world
rigid_medium,neither,90107,False,False,,1.0,0.0,,0.0,79,world,settled,True,0.12309092283248901,0.2079180520027876,0.11580951604992151,-0.5851972829551929,body,world,0.16186378402635454,0.1302256241440773,-0.2174866257524037,body,world,0.14604470408521592,0.11181618580594659,-0.2670564423126683,body,world
rigid_medium,neither,90108,False,False,,1.0,0.0,,0.0,64,world,settled,True,0.1402239203453064,0.17695673704147338,0.14079276621341705,-0.2286162131240673,body,world,0.15887475162744522,0.09992903135716916,-0.46365591857467053,body,world,0.1294018914923072,0.15798466741107403,0.19957498725031184,body,world
rigid_medium,neither,90109,False,False,,1.0,0.0,,0.0,66,world,settled,True,0.14751732349395752,0.10052653849124908,0.10560927614569664,0.049324452473290786,body,world,0.10306790731847286,0.12116253990679979,0.16174488383990826,body,world,0.11211522361263633,0.12160538043826818,0.08125409086144433,body,world
rigid_medium,neither,90110,False,False,,1.0,0.0,,0.0,60,world,settled,True,0.13345423340797424,0.13678719401359557,0.09122003987431526,-0.4051517813889699,body,world,0.11400361694395542,0.1027859564870596,-0.10358144182873893,body,world,0.10839478671550751,0.14501038123853505,0.29102533978764494,body,world
rigid_medium,neither,90111,False,False,,1.0,0.0,,0.0,76,world,settled,True,0.13160955905914307,0.07642776519060135,0.1819271869957447,0.8672604866978754,body,world,0.12917747609317304,0.10324805760756135,-0.22405282335983492,body,world,0.11621276685036719,0.12461598441004754,0.06981417591326974,body,world
rigid_medium,neither,90112,False,False,,1.0,0.0,,0.0,69,world,settled,True,0.12354407459497452,0.15078100189566612,0.0960171401500702,-0.45130174675242285,body,world,0.12339907102286815,0.1597152642905712,0.25796904841867246,body,world,0.1415571676567197,0.11450822330079972,-0.2120570075644276,body,world
rigid_medium,neither,90113,False,False,,1.0,0.0,,0.0,60,world,settled,True,0.1298615038394928,0.20934537798166275,0.05040682386606932,-1.4238588541933948,world,world,0.12987610092386603,0.10251449942588806,-0.2365766797915604,body,world,0.11619530017487704,0.11140569881536067,-0.04209391508398595,body,world
rigid_medium,neither,90114,False,False,,1.0,0.0,,0.0,65,world,settled,True,0.1301565021276474,0.0846605084836483,0.08143217451870441,-0.03887878199038504,body,world,0.08304634150117636,0.18373686727136374,0.7941058815796422,body,world,0.13339160438627004,0.09953397428616881,-0.2927901598698629,body,world
rigid_medium,neither,90115,False,False,,1.0,0.0,,0.0,77,world,settled,True,0.11281950771808624,0.14989588856697084,0.08927605301141739,-0.5182076883394066,body,world,0.11958597078919411,0.12187983924522997,0.01900010161472657,body,world,0.12073290501721204,0.08486942565068603,-0.35246680259601504,body,world
rigid_medium,neither,90116,False,False,,1.0,0.0,,0.0,75,world,settled,True,0.12150794267654419,0.10365025214850902,0.10744233950972557,0.03593205544191762,body,world,0.1055462958291173,0.09152505435049534,-0.14253692684790548,body,world,0.09853567508980632,0.12213437054306268,0.21470317027531283,body,world
rigid_medium,neither,90117,False,False,,1.0,0.0,,0.0,79,world,settled,True,0.11133642494678497,0.30641682296991346,0.12295809239149094,-0.9131027565609793,world,world,0.21468745768070222,0.1189057576470077,-0.590852058490902,body,world,0.16679660766385496,0.11280130939558149,-0.39114720485771665,body,world
rigid_medium,neither,90118,False,False,,1.0,0.0,,0.0,68,world,settled,True,0.14249148964881897,0.1318871321156621,0.11711407899856567,-0.11879800314797913,body,world,0.12450060555711388,0.0879272329621017,-0.3478010055540891,body,world,0.1062139192596078,0.1297608389519155,0.20023788906459297,body,world
rigid_medium,neither,90119,False,False,,1.0,0.0,,0.0,69,world,settled,True,0.1450617015361786,0.0881026916205883,0.09156150892376899,0.03850789075707387,body,world,0.08983210027217865,0.12176382532343269,0.3041409350452023,body,world,0.10579796279780566,0.16820030226372182,0.463624280567122,body,world
rigid_medium,body_only,90120,True,False,m,1.5891995503048728,0.0,,0.0,74,world,settled,True,0.11734094470739365,0.13990628495812416,0.09537174925208092,-0.38319040014326894,body,world,0.11763901710510254,0.0975053645670414,-0.18771336085233992,body,world,0.10757219083607197,0.10964291803538799,0.019066720932524702,body,world
rigid_medium,body_only,90121,True,False,l,1.4812383451425903,0.0,,0.0,60,world,settled,True,0.12314154952764511,0.1661437029018998,0.13629578351974486,-0.19802569107122445,body,world,0.15121974321082235,0.07494551241397858,-0.7019726836526651,world,world,0.11308262781240046,0.11418173015117646,0.00967253218015874,body,world
rigid_medium,body_only,90122,True,False,m,1.577333311441059,0.0,,0.0,60,world,settled,True,0.12426836788654327,0.09270484000444412,0.2437855988740921,0.9668684631856087,body,body,0.16824521943926812,0.13947347812354566,-0.18754809247645685,body,world,0.1538593487814069,0.14094094205647706,-0.08769791350946037,body,world
rigid_medium,body_only,90123,True,False,l,1.2659873041674827,0.0,,0.0,78,world,settled,True,0.10713579505681992,0.0723338283598423,0.1709268160164356,0.859943579849114,body,world,0.12163032218813896,0.09346223594620824,-0.26342883746262996,body,world,0.1075462790671736,0.09775789831764996,-0.09542726107354736,body,world
rigid_medium,body_only,90124,True,False,m,1.4143549642821072,0.0,,0.0,79,world,settled,True,0.10621241480112076,0.10321597531437873,0.0961955077946186,-0.07044098056547245,body,world,0.09970574155449867,0.09167227111756801,-0.08400331702566696,body,world,0.09568900633603335,0.11054351616185158,0.14430583931528623,body,world
rigid_medium,body_only,90125,True,False,l,1.4086180240535773,0.0,,0.0,63,world,settled,True,0.11125434935092926,0.10679584238678216,0.1295664794743061,0.19327510762630323,body,world,0.11818116093054414,0.14636193457990884,0.21386384873989348,body,world,0.13227154775522648,0.10602515852078795,-0.22118057896697974,body,world
rigid_medium,body_only,90126,True,False,m,1.6448408546174003,0.0,,0.0,68,world,settled,True,0.10037897527217865,0.06889830082654953,0.09964328706264496,0.3689651629659775,body,world,0.08427079394459724,0.11367327822372317,0.2992930019368506,body,world,0.0989720360841602,0.11109586348757147,0.1155561171795371,body,world
rigid_medium,body_only,90127,True,False,l,1.4986137896780058,0.0,,0.0,61,world,settled,True,0.13556841015815735,0.09457731693983078,0.11161290220916271,0.1656189858003529,body,world,0.10309510957449675,0.09637432154268026,-0.06741216399683278,body,world,0.09973471555858851,0.1407447643112391,0.34443425128210836,body,world
rigid_medium,body_only,90128,True,False,m,1.416558817025714,0.0,,0.0,64,world,settled,True,0.12328853458166122,0.1187736390158534,0.16772606857120992,0.3451126158997233,body,world,0.14324985379353167,0.09520934633910656,-0.4085122221464663,body,world,0.11922960006631911,0.11836951728910208,-0.007239812534226285,body,world
rigid_medium,body_only,90129,True,False,l,1.38378853736242,0.0,,0.0,68,world,settled,True,0.11132065951824188,0.052428951114416124,0.08460932839661836,0.4785855843315358,body,world,0.06851913975551724,0.0939764610491693,0.31593121781146827,body,world,0.08124780040234328,0.10844494877383112,0.28873891077218516,body,world
rigid_medium,body_only,90130,True,False,m,1.4756383192437175,0.0,,0.0,71,world,settled,True,0.11110911518335342,0.18757104873657227,0.16230458840727807,-0.14468295496230293,body,world,0.17493781857192517,0.14312647497281433,-0.20070190859307893,body,world,0.15903214677236974,0.10987490816041827,-0.36976384259284834,body,world
rigid_medium,body_only,90131,True,False,l,1.3606013397692742,0.0,,0.0,80,world,settled,True,0.10513864457607269,0.1370686411857605,0.14274176061153412,0.040555296954573036,body,world,0.1399052008986473,0.18601772654801607,0.28487691638300533,body,world,0.1629614637233317,0.0959870480466634,-0.5293004877949087,body,world
rigid_medium,body_only,90132,True,False,m,1.3052923183294922,0.0,,0.0,64,world,settled,True,0.10095630586147308,0.08374930769205094,0.11801684387028218,0.34299945463458464,body,world,0.10088307578116655,0.09917223725933581,-0.01710407191230393,body,world,0.10002765652025118,0.09136483110487462,-0.09058608857442013,body,world
rigid_medium,body_only,90133,True,False,l,1.3207448067237653,0.0,,0.0,67,world,settled,True,0.09600214660167694,0.09218724891543388,0.13684360682964325,0.3950168948675466,body,world,0.11451542787253857,0.1367865141481161,0.17771186437803327,body,world,0.12565097101032735,0.08282420844770969,-0.4167876006417254,body,world
rigid_medium,body_only,90134,True,False,m,1.4561368550822151,0.0,,0.0,64,world,settled,True,0.10966156423091888,0.06878789756447076,0.0740523579530418,0.07374456094918323,body,world,0.07142012775875628,0.09798695165663958,0.316254592443037,body,world,0.08470353970769792,0.10466397101990879,0.21159755041880637,body,world
rigid_medium,body_only,90135,True,False,l,1.4036352699808552,0.0,,0.0,79,world,settled,True,0.11687594652175903,0.12733224481344224,0.18991800900548697,0.399792676157489,body,world,0.1586251269094646,0.12774462439119816,-0.21651057702500012,body,world,0.1431848756503314,0.0933306721970439,-0.4279878300615906,body,world
rigid_medium,body_only,90136,True,False,m,1.3752498406372067,0.0,,0.0,68,world,settled,True,0.13963551819324493,0.06639615185558796,0.1805025666952133,1.0001058967690306,body,world,0.12344935927540064,0.06418275255709886,-0.6540965027790238,body,world,0.09381605591624975,0.16282665058970452,0.5513501284028027,body,world
rigid_medium,body_only,90137,True,False,l,1.3180944856558197,0.0,,0.0,66,world,settled,True,0.10571491718292236,0.08800919130444526,0.07392057999968529,-0.1744499820467237,body,world,0.08096488565206528,0.1227162042632699,0.41585885687122115,body,world,0.10184054495766759,0.09021942219696939,-0.12116357776975706,body,world
rigid_medium,body_only,90138,True,False,m,1.3737292058898571,0.0,,0.0,76,world,settled,True,0.10900759696960449,0.1344783090054989,0.11666461750864983,-0.14209961325216888,body,world,0.12557146325707436,0.06429412574507296,-0.6694067547793018,world,world,0.09493279450107366,0.11819123793393374,0.21913475811776814,body,world
rigid_medium,body_only,90139,True,False,l,1.2231365368057392,0.0,,0.0,78,world,settled,True,0.13378480076789856,0.145502707362175,0.13513268679380416,-0.07393753285656957,body,world,0.14031769707798958,0.10714005399495363,-0.26977222214021984,body,world,0.1237288755364716,0.1464059597812593,0.16829062544516368,body,world
rigid_medium,body_only,90140,True,False,m,1.5903123576273737,0.0,,0.0,77,world,settled,True,0.12484858185052872,0.08160146996378899,0.06602001879364253,-0.2118892649790229,body,world,0.07381074437871575,0.1125703539699316,0.4220740860075891,body,world,0.09319054917432368,0.10592137444764375,0.12805075554426298,body,world
rigid_medium,body_only,90141,True,False,l,1.3983126255738383,0.0,,0.0,68,world,settled,True,0.10511032491922379,0.1034643903374672,0.1414276074618101,0.3125604793289377,body,world,0.12244599889963866,0.09569011181592942,-0.2465551391705609,body,world,0.10906805535778404,0.10146383456885814,-0.0722696231553967,body,world
rigid_medium,body_only,90142,True,False,m,1.5588960124158446,0.0,,0.0,77,world,settled,True,0.111475370824337,0.10137231722474098,0.1937696099281311,0.647869827433019,body,world,0.14757096357643604,0.06845854539424182,-0.7680807837284022,world,world,0.10801475448533893,0.0823026622645557,-0.27186437794481055,body,world
rigid_medium,body_only,90143,True,False,l,1.3381767659159343,0.0,,0.0,76,world,settled,True,0.11270052194595337,0.13669462352991105,0.07065610215067863,-0.6599249355639619,body,world,0.10367536284029484,0.12557405047118664,0.19163112224753345,body,world,0.11462470665574073,0.10739185437560081,-0.06517903601272793,body,world
rigid_medium,body_only,90144,True,False,m,1.4340779419258376,0.0,,0.0,78,world,settled,True,0.14202594757080078,0.08330006413161754,0.1554709754884243,0.6240097423300588,body,world,0.11938551981002092,0.12888975143432618,0.07659947992347448,body,world,0.12413763562217354,0.14607174191623926,0.16270696926256373,body,world
rigid_medium,body_only,90145,True,False,l,1.3732457116762027,0.0,,0.0,79,world,settled,True,0.13175973296165466,0.18358199018985033,0.1208698034286499,-0.41794741916095546,body,world,0.1522258968092501,0.11828199326992035,-0.25229403384526095,body,world,0.13525394503958524,0.0990057832095772,-0.3119758211141221,body,world
rigid_medium,body_only,90146,True,False,m,1.4659264726975494,0.0,,0.0,73,world,settled,True,0.13468867540359497,0.07758775353431702,0.06831681504845619,-0.12725366920516235,body,world,0.0729522842913866,0.15415670536458492,0.7481640647567491,body,world,0.11355449482798577,0.121617001760751,0.06859392453133711,body,world
rigid_medium,body_only,90147,True,False,l,1.3697174281168265,0.0,,0.0,61,world,settled,True,0.08639882504940033,0.03450310193002224,0.13301720917224885,1.349429281113145,body,world,0.08376015555113554,0.13137790020555257,0.4501204810673021,body,world,0.10756902787834406,0.07627859096974135,-0.3437404525517058,body,world
rigid_medium,body_only,90148,True,False,m,1.3038571531689942,0.0,,0.0,77,world,settled,True,0.1285865753889084,0.13023276776075363,0.08231562860310078,-0.45876238299313443,body,world,0.10627419818192721,0.10748174041509628,0.01129844706810654,body,world,0.10687796929851175,0.11440817844122649,0.06808485648024161,body,world
rigid_medium,body_only,90149,True,False,l,1.2823864181574816,0.0,,0.0,69,world,settled,True,0.08405367285013199,0.1281528279185295,0.11073502898216248,-0.1460832985228738,body,world,0.11944392845034599,0.11136004365980626,-0.07007845461954659,body,world,0.11540198605507612,0.08210396424401552,-0.3404352632614772,body,world
rigid_medium,body_only,90150,True,False,m,1.371260065573264,0.0,,0.0,77,world,settled,True,0.11915604770183563,0.13217216432094575,0.08255803659558296,-0.47060382801234735,body,world,0.10736510045826435,0.10015462692826986,-0.06951991906180267,body,world,0.1037598636932671,0.1295381935313344,0.2218965420658555,body,world
rigid_medium,body_only,90151,True,False,l,1.2751118713228489,0.0,,0.0,67,world,settled,True,0.09801001846790314,0.1305789567530155,0.12002377435564995,-0.08428823360512114,body,world,0.12530136555433274,0.13737614899873735,0.0920010165254298,body,world,0.13133875727653505,0.10825007734820247,-0.19333583742156077,body,world
rigid_medium,body_only,90152,True,False,m,1.3717293620024857,0.0,,0.0,77,world,settled,True,0.10333435237407684,0.09085254967212678,0.21345105171203613,0.8541696813136529,body,body,0.15215180069208145,0.0786045279353857,-0.6604494061557703,world,world,0.11537816431373357,0.11232616109773516,-0.02680832693355453,body,world
rigid_medium,body_only,90153,True,False,l,1.3777582765834164,0.0,,0.0,63,world,settled,True,0.12799350917339325,0.13873113542795182,0.1553944546729326,0.11342897057808836,body,world,0.14706279505044223,0.09020581422373652,-0.48876578854404945,body,world,0.11863430463708938,0.09382813982665539,-0.2345808820846681,body,world
rigid_medium,body_only,90154,True,False,m,1.3240528558094946,0.0,,0.0,61,world,settled,True,0.10540001094341278,0.10562271606177091,0.1061819415539503,0.005280590124476733,body,world,0.10590232880786062,0.1178088866174221,0.10654646355369933,body,world,0.11185560771264136,0.10022917147725821,-0.10974954390119475,body,world
rigid_medium,body_only,90155,True,False,l,1.2616156540457863,0.0,,0.0,75,world,settled,True,0.11616966873407364,0.11289898380637169,0.060453347861766815,-0.6246215124298996,body,world,0.08667616583406926,0.11335287345573306,0.2683267848065486,body,world,0.10001451964490116,0.11959267850033939,0.17877625119325677,body,world
rigid_medium,body_only,90156,True,False,m,1.53054519222226,0.0,,0.0,80,world,settled,True,0.12227997928857803,0.09706821702420712,0.1057557113468647,0.08571782485926961,body,world,0.10141196418553591,0.14435866046696902,0.3531098264243747,body,world,0.12288531232625247,0.10071039542090147,-0.19900247430220738,body,world
rigid_medium,body_only,90157,True,False,l,1.488929027680533,0.0,,0.0,67,world,settled,True,0.0941758006811142,0.14163037836551667,0.04023685902357101,-1.2584372280589262,world,world,0.09093361869454383,0.08757035322487354,-0.03768726827795988,body,world,0.0892519859597087,0.08676736985798925,-0.028233044367206774,body,world
rigid_medium,body_only,90158,True,False,m,1.4010988441285952,0.0,,0.0,76,world,settled,True,0.08983859419822693,0.05626794472336769,0.09861413091421127,0.5610895593862044,body,world,0.07744103781878948,0.14361292012035848,0.6176047810856663,body,world,0.11052697896957397,0.07681605324614793,-0.36384599977482734,body,world
rigid_medium,body_only,90159,True,False,l,1.3983826888544335,0.0,,0.0,76,world,settled,True,0.1160319596529007,0.13137702820822597,0.057815418019890784,-0.8208157795333945,body,world,0.09459622311405838,0.07617974784225226,-0.21652189944286718,body,world,0.08538798547815532,0.10633720727637411,0.21940983988939583,body,world
rigid_medium,body_only,90160,True,False,m,1.6346395142175347,0.0,,0.0,78,world,settled,True,0.09664709866046906,0.15314805880188942,0.11736946776509286,-0.26607835462983587,body,world,0.13525876328349112,0.14753607157617807,0.08688299008928901,body,world,0.1413974174298346,0.09299412528052926,-0.4190381668773524,body,world
rigid_medium,body_only,90161,True,False,l,1.4627355647267428,0.0,,0.0,75,world,settled,True,0.10588184744119644,0.10068335868418217,0.08357936665415763,-0.18618385043354505,body,world,0.09213136266916991,0.07569812051951885,-0.19646208160939566,body,world,0.08391474159434438,0.08836127100512385,0.05163246046169117,body,world
rigid_medium,body_only,90162,True,False,m,1.3110427449584228,0.0,,0.0,70,world,settled,True,0.11322195827960968,0.25101909711956977,0.16329661011695862,-0.4299607792407095,body,world,0.2071578536182642,0.08671327726915479,-0.8708740680955651,world,world,0.1469355654437095,0.1353620973881334,-0.08204076974245963,body,world
rigid_medium,body_only,90163,True,False,l,1.4308898612160117,0.0,,0.0,78,world,settled,True,0.09242349117994308,0.10695109106600284,0.1640560369938612,0.42783642132673566,body,world,0.13550356402993202,0.1185978556983173,-0.1332595364929599,body,world,0.12705070986412464,0.09151140684261919,-0.3281226675740389,body,world
rigid_medium,body_only,90164,True,False,m,1.439856144676443,0.0,,0.0,68,world,settled,True,0.08631426841020584,0.08416307270526886,0.07625026181340218,-0.09873540950413676,body,world,0.08020666725933552,0.1427650425583124,0.5765935755987118,body,world,0.11148585490882397,0.0755475155543536,-0.38913591765708105,body,world
rigid_medium,body_only,90165,True,False,l,1.2997648895781109,0.0,,0.0,62,world,settled,True,0.12423577159643173,0.12723893746733667,0.07644623890519142,-0.5094789818557666,body,world,0.10184258818626404,0.12836597245186568,0.23145697591001155,body,world,0.11510428031906486,0.12192449164576828,0.057563429321377,body,world
rigid_medium,body_only,90166,True,False,m,1.679679815459025,0.0,,0.0,64,world,settled,True,0.12154984474182129,0.15237991735339165,0.13472911790013314,-0.1231106300940585,body,world,0.14355451762676238,0.09070541113615035,-0.4590978617695388,body,world,0.11712996438145637,0.11929087145254016,0.018280683607238394,body,world
rigid_medium,body_only,90167,True,False,l,1.3590101711106688,0.0,,0.0,72,world,settled,True,0.1179126650094986,0.09959825575351715,0.0571600466966629,-0.5552894819144688,body,world,0.07837915122509002,0.10585087276995182,0.3004732791538437,body,world,0.09211501199752092,0.1319655990228057,0.35950334846269394,body,world
rigid_medium,body_only,90168,True,False,m,1.6457533914678304,0.0,,0.0,77,world,settled,True,0.1287163943052292,0.13918969333171843,0.12319334186613559,-0.12208269665719423,body,world,0.13119151759892703,0.11732666455209255,-0.11169617286173414,body,world,0.12425909107550978,0.137428461574018,0.10073467234276048,body,world
rigid_medium,body_only,90169,True,False,l,1.372684860076075,0.0,,0.0,63,world,settled,True,0.1255945861339569,0.15685370415449143,0.1338557317852974,-0.15855095875927855,body,world,0.1453547179698944,0.10370138585567475,-0.3376616066195255,body,world,0.12452805191278457,0.128814266435802,0.03384056469612006,body,world
rigid_medium,body_only,90170,True,False,m,1.5110806219967274,0.0,,0.0,77,world,settled,True,0.10631044209003448,0.10729387905448676,0.13656047955155373,0.24119598728367267,body,world,0.12192717930302024,0.12097307816147804,-0.00785594925615844,body,world,0.12145012873224914,0.13041503452695907,0.07121822289018098,body,world
rigid_medium,body_only,90171,True,False,l,1.3393346079674444,0.0,,0.0,80,world,settled,True,0.10853791236877441,0.1341501146554947,0.05110096279531717,-0.9651560931247539,world,world,0.09262553872540594,0.11595445796847344,0.2246326104992384,body,world,0.10428999834693968,0.12692368081770838,0.19641050309696356,body,world
rigid_medium,body_only,90172,True,False,m,1.5992541406103382,0.0,,0.0,69,world,settled,True,0.09132146090269089,0.1200831726193428,0.056550507247447965,-0.7530504354419049,body,world,0.08831683993339538,0.14291212782263757,0.4812991484832609,body,world,0.11561448387801647,0.097633246332407,-0.16904316738559882,body,world
rigid_medium,body_only,90173,True,False,l,1.2909310796297793,0.0,,0.0,74,world,settled,True,0.1036302000284195,0.11333459839224816,0.08607322666794062,-0.2751460843251962,body,world,0.09970391253009439,0.11378171513788402,0.13207691414068973,body,world,0.1067428138339892,0.07225572306197137,-0.3902107963425663,body,world
rigid_medium,body_only,90174,True,False,m,1.4992846063269814,0.0,,0.0,60,world,settled,True,0.11634836345911026,0.07502943649888039,0.09123384524136782,0.19554541515337018,body,world,0.0831316408701241,0.146646080724895,0.5675966837472207,body,world,0.11488886079750955,0.14179024733603002,0.21038360090767377,body,world
rigid_medium,body_only,90175,True,False,l,1.375063495490151,0.0,,0.0,67,world,settled,True,0.07867074012756348,0.0875009149312973,0.07438524812459946,-0.1623916053823679,body,world,0.08094308152794838,0.08387400284409523,0.03556949614695835,body,world,0.08240854218602181,0.07548360163345932,-0.08777366309194096,body,world
rigid_medium,body_only,90176,True,False,m,1.3570155774731387,0.0,,0.0,71,world,settled,True,0.10718754678964615,0.057000477239489554,0.07059328779578208,0.21387542584314592,body,world,0.06379688251763582,0.14075023494660854,0.7912826104691181,body,world,0.10227355873212218,0.1005218405276537,-0.017276149060330447,body,world
rigid_medium,body_only,90177,True,False,l,1.2641200458110455,0.0,,0.0,62,world,settled,True,0.10505042970180511,0.18230827301740646,0.1633673332631588,-0.10969781838076108,body,world,0.17283780314028263,0.18688078550621867,0.07811730227970545,body,world,0.17985929432325065,0.10807807710953057,-0.5093209448696145,body,world
rigid_medium,body_only,90178,True,False,m,1.5240608064758356,0.0,,0.0,68,world,settled,True,0.11392557621002197,0.11576472148299218,0.11710389032959938,0.011501624019451791,body,world,0.11643430590629578,0.11184162981808185,-0.04024336501084563,body,world,0.11413796786218881,0.12027196590788662,0.05234759993239115,body,world
rigid_medium,body_only,90179,True,False,l,1.4207768660969622,0.0,,0.0,63,world,settled,True,0.09530787169933319,0.3018859922885895,0.10330400019884109,-1.0723733376530709,world,world,0.2025949962437153,0.12722165808081626,-0.4652779894553831,body,world,0.16490832716226578,0.09468126064166427,-0.5548736272265354,body,world
rigid_medium,body_only,90180,True,False,m,1.6834084531201725,0.0,,0.0,70,world,settled,True,0.1051744669675827,0.10701446160674095,0.14310093149542807,0.2905862154107813,body,world,0.1250576965510845,0.10152273178100586,-0.20849247137874974,body,world,0.11329021416604519,0.1272961449343711,0.11656342848590542,body,world
rigid_medium,body_only,90181,True,False,l,1.3164236438723707,0.0,,0.0,75,world,settled,True,0.09081332385540009,0.08565909378230571,0.06098507503047586,-0.3397462302865313,body,world,0.07332208440639079,0.1108043230837211,0.41290393909332174,body,world,0.09206320374505594,0.0949571864795871,0.03095078297964814,body,world
rigid_medium,body_only,90182,True,False,m,1.3450601064988406,0.0,,0.0,60,world,settled,True,0.12155379354953766,0.05783664826303721,0.09397439062595367,0.4853996772566321,body,world,0.07590551944449545,0.15760138258337975,0.7305795484110363,body,world,0.1167534510139376,0.11451970115303993,-0.019317584452827864,body,world
rigid_medium,body_only,90183,True,False,l,1.3429357517410216,0.0,,0.0,67,world,settled,True,0.12927880883216858,0.1614287778735161,0.08275092616677285,-0.6682288349704977,body,world,0.12208985202014447,0.15413958616554738,0.2331013299257281,body,world,0.13811471909284592,0.12793241003528238,-0.07658255974027071,body,world
rigid_medium,body_only,90184,True,False,m,1.6568892806087865,0.0,,0.0,73,world,settled,True,0.11721158027648926,0.11440175548195838,0.12353870272636414,0.07683806542375762,body,world,0.11897022910416126,0.11716737970709801,-0.015269777959437377,body,world,0.11806880440562964,0.10700494572520255,-0.09839248759452499,body,world
rigid_medium,body_only,90185,True,False,l,1.43334245437914,0.0,,0.0,67,world,settled,True,0.1225472241640091,0.09950003400444984,0.14764533191919327,0.39465500591863284,body,world,0.12357268296182156,0.07879313537850977,-0.4500036303779423,body,world,0.10118290917016566,0.11722772303037346,0.14718853292489115,body,world
rigid_medium,body_only,90186,True,False,m,1.6331529059433587,0.0,,0.0,70,world,settled,True,0.10067200660705566,0.14259151443839074,0.08151057325303554,-0.5592512551692224,body,world,0.11205104384571314,0.14075880423188208,0.22809330123695953,body,world,0.1264049240387976,0.08080219679977745,-0.44748628368362026,body,world
rigid_medium,body_only,90187,True,False,l,1.3141636302230804,0.0,,0.0,65,world,settled,True,0.10570013523101807,0.12632630225270985,0.12672630362212658,0.0031614114479138694,body,world,0.12652630293741823,0.13335997071117162,0.052601803907718875,body,world,0.12994313682429492,0.11237644515931607,-0.14524259286172048,body,world
rigid_medium,body_only,90188,True,False,m,1.68271261290117,0.0,,0.0,72,world,settled,True,0.12547677755355835,0.10847684070467949,0.1168426226824522,0.07429122358298622,body,world,0.11265973169356584,0.13965002112090588,0.21476739172813542,body,world,0.12615487640723586,0.1402052297256887,0.10559694583377673,body,world
rigid_medium,body_only,90189,True,False,l,1.2673551846296478,0.0,,0.0,69,world,settled,True,0.1259172260761261,0.17865432500839235,0.05637924149632454,-1.1533517613932145,world,world,0.11751678325235844,0.12748728170990944,0.08143544875378084,body,world,0.12250203248113394,0.15444354452192782,0.23170100040523625,body,world
rigid_medium,body_only,90190,True,False,m,1.4616304439624153,0.0,,0.0,61,world,settled,True,0.10335738956928253,0.10919416807591915,0.11359838172793388,0.03954160484640756,body,world,0.11139627490192652,0.12338423393666745,0.1022094514317304,body,world,0.11739025441929699,0.08419714169576764,-0.3323429181216591,body,world
rigid_medium,body_only,90191,True,False,l,1.3598610545526153,0.0,,0.0,75,world,settled,True,0.10943154990673065,0.11529451720416546,0.14674308151006699,0.2411934391526939,body,world,0.13101879935711622,0.06767172664403916,-0.660672353879275,world,world,0.0993452630005777,0.10414996375329792,0.04723053173545582,body,world
rigid_medium,body_only,90192,True,False,m,1.6394540644586693,0.0,,0.0,73,world,settled,True,0.09432314336299896,0.09254230633378029,0.13828844875097274,0.4016758063222562,body,world,0.11541537754237652,0.10946981348097325,-0.05288876418502984,body,world,0.11244259551167488,0.0781179441139102,-0.3642230406620723,body,world
rigid_medium,body_only,90193,True,False,l,1.2806965176607972,0.0,,0.0,79,world,settled,True,0.10167628526687622,0.12926159016788005,0.15812665820121766,0.20155816422785228,body,world,0.14369412418454885,0.14648073129355907,0.01920699001162354,body,world,0.14508742773905398,0.08800393992569297,-0.4999549252849627,body,world
rigid_medium,body_only,90194,True,False,m,1.3882151295384004,0.0,,0.0,72,world,settled,True,0.12817195057868958,0.13483055904507638,0.23378295749425887,0.5503742809245448,body,body,0.18430675826966764,0.12390727177262306,-0.397068056370314,body,world,0.15410701502114535,0.12205988466739655,-0.2331354815838383,body,world
rigid_medium,body_only,90195,True,False,l,1.4070168029723402,0.0,,0.0,68,world,settled,True,0.12367041409015656,0.1849661685526371,0.08282200619578362,-0.8034791342760188,body,world,0.13389408737421035,0.08763112872838974,-0.4239128090951999,body,world,0.11076260805130005,0.10883596735075116,-0.017547382835849612,body,world
rigid_medium,body_only,90196,True,False,m,1.4747105385822876,0.0,,0.0,78,world,settled,True,0.1388930380344391,0.04980100616812706,0.14657464474439622,1.0794996311294591,body,world,0.09818782545626163,0.1488267995417118,0.41590097997829906,body,world,0.12350731249898672,0.1489091913215816,0.18703630110190292,body,world
rigid_medium,body_only,90197,True,False,l,1.3111555143573217,0.0,,0.0,62,world,settled,True,0.09890033304691315,0.1309538319706917,0.16351746767759323,0.22207498720006763,body,world,0.14723564982414244,0.1476509368047118,0.0028165896581619472,body,world,0.14744329331442713,0.0883412052411586,-0.5122370004684706,body,world
rigid_medium,body_only,90198,True,False,m,1.379640047296776,0.0,,0.0,79,world,settled,True,0.11263976991176605,0.08230772912502289,0.14671114087104797,0.5780006081823122,body,world,0.11450943499803543,0.09170989207923412,-0.2220269735200237,body,world,0.10310966353863478,0.09650284051895142,-0.06622067305295347,body,world
rigid_medium,body_only,90199,True,False,l,1.4868269255907973,0.0,,0.0,73,world,settled,True,0.10328181087970734,0.08071040883660316,0.04700942300260067,-0.5405194777928907,body,world,0.06385991591960191,0.08601339869201183,0.2978112122130604,body,world,0.07493665730580687,0.09055883386172354,0.18935654997251247,body,world
rigid_medium,body_only,90200,True,False,m,1.568789452616487,0.0,,0.0,75,world,settled,True,0.11563434451818466,0.10175538137555122,0.06945098340511321,-0.3819504821350372,body,world,0.08560318239033222,0.14807309471070768,0.5479835751106316,body,world,0.11683813855051994,0.12334352289326489,0.054183785829780215,body,world
rigid_medium,body_only,90201,True,False,l,1.237480856854104,0.0,,0.0,74,world,settled,True,0.09771953523159027,0.08431453928351403,0.21804993711411952,0.9501697850095318,body,body,0.15118223819881677,0.08434499390423297,-0.5835705264745342,body,world,0.11776361605152488,0.08662941944785416,-0.30703988710266583,body,world
rigid_medium,body_only,90202,True,False,m,1.589816924085751,0.0,,0.0,69,world,settled,True,0.12238951027393341,0.12093232255429029,0.09789916798472405,-0.21129302051059967,body,world,0.10941574526950718,0.21902121938765048,0.6940138138190731,body,body,0.16421848232857883,0.11310390029102564,-0.3728908826820433,body,world
rigid_medium,body_only,90203,True,False,l,1.2163108575505985,0.0,,0.0,68,world,settled,True,0.11780603229999542,0.1892642341554165,0.13426623940467836,-0.3433194130103766,body,world,0.16176523678004742,0.09884007498621941,-0.4926429887292332,body,world,0.13030265588313342,0.10869644042104483,-0.18130081998156236,body,world
rigid_medium,body_only,90204,True,False,m,1.577624770964431,0.0,,0.0,61,world,settled,True,0.10024962574243546,0.04906404507346451,0.11565755335614085,0.8575072117565303,body,world,0.08236079921480269,0.06006348645314574,-0.31570747565861385,body,world,0.07121214283397422,0.09685168247669936,0.30751741238892005,body,world
rigid_medium,body_only,90205,True,False,l,1.3675497082151145,0.0,,0.0,65,world,settled,True,0.11751711368560791,0.12362346276640893,0.13328923135995865,0.07528108370913222,body,world,0.1284563470631838,0.07940781563520431,-0.48099233794811186,body,world,0.10393208134919404,0.14241511840373278,0.3150085400557651,body,world
rigid_medium,body_only,90206,True,False,m,1.5176465510618466,0.0,,0.0,74,world,settled,True,0.10564450919628143,0.18342214673757554,0.11182833686470986,-0.49482532007350905,body,world,0.1476252418011427,0.0962252439931035,-0.4279851776393907,body,world,0.1219252428971231,0.10638952404260635,-0.1363009799648293,body,world
rigid_medium,body_only,90207,True,False,l,1.2488637580931352,0.0,,0.0,80,world,settled,True,0.11097993701696396,0.0818466529250145,0.07349562644958496,-0.1076215098284229,body,world,0.07767113968729973,0.1197629215195775,0.4330303788203321,body,world,0.09871703060343862,0.145981989428401,0.39122577329122776,body,world
rigid_medium,body_only,90208,True,False,m,1.4834364114696996,0.0,,0.0,66,world,settled,True,0.11991109699010849,0.10439627580344676,0.08907605148851871,-0.15870348647915822,body,world,0.09673616364598274,0.13061636053025721,0.30027717077872595,body,world,0.11367626208811998,0.09913562033325433,-0.1368657872194959,body,world
rigid_medium,body_only,90209,True,False,l,1.263629522578016,0.0,,0.0,60,world,settled,True,0.11487507820129395,0.12873521707952024,0.15713438838720323,0.19934370204566454,body,world,0.14293480273336173,0.07578146876767278,-0.6345348139541673,body,world,0.10935813575051725,0.10071285306476056,-0.08235471659895498,body,world
rigid_medium,body_only,90210,True,False,m,1.3346147837212192,0.0,,0.0,73,world,settled,True,0.1188291534781456,0.17856746390461922,0.13181768506765365,-0.30354668470356383,body,world,0.15519257448613644,0.12604237720370293,-0.20804858437895585,body,world,0.14061747584491968,0.12370446259155869,-0.12814791175466134,body,world
rigid_medium,body_only,90211,True,False,l,1.30656153459059,0.0,,0.0,71,world,settled,True,0.11579592525959015,0.23606329262256623,0.16555715054273606,-0.35478350244038614,body,world,0.20081022158265113,0.12224923111498356,-0.4962984519308503,body,world,0.16152972634881735,0.08499801526777447,-0.6420612833775441,world,world
rigid_medium,body_only,90212,True,False,m,1.6930851814175538,0.0,,0.0,60,world,settled,True,0.1055699810385704,0.09949000868946314,0.18895033597946168,0.6414269839921034,body,world,0.1442201723344624,0.12819594591856004,-0.11778118554300135,body,world,0.1362080591265112,0.09492628308944404,-0.36108294032905797,body,world
rigid_medium,body_only,90213,True,False,l,1.3559979569855254,0.0,,0.0,66,world,settled,True,0.1338907927274704,0.20391372591257095,0.16426438316702843,-0.21621976991852154,body,world,0.18408905453979968,0.20424274345859886,0.10388957277977606,body,body,0.19416589899919928,0.10365006206557155,-0.6276925054305958,world,world
rigid_medium,body_only,90214,True,False,m,1.3935857870234445,0.0,,0.0,60,world,settled,True,0.1057252436876297,0.1029081903398037,0.1386498674750328,0.29811458142606484,body,world,0.12077902890741825,0.0897439707070589,-0.2970018223100401,body,world,0.10526149980723858,0.11413153316825628,0.08090385458035347,body,world
rigid_medium,body_only,90215,True,False,l,1.3131198647094737,0.0,,0.0,80,world,settled,True,0.11627413332462311,0.14226367473602294,0.1694280818104744,0.17474634058002783,body,world,0.15584587827324867,0.09459166713058949,-0.49929817223095135,body,world,0.12521877270191908,0.10839031897485256,-0.1443236124672336,body,world
rigid_medium,body_only,90216,True,False,m,1.681261135717984,0.0,,0.0,66,world,settled,True,0.1069556474685669,0.08071836605668067,0.12124044448137283,0.4068095845829986,body,world,0.10097940526902675,0.0938164584338665,-0.07357628415373622,body,world,0.09739793185144663,0.10115682075265794,0.03786701653321741,body,world
rigid_medium,body_only,90217,True,False,l,1.413471960665546,0.0,,0.0,75,world,settled,True,0.124900221824646,0.1789208635687828,0.12013669908046723,-0.3983133516800742,body,world,0.14952878132462502,0.09928448535501957,-0.4094995728096039,body,world,0.1244066333398223,0.1204124947078526,-0.03263219741726661,body,world
rigid_medium,body_only,90218,True,False,m,1.584896311018346,0.0,,0.0,74,world,settled,True,0.12115230411291122,0.14127683341503144,0.09132296070456505,-0.43631908072179665,body,world,0.11629989705979824,0.10072232708334923,-0.14380468044739983,body,world,0.10851111207157374,0.1019016807898879,-0.06284414854666188,body,world
rigid_medium,body_only,90219,True,False,l,1.3119810143159762,0.0,,0.0,70,world,settled,True,0.12336031347513199,0.09108332097530365,0.09164150692522526,0.006109598707816975,body,world,0.09136241395026445,0.09918708186596632,0.08217361472926975,body,world,0.09527474790811538,0.10247308681719006,0.072835395647439,body,world
rigid_medium,body_only,90220,True,False,m,1.300500753923412,0.0,,0.0,65,world,settled,True,0.13232369720935822,0.06860407516360283,0.1235618345439434,0.5883897776489885,body,world,0.09608295485377312,0.11829345040023327,0.20795647372845386,body,world,0.1071882026270032,0.12023366987705231,0.11485090586628205,body,world
rigid_medium,body_only,90221,True,False,l,1.325946290087466,0.0,,0.0,69,world,settled,True,0.10693906247615814,0.15275409147143365,0.15360871106386184,0.005579148657470789,body,world,0.15318140126764773,0.10372994560748339,-0.38983200321221034,body,world,0.12845567343756556,0.11178673487156629,-0.13899098787295894,body,world
rigid_medium,body_only,90222,True,False,m,1.3799548422979533,0.0,,0.0,63,world,settled,True,0.14343668520450592,0.1406781416386366,0.05918761286884546,-0.8657623197554407,world,world,0.09993287725374103,0.1773348670452833,0.5735411162362408,body,world,0.13863387214951217,0.12100364295765757,-0.1360157924694754,body,world
rigid_medium,body_only,90223,True,False,l,1.2088747342560058,0.0,,0.0,66,world,settled,True,0.12160096317529678,0.1011692475527525,0.21840933114290237,0.7695761352354709,body,body,0.15978928934782743,0.1549491509795189,-0.030759000828366388,body,world,0.15736922016367316,0.10605568680912256,-0.39463046174715743,body,world
rigid_medium,body_only,90224,True,False,m,1.3689372681649405,0.0,,0.0,67,world,settled,True,0.13354234397411346,0.1737142339348793,0.07234381213784218,-0.8759816927534584,world,world,0.12302902303636074,0.1620386555790901,0.27541463427064117,body,world,0.14253383930772542,0.12837431472726166,-0.10462911016355196,body,world
rigid_medium,body_only,90225,True,False,l,1.4190999555086545,0.0,,0.0,76,world,settled,True,0.1130550354719162,0.1180010586977005,0.06635950915515423,-0.5756065278424344,body,world,0.09218028392642737,0.09464468844234944,0.026383490779309,body,world,0.0934124861843884,0.11420470643788576,0.20096748725595223,body,world
rigid_medium,body_only,90226,True,False,m,1.3666051873938825,0.0,,0.0,68,world,settled,True,0.10112364590167999,0.2144954577088356,0.13801233805716037,-0.440945474589254,body,world,0.176253897882998,0.11144711077213287,-0.45837542158285777,body,world,0.14385050432756544,0.08405389883555472,-0.5373163500417845,body,world
rigid_medium,body_only,90227,True,False,l,1.2089853713110907,0.0,,0.0,76,world,settled,True,0.12448003143072128,0.09066394232213497,0.11260227188467979,0.21670216283896954,body,world,0.10163310710340738,0.11059515662491322,0.08450695692978177,body,world,0.1061141318641603,0.13021348724141718,0.20466008248420006,body,world
rigid_medium,body_only,90228,True,False,m,1.3941552835422104,0.0,,0.0,76,world,settled,True,0.10427919775247574,0.12743997015058994,0.30214157700538635,0.8632502741759611,body,body,0.21479077357798815,0.09457950592041016,-0.8202235948956244,world,world,0.15468513974919915,0.10282386988401412,-0.4083741710768538,body,world
rigid_medium,body_only,90229,True,False,l,1.4129882265602367,0.0,,0.0,60,world,settled,True,0.10627037286758423,0.08337001353502274,0.06410576701164246,-0.26275436591130835,body,world,0.07373789027333259,0.09715710515156388,0.27581252698355097,body,world,0.08544749771244824,0.10831804256886243,0.23716961269465567,body,world
rigid_medium,body_only,90230,True,False,m,1.387380358400205,0.0,,0.0,62,world,settled,True,0.1312522441148758,0.11114740371704102,0.053841551579535005,-0.7248117785029297,body,world,0.08249447764828802,0.1211639627814293,0.3844133391312748,body,world,0.10182922021485866,0.09483249746263027,-0.07118494768191436,body,world
rigid_medium,body_only,90231,True,False,l,1.2736796593502162,0.0,,0.0,79,world,settled,True,0.17112568020820618,0.16432858109474183,0.12742978185415268,-0.254302484333823,body,world,0.14587918147444726,0.1215076357126236,-0.18280164879629174,body,world,0.13369340859353543,0.11694404715672135,-0.1338535919391971,body,world
rigid_medium,body_only,90232,True,False,m,1.3398772042708087,0.0,,0.0,65,world,settled,True,0.12808027863502502,0.11875240206718445,0.098080575466156,-0.19125133115967616,body,world,0.10841648876667023,0.11908263992518187,0.0938375174117364,body,world,0.11374956434592605,0.11824992606416344,0.03880117422384271,body,world
rigid_medium,body_only,90233,True,False,l,1.2151805568406018,0.0,,0.0,74,world,settled,True,0.14535291492938995,0.08552351593971252,0.11359288915991783,0.28382953054797716,body,world,0.09955820254981518,0.1325811395421624,0.28645240850776643,body,world,0.1160696710459888,0.14645732091739774,0.2325434379415838,body,world
rigid_medium,body_only,90234,True,False,m,1.412785576783788,0.0,,0.0,80,world,settled,True,0.09501441568136215,0.07867318540811538,0.12720058634877204,0.48046288227379974,body,world,0.10293688587844371,0.07608570326119661,-0.3022556625262499,body,world,0.08951129456982017,0.09728625938296317,0.08329294650435878,body,world
rigid_medium,body_only,90235,True,False,l,1.4243033807217698,0.0,,0.0,60,world,settled,True,0.11549113690853119,0.10303072929382324,0.16938911527395248,0.49717123917959316,body,world,0.13620992228388787,0.104596958309412,-0.26408276995001073,body,world,0.12040344029664993,0.12291768658906221,0.02066681026628482,body,world
rigid_medium,body_only,90236,True,False,m,1.6997035312296203,0.0,,0.0,64,world,settled,True,0.11013901233673096,0.09685385823249817,0.048182952031493184,-0.6981979600561915,body,world,0.07251840513199567,0.15322601897642016,0.7480736860143441,body,world,0.11287221205420792,0.08765304307453334,-0.2528699827812551,body,world
rigid_medium,body_only,90237,True,False,l,1.376968432617344,0.0,,0.0,75,world,settled,True,0.12096478790044785,0.11518132910132409,0.09462501332163811,-0.19658580881209228,body,world,0.1049031712114811,0.11418558042496443,0.08478727751798397,body,world,0.10954437581822277,0.10758498748764396,-0.018048609272011337,body,world
rigid_medium,body_only,90238,True,False,m,1.5968317899030746,0.0,,0.0,62,world,settled,True,0.13779015839099884,0.09955556094646453,0.14117602482438088,0.3492916249924023,body,world,0.1203657928854227,0.09311537966132163,-0.2566960145467803,body,world,0.10674058627337217,0.11775908404961229,0.09823941341154785,body,world
rigid_medium,body_only,90239,True,False,l,1.3434682340044826,0.0,,0.0,67,world,settled,True,0.11501212418079376,0.07515101339668036,0.0836426580324769,0.10705405240302725,body,world,0.07939683571457863,0.06966723669320345,-0.13072836953541347,body,world,0.07453203620389104,0.10707862470299005,0.36233432581463654,body,world
rigid_medium,world_only,90240,False,True,,1.0,1.0,short,-0.05,59,world,settled,True,0.1172250285744667,0.08407448790967464,0.16486746221780776,0.6734387250962933,body,world,0.1244709750637412,0.11198091935366392,-0.10574406283915619,body,world,0.11822594720870257,0.10160305816680193,-0.15152396565494974,body,world
rigid_medium,world_only,90241,False,True,,1.0,1.0,medium,0.1,75,world,settled,True,0.10142795741558075,0.2333241105079651,0.16764723807573317,-0.3305665207700911,body,world,0.20048567429184913,0.13352645188570023,-0.4064431945991967,body,world,0.1670060630887747,0.08746818732470274,-0.6467549638557619,world,world
rigid_medium,world_only,90242,False,True,,1.0,-2.0,short,0.2,69,world,settled,True,0.11940684169530869,0.25882045477628707,0.09961365163326263,-0.954835376717091,world,world,0.17921705320477485,0.14469521977007388,-0.21396806134659002,body,world,0.16195613648742438,0.1343221241142601,-0.18708470966749197,body,world
rigid_medium,world_only,90243,False,True,,1.0,2.0,medium,0.05,68,world,settled,True,0.12466712296009064,0.2514424353837967,0.28430996686220167,0.12285099740734418,body,body,0.2678762011229992,0.12156771160662175,-0.7900535329552468,world,world,0.19472195636481046,0.10617473502643407,-0.606486495689613,world,world
rigid_medium,world_only,90244,False,True,,1.0,-4.0,short,0.05,65,alarm,persistent,False,nan,0.4837366476655006,0.08836716338992119,-1.7000401964659881,world,world,0.2860519055277109,0.10274943774566055,-1.0238799009123782,world,world,0.19440067163668573,0.14052466470748187,-0.32453832405536276,body,world
rigid_medium,world_only,90245,False,True,,1.0,4.0,medium,0.25,65,world,settled,True,0.12347035109996796,0.6054505705833435,0.6102324664592743,0.007867051514291627,body,body,0.6078415185213089,0.14579696208238602,-1.4276992045017103,world,world,0.37681924030184744,0.11920597669668495,-1.1509127103236376,world,world
rigid_medium,world_only,90246,False,True,,1.0,-1.0,short,0.1,75,world,settled,True,0.1121627688407898,0.29114231914281846,0.12648681364953518,-0.833674154025835,body,world,0.20881456639617682,0.09383085733279586,-0.7999528446626042,world,world,0.15132271186448634,0.12080002799630166,-0.22527820373444868,body,world
rigid_medium,world_only,90247,False,True,,1.0,-1.0,medium,-0.15000000000000002,77,world,settled,True,0.10628946870565414,0.21790172457695006,0.08621195256710053,-0.9272353275248622,world,world,0.1520568385720253,0.09294082652777433,-0.4922913721725305,body,world,0.12249883254989982,0.0845538353547454,-0.3707130634465521,body,world
rigid_medium,world_only,90248,False,True,,1.0,-2.0,short,0.15000000000000002,70,world,settled,True,0.11636523902416229,0.21274616476148367,0.1158291332423687,-0.6079836244167225,body,world,0.1642876490019262,0.1146731473505497,-0.3595329640658704,body,world,0.13948039817623795,0.10285209575667978,-0.3046320838040205,body,world
rigid_medium,world_only,90249,False,True,,1.0,2.0,medium,-0.25,60,world,settled,True,0.12199489772319794,0.30495153069496156,0.22912515252828597,-0.28588447636608205,body,body,0.26703834161162376,0.1197609506547451,-0.8018945715534564,world,world,0.19339964613318444,0.16259048199281095,-0.173524094232042,body,world
rigid_medium,world_only,90250,False,True,,1.0,4.0,short,0.05,68,world,settled,True,0.12091422080993652,0.4413047906011343,0.18783628791570664,-0.8541649973763372,world,world,0.3145705392584205,0.11559979058802128,-1.001074196446745,world,world,0.21508516492322088,0.12326849047094583,-0.5566692398410743,body,world
rigid_medium,world_only,90251,False,True,,1.0,-4.0,medium,0.15000000000000002,77,world,settled,True,0.14365331828594208,0.5777383863925933,0.6090465307235717,0.05277352240851118,body,body,0.5933924585580825,0.11126802545040845,-1.6739140644665633,world,world,0.3523302420042455,0.12967673568055033,-0.9995242182884599,world,world
rigid_medium,world_only,90252,False,True,,1.0,-1.0,short,-0.05,78,world,settled,True,0.13204476237297058,0.15708528459072113,0.1291242266073823,-0.19601393388063246,body,world,0.14310475559905173,0.1905289998278022,0.2862274943401507,body,world,0.16681687771342696,0.1235564005561173,-0.3001989336538062,body,world
rigid_medium,world_only,90253,False,True,,1.0,1.0,medium,-0.05,60,world,settled,True,0.12270510196685791,0.21892331913113594,0.09467703755944967,-0.8382500323720509,world,world,0.1568001783452928,0.17196411937475203,0.09231360144352788,body,world,0.16438214886002242,0.1561559985857457,-0.05133839462400581,body,world
rigid_medium,world_only,90254,False,True,,1.0,2.0,short,0.1,75,world,settled,True,0.12914974987506866,0.17572317123413086,0.22035416811704636,0.22632624097045037,body,body,0.1980386696755886,0.1824087493121624,-0.08221226880755762,body,world,0.19022370949387551,0.13452930394560098,-0.34641874942341505,body,world
rigid_medium,world_only,90255,False,True,,1.0,2.0,medium,0.25,70,world,settled,True,0.12232272326946259,0.2690330296754837,0.199771885573864,-0.2976580154919053,body,world,0.23440245762467385,0.10688482746481895,-0.7852876664780835,world,world,0.1706436425447464,0.19118895418941975,0.11368480766639713,body,body
rigid_medium,world_only,90256,False,True,,1.0,-4.0,short,-0.2,70,alarm,persistent,False,nan,0.5000169903039933,0.11679657436907291,-1.4542083375207384,world,world,0.30840678233653307,0.17232529893517495,-0.5820356699718533,body,world,0.240366040635854,0.11130995359271764,-0.769844246182772,world,world
rigid_medium,world_only,90257,False,True,,1.0,-4.0,medium,-0.05,64,world,settled,True,0.12277664244174957,0.6069570779800415,0.6028375506401062,-0.00681031832112581,body,body,0.6048973143100739,0.15123616196215153,-1.3862161136461926,world,world,0.3780667381361127,0.11280697146430611,-1.2093925950353046,world,world
rigid_medium,world_only,90258,False,True,,1.0,-1.0,short,0.25,67,world,settled,True,0.10264807939529419,0.10529427044093609,0.14790868312120437,0.3398360715072424,body,world,0.12660147678107023,0.12442992739379406,-0.017301449302490075,body,world,0.12551570208743215,0.10544935278594494,-0.17420009771323958,body,world
rigid_medium,world_only,90259,False,True,,1.0,1.0,medium,-0.25,71,world,settled,True,0.146871879696846,0.1862467721104622,0.19004203677177428,0.02017276769744773,body,world,0.18814440444111824,0.13497110828757286,-0.3321490338649621,body,world,0.16155775636434555,0.10089305900037289,-0.4708015691623298,body,world
rigid_medium,world_only,90260,False,True,,1.0,-2.0,short,-0.05,78,world,settled,True,0.10300056636333466,0.23663148432970046,0.10306040719151496,-0.8311887186483715,body,world,0.1698459457606077,0.1263130906969309,-0.29612815316795804,body,world,0.1480795182287693,0.12463655392639339,-0.1723474812830492,body,world
rigid_medium,world_only,90261,False,True,,1.0,-2.0,medium,0.15000000000000002,76,alarm,persistent,False,nan,0.29729653596878053,0.28429562598466873,-0.0447154449725712,body,body,0.2907960809767246,0.16001666467636824,-0.5973443048348291,body,world,0.22540637282654644,0.12462709732353687,-0.5925788173997741,world,world
rigid_medium,world_only,90262,False,True,,1.0,-4.0,short,0.1,68,alarm,persistent,False,nan,0.47713401094079017,0.1207913875579834,-1.3737324088898188,world,world,0.2989626992493868,0.09520792234688998,-1.144255657669841,world,world,0.19708531079813837,0.10159583017230034,-0.6626341920448213,world,world
rigid_medium,world_only,90263,False,True,,1.0,-4.0,medium,-0.15000000000000002,76,world,settled,True,0.14996623992919922,0.5902162164449691,0.577727472782135,-0.021386681213168737,body,body,0.5839718446135521,0.10537045318633317,-1.7123705038809276,world,world,0.34467114889994266,0.0966966722626239,-1.2710117819967421,world,world
rigid_medium,world_only,90264,False,True,,1.0,1.0,short,-0.15000000000000002,76,world,settled,True,0.14839614927768707,0.14829208105802535,0.20233652293682097,0.3107484167771354,body,world,0.17531430199742318,0.1013351857662201,-0.5481466812786471,body,world,0.13832474388182164,0.1401920098811388,0.013408844900178052,body,world
rigid_medium,world_only,90265,False,True,,1.0,1.0,medium,-0.05,73,world,settled,True,0.1304875910282135,0.15203733816742898,0.22515556663274766,0.3926654340305703,body,body,0.18859645240008832,0.14786706995218993,-0.24329586567898845,body,world,0.1682317611761391,0.15429233815521,-0.08649345690635718,body,world
rigid_medium,world_only,90266,False,True,,1.0,2.0,short,0.1,80,world,settled,True,0.1614825576543808,0.23005984127521514,0.12409860193729401,-0.6172630280068123,body,world,0.17707922160625458,0.10364526901394129,-0.5356230181558996,body,world,0.14036224531009794,0.17623718986287712,0.2276042100401512,body,body
rigid_medium,world_only,90267,False,True,,1.0,2.0,medium,-0.05,73,alarm,persistent,False,nan,0.21347329020500183,0.24213974475860595,0.12600329675610122,body,body,0.2278065174818039,0.08029523929581046,-1.0427863284301573,world,world,0.15405087838880718,0.16137337274849414,0.04643783845199975,body,world
rigid_medium,world_only,90268,False,True,,1.0,-4.0,short,-0.1,69,alarm,persistent,False,nan,0.5446614846587181,0.10457228347659112,-1.6502859324209254,world,world,0.3246168840676546,0.11860786974430085,-1.0068228290131702,world,world,0.22161237690597774,0.08452086942270398,-0.9639313264909006,world,world
rigid_medium,world_only,90269,False,True,,1.0,4.0,medium,0.0,74,world,settled,True,0.13708555698394775,0.5464536249637604,0.6111177444458008,0.11184020261196327,body,body,0.5787856847047805,0.18291416745632888,-1.1519152492178324,world,world,0.38084992608055473,0.13759136479347944,-1.0181172350594019,world,world
rigid_medium,world_only,90270,False,True,,1.0,-1.0,short,0.1,81,world,settled,True,0.1236799955368042,0.12881672345101833,0.11261805966496467,-0.13438855506676495,body,world,0.12071739155799151,0.11162920761853456,-0.07826947413640223,body,world,0.11617329958826303,0.13508647349663078,0.15083207957370848,body,world
rigid_medium,world_only,90271,False,True,,1.0,1.0,medium,-0.15000000000000002,77,world,settled,True,0.12781977653503418,0.1873961441218853,0.09386541023850441,-0.6913628436526893,body,world,0.14063077718019484,0.13136248253285884,-0.06817731006241048,body,world,0.13599662985652686,0.13349966797977686,-0.018531114167955325,body,world
rigid_medium,world_only,90272,False,True,,1.0,-2.0,short,-0.2,58,world,settled,True,0.14999742805957794,0.26520834267139437,0.09022505730390548,-1.07820853020294,world,world,0.1777166999876499,0.0663881354033947,-0.9846723524583014,world,world,0.1220524176955223,0.15565056465566157,0.24316291890702338,body,world
rigid_medium,world_only,90273,False,True,,1.0,2.0,medium,-0.2,71,world,settled,True,0.11633303016424179,0.2967222988605499,0.2731040507555008,-0.0829438198578998,body,body,0.28491317480802536,0.11310166530311108,-0.9238973768779581,world,world,0.1990074200555682,0.13033363008871673,-0.42324456253056947,body,world
rigid_medium,world_only,90274,False,True,,1.0,4.0,short,-0.15000000000000002,60,world,settled,True,0.14726999402046204,0.5491710186004639,0.11726617440581322,-1.5439635564546195,world,world,0.33321859650313856,0.11949708294123411,-1.0255067600293968,world,world,0.22635783972218632,0.1309041858650744,-0.5476514586960541,body,world
rigid_medium,world_only,90275,False,True,,1.0,4.0,medium,0.2,76,world,settled,True,0.10585115104913712,0.6015227317810059,0.5495076060295105,-0.09044171104692794,body,body,0.5755151689052582,0.1219911240041256,-1.551317297577554,world,world,0.3487531464546919,0.16243148036301136,-0.7641081016452188,world,world
rigid_medium,world_only,90276,False,True,,1.0,1.0,short,-0.1,69,world,settled,True,0.10651665925979614,0.1345162346959114,0.05142784118652344,-0.9615052126734654,world,world,0.09297203794121742,0.16320392303168774,0.5627016997804113,body,world,0.1280879804864526,0.10273547861725092,-0.2205598592922184,body,world
rigid_medium,world_only,90277,False,True,,1.0,-1.0,medium,0.25,75,world,settled,True,0.1009160652756691,0.19472136050462724,0.15217271894216539,-0.2465534316281171,body,world,0.1734470397233963,0.1271831698715687,-0.3102439764171345,body,world,0.1503151047974825,0.10003907987847924,-0.4071728809330245,body,world
rigid_medium,world_only,90278,False,True,,1.0,2.0,short,0.2,64,world,settled,True,0.08687300980091095,0.2773727923631668,0.1631169378757477,-0.5308950683162074,body,world,0.22024486511945723,0.15088176764547825,-0.3782434162830962,body,world,0.18556331638246776,0.09430023618042468,-0.6769124578149486,world,world
rigid_medium,world_only,90279,False,True,,1.0,-2.0,medium,-0.15000000000000002,63,alarm,persistent,False,nan,0.2924226388335228,0.29955230057239535,0.024088879525455513,body,body,0.2959874697029591,0.1559344008564949,-0.6408817098620594,body,world,0.225960935279727,0.09748059464618564,-0.8407088026620007,world,world
rigid_medium,world_only,90280,False,True,,1.0,4.0,short,0.2,77,world,settled,True,0.12310729920864105,0.4614180713891983,0.07400751262903213,-1.8301379013340866,world,world,0.26771279200911524,0.09494849536567926,-1.0365801437160511,world,world,0.18133064368739724,0.1255051489919424,-0.36797533991710085,body,world
rigid_medium,world_only,90281,False,True,,1.0,4.0,medium,0.1,77,world,settled,True,0.10631765425205231,0.629247522354126,0.597182673215866,-0.05230164467413446,body,body,0.613215097784996,0.21047744750976563,-1.0693372583388634,world,world,0.41184627264738083,0.10387266054749489,-1.3774844239620379,world,world
rigid_medium,world_only,90282,False,True,,1.0,1.0,short,0.15000000000000002,68,world,settled,True,0.14893218874931335,0.08291019927710294,0.10820209085941315,0.26624260458939275,body,world,0.09555614506825805,0.11906241346150637,0.2199338572769801,body,world,0.1073092792648822,0.17484382521361114,0.48817802258941606,body,body
rigid_medium,world_only,90283,False,True,,1.0,-1.0,medium,-0.05,74,world,settled,True,0.1371145248413086,0.1351979747414589,0.1777651786804199,0.2737232746838943,body,world,0.1564815767109394,0.097298901155591,-0.47515058659046455,body,world,0.1268902389332652,0.14928135857917368,0.1625103855340459,body,world
rigid_medium,world_only,90284,False,True,,1.0,2.0,short,-0.2,72,world,settled,True,0.10892967879772186,0.22649232149124146,0.11809229031205178,-0.6512446035907574,body,world,0.17229230590164663,0.1591984797269106,-0.0790407633832919,body,world,0.1657453928142786,0.11704000569880009,-0.3479370272844559,body,world
rigid_medium,world_only,90285,False,True,,1.0,-2.0,medium,-0.2,73,alarm,persistent,False,nan,0.25178085565567015,0.3454554431140423,0.3163045826425208,body,body,0.2986181493848562,0.12462705094367266,-0.8738399797882063,world,world,0.21162260016426443,0.10671428982168436,-0.684649425782902,world,world
rigid_medium,world_only,90286,False,True,,1.0,4.0,short,-0.1,67,world,settled,True,0.13461020588874817,0.4961129941046238,0.19682650417089462,-0.9244810602595027,world,world,0.3464697491377592,0.1338359884917736,-0.9511804269301326,world,world,0.2401528688147664,0.09453048505820334,-0.9323532982819394,world,world
rigid_medium,world_only,90287,False,True,,1.0,4.0,medium,0.2,79,world,settled,True,0.1619667112827301,0.6060718595981598,0.6138952612876892,0.012825770139772767,body,body,0.6099835604429245,0.17274679318070413,-1.261605107588529,world,world,0.3913651768118143,0.11135658915154636,-1.2569035130702646,world,world
rigid_medium,world_only,90288,False,True,,1.0,-1.0,short,-0.05,78,world,settled,True,0.13185706734657288,0.1337217427790165,0.09712234660983085,-0.31978960553162566,body,world,0.11542204469442367,0.12784506380558014,0.10222372734946739,body,world,0.12163355425000191,0.1634046185296029,0.29521657617781194,body,world
rigid_medium,world_only,90289,False,True,,1.0,1.0,medium,-0.05,64,world,settled,True,0.13409091532230377,0.10056152157485485,0.15677376091480255,0.44403405762626247,body,world,0.1286676412448287,0.10785512626171112,-0.1764437521020748,body,world,0.11826138375326992,0.11321295988745987,-0.043626645410794945,body,world
rigid_medium,world_only,90290,False,True,,1.0,2.0,short,0.1,66,world,settled,True,0.13025036454200745,0.2660048305988312,0.14731133878231048,-0.5909661707801673,body,world,0.20665808469057084,0.17687290008179843,-0.15563426682005532,body,world,0.19176549238618462,0.08134720269590616,-0.8575467846594443,world,world
rigid_medium,world_only,90291,False,True,,1.0,-2.0,medium,0.15000000000000002,75,world,settled,True,0.11211474984884262,0.29888724982738496,0.3604714207351208,0.18734626544640282,body,body,0.32967933528125287,0.2302659533917904,-0.35888551077821307,body,body,0.27997264433652164,0.12874920386821032,-0.776825543621428,world,world
rigid_medium,world_only,90292,False,True,,1.0,-4.0,short,0.1,74,alarm,persistent,False,nan,0.47885524332523344,0.1321935698390007,-1.2871310591457117,world,world,0.3055244065821171,0.13944161348044873,-0.7843836937433115,world,world,0.2224830100312829,0.12059034476988018,-0.6124515181439284,world,world
rigid_medium,world_only,90293,False,True,,1.0,4.0,medium,0.1,69,world,settled,True,0.12595391273498535,0.6106149077415466,0.6198427677154541,0.01499935050951313,body,body,0.6152288377285003,0.12880425807088614,-1.5637004197838753,world,world,0.37201654789969324,0.11737180426716805,-1.1535916264181267,world,world
rigid_medium,world_only,90294,False,True,,1.0,-1.0,short,-0.1,70,world,settled,True,0.11873676627874374,0.12311833053827285,0.11055993176996708,-0.10758818692012687,body,world,0.11683913115411997,0.07120307870209217,-0.49526198360853996,body,world,0.09402110492810607,0.12226081755943596,0.2626373340531583,body,world
rigid_medium,world_only,90295,False,True,,1.0,1.0,medium,0.2,64,world,settled,True,0.14031526446342468,0.1274040687829256,0.11299383267760277,-0.12003044055112355,body,world,0.12019895073026418,0.1671103486791253,0.32950607204022747,body,world,0.14365464970469474,0.16575255943462253,0.1430839172926199,body,world
rigid_medium,world_only,90296,False,True,,1.0,-2.0,short,0.25,84,world,settled,True,0.12936720252037048,0.2893997550010681,0.03739161603152752,-2.0463624586110263,world,world,0.16339568551629782,0.13231956511735915,-0.210954832976248,body,world,0.1478576253168285,0.14992683446034788,0.013897585182096162,body,world
rigid_medium,world_only,90297,False,True,,1.0,2.0,medium,-0.05,62,world,settled,True,0.1491803675889969,0.24362483769655227,0.2746835432946682,0.11999019176217839,body,body,0.2591541904956102,0.09752952717244626,-0.9772680397092569,world,world,0.17834185883402826,0.11635569110512733,-0.42705046141232855,body,world
rigid_medium,world_only,90298,False,True,,1.0,4.0,short,0.05,62,world,settled,True,0.1304449737071991,0.43448266088962556,0.07282231114804745,-1.7861336579529086,world,world,0.2536524860188365,0.09001053422689438,-1.0360384544993961,world,world,0.17183151012286543,0.10915793632157147,-0.45371861380802586,body,world
rigid_medium,world_only,90299,False,True,,1.0,-4.0,medium,0.05,67,world,settled,True,0.10934891551733017,0.5865687310695649,0.5881922245025635,0.002763957141831932,body,body,0.5873804777860642,0.15626849420368671,-1.3240971387391258,world,world,0.37182448599487544,0.10323191285133362,-1.281443892792851,world,world
rigid_medium,world_only,90300,False,True,,1.0,-1.0,short,-0.15000000000000002,67,world,settled,True,0.11750198900699615,0.13842954374849797,0.10797054693102837,-0.24850301046422826,body,world,0.12320004533976317,0.0884565819054842,-0.33129758742458243,body,world,0.10582831362262368,0.11154432334005833,0.05260393245307883,body,world
rigid_medium,world_only,90301,False,True,,1.0,-1.0,medium,-0.25,72,world,settled,True,0.11361987888813019,0.14125067442655564,0.12534940456971527,-0.11943107026529053,body,world,0.13330003949813546,0.13285689409822227,-0.0033299587834493176,body,world,0.13307846679817886,0.10530377747491002,-0.23408963822810652,body,world
rigid_medium,world_only,90302,False,True,,1.0,-2.0,short,0.2,78,world,settled,True,0.11313877254724503,0.21248984932899476,0.09943979308009147,-0.7593418530115617,body,world,0.1559648212045431,0.1539762072265148,-0.012832384771979032,body,world,0.15497051421552896,0.1181901300791651,-0.2709402683382979,body,world
rigid_medium,world_only,90303,False,True,,1.0,2.0,medium,-0.15000000000000002,59,world,settled,True,0.12325868755578995,0.2178129330277443,0.20193351209163665,-0.07569809386970625,body,world,0.2098732225596905,0.10009881136938929,-0.7403458345002738,world,world,0.1549860169645399,0.13317102543078363,-0.1517006920698115,body,world
rigid_medium,world_only,90304,False,True,,1.0,4.0,short,0.05,80,world,settled,True,0.11634330451488495,0.5057685226202011,0.13418386057019233,-1.326868146143103,world,world,0.31997619159519675,0.08052911534905434,-1.3796277913725552,world,world,0.20025265347212554,0.12176999261137098,-0.4974458778158185,body,world
rigid_medium,world_only,90305,False,True,,1.0,-4.0,medium,-0.25,73,world,settled,True,0.13669392466545105,0.5952904462814331,0.6017235517501831,0.010748692022450119,body,body,0.5985069990158081,0.14957066364586352,-1.3866692715050315,world,world,0.3740388313308358,0.11238664770498871,-1.2024144813697282,world,world
rigid_medium,world_only,90306,False,True,,1.0,1.0,short,-0.15000000000000002,64,world,settled,True,0.12679369747638702,0.16284483782947062,0.18782767802476882,0.1427271039471535,body,world,0.17533625792711974,0.09181053657084703,-0.6469785356229619,body,world,0.13357339724898337,0.09699016055092216,-0.32004158314832115,body,world
rigid_medium,world_only,90307,False,True,,1.0,1.0,medium,-0.05,72,world,settled,True,0.09817339479923248,0.23515811264514924,0.0975232556462288,-0.8801672386579459,world,world,0.166340684145689,0.1455524554476142,-0.13350145918691383,body,world,0.1559465697966516,0.10320827248506248,-0.4127644377052345,body,world
rigid_medium,world_only,90308,False,True,,1.0,-2.0,short,-0.25,62,world,settled,True,0.11791595071554184,0.22877095341682435,0.16324793100357055,-0.3374512053121018,body,world,0.19600944221019745,0.12074327394366265,-0.4844962439606513,body,world,0.15837635807693004,0.09373350534588099,-0.5245185072824494,body,world
rigid_medium,world_only,90309,False,True,,1.0,2.0,medium,0.25,65,world,settled,True,0.1498233824968338,0.16215969920158385,0.22007310017943382,0.3053781175108888,body,body,0.19111639969050884,0.09730442427098751,-0.6750382063183857,world,world,0.1442104119807482,0.1327361990697682,-0.08290973447314433,body,world
rigid_medium,world_only,90310,False,True,,1.0,4.0,short,0.15000000000000002,70,world,settled,True,0.1377318650484085,0.5380331948399544,0.12779730260372163,-1.4374748233708652,world,world,0.332915248721838,0.1497543456032872,-0.7988916936166853,world,world,0.24133479716256262,0.15866530686616898,-0.41938817393455796,body,world
rigid_medium,world_only,90311,False,True,,1.0,-4.0,medium,-0.05,66,world,settled,True,0.14059790968894958,0.5821793079376221,0.5873308420181275,0.008809786557573777,body,body,0.5847550749778747,0.1401391771156341,-1.4285570332598554,world,world,0.36244712604675444,0.10173720056191086,-1.2704855810681095,world,world
rigid_medium,world_only,90312,False,True,,1.0,1.0,short,0.2,69,world,settled,True,0.12002293765544891,0.19938621968030928,0.07670510336756706,-0.9552755033197338,world,world,0.13804566152393818,0.15905927307903767,0.14169240837662633,body,world,0.1485524673014879,0.12952630091458558,-0.1370542546192402,body,world
rigid_medium,world_only,90313,False,True,,1.0,-1.0,medium,-0.2,66,world,settled,True,0.13073468208312988,0.15954003855586052,0.1537829488515854,-0.03675273095080801,body,world,0.15666149370372295,0.10447074864059687,-0.40518027167261234,body,world,0.1305661211721599,0.07442445121705532,-0.5620952408572104,body,world
rigid_medium,world_only,90314,False,True,,1.0,2.0,short,-0.05,66,world,settled,True,0.1221025213599205,0.23541246727108955,0.07711176760494709,-1.1160832587497664,world,world,0.15626211743801832,0.11892999708652496,-0.27299977697109806,body,world,0.13759605726227164,0.09048873637802898,-0.4190968884226877,body,world
rigid_medium,world_only,90315,False,True,,1.0,2.0,medium,0.0,65,world,settled,True,0.12785665690898895,0.28052766546607016,0.2552441626787186,-0.09445176146387756,body,body,0.26788591407239437,0.1023374054580927,-0.9622859452403548,world,world,0.18511165976524352,0.069601861666888,-0.9781678942339368,world,world
rigid_medium,world_only,90316,False,True,,1.0,4.0,short,-0.05,63,world,settled,True,0.12134890258312225,0.517949502915144,0.10651896521449089,-1.5815547063607402,world,world,0.31223423406481743,0.11923698354512453,-0.9626406851958255,world,world,0.21573560880497097,0.11215570587664843,-0.6541654877730616,world,world
rigid_medium,world_only,90317,False,True,,1.0,4.0,medium,0.25,84,world,settled,True,0.15040262043476105,0.6471629559993743,0.5955963730812073,-0.08303491550498984,body,body,0.6213796645402908,0.1637890437617898,-1.3333629899098765,world,world,0.3925843541510403,0.14152807760983704,-1.0202533034289685,world,world
rigid_medium,world_only,90318,False,True,,1.0,-1.0,short,0.1,75,world,settled,True,0.13795435428619385,0.15576332211494445,0.12117283716797829,-0.2511197565163072,body,world,0.13846807964146138,0.1443942541256547,0.041907607131588975,body,world,0.14143116688355803,0.1217741971835494,-0.149644658557215,body,world
rigid_medium,world_only,90319,False,True,,1.0,1.0,medium,-0.25,65,world,settled,True,0.10402469336986542,0.13837556466460227,0.1897962972521782,0.3159799055995046,body,world,0.16408593095839025,0.20593577176332473,0.2271740727583436,body,body,0.1850108513608575,0.11878686007112264,-0.4430836840133849,body,world
rigid_medium,world_only,90320,False,True,,1.0,2.0,short,0.25,76,world,settled,True,0.14207632839679718,0.1784406930208206,0.17339193373918532,-0.02870174899159928,body,world,0.17591631338000296,0.14058453859761358,-0.2241993837671611,body,world,0.15825042598880829,0.16585766039788724,0.04695120014533935,body,world
rigid_medium,world_only,90321,False,True,,1.0,2.0,medium,-0.15000000000000002,57,world,settled,True,0.15386822819709778,0.23805707469582557,0.2798742026090622,0.1618297712501007,body,body,0.2589656386524439,0.1608761753886938,-0.4760604114895775,body,world,0.20992090702056884,0.15426679640077054,-0.30804727891389755,body,world
rigid_medium,world_only,90322,False,True,,1.0,4.0,short,-0.1,74,world,settled,True,0.14141270518302917,0.42112627178430556,0.07084216196089983,-1.7824783903133166,world,world,0.2459842168726027,0.2288405641913414,-0.07224183998210681,body,body,0.23741239053197205,0.1283074186183512,-0.6153695810658852,world,world
rigid_medium,world_only,90323,False,True,,1.0,-4.0,medium,-0.05,75,world,settled,True,0.11037210375070572,0.6075204014778137,0.6132280886173248,0.009351195234863285,body,body,0.6103742450475693,0.10714847296476364,-1.7398568150752394,world,world,0.35876135900616646,0.08750674556940793,-1.4109415466936148,world,world
rigid_medium,world_only,90324,False,True,,1.0,1.0,short,-0.05,72,world,settled,True,0.12499020248651505,0.1257423136383295,0.1879405364394188,0.4018909342997414,body,world,0.15684142503887416,0.09061959572136402,-0.5485647853458738,body,world,0.12373051038011909,0.13078883322887122,0.0554781653428444,body,world
rigid_medium,world_only,90325,False,True,,1.0,1.0,medium,0.05,80,world,settled,True,0.11187217384576797,0.18190040364861487,0.1236245647072792,-0.38621003572731377,body,world,0.15276248417794705,0.10537724401801825,-0.3713376125512981,body,world,0.12906986409798266,0.0675434397533536,-0.647582897124595,world,world
rigid_medium,world_only,90326,False,True,,1.0,2.0,short,0.1,73,world,settled,True,0.11817016452550888,0.1926223084330559,0.11002673618495465,-0.5600079279642513,body,world,0.15132452230900525,0.09217478055506945,-0.4957401216755407,body,world,0.12174965143203735,0.1316098038572818,0.0778746145347939,body,world
rigid_medium,world_only,90327,False,True,,1.0,-2.0,medium,0.25,78,alarm,persistent,False,nan,0.2804443120956421,0.31134538948535917,0.1045276986684441,body,body,0.29589485079050065,0.10952323898673058,-0.9938674024690463,world,world,0.2027090448886156,0.12035084515810013,-0.5213604878015907,body,world
rigid_medium,world_only,90328,False,True,,1.0,-4.0,short,0.15000000000000002,74,alarm,persistent,False,nan,0.5004664152860642,0.16143085286021233,-1.1314635988646837,world,world,0.33094863407313824,0.128903279453516,-0.9429008278015594,world,world,0.2299259567633271,0.12916738083586096,-0.5766482408157347,body,world
rigid_medium,world_only,90329,False,True,,1.0,4.0,medium,0.15000000000000002,75,world,settled,True,0.1364431083202362,0.5443651080131531,0.586895102262497,0.07522592626387252,body,body,0.565630105137825,0.17307928800582886,-1.1841905383942377,world,world,0.36935469657182696,0.12747138212434947,-1.06386553419154,world,world
rigid_medium,world_only,90330,False,True,,1.0,1.0,short,0.1,82,world,settled,True,0.1088428944349289,0.18727090656757356,0.10433882772922516,-0.584912704299102,body,world,0.14580486714839935,0.18455664124339818,0.2356872135958409,body,world,0.16518075419589878,0.1162776492536068,-0.35105949504632455,body,world
rigid_medium,world_only,90331,False,True,,1.0,1.0,medium,-0.05,61,world,settled,True,0.14112862944602966,0.13973619639873505,0.20200456082820892,0.3685339418802072,body,world,0.17087037861347198,0.11440425906330347,-0.4011669414290983,body,world,0.14263731883838773,0.11134173208847642,-0.2477010372922106,body,world
rigid_medium,world_only,90332,False,True,,1.0,-2.0,short,-0.1,70,world,settled,True,0.0997941717505455,0.2741494759917259,0.037413233518600465,-1.9916490112251246,world,world,0.1557813547551632,0.12536340877413749,-0.21723666248782472,body,world,0.14057238176465034,0.09469212982803583,-0.39509163843807027,body,world
rigid_medium,world_only,90333,False,True,,1.0,2.0,medium,0.1,72,world,settled,True,0.15786249935626984,0.3194659501314163,0.3463940680027008,0.0809263560584132,body,body,0.33293000906705855,0.09351205914281309,-1.269841882139546,world,world,0.2132210341049358,0.12356943283230067,-0.545526139197894,body,world
rigid_medium,world_only,90334,False,True,,1.0,4.0,short,0.05,61,world,settled,True,0.12040064483880997,0.4882038474082947,0.12010097652673721,-1.4024001787314568,world,world,0.30415241196751597,0.16561965681612492,-0.6078349954387511,body,world,0.23488603439182043,0.11685481509193778,-0.698168168880313,world,world
rigid_medium,world_only,90335,False,True,,1.0,-4.0,medium,0.1,77,world,settled,True,0.11465640366077423,0.5375219762325287,0.6968469142913818,0.2595961062941643,body,body,0.6171844452619553,0.15209093559533357,-1.4006893156128837,world,world,0.38463769042864443,0.131946428748779,-1.069905829989917,world,world
rigid_medium,world_only,90336,False,True,,1.0,-1.0,short,-0.15000000000000002,76,world,settled,True,0.12882187962532043,0.13006257861852646,0.16206851452589036,0.22000346637425558,body,world,0.1460655465722084,0.19817459993064404,0.30509298986759786,body,body,0.17212007325142623,0.11120489183813334,-0.4368179613547637,body,world
rigid_medium,world_only,90337,False,True,,1.0,1.0,medium,-0.25,60,world,settled,True,0.11050307750701904,0.13325752671808005,0.202402526140213,0.417974871125477,body,world,0.16783002642914652,0.11773359440267087,-0.35452732227330824,body,world,0.1427818104159087,0.11666032914072275,-0.20205112106343004,body,world
rigid_medium,world_only,90338,False,True,,1.0,2.0,short,-0.1,58,world,settled,True,0.13657094538211823,0.2266040176153183,0.09811538383364678,-0.8370599062721035,world,world,0.16235970072448253,0.15662547294050455,-0.035956815901517135,body,world,0.15949258683249354,0.10115912645123899,-0.45530265715900187,body,world
rigid_medium,world_only,90339,False,True,,1.0,2.0,medium,-0.05,61,world,settled,True,0.11174867302179337,0.2687593400478363,0.26547210216522216,-0.012306573933784093,body,body,0.26711572110652926,0.13446653969585895,-0.6863665842915718,world,world,0.2007911304011941,0.14787837341427804,-0.30587508088773036,body,world
rigid_medium,world_only,90340,False,True,,1.0,4.0,short,-0.2,57,world,settled,True,0.12689080834388733,0.447349613532424,0.12714819982647896,-1.2579870881938118,world,world,0.28724890667945147,0.17464727032929658,-0.49758076880419044,body,world,0.23094808850437404,0.13703360157087446,-0.5219667974822416,body,world
rigid_medium,world_only,90341,False,True,,1.0,4.0,medium,0.15000000000000002,71,world,settled,True,0.11796493828296661,0.5487366914749146,0.6363407611846924,0.14811549622543957,body,body,0.5925387263298034,0.18982497677206994,-1.138313759033217,world,world,0.3911818515509367,0.1555959763005376,-0.9219097931846815,world,world
rigid_medium,world_only,90342,False,True,,1.0,1.0,short,-0.2,69,world,settled,True,0.12651966512203217,0.10589071102440357,0.0970277026295662,-0.08741100231695902,body,world,0.10145920682698488,0.12546457890421153,0.21236666441291166,body,world,0.1134618928655982,0.11926255784928799,0.04986039626762556,body,world
rigid_medium,world_only,90343,False,True,,1.0,1.0,medium,-0.1,70,world,settled,True,0.11923660337924957,0.22392935752868653,0.1311434380710125,-0.5350389626497772,body,world,0.1775363977998495,0.12352193612605333,-0.3627568851720082,body,world,0.15052916696295143,0.09903601021505892,-0.4186733422868889,body,world
rigid_medium,world_only,90344,False,True,,1.0,2.0,short,0.2,65,world,settled,True,0.10787024348974228,0.21142305731773375,0.1079215481877327,-0.6724565796141458,body,world,0.15967230275273323,0.12133669201284647,-0.2745543471874027,body,world,0.14050449738278986,0.1071406238246709,-0.2710972851486913,body,world
rigid_medium,world_only,90345,False,True,,1.0,-2.0,medium,0.0,75,alarm,persistent,False,nan,0.2859033793210983,0.2968438982963562,0.03755248646819275,body,body,0.29137363880872724,0.12763955369591712,-0.825396120912752,world,world,0.2095065962523222,0.12346362126991153,-0.5288086764985509,body,world
rigid_medium,world_only,90346,False,True,,1.0,4.0,short,-0.2,59,alarm,persistent,False,nan,0.45432271659374235,0.11735696718096733,-1.353587483538833,world,world,0.28583984188735484,0.1423126943409443,-0.6974049511481707,world,world,0.21407626811414956,0.12439551525749266,-0.5428662159152639,body,world
rigid_medium,world_only,90347,False,True,,1.0,-4.0,medium,-0.2,63,world,settled,True,0.15829777717590332,0.5569669842720032,0.6228856801986694,0.11185703909791526,body,body,0.5899263322353363,0.10777301136404276,-1.6999703997600113,world,world,0.3488496717996895,0.10259072054177523,-1.22389360399458,world,world
rigid_medium,world_only,90348,False,True,,1.0,-1.0,short,0.25,77,world,settled,True,0.11611542850732803,0.14082537442445756,0.12259658575057983,-0.13862146914565407,body,world,0.1317109800875187,0.1549758885987103,0.16265957015433713,body,world,0.1433434343431145,0.120078060682863,-0.17710135271226127,body,world
rigid_medium,world_only,90349,False,True,,1.0,1.0,medium,0.05,63,world,settled,True,0.15941283106803894,0.1726581946015358,0.0877254880964756,-0.6771014009813597,body,world,0.1301918413490057,0.1697697550058365,0.26543407136587815,body,world,0.1499807981774211,0.13878204431384802,-0.07760259778006379,body,world
rigid_medium,world_only,90350,False,True,,1.0,-2.0,short,0.05,79,world,settled,True,0.10702738910913467,0.20425595603883268,0.12393762618303299,-0.49959546945002714,body,world,0.16409679111093284,0.1361176535487175,-0.18693683205559353,body,world,0.15010722232982515,0.09723887015134096,-0.4341793240649076,body,world
rigid_medium,world_only,90351,False,True,,1.0,2.0,medium,0.25,75,world,settled,True,0.11389420181512833,0.23933917731046678,0.296766559779644,0.2150641379257606,body,body,0.2680528685450554,0.14276973940432072,-0.6299511132297725,body,world,0.20541130397468804,0.09557529846206307,-0.7650999275544159,world,world
rigid_medium,world_only,90352,False,True,,1.0,-4.0,short,0.2,76,alarm,persistent,False,nan,0.4757152199745178,0.1548359811306,-1.1224530274369515,world,world,0.3152756005525589,0.1041010731831193,-1.1080848939696277,world,world,0.2096883368678391,0.1334361323621124,-0.4519993640884986,body,world
rigid_medium,world_only,90353,False,True,,1.0,-4.0,medium,-0.05,65,world,settled,True,0.13337811827659607,0.5653545439243317,0.6186653137207031,0.09011139208777554,body,body,0.5920099288225174,0.10429046042263508,-1.7363435114495065,world,world,0.34815019462257624,0.0820549045689404,-1.4452453892901442,world,world
rigid_medium,world_only,90354,False,True,,1.0,-1.0,short,-0.25,72,world,settled,True,0.12792085111141205,0.11327851787209511,0.09012600183486938,-0.22864083450068673,body,world,0.10170225985348225,0.09065057393163442,-0.11503725511619393,body,world,0.09617641689255833,0.11531254649162292,0.1814620564428439,body,world
rigid_medium,world_only,90355,False,True,,1.0,1.0,medium,0.0,71,world,settled,True,0.09479004144668579,0.22344224154949188,0.14115632250905036,-0.45928500704987624,body,world,0.18229928202927112,0.12769292909651994,-0.3560213529788781,body,world,0.15499610556289553,0.11189829031936824,-0.32580965464905476,body,world
rigid_medium,world_only,90356,False,True,,1.0,2.0,short,0.2,78,world,settled,True,0.13135400414466858,0.22536113932728769,0.08659444898366928,-0.9564684651250381,world,world,0.15597779415547847,0.119220563583076,-0.26873839892693085,body,world,0.13759917886927725,0.15447673089802266,0.11569851795917746,body,world
rigid_medium,world_only,90357,False,True,,1.0,-2.0,medium,-0.1,69,alarm,persistent,False,nan,0.2792760968208313,0.2760677099227905,-0.011554725398673193,body,body,0.2776719033718109,0.060096658580005166,-1.5304859706781926,world,world,0.16888428097590805,0.12859139703214167,-0.2725738399770147,body,world
rigid_medium,world_only,90358,False,True,,1.0,4.0,short,-0.15000000000000002,74,world,settled,True,0.12306560575962067,0.5251541525125504,0.055880341306328775,-2.240479201111795,world,world,0.2905172469094396,0.11243898048996925,-0.9492522654195199,world,world,0.20147811369970442,0.09691059105098247,-0.7318919469167877,world,world
rigid_medium,world_only,90359,False,True,,1.0,-4.0,medium,-0.2,57,world,settled,True,0.11370406299829483,0.594998037815094,0.5865483164787293,-0.014303062012133601,body,body,0.5907731771469116,0.14229408353567125,-1.4235362218949836,world,world,0.36653363034129144,0.14582447102293372,-0.9216866327844913,world,world
rigid_medium,body_world,90360,True,True,m,1.436507707360915,1.0,short,-0.15000000000000002,74,world,settled,True,0.12414328753948212,0.17309641279280186,0.12155962996184826,-0.3534438146787968,body,world,0.14732802137732506,0.08295526029542089,-0.5743601088785553,body,world,0.11514164083637297,0.14013655604794623,0.19645431761826765,body,world
rigid_medium,body_world,90361,True,True,l,1.4256287739373548,-1.0,medium,-0.25,60,alarm,persistent,False,nan,0.1795177400112152,0.25008272379636765,0.3315177251229768,body,body,0.21480023190379144,0.13055584942921997,-0.497907342073993,body,world,0.1726780406665057,0.09818548038601875,-0.5645704771555827,body,world
rigid_medium,body_world,90362,True,True,m,1.4329806398316671,-2.0,short,0.2,74,alarm,persistent,False,nan,0.11381355505436659,0.2190047338604927,0.654531717829604,body,body,0.16640914445742966,0.09493946805596351,-0.5612099713913489,body,world,0.13067430625669657,0.10137638277374209,-0.25386786313606785,body,world
rigid_medium,body_world,90363,True,True,l,1.210563351806276,-2.0,medium,-0.15000000000000002,77,alarm,persistent,False,nan,0.34298154562711713,0.24581924676895142,-0.3330801462568796,body,body,0.29440039619803426,0.11710325228050351,-0.9218846888859877,world,world,0.2057518242392689,0.10917184092104434,-0.633747542774383,world,world
rigid_medium,body_world,90364,True,True,m,1.372696280105733,-4.0,short,-0.15000000000000002,58,alarm,persistent,False,nan,0.5251148954033852,0.07708037346601486,-1.9187683983267432,world,world,0.3010976344347,0.0798044703900814,-1.3278550562334617,world,world,0.19045105241239071,0.11507225227542221,-0.5038350071007774,body,world
rigid_medium,body_world,90365,True,True,l,1.2749895656307437,-4.0,medium,-0.2,74,alarm,persistent,False,nan,0.5125335276126861,0.42388421595096587,-0.18990578625217056,body,body,0.468208871781826,0.13745787665247916,-1.2255969850252746,world,world,0.3028333742171526,0.15872570588253437,-0.6460051419213381,world,world
rigid_medium,body_world,90366,True,True,m,1.3066897985826524,-1.0,short,-0.15000000000000002,69,world,settled,True,0.11671455204486847,0.08773935679346323,0.13798851221799852,0.4527998720082994,body,world,0.11286393450573087,0.11920752935111523,0.05468294457389154,body,world,0.11603573192842305,0.12742233471944928,0.09360886200297831,body,world
rigid_medium,body_world,90367,True,True,l,1.3576619828175316,1.0,medium,0.15000000000000002,62,world,settled,True,0.12224433571100235,0.14788064658641814,0.07443616986274719,-0.6864635286575632,body,world,0.11115840822458267,0.1150901474058628,0.034759426673657404,body,world,0.11312427781522275,0.12888767290860415,0.13045425434401142,body,world
rigid_medium,body_world,90368,True,True,m,1.4143053583788585,2.0,short,0.05,60,world,settled,True,0.12696509063243866,0.23767586052417755,0.10248621702194213,-0.8411794933722233,world,world,0.17008103877305986,0.12212159354239702,-0.33125780536121074,body,world,0.14610131615772842,0.11205646973103285,-0.26529738906568545,body,world
rigid_medium,body_world,90369,True,True,l,1.3743712386074276,-2.0,medium,0.1,67,alarm,persistent,False,nan,0.16576030477881432,0.24778675734996797,0.40202572914244905,body,body,0.20677353106439114,0.1382615840062499,-0.4024767143511532,body,world,0.17251755753532053,0.15649560708552598,-0.09747107426015034,body,world
rigid_medium,body_world,90370,True,True,m,1.5116611087725051,4.0,short,-0.25,61,alarm,persistent,False,nan,0.5540457308292389,0.11666967440396547,-1.5579005838752198,world,world,0.3353577026166022,0.07568809855729342,-1.4885768016165344,world,world,0.2055229005869478,0.12066687671467662,-0.5325238022212919,body,world
rigid_medium,body_world,90371,True,True,l,1.462891218935012,4.0,medium,0.2,69,world,settled,True,0.1295587122440338,0.16721088849008084,0.26060943901538847,0.44376706327624077,body,body,0.21391016375273467,0.2574251780286431,0.18517297578231234,body,body,0.2356676708906889,0.17206736374646425,-0.31453658859709205,body,body
rigid_medium,body_world,90372,True,True,m,1.6331779731038802,-1.0,short,-0.1,65,world,settled,True,0.1023189052939415,0.11924732495099306,0.1555166371166706,0.2655530197600843,body,world,0.13738198103383184,0.11679368689656258,-0.1623562103951467,body,world,0.1270878339651972,0.1050896062515676,-0.1900650743375957,body,world
rigid_medium,body_world,90373,True,True,l,1.2018022497580947,-1.0,medium,0.1,66,world,settled,True,0.10160697996616364,0.21447667628526687,0.1471896331757307,-0.37647922016975804,body,world,0.1808331547304988,0.08502893978729845,-0.7545831424504987,world,world,0.13293104725889862,0.10969004891812802,-0.19217190073177715,body,world
rigid_medium,body_world,90374,True,True,m,1.3280228263513763,-2.0,short,0.1,73,alarm,persistent,False,nan,0.273825803399086,0.1352399207651615,-0.7054417582365017,body,world,0.20453286208212376,0.12321892250329256,-0.5067660262980259,body,world,0.16387589229270816,0.13272408628836274,-0.21083695282897377,body,world
rigid_medium,body_world,90375,True,True,l,1.308876304017658,2.0,medium,-0.25,65,world,settled,True,0.10057055950164795,0.23255312591791152,0.14448803439736366,-0.47592200031210774,body,world,0.1885205801576376,0.18062717616558074,-0.04277207271397348,body,world,0.18457387816160917,0.13828087877482176,-0.28876283690014976,body,world
rigid_medium,body_world,90376,True,True,m,1.5016949779873145,4.0,short,0.2,70,alarm,persistent,False,nan,0.16943745240569114,0.2523923348635435,0.3985009148396303,body,body,0.21091489363461732,0.11480683665722609,-0.6082036695307022,body,world,0.1628608651459217,0.14788156598806382,-0.09648452463225383,body,world
rigid_medium,body_world,90377,True,True,l,1.2414565409093206,-4.0,medium,0.25,66,world,settled,True,0.11846897751092911,0.05463065542280674,0.4164899170398712,2.031267072701696,body,body,0.23556028623133898,0.2569830633699894,0.0870433082537988,body,body,0.2462716748006642,0.10383207835257054,-0.8636603326795346,world,world
rigid_medium,body_world,90378,True,True,m,1.4238236120964585,1.0,short,0.25,66,world,settled,True,0.12830252945423126,0.10193281471729279,0.14642521291971206,0.36220088907852693,body,world,0.12417901381850242,0.10629935022443533,-0.15546501168563479,body,world,0.11523918202146888,0.11558908056467772,0.0030316808460483734,body,world
rigid_medium,body_world,90379,True,True,l,1.2836548774066676,-1.0,medium,-0.25,64,world,settled,True,0.09225884824991226,0.11827486790716649,0.17803233191370965,0.40895386907363235,body,world,0.14815359991043806,0.10104450061917306,-0.38268855282074477,body,world,0.12459905026480556,0.1124365832656622,-0.10271162565322972,body,world
rigid_medium,body_world,90380,True,True,m,1.3621236417497946,2.0,short,0.2,70,world,settled,True,0.10923836380243301,0.09837199412286282,0.2315557986497879,0.8560647243917942,body,body,0.16496389638632536,0.13163212947547437,-0.22571550613528027,body,world,0.14829801293089986,0.09903954812325537,-0.40370460371387296,body,world
rigid_medium,body_world,90381,True,True,l,1.3983378082528164,-2.0,medium,-0.2,74,alarm,persistent,False,nan,0.2583863615989685,0.25910492017865183,0.0027770865589123025,body,body,0.25874564088881014,0.16079458706080912,-0.47571780401002667,body,world,0.20977011397480966,0.13503000941127538,-0.4405151900722065,body,world
rigid_medium,body_world,90382,True,True,m,1.3509200717074077,-4.0,short,-0.2,74,alarm,persistent,False,nan,0.5114874348044396,0.08949183374643326,-1.7431756416414352,world,world,0.3004896342754364,0.07416145540773869,-1.3991687121524041,world,world,0.18732554484158753,0.11277360506355763,-0.5074656707638414,body,world
rigid_medium,body_world,90383,True,True,l,1.2311925915846564,4.0,medium,-0.2,58,world,settled,True,0.0912385806441307,0.539255166053772,0.33046886920928953,-0.4896764034527162,body,body,0.43486201763153076,0.1503152322024107,-1.06229414297354,world,world,0.29258862491697074,0.13920575715601444,-0.742814506024009,world,world
rigid_medium,body_world,90384,True,True,m,1.524037917146982,-1.0,short,0.25,63,world,settled,True,0.1298304796218872,0.08329893462359905,0.16583416163921355,0.6885525032690472,body,world,0.1245665481314063,0.11315805483609438,-0.09605453945711041,body,world,0.11886230148375035,0.1025267407298088,-0.1478420430079021,body,world
rigid_medium,body_world,90385,True,True,l,1.3531822605860213,1.0,medium,-0.2,58,world,settled,True,0.1398223340511322,0.18065869361162185,0.3024051696062088,0.5151581589211467,body,body,0.24153193160891534,0.16101165376603604,-0.4055249403302886,body,world,0.2012717926874757,0.16424395344220102,-0.2033033535321238,body,world
rigid_medium,body_world,90386,True,True,m,1.3095845696334245,2.0,short,0.1,61,world,settled,True,0.11925718933343887,0.2251877211034298,0.17320422343909742,-0.2624629897881944,body,world,0.1991959722712636,0.10915949987247586,-0.6014790111952935,body,world,0.15417773607186974,0.10901951927226036,-0.34657912516475875,body,world
rigid_medium,body_world,90387,True,True,l,1.3723802328668413,-2.0,medium,-0.2,61,alarm,persistent,False,nan,0.3314657285809517,0.22025272250175476,-0.4087487957173278,body,body,0.2758592255413532,0.19412820283323526,-0.3513719030580516,body,world,0.23499371418729426,0.18803257099352777,-0.22294356785776742,body,body
rigid_medium,body_world,90388,True,True,m,1.6369604542264304,4.0,short,0.25,64,alarm,persistent,False,nan,0.12374600172042846,0.3545270532369614,1.052553565248967,body,body,0.2391365274786949,0.11386304572224618,-0.7420382606366084,world,world,0.17649978660047055,0.1207475068513304,-0.3796180221845561,body,world
rigid_medium,body_world,90389,True,True,l,1.4434986184388112,4.0,medium,0.1,68,world,settled,True,0.11682043224573135,0.22610388845205306,0.3451534748077393,0.42299459556171587,body,body,0.2856286816298962,0.20027947928756476,-0.3549788637619961,body,body,0.24295408045873046,0.13476186317857355,-0.5893632118330396,world,world
rigid_medium,body_world,90390,True,True,m,1.628686273513856,1.0,short,-0.25,63,world,settled,True,0.11517946422100067,0.24526930898427962,0.15217589363455772,-0.47731978041193757,body,world,0.19872260130941868,0.11017121337354183,-0.5898742480458166,body,world,0.15444690734148026,0.1126004671677947,-0.31600453086503005,body,world
rigid_medium,body_world,90391,True,True,l,1.4997252692437577,-1.0,medium,-0.25,60,world,settled,True,0.11868433654308319,0.1286597281694412,0.15175231099128722,0.16507850556287584,body,world,0.14020601958036422,0.11882996540516615,-0.1654193001716115,body,world,0.1295179924927652,0.0988282052334398,-0.27043676757268587,body,world
rigid_medium,body_world,90392,True,True,m,1.4793682183432437,2.0,short,-0.2,56,world,settled,True,0.11987171322107315,0.2361354261636734,0.06431631371378899,-1.3005921685545585,world,world,0.1502258699387312,0.08732863198965787,-0.5424615796439145,body,world,0.11877725096419453,0.1091604967135936,-0.0844306522357194,body,world
rigid_medium,body_world,90393,True,True,l,1.373838534697687,-2.0,medium,0.2,80,alarm,persistent,False,nan,0.0975479830056429,0.21915802285075187,0.8094486448047143,body,body,0.15835300292819737,0.13973897993564605,-0.12505048330387766,body,world,0.1490459914319217,0.1391662737354636,-0.06858549348476553,body,world
rigid_medium,body_world,90394,True,True,m,1.374879786515465,4.0,short,-0.2,58,alarm,persistent,False,nan,0.4523275285959244,0.15921602845191957,-1.0441445886358713,world,world,0.30577177852392196,0.14591926150023937,-0.7397855365491451,world,world,0.22584552001208066,0.16441140584647657,-0.31747936693921563,body,world
rigid_medium,body_world,90395,True,True,l,1.2278138310881848,-4.0,medium,-0.2,72,world,settled,True,0.08202987909317017,0.5543564975261688,0.4451781868934631,-0.21933335512644195,body,body,0.499767342209816,0.1356432441622019,-1.3041144401327935,world,world,0.31770529318600893,0.1322670916095376,-0.8763009025824151,world,world
rigid_medium,body_world,90396,True,True,m,1.5997246997728216,1.0,short,-0.15000000000000002,76,world,settled,True,0.12243542820215225,0.1571400135755539,0.1615058958530426,0.027404434687207192,body,world,0.15932295471429825,0.10883144214749337,-0.38113302092701135,body,world,0.1340771984308958,0.12358932923525572,-0.08145153350925034,body,world
rigid_medium,body_world,90397,True,True,l,1.2083810902658325,1.0,medium,0.15000000000000002,74,world,settled,True,0.14930307865142822,0.10713834390044212,0.15043716579675676,0.33942456100675367,body,world,0.12878775484859945,0.13193193045444787,0.02412037310368645,body,world,0.13035984265152364,0.12666704701259732,-0.02873668015943785,body,world
rigid_medium,body_world,90398,True,True,m,1.605681322392905,2.0,short,-0.05,61,world,settled,True,0.12736983597278595,0.1649202212691307,0.1754761256277561,0.06204114782971748,body,world,0.1701981734484434,0.11263163741677999,-0.41284083631614216,body,world,0.1414149054326117,0.13470823663519696,-0.0485869316063875,body,world
rigid_medium,body_world,90399,True,True,l,1.216354811034764,-2.0,medium,-0.25,60,alarm,persistent,False,nan,0.27794698178768157,0.2299874395132065,-0.18940568588882528,body,body,0.25396721065044403,0.09378479942679405,-0.9962023768971543,world,world,0.17387600503861905,0.169538919813931,-0.025259914579047322,body,world
rigid_medium,body_world,90400,True,True,m,1.3999353886758357,4.0,short,-0.05,71,alarm,persistent,False,nan,0.36541963964700697,0.14230463579297065,-0.9430763086806722,world,world,0.25386213771998883,0.09410773459821939,-0.9923511160552162,world,world,0.1739849361591041,0.13922453252598643,-0.22288074988574835,body,world
rigid_medium,body_world,90401,True,True,l,1.3909618610188579,-4.0,medium,0.2,64,world,settled,True,0.10734517872333527,0.10158909540623426,0.41581820845603945,1.4093119651402144,body,body,0.25870365193113687,0.19471412040293218,-0.2841507719173117,body,world,0.2267088861670345,0.12306461837142706,-0.6109571846226854,world,world
rigid_medium,body_world,90402,True,True,m,1.4765881692612393,-1.0,short,-0.15000000000000002,72,world,settled,True,0.10645528137683868,0.12741246819496155,0.0683666154742241,-0.6225449772543951,body,world,0.09788954183459282,0.12519191997125745,0.24600820076096358,body,world,0.11154073090292513,0.10715553825721144,-0.04010841623362655,body,world
rigid_medium,body_world,90403,True,True,l,1.2287348099119875,1.0,medium,-0.1,60,world,settled,True,0.12101461738348007,0.20656021684408188,0.20480119660496712,-0.008552240939189945,body,world,0.2056807067245245,0.09518415331840516,-0.7705115277884251,world,world,0.15043243002146484,0.09848890085704624,-0.4235701532400621,body,world
rigid_medium,body_world,90404,True,True,m,1.5959684874168683,-2.0,short,-0.2,61,alarm,persistent,False,nan,0.23410021960735322,0.1078540787100792,-0.7749701221088583,body,world,0.1709771491587162,0.11917194686830043,-0.36096253505384623,body,world,0.14507454801350833,0.10723439673893154,-0.30223067226260786,body,world
rigid_medium,body_world,90405,True,True,l,1.4263406910614387,-2.0,medium,-0.15000000000000002,77,alarm,persistent,False,nan,0.23211894929409027,0.2204240720719099,-0.051696661507011896,body,body,0.22627151068300008,0.09732379727065563,-0.8436921173489073,world,world,0.16179765397682785,0.233938629552722,0.3687123090969179,body,body
rigid_medium,body_world,90406,True,True,m,1.5761825745829299,-4.0,short,0.25,68,alarm,persistent,False,nan,0.08274622559547425,0.3511338233947754,1.4453890129588631,body,body,0.2169400244951248,0.10176411047577857,-0.7569634379216007,world,world,0.1593520674854517,0.12135227341204882,-0.2724183489359112,body,world
rigid_medium,body_world,90407,True,True,l,1.3075505965528191,-4.0,medium,0.25,60,world,settled,True,0.11046423017978668,0.0894181713461876,0.3357014089822769,1.3228981806931903,body,body,0.21255979016423227,0.26607021074742077,0.2245369098638843,body,body,0.23931500045582652,0.11815435206517577,-0.7057888396409293,world,world
rigid_medium,body_world,90408,True,True,m,1.5508532757037867,1.0,short,-0.25,74,world,settled,True,0.10822536051273346,0.15330106280744077,0.09469404593110084,-0.48175259345394955,body,world,0.1239975543692708,0.09673382136970758,-0.24829874564010923,body,world,0.11036568786948919,0.09233310287818312,-0.1783965656396263,body,world
rigid_medium,body_world,90409,True,True,l,1.386472676208235,1.0,medium,0.05,62,world,settled,True,0.09234348684549332,0.10786445010453463,0.18582774847745895,0.5439448139660708,body,world,0.1468460992909968,0.07196570932865143,-0.713195348507534,world,world,0.10940590430982411,0.11815971070900559,0.07697233146443508,body,world
rigid_medium,body_world,90410,True,True,m,1.305798982810204,2.0,short,0.0,73,world,settled,True,0.08210647106170654,0.2470170795917511,0.1286235384643078,-0.6525676510577815,body,world,0.18782030902802943,0.10158542562276125,-0.6145856264567765,body,world,0.14470286732539533,0.08244574749842286,-0.5625419781537235,body,world
rigid_medium,body_world,90411,True,True,l,1.201605261104429,-2.0,medium,0.15000000000000002,64,alarm,persistent,False,nan,0.15565276890993118,0.25373440608382225,0.48866038854678007,body,body,0.20469358749687672,0.13413557931780815,-0.4226630914357971,body,world,0.16941458340734245,0.09505992201156914,-0.5778414163308725,body,world
rigid_medium,body_world,90412,True,True,m,1.6785527327767333,-4.0,short,-0.2,66,alarm,persistent,False,nan,0.5185940206050873,0.1349987655878067,-1.3458557085571432,world,world,0.326796393096447,0.11511346753686666,-1.0434190097345644,world,world,0.22095493031665683,0.11871582018211484,-0.621226174063007,world,world
rigid_medium,body_world,90413,True,True,l,1.497413653722908,4.0,medium,-0.05,68,alarm,persistent,False,nan,0.34020156860351564,0.32380161434412,-0.04940726392640115,body,body,0.3320015914738178,0.1533086534589529,-0.7726865303430454,world,world,0.24265512246638538,0.18107178746722638,-0.2927476176674913,body,body
rigid_medium,body_world,90414,True,True,m,1.6384059842206313,-1.0,short,-0.1,67,alarm,persistent,False,nan,0.14414483010768891,0.11055074371397496,-0.2653439240903859,body,world,0.12734778691083193,0.16960715260356665,0.2865630725709673,body,world,0.14847746975719928,0.1284596247598529,-0.14481857716624102,body,world
rigid_medium,body_world,90415,True,True,l,1.4445958942354706,1.0,medium,-0.15000000000000002,61,world,settled,True,0.10905244201421738,0.1292993338778615,0.20912526026368142,0.4808032698347828,body,body,0.16921229707077146,0.1339475478976965,-0.2337058325329582,body,world,0.15157992248423396,0.09203559393063188,-0.49893763422203324,body,world
rigid_medium,body_world,90416,True,True,m,1.4228738912776615,-2.0,short,-0.05,70,world,settled,True,0.10808931291103363,0.15736845955252649,0.13653754070401192,-0.14199033158081673,body,world,0.1469530001282692,0.16105917673557996,0.09165904617907453,body,world,0.1540060884319246,0.1258691081777215,-0.20174959389084052,body,world
rigid_medium,body_world,90417,True,True,l,1.412003609654068,-2.0,medium,-0.15000000000000002,63,world,settled,True,0.10753054916858673,0.2616674259305,0.2050159379839897,-0.24398660837562355,body,world,0.23334168195724486,0.12673097793012858,-0.6104372698450828,body,world,0.18003632994368673,0.15353663712739946,-0.1592194466426497,body,world
rigid_medium,body_world,90418,True,True,m,1.6633408277228265,4.0,short,0.25,65,alarm,persistent,False,nan,0.15706440061330795,0.2731254868209362,0.5532754320284509,body,body,0.21509494371712207,0.11499514300376176,-0.626189636614508,body,world,0.16504504336044193,0.11933868480846285,-0.32425288521810824,body,world
rigid_medium,body_world,90419,True,True,l,1.4868039659450991,-4.0,medium,0.25,75,world,settled,True,0.11265794932842255,0.19466964080929755,0.345280522108078,0.5730532220247778,body,body,0.26997508145868776,0.20966661535203457,-0.25281094055713155,body,body,0.23982084840536116,0.1404367584735155,-0.535134909806396,body,world
rigid_medium,body_world,90420,True,True,m,1.5449902128447706,1.0,short,-0.05,63,world,settled,True,0.13859888911247253,0.23201871961355208,0.11953805945813656,-0.663183246546581,body,world,0.17577838953584432,0.11277885865420104,-0.44379515305807615,body,world,0.14427862409502268,0.12319593820720912,-0.15797023817850106,body,world
rigid_medium,body_world,90421,True,True,l,1.3429074718778478,1.0,medium,-0.05,68,world,settled,True,0.12482724338769913,0.17323112152516842,0.09557561930269003,-0.5947089061494287,body,world,0.13440337041392922,0.1668705382151529,0.21637278625038645,body,world,0.15063695431454108,0.10962608801200986,-0.3177972903434523,body,world
rigid_medium,body_world,90422,True,True,m,1.4859152920245902,2.0,short,-0.2,56,world,settled,True,0.09910908341407776,0.21364810317754745,0.09286712259054183,-0.8331606017624836,body,world,0.15325761288404466,0.15888853278011084,0.036082654846940294,body,world,0.15607307283207775,0.10888556698337197,-0.36002682659996554,body,world
rigid_medium,body_world,90423,True,True,l,1.4537628318674107,-2.0,medium,0.0,61,alarm,persistent,False,nan,0.28574529141187666,0.3097032383084297,0.08051371865921701,body,body,0.2977242648601532,0.13036001287400723,-0.8258678197334589,world,world,0.2140421388670802,0.21683100673835726,0.012945373118639485,body,body
rigid_medium,body_world,90424,True,True,m,1.5039422662674549,-4.0,short,-0.2,72,alarm,persistent,False,nan,0.47795489951968195,0.208652463555336,-0.8288463614840467,body,body,0.34330368153750895,0.12544121854007245,-1.006778153690321,world,world,0.2343724500387907,0.11978876818902791,-0.6711815902274642,world,world
rigid_medium,body_world,90425,True,True,l,1.484051795950852,4.0,medium,0.0,66,world,settled,True,0.13048598170280457,0.27605964839458463,0.31511123180389405,0.13230873359347592,body,body,0.29558544009923937,0.1491354084573686,-0.6841032575991084,world,world,0.222360424278304,0.19390927888453008,-0.1369091830804762,body,body
rigid_medium,body_world,90426,True,True,m,1.499613542769097,-1.0,short,-0.2,68,world,settled,True,0.11965812742710114,0.19263060092926027,0.09996096715331078,-0.655994588749684,body,world,0.14629578404128551,0.08923898171633482,-0.4943125315148181,body,world,0.11776738287881017,0.11317720506340265,-0.039756570504908405,body,world
rigid_medium,body_world,90427,True,True,l,1.2434438593395136,1.0,medium,0.05,67,world,settled,True,0.1187092661857605,0.16988348662853242,0.15460994392633437,-0.09420737486532615,body,world,0.1622467152774334,0.12176409931853413,-0.2870325498072543,body,world,0.14200540729798378,0.11343193845823407,-0.22466214054765898,body,world
rigid_medium,body_world,90428,True,True,m,1.5747146197091175,2.0,short,0.25,64,world,settled,True,0.10689548403024673,0.20421866923570633,0.15018347427248954,-0.3073336193193116,body,world,0.17720107175409794,0.09719749493524432,-0.6005401475632465,body,world,0.13719928334467113,0.12406256217509508,-0.10064851980196049,body,world
rigid_medium,body_world,90429,True,True,l,1.4646053079069046,-2.0,medium,0.1,67,alarm,persistent,False,nan,0.18723123911768197,0.20543160066008567,0.09276870927841753,body,world,0.19633141988888383,0.11503328718245029,-0.5345826087989295,body,world,0.15568235353566706,0.2030945338308811,0.2658538184393136,body,body
rigid_medium,body_world,90430,True,True,m,1.6725099978259204,-4.0,short,0.1,62,alarm,persistent,False,nan,0.27755840346217153,0.21275226920843124,-0.2659029404928346,body,body,0.2451553363353014,0.102696877066046,-0.870110327336486,world,world,0.1739261067006737,0.1666172008961439,-0.04293156380216721,body,world
rigid_medium,body_world,90431,True,True,l,1.3236542402011626,-4.0,medium,0.1,67,world,settled,True,0.10895857959985733,0.2770198814570904,0.38314181938767433,0.32431592842433843,body,body,0.33008085042238233,0.18588532470166683,-0.5742076760165205,body,world,0.2579830875620246,0.12923769042827188,-0.6912407603007235,world,world
rigid_medium,body_world,90432,True,True,m,1.3642720743548598,-1.0,short,0.15000000000000002,61,world,settled,True,0.13294166326522827,0.10487436950206756,0.1521855816245079,0.37233755498535637,body,world,0.12852997556328774,0.20765478760004044,0.4797148759177481,body,body,0.1680923815816641,0.13295643161982298,-0.23449222588673022,body,world
rigid_medium,body_world,90433,True,True,l,1.3743791243103016,-1.0,medium,0.05,77,world,settled,True,0.11360235512256622,0.13246029056608677,0.14584288597106934,0.09624701211764881,body,world,0.13915158826857804,0.1314163414761424,-0.05719343930995119,body,world,0.13528396487236022,0.12517865826375782,-0.0776340298136917,body,world
rigid_medium,body_world,90434,True,True,m,1.4747028802268096,2.0,short,-0.05,62,world,settled,True,0.11891202628612518,0.21188383735716343,0.1602140985429287,-0.2795271508572512,body,world,0.18604896795004605,0.16812535524368286,-0.10130004428530325,body,world,0.17708716159686447,0.10775529597885906,-0.49677917137432775,body,world
rigid_medium,body_world,90435,True,True,l,1.3038106075252267,-2.0,medium,-0.2,60,alarm,persistent,False,nan,0.26871796548366544,0.22683623433113098,-0.16943405167932302,body,body,0.2477770999073982,0.13228737208992242,-0.6275529338048697,body,world,0.19003223599866031,0.10702160121873021,-0.5741630262845144,body,world
rigid_medium,body_world,90436,True,True,m,1.6168586909623586,4.0,short,-0.05,79,alarm,persistent,False,nan,0.39730343520641326,0.11484925765544177,-1.2410798436489028,world,world,0.2560763464309275,0.10416178181767463,-0.8995303434057301,world,world,0.18011906412430106,0.14822906954213977,-0.19485925519071018,body,world
rigid_medium,body_world,90437,True,True,l,1.3291113567705524,-4.0,medium,0.15000000000000002,77,world,settled,True,0.11137151718139648,0.19928824864327907,0.40354110300540924,0.7055260863806975,body,body,0.30141467582434417,0.18069345923140645,-0.5116849770860121,body,world,0.2410540675278753,0.10034063747152686,-0.876450482766812,world,world
rigid_medium,body_world,90438,True,True,m,1.329008599029527,-1.0,short,0.05,80,world,settled,True,0.12287996709346771,0.14086088985204698,0.07909387312829494,-0.57713739209441,body,world,0.10997738149017096,0.09369450155645609,-0.16023521567115503,body,world,0.10183594152331352,0.11477246922440827,0.11958853805104656,body,world
rigid_medium,body_world,90439,True,True,l,1.445391509411858,1.0,medium,0.0,66,world,settled,True,0.10018739849328995,0.10152659993618726,0.10891868099570275,0.07028072540266488,body,world,0.10522264046594501,0.11578545700758695,0.09566047939523711,body,world,0.11050404873676598,0.09645585510879755,-0.13596671677257555,body,world
rigid_medium,body_world,90440,True,True,m,1.5564106744089927,2.0,short,0.25,74,world,settled,True,0.10710106790065765,0.15582741871476175,0.18791674077510834,0.18724989194859903,body,world,0.17187207974493504,0.11445515509694815,-0.40656738996745306,body,world,0.14316361742094158,0.09534478103742003,-0.40648855820149793,body,world
rigid_medium,body_world,90441,True,True,l,1.3070596772413094,2.0,medium,0.2,71,world,settled,True,0.13484728336334229,0.1614878922700882,0.17212518006563188,0.06379183379277387,body,world,0.16680653616786004,0.15250642206519843,-0.0896279677518163,body,world,0.15965647911652922,0.1244075030554086,-0.24946200915499342,body,world
rigid_medium,body_world,90442,True,True,m,1.6269524228642334,4.0,short,0.25,74,alarm,persistent,False,nan,0.21166508942842482,0.3484203189611435,0.49840430538418445,body,body,0.28004270419478416,0.1178178172558546,-0.8658025966913439,world,world,0.19893026072531939,0.10635373014956713,-0.6261836993764245,world,world
rigid_medium,body_world,90443,True,True,l,1.378277312801848,-4.0,medium,-0.1,72,world,settled,True,0.11249534040689468,0.48529933094978334,0.3097451746463776,-0.4490159356100166,body,body,0.39752225279808046,0.12874250020831823,-1.1274366273714005,world,world,0.2631323765031993,0.160304060485214,-0.4955848484276053,body,world
rigid_medium,body_world,90444,True,True,m,1.453510197141481,1.0,short,0.0,71,world,settled,True,0.1152370348572731,0.127128417044878,0.19605323523283005,0.4331884972658686,body,world,0.16159082613885403,0.1102160319685936,-0.38262500873656924,body,world,0.13590342905372382,0.12817900250665842,-0.05851680894970014,body,world
rigid_medium,body_world,90445,True,True,l,1.3665797638238526,-1.0,medium,0.0,62,world,settled,True,0.101298987865448,0.1552503600716591,0.1819228433072567,0.1585436192044639,body,world,0.16858660168945788,0.14019146002829075,-0.1844405144103815,body,world,0.15438903085887432,0.09479681591037661,-0.4877397701531943,body,world
rigid_medium,body_world,90446,True,True,m,1.33490869903924,-2.0,short,-0.25,64,alarm,persistent,False,nan,0.24026315063238143,0.22316716611385345,-0.07381366917450688,body,body,0.23171515837311746,0.1479067189618945,-0.44892705394009513,body,world,0.18981093866750598,0.08611698346212507,-0.7903218723792855,world,world
rigid_medium,body_world,90447,True,True,l,1.360545744961593,2.0,medium,0.25,71,world,settled,True,0.136115163564682,0.14098667800426484,0.16722583696246146,0.17067981232475474,body,world,0.15410625748336315,0.16216122088953852,0.05094868289206307,body,world,0.15813373918645085,0.13877465836703778,-0.13058967073967548,body,world
rigid_medium,body_world,90448,True,True,m,1.3926898559008811,4.0,short,0.0,79,alarm,persistent,False,nan,0.33248422145843504,0.15459186397492886,-0.7658038962351857,body,world,0.24353804271668195,0.11695920061320067,-0.7334480019666157,world,world,0.18024862166494132,0.13301010839641095,-0.3039120010251726,body,world
rigid_medium,body_world,90449,True,True,l,1.4996288562259714,4.0,medium,-0.15000000000000002,69,alarm,persistent,False,nan,0.5166798621416092,0.22990943491458893,-0.8097379904100094,body,body,0.37329464852809907,0.15532222762703896,-0.8768662032997762,world,world,0.264308438077569,0.2037411481142044,-0.26026644089699297,body,body
rigid_medium,body_world,90450,True,True,m,1.6497126455801099,-1.0,short,-0.15000000000000002,68,world,settled,True,0.11704347282648087,0.13904123641550542,0.0938140582293272,-0.3934558346989253,body,world,0.11642764732241631,0.11669568419456482,0.0022995295109723155,body,world,0.11656166575849056,0.1296106044203043,0.10611415202069106,body,world
rigid_medium,body_world,90451,True,True,l,1.4011624978174013,-1.0,medium,-0.1,69,world,settled,True,0.1039535254240036,0.14636693438515067,0.15592077597975731,0.06323131397581117,body,world,0.151143855182454,0.09738090559840203,-0.4396019162819312,body,world,0.124262380390428,0.09423409337177872,-0.2766132594885918,body,world
rigid_medium,body_world,90452,True,True,m,1.3459971515369575,2.0,short,0.0,75,world,settled,True,0.12457446753978729,0.2589699409902096,0.05907646864652634,-1.477879313536078,world,world,0.15902320481836796,0.1516579372808337,-0.04742256158928261,body,world,0.15534057104960083,0.10778968879021704,-0.3654379365086227,body,world
rigid_medium,body_world,90453,True,True,l,1.3128410648573021,-2.0,medium,-0.2,60,alarm,persistent,False,nan,0.2533083111047745,0.21534963846206664,-0.16234443511923805,body,body,0.23432897478342057,0.12458619046956301,-0.6317282338745496,body,world,0.17945758262649178,0.15294045256450772,-0.15989022480548185,body,world
rigid_medium,body_world,90454,True,True,m,1.4532800695650452,4.0,short,0.25,80,alarm,persistent,False,nan,0.08647095672786236,0.33749572932720184,1.36174425920103,body,body,0.2119833430275321,0.09547715137014165,-0.7976207347678056,world,world,0.15373024719883688,0.15879941824823618,0.03244246045241986,body,world
rigid_medium,body_world,90455,True,True,l,1.4639866887179158,4.0,medium,0.1,63,world,settled,True,0.10969994217157364,0.2159380093216896,0.28007911443710326,0.26008074220768457,body,body,0.24800856187939643,0.18710180781781674,-0.281810373734986,body,world,0.2175551848486066,0.13907900042831897,-0.4474104217011799,body,world
rigid_medium,body_world,90456,True,True,m,1.437503394575647,1.0,short,-0.05,71,world,settled,True,0.11835289001464844,0.0886875370517373,0.18243195116519928,0.7212578604626968,body,world,0.1355597441084683,0.11201886236667633,-0.19074518797131304,body,world,0.12378930323757231,0.1375356419943273,0.10530214507678701,body,world
rigid_medium,body_world,90457,True,True,l,1.433005966120608,-1.0,medium,0.1,79,alarm,persistent,False,nan,0.11378967240452767,0.1892380103468895,0.5086537713765888,body,world,0.15151384137570859,0.1245174689218402,-0.19623096430495993,body,world,0.1380156551487744,0.12274799924343824,-0.11723365473074858,body,world
rigid_medium,body_world,90458,True,True,m,1.5714723561915191,-2.0,short,0.1,75,alarm,persistent,False,nan,0.17061287835240363,0.1382754363119602,-0.21014950952358824,body,world,0.15444415733218192,0.11689684931188822,-0.27854067366583063,body,world,0.13567050332203506,0.15409204857423903,0.12732096547629185,body,world
rigid_medium,body_world,90459,True,True,l,1.423809978213943,-2.0,medium,-0.15000000000000002,75,alarm,persistent,False,nan,0.2729255512356758,0.22330759316682816,-0.20064888929975933,body,body,0.248116572201252,0.18790246155112983,-0.27797567826611785,body,world,0.2180095168761909,0.1666149005293846,-0.26885355254638504,body,world
rigid_medium,body_world,90460,True,True,m,1.501503010941712,-4.0,short,0.1,65,alarm,persistent,False,nan,0.3502977341413498,0.1676617942750454,-0.7368346408253619,body,world,0.25897976420819757,0.1364634022116661,-0.6406934651667802,body,world,0.19772158320993186,0.11546434201300144,-0.5378981406043114,body,world
rigid_medium,body_world,90461,True,True,l,1.4979893620177673,-4.0,medium,-0.05,68,world,settled,True,0.11261943727731705,0.398775714635849,0.28660169839859007,-0.3303056987338648,body,body,0.34268870651721955,0.12024614587426186,-1.0472816163781258,world,world,0.2314674261957407,0.16020685946568847,-0.36797330419278584,body,world
rigid_medium,body_world,90462,True,True,m,1.32405485767968,-1.0,short,0.15000000000000002,61,world,settled,True,0.11785341799259186,0.14487801641225814,0.06639544945210218,-0.7802636004492036,body,world,0.10563673293218016,0.10663753524422645,0.009429402216731768,body,world,0.10613713408820331,0.12283128721173853,0.14607978932272164,body,world
rigid_medium,body_world,90463,True,True,l,1.2959566174498844,1.0,medium,-0.05,60,world,settled,True,0.10478534549474716,0.12852889411151408,0.08165191747248172,-0.45368843276942405,body,world,0.10509040579199791,0.10348567478358746,-0.015387792007869421,body,world,0.10428804028779268,0.11544973272830247,0.1016785317870614,body,world
rigid_medium,body_world,90464,True,True,m,1.5484915809048363,-2.0,short,0.25,68,alarm,persistent,False,nan,0.19235120117664337,0.22744564563035966,0.1675884156153831,body,body,0.2098984234035015,0.16610237061977387,-0.23401942685757704,body,world,0.18800039701163768,0.18439448140561582,-0.019366691218519458,body,body
rigid_medium,body_world,90465,True,True,l,1.428408630737959,-2.0,medium,-0.25,69,alarm,persistent,False,nan,0.31652637422084806,0.256892716884613,-0.20874801527150186,body,body,0.28670954555273054,0.11958951279520988,-0.8744045148902295,world,world,0.20314952917397022,0.19302137438207864,-0.05114137393709467,body,body
rigid_medium,body_world,90466,True,True,m,1.3278826334953207,4.0,short,0.1,72,alarm,persistent,False,nan,0.33315746039152144,0.22966820001602173,-0.3719795735132521,body,body,0.2814128302037716,0.10959414895623923,-0.9430387501732169,world,world,0.1955034895800054,0.14400152424350382,-0.30575434423590225,body,world
rigid_medium,body_world,90467,True,True,l,1.224242705022093,-4.0,medium,0.2,67,world,settled,True,0.1280866414308548,0.11059541516005993,0.4589683413505554,1.423102600609343,body,body,0.28478187825530765,0.2753145856782794,-0.033809156014099034,body,body,0.2800482319667935,0.15616880357265472,-0.5840243489460373,body,world
rigid_medium,body_world,90468,True,True,m,1.377155487281401,1.0,short,0.25,65,world,settled,True,0.10916741192340851,0.10423935223370791,0.12730133086442946,0.19986724144473578,body,world,0.11577034154906869,0.11363787055015565,-0.01859159619999666,body,world,0.11470410604961216,0.11950596303213387,0.04101044831676038,body,world
rigid_medium,body_world,90469,True,True,l,1.2775926055522053,-1.0,medium,-0.2,67,alarm,persistent,False,nan,0.1174468956887722,0.14306500796228647,0.19731284825659115,body,world,0.13025595182552935,0.1577054262161255,0.1912275268626008,body,world,0.14398068902082742,0.13998519340530038,-0.028142530935757918,body,world
rigid_medium,body_world,90470,True,True,m,1.5219750255884492,2.0,short,-0.05,70,world,settled,True,0.12916745245456696,0.253806334733963,0.11620021648705006,-0.781256807047901,body,world,0.18500327561050653,0.10451735151000321,-0.5710204301451617,body,world,0.14476031356025487,0.16690164394676685,0.1423253157471025,body,world
rigid_medium,body_world,90471,True,True,l,1.2543795609592172,2.0,medium,0.0,63,world,settled,True,0.1058887243270874,0.1771690085530281,0.2051922544836998,0.14684323882733344,body,world,0.19118063151836395,0.15177498161792755,-0.2308196559934816,body,world,0.17147780656814576,0.09828035561367869,-0.5566296844469422,body,world
rigid_medium,body_world,90472,True,True,m,1.523888147333015,4.0,short,0.25,77,alarm,persistent,False,nan,0.0753210499882698,0.3041209325194359,1.3956657825868088,body,body,0.18972099125385283,0.142351583391428,-0.28725458893137795,body,world,0.16603628732264042,0.11534266043454408,-0.3642990088570765,body,world
rigid_medium,body_world,90473,True,True,l,1.4189126139922845,-4.0,medium,-0.25,63,world,settled,True,0.10933343321084976,0.5822007417678833,0.30192651450634,-0.6566316470718966,body,body,0.44206362813711164,0.11325386762619019,-1.3618219117738601,world,world,0.2776587478816509,0.15193309802562,-0.602952554672453,world,world
rigid_medium,body_world,90474,True,True,m,1.3393605416224226,1.0,short,0.0,80,world,settled,True,0.12359986454248428,0.108167714625597,0.17375598028302192,0.4739689669463348,body,world,0.14096184745430945,0.12460255846381188,-0.12336012877292037,body,world,0.13278220295906068,0.143573550414294,0.07813723613450879,body,world
rigid_medium,body_world,90475,True,True,l,1.4134205728523153,1.0,medium,0.1,66,world,settled,True,0.14646725356578827,0.05297398343682289,0.15412919595837593,1.0679902710178844,body,world,0.10355158969759941,0.12493487298488617,0.18772264570089575,body,world,0.11424323134124278,0.10735757052898406,-0.062164739974980704,body,world
rigid_medium,body_world,90476,True,True,m,1.3814810158500825,-2.0,short,0.0,70,world,settled,True,0.10439052432775497,0.19045763239264488,0.0918510477989912,-0.7292615483783069,body,world,0.14115434009581804,0.09581168554723263,-0.387469246227034,body,world,0.11848301282152533,0.11405841447412968,-0.03805887375594099,body,world
rigid_medium,body_world,90477,True,True,l,1.4674729887667173,2.0,medium,0.1,78,alarm,persistent,False,nan,0.12491117641329766,0.19244099631905556,0.4321866980940871,body,world,0.1586760863661766,0.1442060124129057,-0.09562201271578803,body,world,0.15144104938954114,0.16190012954175473,0.06678322453262366,body,world
rigid_medium,body_world,90478,True,True,m,1.5027032697774165,4.0,short,0.0,80,alarm,persistent,False,nan,0.33144409358501437,0.11687114238739013,-1.0423871678480459,world,world,0.22415761798620223,0.13941661324352025,-0.4748827881241332,body,world,0.18178711561486124,0.12692771516740323,-0.359218555517952,body,world
rigid_medium,body_world,90479,True,True,l,1.3850046666885212,-4.0,medium,0.0,66,world,settled,True,0.1044357568025589,0.35094806253910066,0.357658975571394,0.01894170765997221,body,body,0.3543035190552473,0.11029489412903785,-1.1669963098120395,world,world,0.2322992065921426,0.11864114757627249,-0.6719228537824844,world,world
rigid_medium,calib,90480,False,False,,1.0,0.0,,0.0,64,world,settled,True,0.13295379281044006,0.11967909447848797,0.21161378920078278,0.5699489162077769,body,body,0.16564644183963537,0.07959483359009027,-0.7329064624282465,world,world,0.12262063771486283,0.11524742590263486,-0.06201399633591521,body,world
rigid_medium,calib,90481,False,False,,1.0,0.0,,0.0,76,world,settled,True,0.13651533424854279,0.12480568215250969,0.1250833347439766,0.0022222081560374645,body,world,0.12494450844824315,0.14326212257146836,0.13680627097400871,body,world,0.13410331550985574,0.0926309087779373,-0.3699876400860396,body,world
rigid_medium,calib,90482,False,False,,1.0,0.0,,0.0,79,world,settled,True,0.12367405742406845,0.06976738572120667,0.09554863534867764,0.31446874122551466,body,world,0.08265801053494215,0.15255089681595563,0.6127865492348734,body,world,0.11760445367544889,0.14204426612704993,0.18881183617432346,body,world
rigid_medium,calib,90483,False,False,,1.0,0.0,,0.0,70,world,settled,True,0.127232164144516,0.08986338675022125,0.07484084814786911,-0.18292675796083074,body,world,0.08235211744904518,0.1428477630019188,0.5507752996919516,body,world,0.11259994022548199,0.1281070747412741,0.12902525079850952,body,world
rigid_medium,calib,90484,False,False,,1.0,0.0,,0.0,69,world,settled,True,0.10656030476093292,0.10928763169795275,0.15989580973982812,0.3805391844261247,body,world,0.13459172071889042,0.09193466752767562,-0.3811677158433515,body,world,0.11326319412328303,0.09594219285063446,-0.165968409684762,body,world
rigid_medium,calib,90485,False,False,,1.0,0.0,,0.0,78,world,settled,True,0.15738435089588165,0.2242359310388565,0.09475640207529068,-0.8613893513716078,world,world,0.1594961665570736,0.09385210908949375,-0.5302996520477229,body,world,0.12667413782328368,0.13416724521666765,0.05746917522683001,body,world
rigid_medium,calib,90486,False,False,,1.0,0.0,,0.0,79,world,settled,True,0.11148674786090851,0.11420846804976463,0.14612664207816123,0.24644821169706368,body,world,0.13016755506396294,0.16927068196237088,0.26267659637297736,body,world,0.1497191185131669,0.12946405396796762,-0.1453577283784372,body,world
rigid_medium,calib,90487,False,False,,1.0,0.0,,0.0,74,world,settled,True,0.11323413997888565,0.1267354428768158,0.1572167232632637,0.21552346964123434,body,world,0.14197608307003975,0.15773484781384467,0.10525683058356217,body,world,0.14985546544194223,0.08184913566801696,-0.6047935220394605,world,world
rigid_medium,calib,90488,False,False,,1.0,0.0,,0.0,62,world,settled,True,0.09858567267656326,0.07153262943029404,0.1956903286278248,1.0063797525335292,body,world,0.1336114790290594,0.20570441111922264,0.43150406257109375,body,body,0.16965794507414103,0.09819001713767647,-0.5468797705659731,body,world
rigid_medium,calib,90489,False,False,,1.0,0.0,,0.0,65,world,settled,True,0.11764010041952133,0.1319709312170744,0.059310237690806386,-0.799799746838894,body,world,0.09564058445394039,0.08853853726759553,-0.07715934696480807,body,world,0.09208956086076796,0.1432627823203802,0.4419189913375089,body,world
rigid_medium,calib,90490,False,False,,1.0,0.0,,0.0,70,world,settled,True,0.11638891696929932,0.11752490401268005,0.08990684896707535,-0.26787613731120014,body,world,0.1037158764898777,0.10609406623989344,0.02267091423903603,body,world,0.10490497136488557,0.11173626710660756,0.06308643076953814,body,world
rigid_medium,calib,90491,False,False,,1.0,0.0,,0.0,63,world,settled,True,0.13301312923431396,0.09792860453017056,0.10755004547536373,0.09371759057883691,body,world,0.10273932500276714,0.12498159566894174,0.19597153675175727,body,world,0.11386046033585444,0.1041383343283087,-0.08925351344966069,body,world
rigid_medium,calib,90492,False,False,,1.0,0.0,,0.0,66,world,settled,True,0.11511258780956268,0.11698962412774563,0.11510000675916672,-0.01628387374424156,body,world,0.11604481544345617,0.08235788457095623,-0.3429022598474362,body,world,0.0992013500072062,0.11346795801073313,0.1343688656476586,body,world
rigid_medium,calib,90493,False,False,,1.0,0.0,,0.0,80,world,settled,True,0.12104996293783188,0.13653303049504756,0.1396172672510147,0.022338306588152126,body,world,0.13807514887303113,0.2044103030115366,0.3923311691914108,body,body,0.17124272594228387,0.10579759757965804,-0.4815541880109661,body,world
rigid_medium,calib,90494,False,False,,1.0,0.0,,0.0,79,world,settled,True,0.1199868693947792,0.10111559219658375,0.15066391080617905,0.3987872602670109,body,world,0.1258897515013814,0.1405253356322646,0.10998126146035739,body,world,0.13320754356682302,0.11775400219485163,-0.12331066865238198,body,world
rigid_medium,calib,90495,False,False,,1.0,0.0,,0.0,75,world,settled,True,0.10106723010540009,0.22771594822406768,0.1242598757147789,-0.6057238666946344,body,world,0.1759879119694233,0.1283459860831499,-0.3156856770720908,body,world,0.1521669490262866,0.0848971945233643,-0.5835372186716483,body,world
rigid_medium,calib,90496,False,False,,1.0,0.0,,0.0,76,world,settled,True,0.12891428172588348,0.09081633239984513,0.10477125719189644,0.1429403291565793,body,world,0.09779379479587078,0.12166871428489685,0.21844076737875462,body,world,0.10973125454038382,0.1495999122969806,0.3099302433773857,body,world
rigid_medium,calib,90497,False,False,,1.0,0.0,,0.0,68,world,settled,True,0.14088669419288635,0.12556221038103105,0.0976406142115593,-0.2515077999222239,body,world,0.11160141229629517,0.1356172064319253,0.19490255369533555,body,world,0.12360930936411023,0.15500464364886285,0.2263292148282533,body,world
rigid_medium,calib,90498,False,False,,1.0,0.0,,0.0,70,world,settled,True,0.14242224395275116,0.13770937249064447,0.04715106822550297,-1.0717888032646763,world,world,0.09243022035807372,0.0687818793579936,-0.29551365650363115,body,world,0.08060604985803366,0.12724939929321408,0.45657522776840687,body,world
rigid_medium,calib,90499,False,False,,1.0,0.0,,0.0,79,world,settled,True,0.133193701505661,0.08865282014012336,0.08884387910366058,0.002152817918775479,body,world,0.08874834962189197,0.14307864867150782,0.4775896374073414,body,world,0.1159134991466999,0.13720840224996209,0.1686567383807297,body,world
rigid_medium,calib,90500,False,False,,1.0,0.0,,0.0,72,world,settled,True,0.09199103713035583,0.21140350997447968,0.22059276401996614,0.04254962814868382,body,body,0.2159981369972229,0.13096649423241616,-0.500328261365683,body,world,0.17348231561481953,0.08492869017645717,-0.7142637016164068,world,world
rigid_medium,calib,90501,False,False,,1.0,0.0,,0.0,76,world,settled,True,0.1284554898738861,0.06562256999313831,0.11344332247972488,0.5473836592366873,body,world,0.0895329462364316,0.10408447794616223,0.15059618544105788,body,world,0.0968087120912969,0.12194059384055436,0.23079699923255284,body,world
rigid_medium,calib,90502,False,False,,1.0,0.0,,0.0,76,world,settled,True,0.12471600621938705,0.0919816292822361,0.1588028587400913,0.5460746753974642,body,world,0.12539224401116372,0.18522373251616955,0.39011768304254474,body,world,0.15530798826366662,0.13052640277892352,-0.17383464001622248,body,world
rigid_medium,calib,90503,False,False,,1.0,0.0,,0.0,63,world,settled,True,0.12050771713256836,0.08666437119245529,0.06586463004350662,-0.27444127998024426,body,world,0.07626450061798096,0.1760261081159115,0.8364247561581027,body,world,0.1261453043669462,0.12697729729115964,0.0065738572139921745,body,world
rigid_medium,calib,90504,False,False,,1.0,0.0,,0.0,72,world,settled,True,0.11836820840835571,0.11360340937972069,0.12791172191500663,0.11862683546497299,body,world,0.12075756564736366,0.1062910920009017,-0.12760346475413797,body,world,0.11352432882413269,0.1066325668245554,-0.06262819482960641,body,world
rigid_medium,calib,90505,False,False,,1.0,0.0,,0.0,75,world,settled,True,0.12960712611675262,0.08161110356450081,0.08580188229680061,0.050075618637096954,body,world,0.08370649293065072,0.10581414084881544,0.2343676185793665,body,world,0.09476031688973308,0.10677213855087757,0.11934629408578999,body,world
rigid_medium,calib,90506,False,False,,1.0,0.0,,0.0,78,world,settled,True,0.10760378837585449,0.14399691969156264,0.12252352312207222,-0.1614888712798425,body,world,0.13326022140681743,0.09487978592514992,-0.33969308962057637,body,world,0.11407000366598367,0.11542599853128195,0.011817292087768487,body,world
rigid_medium,calib,90507,False,False,,1.0,0.0,,0.0,72,world,settled,True,0.12442760169506073,0.07143733389675617,0.0817270003259182,0.13456381221685698,body,world,0.07658216711133718,0.15441046468913555,0.7012501674698389,body,world,0.11549631590023637,0.11333159576170146,-0.018920635175309033,body,world
rigid_medium,calib,90508,False,False,,1.0,0.0,,0.0,68,world,settled,True,0.14312729239463806,0.1131630264222622,0.12330683618783951,0.08584636146302294,body,world,0.11823493130505085,0.14495190382003784,0.20372840117590035,body,world,0.13159341756254433,0.1364140165038407,0.03597750130342254,body,world
rigid_medium,calib,90509,False,False,,1.0,0.0,,0.0,69,world,settled,True,0.11608424037694931,0.066612165607512,0.0803435631096363,0.18742475068476214,body,world,0.07347786435857415,0.10653976649045944,0.3715341140618192,body,world,0.0900088154245168,0.12751355823129415,0.3483150833189996,body,world
rigid_medium,calib,90510,False,False,,1.0,0.0,,0.0,60,world,settled,True,0.13556864857673645,0.13203940205276013,0.10741285234689713,-0.20642053549414807,body,world,0.11972612719982863,0.1631151287816465,0.3092494019379107,body,world,0.14142062799073757,0.164883323200047,0.15349946486989732,body,world
rigid_medium,calib,90511,False,False,,1.0,0.0,,0.0,67,world,settled,True,0.14023251831531525,0.08777123335748911,0.05881747528910637,-0.400294799114433,body,world,0.07329435432329774,0.13692994378507137,0.6249858513903137,body,world,0.10511214905418456,0.13043525516986848,0.21584910829393553,body,world
rigid_medium,calib,90512,False,False,,1.0,0.0,,0.0,65,world,settled,True,0.10722768306732178,0.10728326141834259,0.1485146813094616,0.32521117789022175,body,world,0.1278989713639021,0.10577329825609923,-0.18994255791053954,body,world,0.11683613481000066,0.12563954144716263,0.07264462900638916,body,world
rigid_medium,calib,90513,False,False,,1.0,0.0,,0.0,79,world,settled,True,0.10361920297145844,0.1885741211473942,0.07595665007829666,-0.9093283613917683,world,world,0.13226538561284543,0.10869906968437135,-0.1962271657798532,body,world,0.12048222764860839,0.10337202046066522,-0.15316792336105903,body,world
rigid_medium,calib,90514,False,False,,1.0,0.0,,0.0,62,world,settled,True,0.1645069122314453,0.12425011061131955,0.14445819109678268,0.15069357550839674,body,world,0.1343541508540511,0.11202337667346,-0.18177166059416047,body,world,0.12318876376375557,0.15582755468785764,0.23503213343222992,body,world
rigid_medium,calib,90515,False,False,,1.0,0.0,,0.0,75,world,settled,True,0.12174570560455322,0.0821410946547985,0.06912743933498859,-0.17248668716351895,body,world,0.07563426699489355,0.13883945639245213,0.6074088280141767,body,world,0.10723686169367283,0.14102325132116675,0.27388473115667833,body,world
rigid_medium,calib,90516,False,False,,1.0,0.0,,0.0,71,world,settled,True,0.1349509209394455,0.1529137134552002,0.1198636144399643,-0.24351924786979123,body,world,0.13638866394758226,0.20419941395521163,0.40358840270462415,body,body,0.17029403895139694,0.16370111585129052,-0.03948428304038423,body,world
rigid_medium,calib,90517,False,False,,1.0,0.0,,0.0,77,world,settled,True,0.13196901977062225,0.18117438852787018,0.25593845546245575,0.3454769672733143,body,body,0.21855642199516295,0.1304346274584532,-0.5161720432004636,body,world,0.17449552472680807,0.12225283812731505,-0.35580775119804264,body,world
rigid_medium,calib,90518,False,False,,1.0,0.0,,0.0,72,world,settled,True,0.12264157831668854,0.14896684139966965,0.11672211363911629,-0.24392772755868303,body,world,0.13284447751939296,0.10942142819985748,-0.1939723610409429,body,world,0.12113295285962522,0.12861014269292353,0.059896952439060236,body,world
rigid_medium,calib,90519,False,False,,1.0,0.0,,0.0,76,world,settled,True,0.13099445402622223,0.11013701371848583,0.15144048035144805,0.31846750882776226,body,world,0.13078874703496696,0.15629465952515603,0.17815966525909332,body,world,0.1435417032800615,0.13891131742857396,-0.03278988276284433,body,world
rigid_medium,calib,90520,False,False,,1.0,0.0,,0.0,76,world,settled,True,0.13414129614830017,0.10195137187838554,0.16623786166310311,0.4889237110033659,body,world,0.13409461677074433,0.19144317246973513,0.3560453689895858,body,world,0.16276889462023975,0.1487581773661077,-0.09000935352242792,body,world
rigid_medium,calib,90521,False,False,,1.0,0.0,,0.0,64,world,settled,True,0.14474904537200928,0.12690969109535216,0.07284003272652625,-0.5552100356214975,body,world,0.09987486191093922,0.1307685324922204,0.2695108113365391,body,world,0.11532169720157981,0.15873359544202686,0.3195017066510722,body,world
rigid_medium,calib,90522,False,False,,1.0,0.0,,0.0,80,world,settled,True,0.10864818096160889,0.14308917336165905,0.08305414319038391,-0.5439753031317416,body,world,0.11307165827602148,0.1348868202418089,0.17641429646819207,body,world,0.12397923925891519,0.10213392721489072,-0.19382916230789474,body,world
rigid_medium,calib,90523,False,False,,1.0,0.0,,0.0,64,world,settled,True,0.10446729511022568,0.13676680326461793,0.10769844111055135,-0.2389421998564832,body,world,0.12223262218758464,0.09434168618172407,-0.2590028173047644,body,world,0.10828715418465436,0.07048933431506157,-0.429325121656303,body,world
rigid_medium,calib,90524,False,False,,1.0,0.0,,0.0,60,world,settled,True,0.12266995012760162,0.14017301835119725,0.15237071141600608,0.08343893752678123,body,world,0.14627186488360167,0.09663902167230845,-0.4144843677037509,body,world,0.12145544327795506,0.12690900233574212,0.043922839066660384,body,world
rigid_medium,calib,90525,False,False,,1.0,0.0,,0.0,74,world,settled,True,0.11012940108776093,0.14058798998594285,0.13001745622605085,-0.07816483589501594,body,world,0.13530272310599684,0.09613870605826377,-0.34172265796124085,body,world,0.11572071458213032,0.10768236108124256,-0.07199386269727609,body,world
rigid_medium,calib,90526,False,False,,1.0,0.0,,0.0,64,world,settled,True,0.13438527286052704,0.12320664599537849,0.15644519329071044,0.23884275161754762,body,world,0.13982591964304447,0.14635868333280086,0.045662126237897505,body,world,0.14309230148792268,0.1589831927791238,0.10530860385379634,body,world
rigid_medium,calib,90527,False,False,,1.0,0.0,,0.0,77,world,settled,True,0.10019062459468842,0.0654050562530756,0.09617444649338722,0.3855641252063328,body,world,0.08078975137323141,0.1355054046958685,0.517161408536626,body,world,0.10814757803454995,0.0843866822309792,-0.2480871619663626,body,world
rigid_medium,calib,90528,False,False,,1.0,0.0,,0.0,69,world,settled,True,0.15157656371593475,0.09606664627790451,0.1001622810959816,0.04174949895129993,body,world,0.09811446368694306,0.0892635766416788,-0.0945412655732258,body,world,0.09368902016431094,0.15697338222526014,0.5160952493738573,body,world
rigid_medium,calib,90529,False,False,,1.0,0.0,,0.0,61,world,settled,True,0.1368660032749176,0.06574472561478614,0.08752370625734329,0.2861302362707277,body,world,0.07663421593606472,0.08920809533447027,0.1519281300870035,body,world,0.0829211556352675,0.13441041219048203,0.483007672523697,body,world
