config,cell,seed,has_body,has_push,param,factor,torque,duration_name,offset_s,onset,old_verdict,old_path,old_settled,old_settled_score,early_10,late_10,logr_10,shape_10,shape_elev_10,early_20,late_20,logr_20,shape_20,shape_elev_20,early_40,late_40,logr_40,shape_40,shape_elev_40
soft_none,neither,90000,False,False,,1.0,0.0,,0.0,79,world,settled,True,0.07938706874847412,0.05811635851860046,0.09863349944353103,0.5289637726476858,body,world,0.07837492898106575,0.09190737530589103,0.15927718693207632,body,world,0.0851411521434784,0.07541671469807625,-0.12128156185674953,body,world
soft_none,neither,90001,False,False,,1.0,0.0,,0.0,75,world,settled,True,0.10017800331115723,0.1152287669479847,0.06505263298749923,-0.5717227496751199,body,world,0.09014069996774196,0.09187284596264363,0.01903372938130662,body,world,0.0910067729651928,0.09971924880519509,0.09142479365027921,body,world
soft_none,neither,90002,False,False,,1.0,0.0,,0.0,65,world,settled,True,0.08324724435806274,0.0807057112455368,0.08002681508660317,-0.008447576998611879,body,world,0.08036626316606998,0.08295641392469406,0.03172086066761887,body,world,0.08166133854538202,0.07747961133718491,-0.05256585521918197,body,world
soft_none,neither,90003,False,False,,1.0,0.0,,0.0,61,world,settled,True,0.07729774713516235,0.06243314072489738,0.1285821571946144,0.7224718198831657,body,world,0.0955076489597559,0.09148419797420501,-0.04304008046708463,body,world,0.09349592346698046,0.08008909914642573,-0.15477808180386274,body,world
soft_none,neither,90004,False,False,,1.0,0.0,,0.0,76,world,settled,True,0.08683216571807861,0.10971778035163879,0.1069879375398159,-0.025195340914179243,body,world,0.10835285894572735,0.1043171089142561,-0.03795772967746084,body,world,0.10633498392999172,0.09325713254511356,-0.13123379283056005,body,world
soft_none,neither,90005,False,False,,1.0,0.0,,0.0,79,world,settled,True,0.09060141444206238,0.12015446722507477,0.07445278614759446,-0.4786129603911919,body,world,0.0973036266863346,0.07643265500664712,-0.24142623533130272,body,world,0.08686814084649086,0.08267683945596219,-0.04945183862201297,body,world
soft_none,neither,90006,False,False,,1.0,0.0,,0.0,74,world,settled,True,0.08605730533599854,0.07252147793769836,0.06607155203819275,-0.09314448882297578,body,world,0.06929651498794556,0.08535081930458546,0.20837543238801345,body,world,0.07732366714626551,0.0864420996978879,0.11147474076927544,body,world
soft_none,neither,90007,False,False,,1.0,0.0,,0.0,79,world,settled,True,0.0894240140914917,0.11593796908855439,0.0642900176346302,-0.5896509263886585,body,world,0.09011399336159229,0.09368422143161297,0.038854318739819545,body,world,0.09189910739660263,0.08270576307550073,-0.10540203042103376,body,world
soft_none,neither,90008,False,False,,1.0,0.0,,0.0,62,world,settled,True,0.08907340466976166,0.05959252342581749,0.13696175813674927,0.832171628847221,body,world,0.09827714078128338,0.08195639699697495,-0.18160409275126932,body,world,0.09011676888912916,0.08253642767667771,-0.08786651801069097,body,world
soft_none,neither,90009,False,False,,1.0,0.0,,0.0,74,world,settled,True,0.08877885341644287,0.12085095047950745,0.0573984257876873,-0.7445410944232201,body,world,0.08912468813359738,0.09188981875777244,0.030553857602288115,body,world,0.09050725344568492,0.09569888282567263,0.05577662861258115,body,world
soft_none,neither,90010,False,False,,1.0,0.0,,0.0,72,world,settled,True,0.08251314610242844,0.0924128107726574,0.07375438660383224,-0.22552514093797824,body,world,0.08308359868824482,0.08532099351286888,0.02657322407454854,body,world,0.08420229610055685,0.07898137308657169,-0.06401014952789619,body,world
soft_none,neither,90011,False,False,,1.0,0.0,,0.0,71,world,settled,True,0.09912555664777756,0.05874936357140541,0.11852162554860116,0.7018151178677384,body,world,0.08863549456000328,0.0658774059265852,-0.2967368643880409,body,world,0.07725645024329424,0.09213904216885567,0.1761683534775809,body,world
soft_none,neither,90012,False,False,,1.0,0.0,,0.0,62,world,settled,True,0.1053880900144577,0.06002740189433098,0.12632328867912293,0.7440432479110171,body,world,0.09317534528672695,0.09319650717079639,0.00022709313537779544,body,world,0.09318592622876168,0.09878917988389731,0.05839137925160435,body,world
soft_none,neither,90013,False,False,,1.0,0.0,,0.0,68,world,settled,True,0.08221454918384552,0.09523451551795006,0.09735951945185661,0.022068078830177654,body,world,0.09629701748490334,0.08954681865870953,-0.07267574523373183,body,world,0.09292191807180643,0.0834371728822589,-0.10766562179927505,body,world
soft_none,neither,90014,False,False,,1.0,0.0,,0.0,80,world,settled,True,0.10821566730737686,0.09001217558979988,0.13752188831567763,0.4238381466767085,body,world,0.11376703195273877,0.09125270899385214,-0.22052009844928142,body,world,0.10250987047329545,0.12217929037287831,0.17553046791563262,body,body
soft_none,neither,90015,False,False,,1.0,0.0,,0.0,76,world,settled,True,0.09055551141500473,0.08957337848842144,0.12269306778907776,0.3146276921354357,body,world,0.1061332231387496,0.11760101243853568,0.10260251756266077,body,body,0.11186711778864264,0.0941110571846366,-0.17283617428531306,body,world
soft_none,neither,90016,False,False,,1.0,0.0,,0.0,76,world,settled,True,0.08653464913368225,0.07366609647870064,0.14315856397151946,0.6644101822021786,body,body,0.10841233022511006,0.10493866074830294,-0.032565833894457795,body,world,0.10667549548670649,0.08889670614153147,-0.18231638333119082,body,world
soft_none,neither,90017,False,False,,1.0,0.0,,0.0,74,world,settled,True,0.08833406120538712,0.07822717726230621,0.06609727963805198,-0.16848953173655717,body,world,0.0721622284501791,0.09390255063772202,0.2633407918386865,body,world,0.08303238954395056,0.0821028022095561,-0.011258619604623732,body,world
soft_none,neither,90018,False,False,,1.0,0.0,,0.0,66,world,settled,True,0.09172993898391724,0.08519619628787041,0.13793956041336058,0.4818588328719623,body,world,0.1115678783506155,0.12141775377094746,0.08460392975124122,body,body,0.11649281606078148,0.09692754577845335,-0.18386585773099487,body,world
soft_none,neither,90019,False,False,,1.0,0.0,,0.0,66,world,settled,True,0.09727168083190918,0.12339255288243293,0.07351473011076451,-0.5178849644274439,body,world,0.09845364149659871,0.09894003681838512,0.004928185242425553,body,world,0.09869683915749192,0.11638628672808408,0.16486179556276245,body,body
soft_none,neither,90020,False,False,,1.0,0.0,,0.0,73,world,settled,True,0.08607824146747589,0.09230858981609344,0.10615463256835937,0.1397596276399677,body,world,0.09923161119222641,0.08008437380194663,-0.21437587331919833,body,world,0.08965799249708653,0.07665485311299562,-0.15668942975206807,body,world
soft_none,neither,90021,False,False,,1.0,0.0,,0.0,74,world,settled,True,0.08897654712200165,0.08029601871967315,0.08754298537969589,0.08640989457159792,body,world,0.08391950204968453,0.08023494593799115,-0.044898875584153695,body,world,0.08207722399383784,0.09076254963874816,0.10058619150165254,body,world
soft_none,neither,90022,False,False,,1.0,0.0,,0.0,66,world,settled,True,0.08466331660747528,0.10854155197739601,0.09218436479568481,-0.16334253024091072,body,world,0.10036295838654041,0.08317741453647613,-0.18781734773214967,body,world,0.09177018646150828,0.08304302599281073,-0.09992861972714552,body,world
soft_none,neither,90023,False,False,,1.0,0.0,,0.0,75,world,settled,True,0.09711410850286484,0.07176863327622414,0.08705492466688156,0.19309171931348829,body,world,0.07941177897155285,0.06663296073675155,-0.17544734594000783,body,world,0.0730223698541522,0.09312159623950719,0.24314029501888562,body,world
soft_none,neither,90024,False,False,,1.0,0.0,,0.0,73,world,settled,True,0.10685427486896515,0.0629102986305952,0.1071396179497242,0.5324229440285858,body,world,0.0850249582901597,0.0744467144832015,-0.13286121269159837,body,world,0.07973583638668061,0.10696881674230099,0.2938182339471502,body,world
soft_none,neither,90025,False,False,,1.0,0.0,,0.0,68,world,settled,True,0.10955584049224854,0.10998115986585617,0.07104613408446311,-0.43697963531068984,body,world,0.09051364697515965,0.10839653369039297,0.18029547682533195,body,world,0.0994550903327763,0.09868308454751969,-0.0077926395799790965,body,world
soft_none,neither,90026,False,False,,1.0,0.0,,0.0,73,world,settled,True,0.10847041755914688,0.14595402479171754,0.07242363281548023,-0.7007590071989304,body,world,0.10918882880359888,0.09470909051597118,-0.1422687693825176,body,world,0.10194895965978504,0.11525892782956362,0.12270885122274547,body,body
soft_none,neither,90027,False,False,,1.0,0.0,,0.0,61,world,settled,True,0.10003916174173355,0.09022352695465088,0.055166526883840564,-0.49193385172278253,body,world,0.07269502691924572,0.08014580681920051,0.09757458433348164,body,world,0.07642041686922312,0.09647893570363522,0.23307480467456934,body,world
soft_none,neither,90028,False,False,,1.0,0.0,,0.0,71,world,settled,True,0.1050664409995079,0.11365459561347961,0.07910741865634918,-0.36235732732849524,body,world,0.0963810071349144,0.10582713633775712,0.09349781287817807,body,world,0.10110407173633576,0.11520430948585272,0.13055675673246972,body,body
soft_none,neither,90029,False,False,,1.0,0.0,,0.0,60,world,settled,True,0.08301280438899994,0.09157635793089866,0.13011585921049118,0.3512521410715652,body,world,0.11084610857069492,0.12249032333493233,0.09988920359566186,body,body,0.11666821595281363,0.08133779093623161,-0.36072340360644467,world,world
soft_none,neither,90030,False,False,,1.0,0.0,,0.0,72,world,settled,True,0.08026733994483948,0.07515269666910171,0.10102116465568542,0.29580804655933934,body,world,0.08808693066239356,0.08559707626700401,-0.02867304850824515,body,world,0.0868420034646988,0.0775435023009777,-0.1132513166120509,body,world
soft_none,neither,90031,False,False,,1.0,0.0,,0.0,65,world,settled,True,0.09382057934999466,0.0638409435749054,0.1256331354379654,0.6769713030807241,body,world,0.09473703950643539,0.07804061099886894,-0.19387570336661833,body,world,0.08638882525265217,0.08896854454651475,0.02942454510702639,body,world
soft_none,neither,90032,False,False,,1.0,0.0,,0.0,78,world,settled,True,0.08395157754421234,0.1352529764175415,0.08679303079843521,-0.44362059616623145,body,world,0.11102300360798836,0.11058365665376187,-0.0039651112410526886,body,world,0.11080333013087511,0.07240409813821316,-0.42549392728565444,world,world
soft_none,neither,90033,False,False,,1.0,0.0,,0.0,74,world,settled,True,0.08304201066493988,0.14110753685235977,0.09046986773610115,-0.4445054303304899,body,world,0.11578870229423047,0.11168651729822159,-0.03607100394535416,body,world,0.11373760979622602,0.08030026908963919,-0.3481211550288343,world,world
soft_none,neither,90034,False,False,,1.0,0.0,,0.0,63,world,settled,True,0.0861828476190567,0.07112804800271988,0.12755667865276338,0.5840790585770066,body,world,0.09934236332774163,0.09872973430901766,-0.006185939156458617,body,world,0.09903604881837964,0.08575616665184498,-0.14397591556655306,body,world
soft_none,neither,90035,False,False,,1.0,0.0,,0.0,66,world,settled,True,0.0920238196849823,0.12297894656658173,0.07664293348789215,-0.47285576546737224,body,world,0.09981094002723694,0.10101972594857216,0.01203800737191885,body,world,0.10041533298790455,0.09187328098341822,-0.08890466762690653,body,world
soft_none,neither,90036,False,False,,1.0,0.0,,0.0,61,world,settled,True,0.10004814714193344,0.10173039212822914,0.07826471999287606,-0.262229172742176,body,world,0.0899975560605526,0.0822043266147375,-0.09057457918608101,body,world,0.08610094133764505,0.10834462773054838,0.22979679975403075,body,world
soft_none,neither,90037,False,False,,1.0,0.0,,0.0,69,world,settled,True,0.10932189226150513,0.09909750446677208,0.07142943367362023,-0.3273942383241595,body,world,0.08526346907019615,0.10241261310875416,0.18326378126813103,body,world,0.09383804108947516,0.10391817558556796,0.10203348713545579,body,world
soft_none,neither,90038,False,False,,1.0,0.0,,0.0,63,world,settled,True,0.0875360295176506,0.10202372074127197,0.07822088599205017,-0.26566864634630893,body,world,0.09012230336666108,0.07440779358148575,-0.19160698532959228,body,world,0.08226504847407341,0.09523676186800004,0.14641968825323778,body,world
soft_none,neither,90039,False,False,,1.0,0.0,,0.0,63,world,settled,True,0.09569752216339111,0.05861181393265724,0.10602563768625259,0.592744650621906,body,world,0.08231872580945492,0.07512143440544605,-0.09149268332895329,body,world,0.07872008010745049,0.08133589643985033,0.032689179364652675,body,world
soft_none,neither,90040,False,False,,1.0,0.0,,0.0,66,world,settled,True,0.09696631878614426,0.1501336872577667,0.052256897836923596,-1.0553542474060982,world,world,0.10119529254734516,0.09740239754319191,-0.03820141366214929,body,world,0.09929884504526854,0.09124094266444445,-0.08463021095511246,body,world
soft_none,neither,90041,False,False,,1.0,0.0,,0.0,71,world,settled,True,0.08789348602294922,0.1428871214389801,0.05920046716928482,-0.8811255247523602,body,world,0.10104379430413246,0.09331716895103455,-0.07954992014082236,body,world,0.0971804816275835,0.07908865362405777,-0.20600046395486804,body,world
soft_none,neither,90042,False,False,,1.0,0.0,,0.0,64,world,settled,True,0.08498135954141617,0.09402487576007842,0.08211141675710679,-0.13548231705424077,body,world,0.0880681462585926,0.07637183144688606,-0.14249697424836158,body,world,0.08221998885273933,0.08134800121188164,-0.010662182756940532,body,world
soft_none,neither,90043,False,False,,1.0,0.0,,0.0,79,world,settled,True,0.0917588621377945,0.04927239567041397,0.12867380678653717,0.9599165737342663,body,world,0.08897310122847557,0.10712145119905472,0.1856291580432676,body,world,0.09804727621376515,0.09386556874960661,-0.04358613370486888,body,world
soft_none,neither,90044,False,False,,1.0,0.0,,0.0,65,world,settled,True,0.10332995653152466,0.09278607070446014,0.09202638417482376,-0.008221207915364627,body,world,0.09240622743964196,0.06897668391466141,-0.2924258396984212,body,world,0.08069145567715168,0.10110893892124295,0.225565846683484,body,world
soft_none,neither,90045,False,False,,1.0,0.0,,0.0,64,world,settled,True,0.08279774338006973,0.07131098955869675,0.1002538412809372,0.34065493566816313,body,world,0.08578241541981697,0.09138570800423622,0.06327506166276628,body,world,0.0885840617120266,0.08176735397428274,-0.08007388276545813,body,world
soft_none,neither,90046,False,False,,1.0,0.0,,0.0,73,world,settled,True,0.08586760610342026,0.06172014325857163,0.11536604687571525,0.6254997410046819,body,world,0.08854309506714345,0.09358944185078144,0.055428192978074185,body,world,0.09106626845896244,0.09271788857877254,0.017973960443671576,body,world
soft_none,neither,90047,False,False,,1.0,0.0,,0.0,66,world,settled,True,0.09808032959699631,0.1251425102353096,0.11971124708652496,-0.04437060101245843,body,world,0.12242687866091728,0.10181592255830765,-0.18434744078816578,body,world,0.11212140060961247,0.09640506021678448,-0.15102352616297504,body,world
soft_none,neither,90048,False,False,,1.0,0.0,,0.0,76,world,settled,True,0.09660644829273224,0.1036759976297617,0.10211188942193986,-0.015201461565142143,body,world,0.10289394352585077,0.08293093778192998,-0.21569059673075,body,world,0.09291244065389037,0.09178921170532703,-0.012162780149373192,body,world
soft_none,neither,90049,False,False,,1.0,0.0,,0.0,76,world,settled,True,0.10159818828105927,0.05449798107147217,0.0751057006418705,0.32073280681485944,body,world,0.06480184085667133,0.0958861481398344,0.3918275195510594,body,world,0.08034399449825287,0.10835766727104783,0.29912014178798546,body,world
soft_none,neither,90050,False,False,,1.0,0.0,,0.0,60,world,settled,True,0.11220500618219376,0.11156974285840988,0.10791192501783371,-0.033334506525113,body,world,0.1097408339381218,0.11526772007346153,0.04913589258743544,body,world,0.11250427700579166,0.11351289805024863,0.008925230923175875,body,body
soft_none,neither,90051,False,False,,1.0,0.0,,0.0,76,world,settled,True,0.0870588943362236,0.08451160117983818,0.09206558912992477,0.08561243135524425,body,world,0.08828859515488148,0.06982889547944068,-0.2345630396198248,body,world,0.07905874531716109,0.09514438901096582,0.18520443433678943,body,world
soft_none,neither,90052,False,False,,1.0,0.0,,0.0,68,world,settled,True,0.08532589673995972,0.046018346399068835,0.10653671622276306,0.8394495272630904,body,world,0.07627753131091594,0.07056165058165789,-0.07789161266928706,body,world,0.07341959094628692,0.08858751170337201,0.1878000896148434,body,world
soft_none,neither,90053,False,False,,1.0,0.0,,0.0,72,world,settled,True,0.11403630673885345,0.09287484586238862,0.06143428161740303,-0.4132848315377211,body,world,0.07715456373989582,0.09727746918797493,0.23175667095718497,body,world,0.08721601646393537,0.1176063422113657,0.29895497528522397,body,body
soft_none,neither,90054,False,False,,1.0,0.0,,0.0,65,world,settled,True,0.08737345039844513,0.06578136757016181,0.1341050535440445,0.7122868438647498,body,world,0.09994321055710316,0.08282356038689613,-0.18788956359479161,body,world,0.09138338547199965,0.0739162215963006,-0.21213137247238695,body,world
soft_none,neither,90055,False,False,,1.0,0.0,,0.0,68,world,settled,True,0.08239730447530746,0.08046298176050186,0.0749978855252266,-0.07033730461057328,body,world,0.07773043364286422,0.08023868463933467,0.03175888862766945,body,world,0.07898455914109945,0.08079294096678495,0.022637217984822853,body,world
soft_none,neither,90056,False,False,,1.0,0.0,,0.0,68,world,settled,True,0.08337037265300751,0.04703850671648979,0.108633154630661,0.8370100940524218,body,world,0.0778358306735754,0.07921252213418484,0.017532520409551465,body,world,0.07852417640388012,0.07513947039842606,-0.04406056511632236,body,world
soft_none,neither,90057,False,False,,1.0,0.0,,0.0,76,world,settled,True,0.09213569760322571,0.1444086953997612,0.06787954308092595,-0.7549127330290992,body,world,0.10614411924034357,0.10461742207407951,-0.014487689359782839,body,world,0.10538077065721155,0.10162146743386984,-0.03632537141486355,body,world
soft_none,neither,90058,False,False,,1.0,0.0,,0.0,61,world,settled,True,0.08795464783906937,0.06826122328639031,0.10708742588758469,0.45030370091416405,body,world,0.0876743245869875,0.08078766986727715,-0.08180473916803417,body,world,0.08423099722713231,0.08365772962570191,-0.0068291640559161254,body,world
soft_none,neither,90059,False,False,,1.0,0.0,,0.0,62,world,settled,True,0.08030543476343155,0.07375712990760804,0.08239104598760605,0.11069909855161363,body,world,0.07807408794760703,0.09290365539491177,0.17390477132264548,body,world,0.0854888716712594,0.08153121788054704,-0.04740022319573609,body,world
soft_none,neither,90060,False,False,,1.0,0.0,,0.0,62,world,settled,True,0.08302457630634308,0.06362321227788925,0.1315132349729538,0.7261291160530431,body,world,0.09756822362542153,0.09973621554672718,0.02197699341434171,body,world,0.09865221958607436,0.09208758659660816,-0.06886057943933542,body,world
soft_none,neither,90061,False,False,,1.0,0.0,,0.0,80,world,settled,True,0.08459097146987915,0.05971454419195652,0.12127470821142197,0.7084826760872243,body,world,0.09049462620168924,0.10301943868398666,0.12962722555452663,body,world,0.09675703244283795,0.079157436452806,-0.20076428018190856,body,world
soft_none,neither,90062,False,False,,1.0,0.0,,0.0,66,world,settled,True,0.08628705888986588,0.12149042040109634,0.05467479228973389,-0.7984326476801038,body,world,0.08808260634541512,0.10400049909949302,0.1661206155258799,body,world,0.09604155272245407,0.0870986009016633,-0.09774011807541988,body,world
soft_none,neither,90063,False,False,,1.0,0.0,,0.0,62,world,settled,True,0.10289245843887329,0.11770151555538177,0.06337363421916961,-0.6191039797128916,body,world,0.09053757488727569,0.0890839196741581,-0.016186113510396616,body,world,0.08981074728071689,0.099179682508111,0.09922853155418386,body,world
soft_none,neither,90064,False,False,,1.0,0.0,,0.0,72,world,settled,True,0.08329112827777863,0.13198222145438193,0.05702004842460155,-0.8392642948231578,body,world,0.09450113493949175,0.09790788851678371,0.03541527921194615,body,world,0.09620451172813774,0.09416796453297138,-0.021396211558377082,body,world
soft_none,neither,90065,False,False,,1.0,0.0,,0.0,63,world,settled,True,0.0842059999704361,0.08926427215337754,0.07047248631715775,-0.2363789513176737,body,world,0.07986837923526764,0.09050698131322861,0.12504696912437982,body,world,0.08518768027424813,0.08273550383746624,-0.0292080069604811,body,world
soft_none,neither,90066,False,False,,1.0,0.0,,0.0,61,world,settled,True,0.08546561002731323,0.07318387925624847,0.06664081141352654,-0.09365799411579415,body,world,0.06991234533488751,0.09958990961313248,0.35381860247502445,body,world,0.08475112747401,0.08323925398290158,-0.018000010457830513,body,world
soft_none,neither,90067,False,False,,1.0,0.0,,0.0,71,world,settled,True,0.09412316977977753,0.1538653016090393,0.05009472966194153,-1.1221617486058804,world,world,0.10198001563549042,0.10780456401407719,0.05554312642541924,body,world,0.1048922898247838,0.1047551142051816,-0.001308631888987169,body,world
soft_none,neither,90068,False,False,,1.0,0.0,,0.0,76,world,settled,True,0.08804275095462799,0.10961305350065231,0.06934094578027725,-0.4579208887912109,body,world,0.08947699964046478,0.08410519137978553,-0.06191331126897057,body,world,0.08679109551012516,0.08878777576610446,0.022744950115369623,body,world
soft_none,neither,90069,False,False,,1.0,0.0,,0.0,70,world,settled,True,0.10390676558017731,0.07043404877185822,0.08649799153208733,0.20544440081417806,body,world,0.07846602015197277,0.08707322031259537,0.10408371071609103,body,world,0.08276962023228407,0.09605541992932558,0.14886422717224512,body,world
soft_none,neither,90070,False,False,,1.0,0.0,,0.0,76,world,settled,True,0.10323741286993027,0.08954398185014725,0.05619838610291481,-0.4658418824376245,body,world,0.07287118397653103,0.11541752777993679,0.459862950373597,body,world,0.09414435587823392,0.10352091994136572,0.09494441219863911,body,world
soft_none,neither,90071,False,False,,1.0,0.0,,0.0,77,world,settled,True,0.08733908832073212,0.082818503677845,0.13859857395291328,0.5149302869682064,body,world,0.11070853881537915,0.11132641807198525,0.005565617776810313,body,world,0.11101747844368219,0.08172996379435063,-0.30626696383585955,world,world
soft_none,neither,90072,False,False,,1.0,0.0,,0.0,70,world,settled,True,0.09997670352458954,0.055074574798345564,0.13127211779356002,0.8685842315495146,body,world,0.0931733462959528,0.08563720397651195,-0.0843418822222815,body,world,0.08940527513623238,0.09838530905544758,0.09571180825831527,body,world
soft_none,neither,90073,False,False,,1.0,0.0,,0.0,80,world,settled,True,0.08236068487167358,0.0627861849963665,0.10380629748106003,0.5027915731260476,body,world,0.08329624123871326,0.09365512803196907,0.11721575983654428,body,world,0.08847568463534117,0.08571489416062832,-0.031701159703767,body,world
soft_none,neither,90074,False,False,,1.0,0.0,,0.0,67,world,settled,True,0.08355691283941269,0.07249565348029137,0.08125846385955811,0.11410837829619026,body,world,0.07687705866992474,0.08011569455265999,0.04126426665389089,body,world,0.07849637661129236,0.08384604267776012,0.06592982599407106,body,world
soft_none,neither,90075,False,False,,1.0,0.0,,0.0,71,world,settled,True,0.09658791124820709,0.09006967544555664,0.15046947300434113,0.5131766840029406,body,body,0.12026957422494888,0.08784595988690853,-0.3141508503465841,world,world,0.1040577670559287,0.09890005541965366,-0.05083639840659623,body,world
soft_none,neither,90076,False,False,,1.0,0.0,,0.0,75,world,settled,True,0.08610671758651733,0.08217724412679672,0.08983519673347473,0.08909841602882786,body,world,0.08600622043013573,0.06996938176453113,-0.20636188122398824,body,world,0.07798780109733343,0.08643060699105262,0.10278944239037763,body,world
soft_none,neither,90077,False,False,,1.0,0.0,,0.0,63,world,settled,True,0.09075406938791275,0.1087478332221508,0.09920178651809693,-0.0918757219926127,body,world,0.10397480987012386,0.0993998721241951,-0.044997829831057094,body,world,0.10168734099715948,0.10168091543018817,-6.319144478419514e-05,body,world
soft_none,neither,90078,False,False,,1.0,0.0,,0.0,63,world,settled,True,0.08989336341619492,0.05858648270368576,0.10477442070841789,0.5813056654966507,body,world,0.08168045170605183,0.07357357330620289,-0.1045288011144266,body,world,0.07762701250612736,0.09228657856583596,0.1729832540254799,body,world
soft_none,neither,90079,False,False,,1.0,0.0,,0.0,64,world,settled,True,0.09913118183612823,0.08417135700583459,0.14595998227596282,0.5504778048408366,body,body,0.1150656696408987,0.09455458112061024,-0.19632575997579,body,world,0.10481012538075447,0.0805183789692819,-0.26366491490533744,body,world
soft_none,neither,90080,False,False,,1.0,0.0,,0.0,78,world,settled,True,0.08557136356830597,0.09053527042269707,0.07234316244721413,-0.22431856120142527,body,world,0.0814392164349556,0.08718650825321675,0.06819266569981045,body,world,0.08431286234408616,0.08565992414951325,0.01585065511308194,body,world
soft_none,neither,90081,False,False,,1.0,0.0,,0.0,79,world,settled,True,0.08979795128107071,0.05866836905479431,0.10746793895959854,0.6052918369198871,body,world,0.08306815400719643,0.08735073953866959,0.050270099460063764,body,world,0.085209446772933,0.09347852813079953,0.09261945895675498,body,world
soft_none,neither,90082,False,False,,1.0,0.0,,0.0,76,world,settled,True,0.09388512372970581,0.06053628996014595,0.12602485865354537,0.7332361591330835,body,world,0.09328057430684566,0.08792486153542996,-0.05912927583341497,body,world,0.0906027179211378,0.08992770975455641,-0.007478089105635918,body,world
soft_none,neither,90083,False,False,,1.0,0.0,,0.0,74,world,settled,True,0.08269516378641129,0.12790279239416122,0.06444524675607681,-0.68545456519259,body,world,0.09617401957511902,0.08171208277344703,-0.1629573715154796,body,world,0.08894305117428303,0.07916364949196578,-0.11647906807897097,body,world
soft_none,neither,90084,False,False,,1.0,0.0,,0.0,73,world,settled,True,0.08193685114383698,0.06458780467510224,0.101588936150074,0.4529090222062666,body,world,0.08308837041258813,0.08400973752140999,0.011027969831046818,body,world,0.08354905396699905,0.07769597843289375,-0.07263043360725781,body,world
soft_none,neither,90085,False,False,,1.0,0.0,,0.0,72,world,settled,True,0.08658230304718018,0.10815378054976463,0.0792719542980194,-0.31066970809243316,body,world,0.09371286742389202,0.09461282901465892,0.009557574547986083,body,world,0.09416284821927548,0.08014400731772184,-0.16120060328999009,body,world
soft_none,neither,90086,False,False,,1.0,0.0,,0.0,63,world,settled,True,0.08735892176628113,0.053676246851682666,0.11877013146877288,0.7942193835554447,body,world,0.08622318916022778,0.0980885710567236,0.1289316995234558,body,world,0.09215588010847568,0.08553726272657514,-0.0745293899006467,body,world
soft_none,neither,90087,False,False,,1.0,0.0,,0.0,66,world,settled,True,0.08137756586074829,0.06476114988327027,0.06705983057618141,0.03487932985914303,body,world,0.06591049022972584,0.09023086652159691,0.314073956533194,body,world,0.07807067837566137,0.08023262396454811,0.02731566533900909,body,world
soft_none,neither,90088,False,False,,1.0,0.0,,0.0,75,world,settled,True,0.09532877802848816,0.06311649158596992,0.1198402151465416,0.6411772232947928,body,world,0.09147835336625576,0.08236578740179538,-0.10493221980004178,body,world,0.08692207038402558,0.10411908654496074,0.1805233324641539,body,world
soft_none,neither,90089,False,False,,1.0,0.0,,0.0,62,world,settled,True,0.09457920491695404,0.08263067156076431,0.07039380595088005,-0.1602756623629149,body,world,0.07651223875582218,0.07858308851718902,0.026705805698098942,body,world,0.0775476636365056,0.10164936194196343,0.27063650106507287,body,world
soft_none,neither,90090,False,False,,1.0,0.0,,0.0,68,world,settled,True,0.08921875059604645,0.08503548800945282,0.0925017312169075,0.08415868484919656,body,world,0.08876860961318016,0.06711101792752742,-0.2796848600563222,body,world,0.07793981377035379,0.09538517873734235,0.20198629672725998,body,world
soft_none,neither,90091,False,False,,1.0,0.0,,0.0,77,world,settled,True,0.08375512063503265,0.09342138394713402,0.11097124516963959,0.17215084601351197,body,world,0.1021963145583868,0.09458274468779564,-0.07742055950387175,body,world,0.09838952962309122,0.08222602941095829,-0.1794624806904556,body,world
soft_none,neither,90092,False,False,,1.0,0.0,,0.0,68,world,settled,True,0.09157870709896088,0.06924286410212517,0.14167532324790955,0.7159178893675932,body,world,0.10545909367501735,0.09501428455114365,-0.10429589605556842,body,world,0.10023668911308051,0.09136729165911675,-0.0926467253404278,body,world
soft_none,neither,90093,False,False,,1.0,0.0,,0.0,64,world,settled,True,0.09272710978984833,0.12434712909162045,0.10256794244050979,-0.1925516505952537,body,world,0.11345753576606513,0.12308059930801392,0.0814107870017698,body,body,0.11826906753703952,0.09819837938994169,-0.18597254997673351,body,world
soft_none,neither,90094,False,False,,1.0,0.0,,0.0,69,world,settled,True,0.08127443492412567,0.07014813721179962,0.10312708467245102,0.38535280761802365,body,world,0.08663761094212533,0.07211737036705017,-0.18343909201532158,body,world,0.07937749065458774,0.08626701030880213,0.08323242239150759,body,world
soft_none,neither,90095,False,False,,1.0,0.0,,0.0,61,world,settled,True,0.08595261722803116,0.08458743542432785,0.08112184405326843,-0.041833466142855096,body,world,0.08285463973879814,0.0936911191791296,0.12291566146778977,body,world,0.08827287945896387,0.08367916699498892,-0.0534428739191318,body,world
soft_none,neither,90096,False,False,,1.0,0.0,,0.0,62,world,settled,True,0.087990403175354,0.13026519119739532,0.07163665667176247,-0.5979653972598425,body,world,0.1009509239345789,0.09113354608416557,-0.10230852699523743,body,world,0.09604223500937223,0.09157028682529926,-0.04768120331221859,body,world
soft_none,neither,90097,False,False,,1.0,0.0,,0.0,61,world,settled,True,0.10388688743114471,0.09732038527727127,0.08529772870242595,-0.13186064980448597,body,world,0.09130905698984862,0.11248452495783567,0.20856567324461583,body,world,0.10189679097384215,0.11850746441632509,0.15101550162880095,body,body
soft_none,neither,90098,False,False,,1.0,0.0,,0.0,70,world,settled,True,0.10577471554279327,0.06753108128905297,0.12088029459118843,0.582212799577144,body,world,0.0942056879401207,0.09297606851905585,-0.013138429002668619,body,world,0.09359087822958827,0.10349132101982832,0.1005548303860943,body,world
soft_none,neither,90099,False,False,,1.0,0.0,,0.0,79,world,settled,True,0.07964132726192474,0.12490799129009247,0.052757784724235535,-0.8618660574124642,body,world,0.088832888007164,0.09643061719834804,0.08206681510978801,body,world,0.09263175260275602,0.07579774726182223,-0.2005634108471763,body,world
soft_none,neither,90100,False,False,,1.0,0.0,,0.0,62,world,settled,True,0.08509717881679535,0.13935162127017975,0.07045387886464596,-0.6820420931447433,body,world,0.10490275006741286,0.08977271504700184,-0.15575264335293335,body,world,0.09733773255720735,0.0833221822977066,-0.15547190227141608,body,world
soft_none,neither,90101,False,False,,1.0,0.0,,0.0,62,world,settled,True,0.07690677791833878,0.06643233075737953,0.09553771391510964,0.36333723265872475,body,world,0.08098502233624458,0.09220368042588234,0.12973581947156707,body,world,0.08659435138106346,0.0760740613564849,-0.12952722958403629,body,world
soft_none,neither,90102,False,False,,1.0,0.0,,0.0,63,world,settled,True,0.09360724687576294,0.09266130700707435,0.06459321975708007,-0.3608415373372791,body,world,0.07862726338207722,0.0896603673696518,0.13131033442313805,body,world,0.0841438153758645,0.09740267191082239,0.14632621992193745,body,world
soft_none,neither,90103,False,False,,1.0,0.0,,0.0,62,world,settled,True,0.0999792218208313,0.09556664675474166,0.07342872843146324,-0.2635086212955655,body,world,0.08449768759310246,0.11345735043287278,0.2947028309654744,body,world,0.09897751901298761,0.10523000918328762,0.061255774350462755,body,world
soft_none,neither,90104,False,False,,1.0,0.0,,0.0,72,world,settled,True,0.10538593679666519,0.07692166492342949,0.12799198925495148,0.5091801126587585,body,world,0.10245682708919049,0.09972851872444152,-0.02698982927417485,body,world,0.101092672906816,0.10270837191492319,0.01585598209185962,body,world
soft_none,neither,90105,False,False,,1.0,0.0,,0.0,74,world,settled,True,0.08568421751260757,0.07767482362687587,0.14697520434856415,0.6377327100285233,body,body,0.11232501398772002,0.08007744066417218,-0.33840240472708455,world,world,0.09620122732594609,0.08384618870913982,-0.1374580820975984,body,world
soft_none,neither,90106,False,False,,1.0,0.0,,0.0,79,world,settled,True,0.0969853326678276,0.0637576311826706,0.09067531228065491,0.35219624741773475,body,world,0.07721647173166275,0.07236532643437385,-0.06488553064939302,body,world,0.07479089908301831,0.10956023260951042,0.38177825995212333,body,world
soft_none,neither,90107,False,False,,1.0,0.0,,0.0,79,world,settled,True,0.08963468670845032,0.10459625348448753,0.13879840821027756,0.282914846339839,body,world,0.12169733084738255,0.08663726486265659,-0.3398070343172566,world,world,0.10416729785501957,0.08375869588926435,-0.21805824306951474,body,world
soft_none,neither,90108,False,False,,1.0,0.0,,0.0,64,world,settled,True,0.08245288580656052,0.061815785616636275,0.13302016854286194,0.7663419973678143,body,world,0.09741797707974911,0.0983779076486826,0.009805499860454057,body,world,0.09789794236421585,0.07393679544329643,-0.2807149189769586,body,world
soft_none,neither,90109,False,False,,1.0,0.0,,0.0,66,world,settled,True,0.08947096765041351,0.12218370139598847,0.08810425773262978,-0.3270048011961087,body,world,0.10514397956430913,0.093946810439229,-0.11260186909327345,body,world,0.09954539500176907,0.09335642904043198,-0.06418903340223123,body,world
soft_none,neither,90110,False,False,,1.0,0.0,,0.0,60,world,settled,True,0.0821242406964302,0.0797203615307808,0.07318597435951232,-0.08552123484380544,body,world,0.07645316794514656,0.08472048901021481,0.10267910370378922,body,world,0.08058682847768069,0.0812484161928296,0.008176110241243782,body,world
soft_none,neither,90111,False,False,,1.0,0.0,,0.0,76,world,settled,True,0.08371936529874802,0.10785103887319565,0.05723878741264343,-0.6335192351652328,body,world,0.08254491314291953,0.09685627073049545,0.15988558764699187,body,world,0.0897005919367075,0.08814212772995234,-0.017526768647576657,body,world
soft_none,neither,90112,False,False,,1.0,0.0,,0.0,69,world,settled,True,0.08528956025838852,0.051402784138917926,0.11978181600570678,0.8459795507767712,body,world,0.08559230007231236,0.0757318377494812,-0.12239667671780172,body,world,0.08066206891089678,0.07481570485979319,-0.07524061793087652,body,world
soft_none,neither,90113,False,False,,1.0,0.0,,0.0,60,world,settled,True,0.07959294319152832,0.0619684211909771,0.10782036036252976,0.553841592618225,body,world,0.08489439077675343,0.0874261086806655,0.029385941829869814,body,world,0.08616024972870946,0.07431874256581068,-0.1478457561011017,body,world
soft_none,neither,90114,False,False,,1.0,0.0,,0.0,65,world,settled,True,0.08520740270614624,0.08149411976337433,0.10825007110834121,0.2839131562711476,body,world,0.09487209543585777,0.08694034107029439,-0.08730747199862446,body,world,0.09090621825307607,0.08011022675782442,-0.12642488566456142,body,world
soft_none,neither,90115,False,False,,1.0,0.0,,0.0,77,world,settled,True,0.09869614988565445,0.13872874081134795,0.07531344965100288,-0.6108617884302109,body,world,0.10702109523117542,0.08086266703903675,-0.28027371963837466,body,world,0.09394188113510608,0.09604599308222532,0.02215086608939679,body,world
soft_none,neither,90116,False,False,,1.0,0.0,,0.0,75,world,settled,True,0.09007588773965836,0.06595951095223426,0.08772453367710113,0.2851605223638664,body,world,0.0768420223146677,0.08529082965105772,0.10431528562803585,body,world,0.0810664259828627,0.09818924739956855,0.1916278199576905,body,world
soft_none,neither,90117,False,False,,1.0,0.0,,0.0,79,world,settled,True,0.0976267084479332,0.11252224594354629,0.08482842780649662,-0.2825202236297522,body,world,0.09867533687502146,0.07179475985467434,-0.3180235446632086,world,world,0.0852350483648479,0.09172644587233662,0.07339801820663244,body,world
soft_none,neither,90118,False,False,,1.0,0.0,,0.0,68,world,settled,True,0.08399740606546402,0.10583996027708054,0.10478543341159821,-0.010013376433380803,body,world,0.10531269684433937,0.08486647009849549,-0.21585490843745678,body,world,0.09508958347141742,0.07622623685747384,-0.22111371203575206,body,world
soft_none,neither,90119,False,False,,1.0,0.0,,0.0,69,world,settled,True,0.0811280757188797,0.06360854506492615,0.1067320927977562,0.5175740713823157,body,world,0.08517031893134117,0.07905984744429588,-0.07444787554276643,body,world,0.08211508318781853,0.07633843645453453,-0.07294515108610841,body,world
soft_none,body_only,90120,True,False,m,1.5891995503048728,0.0,,0.0,74,world,settled,True,0.08605434745550156,0.05617617294192314,0.05895037055015564,0.04820321480726852,body,world,0.05756327174603939,0.08256825730204582,0.36074059147994303,body,world,0.0700657645240426,0.08330305386334658,0.17305091532291705,body,world
soft_none,body_only,90121,True,False,l,1.4812383451425903,0.0,,0.0,60,world,settled,True,0.07652585208415985,0.10074364095926285,0.10041985809803008,-0.0032191042843618158,body,world,0.10058174952864647,0.08327209502458573,-0.18885732564406854,body,world,0.0919269222766161,0.0809577900916338,-0.12706602945942885,body,world
soft_none,body_only,90122,True,False,m,1.577333311441059,0.0,,0.0,60,world,settled,True,0.08932267129421234,0.06287254765629768,0.08445607423782349,0.29512194351796084,body,world,0.07366431094706058,0.06208273023366928,-0.17105058005676302,body,world,0.06787352059036493,0.09112424571067095,0.29457793084488854,body,world
soft_none,body_only,90123,True,False,l,1.2659873041674827,0.0,,0.0,78,world,settled,True,0.08442002534866333,0.08088279068470001,0.06744692549109459,-0.18166007856124164,body,world,0.0741648580878973,0.08211816921830177,0.10186887061234372,body,world,0.07814151365309954,0.07938116807490588,0.015739701744310695,body,world
soft_none,body_only,90124,True,False,m,1.4143549642821072,0.0,,0.0,79,world,settled,True,0.08477352559566498,0.10172853395342826,0.09250559210777283,-0.09503873563883873,body,world,0.09711706303060055,0.06510905809700489,-0.39985340541965575,world,world,0.08111306056380271,0.08952236715704202,0.09864451556145026,body,world
soft_none,body_only,90125,True,False,l,1.4086180240535773,0.0,,0.0,63,world,settled,True,0.08263044059276581,0.11609942764043808,0.07283555045723915,-0.46624279234273247,body,world,0.09446748904883862,0.08038901425898075,-0.16137821579902667,body,world,0.08742825165390969,0.0845453392714262,-0.03353052600525101,body,world
soft_none,body_only,90126,True,False,m,1.6448408546174003,0.0,,0.0,68,world,settled,True,0.08177243918180466,0.045355779305100444,0.10390891581773758,0.8289770996905446,body,world,0.07463234756141901,0.09559606984257699,0.24755768212857435,body,world,0.085114208701998,0.08230150975286961,-0.03360453439201742,body,world
soft_none,body_only,90127,True,False,l,1.4986137896780058,0.0,,0.0,61,world,settled,True,0.08599713444709778,0.06944241747260094,0.10572105348110199,0.4203061709299302,body,world,0.08758173547685147,0.09833739176392556,0.11583186191486966,body,world,0.09295956362038851,0.08005320150405168,-0.14947316637214295,body,world
soft_none,body_only,90128,True,False,m,1.416558817025714,0.0,,0.0,64,world,settled,True,0.08373555541038513,0.060516102612018584,0.07777394130825996,0.25089694195481266,body,world,0.06914502196013927,0.12060747668147087,0.5563352115598044,body,body,0.09487624932080507,0.0799255745485425,-0.17147752018466503,body,world
soft_none,body_only,90129,True,False,l,1.38378853736242,0.0,,0.0,68,world,settled,True,0.0818568617105484,0.05657581463456154,0.05952031388878822,0.05073607356730838,body,world,0.05804806426167488,0.09158863276243209,0.45603580596368415,body,world,0.07481834851205349,0.08522271234542131,0.13020481927182417,body,world
soft_none,body_only,90130,True,False,m,1.4756383192437175,0.0,,0.0,71,world,settled,True,0.08193474262952805,0.07591166794300079,0.08566019460558891,0.12081784359606858,body,world,0.08078593127429486,0.09486823156476021,0.16068606014066916,body,world,0.08782708141952753,0.0782090125605464,-0.11598500645028206,body,world
soft_none,body_only,90131,True,False,l,1.3606013397692742,0.0,,0.0,80,world,settled,True,0.08199115097522736,0.08423240035772324,0.08510774821043014,0.010338430156758279,body,world,0.08467007428407669,0.09826372191309929,0.1488926792447757,body,world,0.09146689809858799,0.08085942566394806,-0.12326497607046068,body,world
soft_none,body_only,90132,True,False,m,1.3052923183294922,0.0,,0.0,64,world,settled,True,0.0877486914396286,0.062008104473352435,0.12129242718219757,0.6709392897019079,body,world,0.091650265827775,0.0645729836076498,-0.35018376184193234,world,world,0.07811162471771241,0.08897483013570309,0.13021463248428475,body,world
soft_none,body_only,90133,True,False,l,1.3207448067237653,0.0,,0.0,67,world,settled,True,0.08269800245761871,0.06439982578158379,0.0952374778687954,0.39126261156826164,body,world,0.07981865182518959,0.09871053993701935,0.21243451905726338,body,world,0.08926459588110447,0.08027734346687794,-0.10611751403818251,body,world
soft_none,body_only,90134,True,False,m,1.4561368550822151,0.0,,0.0,64,world,settled,True,0.08153371512889862,0.07177580818533898,0.09719630032777786,0.30318516234301934,body,world,0.08448605425655842,0.08567479774355888,0.013972224658528744,body,world,0.08508042600005865,0.08239182587713004,-0.03211076589791423,body,world
soft_none,body_only,90135,True,False,l,1.4036352699808552,0.0,,0.0,79,world,settled,True,0.08385348320007324,0.057458192482590674,0.06328391879796982,0.096573653361305,body,world,0.060371055640280245,0.10099851563572884,0.5145960412285879,body,world,0.08068478563800455,0.08128175437450409,0.007371540315732511,body,world
soft_none,body_only,90136,True,False,m,1.3752498406372067,0.0,,0.0,68,world,settled,True,0.08518429100513458,0.08369766399264336,0.10463236272335052,0.22324183102021003,body,world,0.09416501335799694,0.0709997620433569,-0.2823721789703625,body,world,0.08258238770067691,0.08042997643351554,-0.026409485918935126,body,world
soft_none,body_only,90137,True,False,l,1.3180944856558197,0.0,,0.0,66,world,settled,True,0.08557619154453278,0.08586942404508591,0.12062904089689255,0.3398922413885966,body,world,0.10324923247098923,0.08748031556606292,-0.1657319950226169,body,world,0.09536477401852608,0.079494921118021,-0.18201613086604088,body,world
soft_none,body_only,90138,True,False,m,1.3737292058898571,0.0,,0.0,76,world,settled,True,0.08428458869457245,0.11135644167661667,0.06729964911937714,-0.503581219782909,body,world,0.08932804539799691,0.0857156552374363,-0.041280012981469424,body,world,0.0875218503177166,0.07914963699877262,-0.10054828003368314,body,world
soft_none,body_only,90139,True,False,l,1.2231365368057392,0.0,,0.0,78,world,settled,True,0.08706966787576675,0.06773398891091346,0.1311201423406601,0.6605259142182551,body,world,0.09942706562578678,0.06221976075321436,-0.46875172030904566,world,world,0.08082341318950056,0.09049759656190873,0.11305660227681989,body,world
soft_none,body_only,90140,True,False,m,1.5903123576273737,0.0,,0.0,77,world,settled,True,0.08299960196018219,0.11952127516269684,0.05379623547196388,-0.7982908982800654,body,world,0.08665875531733036,0.08999225050210953,0.03774550771018175,body,world,0.08832550290971994,0.08289695493876933,-0.06343055735693195,body,world
soft_none,body_only,90141,True,False,l,1.3983126255738383,0.0,,0.0,68,world,settled,True,0.08477966487407684,0.07302633076906204,0.08043185025453567,0.09659017360368943,body,world,0.07672909051179885,0.09038806557655335,0.16383132770307773,body,world,0.0835585780441761,0.07753655053675175,-0.07479847434974354,body,world
soft_none,body_only,90142,True,False,m,1.5588960124158446,0.0,,0.0,77,world,settled,True,0.08479245007038116,0.12001938223838807,0.07612450569868087,-0.4552830156685473,body,world,0.09807194396853447,0.09271739684045315,-0.05614520831649197,body,world,0.09539467040449381,0.08671517483890057,-0.09539381566470233,body,world
soft_none,body_only,90143,True,False,l,1.3381767659159343,0.0,,0.0,76,world,settled,True,0.08445556461811066,0.11305139511823654,0.11911184042692184,0.052220347896577105,body,world,0.1160816177725792,0.0658519808202982,-0.5668840366515615,world,world,0.0909667992964387,0.0789832005277276,-0.14125941874348658,body,world
soft_none,body_only,90144,True,False,m,1.4340779419258376,0.0,,0.0,78,world,settled,True,0.08723483979701996,0.08461760580539704,0.07469812035560608,-0.12468742216117402,body,world,0.07965786308050156,0.07491723373532296,-0.06135679791082159,body,world,0.07728754840791226,0.08231273889541627,0.06299302057735025,body,world
soft_none,body_only,90145,True,False,l,1.3732457116762027,0.0,,0.0,79,world,settled,True,0.08265955001115799,0.08673158437013626,0.08648371696472168,-0.002861959338357102,body,world,0.08660765066742897,0.08978535905480385,0.03603376598128471,body,world,0.08819650486111641,0.08173105753958225,-0.07613326392863703,body,world
soft_none,body_only,90146,True,False,m,1.4659264726975494,0.0,,0.0,73,world,settled,True,0.08383535593748093,0.11454824656248093,0.09094818979501725,-0.23070610013417947,body,world,0.10274821817874909,0.08383832424879074,-0.20339127901752746,body,world,0.09329327121376992,0.0855579987168312,-0.08655349182297092,body,world
soft_none,body_only,90147,True,False,l,1.3697174281168265,0.0,,0.0,61,world,settled,True,0.08677449077367783,0.06962249726057053,0.0672857403755188,-0.03413941890556752,body,world,0.06845411881804467,0.07833614125847817,0.13484534811013518,body,world,0.07339513003826141,0.08594584800302982,0.15785983837520193,body,world
soft_none,body_only,90148,True,False,m,1.3038571531689942,0.0,,0.0,77,world,settled,True,0.08903131633996964,0.04688882008194924,0.11091267317533493,0.8609638942770631,body,world,0.07890074662864208,0.08592430464923381,0.08527603939071488,body,world,0.08241252563893794,0.09754608292132616,0.16858747614477257,body,world
soft_none,body_only,90149,True,False,l,1.2823864181574816,0.0,,0.0,69,world,settled,True,0.08143595606088638,0.08271196112036705,0.06522058844566345,-0.2375890314308379,body,world,0.07396627478301525,0.08683588039129972,0.16041066167157036,body,world,0.08040107758715749,0.07992662284523248,-0.005918579579706528,body,world
soft_none,body_only,90150,True,False,m,1.371260065573264,0.0,,0.0,77,world,settled,True,0.08069382607936859,0.10701122879981995,0.08547871038317681,-0.22466642743989187,body,world,0.09624496959149838,0.07353318929672241,-0.2691598484617171,body,world,0.0848890794441104,0.08108152551576495,-0.045890320236143665,body,world
soft_none,body_only,90151,True,False,l,1.2751118713228489,0.0,,0.0,67,world,settled,True,0.08103582262992859,0.05310668125748634,0.08492230996489525,0.46943409373341616,body,world,0.0690144956111908,0.08976404145359992,0.26286790201286303,body,world,0.07938926853239536,0.07613835297524929,-0.04181108290618395,body,world
soft_none,body_only,90152,True,False,m,1.3717293620024857,0.0,,0.0,77,world,settled,True,0.08697301894426346,0.05971860513091087,0.09182325005531311,0.43022191855418346,body,world,0.07577092759311199,0.09160860031843185,0.18981047912221172,body,world,0.08368976395577192,0.08457444831728936,0.010515516064033663,body,world
soft_none,body_only,90153,True,False,l,1.3777582765834164,0.0,,0.0,63,world,settled,True,0.08506295830011368,0.0859351247549057,0.08239526897668839,-0.0420646283276263,body,world,0.08416519686579704,0.08755672872066497,0.03950541461158597,body,world,0.08586096279323101,0.0911464300006628,0.05973805789713656,body,world
soft_none,body_only,90154,True,False,m,1.3240528558094946,0.0,,0.0,61,world,settled,True,0.07942420244216919,0.07678614556789398,0.09152038283646106,0.17553748308455566,body,world,0.08415326420217753,0.08180881291627884,-0.028254734997593928,body,world,0.08298103855922818,0.07811479475349188,-0.06043265823524375,body,world
soft_none,body_only,90155,True,False,l,1.2616156540457863,0.0,,0.0,75,world,settled,True,0.08464328944683075,0.07364225760102272,0.0766742430627346,0.04034682476953155,body,world,0.07515825033187866,0.09361880123615265,0.21963533619149775,body,world,0.08438852578401565,0.08178148232400417,-0.031380601409164315,body,world
soft_none,body_only,90156,True,False,m,1.53054519222226,0.0,,0.0,80,world,settled,True,0.0884493738412857,0.045124811679124834,0.07895027995109558,0.5593860432958337,body,world,0.06203754581511021,0.08110666666179896,0.26802538130437925,body,world,0.07157210623845459,0.08945199958980084,0.2229967435924929,body,world
soft_none,body_only,90157,True,False,l,1.488929027680533,0.0,,0.0,67,world,settled,True,0.08348032087087631,0.07640963569283485,0.1094045802950859,0.35894394667163876,body,world,0.09290710799396038,0.0799370102584362,-0.1503612024423902,body,world,0.0864220591261983,0.07877856716513634,-0.09260198760595764,body,world
soft_none,body_only,90158,True,False,m,1.4010988441285952,0.0,,0.0,76,world,settled,True,0.08060578256845474,0.1361704796552658,0.05454923734068871,-0.9148038963450932,body,world,0.09535985849797726,0.09184226766228676,-0.03758509573286832,body,world,0.09360106308013201,0.0747225422412157,-0.2252599242000937,body,world
soft_none,body_only,90159,True,False,l,1.3983826888544335,0.0,,0.0,76,world,settled,True,0.08191986382007599,0.07036118060350419,0.08044560551643372,0.1339395489621629,body,world,0.07540339305996895,0.08603660017251968,0.13192051432322044,body,world,0.08071999661624432,0.0834149070084095,0.03284070037475641,body,world
soft_none,body_only,90160,True,False,m,1.6346395142175347,0.0,,0.0,78,world,settled,True,0.08768100291490555,0.08407906889915466,0.07855162024497986,-0.06800166110599329,body,world,0.08131534457206727,0.08788511157035828,0.07769567229962993,body,world,0.08460022807121277,0.0875127088278532,0.033847064077847384,body,world
soft_none,body_only,90161,True,False,l,1.4627355647267428,0.0,,0.0,75,world,settled,True,0.07817450910806656,0.046357306838035586,0.07644661441445351,0.5002137220090416,body,world,0.06140196062624455,0.09578274935483932,0.4446408327306388,body,world,0.07859235499054193,0.07593305855989456,-0.03442228622904524,body,world
soft_none,body_only,90162,True,False,m,1.3110427449584228,0.0,,0.0,70,world,settled,True,0.08439384400844574,0.11241272538900375,0.051468724757432936,-0.7812028093226324,body,world,0.08194072507321834,0.09442583210766316,0.14181856001508003,body,world,0.08818327859044076,0.09044606266543269,0.025336320487695782,body,world
soft_none,body_only,90163,True,False,l,1.4308898612160117,0.0,,0.0,78,world,settled,True,0.08360446989536285,0.11914802640676499,0.06400899291038513,-0.6213430517561398,body,world,0.09157850965857506,0.08581672832369805,-0.06498267714280132,body,world,0.08869761899113655,0.08915623426437377,0.005157226355504538,body,world
soft_none,body_only,90164,True,False,m,1.439856144676443,0.0,,0.0,68,world,settled,True,0.07528716325759888,0.07496441379189492,0.09486003592610359,0.23538898101799619,body,world,0.08491222485899926,0.09096564911305904,0.06886387875477586,body,world,0.08793893698602914,0.0753253286704421,-0.15482622736211524,body,world
soft_none,body_only,90165,True,False,l,1.2997648895781109,0.0,,0.0,62,world,settled,True,0.08143743872642517,0.12008234411478043,0.05371045842766762,-0.8045699692907341,body,world,0.08689640127122403,0.08887398988008499,0.022502903318977526,body,world,0.08788519557565451,0.07686024717986584,-0.13404256591426195,body,world
soft_none,body_only,90166,True,False,m,1.679679815459025,0.0,,0.0,64,world,settled,True,0.08324246108531952,0.0822026252746582,0.10346306413412094,0.2300274415433779,body,world,0.09283284470438957,0.06118214018642902,-0.4169451872685475,world,world,0.0770074924454093,0.08733402285724878,0.12583738876808387,body,world
soft_none,body_only,90167,True,False,l,1.3590101711106688,0.0,,0.0,72,world,settled,True,0.08103161305189133,0.047488965839147565,0.11896008998155594,0.918290672621397,body,world,0.08322452791035176,0.09030609875917435,0.08166288600854564,body,world,0.08676531333476305,0.0827811524271965,-0.04700651805038227,body,world
soft_none,body_only,90168,True,False,m,1.6457533914678304,0.0,,0.0,77,world,settled,True,0.07900810241699219,0.1161804512143135,0.09482102245092391,-0.20315345582067332,body,world,0.10550073683261871,0.08713891431689262,-0.19121437554259185,body,world,0.09631982557475567,0.07855932638049126,-0.20382008124252013,body,world
soft_none,body_only,90169,True,False,l,1.372684860076075,0.0,,0.0,63,world,settled,True,0.08689628541469574,0.1137766495347023,0.08770516961812973,-0.2602564677593743,body,world,0.10074090957641602,0.07946773022413253,-0.23720093910020726,body,world,0.09010431990027427,0.08476586863398552,-0.06107513983171931,body,world
soft_none,body_only,90170,True,False,m,1.5110806219967274,0.0,,0.0,77,world,settled,True,0.08213375508785248,0.06853016838431358,0.06260056048631668,-0.09049983116226916,body,world,0.06556536443531513,0.07762625254690647,0.16885810064350268,body,world,0.0715958084911108,0.07921186164021492,0.10108952416469065,body,world
soft_none,body_only,90171,True,False,l,1.3393346079674444,0.0,,0.0,80,world,settled,True,0.08351322263479233,0.0755232386291027,0.09550919681787491,0.23478213930048275,body,world,0.0855162177234888,0.07447446286678314,-0.1382497526207516,body,world,0.07999534029513597,0.08780300132930279,0.09312729709516562,body,world
soft_none,body_only,90172,True,False,m,1.5992541406103382,0.0,,0.0,69,world,settled,True,0.08179344236850739,0.09499823749065399,0.061640267819166185,-0.43254298336362473,body,world,0.07831925265491009,0.08533100672066211,0.08574443447060744,body,world,0.0818251296877861,0.07641805186867714,-0.0683654560607087,body,world
soft_none,body_only,90173,True,False,l,1.2909310796297793,0.0,,0.0,74,world,settled,True,0.07814444601535797,0.1185901015996933,0.08648831322789192,-0.3156637250889994,body,world,0.1025392074137926,0.0713967189192772,-0.3619933220155996,world,world,0.0869679631665349,0.07854744903743267,-0.10183692285168992,body,world
soft_none,body_only,90174,True,False,m,1.4992846063269814,0.0,,0.0,60,world,settled,True,0.08306717872619629,0.0871683694422245,0.06873072013258934,-0.23764526657357318,body,world,0.07794954478740693,0.0889696091413498,0.13223308541157647,body,world,0.08345957696437836,0.07452838290482759,-0.11318237500767145,body,world
soft_none,body_only,90175,True,False,l,1.375063495490151,0.0,,0.0,67,world,settled,True,0.08114279061555862,0.10118597596883774,0.09146140217781067,-0.10104312070546063,body,world,0.0963236890733242,0.07750596962869168,-0.21735932014711098,body,world,0.08691482935100794,0.07914718873798847,-0.09361939862995391,body,world
soft_none,body_only,90176,True,False,m,1.3570155774731387,0.0,,0.0,71,world,settled,True,0.08286965638399124,0.0998653568327427,0.06832910925149918,-0.3794869743340305,body,world,0.08409723304212094,0.08509318456053734,0.011773279321381159,body,world,0.08459520880132913,0.07512129172682762,-0.11877360119069205,body,world
soft_none,body_only,90177,True,False,l,1.2641200458110455,0.0,,0.0,62,world,settled,True,0.08482956141233444,0.09097929298877716,0.06081420630216598,-0.4028085130852727,body,world,0.07589674964547158,0.0984821118414402,0.2605010667008105,body,world,0.08718943074345589,0.08625772520899773,-0.010743496957222516,body,world
soft_none,body_only,90178,True,False,m,1.5240608064758356,0.0,,0.0,68,world,settled,True,0.08673793077468872,0.0826686218380928,0.09069956541061401,0.09271245712146986,body,world,0.0866840936243534,0.10023119151592255,0.14520903036887223,body,world,0.09345764257013797,0.0806871473789215,-0.14692901461925698,body,world
soft_none,body_only,90179,True,False,l,1.4207768660969622,0.0,,0.0,63,world,settled,True,0.08298856019973755,0.08740581572055817,0.127632237970829,0.3785911658017383,body,world,0.10751902684569359,0.0690065011382103,-0.44346710626632835,world,world,0.08826276399195195,0.0900157332420349,0.019666149027940887,body,world
soft_none,body_only,90180,True,False,m,1.6834084531201725,0.0,,0.0,70,world,settled,True,0.08538583666086197,0.06561782956123352,0.07415956631302834,0.1223716221368133,body,world,0.06988869793713093,0.08695459328591823,0.21848211901369802,body,world,0.07842164561152458,0.08444075603038073,0.07395019516890745,body,world
soft_none,body_only,90181,True,False,l,1.3164236438723707,0.0,,0.0,75,world,settled,True,0.08123345673084259,0.0663217943161726,0.06867073401808739,0.03480454574849025,body,world,0.06749626416712999,0.11595345363020897,0.5411165980960518,body,world,0.09172485889866948,0.06928981523960828,-0.28049550277600116,body,world
soft_none,body_only,90182,True,False,m,1.3450601064988406,0.0,,0.0,60,world,settled,True,0.07941347360610962,0.05627016797661781,0.08034077435731887,0.3561127487572203,body,world,0.06830547116696835,0.08014567978680134,0.15985610770116807,body,world,0.07422557547688484,0.08880465216934681,0.17933026415961054,body,world
soft_none,body_only,90183,True,False,l,1.3429357517410216,0.0,,0.0,67,world,settled,True,0.08597461134195328,0.07601628452539444,0.10736601203680038,0.3452960831031994,body,world,0.09169114828109741,0.06903917342424393,-0.2837517712132167,body,world,0.08036516085267068,0.09051020834594965,0.11888188420174427,body,world
soft_none,body_only,90184,True,False,m,1.6568892806087865,0.0,,0.0,73,world,settled,True,0.08512166887521744,0.09700566232204437,0.09753868579864503,0.005479725476729732,body,world,0.09727217406034469,0.06988139376044274,-0.33071353728936137,world,world,0.08357678391039372,0.08962950296700001,0.06991876286479026,body,world
soft_none,body_only,90185,True,False,l,1.43334245437914,0.0,,0.0,67,world,settled,True,0.08453650772571564,0.09126677513122558,0.10277353972196579,0.11874111156721676,body,world,0.09702015742659569,0.07346261218190193,-0.2781421664346909,body,world,0.08524138480424881,0.08241435438394547,-0.03372742760986022,body,world
soft_none,body_only,90186,True,False,m,1.6331529059433587,0.0,,0.0,70,world,settled,True,0.07894383370876312,0.12013650834560394,0.055994925647974016,-0.7633675925863175,body,world,0.08806571699678897,0.09211598634719849,0.04496518434445906,body,world,0.09009085167199374,0.07658928819000721,-0.16236139808087202,body,world
soft_none,body_only,90187,True,False,l,1.3141636302230804,0.0,,0.0,65,world,settled,True,0.08697237819433212,0.07157393619418144,0.08640125989913941,0.18827126980862433,body,world,0.07898759804666042,0.0807289145886898,0.021805954968209702,body,world,0.07985825631767511,0.07969749737530947,-0.0020150824152983943,body,world
soft_none,body_only,90188,True,False,m,1.68271261290117,0.0,,0.0,72,world,settled,True,0.08880656957626343,0.05174720510840416,0.06858865991234779,0.2817567905469395,body,world,0.06016793251037598,0.09005892500281334,0.4033246505095099,body,world,0.07511342875659466,0.08890502844005824,0.16856934934298146,body,world
soft_none,body_only,90189,True,False,l,1.2673551846296478,0.0,,0.0,69,world,settled,True,0.08430937677621841,0.09052923768758774,0.0912325456738472,0.007738826977920982,body,world,0.09088089168071747,0.08592396453022957,-0.056086994744670014,body,world,0.08840242810547352,0.08607866670936345,-0.02663782920049791,body,world
soft_none,body_only,90190,True,False,m,1.4616304439624153,0.0,,0.0,61,world,settled,True,0.08551760017871857,0.07922813296318054,0.11588461846113204,0.38026357772859015,body,world,0.09755637571215629,0.06830311939120293,-0.35647498589562193,world,world,0.08292974755167962,0.08225910402834416,-0.008119763550327907,body,world
soft_none,body_only,90191,True,False,l,1.3598610545526153,0.0,,0.0,75,world,settled,True,0.08244447410106659,0.0646929994225502,0.100545996427536,0.4409623036194155,body,world,0.08261949792504311,0.08963891118764877,0.08154379732568515,body,world,0.08612920455634594,0.07446809541434049,-0.14547776318550534,body,world
soft_none,body_only,90192,True,False,m,1.6394540644586693,0.0,,0.0,73,world,settled,True,0.08671320974826813,0.10936638712882996,0.06166282445192337,-0.5730223670423544,body,world,0.08551460579037666,0.09068454056978226,0.05869970752502192,body,world,0.08809957318007947,0.08415708411484957,-0.04578258674452796,body,world
soft_none,body_only,90193,True,False,l,1.2806965176607972,0.0,,0.0,79,world,settled,True,0.08290480822324753,0.06832285597920418,0.07424018457531929,0.0830612230916877,body,world,0.07128152027726173,0.09256776478141546,0.2613038573556731,body,world,0.08192464252933859,0.07762826923280955,-0.05386817609876939,body,world
soft_none,body_only,90194,True,False,m,1.3882151295384004,0.0,,0.0,72,world,settled,True,0.08659197390079498,0.085468490421772,0.08105834126472473,-0.052978617003685224,body,world,0.08326341584324837,0.07114135548472404,-0.15734044704520372,body,world,0.07720238566398621,0.08860185835510492,0.1377224731171512,body,world
soft_none,body_only,90195,True,False,l,1.4070168029723402,0.0,,0.0,68,world,settled,True,0.08211992681026459,0.07503981292247772,0.11950659602880478,0.465352755084519,body,world,0.09727320447564125,0.05827885717153549,-0.5122841886087418,world,world,0.07777603082358837,0.08095586840063333,0.040070875020716344,body,world
soft_none,body_only,90196,True,False,m,1.4747105385822876,0.0,,0.0,78,world,settled,True,0.08468597382307053,0.05813177227973938,0.07799423336982728,0.29392252334040136,body,world,0.06806300282478332,0.08499543778598309,0.22216379358594238,body,world,0.0765292203053832,0.08634411245584488,0.12066798725986808,body,world
soft_none,body_only,90197,True,False,l,1.3111555143573217,0.0,,0.0,62,world,settled,True,0.0829489454627037,0.05422108471393585,0.06851106137037277,0.23392536243072293,body,world,0.061366073042154315,0.08655654564499855,0.3439407811222675,body,world,0.07396130934357643,0.07644377499818802,0.03301339350389312,body,world
soft_none,body_only,90198,True,False,m,1.379640047296776,0.0,,0.0,79,world,settled,True,0.07855723798274994,0.07287392243742943,0.059429509192705156,-0.2039399673445732,body,world,0.06615171581506729,0.09224098213016987,0.3324536949838292,body,world,0.07919634897261858,0.08086187317967415,0.020812230731576908,body,world
soft_none,body_only,90199,True,False,l,1.4868269255907973,0.0,,0.0,73,world,settled,True,0.0862368792295456,0.08606942594051362,0.11138433665037155,0.25783246407502763,body,world,0.09872688129544258,0.07022634595632553,-0.3406337237604782,world,world,0.08447661362588406,0.08841204382479191,0.04553346849170014,body,world
soft_none,body_only,90200,True,False,m,1.568789452616487,0.0,,0.0,75,world,settled,True,0.08392910659313202,0.0893290176987648,0.09373576343059539,0.04815341524517411,body,world,0.0915323905646801,0.08884226232767105,-0.02983044098819882,body,world,0.09018732644617558,0.08573369085788726,-0.050643038285762894,body,world
soft_none,body_only,90201,True,False,l,1.237480856854104,0.0,,0.0,74,world,settled,True,0.08780378848314285,0.048573394864797594,0.07265482246875762,0.4026438170408424,body,world,0.06061410866677761,0.07849668879061937,0.25852876062627805,body,world,0.0695553987286985,0.09382848795503378,0.29934498038159546,body,world
soft_none,body_only,90202,True,False,m,1.589816924085751,0.0,,0.0,69,world,settled,True,0.08946985006332397,0.08798400908708573,0.0735783651471138,-0.17880405232955862,body,world,0.08078118711709976,0.07069695703685283,-0.13334157422901788,body,world,0.0757390720769763,0.09037463795393705,0.17666950345635854,body,world
soft_none,body_only,90203,True,False,l,1.2163108575505985,0.0,,0.0,68,world,settled,True,0.08359052240848541,0.04779011383652687,0.07365762963891029,0.4326089361367145,body,world,0.06072387173771858,0.0832658488303423,0.315701592230756,body,world,0.07199486028403043,0.08784025125205516,0.19892510657072693,body,world
soft_none,body_only,90204,True,False,m,1.577624770964431,0.0,,0.0,61,world,settled,True,0.08183235675096512,0.08186397105455398,0.08027125149965286,-0.019647437057165824,body,world,0.08106761127710342,0.08028840832412243,-0.0096582577089804,body,world,0.08067800980061293,0.08482586815953255,0.05013450036509465,body,world
soft_none,body_only,90205,True,False,l,1.3675497082151145,0.0,,0.0,65,world,settled,True,0.08478482812643051,0.10739775151014327,0.08737876489758492,-0.20628695761356955,body,world,0.0973882582038641,0.06787419337779284,-0.36104975681301915,world,world,0.08263122579082846,0.07915500570088625,-0.04297961775027854,body,world
soft_none,body_only,90206,True,False,m,1.5176465510618466,0.0,,0.0,74,world,settled,True,0.0782754048705101,0.049510476738214494,0.07612534016370773,0.4301968960521155,body,world,0.06281790845096111,0.09653409197926521,0.42965603147528186,body,world,0.07967600021511316,0.07454912308603526,-0.06651013553408397,body,world
soft_none,body_only,90207,True,False,l,1.2488637580931352,0.0,,0.0,80,world,settled,True,0.08048301935195923,0.12459930628538132,0.07602009475231171,-0.49410532883153285,body,world,0.10030970051884651,0.07835000306367874,-0.24707639743012477,body,world,0.08932985179126263,0.08676868733018636,-0.029089907059211623,body,world
soft_none,body_only,90208,True,False,m,1.4834364114696996,0.0,,0.0,66,world,settled,True,0.08690625429153442,0.04895299412310124,0.06679890230298043,0.3108261137432131,body,world,0.05787594821304083,0.07852026894688606,0.30505489852188733,body,world,0.06819810857996345,0.09105916228145361,0.28909259919848235,body,world
soft_none,body_only,90209,True,False,l,1.263629522578016,0.0,,0.0,60,world,settled,True,0.08804941922426224,0.052760491520166396,0.09178662374615669,0.5537039322259412,body,world,0.07227355763316154,0.07547288443893194,0.04331511418838411,body,world,0.07387322103604674,0.09094741307199002,0.20793106644504886,body,world
soft_none,body_only,90210,True,False,m,1.3346147837212192,0.0,,0.0,73,world,settled,True,0.08141129463911057,0.07411649972200393,0.06821270510554314,-0.08300733645890053,body,world,0.07116460241377354,0.10220252349972725,0.36196083155848363,body,world,0.08668356295675039,0.08039989471435546,-0.07525141387788656,body,world
soft_none,body_only,90211,True,False,l,1.30656153459059,0.0,,0.0,71,world,settled,True,0.08072124421596527,0.07546349167823792,0.1307495951652527,0.5496350213153306,body,world,0.1031065434217453,0.08068537786602974,-0.24520548814963766,body,world,0.09189596064388753,0.08315479550510645,-0.09995319765738546,body,world
soft_none,body_only,90212,True,False,m,1.6930851814175538,0.0,,0.0,60,world,settled,True,0.08359813690185547,0.10765332579612732,0.0767407849431038,-0.33848280449197105,body,world,0.09219705536961556,0.09430124908685684,0.02256624280592661,body,world,0.0932491522282362,0.08527898248285055,-0.08934693823631132,body,world
soft_none,body_only,90213,True,False,l,1.3559979569855254,0.0,,0.0,66,world,settled,True,0.07987827807664871,0.05055254474282265,0.05741092190146446,0.12722127695042537,body,world,0.05398173332214355,0.10387467369437217,0.6545393943156252,body,world,0.07892820350825787,0.07782984226942062,-0.014013688526522123,body,world
soft_none,body_only,90214,True,False,m,1.3935857870234445,0.0,,0.0,60,world,settled,True,0.08777227252721786,0.07143876254558564,0.11140442341566086,0.4443264193784292,body,world,0.09142159298062325,0.06643702667206526,-0.3192271659433242,world,world,0.07892930982634425,0.08398744128644467,0.06211463961236392,body,world
soft_none,body_only,90215,True,False,l,1.3131198647094737,0.0,,0.0,80,world,settled,True,0.08621005713939667,0.07829412817955017,0.10459582060575486,0.28963098600106535,body,world,0.0914449743926525,0.0748255804181099,-0.20057760790996043,body,world,0.08313527740538121,0.09267682284116745,0.10864928872945057,body,world
soft_none,body_only,90216,True,False,m,1.681261135717984,0.0,,0.0,66,world,settled,True,0.08155792951583862,0.09773404896259308,0.11042543798685074,0.12209052026724845,body,world,0.1040797434747219,0.06290563419461251,-0.5035216359718037,world,world,0.0834926888346672,0.08754320573061705,0.04737338211588296,body,world
soft_none,body_only,90217,True,False,l,1.413471960665546,0.0,,0.0,75,world,settled,True,0.0820734053850174,0.08335118144750595,0.12050343155860901,0.3686154465585243,body,world,0.10192730650305748,0.0653127297759056,-0.4450729176106927,world,world,0.08362001813948154,0.07796286270022393,-0.07005034877499924,body,world
soft_none,body_only,90218,True,False,m,1.584896311018346,0.0,,0.0,74,world,settled,True,0.08026890456676483,0.05152393057942391,0.09367659986019135,0.5978020521838833,body,world,0.07260026521980763,0.08584396354854107,0.16756269594525064,body,world,0.07922211438417434,0.08226957060396671,0.03774581994832606,body,world
soft_none,body_only,90219,True,False,l,1.3119810143159762,0.0,,0.0,70,world,settled,True,0.08665473759174347,0.11697136610746384,0.05814309716224671,-0.6990220062448623,body,world,0.08755723163485526,0.08457902297377587,-0.034606374902684665,body,world,0.08606812730431557,0.08630922771990299,0.0027973578405972527,body,world
soft_none,body_only,90220,True,False,m,1.300500753923412,0.0,,0.0,65,world,settled,True,0.08525681495666504,0.054937075823545456,0.10908108800649643,0.685903077975499,body,world,0.08200908191502095,0.06378291919827461,-0.25134456585133774,body,world,0.07289600055664777,0.0808370167389512,0.10340121311488591,body,world
soft_none,body_only,90221,True,False,l,1.325946290087466,0.0,,0.0,69,world,settled,True,0.08245082944631577,0.07341407388448715,0.08211790248751641,0.11204039024686496,body,world,0.07776598818600178,0.10527013316750526,0.3028255775194937,body,world,0.09151806067675353,0.08010490816086531,-0.13319920963552512,body,world
soft_none,body_only,90222,True,False,m,1.3799548422979533,0.0,,0.0,63,world,settled,True,0.0819195955991745,0.07001088485121727,0.11049855649471282,0.4563517296408665,body,world,0.09025472067296506,0.0756188303232193,-0.1769305719506113,body,world,0.08293677549809217,0.085359344817698,0.028791354907365528,body,world
soft_none,body_only,90223,True,False,l,1.2088747342560058,0.0,,0.0,66,world,settled,True,0.08100352436304092,0.11765907257795334,0.054033729061484334,-0.778182763359949,body,world,0.08584640081971884,0.09590481296181678,0.110796505519622,body,world,0.09087560689076782,0.07030707225203514,-0.25661921935283577,body,world
soft_none,body_only,90224,True,False,m,1.3689372681649405,0.0,,0.0,67,world,settled,True,0.08427856862545013,0.045286592841148374,0.11695129275321961,0.9487465219542902,body,world,0.08111894279718398,0.07059018611907959,-0.1390253791539051,body,world,0.0758545644581318,0.08673761561512947,0.13406976774126206,body,world
soft_none,body_only,90225,True,False,l,1.4190999555086545,0.0,,0.0,76,world,settled,True,0.08869701623916626,0.07897288948297501,0.06978719830513,-0.12365403489188735,body,world,0.0743800438940525,0.08856547400355338,0.17455441910250313,body,world,0.08147275894880295,0.08629510886967182,0.05750420223420407,body,world
soft_none,body_only,90226,True,False,m,1.3666051873938825,0.0,,0.0,68,world,settled,True,0.08580586314201355,0.08594096601009368,0.0874014064669609,0.016850756029929494,body,world,0.08667118623852729,0.09322552904486656,0.07290011107980916,body,world,0.08994835764169692,0.08846240863204002,-0.016658001103216576,body,world
soft_none,body_only,90227,True,False,l,1.2089853713110907,0.0,,0.0,76,world,settled,True,0.08092111349105835,0.04658312648534775,0.09191427528858184,0.6796179693499138,body,world,0.0692487008869648,0.06730293370783329,-0.02850055793759445,body,world,0.06827581729739904,0.08526109578087926,0.22216262552481028,body,world
soft_none,body_only,90228,True,False,m,1.3941552835422104,0.0,,0.0,76,world,settled,True,0.08084995299577713,0.06887025833129883,0.07465647310018539,0.08067281233889464,body,world,0.07176336571574211,0.09094544723629952,0.23688572679258985,body,world,0.08135440647602081,0.08230423778295518,0.011607599170156413,body,world
soft_none,body_only,90229,True,False,l,1.4129882265602367,0.0,,0.0,60,world,settled,True,0.08430791646242142,0.04347042851150036,0.10133190453052521,0.84632041002142,body,world,0.07240116652101278,0.0931909877806902,0.2524286079533927,body,world,0.0827960771508515,0.08086327333003282,-0.02362093802059647,body,world
soft_none,body_only,90230,True,False,m,1.387380358400205,0.0,,0.0,62,world,settled,True,0.08402968943119049,0.06068780869245529,0.11498057395219803,0.6390203593104828,body,world,0.08783419132232666,0.06260952726006508,-0.3385333884625099,world,world,0.07522185929119587,0.08781776148825884,0.15482190425738682,body,world
soft_none,body_only,90231,True,False,l,1.2736796593502162,0.0,,0.0,79,world,settled,True,0.08462809026241302,0.09602271243929864,0.0869522050023079,-0.099226151487446,body,world,0.09148745872080326,0.07547557912766933,-0.1923927510574574,body,world,0.0834815189242363,0.08284053392708302,-0.007707795323315786,body,world
soft_none,body_only,90232,True,False,m,1.3398772042708087,0.0,,0.0,65,world,settled,True,0.08055373281240463,0.06342262476682663,0.0785949856042862,0.2144872457113537,body,world,0.07100880518555641,0.08899171277880669,0.2257393645019568,body,world,0.08000025898218155,0.08286470528692007,0.03517934907853115,body,world
soft_none,body_only,90233,True,False,l,1.2151805568406018,0.0,,0.0,74,world,settled,True,0.0825110524892807,0.0950530707836151,0.12057573199272156,0.23784266133953685,body,world,0.10781440138816833,0.07251233011484146,-0.3966546251845255,world,world,0.0901633657515049,0.08351691402494907,-0.07657402539098503,body,world
soft_none,body_only,90234,True,False,m,1.412785576783788,0.0,,0.0,80,world,settled,True,0.08290281146764755,0.09390603303909302,0.07121574729681016,-0.27658066990541036,body,world,0.08256089016795158,0.0757751490920782,-0.08576569324335938,body,world,0.0791680196300149,0.08019943721592426,0.012944072866146836,body,world
soft_none,body_only,90235,True,False,l,1.4243033807217698,0.0,,0.0,60,world,settled,True,0.08180715143680573,0.08101814687252044,0.08949084728956222,0.09946319008684623,body,world,0.08525449708104134,0.08723095953464508,0.02291844198180357,body,world,0.08624272830784321,0.08218779545277358,-0.04815892565467755,body,world
soft_none,body_only,90236,True,False,m,1.6997035312296203,0.0,,0.0,64,world,settled,True,0.08843682706356049,0.10768945217132568,0.08603592962026596,-0.22448664695101267,body,world,0.09686269089579583,0.06954636909067631,-0.33130070661451866,world,world,0.08320452999323606,0.08238749504089356,-0.009868127192689492,body,world
soft_none,body_only,90237,True,False,l,1.376968432617344,0.0,,0.0,75,world,settled,True,0.08495049178600311,0.06983532160520553,0.09102157801389694,0.2649566774775763,body,world,0.08042844980955124,0.09783980622887611,0.19596354394092133,body,world,0.08913412801921368,0.08915684819221496,0.00025486621484780065,body,world
soft_none,body_only,90238,True,False,m,1.5968317899030746,0.0,,0.0,62,world,settled,True,0.0835334062576294,0.08360716998577118,0.1013981580734253,0.19292564424268585,body,world,0.09250266402959824,0.0864016018807888,-0.06823122849859084,body,world,0.08945213295519353,0.08300733659416437,-0.07477465830242369,body,world
soft_none,body_only,90239,True,False,l,1.3434682340044826,0.0,,0.0,67,world,settled,True,0.08015962690114975,0.06299440637230873,0.06385524272918701,0.01357275448823105,body,world,0.06342482455074787,0.09938285350799561,0.4491242596291954,body,world,0.08140383902937173,0.07996247429400682,-0.017864981118774083,body,world
soft_none,world_only,90240,False,True,,1.0,1.0,short,-0.05,59,world,settled,True,0.10098665952682495,0.12523961290717125,0.15865861773490905,0.23652603006992537,body,body,0.14194911532104015,0.08951794430613517,-0.46102955034657583,world,world,0.11573352981358767,0.09479294717311859,-0.19959538222933737,body,world
soft_none,world_only,90241,False,True,,1.0,1.0,medium,0.1,75,world,settled,True,0.08850348740816116,0.14397534728050232,0.07527455538511277,-0.6484999176695724,body,world,0.10962495133280754,0.11545056328177453,0.05177740804942263,body,world,0.11253775730729103,0.09100651312619448,-0.21235770907480134,body,world
soft_none,world_only,90242,False,True,,1.0,-2.0,short,0.2,69,world,settled,True,0.09270766377449036,0.2959876447916031,0.14476144313812256,-0.7152305450607257,body,body,0.22037454396486283,0.09190281350165605,-0.8745969276464919,world,world,0.15613867873325943,0.08631705809384585,-0.592717339619409,world,world
soft_none,world_only,90243,False,True,,1.0,2.0,medium,0.05,68,world,decayed,False,nan,0.2602707356214523,0.049831288307905196,-1.6530793140789901,world,world,0.15505101196467877,0.08817270621657372,-0.5644567104287954,world,world,0.12161185909062625,0.06647560538258404,-0.6039994461843319,world,world
soft_none,world_only,90244,False,True,,1.0,-4.0,short,0.05,65,world,decayed,False,nan,0.4882375583052635,0.16372095346450805,-1.0926386118522189,world,world,0.3259792558848858,0.11050799638032913,-1.0817458633147397,world,world,0.21824362613260745,0.12801032448187472,-0.5335010691793373,world,world
soft_none,world_only,90245,False,True,,1.0,4.0,medium,0.25,65,world,decayed,False,nan,0.413214784860611,0.3590042233467102,-0.14063336535573503,body,body,0.3861095041036606,0.0616487193852663,-1.834668561565279,world,world,0.22387911174446345,0.07837406269973143,-1.0496131867558187,world,world
soft_none,world_only,90246,False,True,,1.0,-1.0,short,0.1,75,world,settled,True,0.09247316420078278,0.20197939425706862,0.13563317358493804,-0.3982116950267406,body,world,0.16880628392100333,0.12095582485198975,-0.33332641341956243,world,world,0.14488105438649654,0.1005475228652358,-0.3652826111378435,world,world
soft_none,world_only,90247,False,True,,1.0,-1.0,medium,-0.15000000000000002,77,world,settled,True,0.10007397085428238,0.16493742614984513,0.037081263959407806,-1.492454339037782,world,world,0.10100934505462647,0.15031317844986916,0.39750793603130735,body,body,0.12566126175224782,0.10558415651321411,-0.17408156092860905,body,world
soft_none,world_only,90248,False,True,,1.0,-2.0,short,0.15000000000000002,70,world,settled,True,0.10372383892536163,0.33514033630490303,0.13777897506952286,-0.8888985872021089,body,world,0.23645965568721294,0.11200181767344475,-0.7472625039290212,world,world,0.17423073668032885,0.10045428890734912,-0.5506777063451319,world,world
soft_none,world_only,90249,False,True,,1.0,2.0,medium,-0.25,60,alarm,persistent,False,nan,0.18973867893218993,0.059308772534132005,-1.1628905215536627,world,world,0.12452372573316098,0.13751138625666498,0.09921045693071957,body,body,0.131017555994913,0.06999422542285175,-0.626918584762972,world,world
soft_none,world_only,90250,False,True,,1.0,4.0,short,0.05,68,world,decayed,False,nan,0.38789588809013364,0.24121252596378326,-0.47505857859072437,body,body,0.31455420702695847,0.1222526878118515,-0.9450663063702153,world,world,0.21840344741940498,0.0695339328609407,-1.1445291526109838,world,world
soft_none,world_only,90251,False,True,,1.0,-4.0,medium,0.15000000000000002,77,alarm,persistent,False,nan,0.5847683668136596,0.5489439249038697,-0.06321951879389137,body,body,0.5668561458587646,0.1798715189099312,-1.147862748338672,world,world,0.3733638323843479,0.10196300949901342,-1.2979432706312268,world,world
soft_none,world_only,90252,False,True,,1.0,-1.0,short,-0.05,78,world,settled,True,0.09577183425426483,0.18604646250605583,0.13627974689006805,-0.31128670542601655,body,world,0.16116310469806194,0.10533493123948574,-0.4252718300325843,world,world,0.13324901796877384,0.08740082345902919,-0.42171498883332176,world,world
soft_none,world_only,90253,False,True,,1.0,1.0,medium,-0.05,60,world,settled,True,0.09873156249523163,0.12018951028585434,0.07683284729719161,-0.44743750155788986,body,world,0.09851117879152298,0.14155748449265956,0.36253585340950345,body,body,0.12003433164209128,0.09387508817017079,-0.2458127495681523,body,world
soft_none,world_only,90254,False,True,,1.0,2.0,short,0.1,75,world,settled,True,0.08172806352376938,0.22879366278648378,0.18829118013381957,-0.19483096638245564,body,body,0.20854242146015167,0.14559665098786354,-0.3593023467430973,world,world,0.17706953622400762,0.0828886142000556,-0.7590448065254753,world,world
soft_none,world_only,90255,False,True,,1.0,2.0,medium,0.25,70,alarm,persistent,False,nan,0.19959160089492797,0.049901124089956284,-1.3862297539506805,world,world,0.12474636249244213,0.10113911163061858,-0.20978566377725202,body,world,0.11294273706153035,0.06598398247733712,-0.5374689157672577,world,world
soft_none,world_only,90256,False,True,,1.0,-4.0,short,-0.2,70,alarm,persistent,False,nan,0.5897441744804383,0.12365565150976181,-1.5621881416688548,world,world,0.3566999129951,0.12404406145215034,-1.0562580116683464,world,world,0.24037198722362518,0.10460832696408033,-0.8319645140298405,world,world
soft_none,world_only,90257,False,True,,1.0,-4.0,medium,-0.05,64,alarm,persistent,False,nan,0.5935832858085632,0.5128785908222199,-0.14613838202888305,body,body,0.5532309383153915,0.198128080368042,-1.0268618322115095,world,world,0.3756795093417168,0.1041106573306024,-1.283282064869822,world,world
soft_none,world_only,90258,False,True,,1.0,-1.0,short,0.25,67,world,settled,True,0.09158679097890854,0.23249621987342833,0.12314846366643906,-0.6354833171005698,body,world,0.1778223417699337,0.14067384451627732,-0.23434092050148894,body,body,0.1592480931431055,0.09092312380671501,-0.5604489642518817,world,world
soft_none,world_only,90259,False,True,,1.0,1.0,medium,-0.25,71,world,settled,True,0.08523930609226227,0.11075729131698608,0.070004902780056,-0.4587759632656717,body,world,0.09038109704852104,0.09677285514771938,0.0683313908418366,body,world,0.09357697609812021,0.08563442006707192,-0.08869706545435413,body,world
soft_none,world_only,90260,False,True,,1.0,-2.0,short,-0.05,78,world,settled,True,0.10969491302967072,0.3012081265449524,0.14851835370063782,-0.7070929315733595,body,body,0.2248632401227951,0.09670139998197555,-0.8438645157951306,world,world,0.16078232005238532,0.11035079089924693,-0.37638710091142863,world,world
soft_none,world_only,90261,False,True,,1.0,-2.0,medium,0.15000000000000002,76,world,decayed,False,nan,0.3581022024154663,0.18479667603969574,-0.6615622550183917,body,body,0.271449439227581,0.11727039627730847,-0.8392935468540887,world,world,0.19435991775244474,0.1282518958672881,-0.4157154198338506,world,world
soft_none,world_only,90262,False,True,,1.0,-4.0,short,0.1,68,alarm,persistent,False,nan,0.4884232684969902,0.1715375542640686,-1.0463801654618268,world,world,0.3299804113805294,0.09298207312822342,-1.2666265807355945,world,world,0.21148124225437642,0.10784877240657806,-0.673406315092901,world,world
soft_none,world_only,90263,False,True,,1.0,-4.0,medium,-0.15000000000000002,76,world,decayed,False,nan,0.6787182450294494,0.6029722094535828,-0.11833497714323123,body,body,0.6408452272415162,0.1941126987338066,-1.1943490609020926,world,world,0.41747896298766135,0.11577367801219225,-1.2825969212610155,world,world
soft_none,world_only,90264,False,True,,1.0,1.0,short,-0.15000000000000002,76,world,settled,True,0.09468237310647964,0.10992672815918922,0.13212271481752397,0.18391711223037585,body,world,0.12102472148835659,0.11171271316707135,-0.08006431966812959,body,world,0.11636871732771396,0.09837729893624783,-0.16795367212202783,body,world
soft_none,world_only,90265,False,True,,1.0,1.0,medium,-0.05,73,world,settled,True,0.08717968314886093,0.1049568459391594,0.07848351299762726,-0.29066069739994266,body,world,0.09172017946839332,0.16310639306902885,0.5756602914074141,body,body,0.1274132862687111,0.08509676475077868,-0.4036470076969088,world,world
soft_none,world_only,90266,False,True,,1.0,2.0,short,0.1,80,world,decayed,False,nan,0.25255869776010514,0.229807510972023,-0.094401638373745,body,body,0.24118310436606408,0.20643843561410904,-0.15555417883457662,body,body,0.22381076999008656,0.22887627482414247,0.02238065493714762,body,body
soft_none,world_only,90267,False,True,,1.0,2.0,medium,-0.05,73,world,decayed,False,nan,0.23014693707227707,0.060067976266145705,-1.34324110307551,world,world,0.14510745666921138,0.055386724229902026,-0.9631346182364406,world,world,0.10024709044955671,0.05920947575941682,-0.5265564502336126,world,world
soft_none,world_only,90268,False,True,,1.0,-4.0,short,-0.1,69,alarm,persistent,False,nan,0.5832410395145416,0.1254235714673996,-1.5369039669875184,world,world,0.3543323054909706,0.13818820528686046,-0.9416186264471345,world,world,0.24626025538891555,0.10364999622106552,-0.8653691230112383,world,world
soft_none,world_only,90269,False,True,,1.0,4.0,medium,0.0,74,world,decayed,False,nan,0.4392212569713593,0.38715957999229433,-0.12616632888379473,body,body,0.4131904184818268,0.07016259282827378,-1.7730932450898045,world,world,0.24167650565505028,0.06676781416172162,-1.2863789379113622,world,world
soft_none,world_only,90270,False,True,,1.0,-1.0,short,0.1,81,world,settled,True,0.09290053695440292,0.05150921158492565,0.07313833236694336,0.35059195449812014,body,world,0.06232377197593451,0.09525325670838355,0.4241962789259355,body,world,0.07878851434215903,0.08946844805032014,0.12711879821382277,body,world
soft_none,world_only,90271,False,True,,1.0,1.0,medium,-0.15000000000000002,77,world,settled,True,0.09128613770008087,0.12367607355117798,0.07733140140771866,-0.46956573660858497,body,world,0.10050373747944832,0.11112432070076465,0.10045466522850827,body,world,0.10581402909010648,0.09467060137540102,-0.11127959827510459,body,world
soft_none,world_only,90272,False,True,,1.0,-2.0,short,-0.2,58,world,settled,True,0.09259475767612457,0.2094492107629776,0.12814581096172334,-0.49131251552430855,body,world,0.16879751086235045,0.12220379076898098,-0.32300976869789877,world,world,0.1455006508156657,0.10822985228151083,-0.2959233321124701,world,world
soft_none,world_only,90273,False,True,,1.0,2.0,medium,-0.2,71,alarm,persistent,False,nan,0.20741997212171553,0.04891644045710564,-1.4446320431134347,world,world,0.12816820628941059,0.07265745997428893,-0.5675874443740067,world,world,0.10041283313184976,0.06812632973305881,-0.38792624731739644,world,world
soft_none,world_only,90274,False,True,,1.0,4.0,short,-0.15000000000000002,60,world,decayed,False,nan,0.4532014727592468,0.10945739820599557,-1.4208013627634286,world,world,0.2813294354826212,0.05489178309217095,-1.6341626840507888,world,world,0.16811060928739607,0.08598232378717512,-0.670480413606631,world,world
soft_none,world_only,90275,False,True,,1.0,4.0,medium,0.2,76,world,decayed,False,nan,0.4530841648578644,0.3848748028278351,-0.1631598086709077,body,body,0.4189794838428497,0.0638295415788889,-1.881605836812421,world,world,0.24140451271086932,0.06027489386033267,-1.3875583392606967,world,world
soft_none,world_only,90276,False,True,,1.0,1.0,short,-0.1,69,world,settled,True,0.0903354063630104,0.1526789352297783,0.17849808931350708,0.15624064305204527,body,body,0.16558851227164267,0.09826559647917747,-0.5218318882629265,world,world,0.13192705437541008,0.09193386193364858,-0.36117972497175765,world,world
soft_none,world_only,90277,False,True,,1.0,-1.0,medium,0.25,75,world,settled,True,0.09909888356924057,0.07495101280510426,0.0769371896982193,0.026154633235528312,body,world,0.07594410125166177,0.11911666132509709,0.4501058003349975,body,body,0.09753038128837943,0.0975815363228321,0.0005243660792339789,body,world
soft_none,world_only,90278,False,True,,1.0,2.0,short,0.2,64,world,settled,True,0.10049927234649658,0.1928983896970749,0.17717054188251496,-0.08505078985983182,body,body,0.18503446578979493,0.11912674978375434,-0.4403540587903898,world,world,0.15208060778677462,0.08366291327401995,-0.5976149064752878,world,world
soft_none,world_only,90279,False,True,,1.0,-2.0,medium,-0.15000000000000002,63,world,decayed,False,nan,0.29194554686546326,0.15807746946811677,-0.6134820755885197,body,body,0.22501150816679,0.0964174073189497,-0.8474647891413607,world,world,0.16071445774286985,0.13790076300501825,-0.15309491816745008,body,body
soft_none,world_only,90280,False,True,,1.0,4.0,short,0.2,77,world,decayed,False,nan,0.39154226779937745,0.24033187031745912,-0.488072712177231,body,body,0.3159370690584183,0.07332347799092531,-1.4606621875847663,world,world,0.1946302735246718,0.062183959595859054,-1.1410046434343868,world,world
soft_none,world_only,90281,False,True,,1.0,4.0,medium,0.1,77,world,decayed,False,nan,0.42073140740394593,0.3479586899280548,-0.1899108772930082,body,body,0.3843450486660004,0.06045759795233607,-1.8495984543274975,world,world,0.22240132330916823,0.07200687685981393,-1.1277218860929372,world,world
soft_none,world_only,90282,False,True,,1.0,1.0,short,0.15000000000000002,68,world,settled,True,0.07879811525344849,0.1532893016934395,0.1744801491498947,0.12948398001116637,body,body,0.1638847254216671,0.07578588500618935,-0.7712512252384807,world,world,0.11983530521392823,0.08170320466160774,-0.3830251177093638,world,world
soft_none,world_only,90283,False,True,,1.0,-1.0,medium,-0.05,74,world,settled,True,0.09643124043941498,0.16460396200418473,0.038397451490163804,-1.4555512685049654,world,world,0.10150070674717426,0.1198123648762703,0.1658611315280217,body,body,0.11065653581172227,0.09424961879849433,-0.1604843504463723,body,world
soft_none,world_only,90284,False,True,,1.0,2.0,short,-0.2,72,alarm,persistent,False,nan,0.23306454420089723,0.13480886667966843,-0.547457456071808,body,world,0.18393670544028282,0.20838319659233093,0.12478696981562938,body,body,0.19615995101630687,0.08075259984470903,-0.8875402452310753,world,world
soft_none,world_only,90285,False,True,,1.0,-2.0,medium,-0.2,73,world,decayed,False,nan,0.3023036539554596,0.17204830348491668,-0.5636567172939527,body,body,0.23717597872018814,0.11741435192525387,-0.7030932438364794,world,world,0.177295165322721,0.12515619080513715,-0.348253460630079,world,world
soft_none,world_only,90286,False,True,,1.0,4.0,short,-0.1,67,world,decayed,False,nan,0.47831996381282804,0.2622353434562683,-0.6010375308819527,body,body,0.3702776536345482,0.07466260036453605,-1.6012738371456225,world,world,0.2224701269995421,0.05478847939521074,-1.4013128900781682,world,world
soft_none,world_only,90287,False,True,,1.0,4.0,medium,0.2,79,alarm,persistent,False,nan,0.4044857442378998,0.3553209245204926,-0.12959509911934186,body,body,0.37990333437919616,0.05531297428533435,-1.9269093397653936,world,world,0.21760815433226527,0.07188307060860097,-1.1076552086908886,world,world
soft_none,world_only,90288,False,True,,1.0,-1.0,short,-0.05,78,world,settled,True,0.09630598872900009,0.1826792135834694,0.12726691216230393,-0.361445131813946,body,world,0.15497306287288665,0.09716385640203953,-0.46685251930127086,world,world,0.1260684596374631,0.10291783371940255,-0.20289415086353463,body,world
soft_none,world_only,90289,False,True,,1.0,1.0,medium,-0.05,64,world,settled,True,0.10831375420093536,0.15842014402151108,0.08660458028316498,-0.6038979388720567,body,world,0.12251236215233803,0.16070436760783197,0.27135451059408144,body,body,0.141608364880085,0.11742072198539973,-0.1873018541666103,body,body
soft_none,world_only,90290,False,True,,1.0,2.0,short,0.1,66,world,settled,True,0.10789813846349716,0.23909042179584503,0.21651737689971923,-0.09917100721721304,body,body,0.22780389934778214,0.17591212540864945,-0.2585005853825998,body,body,0.2018580123782158,0.1327066130936146,-0.41942376621168775,world,world
soft_none,world_only,90291,False,True,,1.0,-2.0,medium,0.15000000000000002,75,world,decayed,False,nan,0.2636691749095917,0.14953814446926117,-0.5671436847478712,body,body,0.20660365968942643,0.10399420373141766,-0.6864671061809924,world,world,0.15529893171042203,0.13031945656985044,-0.17536305693640064,body,body
soft_none,world_only,90292,False,True,,1.0,-4.0,short,0.1,74,world,decayed,False,nan,0.5307127997279167,0.1286899082362652,-1.4168153096733287,world,world,0.32970135398209094,0.11205192171037197,-1.0792249062069292,world,world,0.22087663784623146,0.10902387481182814,-0.7060374526600545,world,world
soft_none,world_only,90293,False,True,,1.0,4.0,medium,0.1,69,alarm,persistent,False,nan,0.5588796496391296,0.3968678653240204,-0.3423307618110786,body,body,0.477873757481575,0.07724022623151541,-1.8224262054238438,world,world,0.2775569918565452,0.06342830373905599,-1.4761160951215282,world,world
soft_none,world_only,90294,False,True,,1.0,-1.0,short,-0.1,70,world,settled,True,0.09394215792417526,0.17983821034431458,0.12654409781098366,-0.3514667685612857,body,world,0.1531911540776491,0.10286269318312406,-0.3982914916303892,world,world,0.1280269236303866,0.10497142821550369,-0.19855238176850096,body,world
soft_none,world_only,90295,False,True,,1.0,1.0,medium,0.2,64,world,settled,True,0.0959220752120018,0.09334727153182029,0.07452044785022735,-0.22525308567787863,body,world,0.08393385969102382,0.10337737090885639,0.2083569840495596,body,world,0.09365561529994011,0.09576155729591847,0.02223693602310029,body,world
soft_none,world_only,90296,False,True,,1.0,-2.0,short,0.25,84,world,settled,True,0.09995629638433456,0.3021317183971405,0.14723686575889589,-0.7188204542505787,body,body,0.22468429207801818,0.14183657467365265,-0.4600207583054579,world,world,0.18326043337583542,0.08299784930422902,-0.7920935788847543,world,world
soft_none,world_only,90297,False,True,,1.0,2.0,medium,-0.05,62,alarm,persistent,False,nan,0.25910487323999404,0.052086228132247926,-1.6043323171846737,world,world,0.155595550686121,0.07653138898313046,-0.7095590465913578,world,world,0.11606346983462572,0.07386193587444723,-0.4519395760860784,world,world
soft_none,world_only,90298,False,True,,1.0,4.0,short,0.05,62,alarm,persistent,False,nan,0.45237661004066465,0.10494900532066823,-1.4610404723895924,world,world,0.2786628076806664,0.060959084425121546,-1.519799584292161,world,world,0.16981094605289399,0.06370092546567321,-0.9804866452103139,world,world
soft_none,world_only,90299,False,True,,1.0,-4.0,medium,0.05,67,world,decayed,False,nan,0.7095708906650543,0.5667639970779419,-0.2247174218030249,body,body,0.6381674438714982,0.17224809434264898,-1.3096648536099644,world,world,0.40520776910707357,0.10469946647062897,-1.353305923630748,world,world
soft_none,world_only,90300,False,True,,1.0,-1.0,short,-0.15000000000000002,67,world,settled,True,0.09493742138147354,0.12090133130550385,0.10998329818248749,-0.09464624962576015,body,world,0.11544231474399566,0.11163160018622875,-0.033566800097745,body,world,0.1135369574651122,0.10242273360490799,-0.10301970452689987,body,world
soft_none,world_only,90301,False,True,,1.0,-1.0,medium,-0.25,72,world,settled,True,0.09079712629318237,0.11088500916957855,0.04911642856895924,-0.8143001380056282,body,world,0.08000071886926889,0.11756103560328483,0.3849220301592359,body,body,0.09878087723627686,0.08846519496291876,-0.11029483837549729,body,world
soft_none,world_only,90302,False,True,,1.0,-2.0,short,0.2,78,world,settled,True,0.08296354860067368,0.28502087742090226,0.14471846222877502,-0.6777722165011951,body,body,0.21486966982483863,0.1418636217713356,-0.4151654714099094,world,world,0.17836664579808711,0.0737287987023592,-0.8834477609821805,world,world
soft_none,world_only,90303,False,True,,1.0,2.0,medium,-0.15000000000000002,59,alarm,persistent,False,nan,0.19932957887649536,0.0665308691561222,-1.097293592245644,world,world,0.13293022401630877,0.13712540213018656,0.031071492074023325,body,body,0.13502781307324768,0.06716410755179822,-0.6983417889564674,world,world
soft_none,world_only,90304,False,True,,1.0,4.0,short,0.05,80,world,decayed,False,nan,0.3710078477859497,0.23569892942905427,-0.45366794760521284,body,body,0.303353388607502,0.09490950964391232,-1.1619745173542573,world,world,0.19913144912570716,0.06514201113022863,-1.1173954816900522,world,world
soft_none,world_only,90305,False,True,,1.0,-4.0,medium,-0.25,73,world,decayed,False,nan,0.6159306764602661,0.5758023023605346,-0.06737004227459618,body,body,0.5958664894104004,0.1907487653195858,-1.1390594335387036,world,world,0.3933076273649931,0.09830795647576451,-1.3864871078711305,world,world
soft_none,world_only,90306,False,True,,1.0,1.0,short,-0.15000000000000002,64,world,settled,True,0.09269911050796509,0.10723514519631863,0.14593579098582268,0.3081426953177874,body,body,0.12658546809107066,0.0951680786907673,-0.28527313941218246,body,world,0.11087677339091898,0.09719023071229457,-0.13174923566837002,body,world
soft_none,world_only,90307,False,True,,1.0,1.0,medium,-0.05,72,world,settled,True,0.1043669581413269,0.11235076636075973,0.07644268721342087,-0.38508454649945706,body,world,0.0943967267870903,0.11660712696611882,0.21130399657227722,body,world,0.10550192687660456,0.10380750838667155,-0.016190913735111435,body,world
soft_none,world_only,90308,False,True,,1.0,-2.0,short,-0.25,62,world,settled,True,0.08599771559238434,0.2733817405998707,0.12675580605864525,-0.7686066870745281,body,world,0.20006877332925796,0.09643415547907352,-0.7298007252732934,world,world,0.14825146440416576,0.07684166673570872,-0.6571628871104925,world,world
soft_none,world_only,90309,False,True,,1.0,2.0,medium,0.25,65,alarm,persistent,False,nan,0.21719490438699723,0.05802282765507698,-1.3199586139455841,world,world,0.1376088660210371,0.14411090686917305,0.04616783301005903,body,body,0.14085988644510508,0.07669395427219569,-0.6079428009444231,world,world
soft_none,world_only,90310,False,True,,1.0,4.0,short,0.15000000000000002,70,world,decayed,False,nan,0.3709811568260193,0.2286866694688797,-0.48379846004778765,body,body,0.2998339131474495,0.058168021775782106,-1.6398929488008045,world,world,0.1790009674616158,0.059796117688529195,-1.096450473387059,world,world
soft_none,world_only,90311,False,True,,1.0,-4.0,medium,-0.05,66,world,decayed,False,nan,0.6067014932632446,0.5091880440711976,-0.17521950965407818,body,body,0.5579447686672211,0.19461220428347586,-1.0532510940991688,world,world,0.37627848647534845,0.10357082989066839,-1.290073799342803,world,world
soft_none,world_only,90312,False,True,,1.0,1.0,short,0.2,69,world,settled,True,0.10316512733697891,0.17675572335720063,0.1870473325252533,0.056593014594827115,body,body,0.18190152794122696,0.07768152095377445,-0.8508480818597228,world,world,0.1297915244475007,0.09681096253916621,-0.2931692678815571,world,world
soft_none,world_only,90313,False,True,,1.0,-1.0,medium,-0.2,66,world,settled,True,0.09412197768688202,0.14355750754475594,0.037401757389307025,-1.3450180120264323,world,world,0.09047963246703147,0.1181827176362276,0.26710711162622175,body,body,0.10433117505162955,0.10689939316362143,0.024317926089590654,body,world
soft_none,world_only,90314,False,True,,1.0,2.0,short,-0.05,66,world,settled,True,0.08466832339763641,0.17377009838819504,0.18126867413520814,0.042247166207259185,body,body,0.17751938626170158,0.09361720606684684,-0.6398656292371516,world,world,0.1355682961642742,0.07808533757925033,-0.5516732439132224,world,world
soft_none,world_only,90315,False,True,,1.0,2.0,medium,0.0,65,world,decayed,False,nan,0.23386021703481674,0.04407353028655052,-1.668864191777322,world,world,0.13896687366068364,0.08564975745975971,-0.4839691927341588,world,world,0.11230831556022167,0.06576823033392429,-0.5351110066717971,world,world
soft_none,world_only,90316,False,True,,1.0,4.0,short,-0.05,63,world,decayed,False,nan,0.39534950256347656,0.16774595826864241,-0.8573195085151039,body,body,0.2815477304160595,0.06034139217808843,-1.5402836849444999,world,world,0.17094456129707397,0.089765399787575,-0.6441397029702556,world,world
soft_none,world_only,90317,False,True,,1.0,4.0,medium,0.25,84,alarm,persistent,False,nan,0.43319488167762754,0.3846895694732666,-0.11875100392232202,body,body,0.40894222557544707,0.060679384134709836,-1.9079698832694412,world,world,0.23481080485507846,0.05640442371368408,-1.4262325140975642,world,world
soft_none,world_only,90318,False,True,,1.0,-1.0,short,0.1,75,world,settled,True,0.08618880808353424,0.16463510692119598,0.14086458683013917,-0.1559324999482904,body,world,0.15274984687566756,0.1090366754680872,-0.33711729778122174,world,world,0.13089326117187738,0.09512077141553163,-0.31923482858733154,world,world
soft_none,world_only,90319,False,True,,1.0,1.0,medium,-0.25,65,world,settled,True,0.08824092894792557,0.1367955520749092,0.07680667340755462,-0.577195960881401,body,world,0.10680111274123191,0.12835813388228418,0.1838559325826749,body,body,0.11757962331175804,0.09179574493318796,-0.24754980423097112,body,world
soft_none,world_only,90320,False,True,,1.0,2.0,short,0.25,76,alarm,persistent,False,nan,0.2373620718717575,0.21942793428897858,-0.07856284374330406,body,body,0.22839500308036803,0.22975286096334457,0.005927614053970011,body,body,0.2290739320218563,0.15357379270717503,-0.39986361294703227,world,world
soft_none,world_only,90321,False,True,,1.0,2.0,medium,-0.15000000000000002,57,world,decayed,False,nan,0.21919632703065872,0.05550611615180969,-1.3734745830722583,world,world,0.1373512215912342,0.06816013175994158,-0.7006814908872383,world,world,0.1027556766755879,0.05880067532416433,-0.5582007593577734,world,world
soft_none,world_only,90322,False,True,,1.0,4.0,short,-0.1,74,alarm,persistent,False,nan,0.4386358857154846,0.2472197890281677,-0.5733918763311361,body,body,0.3429278373718262,0.11935786083340645,-1.0553938240377798,world,world,0.23114284910261632,0.06572236740030349,-1.257596598733727,world,world
soft_none,world_only,90323,False,True,,1.0,-4.0,medium,-0.05,75,world,decayed,False,nan,0.645509910583496,0.548368775844574,-0.16309255427163918,body,body,0.5969393432140351,0.1857906173914671,-1.1671951789007813,world,world,0.3913649803027511,0.08917958093807102,-1.4789884779173321,world,world
soft_none,world_only,90324,False,True,,1.0,1.0,short,-0.05,72,world,settled,True,0.08328379690647125,0.10878086239099502,0.12503730058670043,0.13927667567354335,body,world,0.11690908148884774,0.10517496168613434,-0.10577128623197898,body,world,0.11104202158749103,0.0718778109177947,-0.4349410957576971,world,world
soft_none,world_only,90325,False,True,,1.0,1.0,medium,0.05,80,world,settled,True,0.10174288600683212,0.09704065620899201,0.0803536206483841,-0.18869287473413307,body,world,0.08869713842868805,0.16574902981519699,0.6252471481841114,body,body,0.12722308412194253,0.09428258407860994,-0.2996456271390037,world,world
soft_none,world_only,90326,False,True,,1.0,2.0,short,0.1,73,world,settled,True,0.08737260103225708,0.23791290819644928,0.19194560050964354,-0.21469267355122773,body,body,0.2149292543530464,0.15165067687630654,-0.3487292269224598,world,world,0.18328996561467648,0.08655574657022953,-0.7502807350062358,world,world
soft_none,world_only,90327,False,True,,1.0,-2.0,medium,0.25,78,world,decayed,False,nan,0.3326743721961975,0.17216034531593322,-0.6587378675331834,body,body,0.25241735875606536,0.09840909130871296,-0.9419507119493948,world,world,0.17541322503238915,0.12255601156502963,-0.3585763136189341,world,world
soft_none,world_only,90328,False,True,,1.0,-4.0,short,0.15000000000000002,74,alarm,persistent,False,nan,0.5110965207219124,0.13328576385974883,-1.3440630345898053,world,world,0.3221911422908306,0.1202936589717865,-0.9852090675618335,world,world,0.22124240063130857,0.09029596084728837,-0.8961662068198611,world,world
soft_none,world_only,90329,False,True,,1.0,4.0,medium,0.15000000000000002,75,alarm,persistent,False,nan,0.47492696046829225,0.37114335894584655,-0.24657262455363999,body,body,0.4230351597070694,0.07146564647555351,-1.7782384301024514,world,world,0.24725040309131147,0.06085873884148896,-1.4018461788349479,world,world
soft_none,world_only,90330,False,True,,1.0,1.0,short,0.1,82,world,settled,True,0.0939551517367363,0.09082615822553634,0.10473406836390495,0.14247712494101467,body,world,0.09778011329472065,0.10134915448725224,0.035850314540030626,body,world,0.09956463389098644,0.10264938063919544,0.030512089613710557,body,world
soft_none,world_only,90331,False,True,,1.0,1.0,medium,-0.05,61,world,settled,True,0.1073223203420639,0.10581521540880204,0.07242649793624878,-0.37912209599479846,body,world,0.08912085667252541,0.09524384513497353,0.06644700520745594,body,world,0.09218235090374946,0.10058964807540179,0.08728066016509259,body,world
soft_none,world_only,90332,False,True,,1.0,-2.0,short,-0.1,70,world,settled,True,0.10215599834918976,0.29954944252967836,0.14379667937755586,-0.7338791344321721,body,body,0.2216730609536171,0.1141256831586361,-0.6639032730258169,world,world,0.1678993720561266,0.11832153927534819,-0.3499589963447049,world,world
soft_none,world_only,90333,False,True,,1.0,2.0,medium,0.1,72,world,decayed,False,nan,0.18552591651678085,0.05558797642588616,-1.2052276574316183,world,world,0.1205569464713335,0.07829247210174799,-0.43167076948729904,world,world,0.09942470928654075,0.06501216567121446,-0.4248262505870516,world,world
soft_none,world_only,90334,False,True,,1.0,4.0,short,0.05,61,world,decayed,False,nan,0.43769208788871766,0.21812340021133422,-0.6964547088161396,body,body,0.32790774405002593,0.10315771084278821,-1.156473310270584,world,world,0.21553272744640709,0.07611218988895416,-1.040904330964785,world,world
soft_none,world_only,90335,False,True,,1.0,-4.0,medium,0.1,77,alarm,persistent,False,nan,0.6346899986267089,0.49575425386428834,-0.24705634052224434,body,body,0.5652221262454986,0.19730207845568656,-1.0524828502158246,world,world,0.3812621023505926,0.10153169883415103,-1.3231160177782968,world,world
soft_none,world_only,90336,False,True,,1.0,-1.0,short,-0.15000000000000002,76,world,settled,True,0.11539106070995331,0.2440553478896618,0.1357424810528755,-0.5866354660956453,body,world,0.18989891447126866,0.10899263620376587,-0.5552115793008021,world,world,0.14944577533751727,0.10652339486405253,-0.3385689891537304,world,world
soft_none,world_only,90337,False,True,,1.0,1.0,medium,-0.25,60,world,settled,True,0.08744800835847855,0.14197912067174911,0.07946737706661225,-0.5803334231875331,body,world,0.11072324886918068,0.1614349141716957,0.37706821865904383,body,body,0.13607908152043818,0.08683990072458983,-0.4491699966986312,world,world
soft_none,world_only,90338,False,True,,1.0,2.0,short,-0.1,58,world,settled,True,0.08802694827318192,0.23545677214860916,0.1980779141187668,-0.17286687991048152,body,body,0.21676734313368798,0.1620718002319336,-0.29078517856578445,body,body,0.1894195716828108,0.09496377632021905,-0.6904689935977227,world,world
soft_none,world_only,90339,False,True,,1.0,2.0,medium,-0.05,61,alarm,persistent,False,nan,0.27425015568733213,0.047358515113592146,-1.756294029930773,world,world,0.16080433540046216,0.08446030616760254,-0.6439066433266316,world,world,0.12263232078403234,0.06481412739958614,-0.6376670216648288,world,world
soft_none,world_only,90340,False,True,,1.0,4.0,short,-0.2,57,world,decayed,False,nan,0.4081559479236603,0.18505836129188538,-0.7909780849058952,body,body,0.2966071546077728,0.04429923971183598,-1.9014410368462265,world,world,0.1704531971598044,0.07926517776213586,-0.7656618436554964,world,world
soft_none,world_only,90341,False,True,,1.0,4.0,medium,0.15000000000000002,71,world,decayed,False,nan,0.5439169645309448,0.36129856705665586,-0.4090919244060919,body,body,0.45260776579380035,0.07324550710618496,-1.821208981653937,world,world,0.26292663644999265,0.0743387586902827,-1.263242577411564,world,world
soft_none,world_only,90342,False,True,,1.0,1.0,short,-0.2,69,world,settled,True,0.08691908419132233,0.13514214009046555,0.1769230157136917,0.26938758439156985,body,body,0.15603257790207864,0.10358308348804712,-0.4096907884549246,world,world,0.12980783069506288,0.08557788226753474,-0.41662826634432854,world,world
soft_none,world_only,90343,False,True,,1.0,1.0,medium,-0.1,70,world,settled,True,0.08416271209716797,0.11538414210081101,0.07796671241521835,-0.39198495613487944,body,world,0.09667542725801467,0.16722558811306953,0.547984470882003,body,body,0.13195050768554212,0.0870480565354228,-0.41596657037931667,world,world
soft_none,world_only,90344,False,True,,1.0,2.0,short,0.2,65,world,settled,True,0.08855775743722916,0.22484059631824493,0.18857524693012237,-0.1758945751277106,body,body,0.20670792162418367,0.12550062984228133,-0.4989960129887919,world,world,0.1661042757332325,0.08496563788503408,-0.6703688436307883,world,world
soft_none,world_only,90345,False,True,,1.0,-2.0,medium,0.0,75,alarm,persistent,False,nan,0.2369232952594757,0.1447614073753357,-0.49264951927851486,body,body,0.1908423513174057,0.10898105800151825,-0.5602736141303979,world,world,0.14991170465946196,0.11258564749732614,-0.2863322420971837,body,body
soft_none,world_only,90346,False,True,,1.0,4.0,short,-0.2,59,alarm,persistent,False,nan,0.4315555512905121,0.12242314666509628,-1.2599127832512602,world,world,0.2769893489778042,0.06416019648313523,-1.462596028157824,world,world,0.1705747727304697,0.07379158313851804,-0.8379290748388671,world,world
soft_none,world_only,90347,False,True,,1.0,-4.0,medium,-0.2,63,alarm,persistent,False,nan,0.5968088448047638,0.5801464438438415,-0.028316308106729603,body,body,0.5884776443243027,0.19775302708148956,-1.0905200242757451,world,world,0.39311533570289614,0.10753824636340141,-1.296256479467218,world,world
soft_none,world_only,90348,False,True,,1.0,-1.0,short,0.25,77,world,settled,True,0.10172629356384277,0.1927827402949333,0.14730460792779923,-0.26906125129247976,body,body,0.17004367411136628,0.11985203698277473,-0.34979735375533255,world,world,0.14494785554707051,0.1065661370754242,-0.3076082630176882,world,world
soft_none,world_only,90349,False,True,,1.0,1.0,medium,0.05,63,world,settled,True,0.09151335060596466,0.08682477921247482,0.07248031497001647,-0.18057704838613284,body,world,0.07965254709124565,0.12051729336380959,0.4141192416347914,body,body,0.10008492022752762,0.1074134236201644,0.07066613352177173,body,world
soft_none,world_only,90350,False,True,,1.0,-2.0,short,0.05,79,world,settled,True,0.10224519670009613,0.2504432797431946,0.1447855919599533,-0.5479784947534473,body,body,0.19761443585157396,0.0954592201858759,-0.7276186960444464,world,world,0.14653682801872492,0.1046969372779131,-0.33620691756967075,world,world
soft_none,world_only,90351,False,True,,1.0,2.0,medium,0.25,75,world,decayed,False,nan,0.23907950818538665,0.051641788333654404,-1.5324649706785787,world,world,0.14536064825952053,0.0584138804115355,-0.9116643438880777,world,world,0.10188726433552801,0.07544727462809533,-0.3004328874320399,world,world
soft_none,world_only,90352,False,True,,1.0,-4.0,short,0.2,76,world,decayed,False,nan,0.6399442672729492,0.10242280513048171,-1.83227169601342,world,world,0.37118353620171546,0.13512906804680824,-1.010466265713047,world,world,0.2531563021242619,0.09931908193975687,-0.9356693757890344,world,world
soft_none,world_only,90353,False,True,,1.0,-4.0,medium,-0.05,65,world,decayed,False,nan,0.6260376334190368,0.5724998474121094,-0.08939801767664102,body,body,0.5992687404155731,0.18358890414237977,-1.1830111045370857,world,world,0.39142882227897646,0.10581364165991544,-1.3081242418884544,world,world
soft_none,world_only,90354,False,True,,1.0,-1.0,short,-0.25,72,world,settled,True,0.09092547744512558,0.1260876551270485,0.09361564069986343,-0.2977798696749506,body,world,0.10985164791345596,0.08814601041376591,-0.22013615144751214,body,world,0.09899882916361094,0.09209055714309215,-0.07233561373477546,body,world
soft_none,world_only,90355,False,True,,1.0,1.0,medium,0.0,71,world,settled,True,0.089504674077034,0.0918024942278862,0.06985347494482994,-0.2732396343569066,body,world,0.08082798458635806,0.11655185408890248,0.3660130239995057,body,world,0.09868991933763027,0.0902977928519249,-0.08886978912149075,body,world
soft_none,world_only,90356,False,True,,1.0,2.0,short,0.2,78,world,settled,True,0.09717555344104767,0.2605818688869476,0.2145476222038269,-0.19438535911399105,body,body,0.23756474554538726,0.17159766107797622,-0.3252876422660077,world,world,0.20458120331168175,0.10941800512373448,-0.6257895217736138,world,world
soft_none,world_only,90357,False,True,,1.0,-2.0,medium,-0.1,69,world,decayed,False,nan,0.24279751777648925,0.17683422267436982,-0.3170151371726955,body,body,0.20981587022542952,0.10409351363778115,-0.7009406729211538,world,world,0.15695469193160533,0.12173048425465822,-0.2541477217582659,body,body
soft_none,world_only,90358,False,True,,1.0,4.0,short,-0.15000000000000002,74,alarm,persistent,False,nan,0.42111665606498716,0.23932568430900575,-0.5650845679324908,body,body,0.3302211701869965,0.07917128410190344,-1.4281489840527217,world,world,0.20469622714444996,0.061197771318256856,-1.2074162888647284,world,world
soft_none,world_only,90359,False,True,,1.0,-4.0,medium,-0.2,57,world,decayed,False,nan,0.6317259728908539,0.5367477178573609,-0.16292752795236667,body,body,0.5842368453741074,0.1622907602461055,-1.2809169149514044,world,world,0.3732638028101064,0.09145776135846972,-1.4064081746003312,world,world
soft_none,body_world,90360,True,True,m,1.436507707360915,1.0,short,-0.15000000000000002,74,world,settled,True,0.0858200266957283,0.12762756645679474,0.12992799133062363,0.017863998507351413,body,world,0.12877777889370917,0.09748532772064208,-0.27838639290577205,body,world,0.11313155330717564,0.08143547642976046,-0.32874032369108347,world,world
soft_none,body_world,90361,True,True,l,1.4256287739373548,-1.0,medium,-0.25,60,world,settled,True,0.0882796123623848,0.11048771291971207,0.04200098253786564,-0.9672113077099846,body,world,0.07624434772878885,0.06367348805069924,-0.18017500879607382,body,world,0.06995891788974404,0.09461042396724224,0.30185947744170194,body,world
soft_none,body_world,90362,True,True,m,1.4329806398316671,-2.0,short,0.2,74,world,settled,True,0.08584674447774887,0.12431357204914092,0.20434071645140647,0.49698159892904126,body,body,0.1643271442502737,0.07128897923976182,-0.8351174762963618,world,world,0.11780806174501776,0.08848922085016966,-0.28617595844918386,body,world
soft_none,body_world,90363,True,True,l,1.210563351806276,-2.0,medium,-0.15000000000000002,77,world,decayed,False,nan,0.32095758318901063,0.1615106761455536,-0.6867377281584987,body,body,0.2412341296672821,0.10402218997478485,-0.8411637127682574,world,world,0.17262815982103347,0.08042208561673761,-0.7638510809125888,world,world
soft_none,body_world,90364,True,True,m,1.372696280105733,-4.0,short,-0.15000000000000002,58,world,decayed,False,nan,0.5362165227532387,0.09707579910755157,-1.7090459324201097,world,world,0.3166461609303951,0.09022226668894291,-1.2555086831900582,world,world,0.20343421380966903,0.07153672832064331,-1.0451316783395812,world,world
soft_none,body_world,90365,True,True,l,1.2749895656307437,-4.0,medium,-0.2,74,world,decayed,False,nan,0.6081961959600448,0.35914346575737,-0.5267755859123237,body,body,0.4836698308587074,0.11490354556590318,-1.4373094640677377,world,world,0.2992866882123053,0.07893381542526186,-1.3327922155589802,world,world
soft_none,body_world,90366,True,True,m,1.3066897985826524,-1.0,short,-0.15000000000000002,69,world,settled,True,0.08032989501953125,0.12491460889577866,0.10897593051195145,-0.13650333817638224,body,world,0.11694526970386505,0.09360616467893124,-0.2226098017764335,body,world,0.10527571719139814,0.0790077481418848,-0.28703686117356536,world,world
soft_none,body_world,90367,True,True,l,1.3576619828175316,1.0,medium,0.15000000000000002,62,world,settled,True,0.09670808911323547,0.06557438597083091,0.1235092893242836,0.6331312085001978,body,world,0.09454183764755726,0.09024512693285942,-0.046512862403021965,body,world,0.09239348229020834,0.11347894202917815,0.20556084875059055,body,body
soft_none,body_world,90368,True,True,m,1.4143053583788585,2.0,short,0.05,60,world,settled,True,0.10484234988689423,0.15883909463882445,0.11744510233402253,-0.301920696188554,body,world,0.1381420984864235,0.10698590576648712,-0.2555857505803362,body,world,0.12256400212645531,0.11828615553677083,-0.03552662417885895,body,body
soft_none,body_world,90369,True,True,l,1.3743712386074276,-2.0,medium,0.1,67,world,decayed,False,nan,0.16357233226299286,0.17337011098861693,0.05817338751142495,body,body,0.1684712216258049,0.10031922273337841,-0.5184076146860576,world,world,0.13439522217959166,0.11703058443963528,-0.13834957209390034,body,body
soft_none,body_world,90370,True,True,m,1.5116611087725051,4.0,short,-0.25,61,world,decayed,False,nan,0.4829608917236328,0.07718936502933502,-1.8336739920043157,world,world,0.2800751283764839,0.14346187934279442,-0.6689885320797988,world,world,0.21176850385963916,0.0480744811007753,-1.48274221723892,world,world
soft_none,body_world,90371,True,True,l,1.462891218935012,4.0,medium,0.2,69,world,decayed,False,nan,0.09131205976009368,0.25208680927753446,1.0154906411968343,body,body,0.1716994345188141,0.10951348319649697,-0.44969779858160136,world,world,0.14060645885765552,0.15128133706748487,0.07317634653106464,body,body
soft_none,body_world,90372,True,True,m,1.6331779731038802,-1.0,short,-0.1,65,world,settled,True,0.0837433785200119,0.09687825292348862,0.06427847892045975,-0.4102301884261777,body,world,0.08057836592197418,0.09781950488686561,0.1938937930223146,body,world,0.0891989354044199,0.0852050395682454,-0.045808522638692596,body,world
soft_none,body_world,90373,True,True,l,1.2018022497580947,-1.0,medium,0.1,66,world,settled,True,0.08804566413164139,0.14496389031410217,0.1118235670030117,-0.2595623444923778,body,world,0.12839372865855694,0.07827030196785927,-0.4949333020025608,world,world,0.1033320153132081,0.09553472688421608,-0.07845744001232524,body,world
soft_none,body_world,90374,True,True,m,1.3280228263513763,-2.0,short,0.1,73,world,settled,True,0.09296171367168427,0.19016288369894027,0.1116633616387844,-0.5323923420752856,body,world,0.15091312266886234,0.0852026704698801,-0.5716715477884875,world,world,0.11805789656937123,0.08697209041565657,-0.30558788566255646,world,world
soft_none,body_world,90375,True,True,l,1.308876304017658,2.0,medium,-0.25,65,world,decayed,False,nan,0.1912035897374153,0.04879598692059517,-1.36569070097444,world,world,0.11999978832900524,0.14135002717375755,0.16374929752852904,body,body,0.1306749077513814,0.09161515161395073,-0.3551159500255279,world,world
soft_none,body_world,90376,True,True,m,1.5016949779873145,4.0,short,0.2,70,world,decayed,False,nan,0.1140036478638649,0.2754979431629181,0.8823497160433944,body,body,0.1947507955133915,0.08992777895182372,-0.7727138774361011,world,world,0.1423392872326076,0.1058300057426095,-0.2963794669914768,world,world
soft_none,body_world,90377,True,True,l,1.2414565409093206,-4.0,medium,0.25,66,world,decayed,False,nan,0.07835008949041367,0.5265370190143586,1.9051345296313695,body,body,0.3024435542523861,0.24019890874624253,-0.23042729601581333,body,body,0.2713212314993143,0.0736218633595854,-1.3043614368474967,world,world
soft_none,body_world,90378,True,True,m,1.4238236120964585,1.0,short,0.25,66,world,settled,True,0.08062561601400375,0.09122548401355743,0.10051146000623704,0.09693746289080118,body,world,0.09586847200989723,0.11256278678774834,0.160534001926495,body,world,0.10421562939882278,0.07777905631810426,-0.29258991635409864,world,world
soft_none,body_world,90379,True,True,l,1.2836548774066676,-1.0,medium,-0.25,64,world,settled,True,0.0818421021103859,0.15613792985677719,0.03224004879593849,-1.5775303511948717,world,world,0.09418898932635784,0.08741540610790252,-0.07463175023351569,body,world,0.09080219771713019,0.09568672552704811,0.052396090364157544,body,world
soft_none,body_world,90380,True,True,m,1.3621236417497946,2.0,short,0.2,70,world,settled,True,0.09889085590839386,0.09194918423891067,0.17621966004371642,0.6504952060573895,body,body,0.13408442214131355,0.11559653729200363,-0.14836361598589315,body,world,0.1248404797166586,0.1166392758488655,-0.06795070023477685,body,body
soft_none,body_world,90381,True,True,l,1.3983378082528164,-2.0,medium,-0.2,74,world,decayed,False,nan,0.28179616332054136,0.14264895468950273,-0.6807972346357585,body,body,0.21222255900502204,0.13349095433950425,-0.46360181284973445,world,world,0.17285675667226313,0.11101329242810606,-0.44281330965833227,world,world
soft_none,body_world,90382,True,True,m,1.3509200717074077,-4.0,short,-0.2,74,world,decayed,False,nan,0.42151986956596377,0.09784528762102127,-1.4604793829940925,world,world,0.25968257859349253,0.0814880982041359,-1.1590030583279718,world,world,0.1705853383988142,0.06422807388007641,-0.9767952870089982,world,world
soft_none,body_world,90383,True,True,l,1.2311925915846564,4.0,medium,-0.2,58,world,decayed,False,nan,0.5062906920909882,0.2732392162084579,-0.6167633332794725,body,body,0.38976495414972306,0.06485386230051518,-1.793407409333547,world,world,0.2273094082251191,0.043225121265277264,-1.6598902842169798,world,world
soft_none,body_world,90384,True,True,m,1.524037917146982,-1.0,short,0.25,63,world,settled,True,0.08378300070762634,0.05634990558028221,0.1112053781747818,0.6797981806376157,body,world,0.083777641877532,0.07176777943968773,-0.15473054750701995,body,world,0.07777271065860987,0.08971406817436219,0.1428369856919785,body,world
soft_none,body_world,90385,True,True,l,1.3531822605860213,1.0,medium,-0.2,58,world,decayed,False,nan,0.16362973004579545,0.06872655749320984,-0.8674704351729656,body,world,0.11617814376950264,0.1602784737944603,0.3217880283597943,body,body,0.13822830878198147,0.1209198288153857,-0.1337789753643533,body,body
soft_none,body_world,90386,True,True,m,1.3095845696334245,2.0,short,0.1,61,world,settled,True,0.08135441690683365,0.13328782916069032,0.13811235427856444,0.03555659645109956,body,world,0.13570009171962738,0.13219467028975487,-0.02617163164434388,body,body,0.1339473810046911,0.08924355991184711,-0.40607778355703406,world,world
soft_none,body_world,90387,True,True,l,1.3723802328668413,-2.0,medium,-0.2,61,world,decayed,False,nan,0.3706464409828186,0.1509321928024292,-0.8984179372885168,body,body,0.2607893168926239,0.13318802937865257,-0.6719509818403219,world,world,0.19698867313563823,0.096718430519104,-0.7113422511931088,world,world
soft_none,body_world,90388,True,True,m,1.6369604542264304,4.0,short,0.25,64,world,decayed,False,nan,0.05620096698403358,0.3167509943246841,1.7291819954697012,body,body,0.18647598065435886,0.08802020885050296,-0.7507360065906253,world,world,0.1372480947524309,0.10673597757704556,-0.2514319128195963,body,world
soft_none,body_world,90389,True,True,l,1.4434986184388112,4.0,medium,0.1,68,world,decayed,False,nan,0.19712064564228057,0.18017154037952424,-0.0899065565361475,body,body,0.1886460930109024,0.07867407444864512,-0.8745590572993946,world,world,0.13366008372977375,0.1371657123789191,0.025889885763234886,body,body
soft_none,body_world,90390,True,True,m,1.628686273513856,1.0,short,-0.25,63,world,decayed,False,nan,0.18445101380348206,0.10116637200117111,-0.6006175112334898,body,world,0.1428086929023266,0.09618000239133835,-0.395284462006177,world,world,0.11949434764683246,0.11839390601962804,-0.009251818529885618,body,body
soft_none,body_world,90391,True,True,l,1.4997252692437577,-1.0,medium,-0.25,60,world,decayed,False,nan,0.20963544845581056,0.09194759652018547,-0.824151250736919,body,world,0.15079152248799801,0.08042810931801796,-0.6285345036045723,world,world,0.11560981590300798,0.11303941225633025,-0.022484326357332177,body,body
soft_none,body_world,90392,True,True,m,1.4793682183432437,2.0,short,-0.2,56,world,decayed,False,nan,0.222558856010437,0.1357064962387085,-0.4946971502656816,body,world,0.17913267612457276,0.09535140842199326,-0.6305576356698065,world,world,0.13724204227328302,0.08751493440940976,-0.44993664115056176,world,world
soft_none,body_world,90393,True,True,l,1.373838534697687,-2.0,medium,0.2,80,world,decayed,False,nan,0.08479657769203186,0.262725368142128,1.1308540744176223,body,body,0.17376097291707993,0.11842124462127686,-0.38343249865335205,world,world,0.14609110876917838,0.11796801565214991,-0.21381692581791742,body,body
soft_none,body_world,90394,True,True,m,1.374879786515465,4.0,short,-0.2,58,world,decayed,False,nan,0.42113085091114044,0.08782158643007279,-1.567636265621093,world,world,0.2544762186706066,0.12488534152507783,-0.7118113397315965,world,world,0.18968078009784223,0.05628455118276179,-1.2149224586900125,world,world
soft_none,body_world,90395,True,True,l,1.2278138310881848,-4.0,medium,-0.2,72,world,decayed,False,nan,0.5829251766204834,0.3653159081935883,-0.4672963549731378,body,body,0.4741205424070358,0.10898370267823339,-1.4702632439027081,world,world,0.29155212254263463,0.06088790250942111,-1.5661842880249897,world,world
soft_none,body_world,90396,True,True,m,1.5997246997728216,1.0,short,-0.15000000000000002,76,world,settled,True,0.08622468262910843,0.11927176117897034,0.0997850015759468,-0.17838670958804967,body,world,0.10952838137745857,0.08895254023373127,-0.2080807346342541,body,world,0.09924046080559493,0.08862480856478214,-0.11313397736711124,body,world
soft_none,body_world,90397,True,True,l,1.2083810902658325,1.0,medium,0.15000000000000002,74,world,settled,True,0.08144353330135345,0.08884075656533241,0.09399842172861099,0.05643247697410949,body,world,0.09141958914697171,0.11032102257013321,0.18793472380229567,body,world,0.10087030585855246,0.0766746262088418,-0.2742647562860067,body,world
soft_none,body_world,90398,True,True,m,1.605681322392905,2.0,short,-0.05,61,world,decayed,False,nan,0.21002805680036546,0.10320926904678344,-0.7104824602455216,body,world,0.15661866292357446,0.09158082827925682,-0.5365920007002584,world,world,0.12409974560141564,0.10339976623654365,-0.1824829409568211,body,world
soft_none,body_world,90399,True,True,l,1.216354811034764,-2.0,medium,-0.25,60,world,decayed,False,nan,0.2630166321992874,0.1646591991186142,-0.46833939247025996,body,body,0.2138379156589508,0.11297245025634765,-0.6380743386377125,world,world,0.16340518295764922,0.0662601737305522,-0.9026438825494054,world,world
soft_none,body_world,90400,True,True,m,1.3999353886758357,4.0,short,-0.05,71,world,decayed,False,nan,0.37159686386585233,0.1510830581188202,-0.8999798280033302,body,body,0.26133996099233625,0.10348756592720747,-0.9263706227812668,world,world,0.18241376345977187,0.05937397696543485,-1.1224215002074587,world,world
soft_none,body_world,90401,True,True,l,1.3909618610188579,-4.0,medium,0.2,64,world,decayed,False,nan,0.12409720197319984,0.34887680411338806,1.033653717667785,body,body,0.23648700304329395,0.1806851714849472,-0.2691371182825381,body,body,0.2085860872641206,0.10905577866360545,-0.6484923623824396,world,world
soft_none,body_world,90402,True,True,m,1.4765881692612393,-1.0,short,-0.15000000000000002,72,world,settled,True,0.07868341356515884,0.1418714351952076,0.06646254360675811,-0.7582827266016505,body,world,0.10416698940098286,0.0977532159537077,-0.06354918064651723,body,world,0.10096010267734527,0.07631417121738196,-0.2798667645169387,body,world
soft_none,body_world,90403,True,True,l,1.2287348099119875,1.0,medium,-0.1,60,world,settled,True,0.09855413436889648,0.1514646142721176,0.07204348295927047,-0.7430821617933618,body,world,0.11175404861569405,0.12486880794167518,0.1109631876260088,body,body,0.11831142827868461,0.11947572249919176,0.009792821195522458,body,body
soft_none,body_world,90404,True,True,m,1.5959684874168683,-2.0,short,-0.2,61,world,settled,True,0.08906616270542145,0.19489068910479546,0.061653696745634076,-1.150905641447568,world,world,0.12827219292521477,0.07508621700108051,-0.5355175000190925,world,world,0.10167920496314764,0.09050323460251093,-0.11643721631008169,body,world
soft_none,body_world,90405,True,True,l,1.4263406910614387,-2.0,medium,-0.15000000000000002,77,world,decayed,False,nan,0.25083076059818266,0.12753133475780487,-0.6764163539408269,body,world,0.18918104767799376,0.12850336357951164,-0.38674940105647626,world,world,0.1588422056287527,0.13090252694673837,-0.19345831488330265,body,body
soft_none,body_world,90406,True,True,m,1.5761825745829299,-4.0,short,0.25,68,world,decayed,False,nan,0.12899432629346846,0.401179264485836,1.1346399498446718,body,body,0.26508679538965224,0.08317836560308933,-1.1590700169275403,world,world,0.1741325804963708,0.09130239365622402,-0.6456399612079208,world,world
soft_none,body_world,90407,True,True,l,1.3075505965528191,-4.0,medium,0.25,60,world,decayed,False,nan,0.060692427307367326,0.43653942346572877,1.97305975419325,body,body,0.24861592538654803,0.2227490082383156,-0.10986362332085362,body,body,0.23568246681243182,0.091469149524346,-0.946483667686171,world,world
soft_none,body_world,90408,True,True,m,1.5508532757037867,1.0,short,-0.25,74,world,settled,True,0.09587796032428741,0.17028166055679322,0.10158033818006515,-0.5166038982646943,body,world,0.13593099936842917,0.105289888381958,-0.25543001163453005,body,world,0.1206104438751936,0.10282717682421208,-0.15951619576356468,body,world
soft_none,body_world,90409,True,True,l,1.386472676208235,1.0,medium,0.05,62,world,settled,True,0.08223024010658264,0.07654353715479374,0.09456228315830231,0.21139900635782358,body,world,0.08555291015654802,0.11595829501748085,0.3040955839647999,body,world,0.10075560258701444,0.08451086059212684,-0.17581775426316748,body,world
soft_none,body_world,90410,True,True,m,1.305798982810204,2.0,short,0.0,73,world,decayed,False,nan,0.23108536005020142,0.15713920295238495,-0.3856551107700477,body,body,0.19411228150129317,0.16185450404882432,-0.18173895374269722,body,body,0.17798339277505876,0.09909973572939634,-0.5855634722969448,world,world
soft_none,body_world,90411,True,True,l,1.201605261104429,-2.0,medium,0.15000000000000002,64,world,decayed,False,nan,0.1282684735953808,0.12893876135349275,0.005212056151048622,body,world,0.12860361747443677,0.1142779141664505,-0.11810161582929028,body,world,0.12144076582044364,0.09114027414470911,-0.28702682600769364,world,world
soft_none,body_world,90412,True,True,m,1.6785527327767333,-4.0,short,-0.2,66,world,decayed,False,nan,0.565590177476406,0.11534351259469985,-1.5899550058898186,world,world,0.34046684503555297,0.0724949105642736,-1.5468013891575079,world,world,0.20648087779991328,0.10131335351616144,-0.7119895826108102,world,world
soft_none,body_world,90413,True,True,l,1.497413653722908,4.0,medium,-0.05,68,world,decayed,False,nan,0.2726510614156723,0.15325671434402466,-0.5760784274568246,body,body,0.21295388787984848,0.09187115617096424,-0.8406885343824968,world,world,0.15241252202540637,0.15281741870567203,0.0026530616019684655,body,body
soft_none,body_world,90414,True,True,m,1.6384059842206313,-1.0,short,-0.1,67,world,settled,True,0.08778765052556992,0.06508954167366028,0.045304715633392334,-0.3623527611961512,body,world,0.05519712865352631,0.09990318194031715,0.593290601617845,body,world,0.07755015529692173,0.0908144809305668,0.15789386234574848,body,world
soft_none,body_world,90415,True,True,l,1.4445958942354706,1.0,medium,-0.15000000000000002,61,world,settled,True,0.08372741937637329,0.08513721153140068,0.0763886570930481,-0.10842999051286611,body,world,0.0807629343122244,0.10486565455794335,0.26116192400613547,body,world,0.09281429443508386,0.07976042348891496,-0.15157322761127678,body,world
soft_none,body_world,90416,True,True,m,1.4228738912776615,-2.0,short,-0.05,70,world,settled,True,0.0850561112165451,0.19558959901332856,0.08079339265823364,-0.8841233932567951,body,world,0.1381914958357811,0.08366496600210667,-0.5018200506542119,world,world,0.11092823091894388,0.08223350970074535,-0.2993205443149667,world,world
soft_none,body_world,90417,True,True,l,1.412003609654068,-2.0,medium,-0.15000000000000002,63,world,decayed,False,nan,0.2848452925682068,0.1393361821770668,-0.7150566098928992,body,world,0.21209073737263678,0.12459861263632774,-0.5319167178266125,world,world,0.16834467500448227,0.10387986674904823,-0.4827784105473331,world,world
soft_none,body_world,90418,True,True,m,1.6633408277228265,4.0,short,0.25,65,world,decayed,False,nan,0.07932581752538681,0.3023438513278961,1.3380013067989929,body,body,0.19083483442664145,0.08757865931838751,-0.7788709595440129,world,world,0.1392067468725145,0.11212577950209379,-0.216338943201583,body,world
soft_none,body_world,90419,True,True,l,1.4868039659450991,-4.0,medium,0.25,75,world,decayed,False,nan,0.06815046146512031,0.3858503460884094,1.7337316604192015,body,body,0.22700040377676486,0.22486239969730376,-0.00946313800573844,body,body,0.22593140173703433,0.14094972563907504,-0.4718281500142551,world,world
soft_none,body_world,90420,True,True,m,1.5449902128447706,1.0,short,-0.05,63,world,settled,True,0.07948744297027588,0.098467056453228,0.12254482358694077,0.21875482990444914,body,world,0.11050594002008438,0.08239516392350196,-0.2935425304065585,body,world,0.09645055197179317,0.07287001525983214,-0.2803532211216502,body,world
soft_none,body_world,90421,True,True,l,1.3429074718778478,1.0,medium,-0.05,68,world,settled,True,0.08751006424427032,0.10109667927026748,0.07156173884868622,-0.3455167219791343,body,world,0.08632920905947686,0.11287696585059166,0.2681304273805772,body,world,0.09960308745503425,0.09727971516549587,-0.02360267242732572,body,world
soft_none,body_world,90422,True,True,m,1.4859152920245902,2.0,short,-0.2,56,world,settled,True,0.08399869501590729,0.13799253702163697,0.10689681023359299,-0.25533562534340115,body,world,0.12244467362761498,0.11270960383117198,-0.08284465079843477,body,world,0.11757713872939349,0.08774590380489826,-0.29264943703674123,world,world
soft_none,body_world,90423,True,True,l,1.4537628318674107,-2.0,medium,0.0,61,world,decayed,False,nan,0.2166432648897171,0.14502851366996766,-0.4013216910989004,body,body,0.18083588927984237,0.09940382316708565,-0.5983993555446293,world,world,0.140119856223464,0.11683548539876938,-0.18173133463518726,body,body
soft_none,body_world,90424,True,True,m,1.5039422662674549,-4.0,short,-0.2,72,world,decayed,False,nan,0.5402928173542023,0.0893208459019661,-1.7998763495587111,world,world,0.3148068316280842,0.0814053773880005,-1.3525178856905082,world,world,0.19810610450804234,0.08643340906128287,-0.8294284884961428,world,world
soft_none,body_world,90425,True,True,l,1.484051795950852,4.0,medium,0.0,66,world,decayed,False,nan,0.24313702285289765,0.11720884665846824,-0.729667806744796,body,world,0.18017293475568294,0.07975485175848007,-0.8149595613979241,world,world,0.12996389325708152,0.15962978824973106,0.20560064306755077,body,body
soft_none,body_world,90426,True,True,m,1.499613542769097,-1.0,short,-0.2,68,world,settled,True,0.08191581070423126,0.1060442104935646,0.09080662876367569,-0.15512380033847176,body,world,0.09842541962862014,0.09679943844676017,-0.016657907160148786,body,world,0.09761242903769016,0.0851855544373393,-0.13617296140607177,body,world
soft_none,body_world,90427,True,True,l,1.2434438593395136,1.0,medium,0.05,67,world,settled,True,0.08053340762853622,0.09721620082855224,0.07159685045480728,-0.30588628783074784,body,world,0.08440652564167976,0.11316175535321235,0.29317354180578603,body,world,0.09878414049744606,0.07492468142881989,-0.2764537092619068,body,world
soft_none,body_world,90428,True,True,m,1.5747146197091175,2.0,short,0.25,64,world,settled,True,0.09998757392168045,0.08527024835348129,0.18042150288820266,0.7494701908324335,body,body,0.132845875620842,0.09587955996394157,-0.3260968062308025,world,world,0.11436271779239178,0.11435826085507869,-3.8972702373118534e-05,body,body
soft_none,body_world,90429,True,True,l,1.4646053079069046,-2.0,medium,0.1,67,world,decayed,False,nan,0.1826188176870346,0.22756211161613465,0.22002220222422963,body,body,0.20509046465158462,0.09805321991443634,-0.7379407811634634,world,world,0.1515718422830105,0.11680235443636774,-0.2605764910010033,body,body
soft_none,body_world,90430,True,True,m,1.6725099978259204,-4.0,short,0.1,62,world,decayed,False,nan,0.32521177679300306,0.15139271542429925,-0.7645993659396207,body,body,0.23830224610865117,0.09520538933575154,-0.9175032587459826,world,world,0.16675381772220135,0.0768687407951802,-0.7744192771580669,world,world
soft_none,body_world,90431,True,True,l,1.3236542402011626,-4.0,medium,0.1,67,world,decayed,False,nan,0.3198723912239075,0.4002445966005325,0.22415371288894592,body,body,0.36005849391222,0.17294877022504807,-0.7332710765636257,world,world,0.26650363206863403,0.06649073623120785,-1.388325239124263,world,world
soft_none,body_world,90432,True,True,m,1.3642720743548598,-1.0,short,0.15000000000000002,61,world,settled,True,0.08303722739219666,0.11849506050348282,0.10697403401136399,-0.102285143970382,body,world,0.1127345472574234,0.0999158825725317,-0.1207072581131034,body,world,0.10632521491497755,0.07537180632352829,-0.34406917879081256,world,world
soft_none,body_world,90433,True,True,l,1.3743791243103016,-1.0,medium,0.05,77,world,settled,True,0.07724566012620926,0.10830980390310288,0.05822681114077568,-0.6206497541485442,body,world,0.08326830752193928,0.05853831674903631,-0.3523864878669485,world,world,0.0709033121354878,0.08069515964016319,0.12936144576209946,body,world
soft_none,body_world,90434,True,True,m,1.4747028802268096,2.0,short,-0.05,62,world,decayed,False,nan,0.19719676077365875,0.1348015248775482,-0.38039850537435155,body,world,0.1659991428256035,0.12498868182301522,-0.28375943685508825,body,body,0.14549391232430936,0.09621995044872164,-0.41349752474858875,world,world
soft_none,body_world,90435,True,True,l,1.3038106075252267,-2.0,medium,-0.2,60,world,decayed,False,nan,0.39177197217941284,0.1630759671330452,-0.8764638186439875,body,body,0.277423969656229,0.12361050508916378,-0.8084113783827367,world,world,0.2005172373726964,0.08825304452329874,-0.8206920209189845,world,world
soft_none,body_world,90436,True,True,m,1.6168586909623586,4.0,short,-0.05,79,world,decayed,False,nan,0.35713756680488584,0.09706655181944371,-1.302724204270033,world,world,0.2271020593121648,0.15675850622355939,-0.3706930727158209,world,world,0.1919302827678621,0.05354157527908683,-1.276673735372941,world,world
soft_none,body_world,90437,True,True,l,1.3291113567705524,-4.0,medium,0.15000000000000002,77,world,decayed,False,nan,0.2625778496265411,0.40397435426712036,0.4308037883400502,body,body,0.33327610194683077,0.1990110345184803,-0.5156110083845739,world,world,0.2661435682326555,0.07552154464647173,-1.2596179182740952,world,world
soft_none,body_world,90438,True,True,m,1.329008599029527,-1.0,short,0.05,80,world,settled,True,0.08080565929412842,0.10875322073698043,0.06277607530355453,-0.5495072511184134,body,world,0.08576464802026748,0.09758131057024003,0.12907909117211308,body,world,0.09167297929525375,0.08053062902763486,-0.12959007479263976,body,world
soft_none,body_world,90439,True,True,l,1.445391509411858,1.0,medium,0.0,66,world,settled,True,0.08395381271839142,0.07591805532574654,0.08224007487297058,0.0799881729352473,body,world,0.07907906509935855,0.10513123646378517,0.2847612647834992,body,world,0.09210515078157186,0.08363895602524281,-0.09642147494624283,body,world
soft_none,body_world,90440,True,True,m,1.5564106744089927,2.0,short,0.25,74,world,settled,True,0.09520135074853897,0.05337540283799171,0.18606459796428682,1.24874389546516,body,body,0.11972000040113925,0.09851343110203743,-0.19496279108692233,body,world,0.10911671575158835,0.11299819387495517,0.034953739119335255,body,body
soft_none,body_world,90441,True,True,l,1.3070596772413094,2.0,medium,0.2,71,world,decayed,False,nan,0.09408423155546189,0.17195422798395157,0.6030378636189189,body,body,0.13301922976970673,0.12530289888381957,-0.05975970532537752,body,body,0.12916106432676316,0.09438590556383133,-0.31366842969417097,world,world
soft_none,body_world,90442,True,True,m,1.6269524228642334,4.0,short,0.25,74,world,decayed,False,nan,0.08245406448841094,0.30562704503536225,1.3101242073356172,body,body,0.19404055476188659,0.09111722502857447,-0.7559203177379288,world,world,0.14257888989523054,0.1045282319188118,-0.31043826300104516,world,world
soft_none,body_world,90443,True,True,l,1.378277312801848,-4.0,medium,-0.1,72,world,decayed,False,nan,0.5950164914131164,0.2629615098237991,-0.8165814508345932,body,body,0.4289890006184578,0.10971079543232917,-1.3635835078947207,world,world,0.2693498980253935,0.09194202553480864,-1.0748530493451294,world,world
soft_none,body_world,90444,True,True,m,1.453510197141481,1.0,short,0.0,71,world,settled,True,0.0869375467300415,0.10000156462192536,0.12309382557868957,0.20776104207895515,body,world,0.11154769510030746,0.079397988691926,-0.33997922158833255,world,world,0.09547284189611674,0.08147210739552975,-0.15858110786893662,body,world
soft_none,body_world,90445,True,True,l,1.3665797638238526,-1.0,medium,0.0,62,world,settled,True,0.08521018922328949,0.11443982869386674,0.059791411459445956,-0.6491871417103566,body,world,0.08711562007665634,0.06941267848014832,-0.2271666648973428,body,world,0.07826414927840233,0.0846336267888546,0.0782420328884479,body,world
soft_none,body_world,90446,True,True,m,1.33490869903924,-2.0,short,-0.25,64,world,settled,True,0.07919681817293167,0.30754633992910385,0.08021632060408593,-1.343898781875601,world,world,0.19388133026659488,0.07483195289969444,-0.9520013006726652,world,world,0.13435664158314467,0.08990200180560351,-0.40177756051656993,world,world
soft_none,body_world,90447,True,True,l,1.360545744961593,2.0,medium,0.25,71,world,decayed,False,nan,0.06276521012187004,0.15944970846176149,0.9323276240352769,body,body,0.11110745929181576,0.12424325570464134,0.11174354872824685,body,body,0.11767535749822855,0.10618005003780126,-0.10279338688610595,body,world
soft_none,body_world,90448,True,True,m,1.3926898559008811,4.0,short,0.0,79,world,decayed,False,nan,0.2931029945611954,0.14145996868610383,-0.7285072942774253,body,world,0.2172814816236496,0.09287290666252375,-0.8499616998231475,world,world,0.15507719414308668,0.07659268667921423,-0.7054214216477828,world,world
soft_none,body_world,90449,True,True,l,1.4996288562259714,4.0,medium,-0.15000000000000002,69,world,decayed,False,nan,0.3423699975013733,0.14114779829978943,-0.886084460031878,body,world,0.24175889790058136,0.07905089743435383,-1.1178490235289456,world,world,0.1604048976674676,0.15212473580613733,-0.05300041443585068,body,body
soft_none,body_world,90450,True,True,m,1.6497126455801099,-1.0,short,-0.15000000000000002,68,world,settled,True,0.07662536203861237,0.23844458609819413,0.0521196149289608,-1.5205955758620218,world,world,0.14528210051357746,0.051570498198270795,-1.0357276044912713,world,world,0.09842629935592413,0.07925089597702026,-0.21668931982804793,body,world
soft_none,body_world,90451,True,True,l,1.4011624978174013,-1.0,medium,-0.1,69,world,settled,True,0.08211752027273178,0.07727042511105538,0.0501989908516407,-0.4313163596230548,body,world,0.06373470798134803,0.07918470725417137,0.21705390948936387,body,world,0.0714597076177597,0.08382631819695234,0.1596132567753263,body,world
soft_none,body_world,90452,True,True,m,1.3459971515369575,2.0,short,0.0,75,world,settled,True,0.082615926861763,0.1710725635290146,0.12187800109386444,-0.3390672612406004,body,world,0.14647528231143953,0.11271314956247806,-0.2620106009859998,body,world,0.1295942159369588,0.08487388491630554,-0.42324170496582325,world,world
soft_none,body_world,90453,True,True,l,1.3128410648573021,-2.0,medium,-0.2,60,world,decayed,False,nan,0.36692718863487245,0.17040984332561493,-0.7669570535589795,body,body,0.26866851598024366,0.11008310131728649,-0.8922427900239724,world,world,0.18937580864876508,0.07946758177131415,-0.8683842843116069,world,world
soft_none,body_world,90454,True,True,m,1.4532800695650452,4.0,short,0.25,80,world,decayed,False,nan,0.1137644112110138,0.3318390905857086,1.0705204427457347,body,body,0.2228017508983612,0.10841648522764444,-0.7203022114437939,world,world,0.16560911806300282,0.09220861177891493,-0.5855767717595318,world,world
soft_none,body_world,90455,True,True,l,1.4639866887179158,4.0,medium,0.1,63,world,decayed,False,nan,0.18622488640248774,0.17192929685115815,-0.07987168257644352,body,body,0.17907709162682295,0.09221210516989231,-0.6637249781448841,world,world,0.13564459839835763,0.15258014257997274,0.1176517649474108,body,body
soft_none,body_world,90456,True,True,m,1.437503394575647,1.0,short,-0.05,71,world,settled,True,0.08651667833328247,0.1088944636285305,0.12516342848539352,0.13924112163939997,body,world,0.11702894605696201,0.079273596778512,-0.38951618680840566,world,world,0.09815127141773701,0.08697997890412808,-0.12083190982924656,body,world
soft_none,body_world,90457,True,True,l,1.433005966120608,-1.0,medium,0.1,79,world,settled,True,0.08613588660955429,0.08684142604470253,0.07432539612054825,-0.15563106795074333,body,world,0.08058341108262539,0.05240518487989902,-0.43028727597412053,world,world,0.0664942979812622,0.08598885461688041,0.25710149103404134,body,world
soft_none,body_world,90458,True,True,m,1.5714723561915191,-2.0,short,0.1,75,world,settled,True,0.08252833038568497,0.19096267372369766,0.09516494572162629,-0.696466326639285,body,world,0.14306380972266197,0.06325338277965784,-0.8161421437095276,world,world,0.1031585962511599,0.08374054487794638,-0.20854430607680943,body,world
soft_none,body_world,90459,True,True,l,1.423809978213943,-2.0,medium,-0.15000000000000002,75,world,decayed,False,nan,0.3407144099473953,0.1431202068924904,-0.8673597341055703,body,body,0.24191730841994286,0.15469883382320404,-0.44711574778058444,world,world,0.19830807112157345,0.09514266811311245,-0.7344442015847027,world,world
soft_none,body_world,90460,True,True,m,1.501503010941712,-4.0,short,0.1,65,world,decayed,False,nan,0.300484710931778,0.144124648720026,-0.7347183326603665,body,body,0.222304679825902,0.10556559897959232,-0.7447163216371976,world,world,0.16393513940274715,0.07306334944441914,-0.8081439927145431,world,world
soft_none,body_world,90461,True,True,l,1.4979893620177673,-4.0,medium,-0.05,68,world,decayed,False,nan,0.49651225805282595,0.2532432794570923,-0.6732575665201188,body,body,0.3748777687549591,0.12704884000122546,-1.08202844337993,world,world,0.2509633043780923,0.11787862828932702,-0.7556512094456755,world,world
soft_none,body_world,90462,True,True,m,1.32405485767968,-1.0,short,0.15000000000000002,61,world,settled,True,0.07653124630451202,0.11577602848410606,0.10257810652256012,-0.12103301255372928,body,world,0.10917706750333309,0.10808127485215664,-0.010087547676886612,body,world,0.10862917117774487,0.07163347471505403,-0.4163774939788257,world,world
soft_none,body_world,90463,True,True,l,1.2959566174498844,1.0,medium,-0.05,60,world,settled,True,0.08577796071767807,0.13507521152496338,0.07730676680803299,-0.5580502543878997,body,world,0.10619098916649819,0.12388905510306358,0.15414719076120226,body,body,0.11504002213478089,0.08808958884328603,-0.26692573473318226,body,world
soft_none,body_world,90464,True,True,m,1.5484915809048363,-2.0,short,0.25,68,world,settled,True,0.08236956596374512,0.09140947759151459,0.24037059396505356,0.9668327072566522,body,body,0.16589003577828407,0.06335317380726338,-0.9626001287045337,world,world,0.11462160479277372,0.07388084549456835,-0.4391827105835426,world,world
soft_none,body_world,90465,True,True,l,1.428408630737959,-2.0,medium,-0.25,69,world,decayed,False,nan,0.3037961423397064,0.13535728603601455,-0.808439046368501,body,world,0.21957671418786048,0.1486691553145647,-0.3899782636212008,world,world,0.1841229347512126,0.1259062923491001,-0.38006573941584354,world,world
soft_none,body_world,90466,True,True,m,1.3278826334953207,4.0,short,0.1,72,world,decayed,False,nan,0.32800028324127195,0.20891264379024505,-0.45109827962966903,body,body,0.2684564635157585,0.09775247517973185,-1.0102502336700871,world,world,0.18310446934774519,0.06206388445571065,-1.0818926117093477,world,world
soft_none,body_world,90467,True,True,l,1.224242705022093,-4.0,medium,0.2,67,world,decayed,False,nan,0.17457047551870347,0.4750081539154053,1.0010034387491709,body,body,0.32478931471705436,0.21866050362586975,-0.3956563944667505,world,world,0.2717249091714621,0.06792849013581873,-1.3863346549921136,world,world
soft_none,body_world,90468,True,True,m,1.377155487281401,1.0,short,0.25,65,world,settled,True,0.0811602771282196,0.05113355070352554,0.11143729686737061,0.7790212214798289,body,world,0.08128542378544808,0.09148512780666351,0.11820971019106226,body,world,0.08638527579605579,0.08470462057739496,-0.019647089818330625,body,world
soft_none,body_world,90469,True,True,l,1.2775926055522053,-1.0,medium,-0.2,67,world,settled,True,0.08687179535627365,0.21290831565856932,0.05035134702920914,-1.4418362580070512,world,world,0.13162983134388923,0.07710034027695656,-0.5348859811381478,world,world,0.10436508581042289,0.08675466198474169,-0.18481103457097559,body,world
soft_none,body_world,90470,True,True,m,1.5219750255884492,2.0,short,-0.05,70,world,decayed,False,nan,0.15797838903963565,0.11019912213087082,-0.36016931489928117,body,world,0.13408875558525324,0.12366052344441414,-0.0809618387505948,body,body,0.1288746395148337,0.10702636614441871,-0.18576492849214574,body,world
soft_none,body_world,90471,True,True,l,1.2543795609592172,2.0,medium,0.0,63,world,decayed,False,nan,0.19106752574443817,0.07085952833294869,-0.9919274604036947,body,world,0.13096352703869343,0.115702211484313,-0.12389911691373663,body,world,0.12333286926150322,0.0757726819254458,-0.48714912329063637,world,world
soft_none,body_world,90472,True,True,m,1.523888147333015,4.0,short,0.25,77,world,decayed,False,nan,0.07496714293956756,0.30881133675575256,1.4156806063627487,body,body,0.19188923984766007,0.09762670975178481,-0.6757672083084086,world,world,0.14475797479972244,0.09820444886572659,-0.3880116900774075,world,world
soft_none,body_world,90473,True,True,l,1.4189126139922845,-4.0,medium,-0.25,63,world,decayed,False,nan,0.5864093124866485,0.2784601986408234,-0.7447428953858156,body,body,0.43243475556373595,0.11940323710441589,-1.2869251487861404,world,world,0.2759189963340759,0.11098497228231281,-0.9107125237939249,world,world
soft_none,body_world,90474,True,True,m,1.3393605416224226,1.0,short,0.0,80,world,settled,True,0.08029820770025253,0.08012257516384125,0.12245642095804214,0.4241975677933102,body,world,0.1012894980609417,0.06966686174273491,-0.3742579707936122,world,world,0.0854781799018383,0.08094013165682554,-0.0545513715015217,body,world
soft_none,body_world,90475,True,True,l,1.4134205728523153,1.0,medium,0.1,66,world,settled,True,0.08107396215200424,0.09395742863416671,0.08259655088186264,-0.128873870038291,body,world,0.08827698975801468,0.10432184115052223,0.1670012650801392,body,world,0.09629941545426846,0.0737259266898036,-0.26710772456784404,body,world
soft_none,body_world,90476,True,True,m,1.3814810158500825,-2.0,short,0.0,70,world,settled,True,0.08666108548641205,0.2523636184632778,0.07477065846323967,-1.2164454364079464,world,world,0.16356713846325874,0.08089923039078713,-0.7040192279272074,world,world,0.12223318442702294,0.08105508731678128,-0.41080155434837556,world,world
soft_none,body_world,90477,True,True,l,1.4674729887667173,2.0,medium,0.1,78,world,decayed,False,nan,0.12101541459560394,0.13481354713439941,0.10797476062329148,body,world,0.12791448086500168,0.11492419913411141,-0.10708914931491897,body,world,0.12141933999955654,0.1517237726598978,0.22281140844207536,body,body
soft_none,body_world,90478,True,True,m,1.5027032697774165,4.0,short,0.0,80,world,decayed,False,nan,0.2977942079305649,0.11094469577074051,-0.9873708296810237,body,world,0.2043694518506527,0.09296000339090824,-0.7877600647942441,world,world,0.14866472762078048,0.0842732721939683,-0.567628861447174,world,world
soft_none,body_world,90479,True,True,l,1.3850046666885212,-4.0,medium,0.0,66,world,decayed,False,nan,0.4272780537605286,0.30211682319641114,-0.3466212067191787,body,body,0.36469743847846986,0.10863289535045624,-1.2110938087366374,world,world,0.23666516691446304,0.10185641692951322,-0.8430821999516696,world,world
soft_none,calib,90480,False,False,,1.0,0.0,,0.0,64,world,settled,True,0.09251394867897034,0.0736766591668129,0.057980476319789885,-0.2395797097463071,body,world,0.0658285677433014,0.07325861565768718,0.10694195653713297,body,world,0.06954359170049429,0.09973694179207086,0.3605823631844732,body,world
soft_none,calib,90481,False,False,,1.0,0.0,,0.0,76,world,settled,True,0.09663617610931396,0.0616576761007309,0.09878933057188988,0.47139187593913895,body,world,0.08022350333631038,0.07945442125201226,-0.009632991329124607,body,world,0.07983896229416132,0.09595983941107988,0.18391812987042738,body,world
soft_none,calib,90482,False,False,,1.0,0.0,,0.0,79,world,settled,True,0.08434424549341202,0.06588095724582672,0.08306479901075363,0.2317715788262783,body,world,0.07447287812829018,0.09015988484025002,0.19114958531540244,body,world,0.08231638148427009,0.08085948023945093,-0.017857297572310495,body,world
soft_none,calib,90483,False,False,,1.0,0.0,,0.0,70,world,settled,True,0.08822516351938248,0.0762050949037075,0.05766797736287117,-0.2787262883035095,body,world,0.06693653613328934,0.08245456181466579,0.2085024271289407,body,world,0.07469554897397757,0.07951479088515043,0.06252254821671703,body,world
soft_none,calib,90484,False,False,,1.0,0.0,,0.0,69,world,settled,True,0.09356247633695602,0.10286189019680023,0.13532316386699678,0.27427850768945183,body,world,0.1190925270318985,0.13217019028961657,0.10418968343390649,body,body,0.12563135866075753,0.1011581962928176,-0.21666630233564274,body,world
soft_none,calib,90485,False,False,,1.0,0.0,,0.0,78,world,settled,True,0.0849575325846672,0.11209240555763245,0.06121637672185898,-0.6049088335345086,body,world,0.08665439113974571,0.08222436048090458,-0.052476077247496374,body,world,0.08443937581032515,0.09430753421038389,0.11052725179044308,body,world
soft_none,calib,90486,False,False,,1.0,0.0,,0.0,79,world,settled,True,0.08979758620262146,0.09930613785982131,0.09057306423783303,-0.0920505157909473,body,world,0.09493960104882718,0.08918645456433297,-0.06251173757939692,body,world,0.09206302780658007,0.09085346944630146,-0.013225444494666387,body,world
soft_none,calib,90487,False,False,,1.0,0.0,,0.0,74,world,settled,True,0.08406520634889603,0.06099446564912796,0.13056790381669997,0.7611102942013052,body,world,0.09578118473291397,0.09244575276970864,-0.03544424821037576,body,world,0.0941134687513113,0.08391141230240465,-0.11473954177128994,body,world
soft_none,calib,90488,False,False,,1.0,0.0,,0.0,62,world,settled,True,0.08381892740726471,0.08008451163768768,0.10271901339292526,0.24891476252393174,body,world,0.09140176251530648,0.06520290300250053,-0.3377607692918026,world,world,0.0783023327589035,0.09459088034927846,0.18898367405178268,body,world
soft_none,calib,90489,False,False,,1.0,0.0,,0.0,65,world,settled,True,0.09228076785802841,0.10989621877670289,0.06821825280785561,-0.47682428926222975,body,world,0.08905723579227924,0.08042613603174686,-0.10194006344117085,body,world,0.08474168591201306,0.08643561098724603,0.019792114982783156,body,world
soft_none,calib,90490,False,False,,1.0,0.0,,0.0,70,world,settled,True,0.08529829978942871,0.09199874997138976,0.05770498812198639,-0.46643137065716733,body,world,0.07485186904668809,0.10015999004244805,0.29125772681781714,body,world,0.08750592954456807,0.08405582141131163,-0.04022543854634758,body,world
soft_none,calib,90491,False,False,,1.0,0.0,,0.0,63,world,settled,True,0.08890841156244278,0.05055805668234825,0.13400430977344513,0.9747496486934579,body,world,0.09228118322789669,0.08138151839375496,-0.1256920549024988,body,world,0.08683135081082582,0.08810292389243841,0.014537979816411816,body,world
soft_none,calib,90492,False,False,,1.0,0.0,,0.0,66,world,settled,True,0.08017677068710327,0.07010138481855392,0.10711218789219856,0.42393422141292886,body,world,0.08860678635537625,0.0862560149282217,-0.026888658332805675,body,world,0.08743140064179897,0.07226248551160097,-0.1905493713036565,body,world
soft_none,calib,90493,False,False,,1.0,0.0,,0.0,80,world,settled,True,0.08629592508077621,0.05772797241806984,0.10900361686944962,0.635639217318304,body,world,0.08336579464375973,0.07506531327962876,-0.10487951076961888,body,world,0.07921555396169425,0.09185850024223327,0.14807668426081516,body,world
soft_none,calib,90494,False,False,,1.0,0.0,,0.0,79,world,settled,True,0.09964464604854584,0.10834873393177986,0.08341307863593102,-0.26154992768157065,body,world,0.09588090628385544,0.10260578691959381,0.06778747207750231,body,world,0.09924334660172462,0.09856990203261376,-0.00680891877137861,body,world
soft_none,calib,90495,False,False,,1.0,0.0,,0.0,75,world,settled,True,0.07919180393218994,0.10942645221948624,0.048377827554941175,-0.8162110539673813,body,world,0.0789021398872137,0.09892636016011239,0.22616738758922372,body,world,0.08891425002366304,0.07931368574500083,-0.11426172674953944,body,world
soft_none,calib,90496,False,False,,1.0,0.0,,0.0,76,world,settled,True,0.08865370601415634,0.10411292389035225,0.0771127887070179,-0.3002069782172627,body,world,0.09061285629868507,0.07227819859981537,-0.22607356184594093,body,world,0.08144552744925022,0.0941862266510725,0.14533953506788622,body,world
soft_none,calib,90497,False,False,,1.0,0.0,,0.0,68,world,settled,True,0.11231483519077301,0.05104384049773216,0.12760406583547593,0.9162473532501285,body,world,0.08932395316660405,0.09711401127278804,0.08361597777518662,body,world,0.09321898221969604,0.10656262021511793,0.13378142275721483,body,world
soft_none,calib,90498,False,False,,1.0,0.0,,0.0,70,world,settled,True,0.09697858989238739,0.1226863481104374,0.0771132193505764,-0.46435636010503195,body,world,0.0998997837305069,0.11100920289754868,0.10544558607012539,body,world,0.10545449331402779,0.10211176872253418,-0.03221153171184966,body,world
soft_none,calib,90499,False,False,,1.0,0.0,,0.0,79,world,settled,True,0.08005140721797943,0.09658119827508926,0.07530278265476227,-0.24886699907164303,body,world,0.08594199046492576,0.08451456874608994,-0.01674860848018247,body,world,0.08522827960550786,0.07770747989416123,-0.0923817799399521,body,world
soft_none,calib,90500,False,False,,1.0,0.0,,0.0,72,world,settled,True,0.08388401567935944,0.07427158877253533,0.093611179292202,0.23142131993383758,body,world,0.08394138403236866,0.08125068135559559,-0.03257953903301807,body,world,0.08259603269398212,0.08653011415153741,0.046530844796960125,body,world
soft_none,calib,90501,False,False,,1.0,0.0,,0.0,76,world,settled,True,0.08896555751562119,0.084308660030365,0.08659822195768356,0.02679469524823477,body,world,0.08545344099402427,0.07229346595704556,-0.16723792680150054,body,world,0.07887345347553491,0.07936462201178074,0.006207988970620079,body,world
soft_none,calib,90502,False,False,,1.0,0.0,,0.0,76,world,settled,True,0.09355504810810089,0.05988736897706985,0.12819972336292268,0.7611237722395375,body,world,0.09404354616999626,0.09664372578263283,0.027273354530510014,body,world,0.09534363597631454,0.07651952486485243,-0.21994165073509914,body,world
soft_none,calib,90503,False,False,,1.0,0.0,,0.0,63,world,settled,True,0.0964215025305748,0.10392399355769158,0.05833811610937119,-0.5774041284373044,body,world,0.08113105483353138,0.10375937670469285,0.24600872481192662,body,world,0.0924452157691121,0.10809119660407304,0.15635907670236748,body,world
soft_none,calib,90504,False,False,,1.0,0.0,,0.0,72,world,settled,True,0.08301117271184921,0.0710208922624588,0.08286365121603012,0.1542224095854311,body,world,0.07694227173924446,0.08770283609628678,0.1308988144647249,body,world,0.08232255391776562,0.08709935769438744,0.056404394171553074,body,world
soft_none,calib,90505,False,False,,1.0,0.0,,0.0,75,world,settled,True,0.10644721984863281,0.07262895926833153,0.130057705193758,0.5826145077834881,body,world,0.10134333223104477,0.10159109979867935,0.002441849697644916,body,world,0.10146721601486205,0.09981012428179384,-0.01646612749877071,body,world
soft_none,calib,90506,False,False,,1.0,0.0,,0.0,78,world,settled,True,0.08677905797958374,0.09569634199142456,0.07645368427038193,-0.2244949509142923,body,world,0.08607501313090324,0.09207667931914329,0.06740253898887447,body,world,0.08907584622502326,0.0965430462732911,0.08050077266642548,body,world
soft_none,calib,90507,False,False,,1.0,0.0,,0.0,72,world,settled,True,0.09364201128482819,0.04369689747691154,0.11834679692983627,0.9963421675775328,body,world,0.08102184720337391,0.09946240037679673,0.20506085022233564,body,world,0.09024212379008531,0.0767011834308505,-0.16257918478032765,body,world
soft_none,calib,90508,False,False,,1.0,0.0,,0.0,68,world,settled,True,0.08473511785268784,0.09460839927196503,0.08806485459208488,-0.07167273230673576,body,world,0.09133662693202496,0.07536370418965817,-0.19222609604938998,body,world,0.08335016556084156,0.09511406328529119,0.13202624201066404,body,world
soft_none,calib,90509,False,False,,1.0,0.0,,0.0,69,world,settled,True,0.07971695810556412,0.06866156235337258,0.12537876963615419,0.6021497700197767,body,world,0.09702016599476337,0.09186958819627762,-0.054548801937058466,body,world,0.09444487709552049,0.08330335579812527,-0.12552751909591311,body,world
soft_none,calib,90510,False,False,,1.0,0.0,,0.0,60,world,settled,True,0.09597567468881607,0.13629060536623,0.06510505527257919,-0.7387872100241751,body,world,0.1006978303194046,0.09989135637879372,-0.008041094331930499,body,world,0.10029459334909915,0.09460147498175502,-0.0584387210107586,body,world
soft_none,calib,90511,False,False,,1.0,0.0,,0.0,67,world,settled,True,0.11935512721538544,0.11887264996767044,0.04537681639194489,-0.9630514292733401,body,world,0.08212473317980766,0.10161054395139217,0.21290808096146102,body,world,0.09186763856559992,0.12380436640232802,0.2983537995705095,body,body
soft_none,calib,90512,False,False,,1.0,0.0,,0.0,65,world,settled,True,0.08046690374612808,0.13828400447964667,0.06376965381205082,-0.7740321422283869,body,world,0.10102682914584875,0.09109914358705282,-0.10343771325292692,body,world,0.09606298636645079,0.08747052177786827,-0.09370224167212812,body,world
soft_none,calib,90513,False,False,,1.0,0.0,,0.0,79,world,settled,True,0.07848139107227325,0.061800024658441546,0.08512781262397766,0.32025004156035325,body,world,0.0734639186412096,0.08684376999735832,0.16731637436514277,body,world,0.08015384431928396,0.08255426716059447,0.02950801889673593,body,world
soft_none,calib,90514,False,False,,1.0,0.0,,0.0,62,world,settled,True,0.10120843350887299,0.06933307386934758,0.10384394899010659,0.40396723304123505,body,world,0.08658851142972708,0.09322394710034132,0.07383748753035867,body,world,0.0899062292650342,0.10240100119262933,0.1301292597063335,body,world
soft_none,calib,90515,False,False,,1.0,0.0,,0.0,75,world,settled,True,0.0931980237364769,0.058335200697183606,0.11884714215993882,0.7116324510498507,body,world,0.08859117142856121,0.08286295011639595,-0.06684416772947704,body,world,0.08572706077247857,0.08779526175931096,0.023838995489264773,body,world
soft_none,calib,90516,False,False,,1.0,0.0,,0.0,71,world,settled,True,0.08548589795827866,0.04813867248594761,0.12795974165201188,0.9776298402424246,body,world,0.08804920706897974,0.08525410257279872,-0.032259590411828416,body,world,0.08665165482088924,0.07418584432452917,-0.15532275906350407,body,world
soft_none,calib,90517,False,False,,1.0,0.0,,0.0,77,world,settled,True,0.09218525886535645,0.08576376736164093,0.11781293004751206,0.3175014024250793,body,world,0.1017883487045765,0.10533780343830586,0.03427671696135071,body,world,0.10356307607144118,0.09694523699581623,-0.06603460569797315,body,world
soft_none,calib,90518,False,False,,1.0,0.0,,0.0,72,world,settled,True,0.09032316505908966,0.06572330445051193,0.10241489410400391,0.44357857961368047,body,world,0.08406909927725792,0.07801681607961655,-0.07471467691076789,body,world,0.08104295767843724,0.08564487751573324,0.05523006000970625,body,world
soft_none,calib,90519,False,False,,1.0,0.0,,0.0,76,world,settled,True,0.10190717875957489,0.11703839041292667,0.09563870057463646,-0.20192444829743406,body,world,0.10633854549378156,0.09139485340565442,-0.15143866169566017,body,world,0.098866699449718,0.09563564360141755,-0.03322688103575725,body,world
soft_none,calib,90520,False,False,,1.0,0.0,,0.0,76,world,settled,True,0.09979286044836044,0.09265569001436233,0.0799961119890213,-0.1469123315683631,body,world,0.08632590100169182,0.07910926975309848,-0.08729962233006433,body,world,0.08271758537739515,0.09804006479680538,0.16994399955970155,body,world
soft_none,calib,90521,False,False,,1.0,0.0,,0.0,64,world,settled,True,0.08237425982952118,0.13634667098522185,0.08680607564747334,-0.4515240786216439,body,world,0.1115763733163476,0.09406217746436596,-0.1707532929118421,body,world,0.10281927539035678,0.08840162362903356,-0.15108250292246933,body,world
soft_none,calib,90522,False,False,,1.0,0.0,,0.0,80,world,settled,True,0.08543708175420761,0.12295861691236495,0.06499873213469982,-0.6374800868087868,body,world,0.0939786745235324,0.08286177143454551,-0.12589407469492625,body,world,0.08842022297903895,0.08801493812352419,-0.004594158735937795,body,world
soft_none,calib,90523,False,False,,1.0,0.0,,0.0,64,world,settled,True,0.09663382917642593,0.13388671725988388,0.09549566581845284,-0.33791318646444934,body,world,0.11469119153916836,0.11836032681167126,0.03149036315639779,body,body,0.11652575917541981,0.09084242889657616,-0.24898590230343753,body,world
soft_none,calib,90524,False,False,,1.0,0.0,,0.0,60,world,settled,True,0.10325194895267487,0.08008573353290557,0.12675077095627785,0.45912499494034514,body,world,0.10341825224459171,0.07288263607770204,-0.34993104482835846,world,world,0.08815044416114688,0.1040275152772665,0.16561048659436847,body,world
soft_none,calib,90525,False,False,,1.0,0.0,,0.0,74,world,settled,True,0.08360011875629425,0.14024477303028107,0.06139281392097473,-0.8260964835759552,body,world,0.1008187934756279,0.09069266617298126,-0.10584828568835522,body,world,0.09575572982430458,0.07227873131632805,-0.2812705545548638,body,world
soft_none,calib,90526,False,False,,1.0,0.0,,0.0,64,world,settled,True,0.08064299076795578,0.0847442090511322,0.0738663136959076,-0.13738052643722612,body,world,0.0793052613735199,0.09738182798027992,0.20533514804622857,body,world,0.08834354467689991,0.07552676722407341,-0.15674600456051077,body,world
soft_none,calib,90527,False,False,,1.0,0.0,,0.0,77,world,settled,True,0.092180997133255,0.09236122891306878,0.09778415113687515,0.057055220010652594,body,world,0.09507269002497196,0.0859371218830347,-0.10102586922917109,body,world,0.09050490595400333,0.07503354400396348,-0.18746879173859626,body,world
soft_none,calib,90528,False,False,,1.0,0.0,,0.0,69,world,settled,True,0.09612342715263367,0.13259062319993972,0.09438348710536956,-0.3399002271996769,body,world,0.11348705515265464,0.11552399359643459,0.017789466254594422,body,world,0.11450552437454461,0.10974156614392996,-0.04249486670952778,body,world
soft_none,calib,90529,False,False,,1.0,0.0,,0.0,61,world,settled,True,0.0907939225435257,0.08947696685791015,0.09306331127882003,0.03929878935902008,body,world,0.09127013906836509,0.06723502948880196,-0.3056292863617795,body,world,0.07925258427858353,0.09664653912186623,0.19842037523255412,body,world
