config,cell,seed,has_body,has_push,param,factor,torque,duration_name,offset_s,onset,old_verdict,old_path,old_settled,old_settled_score,early_10,late_10,logr_10,shape_10,shape_elev_10,early_20,late_20,logr_20,shape_20,shape_elev_20,early_40,late_40,logr_40,shape_40,shape_elev_40
stiff_none,neither,90000,False,False,,1.0,0.0,,0.0,79,world,settled,True,0.05058721452951431,0.04892687276005745,0.044940991699695586,-0.084976457023968,body,world,0.04693393222987652,0.04880825318396091,0.03915850562746062,body,world,0.047871092706918715,0.04959957804530859,0.03547049685038547,body,world
stiff_none,neither,90001,False,False,,1.0,0.0,,0.0,75,world,settled,True,0.05069258064031601,0.051179996132850646,0.04231693744659424,-0.19016133681426656,body,world,0.04674846678972244,0.04858736023306846,0.0385819603164169,body,world,0.04766791351139545,0.05227745342999697,0.09230667852393432,body,world
stiff_none,neither,90002,False,False,,1.0,0.0,,0.0,65,world,settled,True,0.05222350358963013,0.051719235628843306,0.0464228630065918,-0.10803769968163855,body,world,0.04907104931771755,0.0499710638076067,0.018174880083236894,body,world,0.049521056562662126,0.05097083337605,0.02885561031464948,body,world
stiff_none,neither,90003,False,False,,1.0,0.0,,0.0,61,world,settled,True,0.049003906548023224,0.04866478219628334,0.0515456348657608,0.05751191890447594,body,world,0.05010520853102207,0.05574822574853897,0.10672061931335922,body,world,0.05292671713978052,0.050571585446596144,-0.045518395145825064,body,world
stiff_none,neither,90004,False,False,,1.0,0.0,,0.0,76,world,settled,True,0.048202380537986755,0.04732549712061882,0.05144551619887352,0.0834741083345813,body,world,0.04938550665974617,0.0492654163390398,-0.002434652943445921,body,world,0.049325461499392986,0.04437464307993651,-0.10577220366859416,body,world
stiff_none,neither,90005,False,False,,1.0,0.0,,0.0,79,world,settled,True,0.05135510116815567,0.04005982130765915,0.048458246141672136,0.19032865324696024,body,world,0.04425903372466564,0.04649568945169449,0.049300105745238014,body,world,0.045377361588180065,0.051353972405195236,0.12372895553142002,body,world
stiff_none,neither,90006,False,False,,1.0,0.0,,0.0,74,world,settled,True,0.05169863626360893,0.04385179728269577,0.04385634511709213,0.00010370381303290763,body,world,0.04385407119989395,0.05505864247679711,0.22753128577550974,body,world,0.049456356838345525,0.05167645998299122,0.0439117577142998,body,world
stiff_none,neither,90007,False,False,,1.0,0.0,,0.0,79,world,settled,True,0.05106554180383682,0.045129325985908506,0.05158796161413193,0.13375606443479443,body,world,0.048358643800020217,0.05310371480882168,0.09360190301987494,body,world,0.05073117930442095,0.05181745737791062,0.021186409511021412,body,world
stiff_none,neither,90008,False,False,,1.0,0.0,,0.0,62,world,settled,True,0.04894619435071945,0.04379017502069473,0.0452403649687767,0.032580240982444525,body,world,0.04451526999473572,0.047492023929953574,0.06472950341657256,body,world,0.046003646962344644,0.05075780674815178,0.09834475850488021,body,world
stiff_none,neither,90009,False,False,,1.0,0.0,,0.0,74,world,settled,True,0.05061470344662666,0.047459575533866885,0.04998573809862137,0.051859419405468954,body,world,0.048722656816244124,0.04965491034090519,0.01895313044494455,body,world,0.04918878357857466,0.05125208664685488,0.041090710787721724,body,world
stiff_none,neither,90010,False,False,,1.0,0.0,,0.0,72,world,settled,True,0.052226077765226364,0.05063350573182106,0.0491867296397686,-0.028989661421976582,body,world,0.04991011768579483,0.05285277999937534,0.057286571184976647,body,world,0.05138144884258509,0.05072205103933811,-0.012916442071191511,body,world
stiff_none,neither,90011,False,False,,1.0,0.0,,0.0,71,world,settled,True,0.05237162113189697,0.048918187618255615,0.044919253885746004,-0.08528274237689949,body,world,0.046918720752000806,0.04690688028931618,-0.00025239300608941056,body,world,0.04691280052065849,0.05191326905041933,0.10128385278307357,body,world
stiff_none,neither,90012,False,False,,1.0,0.0,,0.0,62,world,settled,True,0.050133369863033295,0.05069709122180939,0.04757342115044594,-0.06359431050703684,body,world,0.049135256186127664,0.049394172802567485,0.005255632049689257,body,world,0.04926471449434757,0.05133583955466747,0.04118104059363503,body,world
stiff_none,neither,90013,False,False,,1.0,0.0,,0.0,68,world,settled,True,0.05186930298805237,0.047857039421796796,0.048602575063705446,0.015458292920878662,body,world,0.048229807242751124,0.05357696861028671,0.10514204817954459,body,world,0.05090338792651892,0.05261304322630167,0.033034577302101714,body,world
stiff_none,neither,90014,False,False,,1.0,0.0,,0.0,80,world,settled,True,0.05067729949951172,0.041640689969062804,0.04837754741311073,0.14995799619431124,body,world,0.04500911869108677,0.05159657411277294,0.1365901702982737,body,world,0.048302846401929854,0.04785474352538586,-0.009320244416603058,body,world
stiff_none,neither,90015,False,False,,1.0,0.0,,0.0,76,world,settled,True,0.051138944923877716,0.050623992830514906,0.04672214463353157,-0.08020738908536794,body,world,0.04867306873202324,0.04675428755581379,-0.04021990972333351,body,world,0.04771367814391851,0.04796784389764071,0.005312757283246594,body,world
stiff_none,neither,90016,False,False,,1.0,0.0,,0.0,76,world,settled,True,0.05100393295288086,0.05187482312321663,0.05200704336166382,0.0025455897996529355,body,world,0.05194093324244022,0.044845526665449144,-0.14688333014550223,body,world,0.04839322995394468,0.05325888488441706,0.09580471600648745,body,world
stiff_none,neither,90017,False,False,,1.0,0.0,,0.0,74,world,settled,True,0.05044852942228317,0.046858595311641695,0.05245866179466248,0.11289100869944836,body,world,0.04965862855315208,0.05298171751201153,0.06477473847078634,body,world,0.05132017303258181,0.05309676472097635,0.03403208696774476,body,world
stiff_none,neither,90018,False,False,,1.0,0.0,,0.0,66,world,settled,True,0.05051250383257866,0.05117590352892876,0.046898722648620605,-0.08727834761756653,body,world,0.04903731308877468,0.05205475054681301,0.059714559876493496,body,world,0.050546031817793845,0.049276477098464964,-0.025437613022693557,body,world
stiff_none,neither,90019,False,False,,1.0,0.0,,0.0,66,world,settled,True,0.05012686923146248,0.061181281507015225,0.05748466849327087,-0.06232300765549336,body,world,0.05933297500014305,0.046899473667144774,-0.23515876934198415,world,world,0.053116224333643915,0.05122155174612999,-0.036322048565797314,body,world
stiff_none,neither,90020,False,False,,1.0,0.0,,0.0,73,world,settled,True,0.0495310015976429,0.05169739127159119,0.059568454325199124,0.1417188228244681,body,body,0.05563292279839516,0.05481777079403401,-0.014760736726822436,body,world,0.05522534679621458,0.05304056946188211,-0.040364946701721895,body,world
stiff_none,neither,90021,False,False,,1.0,0.0,,0.0,74,world,settled,True,0.05144088342785835,0.048228586465120314,0.06598028317093849,0.3134040321173029,body,body,0.057104434818029404,0.04667079783976078,-0.20176312605137764,world,world,0.05188761632889509,0.05059255603700876,-0.02527570374313885,body,world
stiff_none,neither,90022,False,False,,1.0,0.0,,0.0,66,world,settled,True,0.050566233694553375,0.04645833894610405,0.0465235136449337,0.0014018802096817213,body,world,0.046490926295518875,0.050567525625228885,0.08405242407531287,body,world,0.04852922596037388,0.050167678855359554,0.033204758260263215,body,world
stiff_none,neither,90023,False,False,,1.0,0.0,,0.0,75,world,settled,True,0.04972334951162338,0.048973378539085385,0.05118732303380966,0.044215049040710844,body,world,0.05008035078644753,0.048776675760746,-0.02637648840958823,body,world,0.049428513273596764,0.04796035122126341,-0.030152796111158377,body,world
stiff_none,neither,90024,False,False,,1.0,0.0,,0.0,73,world,settled,True,0.04728797823190689,0.05342773720622063,0.0538437120616436,0.007755594677015678,body,world,0.05363572463393211,0.050972094014287,-0.05093704364741939,body,world,0.052303909324109554,0.04632414616644383,-0.12140777572410359,body,world
stiff_none,neither,90025,False,False,,1.0,0.0,,0.0,68,world,settled,True,0.0522424578666687,0.055308100581169126,0.04958594292402267,-0.10921199731613015,body,world,0.0524470217525959,0.05594825819134712,0.06462375212192918,body,world,0.05419763997197151,0.05239362604916096,-0.03385242089999405,body,world
stiff_none,neither,90026,False,False,,1.0,0.0,,0.0,73,world,settled,True,0.052496958523988724,0.0440800778567791,0.054827266931533815,0.2181797108455468,body,world,0.049453672394156455,0.048675304278731346,-0.015864517636104632,body,world,0.049064488336443904,0.0516292056068778,0.050951991179022244,body,world
stiff_none,neither,90027,False,False,,1.0,0.0,,0.0,61,world,settled,True,0.05096929147839546,0.057266385108232495,0.05152333229780197,-0.10567904485221895,body,world,0.05439485870301723,0.052477334067225455,-0.03588829593830021,body,world,0.05343609638512135,0.05251985043287277,-0.017295278256987675,body,world
stiff_none,neither,90028,False,False,,1.0,0.0,,0.0,71,world,settled,True,0.0480048730969429,0.05006207302212715,0.05538192763924599,0.10098962873930052,body,world,0.052722000330686566,0.05743314139544964,0.0855886809213132,body,body,0.0550775708630681,0.047065483406186104,-0.1572026749304116,world,world
stiff_none,neither,90029,False,False,,1.0,0.0,,0.0,60,world,settled,True,0.04910833761096001,0.05015604421496391,0.05258599743247032,0.04731084591897211,body,world,0.05137102082371712,0.056652851030230524,0.09786809704415735,body,world,0.05401193592697382,0.04823634102940559,-0.11309235758947377,body,world
stiff_none,neither,90030,False,False,,1.0,0.0,,0.0,72,world,settled,True,0.05027160048484802,0.05333869382739067,0.06654592454433442,0.2212302731841222,body,body,0.05994230918586254,0.05379622690379619,-0.10817925329376535,body,world,0.05686926804482937,0.05430339220911264,-0.046168393951611375,body,world
stiff_none,neither,90031,False,False,,1.0,0.0,,0.0,65,world,settled,True,0.049773745238780975,0.05281330794095993,0.05388345867395401,0.02006033835812053,body,world,0.05334838330745697,0.05120731815695763,-0.04096121918864017,body,world,0.052277850732207296,0.046028265915811065,-0.12731709299693378,body,world
stiff_none,neither,90032,False,False,,1.0,0.0,,0.0,78,world,settled,True,0.05025256425142288,0.05626834779977798,0.05555614903569221,-0.012737967334176113,body,world,0.0559122484177351,0.04633061103522777,-0.18798058107673002,body,world,0.05112142972648144,0.05424400065094233,0.05928862150237049,body,world
stiff_none,neither,90033,False,False,,1.0,0.0,,0.0,74,world,settled,True,0.04830946773290634,0.046926741302013394,0.05271664261817932,0.11634351492138921,body,world,0.04982169196009636,0.05658969134092331,0.12737636611477046,body,world,0.05320569165050983,0.04506074711680412,-0.16615386118188022,world,world
stiff_none,neither,90034,False,False,,1.0,0.0,,0.0,63,world,settled,True,0.05244703218340874,0.06266864687204361,0.05399012491106987,-0.1490601148606498,body,world,0.05832938589155674,0.04544256255030632,-0.2496568455595282,world,world,0.05188597422093153,0.052035382390022276,0.0028754103469242863,body,world
stiff_none,neither,90035,False,False,,1.0,0.0,,0.0,66,world,settled,True,0.049545325338840485,0.05657333955168724,0.05646239593625069,-0.0019629836632213027,body,world,0.05651786774396896,0.048819857835769656,-0.14641967846154602,body,world,0.052668862789869306,0.04934855792671442,-0.06511589792195331,body,world
stiff_none,neither,90036,False,False,,1.0,0.0,,0.0,61,world,settled,True,0.05148151516914368,0.05018101334571838,0.05087981298565865,0.013829508479211392,body,world,0.050530413165688515,0.0500276867300272,-0.009998809137502083,body,world,0.050279049947857854,0.05304366499185562,0.05352695381624581,body,world
stiff_none,neither,90037,False,False,,1.0,0.0,,0.0,69,world,settled,True,0.049282897263765335,0.05831930413842201,0.045249414443969724,-0.253743426248882,body,world,0.05178435929119587,0.056442271918058395,0.08613022037511397,body,world,0.054113315604627135,0.04767624046653509,-0.12664711467045697,body,world
stiff_none,neither,90038,False,False,,1.0,0.0,,0.0,63,world,settled,True,0.04848343878984451,0.05884267836809158,0.0516852892935276,-0.12969421296111733,body,world,0.05526398383080959,0.04379915036261082,-0.23250699030298708,world,world,0.04953156709671021,0.04685960840433836,-0.055454109113869325,body,world
stiff_none,neither,90039,False,False,,1.0,0.0,,0.0,63,world,settled,True,0.052642762660980225,0.047898360341787335,0.05428396165370941,0.12514754484693955,body,world,0.051091160997748374,0.05056198127567768,-0.010411571949878407,body,world,0.05082657113671303,0.053640505857765676,0.053885217264380864,body,world
stiff_none,neither,90040,False,False,,1.0,0.0,,0.0,66,world,settled,True,0.05061274766921997,0.05660428702831268,0.048669294267892835,-0.1510364015017704,body,world,0.05263679064810276,0.04785916656255722,-0.09515264896976142,body,world,0.05024797860532999,0.049989621713757516,-0.005154901211915223,body,world
stiff_none,neither,90041,False,False,,1.0,0.0,,0.0,71,world,settled,True,0.05092564970254898,0.051297073066234586,0.05939991474151611,0.14665909572963765,body,body,0.05534849390387535,0.0493623711168766,-0.11446103271842793,body,world,0.05235543251037598,0.053637651912868026,0.024195577712863094,body,world
stiff_none,neither,90042,False,False,,1.0,0.0,,0.0,64,world,settled,True,0.049593739211559296,0.051795744150876996,0.04835352972149849,-0.06876876385900689,body,world,0.050074636936187744,0.05236634500324726,0.044749482927315724,body,world,0.0512204909697175,0.05095506757497788,-0.00519544978390085,body,world
stiff_none,neither,90043,False,False,,1.0,0.0,,0.0,79,world,settled,True,0.05074165016412735,0.043100783973932265,0.04586290642619133,0.06211546488864609,body,world,0.0444818452000618,0.050538407266139986,0.12765245424470797,body,world,0.04751012623310089,0.05183346141129732,0.08709304173072875,body,world
stiff_none,neither,90044,False,False,,1.0,0.0,,0.0,65,world,settled,True,0.04917917773127556,0.05284903049468994,0.05493979901075363,0.03879865464293515,body,world,0.05389441475272179,0.04971546605229378,-0.08071077727878655,body,world,0.051804940402507785,0.05089129339903593,-0.01779366342225383,body,world
stiff_none,neither,90045,False,False,,1.0,0.0,,0.0,64,world,settled,True,0.050722885876894,0.05091899633407593,0.05408577769994736,0.060335199343505404,body,world,0.05250238701701164,0.04988718777894974,-0.051094423702052034,body,world,0.05119478739798069,0.04916970506310463,-0.04036003513341466,body,world
stiff_none,neither,90046,False,False,,1.0,0.0,,0.0,73,world,settled,True,0.0491599477827549,0.044810716062784195,0.05111521184444427,0.13163483201995055,body,world,0.047962963953614234,0.05179587304592133,0.07688134637956669,body,world,0.04987941849976778,0.05034573134034872,0.009305373075609788,body,world
stiff_none,neither,90047,False,False,,1.0,0.0,,0.0,66,world,settled,True,0.05145803838968277,0.05638568475842476,0.04971029609441757,-0.12600323342268782,body,world,0.053047990426421165,0.04604088328778744,-0.14166721470116647,body,world,0.0495444368571043,0.05055930875241756,0.020277096762855114,body,world
stiff_none,neither,90048,False,False,,1.0,0.0,,0.0,76,world,settled,True,0.05208773538470268,0.041358324140310286,0.045146921277046205,0.0876483782403296,body,world,0.043252622708678246,0.05406835563480854,0.2231912189445017,body,world,0.04866048917174339,0.05060222838073969,0.03912822431264909,body,world
stiff_none,neither,90049,False,False,,1.0,0.0,,0.0,76,world,settled,True,0.04893774166703224,0.05915200635790825,0.05220179259777069,-0.12499367442610103,body,world,0.05567689947783947,0.04749821871519089,-0.15887312020587427,body,world,0.051587559096515176,0.04996093492954969,-0.032039141992731515,body,world
stiff_none,neither,90050,False,False,,1.0,0.0,,0.0,60,world,settled,True,0.05321991443634033,0.04950751140713692,0.05153530389070511,0.040142681593066734,body,world,0.05052140764892101,0.047918124869465825,-0.05290333769052539,body,world,0.04921976625919342,0.053861424699425696,0.0901192428826314,body,world
stiff_none,neither,90051,False,False,,1.0,0.0,,0.0,76,world,settled,True,0.0503460057079792,0.05312821790575981,0.04477404057979584,-0.17107967762357923,body,world,0.04895112924277782,0.05285087041556835,0.0766517437062869,body,world,0.05090099982917309,0.048836146295070645,-0.041411824930817985,body,world
stiff_none,neither,90052,False,False,,1.0,0.0,,0.0,68,world,settled,True,0.05077193304896355,0.0530141681432724,0.055391250550746916,0.04386244769808999,body,world,0.05420270934700966,0.058699638769030574,0.07970267781709912,body,body,0.056451174058020116,0.04897737111896276,-0.14201771102981225,world,world
stiff_none,neither,90053,False,False,,1.0,0.0,,0.0,72,world,settled,True,0.05127685144543648,0.03978213295340538,0.05671059340238571,0.3545431350496772,body,world,0.048246363177895546,0.049751374125480655,0.030717633443033104,body,world,0.0489988686516881,0.05268093664199114,0.07245644745438097,body,world
stiff_none,neither,90054,False,False,,1.0,0.0,,0.0,65,world,settled,True,0.050160832703113556,0.05309319943189621,0.05888362750411034,0.1035142318649861,body,world,0.055988413468003276,0.05227080322802067,-0.06870680746104203,body,world,0.05412960834801197,0.049138045869767666,-0.09674772567433719,body,world
stiff_none,neither,90055,False,False,,1.0,0.0,,0.0,68,world,settled,True,0.04976329207420349,0.04450974017381668,0.054028183966875074,0.19379779018925164,body,world,0.04926896207034588,0.05656476132571697,0.13809188972521833,body,world,0.05291686169803143,0.0505809610709548,-0.04514679266127712,body,world
stiff_none,neither,90056,False,False,,1.0,0.0,,0.0,68,world,settled,True,0.051825106143951416,0.050173187255859376,0.05498397201299667,0.09156095922003672,body,world,0.052578579634428024,0.044629272818565366,-0.16391882056609097,body,world,0.048603926226496695,0.05200737155973911,0.06768115510171338,body,world
stiff_none,neither,90057,False,False,,1.0,0.0,,0.0,76,world,settled,True,0.05072981119155884,0.04958385229110718,0.04984249174594879,0.005202646054030323,body,world,0.049713172018527985,0.049489273130893706,-0.004513986877615067,body,world,0.04960122257471085,0.050001349113881585,0.008034505230968207,body,world
stiff_none,neither,90058,False,False,,1.0,0.0,,0.0,61,world,settled,True,0.05322831869125366,0.052280645817518234,0.05536269024014473,0.05727966377608226,body,world,0.05382166802883148,0.050579124316573146,-0.0621372092980542,body,world,0.052200396172702314,0.05134034100919962,-0.016613266780491413,body,world
stiff_none,neither,90059,False,False,,1.0,0.0,,0.0,62,world,settled,True,0.04952748119831085,0.055748706310987474,0.05559207573533058,-0.002813536533550312,body,world,0.05567039102315903,0.04807818531990051,-0.14661987953413125,body,world,0.05187428817152977,0.0507082337513566,-0.022734957643223554,body,world
stiff_none,neither,90060,False,False,,1.0,0.0,,0.0,62,world,settled,True,0.04943466559052467,0.05124737992882729,0.05287681445479393,0.031300459335853216,body,world,0.05206209719181061,0.051052508875727654,-0.019582494022118244,body,world,0.05155730303376913,0.047453395649790765,-0.08294578417855171,body,world
stiff_none,neither,90061,False,False,,1.0,0.0,,0.0,80,world,settled,True,0.048296183347702026,0.04952892884612083,0.059050069004297254,0.17582879121585698,body,body,0.05428949892520905,0.05181885473430157,-0.04657674423185935,body,world,0.05305417682975531,0.045844482444226745,-0.14605874360623203,world,world
stiff_none,neither,90062,False,False,,1.0,0.0,,0.0,66,world,settled,True,0.050885189324617386,0.047032082080841066,0.06118395328521729,0.2630549876045155,body,body,0.054108017683029176,0.05344013459980488,-0.01242032810263552,body,world,0.05377407614141703,0.05122755113989115,-0.0485139994121271,body,world
stiff_none,neither,90063,False,False,,1.0,0.0,,0.0,62,world,settled,True,0.051500700414180756,0.05447423979640007,0.055066177248954774,0.010807759006440982,body,world,0.05477020852267742,0.04845702610909939,-0.1224690604765965,body,world,0.051613617315888406,0.0539227519184351,0.04376696322231574,body,world
stiff_none,neither,90064,False,False,,1.0,0.0,,0.0,72,world,settled,True,0.048790883272886276,0.040787965059280396,0.04714325666427612,0.14480391620659638,body,world,0.04396561086177826,0.04665406197309494,0.05935223987198937,body,world,0.0453098364174366,0.0500234616920352,0.09896798083768808,body,world
stiff_none,neither,90065,False,False,,1.0,0.0,,0.0,63,world,settled,True,0.05274607986211777,0.0518551304936409,0.047887927293777464,-0.07959044569519277,body,world,0.04987152889370918,0.05320837274193764,0.06476548965954333,body,world,0.05153995081782341,0.05519692786037922,0.06855004605978371,body,world
stiff_none,neither,90066,False,False,,1.0,0.0,,0.0,61,world,settled,True,0.050738267600536346,0.04335040971636772,0.04604991003870964,0.06040965460276301,body,world,0.044700159877538684,0.05458348207175732,0.19975423253045424,body,world,0.049641820974648,0.05238218791782856,0.05373296502847232,body,world
stiff_none,neither,90067,False,False,,1.0,0.0,,0.0,71,world,settled,True,0.049690522253513336,0.05749585926532745,0.04863269776105881,-0.16741683431351664,body,world,0.05306427851319313,0.04217119812965393,-0.22976650158657416,world,world,0.04761773832142353,0.04762848913669586,0.00022574784545060234,body,world
stiff_none,neither,90068,False,False,,1.0,0.0,,0.0,76,world,settled,True,0.05029165744781494,0.043693164736032485,0.05129731073975563,0.1604466520710474,body,world,0.04749523773789406,0.050178781524300574,0.0549628106802146,body,world,0.048837009631097314,0.04623941034078598,-0.05465594736631055,body,world
stiff_none,neither,90069,False,False,,1.0,0.0,,0.0,70,world,settled,True,0.049737513065338135,0.04585026428103447,0.053383336216211316,0.15211767866888004,body,world,0.049616800248622896,0.05257441848516464,0.05790016978551051,body,world,0.051095609366893766,0.051848668977618216,0.014630692563733153,body,world
stiff_none,neither,90070,False,False,,1.0,0.0,,0.0,76,world,settled,True,0.046359289437532425,0.04945991709828377,0.05018213465809822,0.01449649409610964,body,world,0.049821025878191,0.05275721587240696,0.05726345547451764,body,world,0.05128912087529898,0.04551209229975939,-0.11950060550178881,body,world
stiff_none,neither,90071,False,False,,1.0,0.0,,0.0,77,world,settled,True,0.05142165347933769,0.058818525075912474,0.058002527058124545,-0.013970278032519325,body,world,0.058410526067018506,0.05098191387951374,-0.1360251744515041,body,world,0.054696219973266125,0.05013604480773211,-0.08705439570091805,body,world
stiff_none,neither,90072,False,False,,1.0,0.0,,0.0,70,world,settled,True,0.04947353154420853,0.05278873592615128,0.05011904165148735,-0.051896824455745866,body,world,0.05145388878881931,0.04832206591963768,-0.06279773559664685,body,world,0.049887977354228494,0.05086830351501703,0.019459969915789233,body,world
stiff_none,neither,90073,False,False,,1.0,0.0,,0.0,80,world,settled,True,0.053016044199466705,0.05246848836541176,0.03730972856283188,-0.34095865576009043,world,world,0.04488910846412182,0.054944387450814244,0.20212634428998072,body,world,0.04991674795746803,0.052004192396998404,0.04096776149439907,body,world
stiff_none,neither,90074,False,False,,1.0,0.0,,0.0,67,world,settled,True,0.05129198357462883,0.06009024381637573,0.05415390953421593,-0.10401732678561992,body,world,0.05712207667529583,0.04988361895084381,-0.13549800240626708,body,world,0.05350284781306982,0.04911859482526779,-0.08549720618387195,body,world
stiff_none,neither,90075,False,False,,1.0,0.0,,0.0,71,world,settled,True,0.04952143877744675,0.04680071771144867,0.046738851070404056,-0.0013227910043066666,body,world,0.04676978439092636,0.051505107432603836,0.09644361446038607,body,world,0.049137445911765096,0.051580808497965334,0.048528284976323666,body,world
stiff_none,neither,90076,False,False,,1.0,0.0,,0.0,75,world,settled,True,0.0516979806125164,0.058013416826725006,0.04192872568964958,-0.3247031390477933,world,world,0.0499710712581873,0.048157479614019394,-0.036967797117711976,body,world,0.049064275436103345,0.053804345428943634,0.09222305184016305,body,world
stiff_none,neither,90077,False,False,,1.0,0.0,,0.0,63,world,settled,True,0.049573011696338654,0.05846513658761978,0.06191227212548256,0.057287796499355455,body,body,0.06018870435655117,0.04883051216602326,-0.20912933265988856,world,world,0.054509608261287215,0.04991866480559111,-0.08798200748210618,body,world
stiff_none,neither,90078,False,False,,1.0,0.0,,0.0,63,world,settled,True,0.05255826190114021,0.0515113614499569,0.051186694949865344,-0.006322760003055657,body,world,0.05134902819991112,0.049375415220856665,-0.0391933784471496,body,world,0.05036222171038389,0.050585280172526836,0.004419303519441766,body,world
stiff_none,neither,90079,False,False,,1.0,0.0,,0.0,64,world,settled,True,0.04922635108232498,0.04579503685235977,0.04858062937855721,0.059049159418508086,body,world,0.04718783311545849,0.05340382121503353,0.12374621535516407,body,world,0.05029582716524601,0.05154350679367781,0.024504128420946746,body,world
stiff_none,neither,90080,False,False,,1.0,0.0,,0.0,78,world,settled,True,0.050364237278699875,0.05707806944847107,0.052372634410858154,-0.08603575933839251,body,world,0.054725351929664615,0.051478592306375505,-0.061161036385742586,body,world,0.053101972118020056,0.05473248194903135,0.03024328583853455,body,world
stiff_none,neither,90081,False,False,,1.0,0.0,,0.0,79,world,settled,True,0.05119580030441284,0.048354139924049376,0.05261814072728157,0.08450909872351774,body,world,0.05048614032566547,0.04998352713882923,-0.01000535569479609,body,world,0.05023483373224735,0.050314601697027686,0.0015866420566956081,body,world
stiff_none,neither,90082,False,False,,1.0,0.0,,0.0,76,world,settled,True,0.05147752910852432,0.046994025260210036,0.05718058794736862,0.19619399773053026,body,world,0.05208730660378933,0.04793127551674843,-0.08315305893915387,body,world,0.05000929106026888,0.05287464987486601,0.055715206221673065,body,world
stiff_none,neither,90083,False,False,,1.0,0.0,,0.0,74,world,settled,True,0.05028333514928818,0.052422846853733066,0.05568536147475243,0.060374797282659216,body,world,0.05405410416424274,0.0514171414077282,-0.05001386664764288,body,world,0.05273562278598547,0.04922130536288023,-0.06896461579024754,body,world
stiff_none,neither,90084,False,False,,1.0,0.0,,0.0,73,world,settled,True,0.05235864967107773,0.047866891324520114,0.041899653524160384,-0.13314650356340924,body,world,0.044883272424340245,0.04709029048681259,0.04800165945728585,body,world,0.04598678145557642,0.05296988319605589,0.14136951492582023,body,world
stiff_none,neither,90085,False,False,,1.0,0.0,,0.0,72,world,settled,True,0.05038030073046684,0.04803144037723541,0.043321792781352994,-0.10319999845536836,body,world,0.045676616579294206,0.05242087617516518,0.1377184175503395,body,world,0.04904874637722969,0.05081318281590939,0.03534119754297586,body,world
stiff_none,neither,90086,False,False,,1.0,0.0,,0.0,63,world,settled,True,0.050557415932416916,0.05244840681552887,0.04901387467980385,-0.06772654432121547,body,world,0.05073114074766636,0.048094578087329865,-0.05337048889302438,body,world,0.04941285941749811,0.05118825379759073,0.03529938529565202,body,world
stiff_none,neither,90087,False,False,,1.0,0.0,,0.0,66,world,settled,True,0.050232090055942535,0.05235830172896385,0.055548152327537535,0.05913974809807641,body,world,0.05395322702825069,0.047690872475504874,-0.1233774782128755,body,world,0.05082204975187778,0.05167866814881563,0.01671477738231941,body,world
stiff_none,neither,90088,False,False,,1.0,0.0,,0.0,75,world,settled,True,0.051998723298311234,0.045421744138002394,0.05467514321208,0.18541824973292031,body,world,0.0500484436750412,0.04739341139793396,-0.05450819087794324,body,world,0.04872092753648758,0.05175256952643394,0.060365422271873616,body,world
stiff_none,neither,90089,False,False,,1.0,0.0,,0.0,62,world,settled,True,0.0487399660050869,0.05499239936470986,0.04464186728000641,-0.2085228353665124,body,world,0.04981713332235813,0.05313284993171692,0.06443641227004596,body,world,0.051474991627037524,0.04616643823683262,-0.10884300124468398,body,world
stiff_none,neither,90090,False,False,,1.0,0.0,,0.0,68,world,settled,True,0.051425348967313766,0.054399874061346054,0.042098993062973024,-0.25633801615223817,body,world,0.048249433562159535,0.04702838398516178,-0.02563275406677756,body,world,0.04763890877366066,0.053431866504251954,0.11475748044688985,body,world
stiff_none,neither,90091,False,False,,1.0,0.0,,0.0,77,world,settled,True,0.04931808263063431,0.045558934658765794,0.04562629275023937,0.0014773907054753588,body,world,0.045592613704502585,0.056415903940796853,0.21300538028396349,body,world,0.051004258822649716,0.04847934488207102,-0.05077130705317719,body,world
stiff_none,neither,90092,False,False,,1.0,0.0,,0.0,68,world,settled,True,0.048625219613313675,0.0496260516345501,0.06044582724571228,0.1972316160738723,body,body,0.05503593944013119,0.040146525204181674,-0.31545052489957026,world,world,0.04759123232215643,0.049637073278427125,0.04208945030373684,body,world
stiff_none,neither,90093,False,False,,1.0,0.0,,0.0,64,world,settled,True,0.04883056879043579,0.04199064448475838,0.04522567354142666,0.07421808118418247,body,world,0.04360815901309252,0.05398344472050667,0.21343315413383052,body,world,0.04879580186679959,0.05315093044191599,0.08549132875854203,body,world
stiff_none,neither,90094,False,False,,1.0,0.0,,0.0,69,world,settled,True,0.050246112048625946,0.056454338133335114,0.044657695293426516,-0.23440549730227728,body,world,0.050556016713380815,0.05412892512977123,0.0682867400355986,body,world,0.052342470921576026,0.04841639008373022,-0.07796971054451086,body,world
stiff_none,neither,90095,False,False,,1.0,0.0,,0.0,61,world,settled,True,0.0511724054813385,0.0555038295686245,0.04878705814480781,-0.12898694387220452,body,world,0.052145443856716156,0.052568379789590836,0.008077982791441491,body,world,0.052356911823153496,0.049778585135936734,-0.050499085411052906,body,world
stiff_none,neither,90096,False,False,,1.0,0.0,,0.0,62,world,settled,True,0.050443291664123535,0.054443009197711945,0.05473569631576538,0.005361628310838747,body,world,0.054589352756738665,0.049647264555096625,-0.09489556486624942,body,world,0.05211830865591764,0.05138154849410057,-0.014237171470355652,body,world
stiff_none,neither,90097,False,False,,1.0,0.0,,0.0,61,world,settled,True,0.050815410912036896,0.05153655111789703,0.050437919050455096,-0.021548032067714322,body,world,0.05098723508417606,0.053535773605108264,0.048774787032021,body,world,0.05226150434464216,0.05189656820148229,-0.007007380753844814,body,world
stiff_none,neither,90098,False,False,,1.0,0.0,,0.0,70,world,settled,True,0.05155294016003609,0.06129581108689308,0.04731636196374893,-0.2588553513954849,body,world,0.054306086525321005,0.050380099937319754,-0.07504005677092765,body,world,0.05234309323132038,0.0503820838406682,-0.0381843616304478,body,world
stiff_none,neither,90099,False,False,,1.0,0.0,,0.0,79,world,settled,True,0.05131020396947861,0.04840627014636993,0.04666219726204872,-0.03669499741205077,body,world,0.047534233704209325,0.05219443179666996,0.0935256576205285,body,world,0.049864332750439645,0.05088234860450029,0.020210105002114103,body,world
stiff_none,neither,90100,False,False,,1.0,0.0,,0.0,62,world,settled,True,0.050464700907468796,0.04604068398475647,0.05025913268327713,0.08766683530778337,body,world,0.0481499083340168,0.04991465024650097,0.03599531729840467,body,world,0.049032279290258884,0.04745933972299099,-0.032605503621897645,body,world
stiff_none,neither,90101,False,False,,1.0,0.0,,0.0,62,world,settled,True,0.048891372978687286,0.05419444739818573,0.051291676610708235,-0.05504996696070934,body,world,0.052743062004446985,0.058090003579854964,0.09656135590662218,body,body,0.055416532792150974,0.050468978099524976,-0.09351912261831387,body,world
stiff_none,neither,90102,False,False,,1.0,0.0,,0.0,63,world,settled,True,0.05053963512182236,0.04918771609663963,0.052837461978197095,0.07157652680154049,body,world,0.051012589037418364,0.0491659764200449,-0.036870598035461,body,world,0.05008928272873163,0.05156071279197931,0.02895293487315472,body,world
stiff_none,neither,90103,False,False,,1.0,0.0,,0.0,62,world,settled,True,0.051426082849502563,0.04945335015654564,0.05003456100821495,0.011684182673006095,body,world,0.049743955582380296,0.04830709882080555,-0.029310437017212736,body,world,0.04902552720159292,0.05098200999200344,0.03913169948607502,body,world
stiff_none,neither,90104,False,False,,1.0,0.0,,0.0,72,world,settled,True,0.05011659860610962,0.054126129299402234,0.049179657548666,-0.0958369772188158,body,world,0.05165289342403412,0.0558121744543314,0.077445811951574,body,world,0.05373253393918276,0.04915820714086294,-0.08897485007527531,body,world
stiff_none,neither,90105,False,False,,1.0,0.0,,0.0,74,world,settled,True,0.049994226545095444,0.0419426716864109,0.051129280030727385,0.19805360181158246,body,world,0.04653597585856915,0.05296862907707691,0.12947414626217837,body,world,0.04975230246782303,0.05016205478459597,0.00820211679687912,body,world
stiff_none,neither,90106,False,False,,1.0,0.0,,0.0,79,world,settled,True,0.05326669663190842,0.04580639973282814,0.0497906394302845,0.08340318959967255,body,world,0.04779851958155632,0.04646236374974251,-0.02835206477954292,body,world,0.04713044166564941,0.054055246710777285,0.13708749869101985,body,world
stiff_none,neither,90107,False,False,,1.0,0.0,,0.0,79,world,settled,True,0.049173079431056976,0.04349184706807137,0.045876070857048035,0.05337015222909926,body,world,0.0446839589625597,0.052053021267056465,0.15264826153708563,body,world,0.04836849011480808,0.04970927964895964,0.027343057908274366,body,world
stiff_none,neither,90108,False,False,,1.0,0.0,,0.0,64,world,settled,True,0.05202016979455948,0.053841473162174226,0.050276309996843335,-0.06851005487063082,body,world,0.052058891579508784,0.05030761025846005,-0.034219245081573896,body,world,0.051183250918984416,0.05031822510063648,-0.017045008512824367,body,world
stiff_none,neither,90109,False,False,,1.0,0.0,,0.0,66,world,settled,True,0.05015181750059128,0.059975191950798035,0.05321177914738655,-0.11965122484983252,body,world,0.05659348554909229,0.05486650727689266,-0.03099078774702744,body,world,0.05572999641299248,0.04765903009101748,-0.15644641634101847,world,world
stiff_none,neither,90110,False,False,,1.0,0.0,,0.0,60,world,settled,True,0.050450898706912994,0.05100154727697372,0.05648386850953102,0.10209911325181774,body,world,0.053742707893252376,0.04910292997956276,-0.09028928396362514,body,world,0.051422818936407565,0.05088624730706215,-0.010489325506950978,body,world
stiff_none,neither,90111,False,False,,1.0,0.0,,0.0,76,world,settled,True,0.049767352640628815,0.04641578644514084,0.038415393233299254,-0.18918138176047103,body,world,0.042415589839220044,0.04687308482825756,0.09992764691307908,body,world,0.04464433733373881,0.05298448447138071,0.17127164902345823,body,world
stiff_none,neither,90112,False,False,,1.0,0.0,,0.0,69,world,settled,True,0.05006173998117447,0.04782669097185135,0.05183963999152184,0.08057123522291701,body,world,0.04983316548168659,0.04709553644061089,-0.05650250708012844,body,world,0.04846435096114874,0.051400532387197016,0.05882003418876796,body,world
stiff_none,neither,90113,False,False,,1.0,0.0,,0.0,60,world,settled,True,0.051750361919403076,0.04957232549786568,0.04803457409143448,-0.03151167915221632,body,world,0.04880344979465008,0.042772505059838296,-0.13190551186063604,body,world,0.045787977427244185,0.05001325197517872,0.08826645474294414,body,world
stiff_none,neither,90114,False,False,,1.0,0.0,,0.0,65,world,settled,True,0.05161833018064499,0.05444068238139153,0.05286884680390358,-0.02929745417206912,body,world,0.05365476459264755,0.052821000665426256,-0.01566142243309552,body,world,0.053237882629036906,0.04939233846962452,-0.07497490197455353,body,world
stiff_none,neither,90115,False,False,,1.0,0.0,,0.0,77,world,settled,True,0.04999890178442001,0.04996403828263283,0.045784841477870944,-0.08735044806979471,body,world,0.04787443988025188,0.0543823953717947,0.12745873919519513,body,world,0.05112841762602329,0.05174634549766779,0.012013350689844412,body,world
stiff_none,neither,90116,False,False,,1.0,0.0,,0.0,75,world,settled,True,0.04992105811834335,0.0549685925245285,0.04573108404874802,-0.1839837343089791,body,world,0.05034983828663826,0.05178499855101108,0.028105096685308143,body,world,0.05106741841882467,0.050852056965231894,-0.004226116221886417,body,world
stiff_none,neither,90117,False,False,,1.0,0.0,,0.0,79,world,settled,True,0.05192486196756363,0.04129672758281231,0.052527488023042676,0.24055335242324474,body,world,0.0469121078029275,0.048841467872262,0.040303899262030395,body,world,0.04787678783759475,0.05170828066766262,0.07698714567220914,body,world
stiff_none,neither,90118,False,False,,1.0,0.0,,0.0,68,world,settled,True,0.04945061355829239,0.04818657860159874,0.05324418693780899,0.09980810311085381,body,world,0.050715382769703866,0.05787919983267784,0.1321288048120073,body,body,0.054297291301190855,0.046955933794379234,-0.14526475867457495,world,world
stiff_none,neither,90119,False,False,,1.0,0.0,,0.0,69,world,settled,True,0.04789729043841362,0.054485767334699634,0.048489805310964584,-0.116585941667178,body,world,0.05148778632283211,0.048400198295712474,-0.06184071003009491,body,world,0.04994399230927229,0.049178988207131624,-0.015435760454809315,body,world
stiff_none,body_only,90120,True,False,m,1.5891995503048728,0.0,,0.0,74,body,settled,True,0.08978982269763947,0.06476258859038353,0.07624357640743255,0.1632050680347156,body,body,0.07050308249890805,0.07404560260474682,0.049024722563588155,body,body,0.07227434255182744,0.08720344491302967,0.18777464463804297,body,body
stiff_none,body_only,90121,True,False,l,1.4812383451425903,0.0,,0.0,60,body,settled,True,0.07992404699325562,0.07572596557438374,0.04983263351023197,-0.41845104710574355,world,world,0.06277929954230785,0.08523323740810156,0.3057660741723453,body,body,0.07400626847520471,0.07332519171759486,-0.009245569252890102,body,body
stiff_none,body_only,90122,True,False,m,1.577333311441059,0.0,,0.0,60,body,settled,True,0.07711748778820038,0.07785297110676766,0.07589825168251992,-0.025428412407064314,body,body,0.07687561139464379,0.06668723300099373,-0.14217515387608362,body,body,0.07178142219781876,0.07678736466914415,0.067414405269858,body,body
stiff_none,body_only,90123,True,False,l,1.2659873041674827,0.0,,0.0,78,body,settled,True,0.06383388489484787,0.06447834968566894,0.0549707680940628,-0.1595279489227861,body,world,0.05972455888986587,0.061704376339912416,0.03261155023208419,body,body,0.06071446761488915,0.06059048902243376,-0.0020440819412527373,body,body
stiff_none,body_only,90124,True,False,m,1.4143549642821072,0.0,,0.0,79,body,settled,True,0.08048395067453384,0.06995120421051979,0.07417627796530724,0.058646478818144686,body,body,0.07206374108791351,0.07357241809368134,0.020719181071881042,body,body,0.07281807959079742,0.08002920392900706,0.09442734677494638,body,body
stiff_none,body_only,90125,True,False,l,1.4086180240535773,0.0,,0.0,63,body,settled,True,0.0668138712644577,0.08085752874612809,0.07779084667563438,-0.03866492933642298,body,body,0.07932418771088123,0.08105437271296978,0.021577100131436596,body,body,0.0801892802119255,0.06748023135587573,-0.172555156563599,world,world
stiff_none,body_only,90126,True,False,m,1.6448408546174003,0.0,,0.0,68,world,decayed,False,nan,0.07022934630513192,0.0669681817293167,-0.04754865518462629,body,body,0.06859876401722431,0.09768086820840835,0.3534312007275183,body,body,0.08313981611281633,0.13505565375089645,0.48516322144886515,body,body
stiff_none,body_only,90127,True,False,l,1.4986137896780058,0.0,,0.0,61,body,settled,True,0.08835180103778839,0.05633113570511341,0.07038519531488419,0.22273553288430645,body,body,0.0633581655099988,0.06315258331596851,-0.003250038070242781,body,body,0.06325537441298365,0.08623778559267521,0.30992833461205693,body,body
stiff_none,body_only,90128,True,False,m,1.416558817025714,0.0,,0.0,64,body,settled,True,0.06995519250631332,0.07303976044058799,0.06540199518203735,-0.11045119107431094,body,body,0.06922087781131267,0.07420406006276607,0.06951634690720453,body,body,0.07171246893703938,0.07114466316998005,-0.007949323197719585,body,body
stiff_none,body_only,90129,True,False,l,1.38378853736242,0.0,,0.0,68,body,settled,True,0.07326193153858185,0.06541120857000352,0.06437655240297317,-0.01594415495010454,body,body,0.06489388048648834,0.07445768564939499,0.13747765832563755,body,body,0.06967578306794167,0.06355783846229315,-0.0919024789104519,body,body
stiff_none,body_only,90130,True,False,m,1.4756383192437175,0.0,,0.0,71,world,decayed,False,nan,0.08240806311368942,0.08536931797862053,0.03530347653546218,body,body,0.08388869054615497,0.08595227934420109,0.024301443338291047,body,body,0.08492048494517804,0.08243307042866946,-0.029728650877068177,body,body
stiff_none,body_only,90131,True,False,l,1.3606013397692742,0.0,,0.0,80,body,settled,True,0.07399941235780716,0.0738570973277092,0.06551437601447105,-0.11986250930453807,body,body,0.06968573667109013,0.06130480002611875,-0.1281375142313758,body,body,0.06549526834860445,0.07009409563615918,0.06786066168440545,body,body
stiff_none,body_only,90132,True,False,m,1.3052923183294922,0.0,,0.0,64,body,settled,True,0.06920527666807175,0.05486077144742012,0.06504912003874778,0.17034412988555594,body,body,0.05995494574308395,0.05689540803432465,-0.05237874037911237,body,world,0.0584251768887043,0.06785073652863502,0.14956333343038067,body,body
stiff_none,body_only,90133,True,False,l,1.3207448067237653,0.0,,0.0,67,body,settled,True,0.06653593480587006,0.05615128390491009,0.06286384835839272,0.11292170404701052,body,body,0.0595075661316514,0.06601852849125862,0.10383197100015622,body,body,0.06276304731145502,0.06649226043373346,0.057719074752896886,body,body
stiff_none,body_only,90134,True,False,m,1.4561368550822151,0.0,,0.0,64,body,settled,True,0.07586107403039932,0.06654860153794288,0.07764782309532166,0.15425098345456412,body,body,0.07209821231663227,0.0677089650183916,-0.06281065560988407,body,body,0.06990358866751194,0.06960394531488419,-0.004295736651051463,body,body
stiff_none,body_only,90135,True,False,l,1.4036352699808552,0.0,,0.0,79,body,settled,True,0.07075709104537964,0.0776809249073267,0.0739813968539238,-0.048796062812614636,body,body,0.07583116088062525,0.0791031576693058,0.04224349235824419,body,body,0.07746715927496553,0.07089891321957112,-0.08859899019582022,body,body
stiff_none,body_only,90136,True,False,m,1.3752498406372067,0.0,,0.0,68,body,settled,True,0.07190655171871185,0.06646019667387008,0.07238589525222779,0.08540824125030774,body,body,0.06942304596304893,0.06381812989711762,-0.0841815691345973,body,body,0.06662058793008327,0.06557251997292042,-0.01585695252152136,body,body
stiff_none,body_only,90137,True,False,l,1.3180944856558197,0.0,,0.0,66,body,settled,True,0.07134594023227692,0.049383533746004106,0.07018403485417365,0.35150381778826345,body,body,0.059783784300088884,0.06614847015589476,0.10116730476431152,body,body,0.06296612722799182,0.06486165281385184,0.029659664594739368,body,body
stiff_none,body_only,90138,True,False,m,1.3737292058898571,0.0,,0.0,76,body,settled,True,0.0638778805732727,0.06119358167052269,0.06537324786186219,0.06607081132384972,body,body,0.06328341476619244,0.060163768380880354,-0.05055296781708157,body,body,0.06172359157353639,0.06250439211726189,0.012570610942226227,body,body
stiff_none,body_only,90139,True,False,l,1.2231365368057392,0.0,,0.0,78,body,settled,True,0.05700790137052536,0.054813144356012346,0.05047004818916321,-0.08254997054342726,body,world,0.05264159627258778,0.05598725192248821,0.06161740969442006,body,world,0.05431442409753799,0.057192752882838246,0.05163736368643987,body,body
stiff_none,body_only,90140,True,False,m,1.5903123576273737,0.0,,0.0,77,world,decayed,False,nan,0.07464291304349899,0.0685423694550991,-0.0852634974442779,body,body,0.07159264124929905,0.08775244131684304,0.2035273903965133,body,body,0.07967254128307104,0.10986030325293542,0.3212845877691043,body,body
stiff_none,body_only,90141,True,False,l,1.3983126255738383,0.0,,0.0,68,body,settled,True,0.07144160568714142,0.07200183086097241,0.07265356071293354,0.00901085337583546,body,body,0.07232769578695297,0.06764551717787981,-0.06692603590876238,body,body,0.06998660648241639,0.06661722380667925,-0.04934072794984938,body,body
stiff_none,body_only,90142,True,False,m,1.5588960124158446,0.0,,0.0,77,world,decayed,False,nan,0.07486671805381775,0.06323432698845863,-0.16886213776565961,body,body,0.06905052252113819,0.06316278986632824,-0.08912308729018371,body,body,0.06610665619373321,0.08113809879869223,0.20488318574689857,body,body
stiff_none,body_only,90143,True,False,l,1.3381767659159343,0.0,,0.0,76,body,settled,True,0.06311703473329544,0.0639367014169693,0.0539340615272522,-0.17013133597014568,body,world,0.05893538147211075,0.05873942822217941,-0.003330422739783476,body,body,0.05883740484714508,0.06347188372164965,0.07581924229587017,body,body
stiff_none,body_only,90144,True,False,m,1.4340779419258376,0.0,,0.0,78,body,settled,True,0.07682689279317856,0.05880653038620949,0.07005874142050743,0.1750811435711996,body,body,0.06443263590335846,0.0691907737404108,0.07124725285190506,body,body,0.06681170482188463,0.06920973006635904,0.035263173557083145,body,body
stiff_none,body_only,90145,True,False,l,1.3732457116762027,0.0,,0.0,79,body,settled,True,0.07117430120706558,0.04658009670674801,0.07176058739423752,0.4321620626582748,body,body,0.059170342050492764,0.06420331671833993,0.08163443415960044,body,body,0.061686829384416345,0.07364298161119223,0.17715839860195193,body,body
stiff_none,body_only,90146,True,False,m,1.4659264726975494,0.0,,0.0,73,world,decayed,False,nan,0.07239042967557907,0.05968841463327408,-0.1929361620304563,body,body,0.06603942215442657,0.06612324006855488,0.0012684055232552861,body,body,0.06608133111149073,0.08772759027779102,0.2833501753320442,body,body
stiff_none,body_only,90147,True,False,l,1.3697174281168265,0.0,,0.0,61,body,settled,True,0.07140946388244629,0.06629027873277664,0.06091159470379352,-0.08461971517396319,body,body,0.06360093671828508,0.07827337235212325,0.20757927451532968,body,body,0.07093715453520417,0.06980229485780001,-0.016127450828771168,body,body
stiff_none,body_only,90148,True,False,m,1.3038571531689942,0.0,,0.0,77,body,settled,True,0.060469143092632294,0.05851457491517067,0.05948227494955063,0.016402501107302774,body,body,0.05899842493236065,0.06252045594155789,0.05798305077024687,body,body,0.060759440436959265,0.060751285403966904,-0.00013422737701823025,body,body
stiff_none,body_only,90149,True,False,l,1.2823864181574816,0.0,,0.0,69,body,settled,True,0.0675436332821846,0.06449187621474266,0.059967315196990965,-0.07273959863342662,body,body,0.062229595705866815,0.060456104949116705,-0.02891313811226435,body,body,0.06134285032749176,0.06574532426893712,0.06930992946221957,body,body
stiff_none,body_only,90150,True,False,m,1.371260065573264,0.0,,0.0,77,world,decayed,False,nan,0.060027385503053664,0.06159009635448456,0.025700201005109665,body,body,0.06080874092876911,0.07046610675752163,0.1473982950912328,body,body,0.06563742384314537,0.08052532579749823,0.2044257224275692,body,body
stiff_none,body_only,90151,True,False,l,1.2751118713228489,0.0,,0.0,67,body,settled,True,0.060159195214509964,0.06077048182487488,0.05600045993924141,-0.08174427087707263,body,world,0.058385470882058144,0.06269006989896297,0.07113598766346507,body,body,0.06053777039051056,0.06047953125089407,-0.0009624928555271794,body,body
stiff_none,body_only,90152,True,False,m,1.3717293620024857,0.0,,0.0,77,body,settled,True,0.0692981705069542,0.05694177448749542,0.06271930858492851,0.0966401066159018,body,body,0.059830541536211965,0.06334788724780083,0.05712529713248231,body,body,0.061589214392006396,0.06522605344653129,0.057372217684509536,body,body
stiff_none,body_only,90153,True,False,l,1.3777582765834164,0.0,,0.0,63,body,settled,True,0.06376572698354721,0.07657825499773026,0.0567697674036026,-0.299309239128281,body,world,0.06667401120066643,0.07756886035203933,0.15135082270807493,body,body,0.07212143577635288,0.057085242867469785,-0.23380566668729208,world,world
stiff_none,body_only,90154,True,False,m,1.3240528558094946,0.0,,0.0,61,body,settled,True,0.07459941506385803,0.06636412814259529,0.06382657885551453,-0.03898697160454192,body,body,0.0650953534990549,0.06375636160373688,-0.020784202922316686,body,body,0.06442585755139589,0.07342972625046969,0.13081377612460623,body,body
stiff_none,body_only,90155,True,False,l,1.2616156540457863,0.0,,0.0,75,body,settled,True,0.061293862760066986,0.06781767681241035,0.07776434943079949,0.13686021171412668,body,body,0.07279101312160492,0.05346915125846863,-0.30848762584464473,world,world,0.06313008219003677,0.06246909573674202,-0.01052542805544132,body,body
stiff_none,body_only,90156,True,False,m,1.53054519222226,0.0,,0.0,80,body,settled,True,0.09175658226013184,0.05693463608622551,0.06826616376638413,0.18151036326562173,body,body,0.06260039992630481,0.06929340325295925,0.1015780438251387,body,body,0.06594690158963204,0.07491390388458967,0.12748960907739829,body,body
stiff_none,body_only,90157,True,False,l,1.488929027680533,0.0,,0.0,67,body,settled,True,0.06855780631303787,0.061556266993284224,0.07453933656215668,0.19137532658739853,body,body,0.06804780177772045,0.06336035989224911,-0.07137199792212472,body,body,0.06570408083498477,0.06874880502000451,0.04529831814111712,body,body
stiff_none,body_only,90158,True,False,m,1.4010988441285952,0.0,,0.0,76,body,settled,True,0.07955949008464813,0.0703665167093277,0.06504380404949188,-0.07865658372399656,body,body,0.0677051603794098,0.06475739218294621,-0.04451454217820628,body,body,0.066231276281178,0.07183539681136608,0.08122454362513908,body,body
stiff_none,body_only,90159,True,False,l,1.3983826888544335,0.0,,0.0,76,world,decayed,False,nan,0.06923833116889,0.04789217747747898,-0.36860244625968186,world,world,0.05856525432318449,0.07456330358982086,0.24150688610698182,body,body,0.06656427895650267,0.08250959636643529,0.21474652451550033,body,body
stiff_none,body_only,90160,True,False,m,1.6346395142175347,0.0,,0.0,78,body,settled,True,0.08597012609243393,0.0694789469242096,0.06535645052790642,-0.06116764213828807,body,body,0.067417698726058,0.07151713371276855,0.05902947751746459,body,body,0.06946741621941328,0.08266830071806908,0.17397841279274187,body,body
stiff_none,body_only,90161,True,False,l,1.4627355647267428,0.0,,0.0,75,world,decayed,False,nan,0.060526781156659125,0.055048222094774245,-0.09487636437876648,body,world,0.057787501625716685,0.07479042019695044,0.2579172870981861,body,body,0.06628896091133356,0.09410227630287409,0.35035885531515937,body,body
stiff_none,body_only,90162,True,False,m,1.3110427449584228,0.0,,0.0,70,body,settled,True,0.06362219154834747,0.0524213396012783,0.062046802043914794,0.16857521922406712,body,body,0.05723407082259655,0.059614695608615875,0.040752749480014026,body,body,0.05842438321560621,0.061111613549292086,0.04496859906039354,body,body
stiff_none,body_only,90163,True,False,l,1.4308898612160117,0.0,,0.0,78,body,settled,True,0.06637656688690186,0.04485452547669411,0.07163398787379265,0.46814516640635456,body,body,0.058244256675243376,0.06461139880120755,0.10374535751898081,body,body,0.06142782773822546,0.06369969807565212,0.03631686980922192,body,body
stiff_none,body_only,90164,True,False,m,1.439856144676443,0.0,,0.0,68,body,settled,True,0.08760080486536026,0.07677513062953949,0.0630514606833458,-0.19692953857880968,body,body,0.06991329565644264,0.07023579552769661,0.004602248045416037,body,body,0.07007454559206963,0.08215644303709269,0.15906565912533843,body,body
stiff_none,body_only,90165,True,False,l,1.2997648895781109,0.0,,0.0,62,body,settled,True,0.0633278414607048,0.06206016428768635,0.059486734122037886,-0.042350974495199326,body,body,0.06077344920486212,0.06620239242911338,0.08556359881707755,body,body,0.06348792081698776,0.06235451977699995,-0.018013504541641988,body,body
stiff_none,body_only,90166,True,False,m,1.679679815459025,0.0,,0.0,64,world,decayed,False,nan,0.055343886464834215,0.07297551482915879,0.27655777083775196,body,body,0.0641597006469965,0.08355775624513626,0.2641627864859641,body,body,0.07385872844606638,0.1099058199673891,0.39746962339986647,body,body
stiff_none,body_only,90167,True,False,l,1.3590101711106688,0.0,,0.0,72,body,settled,True,0.07455418258905411,0.06474116891622543,0.06065890453755855,-0.06513086084419313,body,body,0.06270003672689199,0.06369777712970973,0.01578763265175992,body,body,0.06319890692830085,0.07589235175400973,0.18302890635489058,body,body
stiff_none,body_only,90168,True,False,m,1.6457533914678304,0.0,,0.0,77,world,decayed,False,nan,0.07695032954216004,0.08218694180250168,0.06583628776747953,body,body,0.07956863567233086,0.0767326720058918,-0.03629240191866147,body,body,0.07815065383911132,0.10549868270754814,0.30006004335794667,body,body
stiff_none,body_only,90169,True,False,l,1.372684860076075,0.0,,0.0,63,body,settled,True,0.06761844456195831,0.049011892080307005,0.07765917703509331,0.4602667630417748,body,body,0.06333553455770016,0.07113566137850284,0.11614223850911432,body,body,0.0672355979681015,0.0701633846387267,0.04262374967637489,body,body
stiff_none,body_only,90170,True,False,m,1.5110806219967274,0.0,,0.0,77,world,decayed,False,nan,0.07924470603466034,0.06207571029663086,-0.24418583581740463,body,body,0.0706602081656456,0.09383506178855897,0.2836559912791049,body,body,0.08224763497710227,0.10478006806224585,0.2421289283984469,body,body
stiff_none,body_only,90171,True,False,l,1.3393346079674444,0.0,,0.0,80,body,settled,True,0.06872065365314484,0.05705918669700623,0.06105988807976246,0.06776606213611623,body,body,0.05905953738838434,0.0674669923260808,0.133092432325224,body,body,0.06326326485723258,0.06980108991265296,0.09834479775866481,body,body
stiff_none,body_only,90172,True,False,m,1.5992541406103382,0.0,,0.0,69,world,decayed,False,nan,0.06712879762053489,0.07865618094801903,0.15847308785835917,body,body,0.07289248928427697,0.07040121965110302,-0.0347750184529185,body,body,0.07164685446769,0.11170303337275982,0.4440946101798495,body,body
stiff_none,body_only,90173,True,False,l,1.2909310796297793,0.0,,0.0,74,body,settled,True,0.06392335891723633,0.04330875761806965,0.05594113916158676,0.2559451825395711,body,world,0.049624948389828206,0.06993602402508259,0.3430871826470976,body,body,0.059780486207455394,0.059850689768791196,0.0011736667941556474,body,body
stiff_none,body_only,90174,True,False,m,1.4992846063269814,0.0,,0.0,60,world,decayed,False,nan,0.05747381150722504,0.06702887937426567,0.15379416995342177,body,body,0.062251345440745356,0.08324979916214943,0.2906655677737717,body,body,0.0727505723014474,0.08951650056988,0.20738619948992462,body,body
stiff_none,body_only,90175,True,False,l,1.375063495490151,0.0,,0.0,67,body,settled,True,0.06373955309391022,0.06228075250983238,0.055089973658323285,-0.1226846962538105,body,world,0.05868536308407783,0.0682649664580822,0.15120635425525647,body,body,0.06347516477108002,0.059447829332202676,-0.0655496134538106,body,body
stiff_none,body_only,90176,True,False,m,1.3570155774731387,0.0,,0.0,71,body,settled,True,0.06632731109857559,0.06485163941979408,0.06214127019047737,-0.04269184608222162,body,body,0.06349645480513573,0.07035301662981511,0.10254158845143763,body,body,0.06692473571747541,0.06268964093178511,-0.0653724228726955,body,body
stiff_none,body_only,90177,True,False,l,1.2641200458110455,0.0,,0.0,62,body,settled,True,0.057820629328489304,0.07210119739174843,0.06500471271574497,-0.10361088094160224,body,body,0.0685529550537467,0.055945005640387534,-0.2032373470043525,world,world,0.06224898034706712,0.052031568437814715,-0.17929153552161223,world,world
stiff_none,body_only,90178,True,False,m,1.5240608064758356,0.0,,0.0,68,world,decayed,False,nan,0.06981193348765373,0.073133085668087,0.04647591065106053,body,body,0.07147250957787037,0.06997431628406048,-0.021184629846015605,body,body,0.07072341293096543,0.08807228263467551,0.21938119395961397,body,body
stiff_none,body_only,90179,True,False,l,1.4207768660969622,0.0,,0.0,63,body,settled,True,0.07473847270011902,0.07171878814697266,0.06351568102836609,-0.1214659308502971,body,body,0.06761723458766937,0.07151654325425624,0.05606589704593708,body,body,0.06956688892096281,0.06864352161064743,-0.013361960868840693,body,body
stiff_none,body_only,90180,True,False,m,1.6834084531201725,0.0,,0.0,70,world,decayed,False,nan,0.08780324757099152,0.09862950220704078,0.11627193964154549,body,body,0.09321637488901616,0.12311536744236946,0.27819845996836423,body,body,0.1081658711656928,0.19413939639925956,0.5849105461302881,body,body
stiff_none,body_only,90181,True,False,l,1.3164236438723707,0.0,,0.0,75,body,settled,True,0.06609910726547241,0.06465108245611191,0.05511842891573906,-0.15952072508590406,body,world,0.05988475568592548,0.057410181313753125,-0.04220031426990979,body,body,0.0586474684998393,0.06910525653511286,0.16408638796535505,body,body
stiff_none,body_only,90182,True,False,m,1.3450601064988406,0.0,,0.0,60,body,settled,True,0.06992387771606445,0.06399850323796272,0.061775630712509154,-0.03535073452258407,body,body,0.06288706697523594,0.07197535075247288,0.13498317965171538,body,body,0.06743120886385441,0.06739318948239088,-0.000563983714188662,body,body
stiff_none,body_only,90183,True,False,l,1.3429357517410216,0.0,,0.0,67,body,settled,True,0.06894551217556,0.06156491041183472,0.06088579371571541,-0.011092196879948965,body,body,0.061225352063775065,0.06614353749901056,0.07726583799139344,body,body,0.06368444478139282,0.06298047127202153,-0.011115639274409369,body,body
stiff_none,body_only,90184,True,False,m,1.6568892806087865,0.0,,0.0,73,world,decayed,False,nan,0.07305355295538903,0.0772901527583599,0.056373783225433585,body,body,0.07517185285687447,0.09315365627408027,0.21447348397040578,body,body,0.08416275456547737,0.14113991372287274,0.5169992157280429,body,body
stiff_none,body_only,90185,True,False,l,1.43334245437914,0.0,,0.0,67,body,settled,True,0.07287947088479996,0.05471287555992603,0.05712935626506806,0.043219038039282696,body,world,0.055921115912497044,0.07322662137448788,0.26961698158787123,body,body,0.06457386864349246,0.07313902480527759,0.12455226058157551,body,body
stiff_none,body_only,90186,True,False,m,1.6331529059433587,0.0,,0.0,70,world,decayed,False,nan,0.0695285864174366,0.09644487351179123,0.3272336028066403,body,body,0.08298672996461391,0.0986750803887844,0.17315172116093808,body,body,0.09083090517669916,0.12639789655804634,0.3304352473413544,body,body
stiff_none,body_only,90187,True,False,l,1.3141636302230804,0.0,,0.0,65,body,settled,True,0.06023132801055908,0.042125475406646726,0.05108969621360302,0.19293016299556187,body,world,0.04660758581012488,0.060960008203983305,0.268454732449705,body,body,0.05378379700705409,0.06314821168780327,0.16051227897851592,body,body
stiff_none,body_only,90188,True,False,m,1.68271261290117,0.0,,0.0,72,world,decayed,False,nan,0.07979986369609833,0.09075147956609726,0.12860298038534185,body,body,0.0852756716310978,0.1090862788259983,0.24624991364728277,body,body,0.09718097522854804,0.13841199465095996,0.35365974177362813,body,body
stiff_none,body_only,90189,True,False,l,1.2673551846296478,0.0,,0.0,69,body,settled,True,0.058422576636075974,0.06009921729564667,0.06165197342634201,0.02550842116826912,body,body,0.060875595360994336,0.06071445643901825,-0.0026505296104099994,body,body,0.060795025900006294,0.05713706333190203,-0.06205497354980199,body,body
stiff_none,body_only,90190,True,False,m,1.4616304439624153,0.0,,0.0,61,body,settled,True,0.07427717745304108,0.06212169378995895,0.06615215837955475,0.06286225426542624,body,body,0.06413692608475685,0.0692568738013506,0.07680213278373202,body,body,0.06669689994305372,0.07501261215656996,0.11749778726017716,body,body
stiff_none,body_only,90191,True,False,l,1.3598610545526153,0.0,,0.0,75,body,settled,True,0.07391013950109482,0.08944108337163925,0.08073626607656478,-0.10239225407440204,body,body,0.08508867472410202,0.06925574243068695,-0.20588787993386204,world,world,0.07717220857739449,0.0729525601491332,-0.056230030770626035,body,body
stiff_none,body_only,90192,True,False,m,1.6394540644586693,0.0,,0.0,73,body,settled,True,0.10000376403331757,0.07007148861885071,0.07477498427033424,0.06496740726041399,body,body,0.07242323644459248,0.08028638102114201,0.10307281207066973,body,body,0.07635480873286724,0.083829883672297,0.09339853855676895,body,body
stiff_none,body_only,90193,True,False,l,1.2806965176607972,0.0,,0.0,79,body,settled,True,0.06507684290409088,0.05251404568552971,0.051528967916965485,-0.018936537323672203,body,world,0.0520215068012476,0.062386755272746085,0.1816957721942167,body,body,0.05720413103699684,0.06869244650006294,0.18301312742605746,body,body
stiff_none,body_only,90194,True,False,m,1.3882151295384004,0.0,,0.0,72,body,settled,True,0.07588346302509308,0.05611245632171631,0.06885302066802979,0.20461627168410537,body,body,0.06248273849487305,0.07108787894248962,0.1290265087529351,body,body,0.06678530871868134,0.077567720413208,0.1496682395978333,body,body
stiff_none,body_only,90195,True,False,l,1.4070168029723402,0.0,,0.0,68,body,settled,True,0.07897595316171646,0.061173340678215025,0.08254367560148239,0.29961606970766463,body,body,0.0718585081398487,0.06022001095116138,-0.17669431591592719,body,body,0.06603925954550505,0.07793126478791237,0.16557781074176348,body,body
stiff_none,body_only,90196,True,False,m,1.4747105385822876,0.0,,0.0,78,body,settled,True,0.06769838184118271,0.06430530622601509,0.07333779036998749,0.13143388281603893,body,body,0.06882154829800129,0.06582456342875957,-0.04452382484865369,body,body,0.06732305586338043,0.06433860789984465,-0.045342876434288755,body,body
stiff_none,body_only,90197,True,False,l,1.3111555143573217,0.0,,0.0,62,body,settled,True,0.06771037727594376,0.06565233692526817,0.06585771366953849,0.0031233644927139174,body,body,0.06575502529740333,0.06349225454032421,-0.035018175799904974,body,body,0.06462363991886377,0.0707350286655128,0.09036061829878533,body,body
stiff_none,body_only,90198,True,False,m,1.379640047296776,0.0,,0.0,79,body,settled,True,0.06769801676273346,0.050458724796772006,0.06340504288673401,0.22838772775277053,body,body,0.056931883841753,0.05850845724344254,0.027315779144526087,body,body,0.05772017054259777,0.06936078406870365,0.18371494818903106,body,body
stiff_none,body_only,90199,True,False,l,1.4868269255907973,0.0,,0.0,73,body,settled,True,0.08234886080026627,0.07127798497676849,0.061576128005981445,-0.14631325057898517,body,body,0.06642705649137497,0.07597514409571886,0.13430178465543693,body,body,0.07120110029354691,0.07717404579743743,0.0805549343114567,body,body
stiff_none,body_only,90200,True,False,m,1.568789452616487,0.0,,0.0,75,world,decayed,False,nan,0.07033352926373482,0.0730702519416809,0.038172703202449906,body,body,0.07170189060270786,0.08123808614909649,0.12486706295066011,body,body,0.07646998837590217,0.09960477184504271,0.26431171848617135,body,body
stiff_none,body_only,90201,True,False,l,1.237480856854104,0.0,,0.0,74,body,settled,True,0.05751720815896988,0.06546782106161117,0.055331161990761754,-0.16822248263312156,body,world,0.06039949152618647,0.059446405805647376,-0.01590552258788621,body,body,0.05992294866591692,0.057476311922073364,-0.04168665169440595,body,body
stiff_none,body_only,90202,True,False,m,1.589816924085751,0.0,,0.0,69,body,settled,True,0.09745369106531143,0.06337107047438621,0.07086827009916305,0.11181534739022535,body,body,0.06711967028677464,0.07502334974706173,0.11132224519190814,body,body,0.07107151001691818,0.09246063008904457,0.26309637974785466,body,body
stiff_none,body_only,90203,True,False,l,1.2163108575505985,0.0,,0.0,68,body,settled,True,0.060148946940898895,0.053140418231487276,0.058791381865739824,0.10105746658223975,body,world,0.05596590004861355,0.05833525694906712,0.04146408342137176,body,body,0.05715057849884033,0.0659652853384614,0.14343911127630088,body,body
stiff_none,body_only,90204,True,False,m,1.577624770964431,0.0,,0.0,61,world,decayed,False,nan,0.06469697952270508,0.09151566326618195,0.3467956247988321,body,body,0.07810632139444351,0.08710552267730236,0.10904929469737729,body,body,0.08260592203587294,0.12339112125337123,0.40127778463107117,body,body
stiff_none,body_only,90205,True,False,l,1.3675497082151145,0.0,,0.0,65,body,settled,True,0.07664702832698822,0.07584756836295128,0.06102464236319065,-0.21744789101780088,body,body,0.06843610536307096,0.07404391504824162,0.07875782223554956,body,body,0.07124001020565629,0.07523545576259494,0.054568004366979846,body,body
stiff_none,body_only,90206,True,False,m,1.5176465510618466,0.0,,0.0,74,body,settled,True,0.08179770410060883,0.07313879430294037,0.08781151026487351,0.18283366065761178,body,body,0.08047515228390693,0.07002286911010742,-0.13912657922932445,body,body,0.07524901069700718,0.07559228502213955,0.004551471347397017,body,body
stiff_none,body_only,90207,True,False,l,1.2488637580931352,0.0,,0.0,80,body,settled,True,0.058417290449142456,0.04148482829332352,0.05386865735054016,0.2612210353996361,body,world,0.047676742821931836,0.06272162571549415,0.274262588789776,body,body,0.055199184268712995,0.054801180679351094,-0.007236436467643613,body,world
stiff_none,body_only,90208,True,False,m,1.4834364114696996,0.0,,0.0,66,world,decayed,False,nan,0.07030903548002243,0.076096573472023,0.07910291919330438,body,body,0.07320280447602272,0.08701888285577297,0.1728914066757708,body,body,0.08011084366589785,0.0932494718581438,0.15186717327355104,body,body
stiff_none,body_only,90209,True,False,l,1.263629522578016,0.0,,0.0,60,body,settled,True,0.061287831515073776,0.06802626997232437,0.06169061288237572,-0.09776217564878496,body,body,0.06485844142735005,0.05355222038924694,-0.19154981090755732,body,world,0.05920533090829849,0.06378933973610401,0.0745745006516158,body,body
stiff_none,body_only,90210,True,False,m,1.3346147837212192,0.0,,0.0,73,body,settled,True,0.07253694534301758,0.07343411147594452,0.07042550966143608,-0.04183301099441244,body,body,0.0719298105686903,0.06424271091818809,-0.11302252172960851,body,body,0.0680862607434392,0.0679380413144827,-0.0021793089231364584,body,body
stiff_none,body_only,90211,True,False,l,1.30656153459059,0.0,,0.0,71,body,settled,True,0.05917840078473091,0.05031963922083378,0.06253832727670669,0.21738416254781978,body,body,0.056428983248770236,0.06073406077921391,0.07352175989121726,body,body,0.05858152201399207,0.056900457479059696,-0.029115941710856408,body,body
stiff_none,body_only,90212,True,False,m,1.6930851814175538,0.0,,0.0,60,world,decayed,False,nan,0.08071536496281624,0.07749191224575043,-0.04075538042820129,body,body,0.07910363860428334,0.08449787460267544,0.06596750764594643,body,body,0.08180075660347938,0.11999952457845212,0.3832012879307516,body,body
stiff_none,body_only,90213,True,False,l,1.3559979569855254,0.0,,0.0,66,body,settled,True,0.0714997872710228,0.04990984350442886,0.06213281005620956,0.21905594378461693,body,body,0.056021326780319215,0.07605831064283848,0.3057678378060137,body,body,0.06603981871157885,0.06832522097975016,0.03402109213570887,body,body
stiff_none,body_only,90214,True,False,m,1.3935857870234445,0.0,,0.0,60,body,settled,True,0.08709223568439484,0.06996096894145012,0.06754026561975479,-0.03521355226282426,body,body,0.06875061728060246,0.0734801359474659,0.06652939534071824,body,body,0.07111537661403418,0.08040093816816807,0.12272226402174297,body,body
stiff_none,body_only,90215,True,False,l,1.3131198647094737,0.0,,0.0,80,body,settled,True,0.0626763105392456,0.051877905428409574,0.05874436981976032,0.1243023303359071,body,world,0.05531113762408495,0.06615900192409754,0.17908667287130522,body,body,0.060735069774091245,0.06430443041026593,0.05710724407140973,body,body
stiff_none,body_only,90216,True,False,m,1.681261135717984,0.0,,0.0,66,world,decayed,False,nan,0.06694038286805153,0.07346868067979813,0.09305678686938004,body,body,0.07020453177392483,0.09089429453015327,0.2582843686362954,body,body,0.08054941315203905,0.10914772059768438,0.30383137548358324,body,body
stiff_none,body_only,90217,True,False,l,1.413471960665546,0.0,,0.0,75,body,settled,True,0.070017971098423,0.05719940438866615,0.06295676231384277,0.09590469274664318,body,body,0.06007808335125446,0.06811433713883161,0.12554261633326566,body,body,0.06409621024504304,0.0691375294700265,0.07571246193653507,body,body
stiff_none,body_only,90218,True,False,m,1.584896311018346,0.0,,0.0,74,body,settled,True,0.08137425780296326,0.06863760277628898,0.058303719758987425,-0.16317463490467457,body,world,0.0634706612676382,0.06708859130740166,0.055436232446830554,body,body,0.06527962628751993,0.07450435943901539,0.13217765375625085,body,body
stiff_none,body_only,90219,True,False,l,1.3119810143159762,0.0,,0.0,70,body,settled,True,0.061525892466306686,0.06440754234790802,0.058564518392086026,-0.09510171844485714,body,world,0.06148603036999702,0.06020156145095825,-0.02111171085306415,body,body,0.06084379591047764,0.061223537847399714,0.0062218637905043905,body,body
stiff_none,body_only,90220,True,False,m,1.300500753923412,0.0,,0.0,65,body,settled,True,0.06167316436767578,0.0488536924123764,0.05767411440610885,0.16597848666648046,body,world,0.05326390340924263,0.05986261442303657,0.11679330970101352,body,body,0.0565632589161396,0.05603663306683302,-0.0093539998998027,body,body
stiff_none,body_only,90221,True,False,l,1.325946290087466,0.0,,0.0,69,body,settled,True,0.06178401783108711,0.057026148587465283,0.06044848151504993,0.058281547269671836,body,body,0.05873731505125761,0.0626787643879652,0.06494748858412089,body,body,0.060708039719611404,0.05910896537825465,-0.026693528016054378,body,body
stiff_none,body_only,90222,True,False,m,1.3799548422979533,0.0,,0.0,63,body,settled,True,0.07545163482427597,0.05845512896776199,0.0618585504591465,0.05659090064824933,body,body,0.060156839713454244,0.06387708075344563,0.06000547648675232,body,body,0.062016960233449936,0.07207253687083721,0.15026516862276817,body,body
stiff_none,body_only,90223,True,False,l,1.2088747342560058,0.0,,0.0,66,body,settled,True,0.05761662870645523,0.0685432031750679,0.060631760954856874,-0.12264538579960492,body,body,0.06458748206496238,0.059704399481415746,-0.07861490508797964,body,body,0.062145940773189065,0.05735959745943546,-0.080145323965312,body,body
stiff_none,body_only,90224,True,False,m,1.3689372681649405,0.0,,0.0,67,world,decayed,False,nan,0.06298667043447495,0.06311135739088058,0.001977620097527375,body,body,0.06304901391267777,0.07084493488073348,0.11658105031491865,body,body,0.06694697439670563,0.08293644282966853,0.2141736862883989,body,body
stiff_none,body_only,90225,True,False,l,1.4190999555086545,0.0,,0.0,76,body,settled,True,0.07578562200069427,0.053633492439985275,0.05375322476029396,0.002229928859828886,body,world,0.053693358600139615,0.062486930191516875,0.15166810004736944,body,body,0.05809014439582825,0.07149308314546943,0.20760468806878146,body,body
stiff_none,body_only,90226,True,False,m,1.3666051873938825,0.0,,0.0,68,body,settled,True,0.06191476434469223,0.055302377045154574,0.06628106385469437,0.1810883511991202,body,body,0.060791720449924466,0.05883800126612186,-0.03266567669710463,body,body,0.059814860858023164,0.058534947037696836,-0.02163017828070547,body,body
stiff_none,body_only,90227,True,False,l,1.2089853713110907,0.0,,0.0,76,world,settled,True,0.05664385110139847,0.05635664388537407,0.06552890762686729,0.15079124564861138,body,body,0.060942775756120685,0.05253530889749527,-0.1484498275558622,body,world,0.05673904232680797,0.058969201520085335,0.03855274851231071,body,body
stiff_none,body_only,90228,True,False,m,1.3941552835422104,0.0,,0.0,76,body,settled,True,0.06830652058124542,0.06227452829480171,0.05775569975376129,-0.07533044500150025,body,world,0.0600151140242815,0.05814349576830864,-0.03168241084812741,body,body,0.05907930489629507,0.06935239005833864,0.16031991774929205,body,body
stiff_none,body_only,90229,True,False,l,1.4129882265602367,0.0,,0.0,60,body,settled,True,0.08934764564037323,0.06088463738560677,0.04529961794614792,-0.2956822846214234,body,world,0.05309212766587734,0.08128710873425007,0.4259587774496219,body,body,0.06718961820006371,0.08411717973649502,0.22469207907852684,body,body
stiff_none,body_only,90230,True,False,m,1.387380358400205,0.0,,0.0,62,world,decayed,False,nan,0.06635888814926147,0.056091427057981494,-0.16809472486312457,body,world,0.06122515760362148,0.06377746090292931,0.04084167354408436,body,body,0.06250130925327539,0.07861279491335153,0.22934696676888439,body,body
stiff_none,body_only,90231,True,False,l,1.2736796593502162,0.0,,0.0,79,body,settled,True,0.06334835290908813,0.042540716379880904,0.05654394775629044,0.2845565224110234,body,world,0.04954233206808567,0.05984617415815592,0.18895000872056214,body,body,0.054694253113120796,0.06081961104646325,0.1061536450791297,body,body
stiff_none,body_only,90232,True,False,m,1.3398772042708087,0.0,,0.0,65,body,settled,True,0.0644063800573349,0.06710683777928353,0.07480136454105377,0.10855018424452109,body,body,0.07095410116016865,0.06717405430972576,-0.05474612906831133,body,body,0.0690640777349472,0.0669544318690896,-0.031022469835393883,body,body
stiff_none,body_only,90233,True,False,l,1.2151805568406018,0.0,,0.0,74,world,settled,True,0.05212461203336716,0.056248442828655244,0.05136376768350601,-0.09084534264038727,body,world,0.05380610525608063,0.0577517420053482,0.07076657221613755,body,body,0.05577892363071442,0.04851537849754095,-0.13951525521768585,world,world
stiff_none,body_only,90234,True,False,m,1.412785576783788,0.0,,0.0,80,body,settled,True,0.06603051722049713,0.0643736757338047,0.05715567618608475,-0.1189260814967385,body,world,0.060764675959944725,0.05742602422833443,-0.05651104828552839,body,body,0.059095350094139576,0.06737854871898889,0.13117445628933977,body,body
stiff_none,body_only,90235,True,False,l,1.4243033807217698,0.0,,0.0,60,body,settled,True,0.07678629457950592,0.05118095576763153,0.06638427525758743,0.26009270483804753,body,body,0.05878261551260948,0.0741851158440113,0.2327173783145593,body,body,0.0664838656783104,0.07132720667868853,0.07031853813755792,body,body
stiff_none,body_only,90236,True,False,m,1.6997035312296203,0.0,,0.0,64,world,decayed,False,nan,0.07032044604420662,0.08228053152561188,0.15707192830510516,body,body,0.07630048878490925,0.10480504855513573,0.31742259959960933,body,body,0.09055276867002249,0.1385079249739647,0.42499478401101004,body,body
stiff_none,body_only,90237,True,False,l,1.376968432617344,0.0,,0.0,75,body,settled,True,0.06796552240848541,0.07483306229114532,0.05374703481793404,-0.3309712972549428,world,world,0.06429004855453968,0.06494449861347676,0.010128184262374688,body,body,0.06461727358400822,0.06254727626219392,-0.032559076990850554,body,body
stiff_none,body_only,90238,True,False,m,1.5968317899030746,0.0,,0.0,62,world,decayed,False,nan,0.08313368260860443,0.07471244633197785,-0.10680325013268338,body,body,0.07892306447029114,0.08017825186252595,0.015778793828914017,body,body,0.07955065816640854,0.1020735327154398,0.24929943416033185,body,body
stiff_none,body_only,90239,True,False,l,1.3434682340044826,0.0,,0.0,67,body,settled,True,0.06753210723400116,0.07357421815395356,0.05924061201512813,-0.21668734708615262,body,body,0.06640741508454084,0.06559716388583184,-0.012276261639614318,body,body,0.06600228948518634,0.059689455665647984,-0.1005340478111556,body,body
stiff_none,world_only,90240,False,True,,1.0,1.0,short,-0.05,59,world,settled,True,0.0504375696182251,0.10952498614788056,0.049276445806026456,-0.7987065130437847,world,world,0.0794007159769535,0.05183653011918068,-0.4264122701799924,world,world,0.06561862304806709,0.05217149667441845,-0.2293232385552278,world,world
stiff_none,world_only,90241,False,True,,1.0,1.0,medium,0.1,75,world,settled,True,0.054655712097883224,0.09665177613496781,0.09387096911668777,-0.029193412138422366,body,body,0.09526137262582779,0.05608707666397095,-0.529718981030891,world,world,0.07567422464489937,0.05594994928687811,-0.30198008064320775,world,world
stiff_none,world_only,90242,False,True,,1.0,-2.0,short,0.2,69,world,settled,True,0.04719780012965202,0.2534495905041695,0.07350395321846008,-1.237825759172624,world,world,0.16347677186131476,0.05235558301210404,-1.1386123326924031,world,world,0.1079161774367094,0.049256434105336665,-0.7843147901124186,world,world
stiff_none,world_only,90243,False,True,,1.0,2.0,medium,0.05,68,world,settled,True,0.0444389209151268,0.2184852749109268,0.25318504571914674,0.14740200683231666,body,body,0.23583516031503676,0.045485610514879225,-1.6457370642198341,world,world,0.140660385414958,0.035810751281678675,-1.3681002074709598,world,world
stiff_none,world_only,90244,False,True,,1.0,-4.0,short,0.05,65,world,decayed,False,nan,0.47380047738552095,0.11483775973320007,-1.4172659519512232,world,world,0.2943191185593605,0.10849147886037827,-0.9979929819069437,world,world,0.2014052987098694,0.026177542214281858,-2.0404174135268445,world,world
stiff_none,world_only,90245,False,True,,1.0,4.0,medium,0.25,65,world,decayed,False,nan,0.49987417459487915,0.5247507214546203,0.04856691761119472,body,body,0.5123124480247497,0.0200036465190351,-3.2430201060746153,world,world,0.2661580472718924,0.009996632649563252,-3.281841993770836,world,world
stiff_none,world_only,90246,False,True,,1.0,-1.0,short,0.1,75,world,settled,True,0.05081275850534439,0.14346897304058076,0.050278884917497636,-1.0485335900567687,world,world,0.0968739289790392,0.0453877467662096,-0.7581682583104781,world,world,0.07113083787262439,0.04925760105252266,-0.36745727632957026,world,world
stiff_none,world_only,90247,False,True,,1.0,-1.0,medium,-0.15000000000000002,77,world,settled,True,0.04424949735403061,0.17315757274627686,0.16684434711933135,-0.03714068046381849,body,body,0.17000095993280412,0.05978149548172951,-1.0451079107326129,world,world,0.11489122770726681,0.04488900937139988,-0.9397928501072109,world,world
stiff_none,world_only,90248,False,True,,1.0,-2.0,short,0.15000000000000002,70,world,decayed,False,nan,0.2624997228384018,0.07781603634357452,-1.215902493565373,world,world,0.17015787959098816,0.06122179552912712,-1.022223447334681,world,world,0.11568983756005764,0.06778023019433022,-0.5346422335715764,world,world
stiff_none,world_only,90249,False,True,,1.0,2.0,medium,-0.25,60,world,decayed,False,nan,0.22628898024559022,0.26239702105522156,0.14804584820120162,body,body,0.24434300065040587,0.04158235341310501,-1.7708970980657692,world,world,0.14296267703175544,0.027120757941156627,-1.6622841860511715,world,world
stiff_none,world_only,90250,False,True,,1.0,4.0,short,0.05,68,world,settled,True,0.04715041071176529,0.4071534775197506,0.05260801017284393,-2.0463218161990406,world,world,0.22988074384629725,0.03701617885380983,-1.8262055860465347,world,world,0.13344846135005356,0.032917378656566146,-1.3997146010459387,world,world
stiff_none,world_only,90251,False,True,,1.0,-4.0,medium,0.15000000000000002,77,world,decayed,False,nan,0.5641313910484314,0.6402118921279907,0.1265120157900778,body,body,0.602171641588211,0.09714008159935475,-1.824388446652131,world,world,0.3496558615937829,0.010176723217591643,-3.5368463432008648,world,world
stiff_none,world_only,90252,False,True,,1.0,-1.0,short,-0.05,78,world,settled,True,0.050189368426799774,0.14976489543914795,0.055596810579299924,-0.9909408648281873,world,world,0.10268085300922394,0.04554346911609173,-0.8129584283460801,world,world,0.07411216106265783,0.04996681921184063,-0.3942204663667453,world,world
stiff_none,world_only,90253,False,True,,1.0,1.0,medium,-0.05,60,world,settled,True,0.05286543816328049,0.08482448160648345,0.08593863248825073,0.013049266496942828,body,body,0.0853815570473671,0.05969429016113281,-0.35789374420671094,world,world,0.07253792360424996,0.05591444242745638,-0.26028680065421317,world,world
stiff_none,world_only,90254,False,True,,1.0,2.0,short,0.1,75,world,settled,True,0.053782831877470016,0.1867010086774826,0.058679701387882234,-1.1574145887585887,world,world,0.12269035503268241,0.0590398658066988,-0.7314508351687715,world,world,0.09086511041969061,0.05398653876036406,-0.5206413704656401,world,world
stiff_none,world_only,90255,False,True,,1.0,2.0,medium,0.25,70,world,settled,True,0.04694975167512894,0.24195220768451692,0.2565922737121582,0.05874812374097948,body,body,0.24927224069833756,0.04629417359828949,-1.6835295223820348,world,world,0.14778320714831353,0.036116766184568404,-1.4089891885391472,world,world
stiff_none,world_only,90256,False,True,,1.0,-4.0,short,-0.2,70,world,decayed,False,nan,0.47492053508758547,0.11139375269412995,-1.4500762495112238,world,world,0.2931571438908577,0.10937263965606689,-0.9859480283600187,world,world,0.2012648917734623,0.03239274066872895,-1.8266875656906782,world,world
stiff_none,world_only,90257,False,True,,1.0,-4.0,medium,-0.05,64,world,decayed,False,nan,0.5794772982597352,0.6378716707229615,0.09601063273568046,body,body,0.6086744844913483,0.0947969026863575,-1.8595468799426704,world,world,0.35173569358885287,0.008890171558596194,-3.677933675798004,world,world
stiff_none,world_only,90258,False,True,,1.0,-1.0,short,0.25,67,world,settled,True,0.05132633447647095,0.15470209568738938,0.05365526080131531,-1.0589217821948556,world,world,0.10417867824435234,0.04458328820765019,-0.8487484000636714,world,world,0.07438098322600126,0.05403429213911295,-0.31958142274113344,world,world
stiff_none,world_only,90259,False,True,,1.0,1.0,medium,-0.25,71,world,settled,True,0.0567500963807106,0.1239504873752594,0.12069732695817947,-0.026596208808906077,body,body,0.12232390716671944,0.047604579478502274,-0.9437435391433449,world,world,0.08496424332261085,0.057235986925661564,-0.3950476585765277,world,world
stiff_none,world_only,90260,False,True,,1.0,-2.0,short,-0.05,78,world,settled,True,0.04426387697458267,0.24641687273979188,0.06868286058306694,-1.2775250202922437,world,world,0.1575498666614294,0.052664701640605924,-1.0957965888361092,world,world,0.10510728415101767,0.041255437023937705,-0.9351986716057253,world,world
stiff_none,world_only,90261,False,True,,1.0,-2.0,medium,0.15000000000000002,76,world,decayed,False,nan,0.29700595140457153,0.31987292170524595,0.07417162024860281,body,body,0.30843943655490874,0.12032106220722198,-0.941361819857981,world,world,0.21438024938106537,0.0362719182856381,-1.776707463588593,world,world
stiff_none,world_only,90262,False,True,,1.0,-4.0,short,0.1,68,world,decayed,False,nan,0.49757965207099913,0.13727857321500778,-1.2877434060102673,world,world,0.31742911264300344,0.09974505044519902,-1.1576370911968914,world,world,0.20858708154410124,0.019352431886363774,-2.377538520869476,world,world
stiff_none,world_only,90263,False,True,,1.0,-4.0,medium,-0.15000000000000002,76,world,decayed,False,nan,0.574672281742096,0.6354671359062195,0.10056044201268621,body,body,0.6050697088241577,0.09486929960548877,-1.8528435218892227,world,world,0.34996950421482326,0.009303568245377392,-3.627448011001935,world,world
stiff_none,world_only,90264,False,True,,1.0,1.0,short,-0.15000000000000002,76,world,settled,True,0.05106642097234726,0.09485302194952965,0.06334221139550208,-0.403776602577213,world,world,0.07909761667251587,0.05281615555286408,-0.4038656234663042,world,world,0.06595688611268997,0.05405640136450529,-0.19897331665656942,world,world
stiff_none,world_only,90265,False,True,,1.0,1.0,medium,-0.05,73,body,settled,True,0.05696902424097061,0.1021507978439331,0.09105211049318314,-0.11501814634465327,body,body,0.09660145416855812,0.05378069132566452,-0.585679289153701,world,world,0.07519107274711131,0.058509215526282785,-0.2508482382445139,world,world
stiff_none,world_only,90266,False,True,,1.0,2.0,short,0.1,80,world,settled,True,0.0527612566947937,0.19777093976736068,0.059319964796304706,-1.2041635673267481,world,world,0.1285454522818327,0.06055392846465111,-0.7527482084736887,world,world,0.0945496903732419,0.05245293956249952,-0.5892091420434107,world,world
stiff_none,world_only,90267,False,True,,1.0,2.0,medium,-0.05,73,world,settled,True,0.04722791910171509,0.23008029758930207,0.2620598763227463,0.1301446452853276,body,body,0.24607008695602417,0.0449482087045908,-1.7001054923993648,world,world,0.1455091478303075,0.03413523891940713,-1.4499087062251732,world,world
stiff_none,world_only,90268,False,True,,1.0,-4.0,short,-0.1,69,world,decayed,False,nan,0.487042048573494,0.12152469009160996,-1.3882330086287047,world,world,0.30428336933255196,0.10912688300013543,-1.0254481337464776,world,world,0.20670512616634368,0.02788633101154119,-2.003156625539215,world,world
stiff_none,world_only,90269,False,True,,1.0,4.0,medium,0.0,74,world,decayed,False,nan,0.5087552726268768,0.5234275817871094,0.02843158545750095,body,body,0.5160914272069931,0.01863433769904077,-3.321277942697072,world,world,0.2673628824530169,0.00865604067221284,-3.4303494251329694,world,world
stiff_none,world_only,90270,False,True,,1.0,-1.0,short,0.1,81,world,settled,True,0.04959927499294281,0.1517029121518135,0.04727330356836319,-1.16597835338011,world,world,0.09948810786008835,0.04779125265777111,-0.733195494067807,world,world,0.07363968025892972,0.05155207477509975,-0.3565915569345502,world,world
stiff_none,world_only,90271,False,True,,1.0,1.0,medium,-0.15000000000000002,77,world,settled,True,0.05642002820968628,0.09171817004680634,0.11053043603897095,0.18657041602500604,body,body,0.10112430304288864,0.04835205674171448,-0.7378417237162657,world,world,0.07473817989230155,0.05834115296602249,-0.24768334411858625,world,world
stiff_none,world_only,90272,False,True,,1.0,-2.0,short,-0.2,58,world,settled,True,0.04366198554635048,0.26770454794168475,0.06620509028434754,-1.3971265868314486,world,world,0.16695481911301613,0.04164873454719782,-1.3884522464488076,world,world,0.10430177683010697,0.04198734685778618,-0.909920090021811,world,world
stiff_none,world_only,90273,False,True,,1.0,2.0,medium,-0.2,71,world,decayed,False,nan,0.22312402129173278,0.24408783316612243,0.08980036635443425,body,body,0.23360592722892762,0.036323589831590654,-1.8611682362193211,world,world,0.13496475853025913,0.013320257654413581,-2.3157276880858784,world,world
stiff_none,world_only,90274,False,True,,1.0,4.0,short,-0.15000000000000002,60,world,settled,True,0.045603133738040924,0.4185669019818306,0.0528408370912075,-2.0695524169921753,world,world,0.23570386953651906,0.038762716203927995,-1.805117364949868,world,world,0.1372332928702235,0.03381743282079697,-1.4007059118013374,world,world
stiff_none,world_only,90275,False,True,,1.0,4.0,medium,0.2,76,world,decayed,False,nan,0.5029280841350555,0.5245598077774047,0.042112263518474836,body,body,0.5137439459562302,0.0172589685767889,-3.3933930558521044,world,world,0.26550145726650953,0.009037548745982348,-3.380232348213023,world,world
stiff_none,world_only,90276,False,True,,1.0,1.0,short,-0.1,69,world,settled,True,0.05332202836871147,0.09372716918587684,0.054314812272787096,-0.5455911308971769,world,world,0.07402099072933196,0.056186598539352414,-0.27567044317555783,world,world,0.0651037946343422,0.053510609082877636,-0.19610290197225164,world,world
stiff_none,world_only,90277,False,True,,1.0,-1.0,medium,0.25,75,world,settled,True,0.04439517855644226,0.16001652777194977,0.16746237874031067,0.04548161302870354,body,body,0.1637394532561302,0.06681707948446274,-0.896317736078013,world,world,0.11527826637029648,0.055189060606062414,-0.7365841569356822,world,world
stiff_none,world_only,90278,False,True,,1.0,2.0,short,0.2,64,world,settled,True,0.056109827011823654,0.18827248141169547,0.04632099419832229,-1.402294985990573,world,world,0.11729673780500889,0.053984932601451874,-0.7760019628434526,world,world,0.08564083520323038,0.0587908934801817,-0.37617524603924507,world,world
stiff_none,world_only,90279,False,True,,1.0,-2.0,medium,-0.15000000000000002,63,world,decayed,False,nan,0.2942721307277679,0.30985469222068784,0.05159849887489688,body,body,0.3020634114742279,0.11839453727006913,-0.9366143836390443,world,world,0.21022897437214852,0.038847925653681156,-1.6885426092056917,world,world
stiff_none,world_only,90280,False,True,,1.0,4.0,short,0.2,77,world,settled,True,0.04836247116327286,0.40958027839660643,0.05274961516261101,-2.0495764472863014,world,world,0.23116494677960872,0.039368359930813314,-1.7701690647812909,world,world,0.13526665335521101,0.034944328013807535,-1.3534918733942092,world,world
stiff_none,world_only,90281,False,True,,1.0,4.0,medium,0.1,77,world,decayed,False,nan,0.4939928770065308,0.5250359296798706,0.06094559966650596,body,body,0.5095144033432006,0.021437428332865237,-3.1683197399806464,world,world,0.265475915838033,0.007767166069243103,-3.531618753495662,world,world
stiff_none,world_only,90282,False,True,,1.0,1.0,short,0.15000000000000002,68,world,settled,True,0.051663219928741455,0.07680090069770813,0.058197663724422456,-0.27737115617997854,body,world,0.0674992822110653,0.05542793571949005,-0.19703324238788142,world,world,0.06146360896527767,0.05123786870390177,-0.18196639375066845,world,world
stiff_none,world_only,90283,False,True,,1.0,-1.0,medium,-0.05,74,world,settled,True,0.04678867384791374,0.1586608648300171,0.15809255242347717,-0.003588362337385647,body,body,0.15837670862674713,0.04956738576292992,-1.1616433547197877,world,world,0.10397204719483852,0.04696717336773872,-0.7946731673380231,world,world
stiff_none,world_only,90284,False,True,,1.0,2.0,short,-0.2,72,world,settled,True,0.054641008377075195,0.18985784351825713,0.04916773736476898,-1.351037936330776,world,world,0.11951279044151306,0.057453783228993416,-0.7324425439508075,world,world,0.08848328683525324,0.058356397226452826,-0.41624469672260417,world,world
stiff_none,world_only,90285,False,True,,1.0,-2.0,medium,-0.2,73,world,decayed,False,nan,0.29990183711051943,0.31588531136512754,0.05192399751091733,body,body,0.3078935742378235,0.11973132565617561,-0.9445039053582542,world,world,0.21381244994699955,0.03810758043546229,-1.7246860047370427,world,world
stiff_none,world_only,90286,False,True,,1.0,4.0,short,-0.1,67,world,settled,True,0.056348491460084915,0.4015253081917763,0.05137799829244614,-2.0560605334648185,world,world,0.2264516532421112,0.04074811525642872,-1.7151218834281123,world,world,0.13359988424926997,0.05725731384009123,-0.847294007764469,world,world
stiff_none,world_only,90287,False,True,,1.0,4.0,medium,0.2,79,world,decayed,False,nan,0.4964225709438324,0.5237522602081299,0.05359126509708041,body,body,0.5100874155759811,0.01970001282170415,-3.2539628275290418,world,world,0.26489371419884267,0.0105392515193671,-3.224222139788927,world,world
stiff_none,world_only,90288,False,True,,1.0,-1.0,short,-0.05,78,world,settled,True,0.04865403100848198,0.16210151165723802,0.06213591918349266,-0.9588985236817485,world,world,0.11211871542036533,0.046199587360024455,-0.8865874025988817,world,world,0.07915915139019489,0.04759550392627716,-0.5087220990465251,world,world
stiff_none,world_only,90289,False,True,,1.0,1.0,medium,-0.05,64,body,settled,True,0.05710731819272041,0.09842842817306519,0.08928492814302444,-0.09749697068704352,body,body,0.09385667815804481,0.049979069456458095,-0.6301646113697797,world,world,0.07191787380725145,0.060264239087700844,-0.17678594856915902,world,world
stiff_none,world_only,90290,False,True,,1.0,2.0,short,0.1,66,world,settled,True,0.053935516625642776,0.1870713546872139,0.05239521786570549,-1.272674794882983,world,world,0.1197332862764597,0.05985644459724426,-0.6933175493869302,world,world,0.08979486543685197,0.05560051463544369,-0.4793353386632425,world,world
stiff_none,world_only,90291,False,True,,1.0,-2.0,medium,0.15000000000000002,75,world,decayed,False,nan,0.2942700505256653,0.3138565897941589,0.06443827623631473,body,body,0.3040633201599121,0.11953684985637665,-0.9336112788813803,world,world,0.21180008500814437,0.034196118533145636,-1.8235306900828359,world,world
stiff_none,world_only,90292,False,True,,1.0,-4.0,short,0.1,74,world,decayed,False,nan,0.48623795807361603,0.11821486055850983,-1.4141943088241578,world,world,0.3022264093160629,0.10739175081253052,-1.034693065164597,world,world,0.2048090800642967,0.024652506597340106,-2.1171996455962367,world,world
stiff_none,world_only,90293,False,True,,1.0,4.0,medium,0.1,69,world,decayed,False,nan,0.49067869782447815,0.5258991360664368,0.06931990747957499,body,body,0.5082889169454574,0.02192961908876896,-3.143211827189347,world,world,0.2651092680171132,0.009101503971032798,-3.3717024017317025,world,world
stiff_none,world_only,90294,False,True,,1.0,-1.0,short,-0.1,70,world,settled,True,0.047008074820041656,0.15859764367341994,0.05782380551099777,-1.0089699011110276,world,world,0.10821072459220886,0.04675845131278038,-0.8390854635874181,world,world,0.07748458795249462,0.04241018313914537,-0.6026905496757333,world,world
stiff_none,world_only,90295,False,True,,1.0,1.0,medium,0.2,64,body,settled,True,0.057143114507198334,0.10667695850133896,0.07566250041127205,-0.34352252176782705,world,world,0.0911697294563055,0.050087704136967656,-0.5989473765673922,world,world,0.07062871679663658,0.06186058260500431,-0.13255362995664777,body,body
stiff_none,world_only,90296,False,True,,1.0,-2.0,short,0.25,84,world,decayed,False,nan,0.2647127449512482,0.07809081375598907,-1.2207728283720785,world,world,0.1714017793536186,0.06590966992080212,-0.9557252203797951,world,world,0.11865572463721037,0.07704944238066673,-0.43177890518925965,world,world
stiff_none,world_only,90297,False,True,,1.0,2.0,medium,-0.05,62,world,decayed,False,nan,0.23535852432250975,0.2634604275226593,0.11279318956388072,body,body,0.24940947592258453,0.04091568179428577,-1.8075826198861211,world,world,0.14516257885843514,0.022148183453828095,-1.8800988658000055,world,world
stiff_none,world_only,90298,False,True,,1.0,4.0,short,0.05,62,world,decayed,False,nan,0.40249158889055253,0.05084385797381401,-2.068914871417026,world,world,0.22666772343218328,0.032782159931957724,-1.9336007087850857,world,world,0.1297249416820705,0.0179446741938591,-1.9781230070857903,world,world
stiff_none,world_only,90299,False,True,,1.0,-4.0,medium,0.05,67,world,decayed,False,nan,0.5705951452255249,0.6368464231491089,0.10984860199590563,body,body,0.6037207841873169,0.09801513217389583,-1.81798993652761,world,world,0.35086795818060634,0.009062968764919788,-3.6562132205426368,world,world
stiff_none,world_only,90300,False,True,,1.0,-1.0,short,-0.15000000000000002,67,world,settled,True,0.04768087714910507,0.1473245196044445,0.04818408265709877,-1.11760903874395,world,world,0.09775430113077163,0.048800697177648546,-0.6947126000509862,world,world,0.07327749915421009,0.052149027585983276,-0.3401480577298005,world,world
stiff_none,world_only,90301,False,True,,1.0,-1.0,medium,-0.25,72,world,settled,True,0.04649284482002258,0.1560910314321518,0.17236074805259705,0.0991502809165967,body,body,0.16422588974237443,0.053258753195405004,-1.1260806862520718,world,world,0.10874232146888971,0.044556387886404994,-0.892225529755242,world,world
stiff_none,world_only,90302,False,True,,1.0,-2.0,short,0.2,78,world,decayed,False,nan,0.26516412049531934,0.07667325884103775,-1.2407959554672598,world,world,0.17091868966817855,0.06649137362837791,-0.9441157250272117,world,world,0.11870503164827824,0.0750399637967348,-0.45862086809548624,world,world
stiff_none,world_only,90303,False,True,,1.0,2.0,medium,-0.15000000000000002,59,world,settled,True,0.04675028845667839,0.2338665932416916,0.2563851088285446,0.09192980703916269,body,body,0.2451258510351181,0.04467585943639278,-1.702338457967229,world,world,0.14490085523575544,0.033056799229234456,-1.4778224808741018,world,world
stiff_none,world_only,90304,False,True,,1.0,4.0,short,0.05,80,world,settled,True,0.04428599402308464,0.40620208382606504,0.05495066344738007,-2.0004150247500903,world,world,0.23057637363672256,0.036890627816319466,-1.8326246164757587,world,world,0.13373350072652102,0.03469484131783247,-1.3492580084038128,world,world
stiff_none,world_only,90305,False,True,,1.0,-4.0,medium,-0.25,73,world,decayed,False,nan,0.5739787459373474,0.6355866670608521,0.10195608985840489,body,body,0.6047827064990997,0.09526861477643252,-1.8481688050686105,world,world,0.35002566063776613,0.009219961927738041,-3.636635559656468,world,world
stiff_none,world_only,90306,False,True,,1.0,1.0,short,-0.15000000000000002,64,world,settled,True,0.052973292768001556,0.08656317219138146,0.056529419124126436,-0.4261132666377791,world,world,0.07154629565775394,0.058509615063667295,-0.20115363108961637,world,world,0.06502795536071063,0.05609053261578083,-0.14785022069890608,world,world
stiff_none,world_only,90307,False,True,,1.0,1.0,medium,-0.05,72,world,settled,True,0.05574537441134453,0.09302078485488892,0.07408751398324967,-0.22757594539212322,body,body,0.08355414941906929,0.05247689038515091,-0.46512202816231885,world,world,0.0680155199021101,0.05919093172997236,-0.13896756306956717,world,world
stiff_none,world_only,90308,False,True,,1.0,-2.0,short,-0.25,62,world,settled,True,0.04855625703930855,0.24783718287944795,0.06257617473602295,-1.3763873995234521,world,world,0.15520667880773545,0.039430854469537736,-1.370209022179774,world,world,0.09731876663863659,0.046438608039170506,-0.7398606615143558,world,world
stiff_none,world_only,90309,False,True,,1.0,2.0,medium,0.25,65,world,decayed,False,nan,0.2381688266992569,0.25956552028656005,0.08602937931322353,body,body,0.2488671734929085,0.041023692861199376,-1.8027695398851284,world,world,0.14494543317705394,0.026734975259751083,-1.6903847056642272,world,world
stiff_none,world_only,90310,False,True,,1.0,4.0,short,0.15000000000000002,70,world,settled,True,0.0553329698741436,0.4103753253817558,0.05269562378525734,-2.0525397567389274,world,world,0.2315354745835066,0.03932198211550712,-1.7729493958646194,world,world,0.13542872834950687,0.051314775831997395,-0.9704667732791009,world,world
stiff_none,world_only,90311,False,True,,1.0,-4.0,medium,-0.05,66,world,decayed,False,nan,0.5657053589820862,0.6361037492752075,0.11728830233584397,body,body,0.6009045541286469,0.09578349012881518,-1.83634577689216,world,world,0.348344022128731,0.009307025093585252,-3.622421059391527,world,world
stiff_none,world_only,90312,False,True,,1.0,1.0,short,0.2,69,world,settled,True,0.05330171436071396,0.07853616997599602,0.05752926394343376,-0.31126552620975745,body,world,0.06803271695971488,0.05255231149494648,-0.2581796382910805,world,world,0.06029251422733069,0.05523325130343437,-0.08764280324863477,body,world
stiff_none,world_only,90313,False,True,,1.0,-1.0,medium,-0.2,66,world,settled,True,0.043097518384456635,0.1612923860549927,0.16499759554862975,0.022712120971645572,body,body,0.16314499080181122,0.061310024559497835,-0.9786959571915603,world,world,0.11222750768065452,0.043096251972019675,-0.9570920974121321,world,world
stiff_none,world_only,90314,False,True,,1.0,2.0,short,-0.05,66,world,settled,True,0.054571568965911865,0.20681594014167787,0.05817342028021812,-1.2684006654488058,world,world,0.13249468021094798,0.05678760893642902,-0.8472243458682105,world,world,0.09464114457368851,0.057466016709804536,-0.4988985542275758,world,world
stiff_none,world_only,90315,False,True,,1.0,2.0,medium,0.0,65,world,settled,True,0.048528511077165604,0.23033053278923035,0.258363750576973,0.11485310155468713,body,body,0.24434714168310165,0.042535227909684184,-1.7482573014319334,world,world,0.14344118479639292,0.0337063156068325,-1.4482398626064246,world,world
stiff_none,world_only,90316,False,True,,1.0,4.0,short,-0.05,63,world,settled,True,0.047855980694293976,0.4013983070850372,0.05200633779168129,-2.0435886270634334,world,world,0.22670232243835925,0.0379534512758255,-1.7872773595899418,world,world,0.13232788685709237,0.03457073578611016,-1.3422752962650693,world,world
stiff_none,world_only,90317,False,True,,1.0,4.0,medium,0.25,84,world,decayed,False,nan,0.4937683641910553,0.5254729390144348,0.06223218447814448,body,body,0.5096206516027451,0.020154137909412385,-3.230257005943956,world,world,0.2648873947560787,0.00949013646459207,-3.329051817882047,world,world
stiff_none,world_only,90318,False,True,,1.0,-1.0,short,0.1,75,world,settled,True,0.048036787658929825,0.14999372363090516,0.048965073376894,-1.119486195030537,world,world,0.09947939850389957,0.04782398678362369,-0.732423243327557,world,world,0.07365169264376163,0.043348124343901874,-0.5300836903483809,world,world
stiff_none,world_only,90319,False,True,,1.0,1.0,medium,-0.25,65,world,settled,True,0.05605623871088028,0.09356397837400436,0.09241308867931367,-0.012376841990163314,body,body,0.092988533526659,0.05520153157413006,-0.5214854913331907,world,world,0.07409503255039454,0.057794907130301,-0.2484478330845289,world,world
stiff_none,world_only,90320,False,True,,1.0,2.0,short,0.25,76,world,settled,True,0.05345027893781662,0.19306770712137222,0.04856115505099297,-1.3802170089576826,world,world,0.12081443108618259,0.06306467838585376,-0.6500949001982587,world,world,0.09193955473601818,0.05634144451469183,-0.48970094602404374,world,world
stiff_none,world_only,90321,False,True,,1.0,2.0,medium,-0.15000000000000002,57,world,settled,True,0.04929260164499283,0.22655124068260193,0.2533302515745163,0.11172283218422828,body,body,0.23994074612855912,0.04406331591308117,-1.6947644041509982,world,world,0.14200203102082015,0.03671238888055086,-1.352727090689336,world,world
stiff_none,world_only,90322,False,True,,1.0,4.0,short,-0.1,74,world,settled,True,0.047028228640556335,0.40455504730343816,0.05324397534132004,-2.027903155457565,world,world,0.22889951132237912,0.038419106230139735,-1.7847281981313026,world,world,0.13365930877625942,0.03357552094385028,-1.381496832446988,world,world
stiff_none,world_only,90323,False,True,,1.0,-4.0,medium,-0.05,75,world,decayed,False,nan,0.5905144572257995,0.6443936347961425,0.08731565517041492,body,body,0.6174540460109711,0.09695766642689704,-1.8513301916654206,world,world,0.3572058562189341,0.009392884012777358,-3.6383598609834147,world,world
stiff_none,world_only,90324,False,True,,1.0,1.0,short,-0.05,72,world,settled,True,0.04918961226940155,0.09475890696048736,0.05403158292174339,-0.5617670998881,world,world,0.07439524494111538,0.05682168640196324,-0.26947397200439016,world,world,0.0656084656715393,0.051058657467365265,-0.25072961926327597,world,world
stiff_none,world_only,90325,False,True,,1.0,1.0,medium,0.05,80,world,settled,True,0.055220864713191986,0.1023448348045349,0.08089696764945983,-0.2351715041696896,body,body,0.09162090122699737,0.05519130825996399,-0.506853943158725,world,world,0.07340610474348068,0.060101843997836114,-0.19996657982326158,world,world
stiff_none,world_only,90326,False,True,,1.0,2.0,short,0.1,73,world,settled,True,0.05368761345744133,0.18950998038053513,0.05246540382504463,-1.284287712434158,world,world,0.12098769210278988,0.0610485278069973,-0.6840197365438824,world,world,0.0910181099548936,0.055766026675701144,-0.4898936541791228,world,world
stiff_none,world_only,90327,False,True,,1.0,-2.0,medium,0.25,78,world,decayed,False,nan,0.2974496424198151,0.31804696321487425,0.0669541134608005,body,body,0.30774830281734467,0.11896995082497597,-0.9504113030911033,world,world,0.21335912682116032,0.02733667737338692,-2.0547474933094905,world,world
stiff_none,world_only,90328,False,True,,1.0,-4.0,short,0.15000000000000002,74,world,decayed,False,nan,0.4963331907987595,0.1346914604306221,-1.3042607723856936,world,world,0.3155123256146908,0.09519262835383416,-1.1982952426015447,world,world,0.20535247698426246,0.01945451644132845,-2.3566486516969998,world,world
stiff_none,world_only,90329,False,True,,1.0,4.0,medium,0.15000000000000002,75,world,decayed,False,nan,0.49343867897987365,0.5234099507331849,0.05896640786662049,body,body,0.5084243148565293,0.020581331010907887,-3.2069319611182197,world,world,0.2645028229337186,0.009038025385234506,-3.376411204250969,world,world
stiff_none,world_only,90330,False,True,,1.0,1.0,short,0.1,82,world,settled,True,0.05073820427060127,0.08978680074214936,0.051917823404073714,-0.547775830043218,world,world,0.07085231207311153,0.05489355251193047,-0.2552016979233046,world,world,0.062872932292521,0.051903918385505676,-0.19172145579621458,world,world
stiff_none,world_only,90331,False,True,,1.0,1.0,medium,-0.05,61,world,settled,True,0.053486693650484085,0.0854342371225357,0.0865567997097969,0.013053918956812563,body,body,0.0859955184161663,0.053038214519619944,-0.48328250104782694,world,world,0.06951686646789312,0.05737415365874767,-0.19197548889314137,world,world
stiff_none,world_only,90332,False,True,,1.0,-2.0,short,-0.1,70,world,settled,True,0.0444137342274189,0.25390534549951554,0.07303723245859146,-1.245992197246739,world,world,0.1634712889790535,0.053835959360003474,-1.1106957388567325,world,world,0.10865362416952848,0.04430456664413214,-0.8970773062595627,world,world
stiff_none,world_only,90333,False,True,,1.0,2.0,medium,0.1,72,world,settled,True,0.04542435333132744,0.21576214730739593,0.25312259793281555,0.159697317089639,body,body,0.23444237262010575,0.04642955772578716,-1.6192735355559846,world,world,0.14043596517294646,0.03456250131130219,-1.4019823037656696,world,world
stiff_none,world_only,90334,False,True,,1.0,4.0,short,0.05,61,world,settled,True,0.04774869605898857,0.39243792816996576,0.0552084282040596,-1.9612627534423055,world,world,0.22382317818701267,0.03296923618763685,-1.9152814671091656,world,world,0.12839620718732475,0.04034066516906023,-1.1577608303205098,world,world
stiff_none,world_only,90335,False,True,,1.0,-4.0,medium,0.1,77,world,decayed,False,nan,0.5668873190879822,0.6363009929656982,0.1155111585574999,body,body,0.6015941560268402,0.0966878142207861,-1.8280956803498587,world,world,0.34914098512381314,0.008961624494986609,-3.6625242936680547,world,world
stiff_none,world_only,90336,False,True,,1.0,-1.0,short,-0.15000000000000002,76,world,settled,True,0.047568179666996,0.1385410375893116,0.05477026477456093,-0.9280191489399411,world,world,0.09665565118193627,0.04217171482741833,-0.8294049429679236,world,world,0.06941368300467729,0.04789701122790575,-0.3710309031366465,world,world
stiff_none,world_only,90337,False,True,,1.0,1.0,medium,-0.25,60,world,settled,True,0.05606710910797119,0.1008925274014473,0.08039561808109283,-0.22709619194583783,body,body,0.09064407274127007,0.048914463445544246,-0.6168674201361661,world,world,0.06977926809340715,0.05531009547412395,-0.23238149676146322,world,world
stiff_none,world_only,90338,False,True,,1.0,2.0,short,-0.1,58,world,settled,True,0.053371887654066086,0.20352843403816223,0.058896522223949435,-1.2400236766447796,world,world,0.13121247813105583,0.05927574411034584,-0.7946177942935261,world,world,0.09524411112070083,0.05434390287846327,-0.56111076186577,world,world
stiff_none,world_only,90339,False,True,,1.0,2.0,medium,-0.05,61,world,settled,True,0.043024368584156036,0.2141820400953293,0.2600538045167923,0.19406224198420158,body,body,0.2371179223060608,0.04119021762162447,-1.7503567880701338,world,world,0.13915406996384264,0.03521029027178883,-1.3742433591476098,world,world
stiff_none,world_only,90340,False,True,,1.0,4.0,short,-0.2,57,world,settled,True,0.05107276514172554,0.40877733677625655,0.05384977981448173,-2.026972284212009,world,world,0.23131355829536915,0.03684511184692383,-1.8370512254908633,world,world,0.1340793350711465,0.04235750027000904,-1.1522861701019147,world,world
stiff_none,world_only,90341,False,True,,1.0,4.0,medium,0.15000000000000002,71,world,decayed,False,nan,0.5013374924659729,0.5247960090637207,0.04573012097105735,body,body,0.5130667507648468,0.01628875406458974,-3.449931020145587,world,world,0.26467775241471825,0.009644463204313069,-3.312129067923911,world,world
stiff_none,world_only,90342,False,True,,1.0,1.0,short,-0.2,69,world,settled,True,0.05352426692843437,0.07042986713349819,0.05973846018314362,-0.16464138510267975,body,body,0.0650841636583209,0.05976547524333,-0.08525310067932607,body,body,0.06242481945082545,0.054047058522701266,-0.1441078227114665,world,world
stiff_none,world_only,90343,False,True,,1.0,1.0,medium,-0.1,70,world,settled,True,0.054447293281555176,0.08015899807214737,0.08277831673622131,0.03215401377103352,body,body,0.08146865740418434,0.05743642002344131,-0.3495397772518836,world,world,0.06945253871381282,0.05659667160362005,-0.20469344519652258,world,world
stiff_none,world_only,90344,False,True,,1.0,2.0,short,0.2,65,world,settled,True,0.056456901133060455,0.17913070395588876,0.04561195820569992,-1.367945805585507,world,world,0.11237133108079433,0.05089047066867351,-0.7921331540633229,world,world,0.08163090087473393,0.06041808798909187,-0.3009193473498795,world,world
stiff_none,world_only,90345,False,True,,1.0,-2.0,medium,0.0,75,world,decayed,False,nan,0.2947518706321716,0.3214296519756317,0.08664482193772698,body,body,0.3080907613039017,0.12125895991921425,-0.9324659957938615,world,world,0.21467486061155797,0.029251538158860058,-1.9931924483355714,world,world
stiff_none,world_only,90346,False,True,,1.0,4.0,short,-0.2,59,world,decayed,False,nan,0.40256452560424805,0.04763221293687821,-2.1343461213483508,world,world,0.22509836927056312,0.028400698862969875,-2.070123750704378,world,world,0.1267495340667665,0.012697550340089948,-2.300803878210253,world,world
stiff_none,world_only,90347,False,True,,1.0,-4.0,medium,-0.2,63,world,decayed,False,nan,0.566484534740448,0.6370676159858704,0.11742601705184673,body,body,0.6017760753631591,0.0952197790145874,-1.8436977253004443,world,world,0.3484979271888733,0.009764503943733871,-3.574878518749285,world,world
stiff_none,world_only,90348,False,True,,1.0,-1.0,short,0.25,77,world,settled,True,0.052156947553157806,0.13478058949112892,0.04773451536893845,-1.0379934643694395,world,world,0.09125755243003368,0.05022020153701305,-0.5972683885901047,world,world,0.07073887698352337,0.05173084754496813,-0.31294104048932586,world,world
stiff_none,world_only,90349,False,True,,1.0,1.0,medium,0.05,63,world,settled,True,0.056702595204114914,0.0739253431558609,0.11478765159845353,0.44002820595278624,body,body,0.0943564973771572,0.044458525255322456,-0.7525233962260425,world,world,0.06940751131623983,0.05978081300854683,-0.14931033710609043,world,world
stiff_none,world_only,90350,False,True,,1.0,-2.0,short,0.05,79,world,settled,True,0.04421480372548103,0.2537713199853897,0.07153713405132293,-1.266216874231635,world,world,0.16265422701835633,0.051594071090221405,-1.1482198764794476,world,world,0.10712414905428887,0.04410041328519583,-0.8875192794472313,world,world
stiff_none,world_only,90351,False,True,,1.0,2.0,medium,0.25,75,world,settled,True,0.04663969948887825,0.21756490767002107,0.2618182301521301,0.18515325286283552,body,body,0.2396915689110756,0.045876963436603545,-1.6533898621508392,world,world,0.14278426617383957,0.03543983194977045,-1.393498479077658,world,world
stiff_none,world_only,90352,False,True,,1.0,-4.0,short,0.2,76,world,decayed,False,nan,0.47786971032619474,0.11537205427885056,-1.4211759620113293,world,world,0.29662088230252265,0.10919438004493713,-0.999325235634248,world,world,0.2029076311737299,0.026437528332462535,-2.037966328157684,world,world
stiff_none,world_only,90353,False,True,,1.0,-4.0,medium,-0.05,65,world,decayed,False,nan,0.5699407577514648,0.6438974022865296,0.12200697853523279,body,body,0.6069190800189972,0.09863788187503815,-1.8169400854974462,world,world,0.3527784809470177,0.009874736540950835,-3.5758606961903268,world,world
stiff_none,world_only,90354,False,True,,1.0,-1.0,short,-0.25,72,world,settled,True,0.04708153381943703,0.1555876225233078,0.05608075261116028,-1.0204163988654933,world,world,0.10583418756723403,0.0477415356785059,-0.7960718131971021,world,world,0.07678786162286996,0.044677308108657596,-0.5415808517301121,world,world
stiff_none,world_only,90355,False,True,,1.0,1.0,medium,0.0,71,world,settled,True,0.054789889603853226,0.09328968226909637,0.08413307070732116,-0.10330979467733933,body,body,0.08871137648820877,0.05522412769496441,-0.47398818542413773,world,world,0.0719677520915866,0.058372600376605986,-0.2093715229623102,world,world
stiff_none,world_only,90356,False,True,,1.0,2.0,short,0.2,78,world,settled,True,0.05375198274850845,0.19712569266557695,0.047995415329933164,-1.4127360667299376,world,world,0.12256055399775505,0.05907790213823318,-0.7297482779975396,world,world,0.09081922806799411,0.0526908902451396,-0.5444284460703686,world,world
stiff_none,world_only,90357,False,True,,1.0,-2.0,medium,-0.1,69,world,decayed,False,nan,0.29618039131164553,0.3128831088542938,0.05486096784529588,body,body,0.3045317500829697,0.12083692476153374,-0.9243334439313191,world,world,0.2126843374222517,0.0360049903858453,-1.7761515318739614,world,world
stiff_none,world_only,90358,False,True,,1.0,4.0,short,-0.15000000000000002,74,world,decayed,False,nan,0.41040131747722625,0.04870511591434479,-2.1313514299314744,world,world,0.22955321669578552,0.03198514059185982,-1.9708634451992606,world,world,0.13076917864382268,0.015672374167479575,-2.121534218716406,world,world
stiff_none,world_only,90359,False,True,,1.0,-4.0,medium,-0.2,57,world,decayed,False,nan,0.5692179679870606,0.6393564105033874,0.1161986289952441,body,body,0.604287189245224,0.10005917139351368,-1.7982878388838064,world,world,0.35217318031936884,0.010582255141343921,-3.5049444890821957,world,world
stiff_none,body_world,90360,True,True,m,1.436507707360915,1.0,short,-0.15000000000000002,74,body,settled,True,0.06590329110622406,0.07442169561982155,0.04525715634226799,-0.49738669827136467,world,world,0.05983942598104477,0.06440898366272449,0.0735883801923194,body,body,0.06212420482188463,0.062142607569694516,0.0002961812183033659,body,body
stiff_none,body_world,90361,True,True,l,1.4256287739373548,-1.0,medium,-0.25,60,world,decayed,False,nan,0.16651196479797364,0.18135699033737182,0.08540024361067583,body,body,0.17393447756767272,0.12385867089033127,-0.3395374978822042,world,world,0.148896574229002,0.11045055352151394,-0.2986839908668692,world,world
stiff_none,body_world,90362,True,True,m,1.4329806398316671,-2.0,short,0.2,74,world,decayed,False,nan,0.09098184704780579,0.22905835807323455,0.9233168062097842,body,body,0.16002010256052018,0.1307522565126419,-0.20199508732591467,world,world,0.14538617953658103,0.17199799455702305,0.16808930794178756,body,body
stiff_none,body_world,90363,True,True,l,1.210563351806276,-2.0,medium,-0.15000000000000002,77,world,decayed,False,nan,0.28923702239990234,0.30000250339508056,0.03654432058329623,body,body,0.2946197628974915,0.14204787313938141,-0.7295214500440184,world,world,0.21833381801843643,0.07874773805961013,-1.0197756126557902,world,world
stiff_none,body_world,90364,True,True,m,1.372696280105733,-4.0,short,-0.15000000000000002,58,world,decayed,False,nan,0.4877293795347214,0.19847453534603118,-0.8990998954120385,world,world,0.3431019574403763,0.1838752433657646,-0.623770152548178,world,world,0.2634886004030704,0.0733504590112716,-1.2787613424263522,world,world
stiff_none,body_world,90365,True,True,l,1.2749895656307437,-4.0,medium,-0.2,74,world,decayed,False,nan,0.5458401203155517,0.534093189239502,-0.02175577751062723,body,body,0.5399666547775268,0.13952155262231827,-1.3532882988273127,world,world,0.3397441036999226,0.0799912279471755,-1.446275720059206,world,world
stiff_none,body_world,90366,True,True,m,1.3066897985826524,-1.0,short,-0.15000000000000002,69,body,settled,True,0.05977792292833328,0.1405097171664238,0.07000426054000855,-0.6967205426546922,world,world,0.10525698885321617,0.06289929561316968,-0.5148699076388771,world,world,0.08407814223319292,0.05834704600274563,-0.3653378991336094,world,world
stiff_none,body_world,90367,True,True,l,1.3576619828175316,1.0,medium,0.15000000000000002,62,body,settled,True,0.06015781685709953,0.05427682399749756,0.06979339346289634,0.25144203397362364,body,body,0.06203510873019695,0.05006324425339699,-0.2144134034138055,world,world,0.05604917649179697,0.050342410802841187,-0.10738157806225986,body,world
stiff_none,body_world,90368,True,True,m,1.4143053583788585,2.0,short,0.05,60,body,settled,True,0.07116381824016571,0.13662664145231246,0.04107860922813415,-1.201764431432926,world,world,0.08885262534022331,0.055477628111839296,-0.4709992597659477,world,world,0.0721651267260313,0.06701457947492599,-0.07404672005544972,body,body
stiff_none,body_world,90369,True,True,l,1.3743712386074276,-2.0,medium,0.1,67,world,decayed,False,nan,0.17120816707611083,0.2686130166053772,0.4503915763897527,body,body,0.21991059184074402,0.1771577149629593,-0.21618068220794098,world,world,0.19853415340185165,0.12827117331326007,-0.43681457828225845,world,world
stiff_none,body_world,90370,True,True,m,1.5116611087725051,4.0,short,-0.25,61,world,decayed,False,nan,0.4103765793144703,0.10425706803798676,-1.3702155669747254,world,world,0.25731682367622855,0.08868794962763786,-1.0651840778953485,world,world,0.17300238665193318,0.1063101498875767,-0.4869446258685944,world,world
stiff_none,body_world,90371,True,True,l,1.462891218935012,4.0,medium,0.2,69,world,decayed,False,nan,0.08519783951342105,0.3192169010639191,1.3208947366791244,body,body,0.20220737028867006,0.20793747641146182,0.027943683928118083,body,body,0.20507242335006595,0.11023258892819285,-0.620770623080642,world,world
stiff_none,body_world,90372,True,True,m,1.6331779731038802,-1.0,short,-0.1,65,world,decayed,False,nan,0.15046340823173524,0.0993227407336235,-0.4153453647127037,world,world,0.12489307448267936,0.0857227936387062,-0.37633920674363247,world,world,0.10530793406069279,0.12774094007909298,0.1931155439163576,body,body
stiff_none,body_world,90373,True,True,l,1.2018022497580947,-1.0,medium,0.1,66,world,decayed,False,nan,0.12206984758377075,0.17019350826740265,0.3323426715382312,body,body,0.1461316779255867,0.10868196710944175,-0.2960822344299638,world,world,0.12740682251751423,0.10025876462459564,-0.23963080360515426,world,world
stiff_none,body_world,90374,True,True,m,1.3280228263513763,-2.0,short,0.1,73,world,decayed,False,nan,0.18957972154021263,0.1647113785147667,-0.1406149090948443,body,body,0.17714555002748966,0.13025779724121095,-0.30745616869846104,world,world,0.1537016736343503,0.13526922781020403,-0.12774646687565305,body,body
stiff_none,body_world,90375,True,True,l,1.308876304017658,2.0,medium,-0.25,65,world,decayed,False,nan,0.23953507840633392,0.24666787385940553,0.029342920254605963,body,body,0.24310147613286973,0.09068042784929276,-0.986137409565327,world,world,0.16689095199108123,0.053180942917242645,-1.1436405007100892,world,world
stiff_none,body_world,90376,True,True,m,1.5016949779873145,4.0,short,0.2,70,world,decayed,False,nan,0.09883350729942322,0.27130953818559644,1.009823686419487,body,body,0.18507152274250985,0.11141183599829674,-0.5075087901932943,world,world,0.14824167937040328,0.11737487968057395,-0.2334709981970769,world,world
stiff_none,body_world,90377,True,True,l,1.2414565409093206,-4.0,medium,0.25,66,world,decayed,False,nan,0.05477858558297157,0.4584795296192169,2.124616300737382,body,body,0.2566290576010942,0.34660415053367616,0.30055166558966967,body,body,0.3016166040673852,0.08704351200722157,-1.242748556250955,world,world
stiff_none,body_world,90378,True,True,m,1.4238236120964585,1.0,short,0.25,66,body,settled,True,0.07401181757450104,0.05042019635438919,0.05859256759285927,0.15021603952541132,body,world,0.05450638197362423,0.05573452226817608,0.022281949070973653,body,world,0.05512045212090015,0.06264424342662096,0.12795096331408407,body,body
stiff_none,body_world,90379,True,True,l,1.2836548774066676,-1.0,medium,-0.25,64,world,decayed,False,nan,0.16213254034519195,0.18009471893310547,0.10506877777315368,body,body,0.17111362963914872,0.1067540965974331,-0.4717998096410957,world,world,0.1389338631182909,0.11126148998737335,-0.22211481849660258,world,world
stiff_none,body_world,90380,True,True,m,1.3621236417497946,2.0,short,0.2,70,body,settled,True,0.06963929533958435,0.07549453377723694,0.11461571380496025,0.4175246602652046,body,body,0.0950551237910986,0.052276065573096275,-0.5979183446556582,world,world,0.07366559468209743,0.06439927835017442,-0.13443343361214263,body,body
stiff_none,body_world,90381,True,True,l,1.3983378082528164,-2.0,medium,-0.2,74,world,decayed,False,nan,0.29850931763648986,0.2887140452861786,-0.03336441161458779,body,body,0.2936116814613342,0.14825951904058457,-0.6832938377460263,world,world,0.2209356002509594,0.1256928464397788,-0.5640300532828777,world,world
stiff_none,body_world,90382,True,True,m,1.3509200717074077,-4.0,short,-0.2,74,world,decayed,False,nan,0.5007088720798493,0.1969451755285263,-0.933099445334784,world,world,0.3488270238041878,0.17635141909122468,-0.6820974618710893,world,world,0.26258922144770624,0.07118127113208175,-1.3053611775935354,world,world
stiff_none,body_world,90383,True,True,l,1.2311925915846564,4.0,medium,-0.2,58,world,decayed,False,nan,0.48583794236183164,0.4395898461341858,-0.10003299206585556,body,body,0.46271389424800874,0.04631681963801384,-2.3016037538512175,world,world,0.2545153569430113,0.07414305359125137,-1.2333647920928783,world,world
stiff_none,body_world,90384,True,True,m,1.524037917146982,-1.0,short,0.25,63,world,decayed,False,nan,0.06876468434929847,0.14540051519870759,0.7488018041382806,body,body,0.10708259977400303,0.08798475749790668,-0.19643690793383314,world,world,0.09753367863595486,0.10270951837301254,0.05170705370734921,body,body
stiff_none,body_world,90385,True,True,l,1.3531822605860213,1.0,medium,-0.2,58,body,settled,True,0.059029508382081985,0.08277709782123566,0.05807237252593041,-0.35446139190998477,world,world,0.07042473517358303,0.03750996422022581,-0.6299379431314637,world,world,0.05396734969690442,0.06620293380692602,0.20434555082998485,body,body
stiff_none,body_world,90386,True,True,m,1.3095845696334245,2.0,short,0.1,61,body,settled,True,0.06018032878637314,0.12862051650881767,0.06640139184892177,-0.6611483186295434,world,world,0.09751095417886972,0.040413925983011724,-0.8807902941248362,world,world,0.06896244008094073,0.053099012561142446,-0.26140367749416976,world,world
stiff_none,body_world,90387,True,True,l,1.3723802328668413,-2.0,medium,-0.2,61,world,decayed,False,nan,0.30115846991539,0.290084308385849,-0.03746500503015403,body,body,0.29562138915061953,0.14550072848796844,-0.708898451492769,world,world,0.22056105881929397,0.11691337972879409,-0.6347412508899835,world,world
stiff_none,body_world,90388,True,True,m,1.6369604542264304,4.0,short,0.25,64,world,decayed,False,nan,0.06005702838301659,0.29313398003578184,1.58533519038893,body,body,0.17659550420939923,0.11054414585232734,-0.4684468792171331,world,world,0.1435698250308633,0.11565645169466734,-0.21619732893633656,world,world
stiff_none,body_world,90389,True,True,l,1.4434986184388112,4.0,medium,0.1,68,world,decayed,False,nan,0.18125393167138099,0.38864574432373045,0.7627692602428149,body,body,0.28494983799755574,0.11734723690897227,-0.8871757814583441,world,world,0.201148537453264,0.1353257354348898,-0.3963589001926374,world,world
stiff_none,body_world,90390,True,True,m,1.628686273513856,1.0,short,-0.25,63,body,settled,True,0.07215721905231476,0.08640726655721664,0.03820810988545418,-0.8160239821987115,world,world,0.06230768822133541,0.0553551871329546,-0.11831445471858539,body,world,0.05883143767714501,0.06365743689239026,0.07883979219165066,body,body
stiff_none,body_world,90391,True,True,l,1.4997252692437577,-1.0,medium,-0.25,60,world,decayed,False,nan,0.16919384896755219,0.17479541897773743,0.03257116276519208,body,body,0.1719946339726448,0.11195917055010796,-0.429329022322002,world,world,0.14197690226137638,0.12723839618265628,-0.10960192210119618,body,body
stiff_none,body_world,90392,True,True,m,1.4793682183432437,2.0,short,-0.2,56,body,settled,True,0.06378781050443649,0.19736053049564362,0.05700007937848568,-1.2419794997381768,world,world,0.12718030493706464,0.034961902722716334,-1.29134682850405,world,world,0.0810711038298905,0.059449946694076064,-0.31019186818470684,world,world
stiff_none,body_world,90393,True,True,l,1.373838534697687,-2.0,medium,0.2,80,world,decayed,False,nan,0.08246389478445053,0.2510087788105011,1.1131273552884107,body,body,0.16673633679747582,0.20185874700546264,0.19115443735355336,body,body,0.18429754190146924,0.1231395173817873,-0.4032335268905585,world,world
stiff_none,body_world,90394,True,True,m,1.374879786515465,4.0,short,-0.2,58,world,decayed,False,nan,0.4167621091008186,0.08754851818084716,-1.5603224440552919,world,world,0.2521553136408329,0.06917324289679527,-1.2934310971243954,world,world,0.16066427826881408,0.08556014392524958,-0.6300973933566147,world,world
stiff_none,body_world,90395,True,True,l,1.2278138310881848,-4.0,medium,-0.2,72,world,decayed,False,nan,0.5565335273742675,0.5501321196556092,-0.011568948820308131,body,body,0.5533328235149384,0.13639988303184508,-1.4003687834523082,world,world,0.3448663532733917,0.06351039386354387,-1.691953384768867,world,world
stiff_none,body_world,90396,True,True,m,1.5997246997728216,1.0,short,-0.15000000000000002,76,body,settled,True,0.0860641822218895,0.07609878405928612,0.053672806918621065,-0.34912580213982103,world,world,0.0648857954889536,0.06381171531975269,-0.016691932901311175,body,body,0.06434875540435314,0.08396168127655983,0.2660429266652656,body,body
stiff_none,body_world,90397,True,True,l,1.2083810902658325,1.0,medium,0.15000000000000002,74,body,settled,True,0.0576232448220253,0.0679226577281952,0.0732572317123413,0.07560729796108347,body,body,0.07058994472026825,0.06020706556737423,-0.1590979946406473,body,body,0.06539850514382124,0.0555328301154077,-0.16352502159751298,world,world
stiff_none,body_world,90398,True,True,m,1.605681322392905,2.0,short,-0.05,61,body,settled,True,0.06471750885248184,0.15506525337696075,0.029605749249458312,-1.6558774439866402,world,world,0.09233550131320953,0.036113175190985204,-0.9387709346750648,world,world,0.06422433825209736,0.06013035699725151,-0.06586741723108709,body,body
stiff_none,body_world,90399,True,True,l,1.216354811034764,-2.0,medium,-0.25,60,world,decayed,False,nan,0.31096345782279966,0.3086573719978333,-0.007443573106981383,body,body,0.30981041491031647,0.1397784061729908,-0.7959021900044403,world,world,0.22479441054165364,0.07662905463948846,-1.0762099453550882,world,world
stiff_none,body_world,90400,True,True,m,1.3999353886758357,4.0,short,-0.05,71,world,decayed,False,nan,0.3729443192481995,0.09616532176733017,-1.3553603182519305,world,world,0.23455482050776483,0.09607661813497544,-0.8925433579938623,world,world,0.16531571932137012,0.09979290580376983,-0.5047599993584769,world,world
stiff_none,body_world,90401,True,True,l,1.3909618610188579,-4.0,medium,0.2,64,world,decayed,False,nan,0.12056032717227935,0.4240590214729309,1.2577223790454646,body,body,0.2723096743226051,0.29696263521909716,0.08666639631955216,body,body,0.28463615477085114,0.13374356124550105,-0.755287470333268,world,world
stiff_none,body_world,90402,True,True,m,1.4765881692612393,-1.0,short,-0.15000000000000002,72,world,decayed,False,nan,0.15275219976902008,0.09453266710042954,-0.4798715406872088,world,world,0.12364243343472481,0.09083083271980286,-0.3083950033179948,world,world,0.10723663307726383,0.10942236464470625,0.02017738239112369,body,body
stiff_none,body_world,90403,True,True,l,1.2287348099119875,1.0,medium,-0.1,60,world,settled,True,0.0560467466711998,0.09418781846761703,0.11799264028668403,0.22533139447877915,body,body,0.10609022937715054,0.04897255003452301,-0.773030014807474,world,world,0.07753138970583677,0.04978064009919762,-0.4430567274014259,world,world
stiff_none,body_world,90404,True,True,m,1.5959684874168683,-2.0,short,-0.2,61,world,decayed,False,nan,0.2667572468519211,0.14932283461093904,-0.5802284196869608,world,world,0.20804004073143006,0.18585484325885773,-0.11276460824540023,body,body,0.19694744199514388,0.15573918735608458,-0.23475416905710372,world,world
stiff_none,body_world,90405,True,True,l,1.4263406910614387,-2.0,medium,-0.15000000000000002,77,world,decayed,False,nan,0.28590369820594785,0.2819371223449707,-0.013970958888858645,body,body,0.2839204102754593,0.15257216170430182,-0.6210562777448589,world,world,0.21824628598988055,0.13533114306628705,-0.47789949078302146,world,world
stiff_none,body_world,90406,True,True,m,1.5761825745829299,-4.0,short,0.25,68,world,decayed,False,nan,0.05917779356241226,0.4228943169116974,1.9665759432382528,body,body,0.24103605523705482,0.22773600071668626,-0.05675946260686163,body,body,0.23438602797687053,0.12822601976804435,-0.6031749621173009,world,world
stiff_none,body_world,90407,True,True,l,1.3075505965528191,-4.0,medium,0.25,60,world,decayed,False,nan,0.056226906925439836,0.43007066249847414,2.0345541133377654,body,body,0.24314878471195697,0.34046302288770675,0.3366329844434755,body,body,0.29180590379983185,0.11030545784160495,-0.972835461407567,world,world
stiff_none,body_world,90408,True,True,m,1.5508532757037867,1.0,short,-0.25,74,body,settled,True,0.0774310976266861,0.09432457685470581,0.03704298660159111,-0.934662741485031,world,world,0.06568378172814845,0.05405317544937134,-0.1948837489852699,world,world,0.0598684785887599,0.07168387640267611,0.18011571378162342,body,body
stiff_none,body_world,90409,True,True,l,1.386472676208235,1.0,medium,0.05,62,body,settled,True,0.06841970980167389,0.051424187049269675,0.068593318015337,0.288086498022477,body,body,0.06000875253230333,0.04868469852954149,-0.20912564497590003,world,world,0.054346725530922416,0.06858129650354386,0.2326354879051719,body,body
stiff_none,body_world,90410,True,True,m,1.305798982810204,2.0,short,0.0,73,body,settled,True,0.0636981874704361,0.1361340254545212,0.04165048561990261,-1.184326853665046,world,world,0.08889225553721189,0.058792748302221295,-0.4134065053025908,world,world,0.0738425019197166,0.06222558245062828,-0.17116826400135102,world,world
stiff_none,body_world,90411,True,True,l,1.201605261104429,-2.0,medium,0.15000000000000002,64,world,decayed,False,nan,0.11910633519291877,0.2738832890987396,0.8326853962877429,body,body,0.1964948121458292,0.19400971084833146,-0.01272781593749882,body,body,0.19525226149708033,0.09060394074767827,-0.7677946630099476,world,world
stiff_none,body_world,90412,True,True,m,1.6785527327767333,-4.0,short,-0.2,66,world,decayed,False,nan,0.49406581521034243,0.2512776404619217,-0.6761102723732628,world,world,0.37267172783613206,0.24987864792346953,-0.3997225542029714,world,world,0.3112751878798008,0.10264752707444132,-1.1093763170930542,world,world
stiff_none,body_world,90413,True,True,l,1.497413653722908,4.0,medium,-0.05,68,world,decayed,False,nan,0.3664283871650696,0.373684698343277,0.019609283601712685,body,body,0.37005654275417327,0.0686924073845148,-1.6840171375170336,world,world,0.21937447506934404,0.15749648688361048,-0.33137704885494196,world,world
stiff_none,body_world,90414,True,True,m,1.6384059842206313,-1.0,short,-0.1,67,world,decayed,False,nan,0.16018361151218413,0.10363126173615456,-0.43548169071088316,world,world,0.13190743662416934,0.1307297833263874,-0.00896796874921951,body,body,0.1313186099752784,0.20450561195611955,0.44296890987636744,body,body
stiff_none,body_world,90415,True,True,l,1.4445958942354706,1.0,medium,-0.15000000000000002,61,world,settled,True,0.05313538387417793,0.08043965697288513,0.05924955308437348,-0.3057490634035191,body,body,0.0698446050286293,0.040473340824246404,-0.5456293400768101,world,world,0.05515897292643786,0.04456438533961773,-0.21328442781298348,world,world
stiff_none,body_world,90416,True,True,m,1.4228738912776615,-2.0,short,-0.05,70,world,decayed,False,nan,0.25254030525684357,0.1187733143568039,-0.754354105686338,world,world,0.18565680980682372,0.1275384709239006,-0.3754818090153926,world,world,0.15659764036536217,0.16857001446187497,0.07367146405010769,body,body
stiff_none,body_world,90417,True,True,l,1.412003609654068,-2.0,medium,-0.15000000000000002,63,world,decayed,False,nan,0.28434687852859497,0.28252698183059693,-0.006420839194363347,body,body,0.2834369301795959,0.14926729798316957,-0.6412509849740942,world,world,0.21635211408138275,0.12935870811343192,-0.5143180097389447,world,world
stiff_none,body_world,90418,True,True,m,1.6633408277228265,4.0,short,0.25,65,world,decayed,False,nan,0.07005376517772674,0.2736927896738052,1.3627432505978068,body,body,0.171873277425766,0.0812250442802906,-0.7495338194095761,world,world,0.1265491608530283,0.0846556818112731,-0.4020386284705618,world,world
stiff_none,body_world,90419,True,True,l,1.4868039659450991,-4.0,medium,0.25,75,alarm,persistent,False,nan,0.05086681321263313,0.37447676062583923,1.9963190354677869,body,body,0.2126717869192362,0.3199074327945709,0.4082816106198529,body,body,0.26628960985690353,0.15432186499238015,-0.5455440216217462,world,world
stiff_none,body_world,90420,True,True,m,1.5449902128447706,1.0,short,-0.05,63,body,settled,True,0.09247256815433502,0.08203528672456742,0.03975514769554138,-0.724410146119636,world,world,0.0608952172100544,0.062477000430226325,0.025643859406768433,body,body,0.06168610882014036,0.07496693897992372,0.19498843786347944,body,body
stiff_none,body_world,90421,True,True,l,1.3429074718778478,1.0,medium,-0.05,68,body,settled,True,0.06064780801534653,0.06697449311614037,0.08423138707876206,0.2292557727964955,body,body,0.07560294009745121,0.03510338887572288,-0.7671974976300665,world,world,0.055353164486587045,0.05441618300974369,-0.017072238396715064,body,world
stiff_none,body_world,90422,True,True,m,1.4859152920245902,2.0,short,-0.2,56,body,settled,True,0.06168966367840767,0.2065934956073761,0.039319667220115664,-1.6590282412979116,world,world,0.12295658141374588,0.034762495569884776,-1.2632922042976402,world,world,0.07885953849181533,0.05999805824831128,-0.27335607701525355,world,world
stiff_none,body_world,90423,True,True,l,1.4537628318674107,-2.0,medium,0.0,61,world,decayed,False,nan,0.2373910129070282,0.27458136081695556,0.14553898832359535,body,body,0.25598618686199187,0.15329162925481796,-0.5127813047532946,world,world,0.20463890805840493,0.13713795319199562,-0.40025962510933843,world,world
stiff_none,body_world,90424,True,True,m,1.5039422662674549,-4.0,short,-0.2,72,world,decayed,False,nan,0.49826645851135254,0.221913480758667,-0.8088474115873407,world,world,0.3600899696350098,0.21566987037658691,-0.5126050552421657,world,world,0.2878799200057983,0.08515899071935565,-1.2180234603921665,world,world
stiff_none,body_world,90425,True,True,l,1.484051795950852,4.0,medium,0.0,66,world,decayed,False,nan,0.30401225090026857,0.38158531188964845,0.22726644836984086,body,body,0.3427987813949585,0.050396638549864294,-1.917219154446243,world,world,0.19659770997241138,0.14334717993624507,-0.31589003992864695,world,world
stiff_none,body_world,90426,True,True,m,1.499613542769097,-1.0,short,-0.2,68,body,settled,True,0.07855337858200073,0.14283360689878463,0.08038172274827957,-0.574893543304994,world,world,0.1116076648235321,0.0803025420755148,-0.3291884511222478,world,world,0.09595510344952345,0.07412505354732275,-0.25812682996435243,world,world
stiff_none,body_world,90427,True,True,l,1.2434438593395136,1.0,medium,0.05,67,world,settled,True,0.05427438020706177,0.06814251244068145,0.06771266534924507,-0.006328040385818133,body,body,0.06792758889496327,0.04556748904287815,-0.39924776595058625,world,world,0.05674753896892071,0.04522496974095702,-0.22696292703140597,world,world
stiff_none,body_world,90428,True,True,m,1.5747146197091175,2.0,short,0.25,64,body,settled,True,0.06854338198900223,0.06419743970036507,0.12399851717054844,0.6583062773874411,body,body,0.09409797843545675,0.03838060609996319,-0.8967842806760958,world,world,0.06623929226770997,0.06487145218998194,-0.02086617252459557,body,body
stiff_none,body_world,90429,True,True,l,1.4646053079069046,-2.0,medium,0.1,67,world,decayed,False,nan,0.15373006761074065,0.2601587325334549,0.5260936977480507,body,body,0.20694440007209777,0.17506160214543343,-0.16731223425940955,body,body,0.1910030011087656,0.13664682470262052,-0.33488946514743656,world,world
stiff_none,body_world,90430,True,True,m,1.6725099978259204,-4.0,short,0.1,62,world,decayed,False,nan,0.29125295430421827,0.27557195723056793,-0.055343366103123307,body,body,0.2834124557673931,0.24100443571805955,-0.16208793869087074,body,body,0.26220844574272634,0.12880404088646175,-0.7108475953612767,world,world
stiff_none,body_world,90431,True,True,l,1.3236542402011626,-4.0,medium,0.1,67,world,decayed,False,nan,0.259758859872818,0.47980943918228147,0.6136352847434334,body,body,0.36978414952754973,0.22398494705557823,-0.501340606798643,world,world,0.29688454829156397,0.10083824186585844,-1.0798256696586426,world,world
stiff_none,body_world,90432,True,True,m,1.3642720743548598,-1.0,short,0.15000000000000002,61,world,decayed,False,nan,0.09563319906592369,0.12910574972629546,0.3001118035207758,body,body,0.11236947439610959,0.09643238112330436,-0.15295027148707213,body,body,0.10440092775970697,0.11224676817655563,0.07246117291142938,body,body
stiff_none,body_world,90433,True,True,l,1.3743791243103016,-1.0,medium,0.05,77,world,decayed,False,nan,0.13926236927509308,0.1821749687194824,0.2686078891597052,body,body,0.16071866899728776,0.12489505186676979,-0.2521816393846682,world,world,0.14280686043202878,0.10725083276629448,-0.2863227684939149,world,world
stiff_none,body_world,90434,True,True,m,1.4747028802268096,2.0,short,-0.05,62,body,settled,True,0.07355942577123642,0.16736435294151306,0.035438911989331245,-1.5523627647977658,world,world,0.10140163246542215,0.04507219213992357,-0.8108237162117281,world,world,0.07323691230267286,0.06906184740364552,-0.05869711798918546,body,body
stiff_none,body_world,90435,True,True,l,1.3038106075252267,-2.0,medium,-0.2,60,world,decayed,False,nan,0.2941569805145264,0.29058651328086854,-0.012212232016182076,body,body,0.29237174689769746,0.14750209599733352,-0.6841837125399421,world,world,0.21993692144751548,0.10464751981198787,-0.74274303577352,world,world
stiff_none,body_world,90436,True,True,m,1.6168586909623586,4.0,short,-0.05,79,world,decayed,False,nan,0.37520920783281325,0.12223532795906067,-1.1215356535055712,world,world,0.24872226789593696,0.11760958693921567,-0.7489663302444217,world,world,0.1831659274175763,0.12680414766073228,-0.36774869750432526,world,world
stiff_none,body_world,90437,True,True,l,1.3291113567705524,-4.0,medium,0.15000000000000002,77,world,decayed,False,nan,0.18947445899248122,0.463254052400589,0.894021378492483,body,body,0.3263642556965351,0.26416329070925715,-0.21144666900739326,world,world,0.2952637732028961,0.10849777683615684,-1.0011394204982536,world,world
stiff_none,body_world,90438,True,True,m,1.329008599029527,-1.0,short,0.05,80,body,settled,True,0.08478862047195435,0.13642605245113373,0.07655181884765624,-0.5778148454677943,world,world,0.10648893564939499,0.0684258796274662,-0.4422899789402711,world,world,0.0874574076384306,0.08169369045644999,-0.06817513431767971,body,body
stiff_none,body_world,90439,True,True,l,1.445391509411858,1.0,medium,0.0,66,world,settled,True,0.05307859927415848,0.04849985539913178,0.09825846999883651,0.7060406391953843,body,body,0.07337916269898415,0.03879388011991978,-0.6373775030614504,world,world,0.05608652140945196,0.04617499299347401,-0.19445714923372742,world,world
stiff_none,body_world,90440,True,True,m,1.5564106744089927,2.0,short,0.25,74,body,settled,True,0.07415366172790527,0.059512799978256224,0.11256034560501575,0.6372980681081035,body,body,0.08603657279163598,0.05102478116750717,-0.5224610509171527,world,world,0.06853067697957158,0.06559174824506045,-0.043831585045303635,body,body
stiff_none,body_world,90441,True,True,l,1.3070596772413094,2.0,medium,0.2,71,body,settled,True,0.058954305946826935,0.06664259284734726,0.16411454379558563,0.9012207164328064,body,body,0.11537856832146645,0.15900793597102164,0.32073549236731275,body,body,0.13719325214624406,0.06997715141624213,-0.6732217510475663,world,world
stiff_none,body_world,90442,True,True,m,1.6269524228642334,4.0,short,0.25,74,body,settled,True,0.0630323588848114,0.07526594400405884,0.2574825882911682,1.2299243378927447,body,body,0.16637426614761353,0.0383595859631896,-1.4672354093670663,world,world,0.10236692605540157,0.05625517517328262,-0.5986656327603284,world,world
stiff_none,body_world,90443,True,True,l,1.378277312801848,-4.0,medium,-0.1,72,world,decayed,False,nan,0.49827336668968203,0.48706002831459044,-0.0227614786011481,body,body,0.4926666975021362,0.14693765342235565,-1.2098245049957737,world,world,0.31980217546224593,0.10566088827326894,-1.1074678043449757,world,world
stiff_none,body_world,90444,True,True,m,1.453510197141481,1.0,short,0.0,71,body,settled,True,0.07157397270202637,0.054911693558096886,0.04939263463020325,-0.10592500672670942,body,world,0.052152164094150064,0.0641839224845171,0.20758707266668638,body,body,0.05816804328933358,0.0630367899313569,0.08038240355380535,body,body
stiff_none,body_world,90445,True,True,l,1.3665797638238526,-1.0,medium,0.0,62,world,decayed,False,nan,0.15455732345581055,0.18273213803768157,0.16745630084837457,body,body,0.16864473074674607,0.11391509473323821,-0.3923409294362518,world,world,0.14127991273999213,0.11265561282634735,-0.22640762822371396,world,world
stiff_none,body_world,90446,True,True,m,1.33490869903924,-2.0,short,-0.25,64,world,decayed,False,nan,0.2590871870517731,0.11742098480463029,-0.7913989969688635,world,world,0.18825408592820167,0.12933359593153,-0.3753974898908111,world,world,0.15879384092986584,0.13678920697420835,-0.14916565729586265,world,world
stiff_none,body_world,90447,True,True,l,1.360545744961593,2.0,medium,0.25,71,world,settled,True,0.04571423679590225,0.055290620774030685,0.1357485368847847,0.8982008928560306,body,body,0.09551957882940769,0.15959395989775657,0.513301598652705,body,body,0.12755676936358212,0.05642935587093234,-0.8155719981552241,world,world
stiff_none,body_world,90448,True,True,m,1.3926898559008811,4.0,short,0.0,79,world,decayed,False,nan,0.33236573338508607,0.09454313665628433,-1.2571797662737203,world,world,0.2134544350206852,0.08861062005162239,-0.879171675214472,world,world,0.1510325275361538,0.09924654625356197,-0.4198881072542989,world,world
stiff_none,body_world,90449,True,True,l,1.4996288562259714,4.0,medium,-0.15000000000000002,69,world,decayed,False,nan,0.45526534914970396,0.37392369508743284,-0.19682868114065527,body,body,0.4145945221185684,0.05498241372406483,-2.0202876038353694,world,world,0.23478846792131663,0.15788979921489954,-0.39678765591711584,world,world
stiff_none,body_world,90450,True,True,m,1.6497126455801099,-1.0,short,-0.15000000000000002,68,world,decayed,False,nan,0.17705220878124237,0.11056477129459381,-0.47084313915420817,world,world,0.1438084900379181,0.11562885642051697,-0.21809693603911323,world,world,0.12971867322921754,0.18364622667431832,0.34764317233892855,body,body
stiff_none,body_world,90451,True,True,l,1.4011624978174013,-1.0,medium,-0.1,69,world,decayed,False,nan,0.1740473508834839,0.17916529178619384,0.028981403845048468,body,body,0.17660632133483886,0.12091476246714591,-0.378837227236946,world,world,0.1487605419009924,0.11070474535226822,-0.2954712062638949,world,world
stiff_none,body_world,90452,True,True,m,1.3459971515369575,2.0,short,0.0,75,body,settled,True,0.05924493074417114,0.16772041767835616,0.04090941697359085,-1.4109381322309196,world,world,0.1043149173259735,0.03514995090663433,-1.0877911534655618,world,world,0.06973243411630392,0.056795688904821874,-0.20520512507423921,world,world
stiff_none,body_world,90453,True,True,l,1.3128410648573021,-2.0,medium,-0.2,60,world,decayed,False,nan,0.2818111956119537,0.29197818636894224,0.035441767658270944,body,body,0.286894690990448,0.1495737299323082,-0.6513257700135712,world,world,0.2182342104613781,0.10587012395262718,-0.7233557488371838,world,world
stiff_none,body_world,90454,True,True,m,1.4532800695650452,4.0,short,0.25,80,world,decayed,False,nan,0.05757244899868965,0.31076283305883406,1.6859858893125914,body,body,0.18416764102876187,0.10141517072916031,-0.5966237426838839,world,world,0.14279140587896108,0.09177023880183696,-0.44209681616885776,world,world
stiff_none,body_world,90455,True,True,l,1.4639866887179158,4.0,medium,0.1,63,world,decayed,False,nan,0.18444244638085366,0.3803415596485138,0.7237322191040929,body,body,0.2823920030146837,0.11633798060938716,-0.8867966066133394,world,world,0.19936499181203543,0.14264624984934926,-0.3347694863310987,world,world
stiff_none,body_world,90456,True,True,m,1.437503394575647,1.0,short,-0.05,71,body,settled,True,0.07954864203929901,0.06321736052632332,0.04832096621394157,-0.2687134057280191,body,world,0.05576916337013245,0.06204094402492046,0.10657346572708623,body,body,0.05890505369752645,0.0739121651276946,0.2269505421850057,body,body
stiff_none,body_world,90457,True,True,l,1.433005966120608,-1.0,medium,0.1,79,world,decayed,False,nan,0.09007240310311318,0.15221283137798308,0.5246659220714377,body,body,0.12114261724054813,0.13413640558719636,0.10188872792326133,body,body,0.12763951141387225,0.125050288438797,-0.020494009649070815,body,body
stiff_none,body_world,90458,True,True,m,1.5714723561915191,-2.0,short,0.1,75,world,decayed,False,nan,0.17823600322008132,0.1711021900177002,-0.04084755244966743,body,body,0.17466909661889077,0.1590523675084114,-0.09365980410291468,body,body,0.1668607320636511,0.1826363444328308,0.09033746211333454,body,body
stiff_none,body_world,90459,True,True,l,1.423809978213943,-2.0,medium,-0.15000000000000002,75,world,decayed,False,nan,0.28772483468055726,0.28311323523521426,-0.016157646159076274,body,body,0.28541903495788573,0.14921048954129218,-0.6486004080016593,world,world,0.21731476224958896,0.1322693359106779,-0.4965065525203999,world,world
stiff_none,body_world,90460,True,True,m,1.501503010941712,-4.0,short,0.1,65,world,decayed,False,nan,0.2932309664785862,0.24696842730045318,-0.17170007622008587,body,body,0.2700996968895197,0.20167362242937087,-0.29214047842893937,world,world,0.23588665965944527,0.11402073008939624,-0.726971159233076,world,world
stiff_none,body_world,90461,True,True,l,1.4979893620177673,-4.0,medium,-0.05,68,alarm,persistent,False,nan,0.4378645658493042,0.4542684018611908,0.036778564710811944,body,body,0.4460664838552475,0.13916490748524665,-1.164808393132379,world,world,0.2926156956702471,0.14000588450580836,-0.7371756753089485,world,world
stiff_none,body_world,90462,True,True,m,1.32405485767968,-1.0,short,0.15000000000000002,61,body,settled,True,0.06138797849416733,0.09861911982297897,0.12012413889169693,0.19726054300750895,body,body,0.10937162935733795,0.0635343600064516,-0.5431706648792757,world,world,0.08645299468189478,0.061125713400542736,-0.3466682332512966,world,world
stiff_none,body_world,90463,True,True,l,1.2959566174498844,1.0,medium,-0.05,60,world,settled,True,0.05681818723678589,0.07638731449842454,0.05642443224787712,-0.30291438120356046,body,world,0.06640587337315082,0.0346038430929184,-0.6518207590401491,world,world,0.05050485823303461,0.051143376342952254,0.012563454962536962,body,world
stiff_none,body_world,90464,True,True,m,1.5484915809048363,-2.0,short,0.25,68,world,decayed,False,nan,0.06036280319094658,0.2417607218027115,1.3875754101135602,body,body,0.15106176249682904,0.1425488919019699,-0.05800373441611424,body,body,0.14680532719939948,0.19327545538544655,0.275008997010397,body,body
stiff_none,body_world,90465,True,True,l,1.428408630737959,-2.0,medium,-0.25,69,world,decayed,False,nan,0.31108697652816775,0.29464501738548277,-0.05430123951357704,body,body,0.30286599695682526,0.14201287031173707,-0.7573727639259888,world,world,0.22243943363428115,0.13280828222632407,-0.5157482549058903,world,world
stiff_none,body_world,90466,True,True,m,1.3278826334953207,4.0,short,0.1,72,world,settled,True,0.04458882659673691,0.24736435189843178,0.15772610083222388,-0.45000236895128015,world,world,0.20254522636532785,0.059239930100739004,-1.2293673922202109,world,world,0.1308925782330334,0.049476010538637635,-0.9728890568000987,world,world
stiff_none,body_world,90467,True,True,l,1.224242705022093,-4.0,medium,0.2,67,world,decayed,False,nan,0.11511808261275291,0.48200138211250304,1.4319885746122838,body,body,0.298559732362628,0.3138430885970592,0.04992312193276717,body,body,0.3062014104798436,0.08035474130883813,-1.3377919909712988,world,world
stiff_none,body_world,90468,True,True,m,1.377155487281401,1.0,short,0.25,65,body,settled,True,0.061191070824861526,0.05500904694199562,0.06197965033352375,0.11930844918197767,body,body,0.05849434863775969,0.05152854323387146,-0.12679425340086917,body,world,0.05501144593581557,0.06389261055737734,0.1496624424620251,body,body
stiff_none,body_world,90469,True,True,l,1.2775926055522053,-1.0,medium,-0.2,67,world,decayed,False,nan,0.1662350118160248,0.17067905366420746,0.026382392819581522,body,body,0.1684570327401161,0.10046903342008591,-0.5168311638542319,world,world,0.13446303308010102,0.10344761721789837,-0.26222394352658684,world,world
stiff_none,body_world,90470,True,True,m,1.5219750255884492,2.0,short,-0.05,70,body,settled,True,0.08187808096408844,0.13688518106937408,0.045962515473365786,-1.0913162967672505,world,world,0.09142384827136993,0.07003529742360115,-0.2665070025649255,world,world,0.08072957284748554,0.07683515641838312,-0.049442660992849496,body,body
stiff_none,body_world,90471,True,True,l,1.2543795609592172,2.0,medium,0.0,63,world,decayed,False,nan,0.1688946008682251,0.2383376896381378,0.34441367519836236,body,body,0.20361614525318145,0.08401233553886414,-0.8852729407035275,world,world,0.1438142403960228,0.05393028743565083,-0.9808302304371113,world,world
stiff_none,body_world,90472,True,True,m,1.523888147333015,4.0,short,0.25,77,world,decayed,False,nan,0.06586378738284111,0.30077663213014605,1.518779121453527,body,body,0.18332020975649357,0.10473028719425201,-0.5598460518337047,world,world,0.1440252484753728,0.09718303326517344,-0.3933924794959934,world,world
stiff_none,body_world,90473,True,True,l,1.4189126139922845,-4.0,medium,-0.25,63,world,decayed,False,nan,0.5766294956207275,0.4920196354389191,-0.15868131316036752,body,body,0.5343245655298233,0.15495301634073258,-1.2378815043552498,world,world,0.34463879093527794,0.11325964708812535,-1.1128139410294182,world,world
stiff_none,body_world,90474,True,True,m,1.3393605416224226,1.0,short,0.0,80,body,settled,True,0.06357374787330627,0.06288636922836303,0.05134579092264176,-0.20274647017633063,body,world,0.057116080075502396,0.06280581913888454,0.09496204108126373,body,body,0.05996094960719347,0.06525920499116182,0.08467359846069922,body,body
stiff_none,body_world,90475,True,True,l,1.4134205728523153,1.0,medium,0.1,66,body,settled,True,0.06443600356578827,0.05071112848818302,0.06397316083312035,0.2323182501007687,body,body,0.057342144660651684,0.03901896197348833,-0.38498812985948766,world,world,0.04818055331707001,0.05775008127093315,0.18116927519645667,body,body
stiff_none,body_world,90476,True,True,m,1.3814810158500825,-2.0,short,0.0,70,world,decayed,False,nan,0.2407772496342659,0.11442141979932785,-0.7439839332809639,world,world,0.17759933471679687,0.12187209501862525,-0.3765579912977499,world,world,0.14973571486771106,0.16105521246790885,0.07287540153771871,body,body
stiff_none,body_world,90477,True,True,l,1.4674729887667173,2.0,medium,0.1,78,world,decayed,False,nan,0.08602780178189277,0.15589081197977067,0.5944853184377905,body,body,0.12095930688083172,0.13361747823655606,0.09952689540665652,body,body,0.1272883925586939,0.09373113512992859,-0.30602490029921986,world,world
stiff_none,body_world,90478,True,True,m,1.5027032697774165,4.0,short,0.0,80,world,decayed,False,nan,0.31831291764974595,0.10745066702365876,-1.0860030858907368,world,world,0.21288179233670235,0.10860928073525429,-0.6729801842877937,world,world,0.1607455365359783,0.10687635522335767,-0.40814998860854335,world,world
stiff_none,body_world,90479,True,True,l,1.3850046666885212,-4.0,medium,0.0,66,world,decayed,False,nan,0.41272416710853577,0.4856669545173645,0.162743616636999,body,body,0.44919556081295015,0.13861901462078094,-1.1757290724144287,world,world,0.29390728771686553,0.11050872196210548,-0.9781699200776403,world,world
stiff_none,calib,90480,False,False,,1.0,0.0,,0.0,64,world,settled,True,0.05111601948738098,0.05471760034561157,0.04539017155766487,-0.18688982292264628,body,world,0.05005388595163822,0.04530549868941307,-0.09967173514385035,body,world,0.04767969232052564,0.05254848897457123,0.0972307731304635,body,world
stiff_none,calib,90481,False,False,,1.0,0.0,,0.0,76,world,settled,True,0.04992608353495598,0.05667597725987435,0.048458535224199295,-0.1566419510320664,body,world,0.05256725624203682,0.04903969392180443,-0.06946337079308579,body,world,0.050803475081920624,0.051155137829482555,0.00689817430823869,body,world
stiff_none,calib,90482,False,False,,1.0,0.0,,0.0,79,world,settled,True,0.04783937335014343,0.044555488228797915,0.0565243661403656,0.23793646541357538,body,world,0.05053992718458176,0.05235780514776707,0.03533736046052416,body,world,0.05144886616617441,0.04695373605936766,-0.09142564668300057,body,world
stiff_none,calib,90483,False,False,,1.0,0.0,,0.0,70,world,settled,True,0.049698881804943085,0.04785999581217766,0.05125253573060036,0.06848509948607694,body,world,0.04955626577138901,0.05028445199131966,0.014587217491574095,body,world,0.049920358881354335,0.04921431504189968,-0.014244375850118032,body,world
stiff_none,calib,90484,False,False,,1.0,0.0,,0.0,69,world,settled,True,0.049940116703510284,0.04320453628897667,0.05117478594183922,0.1693014522462144,body,world,0.04718966111540794,0.04510002546012402,-0.04529201339824197,body,world,0.04614484328776598,0.05067224241793156,0.09359305721657325,body,world
stiff_none,calib,90485,False,False,,1.0,0.0,,0.0,78,world,settled,True,0.05009690672159195,0.04413645565509796,0.048530778288841246,0.09491210075684774,body,world,0.0463336169719696,0.05295760296285153,0.133623883187938,body,world,0.04964560996741056,0.05030494797974825,0.0131934746534081,body,world
stiff_none,calib,90486,False,False,,1.0,0.0,,0.0,79,world,settled,True,0.05026581138372421,0.043711324036121366,0.051828494668006896,0.1703328883430989,body,world,0.047769909352064134,0.0489861186593771,0.025141035501124478,body,world,0.048378014005720615,0.0538698848336935,0.10752614439720247,body,world
stiff_none,calib,90487,False,False,,1.0,0.0,,0.0,74,world,settled,True,0.04943016543984413,0.052874857932329176,0.05437154546380043,0.027913005186592458,body,world,0.0536232016980648,0.048537392541766165,-0.09964736078441289,body,world,0.051080297119915484,0.047926823422312734,-0.06372351228193675,body,world
stiff_none,calib,90488,False,False,,1.0,0.0,,0.0,62,world,settled,True,0.05224468559026718,0.05222944095730782,0.052361282706260684,0.0025210996571456445,body,world,0.05229536183178425,0.049565554782748225,-0.05361155077694572,body,world,0.05093045830726624,0.052790181897580626,0.03586408488785585,body,world
stiff_none,calib,90489,False,False,,1.0,0.0,,0.0,65,world,settled,True,0.04916604235768318,0.05217464491724968,0.05023643970489502,-0.037855993426843954,body,world,0.05120554231107235,0.05050685666501522,-0.01373867184066852,body,world,0.050856199488043784,0.04645741414278746,-0.09046596414909013,body,world
stiff_none,calib,90490,False,False,,1.0,0.0,,0.0,70,world,settled,True,0.051702093333005905,0.052597229927778245,0.04197949841618538,-0.22548208922719618,body,world,0.04728836417198181,0.04559669308364391,-0.03642907084732468,body,world,0.04644252862781286,0.050696085952222344,0.08763310276629267,body,world
stiff_none,calib,90491,False,False,,1.0,0.0,,0.0,63,world,settled,True,0.048709239810705185,0.051625410467386244,0.04768022894859314,-0.07949717767194389,body,world,0.049652819707989695,0.061730189621448515,0.2177179276083863,body,body,0.0556915046647191,0.04828225914388895,-0.14276342814077211,world,world
stiff_none,calib,90492,False,False,,1.0,0.0,,0.0,66,world,settled,True,0.05034933239221573,0.05167544782161713,0.044577212631702424,-0.14775997072992816,body,world,0.048126330226659776,0.04877900928258896,0.013470649372108972,body,world,0.04845266975462437,0.049226713553071025,0.015848994432173802,body,world
stiff_none,calib,90493,False,False,,1.0,0.0,,0.0,80,world,settled,True,0.05338997766375542,0.04382773041725159,0.046372438222169875,0.056438547310434795,body,world,0.04510008431971073,0.05293617993593216,0.16020291970263872,body,world,0.04901813212782145,0.05277793798595667,0.07390298913083261,body,world
stiff_none,calib,90494,False,False,,1.0,0.0,,0.0,79,world,settled,True,0.051927514374256134,0.05321357548236847,0.05974747613072395,0.11581340739431156,body,body,0.05648052580654621,0.0463729839771986,-0.19717885495477203,world,world,0.05142675489187241,0.05355282817035913,0.04051004891389615,body,world
stiff_none,calib,90495,False,False,,1.0,0.0,,0.0,75,world,settled,True,0.053439777344465256,0.048435062170028687,0.048351088911294936,-0.0017352333751494162,body,world,0.048393075540661815,0.045808163657784465,-0.05489441510638177,body,world,0.04710061959922314,0.052185903675854205,0.10252625798740264,body,world
stiff_none,calib,90496,False,False,,1.0,0.0,,0.0,76,world,settled,True,0.04997337982058525,0.04882001429796219,0.047850733250379564,-0.02005391611734055,body,world,0.048335373774170874,0.052377001568675044,0.08030392474171677,body,world,0.050356187671422956,0.04633520916104317,-0.08321937565684205,body,world
stiff_none,calib,90497,False,False,,1.0,0.0,,0.0,68,world,settled,True,0.04816053807735443,0.05160374194383621,0.044883277267217636,-0.13952890671309925,body,world,0.048243509605526924,0.05306518077850342,0.09525968115578311,body,world,0.05065434519201517,0.04880788084119558,-0.03713322313569467,body,world
stiff_none,calib,90498,False,False,,1.0,0.0,,0.0,70,world,settled,True,0.050408072769641876,0.055815184861421584,0.05813342183828354,0.04069478275356843,body,world,0.05697430334985256,0.04406016804277897,-0.25704419244158777,world,world,0.05051723569631576,0.050358662754297255,-0.0031439238721777947,body,world
stiff_none,calib,90499,False,False,,1.0,0.0,,0.0,79,world,settled,True,0.048652660101652145,0.05495361089706421,0.04946351796388626,-0.10525400408505217,body,world,0.05220856443047524,0.04491680227220059,-0.15043461081641366,body,world,0.04856268335133791,0.05184037759900093,0.06531393225357214,body,world
stiff_none,calib,90500,False,False,,1.0,0.0,,0.0,72,world,settled,True,0.051910530775785446,0.043336622416973114,0.04232828244566918,-0.02354258247204097,body,world,0.042832452431321145,0.045989811047911645,0.07112382334618159,body,world,0.044411131739616395,0.051930765807628634,0.15642125179821245,body,world
stiff_none,calib,90501,False,False,,1.0,0.0,,0.0,76,world,settled,True,0.05114921182394028,0.049671807885169984,0.04240640625357628,-0.15813808467553983,body,world,0.04603910706937313,0.048110289871692656,0.04400489188392343,body,world,0.047074698470532896,0.049704360216856,0.05435699075256932,body,world
stiff_none,calib,90502,False,False,,1.0,0.0,,0.0,76,world,settled,True,0.05119830369949341,0.04831693321466446,0.04409663900732994,-0.09139851681007796,body,world,0.0462067861109972,0.04783091582357883,0.03454553216025878,body,world,0.047018850967288014,0.05283568724989891,0.11663825157499862,body,world
stiff_none,calib,90503,False,False,,1.0,0.0,,0.0,63,world,settled,True,0.052235476672649384,0.044426603615283965,0.05167696848511696,0.15117372788449226,body,world,0.04805178605020046,0.049020207673311236,0.019953309207421076,body,world,0.048535996861755845,0.05152774062007666,0.059814589483436195,body,world
stiff_none,calib,90504,False,False,,1.0,0.0,,0.0,72,world,settled,True,0.05253119394183159,0.04399815574288368,0.05465113818645477,0.21682232313390112,body,world,0.049324646964669226,0.050696554407477376,0.02743405333045213,body,world,0.050010600686073305,0.05582272633910179,0.10994607185531564,body,body
stiff_none,calib,90505,False,False,,1.0,0.0,,0.0,75,world,settled,True,0.05289948731660843,0.04430934712290764,0.052079588174819946,0.16157743952251485,body,world,0.048194467648863794,0.05653741843998432,0.15965845682056948,body,world,0.05236594304442406,0.05699438117444515,0.08469624896580727,body,body
stiff_none,calib,90506,False,False,,1.0,0.0,,0.0,78,world,settled,True,0.05019637197256088,0.05004576146602631,0.045096364617347715,-0.1041361800761393,body,world,0.04757106304168701,0.054987968131899836,0.14488974297532747,body,world,0.051279515586793424,0.04995120745152235,-0.026244688126365108,body,world
stiff_none,calib,90507,False,False,,1.0,0.0,,0.0,72,world,settled,True,0.05107544735074043,0.049612484872341156,0.04731484279036522,-0.047418465855424544,body,world,0.048463663831353185,0.04683407880365849,-0.034203200304957306,body,world,0.047648871317505836,0.05036305896937847,0.05539900649246752,body,world
stiff_none,calib,90508,False,False,,1.0,0.0,,0.0,68,world,settled,True,0.05212167650461197,0.05603933706879616,0.04517243728041649,-0.2155667856346047,body,world,0.050605887174606325,0.04492932818830013,-0.11897714628773795,body,world,0.04776760768145323,0.0512519683688879,0.07040627826704882,body,world
stiff_none,calib,90509,False,False,,1.0,0.0,,0.0,69,world,settled,True,0.05229299142956734,0.05061693638563156,0.04756706431508064,-0.06214563587639383,body,world,0.0490920003503561,0.05291102416813374,0.07491561765379755,body,world,0.051001512259244916,0.050010834075510505,-0.01961562096045855,body,world
stiff_none,calib,90510,False,False,,1.0,0.0,,0.0,60,world,settled,True,0.051907140761613846,0.05022174939513206,0.05694341436028481,0.12560985647693199,body,world,0.05358258187770844,0.051381631568074224,-0.04194330419297293,body,world,0.05248210672289133,0.052339275181293485,-0.002725238446642905,body,world
stiff_none,calib,90511,False,False,,1.0,0.0,,0.0,67,world,settled,True,0.051088541746139526,0.051177342981100084,0.04750571623444557,-0.0744468686263409,body,world,0.04934152960777283,0.04573596902191639,-0.07588105535667534,body,world,0.04753874931484461,0.050223508477211,0.05493805991360664,body,world
stiff_none,calib,90512,False,False,,1.0,0.0,,0.0,65,world,settled,True,0.05106189846992493,0.05729081705212593,0.04208152592182159,-0.30853151983445304,body,world,0.04968617148697376,0.05458856225013733,0.0940977235200784,body,world,0.052137366868555544,0.04677121546119452,-0.10861394659951258,body,world
stiff_none,calib,90513,False,False,,1.0,0.0,,0.0,79,world,settled,True,0.04894773289561272,0.056663183867931365,0.05024910047650337,-0.12013203952533165,body,world,0.05345614217221737,0.050321952998638154,-0.06042012200513719,body,world,0.05188904758542776,0.04807449653744698,-0.07635591973953595,body,world
stiff_none,calib,90514,False,False,,1.0,0.0,,0.0,62,world,settled,True,0.05069525167346001,0.03722386732697487,0.04941133558750153,0.2832297128484764,body,world,0.043317601457238196,0.04782574772834778,0.09900509730263017,body,world,0.04557167459279299,0.048502455838024615,0.0623280801941531,body,world
stiff_none,calib,90515,False,False,,1.0,0.0,,0.0,75,world,settled,True,0.0501091368496418,0.05053042322397232,0.05093953534960747,0.00806375302069662,body,world,0.0507349792867899,0.05195708498358727,0.023802489597768928,body,world,0.05134603213518858,0.052302980609238145,0.018465697654144936,body,world
stiff_none,calib,90516,False,False,,1.0,0.0,,0.0,71,world,settled,True,0.05027220398187637,0.0533809132874012,0.06327195018529892,0.16998885290817833,body,body,0.05832643173635006,0.05402073599398136,-0.0766873924209869,body,world,0.05617358386516571,0.050901679508388045,-0.09855068916315275,body,world
stiff_none,calib,90517,False,False,,1.0,0.0,,0.0,77,world,settled,True,0.05277711898088455,0.048498906940221784,0.04737406149506569,-0.023466407298625973,body,world,0.04793648421764374,0.05377193465828896,0.11487478124913442,body,world,0.05085420943796635,0.04955521821975708,-0.025875333106593807,body,world
stiff_none,calib,90518,False,False,,1.0,0.0,,0.0,72,world,settled,True,0.04923633858561516,0.05271339863538742,0.04905926883220672,-0.07184053161181882,body,world,0.05088633373379707,0.05367487147450447,0.053350554202645645,body,world,0.052280602604150773,0.049249805882573126,-0.059719989025580573,body,world
stiff_none,calib,90519,False,False,,1.0,0.0,,0.0,76,world,settled,True,0.05234907194972038,0.04489299356937408,0.054936382174491885,0.2018940906700334,body,world,0.04991468787193298,0.04419317357242107,-0.12174497248400261,body,world,0.04705393072217703,0.052804119512438775,0.11529480268515278,body,world
stiff_none,calib,90520,False,False,,1.0,0.0,,0.0,76,world,settled,True,0.04919259250164032,0.0575797826051712,0.043390681594610216,-0.28292680139887605,body,world,0.05048523209989071,0.05541623905301094,0.09319181465271674,body,world,0.05295073557645082,0.04690465964376926,-0.12124494059476512,body,world
stiff_none,calib,90521,False,False,,1.0,0.0,,0.0,64,world,settled,True,0.047030724585056305,0.05487350970506668,0.0415050059556961,-0.27921666763187164,body,world,0.048189257830381395,0.0510444637387991,0.05756096128147417,body,world,0.049616860784590246,0.046962589211761954,-0.054979400602655146,body,world
stiff_none,calib,90522,False,False,,1.0,0.0,,0.0,80,world,settled,True,0.050047922879457474,0.05408502072095871,0.046770314872264865,-0.14530856212998766,body,world,0.050427667796611786,0.051880714297294614,0.028407138942725618,body,world,0.0511541910469532,0.05014638770371675,-0.01989794346533918,body,world
stiff_none,calib,90523,False,False,,1.0,0.0,,0.0,64,world,settled,True,0.050541024655103683,0.05804648473858833,0.042189760506153105,-0.31906660099284956,body,world,0.05011812262237072,0.05047300197184086,0.00705590723298255,body,world,0.050295562297105786,0.048294171877205375,-0.04060596019433811,body,world
stiff_none,calib,90524,False,False,,1.0,0.0,,0.0,60,world,settled,True,0.04993652552366257,0.0453296110033989,0.054060176759958264,0.17613732706494534,body,world,0.04969489388167858,0.05039488524198532,0.013987497608235666,body,world,0.05004488956183195,0.05175200598314404,0.03354280046223368,body,world
stiff_none,calib,90525,False,False,,1.0,0.0,,0.0,74,world,settled,True,0.05353499576449394,0.048928899317979814,0.051941946148872375,0.05975846469228466,body,world,0.05043542273342609,0.04702852666378021,-0.06993939233556948,body,world,0.04873197469860315,0.05258417911827564,0.07607991798471858,body,world
stiff_none,calib,90526,False,False,,1.0,0.0,,0.0,64,world,settled,True,0.04901973530650139,0.05079078376293182,0.04588803872466087,-0.10151042726399123,body,world,0.04833941124379635,0.05023865662515163,0.038537586935132914,body,world,0.049289033934473994,0.04733813088387251,-0.040385500401573834,body,world
stiff_none,calib,90527,False,False,,1.0,0.0,,0.0,77,world,settled,True,0.051382504403591156,0.053163628280162814,0.052308862656354906,-0.01620866881728384,body,world,0.052736245468258856,0.04484712332487106,-0.16204354240417804,body,world,0.04879168439656496,0.050325381197035314,0.030949649572943924,body,world
stiff_none,calib,90528,False,False,,1.0,0.0,,0.0,69,world,settled,True,0.04807461425662041,0.0506611742079258,0.05058007314801216,-0.0016021350858365468,body,world,0.050620623677968976,0.05108192227780819,0.009071587323540702,body,world,0.050851272977888586,0.04574254285544157,-0.10587637542063785,body,world
stiff_none,calib,90529,False,False,,1.0,0.0,,0.0,61,world,settled,True,0.051008641719818115,0.05330052748322487,0.047248749434947966,-0.12052004101433834,body,world,0.05027463845908642,0.047749003022909166,-0.05154255675916244,body,world,0.04901182074099779,0.05311466827988624,0.08039162026433738,body,world
