config,cell,seed,has_body,has_push,param,factor,torque,duration_name,offset_s,onset,old_verdict,old_path,old_settled,old_settled_score,early_10,late_10,logr_10,shape_10,shape_elev_10,early_20,late_20,logr_20,shape_20,shape_elev_20,early_40,late_40,logr_40,shape_40,shape_elev_40
medium_medium,neither,90000,False,False,,1.0,0.0,,0.0,79,alarm,persistent,False,nan,0.12132879793643951,0.17098877280950547,0.34309369963717606,body,world,0.1461587853729725,0.14153872914612292,-0.0321202179331383,body,world,0.1438487572595477,0.11371775567531586,-0.2350428997629223,body,world
medium_medium,neither,90001,False,False,,1.0,0.0,,0.0,75,alarm,persistent,False,nan,0.1251687802374363,0.08839962482452393,-0.3477953428768135,body,world,0.10678420253098012,0.06711673773825169,-0.4643765416539802,body,world,0.0869504701346159,0.10432029962539673,0.18212732261090478,body,world
medium_medium,neither,90002,False,False,,1.0,0.0,,0.0,65,alarm,persistent,False,nan,0.07358529567718505,0.1949886977672577,0.9744963779361001,body,world,0.13428699672222139,0.08887689430266618,-0.41272707409062653,body,world,0.11158194551244378,0.18004134204238653,0.47842724423419625,body,body
medium_medium,neither,90003,False,False,,1.0,0.0,,0.0,61,alarm,persistent,False,nan,0.1572425752878189,0.11304615885019302,-0.32999345778529526,body,world,0.13514436706900596,0.09867699593305587,-0.31449174406201186,body,world,0.11691068150103093,0.13275461210869252,0.12709216505260573,body,world
medium_medium,neither,90004,False,False,,1.0,0.0,,0.0,76,alarm,persistent,False,nan,0.20608893781900406,0.13017544187605382,-0.4594247190831605,body,world,0.16813218984752892,0.135007999278605,-0.21941648373549894,body,world,0.15157009456306697,0.09299494824372231,-0.48850301661586626,body,world
medium_medium,neither,90005,False,False,,1.0,0.0,,0.0,79,alarm,persistent,False,nan,0.22747694030404092,0.12616156339645385,-0.5894855372024096,body,world,0.17681925185024738,0.14594267532229424,-0.19191412500278202,body,world,0.1613809635862708,0.142958749178797,-0.12121168195350678,body,world
medium_medium,neither,90006,False,False,,1.0,0.0,,0.0,74,alarm,persistent,False,nan,0.10071867071092129,0.11988251730799675,0.17418104901035214,body,world,0.11030059400945902,0.07044043773785233,-0.4484418136984519,body,world,0.09037051587365567,0.11380793522112072,0.2305941864376113,body,world
medium_medium,neither,90007,False,False,,1.0,0.0,,0.0,79,alarm,persistent,False,nan,0.10527141056954861,0.0632084485143423,-0.5101039064702315,body,world,0.08423992954194545,0.1514039097353816,0.5862821331208735,body,world,0.11782191963866354,0.10519570496398956,-0.11335185680712594,body,world
medium_medium,neither,90008,False,False,,1.0,0.0,,0.0,62,alarm,persistent,False,nan,0.10331817418336868,0.2012113779783249,0.6665426906166547,body,body,0.1522647760808468,0.13233228828758,-0.14030485839823906,body,world,0.1422985321842134,0.12374664666131138,-0.13969088670856186,body,world
medium_medium,neither,90009,False,False,,1.0,0.0,,0.0,74,alarm,persistent,False,nan,0.19195574820041655,0.14819117821753025,-0.2587616824480564,body,world,0.1700734632089734,0.13713575880974532,-0.21525910484143634,body,world,0.15360461100935935,0.10909807770512998,-0.3421345667393885,body,world
medium_medium,neither,90010,False,False,,1.0,0.0,,0.0,72,alarm,persistent,False,nan,0.08490036316215992,0.06382865086197853,-0.2852762082171648,body,world,0.07436450701206923,0.0735614072997123,-0.010858240851521319,body,world,0.07396295715589077,0.12685437654145063,0.5394753982582331,body,world
medium_medium,neither,90011,False,False,,1.0,0.0,,0.0,71,alarm,persistent,False,nan,0.08640792593359947,0.11511834636330605,0.28688129107026494,body,world,0.10076313614845275,0.1483124928548932,0.38654891008489556,body,world,0.12453781450167298,0.11103654252365232,-0.1147500416662169,body,world
medium_medium,neither,90012,False,False,,1.0,0.0,,0.0,62,alarm,persistent,False,nan,0.09212972037494183,0.1006972000002861,0.08892040597614216,body,world,0.09641346018761396,0.07302042823284864,-0.277906579564606,body,world,0.08471694421023131,0.12309319190680981,0.3736260949152926,body,world
medium_medium,neither,90013,False,False,,1.0,0.0,,0.0,68,alarm,persistent,False,nan,0.1753533724695444,0.08770057484507561,-0.6928747551576547,body,world,0.13152697365731,0.09511067299172282,-0.32417076105280185,body,world,0.11331882332451641,0.10673385579138994,-0.059866884388622275,body,world
medium_medium,neither,90014,False,False,,1.0,0.0,,0.0,80,alarm,persistent,False,nan,0.0863022118806839,0.09892699159681798,0.13652689156389816,body,world,0.09261460173875094,0.1288052774965763,0.32985497179853346,body,world,0.11070993961766362,0.11711772996932268,0.05626604347136511,body,world
medium_medium,neither,90015,False,False,,1.0,0.0,,0.0,76,alarm,persistent,False,nan,0.025229384284466506,0.074551772326231,1.0834844563349275,body,world,0.04989057830534875,0.0643719533458352,0.254845857783043,body,world,0.057131265825591984,0.09674918511882424,0.5267703799058895,body,world
medium_medium,neither,90016,False,False,,1.0,0.0,,0.0,76,alarm,persistent,False,nan,0.11007707715034484,0.08014144822955131,-0.3173876454931733,body,world,0.09510926268994808,0.14103405526839197,0.3939750236594528,body,world,0.11807165897917002,0.11826467600185424,0.0016334099927062353,body,world
medium_medium,neither,90017,False,False,,1.0,0.0,,0.0,74,alarm,persistent,False,nan,0.15544986352324486,0.1107371762394905,-0.33916364649962666,body,world,0.1330935198813677,0.14822908621281386,0.10770691872377422,body,world,0.14066130304709076,0.13324935124255716,-0.05413270033362224,body,world
medium_medium,neither,90018,False,False,,1.0,0.0,,0.0,66,alarm,persistent,False,nan,0.1158993098884821,0.24208554327487947,0.7365693523449841,body,body,0.17899242658168077,0.23360821455717087,0.26630192004604825,body,body,0.20630032056942582,0.14519040733575822,-0.3512869389477329,body,world
medium_medium,neither,90019,False,False,,1.0,0.0,,0.0,66,alarm,persistent,False,nan,0.16685063540935516,0.14962215572595597,-0.10898585911004757,body,world,0.15823639556765556,0.1180625288747251,-0.2928756995187087,body,world,0.13814946222119034,0.10033645820803941,-0.31980703811876854,body,world
medium_medium,neither,90020,False,False,,1.0,0.0,,0.0,73,alarm,persistent,False,nan,0.15556321963667868,0.06603005193173886,-0.8569422354531784,world,world,0.11079663578420877,0.10843015844002366,-0.021590146191354014,body,world,0.10961339711211622,0.12769073974341155,0.15265164122773153,body,world
medium_medium,neither,90021,False,False,,1.0,0.0,,0.0,74,alarm,persistent,False,nan,0.16221072040498258,0.13998427726328372,-0.14736612219906647,body,world,0.15109749883413315,0.15609113280661405,0.03251470524627607,body,world,0.15359431582037358,0.11834182348102332,-0.26073756769052403,body,world
medium_medium,neither,90022,False,False,,1.0,0.0,,0.0,66,alarm,persistent,False,nan,0.13504936471581458,0.1501530610024929,0.10601480435750418,body,world,0.14260121285915375,0.12272695489227772,-0.1500900044035592,body,world,0.13266408387571574,0.1248598082922399,-0.060628673902608156,body,world
medium_medium,neither,90023,False,False,,1.0,0.0,,0.0,75,alarm,persistent,False,nan,0.10466130673885346,0.08363687247037888,-0.22424500531631877,body,world,0.09414908960461617,0.0731808706652373,-0.2519455283245571,body,world,0.08366498013492674,0.11846413430757821,0.3477897581814776,body,world
medium_medium,neither,90024,False,False,,1.0,0.0,,0.0,73,alarm,persistent,False,nan,0.13547069467604161,0.10345407240092755,-0.2696275721723422,body,world,0.11946238353848457,0.09895901288837194,-0.1882957865328344,body,world,0.10921069821342826,0.10680564162321389,-0.022268278181252862,body,world
medium_medium,neither,90025,False,False,,1.0,0.0,,0.0,68,alarm,persistent,False,nan,0.10776267945766449,0.16315689012408258,0.41478085714199864,body,world,0.13545978479087353,0.10989718288183212,-0.20912957744454527,body,world,0.12267848383635283,0.15745271947234868,0.2495582388888593,body,world
medium_medium,neither,90026,False,False,,1.0,0.0,,0.0,73,alarm,persistent,False,nan,0.17833974510431289,0.08269357830286025,-0.7685484629323934,body,world,0.13051666170358658,0.08421075530350208,-0.4381782462156054,body,world,0.10736370850354433,0.10360134895890952,-0.03567186474050145,body,world
medium_medium,neither,90027,False,False,,1.0,0.0,,0.0,61,alarm,persistent,False,nan,0.1685286767780781,0.06141107194125652,-1.0095157802332124,world,world,0.1149698743596673,0.1006775690242648,-0.13274710754722546,body,world,0.10782372169196605,0.11212849779985845,0.03914782836381844,body,world
medium_medium,neither,90028,False,False,,1.0,0.0,,0.0,71,alarm,persistent,False,nan,0.0847677994519472,0.20739043056964873,0.8946874075175459,body,body,0.14607911501079798,0.10651912298053504,-0.3158238310445618,body,world,0.1262991189956665,0.11299568188842386,-0.11130344923712933,body,world
medium_medium,neither,90029,False,False,,1.0,0.0,,0.0,60,alarm,persistent,False,nan,0.17677488178014755,0.13550777062773706,-0.2658480822495822,body,world,0.1561413262039423,0.12750131310895085,-0.20263487090167884,body,world,0.14182131965644657,0.09298838288523256,-0.42209338284492876,body,world
medium_medium,neither,90030,False,False,,1.0,0.0,,0.0,72,alarm,persistent,False,nan,0.1123237319290638,0.17171440906822683,0.424447518817253,body,world,0.14201907049864532,0.08771778484806418,-0.48183667716936474,body,world,0.11486842767335474,0.1443415225483477,0.22839480975032234,body,world
medium_medium,neither,90031,False,False,,1.0,0.0,,0.0,65,alarm,persistent,False,nan,0.05434321574866772,0.11735340058803559,0.7698701195009546,body,world,0.08584830816835165,0.1018719470128417,0.17113472282398098,body,world,0.09386012759059667,0.0866134264273569,-0.08035082660885058,body,world
medium_medium,neither,90032,False,False,,1.0,0.0,,0.0,78,alarm,persistent,False,nan,0.09178837276995182,0.17283426262438298,0.6328474844663321,body,world,0.1323113176971674,0.17494600620120765,0.27931977715331585,body,world,0.1536286619491875,0.11754562249407172,-0.2677118697677435,body,world
medium_medium,neither,90033,False,False,,1.0,0.0,,0.0,74,alarm,persistent,False,nan,0.18333822786808013,0.15500953271985055,-0.16784607021778877,body,world,0.16917388029396535,0.15995034128427504,-0.05606366338374876,body,world,0.1645621107891202,0.12039781673811376,-0.3124866728228119,body,world
medium_medium,neither,90034,False,False,,1.0,0.0,,0.0,63,alarm,persistent,False,nan,0.14187790155410768,0.2392616406083107,0.5225908442204232,body,body,0.19056977108120918,0.16072862558066844,-0.17030099246942865,body,world,0.1756491983309388,0.15976170655339955,-0.09480544365518136,body,body
medium_medium,neither,90035,False,False,,1.0,0.0,,0.0,66,alarm,persistent,False,nan,0.15434040129184723,0.09248622432351113,-0.5121008538814656,body,world,0.12341331280767917,0.11892009414732456,-0.03708719920504875,body,world,0.12116670347750187,0.08848580601625144,-0.3143251569548985,body,world
medium_medium,neither,90036,False,False,,1.0,0.0,,0.0,61,alarm,persistent,False,nan,0.16240084618330003,0.14215176589787007,-0.13317237740461613,body,world,0.15227630604058504,0.12107458356767893,-0.22928992471485832,body,world,0.136675444804132,0.12154127275571228,-0.11735520068121061,body,world
medium_medium,neither,90037,False,False,,1.0,0.0,,0.0,69,alarm,persistent,False,nan,0.17004968076944352,0.1266790509223938,-0.2944339044637243,body,world,0.14836436584591867,0.16759060211479665,0.12185293360786792,body,world,0.15797748398035766,0.09190134867094457,-0.5417368117462359,body,world
medium_medium,neither,90038,False,False,,1.0,0.0,,0.0,63,alarm,persistent,False,nan,0.11079339943826198,0.10218195989727974,-0.08091205613247802,body,world,0.10648767966777087,0.12275842167437076,0.14218907807947584,body,world,0.11462305067107081,0.11771522993221879,0.026619477799963036,body,world
medium_medium,neither,90039,False,False,,1.0,0.0,,0.0,63,alarm,persistent,False,nan,0.1882564015686512,0.22600244581699372,0.18274094963422446,body,body,0.20712942369282245,0.1036582738161087,-0.6922441728578212,world,world,0.15539384875446557,0.09160852087661624,-0.5284385638212827,body,world
medium_medium,neither,90040,False,False,,1.0,0.0,,0.0,66,alarm,persistent,False,nan,0.1407803364098072,0.07697495520114898,-0.6037206659725867,body,world,0.1088776458054781,0.11943871863186359,0.09257868885034033,body,world,0.11415818221867084,0.13404281898401676,0.16057424362446793,body,world
medium_medium,neither,90041,False,False,,1.0,0.0,,0.0,71,alarm,persistent,False,nan,0.17469776272773743,0.09737006947398186,-0.5845385421958977,body,world,0.13603391610085963,0.07547991806641222,-0.5890376027406858,body,world,0.10575691708363592,0.14897912642918526,0.3426629794908975,body,world
medium_medium,neither,90042,False,False,,1.0,0.0,,0.0,64,alarm,persistent,False,nan,0.09926232397556305,0.10570030212402344,0.06284166829118434,body,world,0.10248131304979324,0.09572489280253649,-0.0682020927337409,body,world,0.09910310292616487,0.13652945014182477,0.3203795914017081,body,world
medium_medium,neither,90043,False,False,,1.0,0.0,,0.0,79,alarm,persistent,False,nan,0.1347470534965396,0.16351936161518096,0.19353205988591124,body,world,0.1491332075558603,0.1077901472337544,-0.3246536612740747,body,world,0.12846167739480735,0.09502969458699226,-0.30144121210594704,body,world
medium_medium,neither,90044,False,False,,1.0,0.0,,0.0,65,alarm,persistent,False,nan,0.11388630643486977,0.09384291097521782,-0.193578414286565,body,world,0.1038646087050438,0.0949891289230436,-0.08932575897410926,body,world,0.0994268688140437,0.12105231806635856,0.19680044572504168,body,world
medium_medium,neither,90045,False,False,,1.0,0.0,,0.0,64,alarm,persistent,False,nan,0.20607356429100038,0.13499869555234909,-0.42296809743380614,body,world,0.17053612992167472,0.1005603845231235,-0.5281887918811659,body,world,0.1355482572223991,0.1202241231687367,-0.1199700248942354,body,world
medium_medium,neither,90046,False,False,,1.0,0.0,,0.0,73,alarm,persistent,False,nan,0.12677777968347073,0.09574070163071155,-0.28079227511883553,body,world,0.11125924065709114,0.07056247722357512,-0.45536446055697016,body,world,0.09091085894033313,0.08872634833678603,-0.02432255911326696,body,world
medium_medium,neither,90047,False,False,,1.0,0.0,,0.0,66,alarm,persistent,False,nan,0.11175579354166984,0.19052944034337999,0.5334906491880621,body,world,0.1511426169425249,0.15269571356475353,0.010223266738335181,body,world,0.15191916525363922,0.1454677007161081,-0.043394498081567305,body,world
medium_medium,neither,90048,False,False,,1.0,0.0,,0.0,76,alarm,persistent,False,nan,0.13416001945734024,0.07840814311057329,-0.5371054743768703,body,world,0.10628408128395676,0.1548458844423294,0.37631480696478736,body,world,0.13056498286314308,0.13384776255115866,0.02483199793560647,body,world
medium_medium,neither,90049,False,False,,1.0,0.0,,0.0,76,alarm,persistent,False,nan,0.08448163978755474,0.12915933039039373,0.42451253140106543,body,world,0.10682048508897424,0.13307609520852565,0.2197713929520421,body,world,0.11994829014874994,0.09801188088022172,-0.20197202969019024,body,world
medium_medium,neither,90050,False,False,,1.0,0.0,,0.0,60,alarm,persistent,False,nan,0.17506174109876155,0.13445323556661606,-0.2639222703517986,body,world,0.15475748833268882,0.09848726987838745,-0.4519320002533993,body,world,0.12662237910553814,0.11136597152799368,-0.12838744549057818,body,world
medium_medium,neither,90051,False,False,,1.0,0.0,,0.0,76,alarm,persistent,False,nan,0.09382516760379075,0.0833359058946371,-0.11855363191089074,body,world,0.08858053674921393,0.11790807102806866,0.28599310379520626,body,world,0.1032443038886413,0.15016885427758098,0.37466229398982287,body,world
medium_medium,neither,90052,False,False,,1.0,0.0,,0.0,68,alarm,persistent,False,nan,0.18653080016374587,0.10995803475379944,-0.5284975830157262,body,world,0.14824441745877265,0.10176124172285199,-0.37623307892172114,body,world,0.12500282959081233,0.11237089312635362,-0.1065314277989925,body,world
medium_medium,neither,90053,False,False,,1.0,0.0,,0.0,72,alarm,persistent,False,nan,0.12008735490962863,0.09342886060476303,-0.2510191379745726,body,world,0.10675810775719582,0.0972262860275805,-0.09352449282302837,body,world,0.10199219689238817,0.12474638186395168,0.20138642181355623,body,world
medium_medium,neither,90054,False,False,,1.0,0.0,,0.0,65,alarm,persistent,False,nan,0.10436608493328095,0.12959824819117785,0.21653450107326247,body,world,0.1169821665622294,0.11124238651245832,-0.05031001777377246,body,world,0.11411227653734386,0.15694450498558582,0.3187094258101243,body,world
medium_medium,neither,90055,False,False,,1.0,0.0,,0.0,68,alarm,persistent,False,nan,0.09074786603450775,0.15642082840204238,0.5444650350732336,body,world,0.12358434721827508,0.1197784406132996,-0.031280188380465826,body,world,0.12168139391578733,0.11299770586192608,-0.07403858707270251,body,world
medium_medium,neither,90056,False,False,,1.0,0.0,,0.0,68,alarm,persistent,False,nan,0.08043103292584419,0.139179340749979,0.5483632393555102,body,world,0.1098051868379116,0.1389253694564104,0.23522911163651175,body,world,0.124365278147161,0.12832600534893573,0.031350916039519894,body,world
medium_medium,neither,90057,False,False,,1.0,0.0,,0.0,76,alarm,persistent,False,nan,0.1395698431879282,0.2176170527935028,0.44417173554557593,body,body,0.1785934479907155,0.12217950578778983,-0.37962066012549534,body,world,0.15038647688925266,0.1220163079444319,-0.20905378569735925,body,world
medium_medium,neither,90058,False,False,,1.0,0.0,,0.0,61,alarm,persistent,False,nan,0.13460636883974075,0.11551787108182907,-0.15292948690587502,body,world,0.12506211996078492,0.1731306047178805,0.32523567669426284,body,world,0.1490963623393327,0.10576850892975927,-0.34333999606546695,body,world
medium_medium,neither,90059,False,False,,1.0,0.0,,0.0,62,alarm,persistent,False,nan,0.14522897265851498,0.1705026850104332,0.1604394257596929,body,world,0.1578658288344741,0.12467524213716388,-0.23603319409635193,body,world,0.14127053548581897,0.10915436828508973,-0.25791364029927233,body,world
medium_medium,neither,90060,False,False,,1.0,0.0,,0.0,62,alarm,persistent,False,nan,0.0955067366361618,0.19093620628118516,0.6927425880372717,body,world,0.14322147145867348,0.13690191749483346,-0.045127444907764123,body,world,0.14006169447675348,0.12203804338350892,-0.1377501732381796,body,world
medium_medium,neither,90061,False,False,,1.0,0.0,,0.0,80,alarm,persistent,False,nan,0.09250867292284966,0.20641801357269288,0.8026009034094922,body,body,0.14946334324777127,0.14825162664055824,-0.008140157000321856,body,world,0.14885748494416476,0.10358456233516336,-0.3626010648316444,body,world
medium_medium,neither,90062,False,False,,1.0,0.0,,0.0,66,alarm,persistent,False,nan,0.24080116897821427,0.11562409028410911,-0.7336272399950456,body,world,0.1782126296311617,0.11185440141707659,-0.4657793476454019,body,world,0.14503351552411914,0.12007170198485255,-0.18887577637657854,body,world
medium_medium,neither,90063,False,False,,1.0,0.0,,0.0,62,alarm,persistent,False,nan,0.10137489028275012,0.09408174753189087,-0.07466137120986635,body,world,0.0977283189073205,0.14265357181429864,0.3782277435484317,body,world,0.12019094536080957,0.13450537174940108,0.11252244741490562,body,world
medium_medium,neither,90064,False,False,,1.0,0.0,,0.0,72,alarm,persistent,False,nan,0.16433866322040558,0.17924752384424208,0.08683834716667085,body,world,0.17179309353232383,0.14649096857756377,-0.15932702949324345,body,world,0.1591420310549438,0.1331352960318327,-0.17843120600360785,body,world
medium_medium,neither,90065,False,False,,1.0,0.0,,0.0,63,alarm,persistent,False,nan,0.16282303612679244,0.09085270985960961,-0.5834243208675018,body,world,0.126837872993201,0.13539861254394053,0.06531343301718573,body,world,0.1311182427685708,0.09570843097753823,-0.31479314007435116,body,world
medium_medium,neither,90066,False,False,,1.0,0.0,,0.0,61,alarm,persistent,False,nan,0.1167192792519927,0.07586996220052242,-0.43075087804216267,body,world,0.09629462072625757,0.08892181692644954,-0.07965493554530582,body,world,0.09260821882635355,0.1053126678802073,0.12855582072248478,body,world
medium_medium,neither,90067,False,False,,1.0,0.0,,0.0,71,alarm,persistent,False,nan,0.11421507224440575,0.18611023519188166,0.4882558908426304,body,world,0.1501626537181437,0.12768033966422082,-0.16218927075023015,body,world,0.13892149669118226,0.11267960881814361,-0.20936053019634907,body,world
medium_medium,neither,90068,False,False,,1.0,0.0,,0.0,76,alarm,persistent,False,nan,0.10891199745237827,0.05975700505077839,-0.6002537700308372,body,world,0.08433450125157833,0.12657524459064007,0.4060459014348131,body,world,0.1054548729211092,0.12119916696101427,0.13915208376903632,body,world
medium_medium,neither,90069,False,False,,1.0,0.0,,0.0,70,alarm,persistent,False,nan,0.09985559582710266,0.13886468298733234,0.3297748546539225,body,world,0.1193601394072175,0.1526956928893924,0.24630170105979676,body,world,0.13602791614830495,0.105334681738168,-0.25571740431968293,body,world
medium_medium,neither,90070,False,False,,1.0,0.0,,0.0,76,alarm,persistent,False,nan,0.13180008307099342,0.12825377471745014,-0.02727533623639721,body,world,0.1300269288942218,0.19443394318223,0.4023509072874323,body,world,0.1622304360382259,0.1261146658565849,-0.251826229605632,body,world
medium_medium,neither,90071,False,False,,1.0,0.0,,0.0,77,alarm,persistent,False,nan,0.09312366936355829,0.07090951688587666,-0.2725237336520209,body,world,0.08201659312471747,0.09433873547241092,0.13997029185476684,body,world,0.08817766429856419,0.11148424735292792,0.23452960987639912,body,world
medium_medium,neither,90072,False,False,,1.0,0.0,,0.0,70,alarm,persistent,False,nan,0.11247345991432667,0.0924342479556799,-0.19621972309493102,body,world,0.10245385393500328,0.12688977569341658,0.21390630998921914,body,world,0.11467181481420993,0.1391224185936153,0.19327999050737532,body,world
medium_medium,neither,90073,False,False,,1.0,0.0,,0.0,80,alarm,persistent,False,nan,0.1436275914311409,0.07948866635560989,-0.5916093291100453,body,world,0.1115581288933754,0.12800682932138444,0.1375378261509555,body,world,0.11978247910737991,0.16035848744213582,0.2917344316706492,body,body
medium_medium,neither,90074,False,False,,1.0,0.0,,0.0,67,alarm,persistent,False,nan,0.0773167410865426,0.08574491664767266,0.10346629814954884,body,world,0.08153082886710764,0.1375034362077713,0.5226676903668729,body,world,0.10951713253743947,0.11144756423309446,0.017473205802537143,body,world
medium_medium,neither,90075,False,False,,1.0,0.0,,0.0,71,alarm,persistent,False,nan,0.18642582520842552,0.1164567932486534,-0.47051310909711835,body,world,0.15144130922853946,0.09063233472406865,-0.5133871072740134,body,world,0.12103682197630405,0.0744483251357451,-0.4859895507771716,body,world
medium_medium,neither,90076,False,False,,1.0,0.0,,0.0,75,alarm,persistent,False,nan,0.1330025650560856,0.10314074456691742,-0.2542739065822042,body,world,0.1180716548115015,0.0784661193843931,-0.40862475290942424,body,world,0.0982688870979473,0.10480952123180032,0.06443715184049124,body,world
medium_medium,neither,90077,False,False,,1.0,0.0,,0.0,63,alarm,persistent,False,nan,0.11904600486159325,0.10205779112875461,-0.1539707813460564,body,world,0.11055189799517393,0.12188548389822244,0.09759687153299382,body,world,0.11621869094669819,0.10826316345483064,-0.07090872115950464,body,world
medium_medium,neither,90078,False,False,,1.0,0.0,,0.0,63,alarm,persistent,False,nan,0.1107690766453743,0.07100090831518173,-0.444754973580558,body,world,0.09088499248027801,0.11627652728930116,0.24637632184542463,body,world,0.10358075988478958,0.11087085623294116,0.06801446942914624,body,world
medium_medium,neither,90079,False,False,,1.0,0.0,,0.0,64,alarm,persistent,False,nan,0.14657176658511162,0.07723576575517654,-0.6406525460783794,body,world,0.11190376617014408,0.10020161010324954,-0.110455013904795,body,world,0.10605268813669681,0.15245836209505798,0.36295549481118217,body,world
medium_medium,neither,90080,False,False,,1.0,0.0,,0.0,78,alarm,persistent,False,nan,0.09904408678412438,0.07809953093528747,-0.2375810211829792,body,world,0.08857180885970592,0.12508614780381322,0.34518905980372205,body,world,0.10682897833175957,0.12307173451408744,0.14153817038824765,body,world
medium_medium,neither,90081,False,False,,1.0,0.0,,0.0,79,alarm,persistent,False,nan,0.08819041182287038,0.1272930048406124,0.36699330624979287,body,world,0.10774170833174139,0.15804156633093952,0.3831213032867586,body,world,0.13289163733134046,0.10827540326863527,-0.20485602764077696,body,world
medium_medium,neither,90082,False,False,,1.0,0.0,,0.0,76,alarm,persistent,False,nan,0.186503579467535,0.09271577820181846,-0.6989117665275298,body,world,0.13960967883467673,0.12163546103984117,-0.1378219731389655,body,world,0.13062256993725896,0.10897269770503044,-0.1812146481114196,body,world
medium_medium,neither,90083,False,False,,1.0,0.0,,0.0,74,alarm,persistent,False,nan,0.15268532186746597,0.08773508779704571,-0.5540571753494272,body,world,0.12021020483225583,0.13864341005682945,0.1426633243226794,body,world,0.12942680744454266,0.10540728464256972,-0.2052837799042538,body,world
medium_medium,neither,90084,False,False,,1.0,0.0,,0.0,73,alarm,persistent,False,nan,0.14107008874416352,0.07922146851196885,-0.5770095210064817,body,world,0.11014577862806618,0.08808266408741475,-0.22352901048420756,body,world,0.09911422135774046,0.10765066994354129,0.08261851097662298,body,world
medium_medium,neither,90085,False,False,,1.0,0.0,,0.0,72,alarm,persistent,False,nan,0.15280183255672455,0.0882164929062128,-0.5493479298998062,body,world,0.12050916273146868,0.14092604629695415,0.15650946912987926,body,world,0.1307176045142114,0.10974756159121171,-0.17485647176337044,body,world
medium_medium,neither,90086,False,False,,1.0,0.0,,0.0,63,alarm,persistent,False,nan,0.08350254520773888,0.1610206127166748,0.6566552731634646,body,world,0.12226157896220684,0.11707066763192416,-0.04338508998790826,body,world,0.1196661232970655,0.13356008128030225,0.10984586452615608,body,world
medium_medium,neither,90087,False,False,,1.0,0.0,,0.0,66,alarm,persistent,False,nan,0.08365025073289871,0.15643865168094634,0.6260195062556545,body,world,0.12004445120692253,0.12114066099748015,0.009090257098369397,body,world,0.12059255610220135,0.11168314716778696,-0.07675173968141938,body,world
medium_medium,neither,90088,False,False,,1.0,0.0,,0.0,75,alarm,persistent,False,nan,0.12925071120262147,0.09706217795610428,-0.28640223290712535,body,world,0.11315644457936287,0.17128509618341922,0.4145580708338133,body,world,0.14222077038139105,0.13752476549707354,-0.03357655767522533,body,world
medium_medium,neither,90089,False,False,,1.0,0.0,,0.0,62,alarm,persistent,False,nan,0.13011539429426194,0.11386913657188416,-0.13337184092997634,body,world,0.12199226543307304,0.14339167810976505,0.16162224914025314,body,world,0.13269197177141906,0.1579322795616463,0.17413589035495305,body,world
medium_medium,neither,90090,False,False,,1.0,0.0,,0.0,68,alarm,persistent,False,nan,0.09151270762085914,0.0980866014957428,0.06937293343895343,body,world,0.09479965455830097,0.10597984157502652,0.11148313685167038,body,world,0.10038974806666374,0.12896503913216292,0.25048126199710075,body,world
medium_medium,neither,90091,False,False,,1.0,0.0,,0.0,77,alarm,persistent,False,nan,0.07006921730935574,0.12195768766105175,0.5541905899307825,body,world,0.09601345248520374,0.13571077552624047,0.346037658956546,body,world,0.1158621140057221,0.14449166990816592,0.2208210464858774,body,world
medium_medium,neither,90092,False,False,,1.0,0.0,,0.0,68,alarm,persistent,False,nan,0.12707819677889348,0.1476640606066212,0.15013721331151914,body,world,0.13737112869275733,0.14811333138495683,0.07529150158000791,body,world,0.14274223003885708,0.1394458068534732,-0.023364372057922484,body,world
medium_medium,neither,90093,False,False,,1.0,0.0,,0.0,64,alarm,persistent,False,nan,0.11337022334337235,0.1138654762879014,0.004358942978579229,body,world,0.11361784981563687,0.16325641805306076,0.3624814590420528,body,world,0.1384371339343488,0.10993419056758284,-0.23053439677786752,body,world
medium_medium,neither,90094,False,False,,1.0,0.0,,0.0,69,alarm,persistent,False,nan,0.1091789335012436,0.1404911234974861,0.2521561807794392,body,world,0.12483502849936486,0.16930220276117325,0.3046922064166628,body,world,0.14706861563026905,0.12949790391139687,-0.1272345558729191,body,world
medium_medium,neither,90095,False,False,,1.0,0.0,,0.0,61,alarm,persistent,False,nan,0.1158923216164112,0.13854335993528366,0.17852184667961754,body,world,0.12721784077584744,0.06123997718095779,-0.7311007005698037,world,world,0.09422890897840261,0.14890479054301978,0.45758008819166507,body,world
medium_medium,neither,90096,False,False,,1.0,0.0,,0.0,62,alarm,persistent,False,nan,0.17217277437448503,0.08957983255386352,-0.6533682632743015,body,world,0.13087630346417428,0.10902337208390236,-0.1826903467207927,body,world,0.11994983777403831,0.153400172945112,0.24597637950698956,body,world
medium_medium,neither,90097,False,False,,1.0,0.0,,0.0,61,alarm,persistent,False,nan,0.09512383006513118,0.07984547116793692,-0.17508636087724505,body,world,0.08748465061653406,0.0701869954355061,-0.22030031278572754,body,world,0.07883582302602007,0.12069789348170161,0.4259231749477616,body,world
medium_medium,neither,90098,False,False,,1.0,0.0,,0.0,70,alarm,persistent,False,nan,0.09172498136758804,0.15504014268517494,0.5248893013461325,body,world,0.1233825620263815,0.13736494183540343,0.10735140429893318,body,world,0.13037375193089246,0.10687298132106662,-0.19876430150310262,body,world
medium_medium,neither,90099,False,False,,1.0,0.0,,0.0,79,alarm,persistent,False,nan,0.19924536682665347,0.09892784655094147,-0.7001463026378051,body,world,0.14908660668879747,0.14966937638819217,0.00390131392550359,body,world,0.14937799153849482,0.13190391848329455,-0.12440618225363598,body,world
medium_medium,neither,90100,False,False,,1.0,0.0,,0.0,62,alarm,persistent,False,nan,0.08330481350421906,0.11234814273193479,0.29909613473578184,body,world,0.09782647811807692,0.12801363542675973,0.2689415072159402,body,world,0.11292005677241831,0.07556151915341616,-0.4017329584610736,body,world
medium_medium,neither,90101,False,False,,1.0,0.0,,0.0,62,alarm,persistent,False,nan,0.09296419247984886,0.12505536079406737,0.29654213369673543,body,world,0.10900977663695813,0.08780783801339567,-0.2162868042441141,body,world,0.0984088073251769,0.13249525460414588,0.29741652508658856,body,world
medium_medium,neither,90102,False,False,,1.0,0.0,,0.0,63,alarm,persistent,False,nan,0.11247848570346833,0.13792502731084824,0.20394829200606007,body,world,0.12520175650715828,0.13629415892064572,0.084888995025993,body,world,0.130747957713902,0.12619088793871924,-0.03547573888196301,body,world
medium_medium,neither,90103,False,False,,1.0,0.0,,0.0,62,alarm,persistent,False,nan,0.18560454845428467,0.0887973627075553,-0.7372613764919628,body,world,0.13720095558092,0.14550957269966602,0.05879519605460653,body,world,0.141355264140293,0.13131913943216206,-0.07364578593043472,body,world
medium_medium,neither,90104,False,False,,1.0,0.0,,0.0,72,alarm,persistent,False,nan,0.18228906393051147,0.1303398072719574,-0.33544874822793996,body,world,0.15631443560123442,0.10271151345223188,-0.4199453731883208,body,world,0.12951297452673316,0.10263124015182257,-0.23263869421549535,body,world
medium_medium,neither,90105,False,False,,1.0,0.0,,0.0,74,alarm,persistent,False,nan,0.18432452529668808,0.15225875005126,-0.1911165519723364,body,world,0.16829163767397404,0.12911328133195638,-0.2650082440652024,body,world,0.1487024595029652,0.12928275866433978,-0.13994546013922562,body,world
medium_medium,neither,90106,False,False,,1.0,0.0,,0.0,79,alarm,persistent,False,nan,0.15049299150705336,0.11488483026623726,-0.2699863644397696,body,world,0.1326889108866453,0.06836937218904496,-0.6630824232277497,world,world,0.10052914153784513,0.09029423403553664,-0.10737404606077837,body,world
medium_medium,neither,90107,False,False,,1.0,0.0,,0.0,79,alarm,persistent,False,nan,0.17140972279012204,0.08266490846872329,-0.7292615415376505,body,world,0.12703731562942266,0.10684779211878777,-0.17307554897406746,body,world,0.11694255387410521,0.10531966988928616,-0.10468262142847025,body,world
medium_medium,neither,90108,False,False,,1.0,0.0,,0.0,64,alarm,persistent,False,nan,0.14570038057863713,0.10630377605557442,-0.3152515179209698,body,world,0.12600207831710578,0.11303406357765197,-0.10860918051966334,body,world,0.11951807094737887,0.1202092899242416,0.005766725082158752,body,world
medium_medium,neither,90109,False,False,,1.0,0.0,,0.0,66,alarm,persistent,False,nan,0.0736655980348587,0.11312438547611237,0.42895206331968494,body,world,0.09339499175548553,0.10505127664655448,0.1176108576332508,body,world,0.09922313420102,0.1305876549333334,0.2746734918223122,body,world
medium_medium,neither,90110,False,False,,1.0,0.0,,0.0,60,alarm,persistent,False,nan,0.13006809428334237,0.04814024083316326,-0.9939396803900848,world,world,0.08910416755825282,0.08308153292164207,-0.06998365733623264,body,world,0.08609285023994744,0.12663265625014902,0.38586405691134584,body,world
medium_medium,neither,90111,False,False,,1.0,0.0,,0.0,76,alarm,persistent,False,nan,0.08679456487298012,0.16124951634556056,0.6194089532289443,body,world,0.12402204060927033,0.10722844190895557,-0.1454977668974552,body,world,0.11562524125911296,0.11016913605853915,-0.04833749696847767,body,world
medium_medium,neither,90112,False,False,,1.0,0.0,,0.0,69,alarm,persistent,False,nan,0.08547343388199806,0.0699027955532074,-0.20109997078226918,body,world,0.07768811471760273,0.15556889846920968,0.6943864285260419,body,world,0.1166285065934062,0.12470299280248583,0.06694112644921726,body,world
medium_medium,neither,90113,False,False,,1.0,0.0,,0.0,60,alarm,persistent,False,nan,0.23306330144405366,0.07207989506423473,-1.1735349392093448,world,world,0.15257159825414418,0.11167147476226091,-0.31207268281434686,body,world,0.13212153650820255,0.11948668174445629,-0.10051731477283483,body,world
medium_medium,neither,90114,False,False,,1.0,0.0,,0.0,65,alarm,persistent,False,nan,0.11849412322044373,0.11845328211784363,-0.00034472715956728454,body,world,0.11847370266914367,0.16790763176977636,0.3487229997638344,body,world,0.14319066721946,0.11447507629636675,-0.2238199543219531,body,world
medium_medium,neither,90115,False,False,,1.0,0.0,,0.0,77,alarm,persistent,False,nan,0.12639335542917252,0.1105787068605423,-0.1336713658356036,body,world,0.11848603114485741,0.13565503545105456,0.13532008633052123,body,world,0.12707053329795598,0.08716149688698352,-0.3769796286488299,body,world
medium_medium,neither,90116,False,False,,1.0,0.0,,0.0,75,alarm,persistent,False,nan,0.0802537139505148,0.0929296426475048,0.14664963547107926,body,world,0.0865916782990098,0.07946465965360403,-0.08589132723890361,body,world,0.08302816897630691,0.12543599880300463,0.4126157233207337,body,world
medium_medium,neither,90117,False,False,,1.0,0.0,,0.0,79,alarm,persistent,False,nan,0.25097602158784865,0.12550081312656403,-0.693045165398865,body,world,0.18823841735720634,0.14195615909993647,-0.28219106560530677,body,world,0.16509728822857142,0.10845495453104377,-0.420200004604484,body,world
medium_medium,neither,90118,False,False,,1.0,0.0,,0.0,68,alarm,persistent,False,nan,0.1326688051223755,0.1299363596364856,-0.020811046165961758,body,world,0.13130258237943054,0.12463158294558525,-0.052142399976964286,body,world,0.1279670826625079,0.12801174568012358,0.00034895868817037763,body,world
medium_medium,neither,90119,False,False,,1.0,0.0,,0.0,69,alarm,persistent,False,nan,0.098333840072155,0.1195180095732212,0.19509884680741277,body,world,0.1089259248226881,0.11179408663883805,0.025990604582730486,body,world,0.11036000573076307,0.15950912702828646,0.36835334205863357,body,world
medium_medium,body_only,90120,True,False,m,1.5891995503048728,0.0,,0.0,74,alarm,persistent,False,nan,0.10346624702215194,0.14315726161003112,0.32469831374670904,body,world,0.12331175431609154,0.09266451150178909,-0.285730169080198,body,world,0.10798813290894031,0.11419141145888716,0.05585474764030099,body,world
medium_medium,body_only,90121,True,False,l,1.4812383451425903,0.0,,0.0,60,alarm,persistent,False,nan,0.15405814200639725,0.12751281093806027,-0.18911323916086692,body,world,0.14078547647222878,0.06941634286195039,-0.707114960634229,world,world,0.10510090966708958,0.12222022511996329,0.15090360829072919,body,world
medium_medium,body_only,90122,True,False,m,1.577333311441059,0.0,,0.0,60,alarm,persistent,False,nan,0.188184779509902,0.230735270306468,0.20384668749073867,body,body,0.209460024908185,0.16350882425904273,-0.2476659493769365,body,world,0.18648442458361386,0.15370623022317886,-0.19330453661747604,body,world
medium_medium,body_only,90123,True,False,l,1.2659873041674827,0.0,,0.0,78,alarm,persistent,False,nan,0.08554818853735924,0.13123516738414764,0.4279110588799709,body,world,0.10839167796075344,0.11268194476142526,0.03881788753412133,body,world,0.11053681136108935,0.10645395321771503,-0.03763607247009205,body,world
medium_medium,body_only,90124,True,False,m,1.4143549642821072,0.0,,0.0,79,alarm,persistent,False,nan,0.060973603278398514,0.11843011975288391,0.6638820425267702,body,world,0.08970186151564122,0.11417640289291739,0.24125312467969307,body,world,0.1019391322042793,0.10474853706546128,0.02718670067559496,body,world
medium_medium,body_only,90125,True,False,l,1.4086180240535773,0.0,,0.0,63,alarm,persistent,False,nan,0.06234493739902973,0.12033446431159973,0.6575925959896198,body,world,0.09133970085531473,0.15048978924751283,0.4993097036720691,body,world,0.12091474505141378,0.16165716936811805,0.29039214345999187,body,body
medium_medium,body_only,90126,True,False,m,1.6448408546174003,0.0,,0.0,68,alarm,persistent,False,nan,0.050444240868091586,0.08607391640543938,0.5343378351449236,body,world,0.06825907863676547,0.11277580298483372,0.5020913579694922,body,world,0.0905174408107996,0.11012976970523596,0.19611684677728042,body,world
medium_medium,body_only,90127,True,False,l,1.4986137896780058,0.0,,0.0,61,alarm,persistent,False,nan,0.12480114288628101,0.15114854872226716,0.19154150597051267,body,world,0.13797484580427408,0.11266140304505826,-0.2026845045735722,body,world,0.12531812442466617,0.17528099678456782,0.33553488240093254,body,body
medium_medium,body_only,90128,True,False,m,1.416558817025714,0.0,,0.0,64,alarm,persistent,False,nan,0.09177132584154606,0.15218177996575832,0.5057758329636456,body,world,0.1219765529036522,0.11363108735531569,-0.07087171180140808,body,world,0.11780382012948394,0.1202253682538867,0.020347350563558873,body,world
medium_medium,body_only,90129,True,False,l,1.38378853736242,0.0,,0.0,68,alarm,persistent,False,nan,0.09412318244576454,0.09609817117452621,0.02076590942473135,body,world,0.09511067681014537,0.10566516146063805,0.10523400770908037,body,world,0.10038791913539172,0.09764559366740286,-0.02769734011011018,body,world
medium_medium,body_only,90130,True,False,m,1.4756383192437175,0.0,,0.0,71,alarm,persistent,False,nan,0.17356507033109664,0.14453922137618064,-0.1830016752796926,body,world,0.15905214585363864,0.12967857662588358,-0.20417320847875445,body,world,0.14436536123976113,0.11271683145314455,-0.24746855976684803,body,world
medium_medium,body_only,90131,True,False,l,1.3606013397692742,0.0,,0.0,80,alarm,persistent,False,nan,0.12372105717658996,0.14992475248873233,0.1921040254596564,body,world,0.13682290483266116,0.16966387145221234,0.21513182884492094,body,world,0.15324338814243674,0.09163662707433104,-0.514196378979519,body,world
medium_medium,body_only,90132,True,False,m,1.3052923183294922,0.0,,0.0,64,alarm,persistent,False,nan,0.08397991564124822,0.07781674116849899,-0.07622108059514085,body,world,0.08089832840487361,0.11627272497862577,0.36274534768526,body,world,0.09858552669174969,0.08495551384985447,-0.14879670970405123,body,world
medium_medium,body_only,90133,True,False,l,1.3207448067237653,0.0,,0.0,67,alarm,persistent,False,nan,0.14208991974592208,0.15078404396772385,0.05938854590482262,body,world,0.14643698185682297,0.13316454151645302,-0.09500966010267661,body,world,0.139800761686638,0.07791695776395499,-0.5845746626854557,world,world
medium_medium,body_only,90134,True,False,m,1.4561368550822151,0.0,,0.0,64,alarm,persistent,False,nan,0.07130009718239308,0.07152862586081028,0.0032000408400229513,body,world,0.07141436152160167,0.12086484599858523,0.5261739552183289,body,world,0.09613960376009345,0.11096317395567894,0.14339703913191107,body,world
medium_medium,body_only,90135,True,False,l,1.4036352699808552,0.0,,0.0,79,alarm,persistent,False,nan,0.08346518501639366,0.17588124424219131,0.7453794196696917,body,world,0.1296732146292925,0.09979698117822408,-0.2618796179570271,body,world,0.11473509790375828,0.10356825683265924,-0.10239509309913368,body,world
medium_medium,body_only,90136,True,False,m,1.3752498406372067,0.0,,0.0,68,alarm,persistent,False,nan,0.0999672219157219,0.2005609765648842,0.6962759716154424,body,body,0.15026409924030304,0.16423111483454705,0.08888026502740172,body,world,0.15724760703742505,0.17629207111895084,0.11432043669513636,body,body
medium_medium,body_only,90137,True,False,l,1.3180944856558197,0.0,,0.0,66,alarm,persistent,False,nan,0.11387339197099208,0.07561440952122211,-0.4094403673234766,body,world,0.0947439007461071,0.11861147051677108,0.22467572806212918,body,world,0.10667768563143909,0.07898481851443648,-0.3005563412885075,body,world
medium_medium,body_only,90138,True,False,m,1.3737292058898571,0.0,,0.0,76,alarm,persistent,False,nan,0.13743017837405205,0.08172759935259818,-0.5197242362993526,body,world,0.10957888886332512,0.08008483042940498,-0.31355828286485604,body,world,0.09483185964636505,0.12671964042820036,0.2898716655117075,body,world
medium_medium,body_only,90139,True,False,l,1.2231365368057392,0.0,,0.0,78,alarm,persistent,False,nan,0.09938326999545097,0.09196093790233136,-0.07761989072401895,body,world,0.09567210394889117,0.09256081907078624,-0.033060829253483616,body,world,0.0941164615098387,0.1336769074667245,0.3508927825336378,body,world
medium_medium,body_only,90140,True,False,m,1.5903123576273737,0.0,,0.0,77,alarm,persistent,False,nan,0.07117532398551703,0.069644483178854,-0.021742695791216814,body,world,0.0704099035821855,0.1208641417324543,0.5403331900365987,body,world,0.09563702265731991,0.12131069134920835,0.23779494041651408,body,world
medium_medium,body_only,90141,True,False,l,1.3983126255738383,0.0,,0.0,68,alarm,persistent,False,nan,0.09181832559406758,0.15045415107160806,0.49384649082134396,body,world,0.12113623833283782,0.08543009161949158,-0.3492174492265224,body,world,0.1032831649761647,0.09518950646743178,-0.0816046811474931,body,world
medium_medium,body_only,90142,True,False,m,1.5588960124158446,0.0,,0.0,77,alarm,persistent,False,nan,0.09706473797559738,0.17963919788599014,0.6155722253902668,body,world,0.13835196793079377,0.0826315425336361,-0.5154094519236639,body,world,0.11049175523221492,0.08397915149107575,-0.2743723333883314,body,world
medium_medium,body_only,90143,True,False,l,1.3381767659159343,0.0,,0.0,76,alarm,persistent,False,nan,0.15575416013598442,0.12169882748275995,-0.24672950219559178,body,world,0.1387264938093722,0.1637311138212681,0.16572120813321328,body,world,0.15122880381532014,0.11705476585775614,-0.2561520374915938,body,world
medium_medium,body_only,90144,True,False,m,1.4340779419258376,0.0,,0.0,78,alarm,persistent,False,nan,0.09444082751870156,0.14416075944900514,0.42295558739014155,body,world,0.11930079348385333,0.1170475859194994,-0.01906741087426294,body,world,0.11817418970167637,0.14606762938201429,0.21191000951293687,body,world
medium_medium,body_only,90145,True,False,l,1.3732457116762027,0.0,,0.0,79,alarm,persistent,False,nan,0.18240052908658982,0.11826567202806473,-0.4332714267328379,body,world,0.15033310055732726,0.12428062036633492,-0.1903114262390561,body,world,0.1373068604618311,0.09584298487752677,-0.35950700020897464,body,world
medium_medium,body_only,90146,True,False,m,1.4659264726975494,0.0,,0.0,73,alarm,persistent,False,nan,0.04339233096688986,0.1150356225669384,0.9749591221887018,body,world,0.07921397676691413,0.15514877513051034,0.6722317385391545,body,world,0.11718137594871222,0.09315532476175577,-0.22945469751050324,body,world
medium_medium,body_only,90147,True,False,l,1.3697174281168265,0.0,,0.0,61,alarm,persistent,False,nan,0.10986159518361091,0.11582617983222007,0.05286926962712328,body,world,0.11284388750791549,0.15133624225854875,0.2934987941151225,body,world,0.1320900648832321,0.13777853082865477,0.042163547299399154,body,world
medium_medium,body_only,90148,True,False,m,1.3038571531689942,0.0,,0.0,77,alarm,persistent,False,nan,0.11593843158334494,0.06968649476766586,-0.5090527512979058,body,world,0.0928124631755054,0.11184232961386442,0.1865091759146144,body,world,0.10232739639468491,0.11146539985202253,0.08553678596494825,body,world
medium_medium,body_only,90149,True,False,l,1.2823864181574816,0.0,,0.0,69,alarm,persistent,False,nan,0.1333344414830208,0.08234619237482547,-0.48192835107318216,body,world,0.10784031692892312,0.10742173846811057,-0.003889017854120384,body,world,0.10763102769851685,0.08471770733594894,-0.23938432840544455,body,world
medium_medium,body_only,90150,True,False,m,1.371260065573264,0.0,,0.0,77,alarm,persistent,False,nan,0.15811370685696602,0.13286771513521672,-0.17396042763239827,body,world,0.14549071099609137,0.1610315501689911,0.10148806694632131,body,world,0.15326113058254123,0.1400336190359667,-0.09026067265505978,body,world
medium_medium,body_only,90151,True,False,l,1.2751118713228489,0.0,,0.0,67,alarm,persistent,False,nan,0.1603686437010765,0.07446195371448994,-0.76718688163054,body,world,0.11741529870778322,0.12096108235418797,0.029751648848343342,body,world,0.11918819053098559,0.09037243975326419,-0.27676432606677825,body,world
medium_medium,body_only,90152,True,False,m,1.3717293620024857,0.0,,0.0,77,alarm,persistent,False,nan,0.19354993663728237,0.21960451155900956,0.12629270421198519,body,body,0.20657722409814597,0.15811050049960612,-0.26738015023776346,body,world,0.18234386229887606,0.11826224173419178,-0.4329897115913318,body,world
medium_medium,body_only,90153,True,False,l,1.3777582765834164,0.0,,0.0,63,alarm,persistent,False,nan,0.08861705251038074,0.22218947112560272,0.919206186060685,body,body,0.15540326181799174,0.10279522091150284,-0.4132845647803372,body,world,0.1290992413647473,0.11108985543251038,-0.15024203925907992,body,world
medium_medium,body_only,90154,True,False,m,1.3240528558094946,0.0,,0.0,61,alarm,persistent,False,nan,0.10285454466938973,0.14462152421474456,0.34080434966067547,body,world,0.12373803444206714,0.09671141467988491,-0.2464352677126773,body,world,0.11022472456097603,0.09892799290828407,-0.10812899123051602,body,world
medium_medium,body_only,90155,True,False,l,1.2616156540457863,0.0,,0.0,75,alarm,persistent,False,nan,0.0734141793102026,0.08982786312699317,0.20177811141494417,body,world,0.08162102121859789,0.09017063323408366,0.09961695838982701,body,world,0.08589582722634077,0.12101507419720292,0.34277986727810367,body,world
medium_medium,body_only,90156,True,False,m,1.53054519222226,0.0,,0.0,80,alarm,persistent,False,nan,0.10512095093727111,0.06953682452440262,-0.41325513938013597,body,world,0.08732888773083687,0.16842449437826873,0.6568062348315856,body,world,0.1278766910545528,0.10711071910336614,-0.17720339101809435,body,world
medium_medium,body_only,90157,True,False,l,1.488929027680533,0.0,,0.0,67,alarm,persistent,False,nan,0.1399303086102009,0.0898583885282278,-0.4429095326831908,body,world,0.11489434856921435,0.10454175490885972,-0.09442643789406904,body,world,0.10971805173903704,0.08305095336399973,-0.2784595938583093,body,world
medium_medium,body_only,90158,True,False,m,1.4010988441285952,0.0,,0.0,76,alarm,persistent,False,nan,0.04302787724882364,0.057406415417790416,0.28830785019571015,body,world,0.050217146333307025,0.12455580681562424,0.908397334183267,body,world,0.08738647657446563,0.08733034562319517,-0.0006425363338868372,body,world
medium_medium,body_only,90159,True,False,l,1.3983826888544335,0.0,,0.0,76,alarm,persistent,False,nan,0.15639000609517098,0.04579195156693459,-1.2282445807240738,world,world,0.10109097883105278,0.09029286131262779,-0.11296248982067406,body,world,0.09569192007184028,0.09704214865341783,0.014011541192952762,body,world
medium_medium,body_only,90160,True,False,m,1.6346395142175347,0.0,,0.0,78,alarm,persistent,False,nan,0.1620929714292288,0.11028421930968761,-0.385109222931881,body,world,0.1361885953694582,0.14822539761662484,0.08469341633963827,body,world,0.14220699649304153,0.10037394277751446,-0.3483810784539214,body,world
medium_medium,body_only,90161,True,False,l,1.4627355647267428,0.0,,0.0,75,alarm,persistent,False,nan,0.12487643510103226,0.11887783780694008,-0.049228336429645636,body,world,0.12187713645398617,0.09981730151921511,-0.19967192883526463,body,world,0.11084721898660063,0.0799189780605957,-0.3271395004410729,body,world
medium_medium,body_only,90162,True,False,m,1.3110427449584228,0.0,,0.0,70,alarm,persistent,False,nan,0.23302121832966805,0.19935501888394355,-0.156042265459076,body,body,0.2161881186068058,0.09592613577842712,-0.8125704717913868,world,world,0.15605712719261647,0.12778397472575306,-0.19988099946855592,body,world
medium_medium,body_only,90163,True,False,l,1.4308898612160117,0.0,,0.0,78,alarm,persistent,False,nan,0.12162501271814108,0.1521249793469906,0.22375977046962656,body,world,0.13687499603256584,0.09581062933430076,-0.35669443937781586,body,world,0.1163428126834333,0.10164702235488221,-0.13503486806893877,body,world
medium_medium,body_only,90164,True,False,m,1.439856144676443,0.0,,0.0,68,alarm,persistent,False,nan,0.07221593260765076,0.22664798498153688,1.1437373921161083,body,body,0.1494319587945938,0.17670420929789543,0.16763603665166177,body,world,0.16306808404624462,0.09516115388832987,-0.5385959960005086,body,world
medium_medium,body_only,90165,True,False,l,1.2997648895781109,0.0,,0.0,62,alarm,persistent,False,nan,0.11552109122276306,0.06435953211039305,-0.5849680690645948,body,world,0.08994031166657805,0.16566511020064353,0.6108220956085254,body,world,0.12780271093361079,0.13074012161232532,0.022723794337150015,body,world
medium_medium,body_only,90166,True,False,m,1.679679815459025,0.0,,0.0,64,alarm,persistent,False,nan,0.1217756318859756,0.10897287633270025,-0.1110812583635078,body,world,0.11537425410933792,0.08585041929036379,-0.295574756558149,body,world,0.10061233669985085,0.1171708672773093,0.15235839216610172,body,world
medium_medium,body_only,90167,True,False,l,1.3590101711106688,0.0,,0.0,72,alarm,persistent,False,nan,0.1699108075350523,0.11800895631313324,-0.3645131152646214,body,world,0.14395988192409276,0.12306560594588518,-0.1568170681622451,body,world,0.13351274393498896,0.15479229092597963,0.14788722622433098,body,world
medium_medium,body_only,90168,True,False,m,1.6457533914678304,0.0,,0.0,77,alarm,persistent,False,nan,0.13836371004581452,0.16525929048657417,0.17762989979896232,body,world,0.15181150026619433,0.11368788965046406,-0.28918273776705045,body,world,0.1327496949583292,0.14118386516347528,0.06159768689569725,body,world
medium_medium,body_only,90169,True,False,l,1.372684860076075,0.0,,0.0,63,alarm,persistent,False,nan,0.16053660288453103,0.147777059674263,-0.08281718740405365,body,world,0.154156831279397,0.17822551745921372,0.1450792312610442,body,world,0.16619117436930536,0.12804971602745355,-0.26072018356644167,body,world
medium_medium,body_only,90170,True,False,m,1.5110806219967274,0.0,,0.0,77,alarm,persistent,False,nan,0.10337548218667507,0.1497300647199154,0.3704662866188607,body,world,0.12655277345329524,0.13624584805220366,0.07380155744712955,body,world,0.13139931075274944,0.12394471673760563,-0.05840522719306948,body,world
medium_medium,body_only,90171,True,False,l,1.3393346079674444,0.0,,0.0,80,alarm,persistent,False,nan,0.09448358938097953,0.0811239242553711,-0.15244824747345628,body,world,0.08780375681817532,0.11892690593376756,0.30340478045313257,body,world,0.10336533137597144,0.12136454181745648,0.1605291393223952,body,world
medium_medium,body_only,90172,True,False,m,1.5992541406103382,0.0,,0.0,69,alarm,persistent,False,nan,0.16573997884988784,0.09466117694973945,-0.5601162099666305,body,world,0.13020057789981365,0.17244289442896843,0.28098996655548625,body,world,0.15132173616439104,0.12301569627597927,-0.2070963139312794,body,world
medium_medium,body_only,90173,True,False,l,1.2909310796297793,0.0,,0.0,74,alarm,persistent,False,nan,0.12513768523931504,0.11064560413360595,-0.123082274990184,body,world,0.11789164468646049,0.16151719577610493,0.31484567515568057,body,world,0.1397044202312827,0.07836138475686312,-0.5781976419933587,world,world
medium_medium,body_only,90174,True,False,m,1.4992846063269814,0.0,,0.0,60,alarm,persistent,False,nan,0.11456112489104271,0.11704096123576165,0.021415447165993057,body,world,0.11580104306340218,0.18598510175943375,0.47379299988331386,body,world,0.15089307241141797,0.140349558647722,-0.07243529809862291,body,world
medium_medium,body_only,90175,True,False,l,1.375063495490151,0.0,,0.0,67,alarm,persistent,False,nan,0.09071372067555786,0.080879932269454,-0.11474288375293885,body,world,0.08579682647250593,0.07130517531186342,-0.18501310850472377,body,world,0.07855100089218467,0.07424860801547765,-0.05632907648259147,body,world
medium_medium,body_only,90176,True,False,m,1.3570155774731387,0.0,,0.0,71,alarm,persistent,False,nan,0.06287541948258876,0.13618288338184356,0.7728434130553308,body,world,0.09952915143221616,0.12924401070922614,0.26125159303533213,body,world,0.11438658107072115,0.10513558979146183,-0.08433292527931198,body,world
medium_medium,body_only,90177,True,False,l,1.2641200458110455,0.0,,0.0,62,alarm,persistent,False,nan,0.2369231939315796,0.15560513138771057,-0.4204144231023722,body,world,0.19626416265964508,0.19573456570506095,-0.002702035687762899,body,world,0.19599936418235303,0.10455336295999587,-0.6284138238554273,world,world
medium_medium,body_only,90178,True,False,m,1.5240608064758356,0.0,,0.0,68,alarm,persistent,False,nan,0.12480676621198654,0.11438636183738708,-0.08718481377696438,body,world,0.11959656402468681,0.10317978514358402,-0.1476511587445053,body,world,0.11138817458413541,0.10711647439748048,-0.03910438091653523,body,world
medium_medium,body_only,90179,True,False,l,1.4207768660969622,0.0,,0.0,63,alarm,persistent,False,nan,0.300480118393898,0.113104697316885,-0.9770676753544759,world,world,0.2067924078553915,0.11925141783431173,-0.5504814101685715,body,world,0.16302191284485162,0.09847666749265045,-0.5040649845314723,body,world
medium_medium,body_only,90180,True,False,m,1.6834084531201725,0.0,,0.0,70,alarm,persistent,False,nan,0.07056567892432213,0.1871660143136978,0.9754521080109437,body,world,0.12886584661900996,0.12693828511983157,-0.015070890138759127,body,world,0.12790206586942077,0.1150128877023235,-0.10622067161718414,body,world
medium_medium,body_only,90181,True,False,l,1.3164236438723707,0.0,,0.0,75,alarm,persistent,False,nan,0.11086843870580196,0.09771351590752601,-0.12630437108208456,body,world,0.10429097730666399,0.16237767320126295,0.4427400868506406,body,world,0.13333432525396346,0.10992749193683267,-0.19303871357936586,body,world
medium_medium,body_only,90182,True,False,m,1.3450601064988406,0.0,,0.0,60,alarm,persistent,False,nan,0.07669857367873192,0.10818938314914703,0.3440001270366526,body,world,0.09244397841393948,0.13765056245028973,0.39811549539336105,body,world,0.1150472704321146,0.10716750640422106,-0.0709500003541759,body,world
medium_medium,body_only,90183,True,False,l,1.3429357517410216,0.0,,0.0,67,alarm,persistent,False,nan,0.12481923066079617,0.10175125524401665,-0.20433537510056082,body,world,0.11328524295240641,0.15077658277004957,0.28589024484543807,body,world,0.13203091286122798,0.12084759213030338,-0.08850590100948948,body,world
medium_medium,body_only,90184,True,False,m,1.6568892806087865,0.0,,0.0,73,alarm,persistent,False,nan,0.13903339058160782,0.14337353706359862,0.030739247536546593,body,world,0.14120346382260324,0.10511771366000175,-0.2951210513897612,body,world,0.12316058874130249,0.10149708430981264,-0.19345903128371267,body,world
medium_medium,body_only,90185,True,False,l,1.43334245437914,0.0,,0.0,67,alarm,persistent,False,nan,0.0763272786512971,0.12683506738394498,0.5078571676625276,body,world,0.10158117301762104,0.07521081208251416,-0.3005632147148444,body,world,0.08839599255006761,0.11069892337545753,0.2249874785896861,body,world
medium_medium,body_only,90186,True,False,m,1.6331529059433587,0.0,,0.0,70,alarm,persistent,False,nan,0.16685179620981216,0.06319796666502953,-0.9708338429427864,world,world,0.11502488143742085,0.13628785759210588,0.16962078354999768,body,world,0.12565636951476336,0.09041346646845341,-0.329157733558906,body,world
medium_medium,body_only,90187,True,False,l,1.3141636302230804,0.0,,0.0,65,alarm,persistent,False,nan,0.14327649623155594,0.12040566802024841,-0.1739096951113807,body,world,0.13184108212590218,0.11410281797870994,-0.14449731998979823,body,world,0.12297195005230606,0.11203596759587527,-0.09313632202039268,body,world
medium_medium,body_only,90188,True,False,m,1.68271261290117,0.0,,0.0,72,alarm,persistent,False,nan,0.12165185511112213,0.13223413601517678,0.08341079033575247,body,world,0.12694299556314945,0.1263352943584323,-0.004798692940131669,body,world,0.12663914496079087,0.14615226117894053,0.1433072992500478,body,world
medium_medium,body_only,90189,True,False,l,1.2673551846296478,0.0,,0.0,69,alarm,persistent,False,nan,0.19148486852645874,0.07288922369480133,-0.9658679850000599,world,world,0.13218704611063004,0.12637188974767924,-0.04498886981280899,body,world,0.12927946792915462,0.14954480454325675,0.1456195647550933,body,world
medium_medium,body_only,90190,True,False,m,1.4616304439624153,0.0,,0.0,61,alarm,persistent,False,nan,0.06153704412281513,0.13946913164108993,0.81820396128034,body,world,0.10050308788195253,0.14259363254532217,0.34981040220521364,body,world,0.12154836021363735,0.09111821462865918,-0.2881544847193428,body,world
medium_medium,body_only,90191,True,False,l,1.3598610545526153,0.0,,0.0,75,alarm,persistent,False,nan,0.12073976062238216,0.11949061900377274,-0.010399624549150993,body,world,0.12011518981307745,0.08418208137154579,-0.3554691091803682,body,world,0.10214863559231162,0.09385379326995462,-0.08469078362206518,body,world
medium_medium,body_only,90192,True,False,m,1.6394540644586693,0.0,,0.0,73,alarm,persistent,False,nan,0.1158490102738142,0.15650968253612518,0.3008301696344032,body,world,0.1361793464049697,0.12501144781708717,-0.08556742490418887,body,world,0.13059539711102844,0.08918715310283006,-0.3813669663457024,body,world
medium_medium,body_only,90193,True,False,l,1.2806965176607972,0.0,,0.0,79,alarm,persistent,False,nan,0.11683492437005043,0.1530608668923378,0.2700736293905574,body,world,0.1349478956311941,0.1333794839680195,-0.011690417338976142,body,world,0.1341636897996068,0.09861507546156645,-0.3078364750462865,body,world
medium_medium,body_only,90194,True,False,m,1.3882151295384004,0.0,,0.0,72,alarm,persistent,False,nan,0.10959668792784213,0.19953727424144746,0.5991939027599951,body,body,0.15456698108464478,0.12296539321541786,-0.22872457710511637,body,world,0.13876618715003133,0.11324113763403147,-0.20327090355225114,body,world
medium_medium,body_only,90195,True,False,l,1.4070168029723402,0.0,,0.0,68,alarm,persistent,False,nan,0.2358085572719574,0.15061594173312187,-0.44828711326111426,body,world,0.19321224950253962,0.12784446012228728,-0.4129749532656275,body,world,0.16052835481241345,0.1552580524235964,-0.03338200553316582,body,world
medium_medium,body_only,90196,True,False,m,1.4747105385822876,0.0,,0.0,78,alarm,persistent,False,nan,0.10772433206439018,0.1085117444396019,0.007282927699853845,body,world,0.10811803825199603,0.15926827527582646,0.38736646920150297,body,world,0.13369315676391125,0.1367072563385591,0.022294525252420188,body,world
medium_medium,body_only,90197,True,False,l,1.3111555143573217,0.0,,0.0,62,alarm,persistent,False,nan,0.14089413806796075,0.134352302365005,-0.047543342565007515,body,world,0.13762322021648288,0.13439868986606598,-0.0237089828143804,body,world,0.13601095504127442,0.0773062251508236,-0.564960949563007,body,world
medium_medium,body_only,90198,True,False,m,1.379640047296776,0.0,,0.0,79,alarm,persistent,False,nan,0.09874574765563011,0.11551323235034942,0.156836748064668,body,world,0.10712949000298977,0.09250738676637411,-0.1467497914560161,body,world,0.09981843838468193,0.09932639058679342,-0.004941617633052673,body,world
medium_medium,body_only,90199,True,False,l,1.4868269255907973,0.0,,0.0,73,alarm,persistent,False,nan,0.08078859150409698,0.0364205326884985,-0.7967030608464766,body,world,0.05860456209629774,0.06322916767094285,0.0759531634434675,body,world,0.06091686488362029,0.08234184919856488,0.3013694103127455,body,world
medium_medium,body_only,90200,True,False,m,1.568789452616487,0.0,,0.0,75,alarm,persistent,False,nan,0.09127425551414489,0.0827077355235815,-0.09855563617324739,body,world,0.0869909955188632,0.1548999821767211,0.5769750188447559,body,world,0.12094548884779215,0.12953677782788872,0.06862490079200652,body,world
medium_medium,body_only,90201,True,False,l,1.237480856854104,0.0,,0.0,74,alarm,persistent,False,nan,0.12835543602705002,0.24914953112602234,0.6632499832590829,body,body,0.18875248357653618,0.09056817395612597,-0.7343336755660461,world,world,0.13966032876633108,0.08266979861073195,-0.5243589082636835,body,world
medium_medium,body_only,90202,True,False,m,1.589816924085751,0.0,,0.0,69,alarm,persistent,False,nan,0.10894843433052301,0.13048542365431787,0.18038683363354632,body,world,0.11971692899242044,0.19208670482039453,0.4728168266270411,body,world,0.15590181690640748,0.10517029252368956,-0.3936455603377835,body,world
medium_medium,body_only,90203,True,False,l,1.2163108575505985,0.0,,0.0,68,alarm,persistent,False,nan,0.18955752700567247,0.1745781496167183,-0.08232006084840124,body,world,0.18206783831119538,0.12117239646613598,-0.40716505983462137,body,world,0.15162011738866568,0.14138963809236885,-0.06985869489774207,body,world
medium_medium,body_only,90204,True,False,m,1.577624770964431,0.0,,0.0,61,alarm,persistent,False,nan,0.0562413795851171,0.10819320902228355,0.654265823727399,body,world,0.08221729430370033,0.07494170721620322,-0.09265509870803679,body,world,0.07857950075995176,0.09625686635263264,0.20290944851309298,body,world
medium_medium,body_only,90205,True,False,l,1.3675497082151145,0.0,,0.0,65,alarm,persistent,False,nan,0.20973130613565444,0.1427280232310295,-0.3848863330365131,body,world,0.17622966468334197,0.102137899864465,-0.5454641976872024,body,world,0.1391837822739035,0.14592162277549506,0.04727441279863024,body,world
medium_medium,body_only,90206,True,False,m,1.5176465510618466,0.0,,0.0,74,alarm,persistent,False,nan,0.19004830159246922,0.13691334575414657,-0.3279300457959741,body,world,0.1634808236733079,0.1203742221929133,-0.3060902884929504,body,world,0.1419275229331106,0.12510459469631313,-0.12616638043602313,body,world
medium_medium,body_only,90207,True,False,l,1.2488637580931352,0.0,,0.0,80,alarm,persistent,False,nan,0.07513708025217056,0.06770899333059788,-0.10409516993338522,body,world,0.07142303679138422,0.11394687690772116,0.4671118863047847,body,world,0.09268495684955269,0.1374239447992295,0.3938644537208762,body,world
medium_medium,body_only,90208,True,False,m,1.4834364114696996,0.0,,0.0,66,alarm,persistent,False,nan,0.23322136253118514,0.094950564019382,-0.8986316789189684,world,world,0.16408596327528358,0.14663372412323952,-0.11245265204438083,body,world,0.15535984369926154,0.11183281196281314,-0.32873899278600965,body,world
medium_medium,body_only,90209,True,False,l,1.263629522578016,0.0,,0.0,60,alarm,persistent,False,nan,0.16443114280700682,0.11483072116971016,-0.3590328437212409,body,world,0.1396309319883585,0.150892736017704,0.07756648526102997,body,world,0.14526183400303125,0.11641891845501959,-0.2213428139828576,body,world
medium_medium,body_only,90210,True,False,m,1.3346147837212192,0.0,,0.0,73,alarm,persistent,False,nan,0.15755143910646438,0.10375067591667175,-0.4177613284966215,body,world,0.13065105751156808,0.12250327486544847,-0.06439232294412402,body,world,0.12657716618850828,0.12208035662770271,-0.0361726427886061,body,world
medium_medium,body_only,90211,True,False,l,1.30656153459059,0.0,,0.0,71,alarm,persistent,False,nan,0.20200103670358657,0.1473885454237461,-0.3152005636778173,body,world,0.17469479106366634,0.13018308356404304,-0.2940986054412381,body,world,0.1524389373138547,0.0842244633473456,-0.5932786871876883,world,world
medium_medium,body_only,90212,True,False,m,1.6930851814175538,0.0,,0.0,60,alarm,persistent,False,nan,0.12265464887022973,0.21822832822799682,0.5761692183302055,body,body,0.17044148854911328,0.20905180275440216,0.20419001916118595,body,body,0.18974664565175772,0.12677922658622265,-0.40324253799743087,body,world
medium_medium,body_only,90213,True,False,l,1.3559979569855254,0.0,,0.0,66,alarm,persistent,False,nan,0.14157396368682384,0.1384512886404991,-0.022303734887508628,body,world,0.14001262616366147,0.17207990484312177,0.20622632655284975,body,world,0.15604626550339162,0.1031821564771235,-0.4136566012752558,body,world
medium_medium,body_only,90214,True,False,m,1.3935857870234445,0.0,,0.0,60,alarm,persistent,False,nan,0.13158487528562546,0.21537100225687028,0.4927100500511392,body,body,0.17347793877124787,0.09728607647120953,-0.5783945572534368,body,world,0.1353820076212287,0.1280367917381227,-0.055782810424451615,body,world
medium_medium,body_only,90215,True,False,l,1.3131198647094737,0.0,,0.0,80,alarm,persistent,False,nan,0.14076429065316914,0.1295773595571518,-0.08280872015527303,body,world,0.13517082510516049,0.08230628557503224,-0.49609187097651736,body,world,0.10873855534009635,0.11894180001690983,0.08968787180807847,body,world
medium_medium,body_only,90216,True,False,m,1.681261135717984,0.0,,0.0,66,alarm,persistent,False,nan,0.26456761062145234,0.18029691204428672,-0.38349183205253656,body,world,0.22243226133286953,0.10672146994620561,-0.7344002558749999,world,world,0.16457686563953758,0.14956100434064865,-0.09567336400612432,body,world
medium_medium,body_only,90217,True,False,l,1.413471960665546,0.0,,0.0,75,alarm,persistent,False,nan,0.2604995667934418,0.19817465394735337,-0.27345246568659753,body,body,0.22933711037039756,0.1081347344443202,-0.7518150280254994,world,world,0.16873592240735888,0.1491553901694715,-0.12334625394156991,body,world
medium_medium,body_only,90218,True,False,m,1.584896311018346,0.0,,0.0,74,alarm,persistent,False,nan,0.13557484671473502,0.12226751893758774,-0.10331243981486438,body,world,0.12892118282616138,0.093563640024513,-0.32055938505369996,body,world,0.1112424114253372,0.0979835881269537,-0.12691171025881437,body,world
medium_medium,body_only,90219,True,False,l,1.3119810143159762,0.0,,0.0,70,alarm,persistent,False,nan,0.08245789259672165,0.08189719915390015,-0.0068229783697317265,body,world,0.0821775458753109,0.09162131110206247,0.10878179836102134,body,world,0.08689942848868668,0.11061300463043153,0.24128620913478707,body,world
medium_medium,body_only,90220,True,False,m,1.300500753923412,0.0,,0.0,65,alarm,persistent,False,nan,0.0454290609806776,0.11848913095891475,0.9586692245317565,body,world,0.08195909596979618,0.12817206624895333,0.44715333560009396,body,world,0.10506558110937476,0.10340925701893866,-0.01589025281898013,body,world
medium_medium,body_only,90221,True,False,l,1.325946290087466,0.0,,0.0,69,alarm,persistent,False,nan,0.21249387823045254,0.1480489045381546,-0.3613705243714683,body,world,0.18027139138430356,0.1345939612016082,-0.29220089388788023,body,world,0.15743267629295588,0.1548215677961707,-0.016724636474585518,body,world
medium_medium,body_only,90222,True,False,m,1.3799548422979533,0.0,,0.0,63,alarm,persistent,False,nan,0.12890606075525285,0.06284290328621864,-0.7184459143226117,body,world,0.09587448202073574,0.17464003153145313,0.5996870357720371,body,world,0.13525725677609443,0.11619613133370876,-0.15189902012985912,body,world
medium_medium,body_only,90223,True,False,l,1.2088747342560058,0.0,,0.0,66,alarm,persistent,False,nan,0.07822622247040271,0.17658202201128007,0.8141805653215572,body,world,0.12740412224084138,0.17450484372675418,0.31458839971058433,body,world,0.1509544829837978,0.08859262345358729,-0.5329297567667287,body,world
medium_medium,body_only,90224,True,False,m,1.3689372681649405,0.0,,0.0,67,alarm,persistent,False,nan,0.15944899022579193,0.1057541698217392,-0.41060681249057374,body,world,0.13260158002376557,0.14941819477826357,0.11940005755241676,body,world,0.14100988740101456,0.12950979694724082,-0.08507348095072527,body,world
medium_medium,body_only,90225,True,False,l,1.4190999555086545,0.0,,0.0,76,alarm,persistent,False,nan,0.06446567345410585,0.06501358896493911,0.008463421418517922,body,world,0.06473963120952249,0.17295407205820085,0.9826525278232344,body,world,0.11884685163386166,0.15310367001220584,0.2532795705107146,body,world
medium_medium,body_only,90226,True,False,m,1.3666051873938825,0.0,,0.0,68,alarm,persistent,False,nan,0.24086885750293732,0.1233092188835144,-0.6695574503561307,body,world,0.18208903819322586,0.11401519365608692,-0.46816407109040803,body,world,0.1480521159246564,0.08393237355630845,-0.5675529485209218,body,world
medium_medium,body_only,90227,True,False,l,1.2089853713110907,0.0,,0.0,76,alarm,persistent,False,nan,0.09818439707159995,0.09374833423644305,-0.046233416896879334,body,world,0.0959663656540215,0.11315663680434226,0.1647752529730849,body,world,0.10456150122918188,0.11742471661418677,0.11602199177676607,body,world
medium_medium,body_only,90228,True,False,m,1.3941552835422104,0.0,,0.0,76,alarm,persistent,False,nan,0.14252891540527343,0.2758862257003784,0.6604436607565611,body,body,0.20920757055282593,0.10457481127232313,-0.6934242070316129,world,world,0.15689119091257453,0.1053959202952683,-0.3978285850827055,body,world
medium_medium,body_only,90229,True,False,l,1.4129882265602367,0.0,,0.0,60,alarm,persistent,False,nan,0.21109003871679305,0.18416119366884232,-0.13647333958466393,body,world,0.19762561619281768,0.11863591317087412,-0.5103151635908977,body,world,0.1581307646818459,0.17140604853630065,0.08061297924771396,body,body
medium_medium,body_only,90230,True,False,m,1.387380358400205,0.0,,0.0,62,alarm,persistent,False,nan,0.11437261402606964,0.08504014275968075,-0.29633824963589167,body,world,0.09970637839287519,0.10594524443149567,0.06069274790320296,body,world,0.10282581141218543,0.0950735988561064,-0.07838508882362327,body,world
medium_medium,body_only,90231,True,False,l,1.2736796593502162,0.0,,0.0,79,alarm,persistent,False,nan,0.15957407504320145,0.10638098940253257,-0.40548134483356063,body,world,0.132977532222867,0.17695247754454613,0.28570102477923265,body,world,0.15496500488370657,0.11644832910969853,-0.2857516688212134,body,world
medium_medium,body_only,90232,True,False,m,1.3398772042708087,0.0,,0.0,65,alarm,persistent,False,nan,0.08274303227663041,0.1179126925766468,0.3542046485743148,body,world,0.1003278624266386,0.12010850850492716,0.1799521244617735,body,world,0.11021818546578288,0.13242282192222773,0.18353809418289124,body,world
medium_medium,body_only,90233,True,False,l,1.2151805568406018,0.0,,0.0,74,alarm,persistent,False,nan,0.12330828495323658,0.1369382508099079,0.10484249883642709,body,world,0.13012326788157225,0.15472063273191453,0.17313890556768988,body,world,0.14242195030674337,0.1464966029394418,0.028208107550380418,body,world
medium_medium,body_only,90234,True,False,m,1.412785576783788,0.0,,0.0,80,alarm,persistent,False,nan,0.10264958366751671,0.0913245752453804,-0.11690116596363363,body,world,0.09698707945644855,0.06679372061043978,-0.3729686948650374,body,world,0.08189040003344417,0.0933149840682745,0.13059892762461972,body,world
medium_medium,body_only,90235,True,False,l,1.4243033807217698,0.0,,0.0,60,alarm,persistent,False,nan,0.09725346714258194,0.13609939366579055,0.3360648208687177,body,world,0.11667643040418625,0.09759565182030201,-0.17857161008722025,body,world,0.10713604111224413,0.10804769108071924,0.008473274569676404,body,world
medium_medium,body_only,90236,True,False,m,1.6997035312296203,0.0,,0.0,64,alarm,persistent,False,nan,0.0815791554749012,0.12628383487462996,0.4369582495308622,body,world,0.10393149517476559,0.12747295200824738,0.2041722191211718,body,world,0.11570222359150648,0.08350068796426058,-0.32616498169470787,body,world
medium_medium,body_only,90237,True,False,l,1.376968432617344,0.0,,0.0,75,alarm,persistent,False,nan,0.09526992440223694,0.09906181544065476,0.039029881461787305,body,world,0.09716586992144585,0.10259143933653832,0.05433497468034753,body,world,0.09987865462899208,0.10022857668809593,0.003497349031035021,body,world
medium_medium,body_only,90238,True,False,m,1.5968317899030746,0.0,,0.0,62,alarm,persistent,False,nan,0.14881093725562095,0.1643376536667347,0.09924655233052614,body,world,0.15657429546117782,0.1330578865017742,-0.16274635832313222,body,world,0.14481609098147602,0.12597186332568527,-0.1394060242645425,body,world
medium_medium,body_only,90239,True,False,l,1.3434682340044826,0.0,,0.0,67,alarm,persistent,False,nan,0.06166040413081646,0.09531909078359604,0.4355881369981917,body,world,0.07848974745720624,0.0946270901709795,0.18697578988881453,body,world,0.08655841881409287,0.09063345836475492,0.04600389450340363,body,world
medium_medium,world_only,90240,False,True,,1.0,1.0,short,-0.05,59,alarm,persistent,False,nan,0.07298781890422106,0.11606152318418025,0.46382785988686326,body,world,0.09452467104420066,0.08471123268827796,-0.10961265947770274,body,world,0.0896179518662393,0.111708664894104,0.22033862041467842,body,world
medium_medium,world_only,90241,False,True,,1.0,1.0,medium,0.1,75,alarm,persistent,False,nan,0.1925485000014305,0.12164646983146668,-0.45922902030421436,body,world,0.1570974849164486,0.14473303649574518,-0.08197561784368848,body,world,0.1509152607060969,0.0985718076582998,-0.4259331975760748,body,world
medium_medium,world_only,90242,False,True,,1.0,-2.0,short,0.2,69,alarm,persistent,False,nan,0.19672994464635848,0.10550559852272272,-0.6230679308453179,body,world,0.1511177715845406,0.09873060155659914,-0.42566453253372455,body,world,0.12492418657056988,0.12686521727591754,0.0154181957420254,body,world
medium_medium,world_only,90243,False,True,,1.0,2.0,medium,0.05,68,alarm,persistent,False,nan,0.4204452097415924,0.23509298712015153,-0.58133304729126,body,body,0.327769098430872,0.12176133776083589,-0.990246511364339,world,world,0.22476521809585392,0.12388091557659209,-0.5957356363633817,world,world
medium_medium,world_only,90244,False,True,,1.0,-4.0,short,0.05,65,alarm,persistent,False,nan,0.4251497074961662,0.06761120893061161,-1.8386675779435306,world,world,0.24638045821338891,0.08288113176822662,-1.0894694853927132,world,world,0.16463079499080777,0.13973218752071262,-0.16397771629274135,body,world
medium_medium,world_only,90245,False,True,,1.0,4.0,medium,0.25,65,alarm,persistent,False,nan,0.5241589397192001,0.42559218406677246,-0.20831338504957658,body,body,0.4748755618929863,0.10284537672996522,-1.5298261312427677,world,world,0.28886046931147574,0.10650633238255977,-0.9977393240008592,world,world
medium_medium,world_only,90246,False,True,,1.0,-1.0,short,0.1,75,alarm,persistent,False,nan,0.28063889443874357,0.10739415287971496,-0.9605630316154431,world,world,0.19401652365922928,0.09748141262680292,-0.6882816088328122,world,world,0.1457489681430161,0.11192625435069203,-0.2640455344405764,body,world
medium_medium,world_only,90247,False,True,,1.0,-1.0,medium,-0.15000000000000002,77,alarm,persistent,False,nan,0.19836615920066833,0.06975385323166847,-1.0451419491168934,world,world,0.1340600062161684,0.1012434613890946,-0.28075938227016134,body,world,0.1176517338026315,0.06852346337400377,-0.5405526343935466,body,world
medium_medium,world_only,90248,False,True,,1.0,-2.0,short,0.15000000000000002,70,alarm,persistent,False,nan,0.18939920254051684,0.15137202069163322,-0.22411645025294538,body,world,0.17038561161607504,0.10537130925804376,-0.48057378108331567,body,world,0.1378784604370594,0.0933525423053652,-0.38998947188389005,body,world
medium_medium,world_only,90249,False,True,,1.0,2.0,medium,-0.25,60,alarm,persistent,False,nan,0.3287411019206047,0.2993161201477051,-0.09377024381834237,body,body,0.3140286110341549,0.1436866119503975,-0.7818494776196387,world,world,0.22885761149227618,0.1555110161192715,-0.3863834539691777,body,world
medium_medium,world_only,90250,False,True,,1.0,4.0,short,0.05,68,alarm,persistent,False,nan,0.394285024702549,0.17461058124899864,-0.8145158163416366,body,world,0.2844478029757738,0.11712715309113264,-0.8872896441662461,world,world,0.20078747803345323,0.11347798453643917,-0.5706381762167919,body,world
medium_medium,world_only,90251,False,True,,1.0,-4.0,medium,0.15000000000000002,77,alarm,persistent,False,nan,0.49454671144485474,0.5270827114582062,0.06371587539197571,body,body,0.5108147114515305,0.10001355782151222,-1.6307011695359896,world,world,0.30541413463652134,0.11282394798472524,-0.9958400527263027,world,world
medium_medium,world_only,90252,False,True,,1.0,-1.0,short,-0.05,78,alarm,persistent,False,nan,0.2083212822675705,0.16172280833125113,-0.25319770426539173,body,world,0.18502204529941083,0.19030390530824662,0.02814731418305583,body,world,0.18766297530382872,0.12692114864476026,-0.39108165267205736,body,world
medium_medium,world_only,90253,False,True,,1.0,1.0,medium,-0.05,60,alarm,persistent,False,nan,0.21523987911641598,0.07639415785670281,-1.0358468975943043,world,world,0.1458170184865594,0.16864536255598067,0.14544552604881036,body,world,0.15723119052127005,0.1575891776010394,0.0022742317226856624,body,world
medium_medium,world_only,90254,False,True,,1.0,2.0,short,0.1,75,alarm,persistent,False,nan,0.2586484983563423,0.2015657290816307,-0.24935446362345404,body,body,0.2301071137189865,0.16355321742594242,-0.3414064861137921,body,world,0.19683016557246447,0.10301421033218502,-0.6474743101162389,world,world
medium_medium,world_only,90255,False,True,,1.0,2.0,medium,0.25,70,alarm,persistent,False,nan,0.24799686744809152,0.16997785419225692,-0.3777479557203649,body,world,0.20898736082017422,0.10269289575517178,-0.7105308357802577,world,world,0.155840128287673,0.17342983586713673,0.10694245027440413,body,body
medium_medium,world_only,90256,False,True,,1.0,-4.0,short,-0.2,70,alarm,persistent,False,nan,0.4035528004169464,0.1402734898030758,-1.056713319595366,world,world,0.2719131451100111,0.17635696642100812,-0.43297253657268603,body,world,0.2241350557655096,0.09925013286992908,-0.8146055393856191,world,world
medium_medium,world_only,90257,False,True,,1.0,-4.0,medium,-0.05,64,alarm,persistent,False,nan,0.559126353263855,0.4259295403957367,-0.2721015476169206,body,body,0.49252794682979584,0.13851045072078705,-1.2686054245858156,world,world,0.31551919877529144,0.11651778221130371,-0.9961756336677215,world,world
medium_medium,world_only,90258,False,True,,1.0,-1.0,short,0.25,67,alarm,persistent,False,nan,0.1210837185382843,0.12570708096027375,0.037472251133128756,body,world,0.12339539974927902,0.10046573281288147,-0.2055771292764906,body,world,0.11193056628108025,0.08798654587008059,-0.24069482018180283,body,world
medium_medium,world_only,90259,False,True,,1.0,1.0,medium,-0.25,71,alarm,persistent,False,nan,0.14908817633986474,0.2961907148361206,0.6864656353021323,body,body,0.22263944558799267,0.1743740625679493,-0.24435085043525934,body,world,0.19850675407797097,0.10312024177983403,-0.6549274218565189,world,world
medium_medium,world_only,90260,False,True,,1.0,-2.0,short,-0.05,78,alarm,persistent,False,nan,0.19305850360542537,0.11577382143586874,-0.5113547979261587,body,world,0.15441616252064705,0.11277518486604095,-0.3142549891102588,body,world,0.133595673693344,0.11323222247883677,-0.1653771019065438,body,world
medium_medium,world_only,90261,False,True,,1.0,-2.0,medium,0.15000000000000002,76,alarm,persistent,False,nan,0.25925556719303133,0.16578311324119568,-0.44713393376445637,body,world,0.2125193402171135,0.14935377705842257,-0.35271516268774855,body,world,0.18093655863776803,0.1302726348862052,-0.3285170192091802,body,world
medium_medium,world_only,90262,False,True,,1.0,-4.0,short,0.1,68,alarm,persistent,False,nan,0.3996686764061451,0.14270233511924743,-1.0298750067020517,world,world,0.2711855057626963,0.09638699470087886,-1.0344318270367572,world,world,0.18378625023178757,0.10913423509337009,-0.5211947596536658,body,world
medium_medium,world_only,90263,False,True,,1.0,-4.0,medium,-0.15000000000000002,76,alarm,persistent,False,nan,0.5065744251012803,0.5012049496173858,-0.010656154370258786,body,body,0.503889687359333,0.09730853736400605,-1.644470641792299,world,world,0.30059911236166953,0.0707918666768819,-1.4460334077702726,world,world
medium_medium,world_only,90264,False,True,,1.0,1.0,short,-0.15000000000000002,76,alarm,persistent,False,nan,0.1735848903656006,0.1692722722887993,-0.025158264213739904,body,world,0.17142858132719993,0.08445357102900744,-0.7079648163835344,world,world,0.12794107617810369,0.10821298663504422,-0.1674684320074863,body,world
medium_medium,world_only,90265,False,True,,1.0,1.0,medium,-0.05,73,alarm,persistent,False,nan,0.1609886461868882,0.23467681407928467,0.3768754664507299,body,body,0.19783273013308644,0.11854602312669157,-0.5121206103537044,body,world,0.15818937662988902,0.12071168264374137,-0.270387987389665,body,world
medium_medium,world_only,90266,False,True,,1.0,2.0,short,0.1,80,alarm,persistent,False,nan,0.28423932790756223,0.07972404435276985,-1.2712453611562031,world,world,0.18198168613016605,0.12721856012940408,-0.3579995031264924,body,world,0.15460012312978505,0.15412087216973305,-0.003104753821910472,body,world
medium_medium,world_only,90267,False,True,,1.0,2.0,medium,-0.05,73,alarm,persistent,False,nan,0.2039606288075447,0.23112596720457076,0.12503589529018544,body,body,0.21754329800605773,0.07813601642847061,-1.0239467936089242,world,world,0.14783965721726416,0.16127521777525544,0.08698404346774087,body,body
medium_medium,world_only,90268,False,True,,1.0,-4.0,short,-0.1,69,alarm,persistent,False,nan,0.42379194796085357,0.14020446315407753,-1.1061408377449002,world,world,0.2819982055574656,0.16927123665809632,-0.5103983286406608,body,world,0.22563472110778093,0.08955442123115062,-0.9240709144644579,world,world
medium_medium,world_only,90269,False,True,,1.0,4.0,medium,0.0,74,alarm,persistent,False,nan,0.5345555245876312,0.5075359344482422,-0.05186809122731001,body,body,0.5210457295179367,0.1884337194263935,-1.0170914865140515,world,world,0.3547397244721651,0.13518865960650145,-0.9647130686328234,world,world
medium_medium,world_only,90270,False,True,,1.0,-1.0,short,0.1,81,alarm,persistent,False,nan,0.1468529596924782,0.12039286643266678,-0.19867152974849223,body,world,0.13362291306257248,0.11817976059392095,-0.12281489121606098,body,world,0.12590133682824672,0.09851978053338825,-0.24524121355430328,body,world
medium_medium,world_only,90271,False,True,,1.0,1.0,medium,-0.15000000000000002,77,alarm,persistent,False,nan,0.23729817047715188,0.1663877062499523,-0.35499680871710926,body,world,0.2018429383635521,0.12582614105194806,-0.4725887409276812,body,world,0.16383453970775008,0.13666254039853812,-0.18134233594809107,body,world
medium_medium,world_only,90272,False,True,,1.0,-2.0,short,-0.2,58,alarm,persistent,False,nan,0.27247134000062945,0.050328883528709414,-1.6889542967381483,world,world,0.16140011176466942,0.12549716755747795,-0.2516032592516545,body,world,0.14344863966107368,0.13489491135114803,-0.061481018499371924,body,world
medium_medium,world_only,90273,False,True,,1.0,2.0,medium,-0.2,71,alarm,persistent,False,nan,0.2688142150640488,0.24044376611709595,-0.11153424918696218,body,body,0.25462899059057237,0.11032085777260363,-0.8364145380781477,world,world,0.182474924181588,0.11870452128350735,-0.42997537094284766,body,world
medium_medium,world_only,90274,False,True,,1.0,4.0,short,-0.15000000000000002,60,alarm,persistent,False,nan,0.46544312685728073,0.09467445611953736,-1.5925456837308047,world,world,0.28005879148840906,0.14299580007791518,-0.6721842909860902,world,world,0.21152729578316212,0.13182702828198672,-0.4728633767663453,body,world
medium_medium,world_only,90275,False,True,,1.0,4.0,medium,0.2,76,alarm,persistent,False,nan,0.5342975169420242,0.5094334304332733,-0.04765364417298858,body,body,0.5218654736876488,0.10462230797857046,-1.6070530431410852,world,world,0.3132438908331096,0.155525389383547,-0.7001730969883317,world,world
medium_medium,world_only,90276,False,True,,1.0,1.0,short,-0.1,69,alarm,persistent,False,nan,0.1384355127811432,0.09610492065548897,-0.36496408735168206,body,world,0.11727021671831608,0.13998186849057676,0.17703208694058037,body,world,0.1286260426044464,0.10401013824157417,-0.21242092240738886,body,world
medium_medium,world_only,90277,False,True,,1.0,-1.0,medium,0.25,75,alarm,persistent,False,nan,0.17783903926610947,0.12287134518846869,-0.36974103352170895,body,world,0.15035519222728908,0.12833666559308768,-0.15834343216388153,body,world,0.13934592891018838,0.07679978557862341,-0.5957576904431432,world,world
medium_medium,world_only,90278,False,True,,1.0,2.0,short,0.2,64,alarm,persistent,False,nan,0.17908380106091498,0.14991358518600464,-0.17779482931079815,body,world,0.16449869312345983,0.1296566940844059,-0.23801248301773328,body,world,0.14707769360393286,0.09786031716503203,-0.40741984821134614,body,world
medium_medium,world_only,90279,False,True,,1.0,-2.0,medium,-0.15000000000000002,63,alarm,persistent,False,nan,0.26677869260311127,0.2586832821369171,-0.030814983527808794,body,body,0.2627309873700142,0.13055831752717495,-0.699310642441194,world,world,0.19664465244859458,0.08631918653845787,-0.8233464081486153,world,world
medium_medium,world_only,90280,False,True,,1.0,4.0,short,0.2,77,alarm,persistent,False,nan,0.38074819669127463,0.052286262065172194,-1.9854045946150722,world,world,0.21651722937822343,0.09063829425722361,-0.8707933280315107,world,world,0.1535777618177235,0.1381693139206618,-0.10572718481570151,body,world
medium_medium,world_only,90281,False,True,,1.0,4.0,medium,0.1,77,alarm,persistent,False,nan,0.5086820781230926,0.5561400532722474,0.08919693643592126,body,body,0.5324110656976699,0.23156351037323475,-0.8325616920949538,world,world,0.38198728803545234,0.12369280280545354,-1.1275862356089947,world,world
medium_medium,world_only,90282,False,True,,1.0,1.0,short,0.15000000000000002,68,alarm,persistent,False,nan,0.12580144554376602,0.16544207334518432,0.2739162885411629,body,world,0.14562175944447517,0.09926193244755269,-0.38325043281803933,body,world,0.12244184594601393,0.14117289697751403,0.1423491685885542,body,world
medium_medium,world_only,90283,False,True,,1.0,-1.0,medium,-0.05,74,alarm,persistent,False,nan,0.14845052119344473,0.18521348237991334,0.22125740648407408,body,world,0.16683200178667904,0.10041673816740512,-0.5076584205796373,body,world,0.13362436997704208,0.12042522376868874,-0.10400364380300836,body,world
medium_medium,world_only,90284,False,True,,1.0,2.0,short,-0.2,72,alarm,persistent,False,nan,0.25089981108903886,0.1423792287707329,-0.5665595774743881,body,world,0.19663951992988588,0.17007322423160076,-0.1451431293627203,body,world,0.18335637208074332,0.09095116462558508,-0.7011089375567946,world,world
medium_medium,world_only,90285,False,True,,1.0,-2.0,medium,-0.2,73,alarm,persistent,False,nan,0.1637543823570013,0.2590894341468811,0.45880567103894165,body,body,0.2114219082519412,0.1404758244752884,-0.40882029600473835,body,world,0.1759488663636148,0.10231154998764395,-0.5421708511111019,body,world
medium_medium,world_only,90286,False,True,,1.0,4.0,short,-0.1,67,alarm,persistent,False,nan,0.4242490202188492,0.2162034071981907,-0.6741009301142465,body,body,0.32022621370851995,0.15342751368880272,-0.7357994319152817,world,world,0.23682686369866132,0.0925151371397078,-0.9399570653652559,world,world
medium_medium,world_only,90287,False,True,,1.0,4.0,medium,0.2,79,alarm,persistent,False,nan,0.5490463674068451,0.46910130977630615,-0.1573641384439294,body,body,0.5090738385915756,0.19671136094257236,-0.950855590582443,world,world,0.352892599767074,0.10623984222766011,-1.2004645600171473,world,world
medium_medium,world_only,90288,False,True,,1.0,-1.0,short,-0.05,78,alarm,persistent,False,nan,0.11457621231675148,0.12845601737499238,0.1143463571799797,body,world,0.12151611484587192,0.0975758595392108,-0.21941676442351102,body,world,0.10954598719254136,0.11751117939129471,0.07018903736091779,body,world
medium_medium,world_only,90289,False,True,,1.0,1.0,medium,-0.05,64,alarm,persistent,False,nan,0.2032392669469118,0.16735932976007462,-0.1942407637954379,body,world,0.1852992983534932,0.1545011021196842,-0.1817711169675691,body,world,0.16990020023658872,0.09622600292786956,-0.5685115853802348,body,world
medium_medium,world_only,90290,False,True,,1.0,2.0,short,0.1,66,alarm,persistent,False,nan,0.32318483144044874,0.18753768354654313,-0.5442445889894197,body,world,0.2553612574934959,0.1627972736954689,-0.4501735315583853,body,world,0.20907926559448242,0.08429565691621974,-0.9083830969809816,world,world
medium_medium,world_only,90291,False,True,,1.0,-2.0,medium,0.15000000000000002,75,alarm,persistent,False,nan,0.26666287481784823,0.3052848920226097,0.135260193373062,body,body,0.28597388342022895,0.2232853077352047,-0.2474501293368744,body,body,0.2546295955777168,0.13212496456690132,-0.6560617467875285,world,world
medium_medium,world_only,90292,False,True,,1.0,-4.0,short,0.1,74,alarm,persistent,False,nan,0.40129102766513824,0.12658375427126883,-1.1537827406656092,world,world,0.26393739096820357,0.10602907622233033,-0.9119985591151945,world,world,0.18498323359526694,0.11763782375492156,-0.4526545774349124,body,world
medium_medium,world_only,90293,False,True,,1.0,4.0,medium,0.1,69,alarm,persistent,False,nan,0.46270816326141356,0.5993802368640899,0.25879964438459707,body,body,0.5310442000627518,0.13555244989693166,-1.3654866075350673,world,world,0.3332983249798417,0.10072774263098835,-1.1966167001309675,world,world
medium_medium,world_only,90294,False,True,,1.0,-1.0,short,-0.1,70,alarm,persistent,False,nan,0.10482747964560986,0.11874718070030213,0.124680753287091,body,world,0.11178733017295599,0.05887352600693703,-0.6412067124282661,world,world,0.08533042808994651,0.11949801542796194,0.33676865452533183,body,world
medium_medium,world_only,90295,False,True,,1.0,1.0,medium,0.2,64,alarm,persistent,False,nan,0.1255265325307846,0.10712090507149696,-0.1585590003311716,body,world,0.11632371880114079,0.14499172726646065,0.22029970374783386,body,world,0.13065772303380072,0.15259536700323223,0.15520865538134,body,world
medium_medium,world_only,90296,False,True,,1.0,-2.0,short,0.25,84,alarm,persistent,False,nan,0.228196682035923,0.08995887562632561,-0.930855269185142,world,world,0.1590777788311243,0.08957597855478525,-0.5743060701018189,body,world,0.12432687869295478,0.12466055718250572,0.0026802853576761783,body,world
medium_medium,world_only,90297,False,True,,1.0,2.0,medium,-0.05,62,alarm,persistent,False,nan,0.2377195715904236,0.24137903675436972,0.015276756267741156,body,body,0.23954930417239667,0.09401374175213277,-0.9353182981589356,world,world,0.16678152296226473,0.10381477000191808,-0.474076456682772,body,world
medium_medium,world_only,90298,False,True,,1.0,4.0,short,0.05,62,alarm,persistent,False,nan,0.44136781096458433,0.1524900734424591,-1.0627790645501958,world,world,0.29692894220352173,0.08918935572728515,-1.202731156283496,world,world,0.19305914896540344,0.12208597315475345,-0.45827111873547655,body,world
medium_medium,world_only,90299,False,True,,1.0,-4.0,medium,0.05,67,alarm,persistent,False,nan,0.520494920015335,0.47869824767112734,-0.08370969239806779,body,body,0.4995965838432312,0.12983395354822277,-1.3475445868048623,world,world,0.31471526869572697,0.09085594844073057,-1.2423930530453697,world,world
medium_medium,world_only,90300,False,True,,1.0,-1.0,short,-0.15000000000000002,67,alarm,persistent,False,nan,0.11906100772321224,0.10043164845556021,-0.17015865043810477,body,world,0.10974632808938622,0.07800071854144335,-0.3414535556343171,body,world,0.09387352331541479,0.11131135169416666,0.1703828653099136,body,world
medium_medium,world_only,90301,False,True,,1.0,-1.0,medium,-0.25,72,alarm,persistent,False,nan,0.17457846850156783,0.09566309042274952,-0.6015417727429995,body,world,0.13512077946215867,0.11760421581566334,-0.13884415755434854,body,world,0.126362497638911,0.1002851882018149,-0.23113673268924118,body,world
medium_medium,world_only,90302,False,True,,1.0,-2.0,short,0.2,78,alarm,persistent,False,nan,0.1888618066906929,0.13858340084552764,-0.30954324952096846,body,world,0.16372260376811026,0.13754486963152884,-0.17422336681809175,body,world,0.15063373669981955,0.10632779067382217,-0.34832461811555865,body,world
medium_medium,world_only,90303,False,True,,1.0,2.0,medium,-0.15000000000000002,59,alarm,persistent,False,nan,0.298219296336174,0.2484413802623749,-0.18262218622107368,body,body,0.27333033829927444,0.11392381601035595,-0.875151149703916,world,world,0.1936270771548152,0.11868830893654377,-0.4894332221659561,body,world
medium_medium,world_only,90304,False,True,,1.0,4.0,short,0.05,80,alarm,persistent,False,nan,0.48601715862751005,0.1832236133515835,-0.9755365913207262,world,world,0.3346203859895468,0.1009139352478087,-1.198728685828942,world,world,0.21776716061867774,0.12079056976363063,-0.5893682038558532,world,world
medium_medium,world_only,90305,False,True,,1.0,-4.0,medium,-0.25,73,alarm,persistent,False,nan,0.44868725538253784,0.49008685946464536,0.08825653045671862,body,body,0.4693870574235916,0.11804242096841336,-1.3803836508476846,world,world,0.2937147391960025,0.10908326217904687,-0.990497557645049,world,world
medium_medium,world_only,90306,False,True,,1.0,1.0,short,-0.15000000000000002,64,alarm,persistent,False,nan,0.15147913321852685,0.13338169008493422,-0.12723301260600914,body,world,0.14243041165173054,0.07004839293658734,-0.7096672102881404,world,world,0.10623940229415893,0.08686975808814168,-0.2012850962053051,body,world
medium_medium,world_only,90307,False,True,,1.0,1.0,medium,-0.05,72,alarm,persistent,False,nan,0.21715324521064758,0.13993448466062547,-0.43942895705770674,body,world,0.1785438649356365,0.12982707992196083,-0.3186309023979964,body,world,0.15418547242879868,0.10746373999863863,-0.3610027558367039,body,world
medium_medium,world_only,90308,False,True,,1.0,-2.0,short,-0.25,62,alarm,persistent,False,nan,0.23276454582810402,0.15085254050791264,-0.4337246029577482,body,world,0.19180854316800833,0.114127894397825,-0.519178003282749,body,world,0.15296821878291667,0.11161604784429073,-0.315165341945282,body,world
medium_medium,world_only,90309,False,True,,1.0,2.0,medium,0.25,65,alarm,persistent,False,nan,0.2456052578985691,0.327303608506918,0.28716260209533606,body,body,0.28645443320274355,0.1064773827791214,-0.989646882767825,world,world,0.19646590799093247,0.14369207248091698,-0.31281629561194796,body,world
medium_medium,world_only,90310,False,True,,1.0,4.0,short,0.15000000000000002,70,alarm,persistent,False,nan,0.48828923851251604,0.11084720566868782,-1.482755204621219,world,world,0.2995682220906019,0.15190141461789608,-0.6791104558471951,world,world,0.225734818354249,0.14580538375303148,-0.4370881957240524,body,world
medium_medium,world_only,90311,False,True,,1.0,-4.0,medium,-0.05,66,alarm,persistent,False,nan,0.5111104309558868,0.4497766584157944,-0.1278345294736758,body,body,0.4804435446858406,0.1390067270025611,-1.2401874009965386,world,world,0.30972513584420086,0.11792715259362012,-0.9656181626732756,world,world
medium_medium,world_only,90312,False,True,,1.0,1.0,short,0.2,69,alarm,persistent,False,nan,0.19859649688005448,0.13131939768791198,-0.4136426063576827,body,world,0.16495794728398322,0.1340814271941781,-0.2072432954463255,body,world,0.14951968723908066,0.11301936320960522,-0.27986891150885107,body,world
medium_medium,world_only,90313,False,True,,1.0,-1.0,medium,-0.2,66,alarm,persistent,False,nan,0.14590244442224504,0.1559387981891632,0.06652540149003573,body,world,0.1509206213057041,0.10883219614624977,-0.32694680076815485,body,world,0.12987640872597694,0.07019857857376337,-0.6152552335540556,world,world
medium_medium,world_only,90314,False,True,,1.0,2.0,short,-0.05,66,alarm,persistent,False,nan,0.28997931107878683,0.1190396673977375,-0.8903528022849352,world,world,0.20450948923826218,0.11227078000083565,-0.5997007445582173,body,world,0.15839013461954893,0.1164062483701855,-0.307974981985672,body,world
medium_medium,world_only,90315,False,True,,1.0,2.0,medium,0.0,65,alarm,persistent,False,nan,0.2623092457652092,0.2386923313140869,-0.09434872912040594,body,body,0.2505007885396481,0.09465691596269607,-0.9732031245886956,world,world,0.17257885225117206,0.09192409692332149,-0.6298910434464757,world,world
medium_medium,world_only,90316,False,True,,1.0,4.0,short,-0.05,63,alarm,persistent,False,nan,0.44680740498006344,0.10550862103700638,-1.4433349748558768,world,world,0.27615801300853493,0.12185780517756939,-0.81811837915382,world,world,0.19900790909305216,0.11152186901308596,-0.5791238618061058,world,world
medium_medium,world_only,90317,False,True,,1.0,4.0,medium,0.25,84,alarm,persistent,False,nan,0.569211894273758,0.5199212670326233,-0.09057537191345712,body,body,0.5445665806531906,0.13958691377192736,-1.361302768370315,world,world,0.342076747212559,0.12216164725832641,-1.0296899736889842,world,world
medium_medium,world_only,90318,False,True,,1.0,-1.0,short,0.1,75,alarm,persistent,False,nan,0.16216899007558822,0.06842386238276958,-0.8629173111113407,world,world,0.1152964262291789,0.12029262464493513,0.04242088169483921,body,world,0.11779452543705701,0.10446722987107933,-0.12006836429304979,body,world
medium_medium,world_only,90319,False,True,,1.0,1.0,medium,-0.25,65,alarm,persistent,False,nan,0.12376731783151626,0.21173670887947083,0.5369402298478827,body,body,0.16775201335549356,0.14049556236714125,-0.1773108741994628,body,world,0.1541237878613174,0.10910750064067543,-0.34542245618729545,body,world
medium_medium,world_only,90320,False,True,,1.0,2.0,short,0.25,76,alarm,persistent,False,nan,0.22693128883838654,0.11595359966158866,-0.6714571711524012,body,world,0.1714424442499876,0.15351031050086023,-0.11047987407993728,body,world,0.16247637737542392,0.14556759323459117,-0.10989208415407557,body,world
medium_medium,world_only,90321,False,True,,1.0,2.0,medium,-0.15000000000000002,57,alarm,persistent,False,nan,0.26171825304627416,0.2178196430206299,-0.18360116031051904,body,body,0.23976894803345203,0.16166409887373448,-0.3941550242175319,body,world,0.20071652345359325,0.16699802642688155,-0.183911586985677,body,body
medium_medium,world_only,90322,False,True,,1.0,4.0,short,-0.1,74,alarm,persistent,False,nan,0.4514265269041061,0.07731236964464187,-1.764558664438068,world,world,0.26436944827437403,0.193392900750041,-0.3126236754002212,body,world,0.22888117451220752,0.11926186187192797,-0.6518813848462758,world,world
medium_medium,world_only,90323,False,True,,1.0,-4.0,medium,-0.05,75,alarm,persistent,False,nan,0.5464778900146484,0.9007589459419251,0.49974383186954197,body,body,0.7236184179782867,0.17157623618841172,-1.4392365127427267,world,world,0.4475973270833492,0.09516047267243266,-1.5483293522002741,world,world
medium_medium,world_only,90324,False,True,,1.0,1.0,short,-0.05,72,alarm,persistent,False,nan,0.22057412415742875,0.22099985256791116,0.0019282320282874629,body,body,0.22078698836266994,0.1408454081043601,-0.44953549067668463,body,world,0.18081619823351502,0.13120193211361766,-0.320743433067183,body,world
medium_medium,world_only,90325,False,True,,1.0,1.0,medium,0.05,80,alarm,persistent,False,nan,0.195802766084671,0.18454664200544357,-0.05920562335989988,body,world,0.1901747040450573,0.08670828305184841,-0.7853937285045901,world,world,0.13844149354845287,0.07044142582453787,-0.6756662820143293,world,world
medium_medium,world_only,90326,False,True,,1.0,2.0,short,0.1,73,alarm,persistent,False,nan,0.18573584090918302,0.14429114013910294,-0.2524923890957696,body,world,0.165013490524143,0.0893756415694952,-0.6131790519223806,body,world,0.12719456604681909,0.11508831167593599,-0.1000181689612576,body,world
medium_medium,world_only,90327,False,True,,1.0,-2.0,medium,0.25,78,alarm,persistent,False,nan,0.19005188941955567,0.20222510546445846,0.06208432334120421,body,body,0.19613849744200706,0.13147531561553477,-0.4000019092474638,body,world,0.16380690652877092,0.11292635188437998,-0.371952481937091,body,world
medium_medium,world_only,90328,False,True,,1.0,-4.0,short,0.15000000000000002,74,alarm,persistent,False,nan,0.461733677983284,0.11830751560628414,-1.361700971258315,world,world,0.2900205967947841,0.13134911693632603,-0.7920931507617264,world,world,0.21068485686555505,0.1395281392149627,-0.41209715190963103,body,world
medium_medium,world_only,90329,False,True,,1.0,4.0,medium,0.15000000000000002,75,alarm,persistent,False,nan,0.48416481614112855,0.5229793429374695,0.07711658806646866,body,body,0.5035720795392991,0.13693886455148457,-1.3021922768105483,world,world,0.3202554720453918,0.12515145775396377,-0.939594361559668,world,world
medium_medium,world_only,90330,False,True,,1.0,1.0,short,0.1,82,alarm,persistent,False,nan,0.15815984942018985,0.08154860734939576,-0.6624069751286827,body,world,0.1198542283847928,0.1607421430759132,0.29352524435826854,body,world,0.140298185730353,0.10455974321812392,-0.29401144218578684,body,world
medium_medium,world_only,90331,False,True,,1.0,1.0,medium,-0.05,61,alarm,persistent,False,nan,0.17567330598831177,0.2592592597007751,0.38920250957719416,body,body,0.21746628284454345,0.09997755922377109,-0.7770980640646681,world,world,0.15872192103415728,0.12269714414142072,-0.2574346704381697,body,world
medium_medium,world_only,90332,False,True,,1.0,-2.0,short,-0.1,70,alarm,persistent,False,nan,0.17771748304367066,0.09214723818004131,-0.6568074027350991,body,world,0.13493236061185598,0.09981254991143942,-0.30147969434783456,body,world,0.1173724552616477,0.08870214447379113,-0.2800681911525246,body,world
medium_medium,world_only,90333,False,True,,1.0,2.0,medium,0.1,72,alarm,persistent,False,nan,0.3323582485318184,0.22144268155097963,-0.406049667029354,body,body,0.276900465041399,0.14585494212806224,-0.6410455288864079,world,world,0.21137770358473063,0.14310531788505615,-0.39006574971097824,body,world
medium_medium,world_only,90334,False,True,,1.0,4.0,short,0.05,61,alarm,persistent,False,nan,0.4577385351061821,0.1235466942191124,-1.3096789615974889,world,world,0.29064261466264724,0.14618256837129592,-0.6872380752762716,world,world,0.2184125915169716,0.10737681854516268,-0.7100415791211719,world,world
medium_medium,world_only,90335,False,True,,1.0,-4.0,medium,0.1,77,alarm,persistent,False,nan,0.41219588220119474,0.5736887872219085,0.3305883881466481,body,body,0.4929423347115517,0.15291023682802915,-1.1705411372451193,world,world,0.32292628576979043,0.14014513636939227,-0.834745505774275,world,world
medium_medium,world_only,90336,False,True,,1.0,-1.0,short,-0.15000000000000002,76,alarm,persistent,False,nan,0.1108623430132866,0.14636437818408013,0.2778099748529915,body,world,0.12861336059868336,0.20256249364465476,0.454237750439705,body,body,0.16558792712166906,0.10670013832859696,-0.43947988070655797,body,world
medium_medium,world_only,90337,False,True,,1.0,1.0,medium,-0.25,60,alarm,persistent,False,nan,0.19838923066854477,0.2583091124892235,0.2639260657104411,body,body,0.22834917157888412,0.13514606542885305,-0.5245197520929819,body,world,0.18174761850386859,0.1179632730782032,-0.43224568226649773,body,world
medium_medium,world_only,90338,False,True,,1.0,2.0,short,-0.1,58,alarm,persistent,False,nan,0.24479236155748368,0.1411518469452858,-0.5505741077668646,body,world,0.19297210425138472,0.10756619218736888,-0.5844392415460462,body,world,0.1502691482193768,0.10299351804424077,-0.37776195304703813,body,world
medium_medium,world_only,90339,False,True,,1.0,2.0,medium,-0.05,61,alarm,persistent,False,nan,0.22151589207351208,0.2934008538722992,0.2810454415498416,body,body,0.25745837297290564,0.10851262230426073,-0.8639915478623715,world,world,0.18298549763858318,0.13603298352099955,-0.29650951960344235,body,world
medium_medium,world_only,90340,False,True,,1.0,4.0,short,-0.2,57,alarm,persistent,False,nan,0.4786737680435181,0.1708932973444462,-1.0299799269747232,world,world,0.32478353269398214,0.16525503005832434,-0.6756689898177635,world,world,0.24501928137615323,0.14949086708948017,-0.4941016056803717,body,world
medium_medium,world_only,90341,False,True,,1.0,4.0,medium,0.15000000000000002,71,alarm,persistent,False,nan,0.44415021538734434,0.5518946886062622,0.2171944184072017,body,body,0.4980224519968033,0.13842668998986482,-1.2803042890007117,world,world,0.31822457099333407,0.14578028358519077,-0.7806567503841224,world,world
medium_medium,world_only,90342,False,True,,1.0,1.0,short,-0.2,69,alarm,persistent,False,nan,0.21199275255203248,0.12341874688863755,-0.5409690683986581,body,world,0.167705749720335,0.12791791502386332,-0.2708221846618926,body,world,0.14781183237209916,0.11350321546196937,-0.26410889537295085,body,world
medium_medium,world_only,90343,False,True,,1.0,1.0,medium,-0.1,70,alarm,persistent,False,nan,0.22788249999284743,0.1440553441643715,-0.4586325849937296,body,world,0.18596892207860946,0.13077529408037664,-0.3520990361490979,body,world,0.15837210807949303,0.08128852839581668,-0.6669424740632982,world,world
medium_medium,world_only,90344,False,True,,1.0,2.0,short,0.2,65,alarm,persistent,False,nan,0.17848484814167023,0.10902758166193963,-0.4929028202671116,body,world,0.14375621490180493,0.10412252265959979,-0.32255060462306856,body,world,0.12393936878070236,0.0965880264993757,-0.24933770032415836,body,world
medium_medium,world_only,90345,False,True,,1.0,-2.0,medium,0.0,75,alarm,persistent,False,nan,0.2214514821767807,0.18910286128520964,-0.1579124167814193,body,world,0.2052771717309952,0.1333285676315427,-0.43154460811879675,body,world,0.16930286968126892,0.11921036820858717,-0.3507995068044986,body,world
medium_medium,world_only,90346,False,True,,1.0,4.0,short,-0.2,59,alarm,persistent,False,nan,0.4361381012946367,0.14975145757198333,-1.068981968967172,world,world,0.29294477943331004,0.17333423234522344,-0.5247624156562113,body,world,0.23313950588926674,0.1286983847618103,-0.5941654480059202,world,world
medium_medium,world_only,90347,False,True,,1.0,-4.0,medium,-0.2,63,alarm,persistent,False,nan,0.45448782444000246,0.5259225547313691,0.1459828431988409,body,body,0.4902051895856857,0.09353584730997681,-1.6564793012004273,world,world,0.2918705184478313,0.10322737949900329,-1.0393761508678019,world,world
medium_medium,world_only,90348,False,True,,1.0,-1.0,short,0.25,77,alarm,persistent,False,nan,0.18489317297935487,0.08584857471287251,-0.7671932297964152,body,world,0.13537087384611368,0.14144992418587207,0.043927536350260594,body,world,0.1384103990159929,0.11653489051386715,-0.1720324602025111,body,world
medium_medium,world_only,90349,False,True,,1.0,1.0,medium,0.05,63,alarm,persistent,False,nan,0.2507175803184509,0.18384713381528855,-0.31022250980376687,body,world,0.21728235706686974,0.13384907227009535,-0.4844848535471684,body,world,0.17556571466848253,0.14572227662429213,-0.18631082007741367,body,world
medium_medium,world_only,90350,False,True,,1.0,-2.0,short,0.05,79,alarm,persistent,False,nan,0.1812005765736103,0.14295231364667416,-0.23709347193357339,body,world,0.16207644511014224,0.10043739713728428,-0.4785334879756764,body,world,0.13125692112371326,0.08213028134778141,-0.4688498490667327,body,world
medium_medium,world_only,90351,False,True,,1.0,2.0,medium,0.25,75,alarm,persistent,False,nan,0.2743309110403061,0.2894293233752251,0.05357605156246666,body,body,0.28188011720776557,0.1348977144807577,-0.7369650435178947,world,world,0.20838891584426164,0.08091630842536687,-0.9459907303304038,world,world
medium_medium,world_only,90352,False,True,,1.0,-4.0,short,0.2,76,alarm,persistent,False,nan,0.43002804219722746,0.15719254463911056,-1.0063789680627944,world,world,0.293610293418169,0.1382877167314291,-0.7529169368396916,world,world,0.21594900507479906,0.1294756127637811,-0.5115497472153752,body,world
medium_medium,world_only,90353,False,True,,1.0,-4.0,medium,-0.05,65,alarm,persistent,False,nan,0.3962243914604187,0.8015114665031433,0.7045185823780477,body,body,0.598867928981781,0.24250705912709236,-0.904010268208476,world,world,0.4206874940544367,0.12217966578900814,-1.236397631818609,world,world
medium_medium,world_only,90354,False,True,,1.0,-1.0,short,-0.25,72,alarm,persistent,False,nan,0.17171165235340596,0.07461904883384704,-0.8334208092973527,world,world,0.1231653505936265,0.09159758985042572,-0.296122806703622,body,world,0.10738147022202611,0.11975546630565077,0.10906424622706579,body,world
medium_medium,world_only,90355,False,True,,1.0,1.0,medium,0.0,71,alarm,persistent,False,nan,0.16710064709186553,0.19755845069885253,0.16743818538474847,body,body,0.18232954889535904,0.13825850151479244,-0.27669062564748637,body,world,0.16029402520507574,0.12743245870806277,-0.22942329772272488,body,world
medium_medium,world_only,90356,False,True,,1.0,2.0,short,0.2,78,alarm,persistent,False,nan,0.16138547286391258,0.08431463837623596,-0.6492402485942715,body,world,0.12285005562007427,0.1110915083438158,-0.10061029053938739,body,world,0.11697078198194504,0.14464974086731672,0.21239106301358399,body,world
medium_medium,world_only,90357,False,True,,1.0,-2.0,medium,-0.1,69,alarm,persistent,False,nan,0.2666583776473999,0.2236287772655487,-0.17598092193813542,body,body,0.2451435774564743,0.07110069952905178,-1.2377468939051608,world,world,0.15812213849276305,0.1319769133813679,-0.1807407541657643,body,world
medium_medium,world_only,90358,False,True,,1.0,4.0,short,-0.15000000000000002,74,alarm,persistent,False,nan,0.4607379615306854,0.11520901918411255,-1.3860814314971768,world,world,0.287973490357399,0.13503031767904758,-0.757369099903683,world,world,0.21150190401822327,0.0873484042705968,-0.8843292327072608,world,world
medium_medium,world_only,90359,False,True,,1.0,-4.0,medium,-0.2,57,alarm,persistent,False,nan,0.5918174684047699,0.6593066692352295,0.10799052475558568,body,body,0.6255620688199997,0.1842105682939291,-1.2225710595189725,world,world,0.4048863185569644,0.13735820353031158,-1.0810141948300154,world,world
medium_medium,body_world,90360,True,True,m,1.436507707360915,1.0,short,-0.15000000000000002,74,alarm,persistent,False,nan,0.2490485668182373,0.10927713215351105,-0.8237607725348682,body,world,0.1791628494858742,0.0848123949021101,-0.7478534674965556,world,world,0.13198762219399213,0.11196156598161906,-0.1645524954084108,body,world
medium_medium,body_world,90361,True,True,l,1.4256287739373548,-1.0,medium,-0.25,60,alarm,persistent,False,nan,0.24404949247837066,0.18455162718892099,-0.2794417962506242,body,world,0.21430055983364582,0.19185890555381774,-0.11061927988543357,body,world,0.20307973269373178,0.10749316709116101,-0.6361713902125212,world,world
medium_medium,body_world,90362,True,True,m,1.4329806398316671,-2.0,short,0.2,74,alarm,persistent,False,nan,0.13038427382707596,0.13305091448128223,0.020245827881040596,body,world,0.1317175941541791,0.09073702935129405,-0.3726946568216194,body,world,0.11122731175273656,0.09540955792181194,-0.15339719965122178,body,world
medium_medium,body_world,90363,True,True,l,1.210563351806276,-2.0,medium,-0.15000000000000002,77,alarm,persistent,False,nan,0.2582981616258621,0.1560240849852562,-0.5041041966075196,body,world,0.20716112330555916,0.08881977037526667,-0.8468875993678913,world,world,0.1479904468404129,0.09263349687680603,-0.46849690973371233,body,world
medium_medium,body_world,90364,True,True,m,1.372696280105733,-4.0,short,-0.15000000000000002,58,alarm,persistent,False,nan,0.46123077124357226,0.031083467323333024,-2.6972224256081785,world,world,0.24615711928345263,0.08516727387905121,-1.0613527776813512,world,world,0.16566219658125192,0.09519921047613025,-0.553979106212587,body,world
medium_medium,body_world,90365,True,True,l,1.2749895656307437,-4.0,medium,-0.2,74,alarm,persistent,False,nan,0.4488095223903656,0.43553569316864016,-0.03002181944120986,body,body,0.44217260777950285,0.13611593898385763,-1.178193306085627,world,world,0.28914427338168025,0.11979508111253381,-0.8811431537216393,world,world
medium_medium,body_world,90366,True,True,m,1.3066897985826524,-1.0,short,-0.15000000000000002,69,alarm,persistent,False,nan,0.05602759029716253,0.09331129342317582,0.5100968914365084,body,world,0.07466944186016918,0.12328478787094355,0.5014260973611168,body,world,0.09897711486555635,0.12485689579043538,0.23227958736499113,body,world
medium_medium,body_world,90367,True,True,l,1.3576619828175316,1.0,medium,0.15000000000000002,62,alarm,persistent,False,nan,0.16351932287216187,0.10219434797763824,-0.4700547933639439,body,world,0.13285683542490007,0.1278493318706751,-0.03841964724407588,body,world,0.13035308364778758,0.15315281003713607,0.16118938460151033,body,world
medium_medium,body_world,90368,True,True,m,1.4143053583788585,2.0,short,0.05,60,alarm,persistent,False,nan,0.3468279495835304,0.15431106761097907,-0.8098583497894462,body,world,0.25056950859725474,0.10869305431842805,-0.8352084670937167,world,world,0.1796312814578414,0.12779991978313773,-0.3404403993613445,body,world
medium_medium,body_world,90369,True,True,l,1.3743712386074276,-2.0,medium,0.1,67,alarm,persistent,False,nan,0.08356102108955384,0.07359150052070618,-0.12704761943975165,body,world,0.07857626080513,0.127637430280447,0.48512404021427147,body,world,0.10310684554278851,0.12244590977206826,0.17190359365455343,body,world
medium_medium,body_world,90370,True,True,m,1.5116611087725051,4.0,short,-0.25,61,alarm,persistent,False,nan,0.5025236129760742,0.09351598471403122,-1.6815102486352658,world,world,0.2980197988450527,0.08901716377586126,-1.2083307208229168,world,world,0.19351848131045699,0.07959939213469625,-0.8883665622349532,world,world
medium_medium,body_world,90371,True,True,l,1.462891218935012,4.0,medium,0.2,69,alarm,persistent,False,nan,0.11340461522340775,0.2567002162337303,0.8169468411518204,body,body,0.18505241572856904,0.2538487233221531,0.3160993989089971,body,body,0.21945056952536107,0.10874355476116762,-0.7021346097221306,world,world
medium_medium,body_world,90372,True,True,m,1.6331779731038802,-1.0,short,-0.1,65,alarm,persistent,False,nan,0.091000647097826,0.15199886336922647,0.5130064255275928,body,world,0.12149975523352623,0.10773256197571754,-0.12026037016535611,body,world,0.11461615860462189,0.1114104516338557,-0.028367650518410597,body,world
medium_medium,body_world,90373,True,True,l,1.2018022497580947,-1.0,medium,0.1,66,alarm,persistent,False,nan,0.24628842920064925,0.13294146284461023,-0.6165944231954097,body,world,0.18961494602262974,0.11289639631286263,-0.5185248645849223,body,world,0.1512556711677462,0.10942970411852002,-0.32368921994772054,body,world
medium_medium,body_world,90374,True,True,m,1.3280228263513763,-2.0,short,0.1,73,alarm,persistent,False,nan,0.2521613359451294,0.11193489134311677,-0.8121517296959582,body,world,0.18204811364412307,0.12203447557985783,-0.39996742128836643,body,world,0.15204129461199045,0.13150963820517064,-0.1450720157603501,body,world
medium_medium,body_world,90375,True,True,l,1.308876304017658,2.0,medium,-0.25,65,alarm,persistent,False,nan,0.25255664587020876,0.1774625673890114,-0.35287586490872785,body,world,0.21500960662961005,0.12496310789138079,-0.5426641522557478,body,world,0.16998635726049544,0.09830965818837285,-0.5475959079237731,body,world
medium_medium,body_world,90376,True,True,m,1.5016949779873145,4.0,short,0.2,70,alarm,persistent,False,nan,0.15381174199283124,0.2914151296019554,0.6390194127898423,body,body,0.22261343579739332,0.12916338667273522,-0.5443586291973338,body,world,0.17588841123506427,0.14599703662097455,-0.18626344249875587,body,world
medium_medium,body_world,90377,True,True,l,1.2414565409093206,-4.0,medium,0.25,66,alarm,persistent,False,nan,0.16678877770900727,0.4166724860668182,0.9155723003518372,body,body,0.29173063188791276,0.21215039687231182,-0.3185354406125444,body,body,0.2519405143801123,0.11128408906515688,-0.8171067129261305,world,world
medium_medium,body_world,90378,True,True,m,1.4238236120964585,1.0,short,0.25,66,alarm,persistent,False,nan,0.1130277931690216,0.0808770339936018,-0.3347038433693736,body,world,0.09695241358131171,0.09550068639218807,-0.01508684167926927,body,world,0.09622654998674988,0.10628814063966274,0.09944840713378779,body,world
medium_medium,body_world,90379,True,True,l,1.2836548774066676,-1.0,medium,-0.25,64,alarm,persistent,False,nan,0.09151838906109333,0.13826852217316626,0.4126576819302526,body,world,0.1148934556171298,0.13478954490274192,0.15970940937413874,body,world,0.12484150025993586,0.12321871421299875,-0.01308399414905366,body,world
medium_medium,body_world,90380,True,True,m,1.3621236417497946,2.0,short,0.2,70,alarm,persistent,False,nan,0.07972994409501552,0.2247867614030838,1.0365070003943682,body,body,0.15225835274904967,0.10463713929057121,-0.37508021839667016,body,world,0.12844774601981043,0.0935733909253031,-0.31677611779140435,body,world
medium_medium,body_world,90381,True,True,l,1.3983378082528164,-2.0,medium,-0.2,74,alarm,persistent,False,nan,0.20324514508247377,0.24533293694257735,0.18820335262672985,body,body,0.22428904101252556,0.1132654508575797,-0.6832013952462305,world,world,0.16877724593505264,0.10585701642557979,-0.4664904922328863,body,world
medium_medium,body_world,90382,True,True,m,1.3509200717074077,-4.0,short,-0.2,74,alarm,persistent,False,nan,0.4442718610167503,0.09153037294745445,-1.5797658126596734,world,world,0.2679011169821024,0.09806283451616764,-1.005009504199113,world,world,0.18298197574913502,0.10536061860620975,-0.5519987260413911,body,world
medium_medium,body_world,90383,True,True,l,1.2311925915846564,4.0,medium,-0.2,58,alarm,persistent,False,nan,0.47646449208259584,0.42831666469573976,-0.10653040933113743,body,body,0.4523905783891678,0.110920290928334,-1.4057340745728266,world,world,0.28165543465875087,0.1031957626575604,-1.0040566682580434,world,world
medium_medium,body_world,90384,True,True,m,1.524037917146982,-1.0,short,0.25,63,alarm,persistent,False,nan,0.05222753956913948,0.1049814436584711,0.6981736737561386,body,world,0.0786044916138053,0.15614311415702103,0.6863441421229752,body,world,0.11737380288541317,0.12071824660524726,0.028095551460925607,body,world
medium_medium,body_world,90385,True,True,l,1.3531822605860213,1.0,medium,-0.2,58,alarm,persistent,False,nan,0.17365822084248067,0.24801956564188005,0.35641851725257856,body,body,0.21083889324218036,0.15018618060275912,-0.3392185742372659,body,world,0.18051253692246974,0.15275579057633876,-0.16695972581519922,body,world
medium_medium,body_world,90386,True,True,m,1.3095845696334245,2.0,short,0.1,61,alarm,persistent,False,nan,0.3148191511631012,0.21250362768769265,-0.3930392909717558,body,body,0.2636613894253969,0.1528120066970587,-0.545457212572068,body,world,0.2082366980612278,0.10690602343529462,-0.6667252412591875,world,world
medium_medium,body_world,90387,True,True,l,1.3723802328668413,-2.0,medium,-0.2,61,alarm,persistent,False,nan,0.24549663215875625,0.19083046317100524,-0.2518978223509635,body,world,0.21816354766488075,0.18228623792529106,-0.17966681268578838,body,world,0.2002248927950859,0.09776465012691915,-0.7168781377306384,world,world
medium_medium,body_world,90388,True,True,m,1.6369604542264304,4.0,short,0.25,64,alarm,persistent,False,nan,0.1799946676939726,0.4594659388065338,0.9371375858739942,body,body,0.3197303032502532,0.15232148468494416,-0.741484519953885,world,world,0.23602589396759868,0.14457124518230557,-0.4901690869190243,body,world
medium_medium,body_world,90389,True,True,l,1.4434986184388112,4.0,medium,0.1,68,alarm,persistent,False,nan,0.21037202477455139,0.35207466781139374,0.5149657676418992,body,body,0.2812233462929726,0.18922562841326,-0.3962090761176445,body,world,0.23522448735311627,0.08093269420787692,-1.0669224499522207,world,world
medium_medium,body_world,90390,True,True,m,1.628686273513856,1.0,short,-0.25,63,alarm,persistent,False,nan,0.19788545314222575,0.11425985172390937,-0.5492130882161647,body,world,0.15607265243306756,0.10074780080467463,-0.43770124721298165,body,world,0.12841022661887108,0.11958398977294564,-0.07121106686751738,body,world
medium_medium,body_world,90391,True,True,l,1.4997252692437577,-1.0,medium,-0.25,60,alarm,persistent,False,nan,0.06514838561415673,0.07423906866461039,0.13062301973006654,body,world,0.06969372713938356,0.10742854047566652,0.43271557105286107,body,world,0.08856113380752503,0.07568928929977119,-0.15705642936465816,body,world
medium_medium,body_world,90392,True,True,m,1.4793682183432437,2.0,short,-0.2,56,alarm,persistent,False,nan,0.20981671661138535,0.12366172708570958,-0.528684541145499,body,world,0.16673922184854745,0.060409586131572726,-1.0152832429811058,world,world,0.1135744039900601,0.10853702190797776,-0.04536683338906443,body,world
medium_medium,body_world,90393,True,True,l,1.373838534697687,-2.0,medium,0.2,80,alarm,persistent,False,nan,0.11218528263270855,0.15166621804237365,0.3015303586626189,body,world,0.13192575033754111,0.13203130215406417,0.0007997651220365012,body,world,0.13197852624580264,0.09918489796109498,-0.28565346499052297,body,world
medium_medium,body_world,90394,True,True,m,1.374879786515465,4.0,short,-0.2,58,alarm,persistent,False,nan,0.39847595542669295,0.13060221076011658,-1.1154910142920615,world,world,0.2645390830934048,0.14497373839840294,-0.6014363910268912,body,world,0.20475641074590384,0.14119282071478664,-0.3716945533869593,body,world
medium_medium,body_world,90395,True,True,l,1.2278138310881848,-4.0,medium,-0.2,72,alarm,persistent,False,nan,0.49032524824142454,0.6272870600223541,0.24633532401013689,body,body,0.5588061541318894,0.14816573336720468,-1.327471173160923,world,world,0.353485943749547,0.15744223594665527,-0.8087850863612785,world,world
medium_medium,body_world,90396,True,True,m,1.5997246997728216,1.0,short,-0.15000000000000002,76,alarm,persistent,False,nan,0.09385445024818181,0.13827145397663115,0.38747363019175973,body,world,0.1160629521124065,0.11562666273675859,-0.0037661583720444494,body,world,0.11584480742458254,0.12674633455462753,0.08993629501817843,body,world
medium_medium,body_world,90397,True,True,l,1.2083810902658325,1.0,medium,0.15000000000000002,74,alarm,persistent,False,nan,0.08954824041575193,0.146978472918272,0.49550865419043544,body,world,0.11826335666701197,0.09472616370767355,-0.22192373183408604,body,world,0.10649476018734276,0.11976320240646601,0.11742069613454525,body,world
medium_medium,body_world,90398,True,True,m,1.605681322392905,2.0,short,-0.05,61,alarm,persistent,False,nan,0.13717520236968994,0.1820693626999855,0.28312876999707837,body,world,0.15962228253483773,0.10217377990484237,-0.44613520200117723,body,world,0.13089803121984006,0.12512934296391903,-0.04507068642999987,body,world
medium_medium,body_world,90399,True,True,l,1.216354811034764,-2.0,medium,-0.25,60,world,settled,True,0.12321551889181137,0.22908710762858392,0.19268565475940705,-0.17304218462196944,body,world,0.21088638119399547,0.10291134305298329,-0.7174516401755158,world,world,0.15689886212348939,0.13248593490570784,-0.16912491933558513,body,world
medium_medium,body_world,90400,True,True,m,1.3999353886758357,4.0,short,-0.05,71,alarm,persistent,False,nan,0.32268731147050855,0.1375895980745554,-0.8524084511384434,world,world,0.23013845477253198,0.08359610317274928,-1.0126841988413466,world,world,0.15686727897264063,0.11800126740708947,-0.28470472582450485,body,world
medium_medium,body_world,90401,True,True,l,1.3909618610188579,-4.0,medium,0.2,64,alarm,persistent,False,nan,0.20882969498634338,0.21752685606479644,0.040803255802071337,body,body,0.21317827552556992,0.22144574513658882,0.03804882659162333,body,body,0.21731201033107936,0.10542451455257833,-0.72333896152049,world,world
medium_medium,body_world,90402,True,True,m,1.4765881692612393,-1.0,short,-0.15000000000000002,72,alarm,persistent,False,nan,0.1383534401655197,0.08409633561968803,-0.497848577268771,body,world,0.11122488789260387,0.11948383077979088,0.07162688617646049,body,world,0.11535435933619738,0.10709389415569603,-0.0743028110129514,body,world
medium_medium,body_world,90403,True,True,l,1.2287348099119875,1.0,medium,-0.1,60,alarm,persistent,False,nan,0.17039278857409954,0.21663941964507102,0.24012801790426028,body,body,0.19351610410958528,0.0764932457357645,-0.9281582884804819,world,world,0.1350046749226749,0.09684973317198456,-0.33214877211119115,body,world
medium_medium,body_world,90404,True,True,m,1.5959684874168683,-2.0,short,-0.2,61,alarm,persistent,False,nan,0.16126240827143193,0.08109770882874727,-0.6873781937003958,body,world,0.12118005855008959,0.12329988293349743,0.01734193404237822,body,world,0.12223997074179352,0.09033334632404148,-0.30247941004751244,body,world
medium_medium,body_world,90405,True,True,l,1.4263406910614387,-2.0,medium,-0.15000000000000002,77,alarm,persistent,False,nan,0.2582218527793884,0.3334622040390968,0.255710417798205,body,body,0.2958420284092426,0.12044203914701938,-0.898656989773029,world,world,0.208142033778131,0.13511217662598937,-0.4321153299937911,body,world
medium_medium,body_world,90406,True,True,m,1.5761825745829299,-4.0,short,0.25,68,alarm,persistent,False,nan,0.08945133537054062,0.3067072905600071,1.232199103294541,body,body,0.19807931296527387,0.08129797149449587,-0.8905464556439869,world,world,0.13968864222988486,0.1082683133892715,-0.2548034324316429,body,world
medium_medium,body_world,90407,True,True,l,1.3075505965528191,-4.0,medium,0.25,60,alarm,persistent,False,nan,0.09573101699352264,0.2962416082620621,1.1296330130434484,body,body,0.19598631262779237,0.355871594697237,0.5965251534750123,body,body,0.2759289536625147,0.20788401002064347,-0.28316313828567957,body,body
medium_medium,body_world,90408,True,True,m,1.5508532757037867,1.0,short,-0.25,74,alarm,persistent,False,nan,0.10367239713668823,0.055568081047385934,-0.6236269453023364,body,world,0.07962023909203708,0.09418070474639535,0.16794700727842327,body,world,0.08690047191921621,0.0926949504762888,0.06455053656175165,body,world
medium_medium,body_world,90409,True,True,l,1.386472676208235,1.0,medium,0.05,62,alarm,persistent,False,nan,0.13909627869725227,0.2086752250790596,0.40561275049090234,body,body,0.17388575188815594,0.18114821296185254,0.04091706711337438,body,world,0.17751698242500424,0.13973546612542123,-0.23931517244828024,body,world
medium_medium,body_world,90410,True,True,m,1.305798982810204,2.0,short,0.0,73,alarm,persistent,False,nan,0.2619957685470581,0.12731030089780687,-0.7217009324712814,body,world,0.1946530347224325,0.1226543014869094,-0.4618488232733125,body,world,0.15865366810467094,0.0686527319252491,-0.837662712097005,world,world
medium_medium,body_world,90411,True,True,l,1.201605261104429,-2.0,medium,0.15000000000000002,64,alarm,persistent,False,nan,0.13405723497271538,0.21652905866503716,0.479457923177319,body,body,0.17529314681887626,0.12692491002380848,-0.3228640452056988,body,world,0.15110902842134238,0.14697246812283993,-0.02775634123697821,body,world
medium_medium,body_world,90412,True,True,m,1.6785527327767333,-4.0,short,-0.2,66,alarm,persistent,False,nan,0.4582407720386982,0.13825702480971813,-1.1982802976435627,world,world,0.29824889842420815,0.13725713593885303,-0.7760722962000898,world,world,0.2177530171815306,0.09270591270178556,-0.8539292180804416,world,world
medium_medium,body_world,90413,True,True,l,1.497413653722908,4.0,medium,-0.05,68,alarm,persistent,False,nan,0.44951817989349363,0.6359928727149964,0.3470110590586812,body,body,0.542755526304245,0.23967098370194434,-0.817391909195023,world,world,0.3912132550030947,0.15647925189696252,-0.9163293950658855,world,world
medium_medium,body_world,90414,True,True,m,1.6384059842206313,-1.0,short,-0.1,67,alarm,persistent,False,nan,0.1617398038506508,0.08068768829107284,-0.6954028927337982,body,world,0.12121374607086181,0.16325333286076785,0.2977477000040067,body,world,0.14223353946581482,0.20109988683834673,0.3463313832845233,body,body
medium_medium,body_world,90415,True,True,l,1.4445958942354706,1.0,medium,-0.15000000000000002,61,alarm,persistent,False,nan,0.17217572927474975,0.17393604218959807,0.010172020938057278,body,world,0.17305588573217393,0.11760774557478726,-0.3862596842194526,body,world,0.14533181565348058,0.10043707992881537,-0.3694880507999192,body,world
medium_medium,body_world,90416,True,True,m,1.4228738912776615,-2.0,short,-0.05,70,alarm,persistent,False,nan,0.12709945626556873,0.11702492795884609,-0.08258292860016497,body,world,0.12206219211220741,0.16054801791906356,0.27406238863586546,body,world,0.14130510501563548,0.10791311470093205,-0.2695950081167019,body,world
medium_medium,body_world,90417,True,True,l,1.412003609654068,-2.0,medium,-0.15000000000000002,63,alarm,persistent,False,nan,0.17169748321175576,0.18567834347486495,0.07828173078880085,body,world,0.17868791334331036,0.10453205611556768,-0.5361470018474984,body,world,0.14160998472943903,0.10077677303925156,-0.34016878951246066,body,world
medium_medium,body_world,90418,True,True,m,1.6633408277228265,4.0,short,0.25,65,alarm,persistent,False,nan,0.11987599432468414,0.26952923089265823,0.8102190200423857,body,body,0.1947026126086712,0.08491809256374835,-0.8297861559093653,world,world,0.13981035258620977,0.09506301349028945,-0.3857469082798771,body,world
medium_medium,body_world,90419,True,True,l,1.4868039659450991,-4.0,medium,0.25,75,alarm,persistent,False,nan,0.2331786870956421,0.23689987510442734,0.01583252690027845,body,body,0.23503928110003472,0.2765972387045622,0.16280978239664887,body,body,0.25581825990229845,0.1561553541570902,-0.4936158984174846,body,world
medium_medium,body_world,90420,True,True,m,1.5449902128447706,1.0,short,-0.05,63,alarm,persistent,False,nan,0.1914568305015564,0.12316013053059578,-0.44117697211620804,body,world,0.1573084805160761,0.11688016839325428,-0.29705951344078696,body,world,0.13709432445466518,0.11638509868644178,-0.16376467964545374,body,world
medium_medium,body_world,90421,True,True,l,1.3429074718778478,1.0,medium,-0.05,68,alarm,persistent,False,nan,0.14519758373498917,0.07530216760933399,-0.6565865406045667,body,world,0.11024987567216157,0.13990591000765562,0.23822073865803692,body,world,0.1250778928399086,0.10582149289548397,-0.16718304069586307,body,world
medium_medium,body_world,90422,True,True,m,1.4859152920245902,2.0,short,-0.2,56,alarm,persistent,False,nan,0.3972467303276062,0.08462265022099018,-1.5463556107287455,world,world,0.2409346902742982,0.19086041040718554,-0.23298357676084147,body,world,0.21589755034074187,0.09592924574390053,-0.8111930949569519,world,world
medium_medium,body_world,90423,True,True,l,1.4537628318674107,-2.0,medium,0.0,61,alarm,persistent,False,nan,0.27720837742090226,0.3017900750041008,0.08496217135413799,body,body,0.2894992262125015,0.12356128245592117,-0.8514153769559235,world,world,0.20653025433421135,0.17473663110285997,-0.16716703656307408,body,body
medium_medium,body_world,90424,True,True,m,1.5039422662674549,-4.0,short,-0.2,72,alarm,persistent,False,nan,0.39246969297528267,0.1653610125184059,-0.8643282804211775,world,world,0.2789153527468443,0.12614776622503995,-0.7934543729774358,world,world,0.20253155948594212,0.10970080122351647,-0.6131390526926123,world,world
medium_medium,body_world,90425,True,True,l,1.484051795950852,4.0,medium,0.0,66,alarm,persistent,False,nan,0.4718543112277985,0.6153240442276001,0.2654787549394554,body,body,0.5435891777276993,0.15157912084832786,-1.2770860351088944,world,world,0.34758414928801357,0.17315952582284808,-0.6967935077200205,world,world
medium_medium,body_world,90426,True,True,m,1.499613542769097,-1.0,short,-0.2,68,alarm,persistent,False,nan,0.2259238213300705,0.09444925300776959,-0.8721351836374344,world,world,0.16018653716892003,0.1063521858304739,-0.40958289884273474,body,world,0.13326936149969698,0.18751407954841853,0.3414815789640343,body,body
medium_medium,body_world,90427,True,True,l,1.2434438593395136,1.0,medium,0.05,67,alarm,persistent,False,nan,0.1908961921930313,0.22019419111311436,0.1427800599638077,body,body,0.20554519165307283,0.10961490347981453,-0.6286925745553943,body,world,0.15758004756644367,0.13940308932214976,-0.12256390802756006,body,world
medium_medium,body_world,90428,True,True,m,1.5747146197091175,2.0,short,0.25,64,alarm,persistent,False,nan,0.19397750087082385,0.24866687059402465,0.24837195417346428,body,body,0.22132218573242426,0.14312368184328078,-0.4359103294356861,body,world,0.18222293378785254,0.09584006173536182,-0.6425500698905365,world,world
medium_medium,body_world,90429,True,True,l,1.4646053079069046,-2.0,medium,0.1,67,alarm,persistent,False,nan,0.14523610845208168,0.26603319495916367,0.6052603418010414,body,body,0.20563465170562267,0.14600008614361287,-0.34249384707116365,body,world,0.17581736892461777,0.11547296731732785,-0.42040932634698125,body,world
medium_medium,body_world,90430,True,True,m,1.6725099978259204,-4.0,short,0.1,62,alarm,persistent,False,nan,0.29061577618122103,0.23228839486837388,-0.2240223569572896,body,body,0.26145208552479743,0.14113959521055222,-0.6165015997966671,body,world,0.20129584036767484,0.1295296130236238,-0.44086614159039134,body,world
medium_medium,body_world,90431,True,True,l,1.3236542402011626,-4.0,medium,0.1,67,alarm,persistent,False,nan,0.3384144976735115,0.3879643976688385,0.13664210818854805,body,body,0.363189447671175,0.22150387912988662,-0.4944844902026931,body,body,0.29234666340053084,0.11776690380647778,-0.9092330221898869,world,world
medium_medium,body_world,90432,True,True,m,1.3642720743548598,-1.0,short,0.15000000000000002,61,alarm,persistent,False,nan,0.08845841735601426,0.15274202600121498,0.5462178125401629,body,world,0.12060022167861462,0.23446170389652252,0.6648111425176271,body,body,0.17753096278756858,0.12242513764649629,-0.3716453100217289,body,world
medium_medium,body_world,90433,True,True,l,1.3743791243103016,-1.0,medium,0.05,77,alarm,persistent,False,nan,0.1373281031847,0.06962806284427643,-0.6792052884877064,body,world,0.10347808301448821,0.19073160225525498,0.6115073840319348,body,world,0.1471048426348716,0.16836237758398057,0.13497311806192477,body,body
medium_medium,body_world,90434,True,True,m,1.4747028802268096,2.0,short,-0.05,62,alarm,persistent,False,nan,0.19746834598481655,0.11724510975182056,-0.5213115994184152,body,world,0.15735672786831856,0.17647618111222982,0.11467053611924846,body,world,0.1669164544902742,0.10697911106981337,-0.44485982296869725,body,world
medium_medium,body_world,90435,True,True,l,1.3038106075252267,-2.0,medium,-0.2,60,alarm,persistent,False,nan,0.17132807299494743,0.20338593274354935,0.17152504671829544,body,body,0.1873570028692484,0.10258296169340611,-0.6023440495000815,body,world,0.14496998228132724,0.08502838956192135,-0.5335415066671804,body,world
medium_medium,body_world,90436,True,True,m,1.6168586909623586,4.0,short,-0.05,79,alarm,persistent,False,nan,0.3746602192521095,0.08251606151461602,-1.5130265738180038,world,world,0.22858814038336278,0.07894398579373955,-1.063183310283774,world,world,0.15376606308855117,0.12457494563423097,-0.21052486884471927,body,world
medium_medium,body_world,90437,True,True,l,1.3291113567705524,-4.0,medium,0.15000000000000002,77,alarm,persistent,False,nan,0.23727842271327973,0.3979292571544647,0.5170400126399938,body,body,0.3176038399338722,0.20887149590998888,-0.4190856090113584,body,body,0.26323766792193054,0.07571990648284554,-1.24601621311472,world,world
medium_medium,body_world,90438,True,True,m,1.329008599029527,-1.0,short,0.05,80,alarm,persistent,False,nan,0.15113903433084488,0.07819929514080286,-0.6589395363700673,body,world,0.11466916473582386,0.07903805864043534,-0.37212166255223933,body,world,0.0968536116881296,0.11067350623197854,0.1333838009163399,body,world
medium_medium,body_world,90439,True,True,l,1.445391509411858,1.0,medium,0.0,66,alarm,persistent,False,nan,0.11281250454485417,0.28436082899570464,0.9245167675465426,body,body,0.19858666677027942,0.12675078641623258,-0.449002766336668,body,world,0.16266872659325599,0.12020077016204596,-0.3025523511692542,body,world
medium_medium,body_world,90440,True,True,m,1.5564106744089927,2.0,short,0.25,74,alarm,persistent,False,nan,0.14348853193223476,0.19122248589992524,0.2871824826239742,body,world,0.16735550891608,0.11241846680641174,-0.39789212625075365,body,world,0.13988698786124587,0.10736297024413943,-0.2646195280124284,body,world
medium_medium,body_world,90441,True,True,l,1.3070596772413094,2.0,medium,0.2,71,alarm,persistent,False,nan,0.1639617055654526,0.16413488388061523,0.001055654565246285,body,world,0.1640482947230339,0.16292691174894572,-0.006859158422182939,body,world,0.16348760323598982,0.10033488050103187,-0.4882237700381901,body,world
medium_medium,body_world,90442,True,True,m,1.6269524228642334,4.0,short,0.25,74,alarm,persistent,False,nan,0.17277074344456195,0.3370698645710945,0.6683246888675672,body,body,0.2549203040078282,0.10147379050031305,-0.9211504195419878,world,world,0.17819704725407065,0.10674275429919362,-0.5124681706692473,body,world
medium_medium,body_world,90443,True,True,l,1.378277312801848,-4.0,medium,-0.1,72,alarm,persistent,False,nan,0.3660134106874466,0.18331612683832646,-0.6914578424078718,body,world,0.27466476876288654,0.0962349558249116,-1.0487586735401426,world,world,0.18544986229389906,0.15207100063562393,-0.19843704015471206,body,world
medium_medium,body_world,90444,True,True,m,1.453510197141481,1.0,short,0.0,71,alarm,persistent,False,nan,0.10740940645337105,0.2028391629457474,0.6357656026415037,body,body,0.15512428469955922,0.0795459320768714,-0.6678920155979121,world,world,0.1173351083882153,0.11906271316111088,0.014616340524748733,body,world
medium_medium,body_world,90445,True,True,l,1.3665797638238526,-1.0,medium,0.0,62,alarm,persistent,False,nan,0.16088089048862458,0.1523409828543663,-0.054542963920364874,body,world,0.15661093667149545,0.13334927204996347,-0.16079282770777664,body,world,0.14498010436072944,0.1260879281209782,-0.13961701589813316,body,world
medium_medium,body_world,90446,True,True,m,1.33490869903924,-2.0,short,-0.25,64,alarm,persistent,False,nan,0.21287726908922194,0.1973990499973297,-0.07548848377156687,body,body,0.20513815954327583,0.1641471192240715,-0.2229206069901244,body,world,0.18464263938367367,0.07839855633210391,-0.8566167649176718,world,world
medium_medium,body_world,90447,True,True,l,1.360545744961593,2.0,medium,0.25,71,alarm,persistent,False,nan,0.12365679666399956,0.14679074250161647,0.1714980928019265,body,world,0.13522376958280802,0.17008640579879283,0.2293756186500506,body,world,0.15265508769080044,0.11086283347103745,-0.31988734508191097,body,world
medium_medium,body_world,90448,True,True,m,1.3926898559008811,4.0,short,0.0,79,alarm,persistent,False,nan,0.320281457901001,0.17638856619596482,-0.5965108411629836,body,world,0.2483350120484829,0.08368934728205205,-1.087666992835661,world,world,0.16601217966526746,0.1129689656663686,-0.38494801627129854,body,world
medium_medium,body_world,90449,True,True,l,1.4996288562259714,4.0,medium,-0.15000000000000002,69,alarm,persistent,False,nan,0.6029803842306137,0.4139385223388672,-0.37616719986801744,body,body,0.5084594532847404,0.31886748746037485,-0.4666098577512256,body,body,0.41366347037255763,0.1055310802999884,-1.366047260238316,world,world
medium_medium,body_world,90450,True,True,m,1.6497126455801099,-1.0,short,-0.15000000000000002,68,alarm,persistent,False,nan,0.12009935230016708,0.07830660864710808,-0.42768733500847034,body,world,0.09920298047363758,0.10225017447955906,0.030254442386375542,body,world,0.10072657747659833,0.1158829087857157,0.14017058211541963,body,world
medium_medium,body_world,90451,True,True,l,1.4011624978174013,-1.0,medium,-0.1,69,alarm,persistent,False,nan,0.14073711149394513,0.13913378417491912,-0.011457746297985186,body,world,0.13993544783443213,0.09350451882928609,-0.4031714645273578,body,world,0.11671998333185911,0.08808029750362038,-0.2815288913489368,body,world
medium_medium,body_world,90452,True,True,m,1.3459971515369575,2.0,short,0.0,75,alarm,persistent,False,nan,0.2059817833825946,0.06806155666708946,-1.1073751939047027,world,world,0.13702167002484203,0.13446305617690085,-0.01884960263647503,body,world,0.13574236310087145,0.11063209967687726,-0.20454842100887677,body,world
medium_medium,body_world,90453,True,True,l,1.3128410648573021,-2.0,medium,-0.2,60,alarm,persistent,False,nan,0.19297307953238488,0.12652077041566373,-0.4221442071893088,body,world,0.1597469249740243,0.13489579707384108,-0.16908823721991117,body,world,0.1473213610239327,0.16707303551957012,0.12581472516345432,body,body
medium_medium,body_world,90454,True,True,m,1.4532800695650452,4.0,short,0.25,80,alarm,persistent,False,nan,0.10132255405187607,0.3472374752163887,1.2316998799007683,body,body,0.22428001463413239,0.0672568098641932,-1.2043770612284614,world,world,0.1457684122491628,0.1433162116445601,-0.016965685620237536,body,world
medium_medium,body_world,90455,True,True,l,1.4639866887179158,4.0,medium,0.1,63,alarm,persistent,False,nan,0.22012579143047334,0.33795427083969115,0.4287114307780236,body,body,0.27904003113508224,0.1856563903391361,-0.40745765083566643,body,world,0.23234821073710918,0.11645257025957108,-0.690753086905203,world,world
medium_medium,body_world,90456,True,True,m,1.437503394575647,1.0,short,-0.05,71,alarm,persistent,False,nan,0.09126595593988895,0.3237891435623169,1.2663146756696444,body,body,0.20752754975110294,0.13483272362500429,-0.4312291748628684,body,world,0.1711801366880536,0.14789977450855077,-0.14618158786338678,body,world
medium_medium,body_world,90457,True,True,l,1.433005966120608,-1.0,medium,0.1,79,alarm,persistent,False,nan,0.17965641766786575,0.2161515824496746,0.18493369606510607,body,body,0.19790400005877018,0.1000530181452632,-0.6820818379854231,world,world,0.14897850910201668,0.10142824738286435,-0.3844504351699374,body,world
medium_medium,body_world,90458,True,True,m,1.5714723561915191,-2.0,short,0.1,75,alarm,persistent,False,nan,0.14542966485023498,0.10692971535027027,-0.30752081389777103,body,world,0.12617969010025262,0.09822526164352893,-0.25044357376920456,body,world,0.11220247587189078,0.13372778033372015,0.175501184189732,body,world
medium_medium,body_world,90459,True,True,l,1.423809978213943,-2.0,medium,-0.15000000000000002,75,alarm,persistent,False,nan,0.2582539200782776,0.3389977902173996,0.2720503015487812,body,body,0.29862585514783857,0.1813913095742464,-0.4985348402551108,body,world,0.2400085823610425,0.08558365730568766,-1.0311803369460975,world,world
medium_medium,body_world,90460,True,True,m,1.501503010941712,-4.0,short,0.1,65,alarm,persistent,False,nan,0.30825663805007936,0.17904643788933755,-0.5432874746997253,body,world,0.24365153796970845,0.1407006349414587,-0.5491046046359019,body,world,0.19217608645558357,0.10551035767421127,-0.5996029435853275,world,world
medium_medium,body_world,90461,True,True,l,1.4979893620177673,-4.0,medium,-0.05,68,alarm,persistent,False,nan,0.25918697416782377,0.1935884028673172,-0.2918154387297862,body,world,0.2263876885175705,0.07848660722374916,-1.059320963892668,world,world,0.15243714787065982,0.11383440415374935,-0.2920075687690665,body,world
medium_medium,body_world,90462,True,True,m,1.32405485767968,-1.0,short,0.15000000000000002,61,alarm,persistent,False,nan,0.15159277021884918,0.08610876277089119,-0.5655866016242439,body,world,0.11885076649487018,0.08267482910305261,-0.36295345127577866,body,world,0.1007627977989614,0.11179612986743451,0.10390772549185114,body,world
medium_medium,body_world,90463,True,True,l,1.2959566174498844,1.0,medium,-0.05,60,alarm,persistent,False,nan,0.1178838774561882,0.16986345425248145,0.365294853447041,body,world,0.14387366585433484,0.15674839429557325,0.08570634168299784,body,world,0.15031103007495403,0.127780248131603,-0.16239470408709747,body,world
medium_medium,body_world,90464,True,True,m,1.5484915809048363,-2.0,short,0.25,68,alarm,persistent,False,nan,0.2031561631709337,0.127731841057539,-0.4640418853875729,body,world,0.16544400211423635,0.22532132724300027,0.3088947227327133,body,body,0.1953826646786183,0.18569944202899932,-0.05083055490909278,body,body
medium_medium,body_world,90465,True,True,l,1.428408630737959,-2.0,medium,-0.25,69,alarm,persistent,False,nan,0.3300460487604141,0.2700275361537933,-0.20070824687074193,body,body,0.30003679245710374,0.12361609004437923,-0.8867243937563166,world,world,0.2118264412507415,0.15381115823984146,-0.3200416612664561,body,world
medium_medium,body_world,90466,True,True,m,1.3278826334953207,4.0,short,0.1,72,alarm,persistent,False,nan,0.332657553255558,0.1712572306394577,-0.6639468932815883,body,world,0.2519573919475079,0.10078710620291531,-0.9162495608406062,world,world,0.1763722490752116,0.12455152464099228,-0.347877330199644,body,world
medium_medium,body_world,90467,True,True,l,1.224242705022093,-4.0,medium,0.2,67,alarm,persistent,False,nan,0.13790903575718402,0.38106690496206286,1.0163806566500322,body,body,0.25948797035962345,0.3447702080011368,0.2841677868117685,body,body,0.3021290891803801,0.15141065549105406,-0.6908586554059518,world,world
medium_medium,body_world,90468,True,True,m,1.377155487281401,1.0,short,0.25,65,alarm,persistent,False,nan,0.13578431010246278,0.283675816655159,0.7367644238647023,body,body,0.2097300633788109,0.10647588074207306,-0.6779028037889242,world,world,0.15810297206044197,0.12587081422097982,-0.2279904456221437,body,world
medium_medium,body_world,90469,True,True,l,1.2775926055522053,-1.0,medium,-0.2,67,alarm,persistent,False,nan,0.07419601045548915,0.08916092999279498,0.18373255778729022,body,world,0.08167847022414207,0.13790384475141765,0.5237662203420165,body,world,0.10979115748777986,0.1216597459744662,0.10264818796056649,body,world
medium_medium,body_world,90470,True,True,m,1.5219750255884492,2.0,short,-0.05,70,alarm,persistent,False,nan,0.36689246296882627,0.19273354709148408,-0.6437601386820271,body,world,0.27981300503015516,0.14755597822368144,-0.6399139237235334,world,world,0.21368449162691833,0.15058532394468785,-0.3499707288732067,body,world
medium_medium,body_world,90471,True,True,l,1.2543795609592172,2.0,medium,0.0,63,alarm,persistent,False,nan,0.1847194403409958,0.29799904227256774,0.4782521373775495,body,body,0.24135924130678177,0.11883123517036438,-0.7085821567567782,world,world,0.18009523823857307,0.10872849123552442,-0.5046319436257629,body,world
medium_medium,body_world,90472,True,True,m,1.523888147333015,4.0,short,0.25,77,alarm,persistent,False,nan,0.09148753937333823,0.2846785351634026,1.135157815567078,body,body,0.1880830372683704,0.1284982622601092,-0.38096817193620874,body,world,0.1582906497642398,0.10421464799437671,-0.4179802033856209,body,world
medium_medium,body_world,90473,True,True,l,1.4189126139922845,-4.0,medium,-0.25,63,alarm,persistent,False,nan,0.48411005139350893,0.4318742036819458,-0.11417790912429303,body,body,0.45799212753772733,0.1242781426757574,-1.3043298554462979,world,world,0.2911351351067424,0.1201800406910479,-0.8847965836998267,world,world
medium_medium,body_world,90474,True,True,m,1.3393605416224226,1.0,short,0.0,80,alarm,persistent,False,nan,0.09149231873452664,0.13250018060207366,0.37032898795878216,body,world,0.11199624966830016,0.12989693526178597,0.14827594471039557,body,world,0.12094659246504307,0.1266378513071686,0.045982384920900905,body,world
medium_medium,body_world,90475,True,True,l,1.4134205728523153,1.0,medium,0.1,66,alarm,persistent,False,nan,0.15524441748857498,0.1643502116203308,0.056998825767860785,body,world,0.1597973145544529,0.21333904881030322,0.28897645047502635,body,body,0.18656818168237804,0.13766951272264122,-0.3039407800927907,body,world
medium_medium,body_world,90476,True,True,m,1.3814810158500825,-2.0,short,0.0,70,alarm,persistent,False,nan,0.15777194499969482,0.11650511547923088,-0.3032154225292269,body,world,0.13713853023946285,0.19162383675575256,0.33454268218187905,body,world,0.16438118349760772,0.10407075863331557,-0.4571169811930594,body,world
medium_medium,body_world,90477,True,True,l,1.4674729887667173,2.0,medium,0.1,78,alarm,persistent,False,nan,0.2937021926045418,0.2774780809879303,-0.056824360997162045,body,body,0.285590136796236,0.1518937185406685,-0.6313766386912059,body,world,0.21874192766845227,0.1254731198307127,-0.5558010714545469,body,world
medium_medium,body_world,90478,True,True,m,1.5027032697774165,4.0,short,0.0,80,alarm,persistent,False,nan,0.3121780574321747,0.10843474734574557,-1.0574251368107752,world,world,0.21030640238896012,0.150375597178936,-0.33542938076848144,body,world,0.18034099978394807,0.11072347639128566,-0.4878136125207482,body,world
medium_medium,body_world,90479,True,True,l,1.3850046666885212,-4.0,medium,0.0,66,alarm,persistent,False,nan,0.1891393706202507,0.2972941905260086,0.4522380350376757,body,body,0.24321678057312965,0.15074822679162025,-0.4783420738170322,body,world,0.19698250368237497,0.10477683264762164,-0.6312822260724326,world,world
medium_medium,calib,90480,False,False,,1.0,0.0,,0.0,64,alarm,persistent,False,nan,0.11946283504366875,0.19673974066972733,0.49887642276557,body,body,0.15810128785669803,0.10571827106177807,-0.4024581543530767,body,world,0.13190977945923804,0.11516478345729411,-0.1357541975853025,body,world
medium_medium,calib,90481,False,False,,1.0,0.0,,0.0,76,alarm,persistent,False,nan,0.10438179485499859,0.13205603137612343,0.23517103118306548,body,world,0.11821891311556101,0.1486516438424587,0.22906750624920744,body,world,0.13343527847900988,0.10398912663804367,-0.24933021276528947,body,world
medium_medium,calib,90482,False,False,,1.0,0.0,,0.0,79,alarm,persistent,False,nan,0.09110845401883125,0.11086544580757618,0.19626666678308813,body,world,0.10098694991320371,0.13652089275419713,0.3014863636698397,body,world,0.11875392133370041,0.11628777710720897,-0.020985508085950417,body,world
medium_medium,calib,90483,False,False,,1.0,0.0,,0.0,70,alarm,persistent,False,nan,0.09829800128936768,0.11965084746479988,0.19657420301121292,body,world,0.10897442437708378,0.2030932642519474,0.622552087393957,body,body,0.15603384431451559,0.10494841248728334,-0.39660401467273104,body,world
medium_medium,calib,90484,False,False,,1.0,0.0,,0.0,69,alarm,persistent,False,nan,0.10447454936802388,0.1716148152947426,0.4963090245184811,body,world,0.13804468233138323,0.08100880607962609,-0.5330195519645826,body,world,0.10952674420550465,0.09194916342385114,-0.17493290590938768,body,world
medium_medium,calib,90485,False,False,,1.0,0.0,,0.0,78,alarm,persistent,False,nan,0.18437246829271317,0.04883751403540373,-1.328459247935013,world,world,0.11660499116405845,0.09058722835034132,-0.2524788431903931,body,world,0.10359610975719988,0.11498874481767415,0.10433447390873468,body,world
medium_medium,calib,90486,False,False,,1.0,0.0,,0.0,79,alarm,persistent,False,nan,0.08920612121000886,0.15593034476041795,0.5584597389270657,body,world,0.1225682329852134,0.1518829394131899,0.2144422098235114,body,world,0.13722558619920164,0.11212211067322642,-0.20203763499108818,body,world
medium_medium,calib,90487,False,False,,1.0,0.0,,0.0,74,alarm,persistent,False,nan,0.13870912343263625,0.14836180508136748,0.0672748161171433,body,world,0.14353546425700187,0.15606112442910672,0.08366561142470691,body,world,0.1497982943430543,0.10043210345320404,-0.39980777313362253,body,world
medium_medium,calib,90488,False,False,,1.0,0.0,,0.0,62,alarm,persistent,False,nan,0.1224650114774704,0.1464910015463829,0.17913863508370126,body,world,0.13447800651192665,0.1650511112064123,0.20485452550713076,body,world,0.14976455885916948,0.09349230942316353,-0.47118527261311643,body,world
medium_medium,calib,90489,False,False,,1.0,0.0,,0.0,65,alarm,persistent,False,nan,0.13251786977052687,0.1011388473212719,-0.27022320380145526,body,world,0.11682835854589939,0.12093603294342756,0.03455591575649248,body,world,0.11888219574466348,0.1514420472085476,0.2420699740310009,body,world
medium_medium,calib,90490,False,False,,1.0,0.0,,0.0,70,alarm,persistent,False,nan,0.10625651963055134,0.07266812212765217,-0.3799533639507086,body,world,0.08946232087910175,0.07767839580774308,-0.14124036839379817,body,world,0.08357035834342241,0.0810240801423788,-0.030942495747282747,body,world
medium_medium,calib,90491,False,False,,1.0,0.0,,0.0,63,alarm,persistent,False,nan,0.1162254422903061,0.102695482224226,-0.12376364709566962,body,world,0.10946046225726605,0.13630392570048572,0.2193237314217675,body,world,0.12288219397887587,0.093645726935938,-0.27170732405654424,body,world
medium_medium,calib,90492,False,False,,1.0,0.0,,0.0,66,alarm,persistent,False,nan,0.05588116329163313,0.15532690435647964,1.0223046044917563,body,world,0.10560403382405639,0.04672368746250868,-0.8154453073769847,world,world,0.07616386064328254,0.11104062227532267,0.3770090203893724,body,world
medium_medium,calib,90493,False,False,,1.0,0.0,,0.0,80,alarm,persistent,False,nan,0.10344677940011024,0.0960318997502327,-0.07437684642323182,body,world,0.09973933957517148,0.21122289393097163,0.7503537666197381,body,body,0.15548111675307155,0.09543288836721331,-0.48810102773468433,body,world
medium_medium,calib,90494,False,False,,1.0,0.0,,0.0,79,alarm,persistent,False,nan,0.08463027477264404,0.12919045574963092,0.42299565628394925,body,world,0.10691036526113748,0.17013419568538665,0.4645967364845448,body,world,0.13852228047326207,0.11484628980979324,-0.18743655857902466,body,world
medium_medium,calib,90495,False,False,,1.0,0.0,,0.0,75,alarm,persistent,False,nan,0.261223866045475,0.12020314633846282,-0.7761945663802841,body,world,0.19071350619196892,0.13888713540509343,-0.3171107065906456,body,world,0.16480032079853119,0.07693239194341003,-0.7618075546130146,world,world
medium_medium,calib,90496,False,False,,1.0,0.0,,0.0,76,alarm,persistent,False,nan,0.08847874645143747,0.11494754832237959,0.2617135526913665,body,world,0.10171314738690854,0.11999613530933857,0.1653029656347226,body,world,0.11085464134812355,0.12311758184805513,0.10492004301277698,body,world
medium_medium,calib,90497,False,False,,1.0,0.0,,0.0,68,alarm,persistent,False,nan,0.10321901645511389,0.07929819729179144,-0.2636377084299994,body,world,0.09125860687345266,0.11733977161347867,0.2513764472149533,body,world,0.10429918924346566,0.11604711329564452,0.10673266908690288,body,world
medium_medium,calib,90498,False,False,,1.0,0.0,,0.0,70,alarm,persistent,False,nan,0.12407646998763085,0.11987896785140037,-0.03441543641319111,body,world,0.12197771891951562,0.1009237652644515,-0.1894729637718565,body,world,0.11145074209198355,0.12526894956827164,0.11688030415037626,body,world
medium_medium,calib,90499,False,False,,1.0,0.0,,0.0,79,alarm,persistent,False,nan,0.0943849567323923,0.11278600469231606,0.17811055568532733,body,world,0.10358548071235418,0.1266786207444966,0.2012561614583587,body,world,0.11513205072842539,0.1213174813427031,0.05233118534657733,body,world
medium_medium,calib,90500,False,False,,1.0,0.0,,0.0,72,alarm,persistent,False,nan,0.17350383214652537,0.21458497047424316,0.2125061062324126,body,body,0.19404440131038428,0.12600104790180922,-0.431796782011979,body,world,0.16002272460609673,0.0983226565644145,-0.48706134947106994,body,world
medium_medium,calib,90501,False,False,,1.0,0.0,,0.0,76,alarm,persistent,False,nan,0.06967472252435983,0.1292898841202259,0.6182194560556031,body,world,0.09948230332229287,0.09810445038601756,-0.01394704093602807,body,world,0.09879337685415521,0.10472551942802966,0.05831226012699171,body,world
medium_medium,calib,90502,False,False,,1.0,0.0,,0.0,76,alarm,persistent,False,nan,0.06360214408487082,0.14103606138378383,0.7963684303693739,body,world,0.10231910273432732,0.16862928234040736,0.4996063218279809,body,world,0.13547419253736734,0.10172456032596529,-0.28651238950520386,body,world
medium_medium,calib,90503,False,False,,1.0,0.0,,0.0,63,alarm,persistent,False,nan,0.13858488574624062,0.10200955867767333,-0.30641650993982017,body,world,0.12029722221195698,0.1841680806130171,0.4258832900244505,body,world,0.15223265141248704,0.1217744025401771,-0.2232397786473177,body,world
medium_medium,calib,90504,False,False,,1.0,0.0,,0.0,72,alarm,persistent,False,nan,0.10965916514396667,0.1678423434495926,0.42564805013763624,body,world,0.13875075429677963,0.12949536070227624,-0.06903413317992822,body,world,0.13412305749952794,0.09884804617613555,-0.30517393420494304,body,world
medium_medium,calib,90505,False,False,,1.0,0.0,,0.0,75,alarm,persistent,False,nan,0.06015053018927574,0.06705115251243114,0.1086055415968969,body,world,0.06360084135085345,0.08480745032429696,0.28775669749086535,body,world,0.0742041458375752,0.11902609607204795,0.4725227413588291,body,world
medium_medium,calib,90506,False,False,,1.0,0.0,,0.0,78,alarm,persistent,False,nan,0.18704845905303955,0.09687628298997879,-0.6579329912515232,body,world,0.14196237102150916,0.08643111167475581,-0.4962143298564101,body,world,0.11419674134813249,0.10712471336591989,-0.06392906099299572,body,world
medium_medium,calib,90507,False,False,,1.0,0.0,,0.0,72,alarm,persistent,False,nan,0.11518992837518453,0.101903735101223,-0.1225537230088406,body,world,0.10854683173820376,0.15470646563917398,0.3543478426206419,body,world,0.13162664868868887,0.11281507201492787,-0.1542195487341546,body,world
medium_medium,calib,90508,False,False,,1.0,0.0,,0.0,68,alarm,persistent,False,nan,0.08878776170313359,0.10665109828114509,0.18331392101727773,body,world,0.09771942999213934,0.12620664350688457,0.25582017810696894,body,world,0.11196303674951195,0.13480520350858569,0.18566201162760296,body,world
medium_medium,calib,90509,False,False,,1.0,0.0,,0.0,69,alarm,persistent,False,nan,0.06862230077385903,0.07045653574168682,0.02637843932234771,body,world,0.06953941825777292,0.10545180849730969,0.4163602960927217,body,world,0.0874956133775413,0.13141977097839116,0.4068078995200545,body,world
medium_medium,calib,90510,False,False,,1.0,0.0,,0.0,60,alarm,persistent,False,nan,0.14082323312759398,0.0970543421804905,-0.37223438782135726,body,world,0.11893878765404224,0.1742703553289175,0.3819988883207357,body,world,0.14660457149147987,0.16245261933654548,0.10264741353972653,body,body
medium_medium,calib,90511,False,False,,1.0,0.0,,0.0,67,alarm,persistent,False,nan,0.10167352445423603,0.09903853312134743,-0.02625794145788319,body,world,0.10035602878779173,0.14065190088003873,0.3375638987669877,body,world,0.12050396483391523,0.10889700734987855,-0.10128010673148609,body,world
medium_medium,calib,90512,False,False,,1.0,0.0,,0.0,65,world,settled,True,0.13666212558746338,0.1481020726263523,0.16429848074913025,0.1037830622385436,body,world,0.15620027668774128,0.11978580169379711,-0.2654338468609821,body,world,0.1379930391907692,0.13750259932130576,-0.0035604221555366757,body,world
medium_medium,calib,90513,False,False,,1.0,0.0,,0.0,79,alarm,persistent,False,nan,0.1507688544690609,0.07174341976642609,-0.7426517590298378,body,world,0.11125613711774349,0.09774968069978059,-0.1294251522663917,body,world,0.10450290890876204,0.08211185769177973,-0.24113247157219458,body,world
medium_medium,calib,90514,False,False,,1.0,0.0,,0.0,62,alarm,persistent,False,nan,0.135825165361166,0.11982926558703184,-0.12530056700923062,body,world,0.12782721547409892,0.10223073456436396,-0.2234471107513491,body,world,0.11502897501923144,0.15327746062539518,0.28706569386772723,body,world
medium_medium,calib,90515,False,False,,1.0,0.0,,0.0,75,alarm,persistent,False,nan,0.16069123446941375,0.11716139316558838,-0.3159323123024121,body,world,0.13892631381750106,0.16552668884396554,0.17518876756444016,body,world,0.1522265013307333,0.15665988018736243,0.028707535122068292,body,world
medium_medium,calib,90516,False,False,,1.0,0.0,,0.0,71,alarm,persistent,False,nan,0.16053481251001359,0.1523879434913397,-0.05208129025060666,body,world,0.15646137800067664,0.1525274720042944,-0.025464469471491828,body,world,0.1544944250024855,0.13367330245673656,-0.1447592298394864,body,world
medium_medium,calib,90517,False,False,,1.0,0.0,,0.0,77,alarm,persistent,False,nan,0.16707753613591195,0.2001709073781967,0.1807135456229277,body,body,0.18362422175705434,0.14603775441646577,-0.2290262160933426,body,world,0.16483098808676006,0.11554170120507479,-0.3552891201123518,body,world
medium_medium,calib,90518,False,False,,1.0,0.0,,0.0,72,alarm,persistent,False,nan,0.1619585320353508,0.10117286220192909,-0.47050976654270366,body,world,0.13156569711863994,0.13088934794068335,-0.005154030664691475,body,world,0.13122752252966166,0.11095143444836139,-0.16784005181171596,body,world
medium_medium,calib,90519,False,False,,1.0,0.0,,0.0,76,alarm,persistent,False,nan,0.07428619302809239,0.15132644549012184,0.7115142868466432,body,world,0.11280631925910711,0.13815016746520997,0.2026689042717072,body,world,0.12547824336215854,0.12784560965374112,0.018690977446204165,body,world
medium_medium,calib,90520,False,False,,1.0,0.0,,0.0,76,alarm,persistent,False,nan,0.09816441312432289,0.12668810300529004,0.25508442611480997,body,world,0.11242625806480647,0.15883574187755584,0.3455730754305825,body,world,0.13563099997118117,0.13511509159579874,-0.003811017154937363,body,world
medium_medium,calib,90521,False,False,,1.0,0.0,,0.0,64,alarm,persistent,False,nan,0.13843787387013434,0.08279653005301953,-0.5140355079370227,body,world,0.11061720196157694,0.13867725245654583,0.22607369840957925,body,world,0.12464722720906138,0.146671446505934,0.1627074624166191,body,world
medium_medium,calib,90522,False,False,,1.0,0.0,,0.0,80,alarm,persistent,False,nan,0.12405784130096435,0.10103132352232932,-0.20531731630582487,body,world,0.11254458241164685,0.13308582417666912,0.16764478342355418,body,world,0.12281520329415799,0.102788556041196,-0.17800678910902468,body,world
medium_medium,calib,90523,False,False,,1.0,0.0,,0.0,64,alarm,persistent,False,nan,0.09522989690303803,0.06681550964713097,-0.3543587016560592,body,world,0.0810227032750845,0.09868273213505745,0.1971805753484352,body,world,0.08985271770507097,0.08674557614140213,-0.035192437868540365,body,world
medium_medium,calib,90524,False,False,,1.0,0.0,,0.0,60,alarm,persistent,False,nan,0.1333157666027546,0.17213063091039657,0.2555331713094283,body,world,0.15272319875657558,0.07162315417081118,-0.7572087204712975,world,world,0.11217317646369337,0.12609886135905982,0.11702231770763011,body,world
medium_medium,calib,90525,False,False,,1.0,0.0,,0.0,74,alarm,persistent,False,nan,0.12200728952884674,0.12984831929206847,0.062286201382950594,body,world,0.12592780441045762,0.08804594348184765,-0.35784999860558936,body,world,0.10698687394615262,0.12170500881038607,0.12889400263873252,body,world
medium_medium,calib,90526,False,False,,1.0,0.0,,0.0,64,alarm,persistent,False,nan,0.1162846028804779,0.14037565123289825,0.18828139292221158,body,world,0.12833012705668806,0.18834727331995965,0.3836813960335556,body,world,0.15833870018832386,0.16607765732333063,0.04771908344758085,body,body
medium_medium,calib,90527,False,False,,1.0,0.0,,0.0,77,alarm,persistent,False,nan,0.07880734056234359,0.10386089086532593,0.27604626906915114,body,world,0.09133411571383476,0.11370985582470894,0.2191256958217386,body,world,0.10252198576927185,0.10766795594245196,0.048974738292944846,body,world
medium_medium,calib,90528,False,False,,1.0,0.0,,0.0,69,alarm,persistent,False,nan,0.12490759640932084,0.17112748324871063,0.31483455960533696,body,world,0.14801753982901572,0.1386989414691925,-0.0650250836096945,body,world,0.14335824064910413,0.14503872841596605,0.011654122388227732,body,world
medium_medium,calib,90529,False,False,,1.0,0.0,,0.0,61,alarm,persistent,False,nan,0.09342306293547153,0.11129624787718058,0.17505730466047767,body,world,0.10235965540632605,0.07917209090664983,-0.25686879562329,body,world,0.09076587315648794,0.13686817726120354,0.41073488416975623,body,world
