config,cell,seed,has_body,has_push,param,factor,torque,duration_name,offset_s,onset,old_verdict,old_path,old_settled,old_settled_score,early_10,late_10,logr_10,shape_10,shape_elev_10,early_20,late_20,logr_20,shape_20,shape_elev_20,early_40,late_40,logr_40,shape_40,shape_elev_40
stiff_medium,neither,90000,False,False,,1.0,0.0,,0.0,79,alarm,persistent,False,nan,0.12500696033239364,0.14339628182351588,0.1372425807118318,body,world,0.13420162107795477,0.11581347864121198,-0.147362349801286,body,world,0.12500754985958337,0.11229714024811983,-0.1072257382232142,body,world
stiff_medium,neither,90001,False,False,,1.0,0.0,,0.0,75,alarm,persistent,False,nan,0.10187167227268219,0.17203065752983093,0.5239587961633453,body,world,0.13695116490125656,0.0829792795702815,-0.5010334688073164,body,world,0.10996522223576903,0.1053020910359919,-0.04333087747540023,body,world
stiff_medium,neither,90002,False,False,,1.0,0.0,,0.0,65,alarm,persistent,False,nan,0.08906456902623176,0.18843133002519608,0.749372042202395,body,world,0.13874794952571393,0.08004283010959626,-0.5500971065432556,body,world,0.10939538981765509,0.19777212906628847,0.5921467561477554,body,body
stiff_medium,neither,90003,False,False,,1.0,0.0,,0.0,61,alarm,persistent,False,nan,0.12657293099910022,0.100795285589993,-0.22772708707239395,body,world,0.1136841082945466,0.11842079218477011,0.04082069445056564,body,world,0.11605245023965835,0.1160196227952838,-0.0002829073241273702,body,world
stiff_medium,neither,90004,False,False,,1.0,0.0,,0.0,76,alarm,persistent,False,nan,0.11133292391896248,0.0897723376750946,-0.21524814278148235,body,world,0.10055263079702854,0.13464794736355543,0.29198229496061473,body,world,0.11760028908029199,0.11190387867391109,-0.049651216944839434,body,world
stiff_medium,neither,90005,False,False,,1.0,0.0,,0.0,79,alarm,persistent,False,nan,0.17124609798192977,0.15706979632377624,-0.08641142224429312,body,world,0.164157947152853,0.1497931819409132,-0.09157350110954143,body,world,0.1569755645468831,0.13418000023812054,-0.15690796949702593,body,world
stiff_medium,neither,90006,False,False,,1.0,0.0,,0.0,74,alarm,persistent,False,nan,0.11711521372199059,0.11182931065559387,-0.04618448612926502,body,world,0.11447226218879222,0.12977822124958038,0.12549446118861646,body,world,0.1221252417191863,0.13417823710478843,0.09412195412461699,body,world
stiff_medium,neither,90007,False,False,,1.0,0.0,,0.0,79,alarm,persistent,False,nan,0.10349991992115974,0.08163699992001057,-0.23728824940267113,body,world,0.09256845992058516,0.14058292414993048,0.4178490441190496,body,world,0.11657569203525782,0.09720957833342254,-0.181671529935535,body,world
stiff_medium,neither,90008,False,False,,1.0,0.0,,0.0,62,alarm,persistent,False,nan,0.0882258102297783,0.13207071870565415,0.4034379737001318,body,world,0.11014826446771622,0.1317748583853245,0.17926753102684587,body,world,0.12096156142652034,0.1486640240997076,0.2062160671132736,body,world
stiff_medium,neither,90009,False,False,,1.0,0.0,,0.0,74,alarm,persistent,False,nan,0.11011931151151658,0.11842086613178253,0.07268051305442225,body,world,0.11427008882164955,0.11059164814651012,-0.03272027426374726,body,world,0.11243086848407984,0.09518141997978091,-0.16655377592687848,body,world
stiff_medium,neither,90010,False,False,,1.0,0.0,,0.0,72,alarm,persistent,False,nan,0.07093169763684273,0.07823890447616577,0.09804961463201017,body,world,0.07458530105650425,0.0710986421443522,-0.047875212221590614,body,world,0.07284197160042823,0.11787978932261467,0.48137304860454394,body,world
stiff_medium,neither,90011,False,False,,1.0,0.0,,0.0,71,alarm,persistent,False,nan,0.07541345451027155,0.14339147992432116,0.6425928107708464,body,world,0.10940246721729636,0.1489884790033102,0.3088355388364535,body,world,0.12919547311030327,0.10399900651536882,-0.21694520652980512,body,world
stiff_medium,neither,90012,False,False,,1.0,0.0,,0.0,62,alarm,persistent,False,nan,0.09243451133370399,0.054410256817936896,-0.5299477276596594,body,world,0.07342238407582044,0.06914036190137267,-0.060090180483777365,body,world,0.07128137298859656,0.11302316198125481,0.46095772611146735,body,world
stiff_medium,neither,90013,False,False,,1.0,0.0,,0.0,68,alarm,persistent,False,nan,0.140838722884655,0.05274673905223608,-0.9821134748699945,body,world,0.09679273096844554,0.08853692105039954,-0.08915224613596288,body,world,0.09266482600942254,0.10583607021253556,0.13290242798861124,body,world
stiff_medium,neither,90014,False,False,,1.0,0.0,,0.0,80,alarm,persistent,False,nan,0.09404922649264336,0.10023401156067849,0.06368923650222026,body,world,0.09714161902666092,0.06744553595781326,-0.36484950623901136,body,world,0.08229357749223709,0.12658728901296853,0.430639035051695,body,world
stiff_medium,neither,90015,False,False,,1.0,0.0,,0.0,76,alarm,persistent,False,nan,0.05102717541158199,0.062245269864797594,0.19872420433303542,body,world,0.05663622263818979,0.05911014871671796,0.04275387431311746,body,world,0.05787318567745388,0.0925862473086454,0.4698864505077793,body,world
stiff_medium,neither,90016,False,False,,1.0,0.0,,0.0,76,alarm,persistent,False,nan,0.09297292456030845,0.11346286162734032,0.19916725603920138,body,world,0.10321789309382438,0.14915762431919574,0.3681614074096813,body,world,0.12618775870651006,0.13334176475182175,0.055144545832877936,body,world
stiff_medium,neither,90017,False,False,,1.0,0.0,,0.0,74,alarm,persistent,False,nan,0.13471217304468155,0.07971463147550821,-0.5246873000370521,body,world,0.10721340226009488,0.16200730577111244,0.4128201696628831,body,world,0.13461035401560367,0.12592892684042453,-0.06666666348035806,body,world
stiff_medium,neither,90018,False,False,,1.0,0.0,,0.0,66,alarm,persistent,False,nan,0.11301138922572136,0.198589289188385,0.5637502153360205,body,body,0.1558003392070532,0.10910463444888592,-0.3562679397847074,body,world,0.13245248682796956,0.11874890364706517,-0.10921278071356422,body,world
stiff_medium,neither,90019,False,False,,1.0,0.0,,0.0,66,alarm,persistent,False,nan,0.1300518076866865,0.13486135452985765,0.03631435549233412,body,world,0.13245658110827208,0.10667193206027151,-0.21649683300297715,body,world,0.11956425658427179,0.11246868988964706,-0.061179068042092756,body,world
stiff_medium,neither,90020,False,False,,1.0,0.0,,0.0,73,alarm,persistent,False,nan,0.16414570435881615,0.0882178071886301,-0.6209456364089206,body,world,0.12618175577372312,0.07792672691866756,-0.4819543869799125,body,world,0.10205424134619534,0.12059828964993358,0.16696065234095098,body,world
stiff_medium,neither,90021,False,False,,1.0,0.0,,0.0,74,alarm,persistent,False,nan,0.14842327758669854,0.23185359835624694,0.44603795542215247,body,body,0.19013843797147273,0.15358219146728516,-0.21351655472393014,body,world,0.17186031471937896,0.12261011647060513,-0.3376724869664888,body,world
stiff_medium,neither,90022,False,False,,1.0,0.0,,0.0,66,alarm,persistent,False,nan,0.11431871056556701,0.14147749096155166,0.21315037556247574,body,world,0.12789810076355934,0.1706612404435873,0.28844668250132516,body,world,0.14927967060357333,0.14068947378545998,-0.05926638238800903,body,world
stiff_medium,neither,90023,False,False,,1.0,0.0,,0.0,75,alarm,persistent,False,nan,0.09503351449966431,0.05966431275010109,-0.46549554831501144,body,world,0.07734891362488269,0.0850340560078621,0.09472530317072499,body,world,0.0811914848163724,0.10059960698708892,0.21433797609374844,body,world
stiff_medium,neither,90024,False,False,,1.0,0.0,,0.0,73,alarm,persistent,False,nan,0.14302218034863473,0.14919921532273292,0.04228270295969947,body,world,0.1461106978356838,0.10834497027099133,-0.29904423299180843,body,world,0.12722783405333757,0.11054815538227558,-0.14052822680087831,body,world
stiff_medium,neither,90025,False,False,,1.0,0.0,,0.0,68,alarm,persistent,False,nan,0.11166722178459168,0.12539600133895873,0.11595352609137934,body,world,0.1185316115617752,0.10863017030060292,-0.08723050907744831,body,world,0.11358089093118906,0.18109777360223234,0.4665217925621204,body,body
stiff_medium,neither,90026,False,False,,1.0,0.0,,0.0,73,alarm,persistent,False,nan,0.17690705880522728,0.09599701389670372,-0.6113074174277315,body,world,0.1364520363509655,0.07123970296233892,-0.6499228819537285,world,world,0.10384586965665221,0.09334388463757932,-0.10661741952769306,body,world
stiff_medium,neither,90027,False,False,,1.0,0.0,,0.0,61,alarm,persistent,False,nan,0.1425721324980259,0.12878020256757736,-0.10174096952217625,body,world,0.13567616753280162,0.12400474287569523,-0.08995111140563951,body,world,0.12984045520424842,0.11890732562169433,-0.08796201566680842,body,world
stiff_medium,neither,90028,False,False,,1.0,0.0,,0.0,71,alarm,persistent,False,nan,0.09631338883191347,0.20495972782373428,0.755206168536909,body,body,0.15063655832782388,0.12100012451410294,-0.21907846244887758,body,world,0.1358183414209634,0.1095008715055883,-0.21538575983455607,body,world
stiff_medium,neither,90029,False,False,,1.0,0.0,,0.0,60,alarm,persistent,False,nan,0.20243385806679726,0.15368289202451707,-0.27552186959524283,body,world,0.17805837504565716,0.12119726743549109,-0.38469191875378,body,world,0.1496278212405741,0.10019205138087273,-0.4010621611414241,body,world
stiff_medium,neither,90030,False,False,,1.0,0.0,,0.0,72,alarm,persistent,False,nan,0.11359700597822667,0.17468136698007583,0.43030640409691184,body,world,0.14413918647915125,0.06714308205991984,-0.7639535100454419,world,world,0.10564113426953554,0.14464056864380836,0.31420400358541645,body,world
stiff_medium,neither,90031,False,False,,1.0,0.0,,0.0,65,alarm,persistent,False,nan,0.058684609830379486,0.10399995297193527,0.5722129379592173,body,world,0.08134228140115737,0.14547986537218094,0.5813717469130643,body,world,0.11341107338666916,0.08905740017071366,-0.24173792785636097,body,world
stiff_medium,neither,90032,False,False,,1.0,0.0,,0.0,78,alarm,persistent,False,nan,0.08371224850416184,0.16405940800905228,0.6728433012362578,body,world,0.12388582825660706,0.18305871784687042,0.39044656232960057,body,body,0.15347227305173874,0.10000268286094069,-0.4283229048890208,body,world
stiff_medium,neither,90033,False,False,,1.0,0.0,,0.0,74,alarm,persistent,False,nan,0.13977410942316054,0.14476328194141388,0.03507225465331875,body,world,0.14226869568228723,0.14709473438560963,0.033359338094788187,body,world,0.14468171503394842,0.13041870119050145,-0.1037862077471523,body,world
stiff_medium,neither,90034,False,False,,1.0,0.0,,0.0,63,alarm,persistent,False,nan,0.1314147673547268,0.16552500799298286,0.2307638046245958,body,world,0.14846988767385483,0.1298345722258091,-0.13412104230091332,body,world,0.13915222994983195,0.11889798007905483,-0.15730269820344808,body,world
stiff_medium,neither,90035,False,False,,1.0,0.0,,0.0,66,alarm,persistent,False,nan,0.07903265841305256,0.1022491380572319,0.25755120045391855,body,world,0.09064089823514224,0.10522611066699028,0.14920594317300756,body,world,0.09793350445106626,0.07397501904051751,-0.28056126668060016,body,world
stiff_medium,neither,90036,False,False,,1.0,0.0,,0.0,61,alarm,persistent,False,nan,0.08015718087553977,0.16811757758259774,0.7406741331741411,body,world,0.12413737922906876,0.15352619029581546,0.21248232394414043,body,world,0.13883178476244212,0.11206187959760427,-0.21421180357216468,body,world
stiff_medium,neither,90037,False,False,,1.0,0.0,,0.0,69,alarm,persistent,False,nan,0.15545545518398285,0.12725129909813404,-0.20019536434073532,body,world,0.14135337714105844,0.15416647605597972,0.08677005598725084,body,world,0.14775992659851908,0.08269378277473152,-0.5804444179821666,world,world
stiff_medium,neither,90038,False,False,,1.0,0.0,,0.0,63,alarm,persistent,False,nan,0.12839901372790335,0.08899072967469693,-0.36661050663095224,body,world,0.10869487170130014,0.1139848055317998,0.04752054014918728,body,world,0.11133983861654997,0.12153812441974879,0.08764086150490909,body,world
stiff_medium,neither,90039,False,False,,1.0,0.0,,0.0,63,alarm,persistent,False,nan,0.1346965327858925,0.16113505363464356,0.17921851298699165,body,world,0.14791579321026802,0.09842053167521954,-0.4073937095180354,body,world,0.12316816244274378,0.136899877153337,0.10569923897623838,body,world
stiff_medium,neither,90040,False,False,,1.0,0.0,,0.0,66,alarm,persistent,False,nan,0.12626539692282676,0.13151788264513015,0.040756815525033185,body,world,0.12889163978397847,0.1383759096264839,0.07100191495233518,body,world,0.1336337747052312,0.10934743341058492,-0.20057275831062082,body,world
stiff_medium,neither,90041,False,False,,1.0,0.0,,0.0,71,alarm,persistent,False,nan,0.14707439318299292,0.1154120460152626,-0.24242980133297415,body,world,0.13124321959912777,0.11330952867865562,-0.14692897413048067,body,world,0.1222763741388917,0.1526690073311329,0.22198838272783367,body,world
stiff_medium,neither,90042,False,False,,1.0,0.0,,0.0,64,alarm,persistent,False,nan,0.05364988557994366,0.10921823382377624,0.7108686894186425,body,world,0.08143405970185995,0.09288413126487285,0.13155920664699144,body,world,0.0871590954833664,0.11612308125477284,0.2869155415304278,body,world
stiff_medium,neither,90043,False,False,,1.0,0.0,,0.0,79,alarm,persistent,False,nan,0.1210300751030445,0.08997315056622028,-0.2965277705028832,body,world,0.1055016128346324,0.16133481003344058,0.4247555307751423,body,world,0.13341821143403648,0.1003955309279263,-0.2843709480635295,body,world
stiff_medium,neither,90044,False,False,,1.0,0.0,,0.0,65,alarm,persistent,False,nan,0.16824572309851646,0.08046255186200142,-0.7376336663548341,body,world,0.12435413748025895,0.07727935034781694,-0.4757066591602529,body,world,0.10081674391403794,0.10652306275442243,0.05505706128946612,body,world
stiff_medium,neither,90045,False,False,,1.0,0.0,,0.0,64,alarm,persistent,False,nan,0.23449343144893647,0.11195436231791973,-0.739336267666731,body,world,0.1732238968834281,0.09811027068644762,-0.5684929021977743,body,world,0.13566708378493786,0.11601207570638508,-0.1565096847462574,body,world
stiff_medium,neither,90046,False,False,,1.0,0.0,,0.0,73,alarm,persistent,False,nan,0.15132759064435958,0.07684188708662987,-0.6776970651209273,body,world,0.11408473886549472,0.09385494776070118,-0.19519101412554843,body,world,0.10396984331309796,0.08835632698610425,-0.16272308000161273,body,world
stiff_medium,neither,90047,False,False,,1.0,0.0,,0.0,66,alarm,persistent,False,nan,0.1921253263950348,0.21040946543216704,0.09090756692168261,body,body,0.20126739591360093,0.09149095006287097,-0.7883942909120476,world,world,0.14637917298823594,0.09484830740839242,-0.4339214791060053,body,world
stiff_medium,neither,90048,False,False,,1.0,0.0,,0.0,76,alarm,persistent,False,nan,0.1349778993986547,0.06912202276289463,-0.6692376683015994,body,world,0.10204996108077466,0.15486175902187824,0.41707033380016745,body,world,0.12845586005132645,0.11683188574388623,-0.09484931625847885,body,world
stiff_medium,neither,90049,False,False,,1.0,0.0,,0.0,76,alarm,persistent,False,nan,0.09390310794115067,0.11986275166273117,0.2440838679915211,body,world,0.10688292980194092,0.19556522108614444,0.6041598140015566,body,body,0.15122407544404268,0.11151639227755368,-0.3045910841605126,body,world
stiff_medium,neither,90050,False,False,,1.0,0.0,,0.0,60,alarm,persistent,False,nan,0.1419943891465664,0.11221000403165818,-0.23541539216189591,body,world,0.1271021965891123,0.10542333573102951,-0.1870074471909569,body,world,0.11626276616007089,0.12717969454824923,0.08974814923970527,body,world
stiff_medium,neither,90051,False,False,,1.0,0.0,,0.0,76,alarm,persistent,False,nan,0.07408216372132301,0.0918266236782074,0.214727476047789,body,world,0.0829543936997652,0.12032973899040371,0.37194481604890617,body,world,0.10164206634508446,0.1428356590680778,0.34023724381065246,body,world
stiff_medium,neither,90052,False,False,,1.0,0.0,,0.0,68,alarm,persistent,False,nan,0.15870272666215895,0.0909006167203188,-0.5572660228584191,body,world,0.12480167169123887,0.1131038349121809,-0.09841956099072527,body,world,0.11895275330170989,0.12271280474960804,0.031120321263688855,body,world
stiff_medium,neither,90053,False,False,,1.0,0.0,,0.0,72,alarm,persistent,False,nan,0.16843542279675602,0.0842625305056572,-0.6926151406265988,body,world,0.12634897665120662,0.10407870063791051,-0.193900384620333,body,world,0.11521383864455856,0.10785828782245517,-0.0659716524602113,body,world
stiff_medium,neither,90054,False,False,,1.0,0.0,,0.0,65,alarm,persistent,False,nan,0.17368472665548323,0.05407626107335091,-1.1668464475491278,world,world,0.11388049386441708,0.10346184503287077,-0.09594670139639806,body,world,0.10867116944864393,0.15845700949430466,0.37715679456837886,body,body
stiff_medium,neither,90055,False,False,,1.0,0.0,,0.0,68,alarm,persistent,False,nan,0.13652950301766395,0.13311338275671006,-0.02533946361529797,body,world,0.134821442887187,0.10123281590640545,-0.2865282855512595,body,world,0.11802712939679623,0.12297020321711898,0.04102756757503726,body,world
stiff_medium,neither,90056,False,False,,1.0,0.0,,0.0,68,alarm,persistent,False,nan,0.07804757058620453,0.13841190375387669,0.5729155291681856,body,world,0.10822973717004061,0.12379215750843287,0.13434784630482663,body,world,0.11601094733923674,0.14676773007959126,0.23516670940226836,body,world
stiff_medium,neither,90057,False,False,,1.0,0.0,,0.0,76,alarm,persistent,False,nan,0.12943615317344664,0.18017423301935195,0.3307366100616674,body,world,0.1548051930963993,0.08000235352665186,-0.6601114544029995,world,world,0.11740377331152559,0.11471999585628509,-0.0231247067897541,body,world
stiff_medium,neither,90058,False,False,,1.0,0.0,,0.0,61,alarm,persistent,False,nan,0.07738468050956726,0.10014831814914942,0.2578634338795713,body,world,0.08876649932935834,0.21200626716017723,0.8706065172981523,body,body,0.15038638324476777,0.11628053355962038,-0.2572022062244648,body,world
stiff_medium,neither,90059,False,False,,1.0,0.0,,0.0,62,alarm,persistent,False,nan,0.14278774186968804,0.1553250603377819,0.0841608794389484,body,world,0.14905640110373497,0.110479424148798,-0.29949546839730223,body,world,0.12976791262626647,0.11654868070036173,-0.10743852162486674,body,world
stiff_medium,neither,90060,False,False,,1.0,0.0,,0.0,62,alarm,persistent,False,nan,0.10407376438379287,0.14663477763533592,0.342845068742996,body,world,0.1253542710095644,0.11962192356586457,-0.04680776457219684,body,world,0.12248809728771448,0.10890994342043996,-0.11749252668573178,body,world
stiff_medium,neither,90061,False,False,,1.0,0.0,,0.0,80,alarm,persistent,False,nan,0.09364254213869572,0.25290967524051666,0.9935476198689744,body,body,0.1732761086896062,0.12724907770752908,-0.30873991869668693,body,world,0.15026259319856763,0.11267478233203292,-0.28787874811502007,body,world
stiff_medium,neither,90062,False,False,,1.0,0.0,,0.0,66,alarm,persistent,False,nan,0.19591245129704477,0.08989825919270515,-0.7789893049132467,body,world,0.14290535524487497,0.10817413665354252,-0.2784402546424949,body,world,0.12553974594920875,0.14363435935229063,0.1346484900255911,body,world
stiff_medium,neither,90063,False,False,,1.0,0.0,,0.0,62,alarm,persistent,False,nan,0.10821891352534294,0.09083822667598725,-0.17507595701808934,body,world,0.0995285701006651,0.16129345819354057,0.48278068790327405,body,world,0.13041101414710282,0.12072841362096369,-0.07714760287691502,body,world
stiff_medium,neither,90064,False,False,,1.0,0.0,,0.0,72,alarm,persistent,False,nan,0.12736732065677642,0.16898240596055986,0.28271940228596004,body,world,0.14817486330866814,0.15305668488144875,0.03241525702522081,body,world,0.15061577409505844,0.14178167153149843,-0.060443701576268105,body,world
stiff_medium,neither,90065,False,False,,1.0,0.0,,0.0,63,alarm,persistent,False,nan,0.16223860904574394,0.048401550576090815,-1.2095362970245565,world,world,0.10532007981091737,0.13449060637503862,0.24449026310278488,body,world,0.119905343092978,0.08854066978674383,-0.3032406318830856,body,world
stiff_medium,neither,90066,False,False,,1.0,0.0,,0.0,61,alarm,persistent,False,nan,0.13634334802627562,0.11151527166366577,-0.20101477496761572,body,world,0.1239293098449707,0.09252226911485195,-0.29226195842015723,body,world,0.10822578947991132,0.08751139077357947,-0.21245072294278033,body,world
stiff_medium,neither,90067,False,False,,1.0,0.0,,0.0,71,alarm,persistent,False,nan,0.1910809963941574,0.24760578870773314,0.2591405167616909,body,body,0.2193433925509453,0.13983526304364205,-0.4501734670821733,body,world,0.17958932779729367,0.11199449799023568,-0.47222298703723553,body,world
stiff_medium,neither,90068,False,False,,1.0,0.0,,0.0,76,alarm,persistent,False,nan,0.06729834564030171,0.0513266921043396,-0.27092472369569404,body,world,0.059312518872320655,0.10985629186034203,0.6163526794708831,body,world,0.08458440536633134,0.1155581861268729,0.3120242632102481,body,world
stiff_medium,neither,90069,False,False,,1.0,0.0,,0.0,70,alarm,persistent,False,nan,0.09896397143602371,0.16359759643673896,0.5026538733445403,body,world,0.13128078393638135,0.12686885222792627,-0.034184524972055846,body,world,0.1290748180821538,0.12654165513813495,-0.019820677775105027,body,world
stiff_medium,neither,90070,False,False,,1.0,0.0,,0.0,76,alarm,persistent,False,nan,0.14094100520014763,0.15204984992742537,0.0758670271405396,body,world,0.1464954275637865,0.17928395718336104,0.20197668509029992,body,body,0.16288969237357379,0.12042089374735951,-0.302080183887849,body,world
stiff_medium,neither,90071,False,False,,1.0,0.0,,0.0,77,alarm,persistent,False,nan,0.07821156624704599,0.0747637964785099,-0.045083779072163266,body,world,0.07648768136277795,0.10076153036206961,0.27562693963096213,body,world,0.08862460586242378,0.10884390212595463,0.2055052276278812,body,world
stiff_medium,neither,90072,False,False,,1.0,0.0,,0.0,70,alarm,persistent,False,nan,0.08703159578144551,0.12641215473413467,0.3732764153348858,body,world,0.10672187525779009,0.13494885265827178,0.23466968368253877,body,world,0.12083536395803093,0.12511625955812633,0.03481439085886894,body,world
stiff_medium,neither,90073,False,False,,1.0,0.0,,0.0,80,alarm,persistent,False,nan,0.10669252425432205,0.05799488313496113,-0.6095963077885598,body,world,0.08234370369464158,0.11383048593997955,0.323808380491997,body,world,0.09808709481731057,0.13089674785733224,0.2885530215093632,body,world
stiff_medium,neither,90074,False,False,,1.0,0.0,,0.0,67,alarm,persistent,False,nan,0.06052290797233582,0.05818234197795391,-0.03944003127911678,body,world,0.05935262497514486,0.1324265906587243,0.8025321103211275,body,world,0.09588960781693459,0.11226021931506694,0.15762195191657427,body,world
stiff_medium,neither,90075,False,False,,1.0,0.0,,0.0,71,alarm,persistent,False,nan,0.23154428899288176,0.12912337742745877,-0.5840028069170595,body,world,0.18033383321017027,0.08118736417964101,-0.7980501406274404,world,world,0.13076059869490564,0.07367720110341906,-0.573674756394087,world,world
stiff_medium,neither,90076,False,False,,1.0,0.0,,0.0,75,alarm,persistent,False,nan,0.13393481448292732,0.10234615430235863,-0.2689924850949977,body,world,0.11814048439264298,0.08660192005336284,-0.31055247518899065,body,world,0.10237120222300292,0.09717291234992445,-0.05211345166181698,body,world
stiff_medium,neither,90077,False,False,,1.0,0.0,,0.0,63,alarm,persistent,False,nan,0.07967303767800331,0.11817633397877217,0.39424663386001635,body,world,0.09892468582838773,0.12183933090418578,0.20834440556795317,body,world,0.11038200836628675,0.10330400138627738,-0.0662710419018917,body,world
stiff_medium,neither,90078,False,False,,1.0,0.0,,0.0,63,alarm,persistent,False,nan,0.1316586747765541,0.08234526440501214,-0.46929182722829765,body,world,0.10700196959078312,0.12638781797140836,0.16650785857674713,body,world,0.11669489378109574,0.1052437737584114,-0.10328346912308761,body,world
stiff_medium,neither,90079,False,False,,1.0,0.0,,0.0,64,alarm,persistent,False,nan,0.17832106538116932,0.13780693262815474,-0.25773199694438786,body,world,0.15806399900466203,0.11781190410256386,-0.2939106883908965,body,world,0.13793795155361294,0.1386164840310812,0.004907054465248327,body,world
stiff_medium,neither,90080,False,False,,1.0,0.0,,0.0,78,alarm,persistent,False,nan,0.08513458054512739,0.07702110707759857,-0.10015380274126982,body,world,0.08107784381136299,0.11628197599202394,0.36060834105932577,body,world,0.09867990990169347,0.11400017929263413,0.14431864251005322,body,world
stiff_medium,neither,90081,False,False,,1.0,0.0,,0.0,79,alarm,persistent,False,nan,0.09153512585908175,0.1226579736918211,0.2926769925617263,body,world,0.10709654977545142,0.14418229181319475,0.29734765239712335,body,world,0.12563942079432308,0.10456645847298204,-0.18359322910515755,body,world
stiff_medium,neither,90082,False,False,,1.0,0.0,,0.0,76,alarm,persistent,False,nan,0.13256651610136033,0.06002705544233322,-0.792289143149117,body,world,0.09629678577184678,0.0865771908313036,-0.10639854545109326,body,world,0.09143698830157518,0.12604353139176966,0.3209772519111097,body,world
stiff_medium,neither,90083,False,False,,1.0,0.0,,0.0,74,alarm,persistent,False,nan,0.1501629240810871,0.1178129144012928,-0.24262297009056172,body,world,0.13398791924118997,0.13231976218521596,-0.012528206966587069,body,world,0.13315384071320296,0.10298286639153957,-0.25694252817539903,body,world
stiff_medium,neither,90084,False,False,,1.0,0.0,,0.0,73,alarm,persistent,False,nan,0.11085357666015624,0.08376533836126328,-0.28019090275940045,body,world,0.09730945751070977,0.0857779354788363,-0.12613437279110506,body,world,0.09154369649477304,0.09762215223163366,0.0642880216445637,body,world
stiff_medium,neither,90085,False,False,,1.0,0.0,,0.0,72,alarm,persistent,False,nan,0.1641217976808548,0.11031663194298744,-0.39725411783480197,body,world,0.13721921481192112,0.172691822424531,0.22992887756169894,body,world,0.15495551861822604,0.10864297579973936,-0.3550710442597214,body,world
stiff_medium,neither,90086,False,False,,1.0,0.0,,0.0,63,alarm,persistent,False,nan,0.08501753797754645,0.13022282756865025,0.42638947699966373,body,world,0.10762018277309834,0.1311699215322733,0.1978853912340017,body,world,0.11939505215268582,0.11664673881605267,-0.023287719765119324,body,world
stiff_medium,neither,90087,False,False,,1.0,0.0,,0.0,66,alarm,persistent,False,nan,0.05617961771786213,0.18375183939933776,1.1850321313212644,body,world,0.11996572855859995,0.1289936389774084,0.07255698624630508,body,world,0.12447968376800418,0.09947528935736046,-0.22423325484892095,body,world
stiff_medium,neither,90088,False,False,,1.0,0.0,,0.0,75,alarm,persistent,False,nan,0.07458163574337959,0.1011400081217289,0.30461146870848177,body,world,0.08786082193255425,0.13610360771417618,0.43766242359563706,body,world,0.1119822148233652,0.14929163735359907,0.28756162814365477,body,world
stiff_medium,neither,90089,False,False,,1.0,0.0,,0.0,62,alarm,persistent,False,nan,0.16804286390542983,0.11329392865300178,-0.394233509025604,body,world,0.14066839627921582,0.12407508436590434,-0.12551841968391406,body,world,0.13237174032256008,0.15100951213389635,0.1317286500465979,body,world
stiff_medium,neither,90090,False,False,,1.0,0.0,,0.0,68,alarm,persistent,False,nan,0.09797234013676644,0.13307107463479043,0.30619818590350395,body,world,0.11552170738577842,0.12931296583265067,0.1127771028415614,body,world,0.12241733660921454,0.130111329164356,0.06095446314780736,body,world
stiff_medium,neither,90091,False,False,,1.0,0.0,,0.0,77,alarm,persistent,False,nan,0.07420185431838036,0.13660570830106736,0.610309594029952,body,world,0.10540378130972386,0.13032508511096239,0.2122334724534271,body,world,0.11786443321034312,0.1404877610038966,0.1755852817783536,body,world
stiff_medium,neither,90092,False,False,,1.0,0.0,,0.0,68,alarm,persistent,False,nan,0.1288125693798065,0.1546740010380745,0.18296128567726624,body,world,0.1417432852089405,0.13324587270617486,-0.06182148232203447,body,world,0.13749457895755768,0.11563692018389701,-0.17312920656501934,body,world
stiff_medium,neither,90093,False,False,,1.0,0.0,,0.0,64,alarm,persistent,False,nan,0.11868781298398971,0.08645910155028105,-0.3168251379333758,body,world,0.10257345726713538,0.1953569393604994,0.6442491454078386,body,body,0.14896519831381738,0.09970796243287623,-0.40146717260111564,body,world
stiff_medium,neither,90094,False,False,,1.0,0.0,,0.0,69,alarm,persistent,False,nan,0.10886436998844147,0.13766411915421486,0.234714003791156,body,world,0.12326424457132816,0.13722950145602225,0.10732433650704201,body,world,0.1302468730136752,0.13989933524280787,0.07149145722770692,body,world
stiff_medium,neither,90095,False,False,,1.0,0.0,,0.0,61,alarm,persistent,False,nan,0.09048542827367782,0.16799960285425186,0.6187727912463924,body,world,0.12924251556396485,0.07401757463812828,-0.5573880449335902,body,world,0.10163004510104656,0.1606806529685855,0.45807966233892894,body,body
stiff_medium,neither,90096,False,False,,1.0,0.0,,0.0,62,alarm,persistent,False,nan,0.1863987512886524,0.10113389417529106,-0.6114428793331074,body,world,0.14376632273197174,0.12082799971103668,-0.17382117834106148,body,world,0.1322971612215042,0.1457480538636446,0.09682885881719476,body,world
stiff_medium,neither,90097,False,False,,1.0,0.0,,0.0,61,alarm,persistent,False,nan,0.0918740376830101,0.09552506096661091,0.03897014827990014,body,world,0.0936995493248105,0.05498247789219022,-0.5330788287700606,body,world,0.07434101360850036,0.107950308220461,0.373008212629658,body,world
stiff_medium,neither,90098,False,False,,1.0,0.0,,0.0,70,alarm,persistent,False,nan,0.1069597765803337,0.14106793254613875,0.27678872148508815,body,world,0.12401385456323624,0.16074884869158268,0.2594499112744952,body,world,0.14238135162740945,0.11817391477525234,-0.1863516392930918,body,world
stiff_medium,neither,90099,False,False,,1.0,0.0,,0.0,79,alarm,persistent,False,nan,0.2124200224876404,0.09586599543690681,-0.7956142173044131,body,world,0.1541430089622736,0.12640531044453382,-0.19838730728825418,body,world,0.1402741597034037,0.11920016608200967,-0.16279464333158192,body,world
stiff_medium,neither,90100,False,False,,1.0,0.0,,0.0,62,alarm,persistent,False,nan,0.063717435952276,0.12784621380269529,0.6963698419882645,body,world,0.09578182487748563,0.12291601784527302,0.24942839288894678,body,world,0.10934892136137933,0.07552359458059073,-0.37009876454586993,body,world
stiff_medium,neither,90101,False,False,,1.0,0.0,,0.0,62,alarm,persistent,False,nan,0.116830462962389,0.1597721830010414,0.3130250949213073,body,world,0.1383013229817152,0.07613780368119479,-0.5968898999096219,body,world,0.10721956333145499,0.1245416019577533,0.14976108660912377,body,world
stiff_medium,neither,90102,False,False,,1.0,0.0,,0.0,63,alarm,persistent,False,nan,0.1192337229847908,0.14783023074269294,0.21497890021119015,body,world,0.13353197686374188,0.13075254186987878,-0.021034432784029302,body,world,0.13214225936681032,0.1389643826521933,0.05033859564710255,body,world
stiff_medium,neither,90103,False,False,,1.0,0.0,,0.0,62,alarm,persistent,False,nan,0.15166239887475969,0.08154722228646279,-0.6204747235907847,body,world,0.11660481058061123,0.13593943379819393,0.15341891663477028,body,world,0.1262721221894026,0.14240058772265912,0.12020484816731213,body,world
stiff_medium,neither,90104,False,False,,1.0,0.0,,0.0,72,alarm,persistent,False,nan,0.1372183606028557,0.12140167504549026,-0.12246885370516582,body,world,0.12931001782417298,0.10233257077634335,-0.23398475295403645,body,world,0.11582129430025816,0.08340509608387947,-0.3283390252155484,body,world
stiff_medium,neither,90105,False,False,,1.0,0.0,,0.0,74,alarm,persistent,False,nan,0.12822074443101883,0.13773648887872697,0.07158901442675863,body,world,0.1329786166548729,0.12370732799172401,-0.07226982059078452,body,world,0.12834297232329844,0.11795120728202164,-0.08443511046988103,body,world
stiff_medium,neither,90106,False,False,,1.0,0.0,,0.0,79,alarm,persistent,False,nan,0.15378590449690818,0.09658944234251976,-0.46509196188189844,body,world,0.12518767341971399,0.09724481143057347,-0.2525823705286181,body,world,0.11121624242514372,0.13638154671061783,0.20398001208743852,body,world
stiff_medium,neither,90107,False,False,,1.0,0.0,,0.0,79,alarm,persistent,False,nan,0.16206356659531593,0.08254075571894645,-0.6746964645868109,body,world,0.12230216115713119,0.11470542103052139,-0.06412742777826637,body,world,0.11850379109382629,0.14495269134640693,0.2014624701911452,body,world
stiff_medium,neither,90108,False,False,,1.0,0.0,,0.0,64,alarm,persistent,False,nan,0.1539275974035263,0.11868168637156487,-0.26003734040821413,body,world,0.1363046418875456,0.10629192227497697,-0.24870310195104006,body,world,0.12129828208126128,0.11460141312563792,-0.05679251814411467,body,world
stiff_medium,neither,90109,False,False,,1.0,0.0,,0.0,66,alarm,persistent,False,nan,0.09749839790165424,0.11337851285934449,0.15089594629081232,body,world,0.10543845538049937,0.09551845733076333,-0.0988079220808717,body,world,0.10047845635563135,0.12854701578617095,0.24635137912219823,body,world
stiff_medium,neither,90110,False,False,,1.0,0.0,,0.0,60,alarm,persistent,False,nan,0.18357980847358704,0.09155908674001693,-0.6956649759127516,body,world,0.13756944760680198,0.08602125709876418,-0.46953442182626426,body,world,0.11179535235278308,0.11192366904579103,0.0011471238008882658,body,world
stiff_medium,neither,90111,False,False,,1.0,0.0,,0.0,76,alarm,persistent,False,nan,0.0855418547987938,0.1439697675406933,0.5205975439272968,body,world,0.11475581116974354,0.09745977409183978,-0.16336677020556875,body,world,0.10610779263079166,0.10143351694568992,-0.045051910608099176,body,world
stiff_medium,neither,90112,False,False,,1.0,0.0,,0.0,69,alarm,persistent,False,nan,0.11238479688763618,0.09942674115300179,-0.12250756613874021,body,world,0.10590576902031898,0.18489566221833229,0.5572419507321088,body,body,0.14540071561932563,0.10895450334064663,-0.28856309226705706,body,world
stiff_medium,neither,90113,False,False,,1.0,0.0,,0.0,60,world,settled,True,0.13469688594341278,0.21642316430807113,0.07365578263998032,-1.0778329302156235,world,world,0.14503947347402574,0.13437014445662498,-0.07640767227503925,body,world,0.13970480896532536,0.13037472311407328,-0.06911889963425985,body,world
stiff_medium,neither,90114,False,False,,1.0,0.0,,0.0,65,alarm,persistent,False,nan,0.08277078196406365,0.09593728967010975,0.14761962112934476,body,world,0.0893540358170867,0.16291519850492478,0.6006234016410602,body,world,0.12613461716100574,0.08927029417827725,-0.34568094623306544,body,world
stiff_medium,neither,90115,False,False,,1.0,0.0,,0.0,77,alarm,persistent,False,nan,0.13287927508354186,0.08692496865987778,-0.4243956925165301,body,world,0.10990212187170982,0.11747466251254082,0.06663250362171895,body,world,0.11368839219212531,0.09937659567221999,-0.13454467408223292,body,world
stiff_medium,neither,90116,False,False,,1.0,0.0,,0.0,75,alarm,persistent,False,nan,0.09485513120889663,0.10398975387215614,0.09194158076675608,body,world,0.09942244254052639,0.07693389356136322,-0.2564313403310419,body,world,0.0881781680509448,0.10740990927442909,0.19729303833801165,body,world
stiff_medium,neither,90117,False,False,,1.0,0.0,,0.0,79,alarm,persistent,False,nan,0.23927353899925946,0.10403281152248382,-0.8329010673235316,body,world,0.17165317526087165,0.1155030895024538,-0.3961787396507498,body,world,0.14357813238166273,0.08808859311975539,-0.488536315500802,body,world
stiff_medium,neither,90118,False,False,,1.0,0.0,,0.0,68,alarm,persistent,False,nan,0.13472465872764589,0.169060380756855,0.2270228029848271,body,world,0.15189251974225043,0.08246471658349037,-0.6108026396848207,body,world,0.11717861816287041,0.11940718125551938,0.01883992205292398,body,world
stiff_medium,neither,90119,False,False,,1.0,0.0,,0.0,69,alarm,persistent,False,nan,0.10069906376302243,0.1129382461309433,0.11470467252086701,body,world,0.10681865494698287,0.12590138241648674,0.16436633820295737,body,world,0.1163600186817348,0.13315081410109997,0.13479343222831308,body,world
stiff_medium,body_only,90120,True,False,m,1.5891995503048728,0.0,,0.0,74,alarm,persistent,False,nan,0.13202169984579087,0.15452924221754075,0.15741704659843242,body,world,0.1432754710316658,0.09354930007830262,-0.42628057713829826,body,world,0.1184123855549842,0.09972424022853374,-0.1717645456103516,body,world
stiff_medium,body_only,90121,True,False,l,1.4812383451425903,0.0,,0.0,60,alarm,persistent,False,nan,0.15977901816368104,0.20687487423419954,0.2583224140910322,body,body,0.18332694619894027,0.2532904725521803,0.3232657929678106,body,body,0.2183087093755603,0.16911299601197244,-0.2553430521660467,body,body
stiff_medium,body_only,90122,True,False,m,1.577333311441059,0.0,,0.0,60,alarm,persistent,False,nan,0.16806684136390687,0.21749072074890136,0.2577944208579819,body,body,0.1927787810564041,0.14685588367283345,-0.2720915966475512,body,world,0.16981733236461877,0.16009730319492518,-0.05894156848546796,body,body
stiff_medium,body_only,90123,True,False,l,1.2659873041674827,0.0,,0.0,78,alarm,persistent,False,nan,0.09872362185269594,0.16237271744757892,0.49757016998304865,body,world,0.13054816965013744,0.1324230059981346,0.014259114974205962,body,world,0.13148558782413602,0.10017320434562862,-0.27199651612905135,body,world
stiff_medium,body_only,90124,True,False,m,1.4143549642821072,0.0,,0.0,79,alarm,persistent,False,nan,0.16020993292331695,0.23008684813976288,0.36197180227890846,body,body,0.19514839053153993,0.13379296958446502,-0.37746664415045034,body,world,0.16447068005800247,0.13179565356113015,-0.22147967359842383,body,world
stiff_medium,body_only,90125,True,False,l,1.4086180240535773,0.0,,0.0,63,alarm,persistent,False,nan,0.105601267516613,0.17342037558555604,0.49604818950518215,body,world,0.13951082155108452,0.16395677626132965,0.1614606616085593,body,world,0.15173379890620708,0.18257728200405837,0.18504588392148613,body,body
stiff_medium,body_only,90126,True,False,m,1.6448408546174003,0.0,,0.0,68,alarm,persistent,False,nan,0.17382881343364714,0.13007994331419467,-0.2899217740712808,body,world,0.15195437837392092,0.13242194149643183,-0.1375869824729339,body,world,0.14218815993517636,0.11524253580719232,-0.21011233588787354,body,world
stiff_medium,body_only,90127,True,False,l,1.4986137896780058,0.0,,0.0,61,world,settled,True,0.14172545075416565,0.08734455108642578,0.11411923691630363,0.26738318524611704,body,world,0.1007318940013647,0.11797698251903058,0.15802706950891338,body,world,0.10935443826019764,0.13986153919249772,0.24605859349727885,body,world
stiff_medium,body_only,90128,True,False,m,1.416558817025714,0.0,,0.0,64,alarm,persistent,False,nan,0.12377579510211945,0.198166099190712,0.4706337388321592,body,body,0.16097094714641572,0.1498762832954526,-0.0714137204448122,body,world,0.15542361522093415,0.15459023353178053,-0.005376428827178562,body,world
stiff_medium,body_only,90129,True,False,l,1.38378853736242,0.0,,0.0,68,alarm,persistent,False,nan,0.12992558479309083,0.2112378939986229,0.48602309619030676,body,body,0.17058173939585686,0.19213533755391837,0.11898541501798722,body,body,0.18135853847488762,0.19326773090288044,0.06360048690240251,body,body
stiff_medium,body_only,90130,True,False,m,1.4756383192437175,0.0,,0.0,71,alarm,persistent,False,nan,0.24574162065982819,0.1816797986626625,-0.30203487183700234,body,world,0.21371070966124533,0.14580634124577047,-0.38234396507248936,body,world,0.1797585254535079,0.11738820718601346,-0.42612797249635304,body,world
stiff_medium,body_only,90131,True,False,l,1.3606013397692742,0.0,,0.0,80,alarm,persistent,False,nan,0.19478644952178,0.17827697917819024,-0.0885654241328286,body,world,0.1865317143499851,0.1829061821103096,-0.0196279194415925,body,body,0.18471894823014737,0.09452341748401523,-0.6699878633048543,world,world
stiff_medium,body_only,90132,True,False,m,1.3052923183294922,0.0,,0.0,64,alarm,persistent,False,nan,0.09747659452259541,0.0907948561012745,-0.0710096598716907,body,world,0.09413572531193495,0.12404341828078032,0.275894024577693,body,world,0.10908957179635763,0.0797900423873216,-0.3127705898131333,body,world
stiff_medium,body_only,90133,True,False,l,1.3207448067237653,0.0,,0.0,67,alarm,persistent,False,nan,0.23895068764686583,0.1904749058187008,-0.22673674490157275,body,world,0.21471279673278332,0.11609341148287058,-0.6149061675093315,body,world,0.16540310410782694,0.09858498852699996,-0.5174665458502711,world,world
stiff_medium,body_only,90134,True,False,m,1.4561368550822151,0.0,,0.0,64,alarm,persistent,False,nan,0.05329937697388232,0.11652499288320542,0.782181139125422,body,world,0.08491218492854387,0.12279491797089577,0.3688980262870032,body,world,0.10385355144971982,0.10411096923053265,0.002475594504655607,body,world
stiff_medium,body_only,90135,True,False,l,1.4036352699808552,0.0,,0.0,79,alarm,persistent,False,nan,0.1307254120707512,0.1868622772395611,0.3572728279013941,body,world,0.15879384465515614,0.18755901753902435,0.1664867696476136,body,body,0.17317643109709024,0.18759082742035388,0.07995223327633816,body,body
stiff_medium,body_only,90136,True,False,m,1.3752498406372067,0.0,,0.0,68,alarm,persistent,False,nan,0.1241998866200447,0.2211829736828804,0.5770980375682301,body,body,0.17269143015146254,0.18712677173316478,0.08027994970124706,body,body,0.17990910094231366,0.17126121902838348,-0.049261741001504024,body,body
stiff_medium,body_only,90137,True,False,l,1.3180944856558197,0.0,,0.0,66,alarm,persistent,False,nan,0.14458276331424713,0.09459350556135178,-0.4242632779601955,body,world,0.11958813443779945,0.2115749351680279,0.5705256129220739,body,body,0.16558153480291365,0.10649976832792163,-0.4413209210982779,body,world
stiff_medium,body_only,90138,True,False,m,1.3737292058898571,0.0,,0.0,76,alarm,persistent,False,nan,0.1500476412475109,0.08840409964323044,-0.529034507363246,body,world,0.11922587044537067,0.09087819755077362,-0.2714996435324483,body,world,0.10505203399807214,0.10578362573869526,0.006939951978090699,body,world
stiff_medium,body_only,90139,True,False,l,1.2231365368057392,0.0,,0.0,78,alarm,persistent,False,nan,0.07898112442344427,0.10241031348705291,0.25977853261115447,body,world,0.0906957189552486,0.09891966264694929,0.08679787633023149,body,world,0.09480769080109894,0.12053468413650989,0.24008701410761377,body,world
stiff_medium,body_only,90140,True,False,m,1.5903123576273737,0.0,,0.0,77,alarm,persistent,False,nan,0.19781625047326087,0.25317051708698274,0.24672467038836288,body,body,0.2254933837801218,0.19941656570881605,-0.12289488643672791,body,body,0.21245497474446892,0.1867791754193604,-0.12880304340263277,body,body
stiff_medium,body_only,90141,True,False,l,1.3983126255738383,0.0,,0.0,68,alarm,persistent,False,nan,0.07070145588368178,0.16786863952875136,0.8647156008824646,body,world,0.11928504770621658,0.1099324761889875,-0.08164966320808675,body,world,0.11460876194760203,0.07884384347125888,-0.3740550267774167,body,world
stiff_medium,body_only,90142,True,False,m,1.5588960124158446,0.0,,0.0,77,alarm,persistent,False,nan,0.19211509078741074,0.19773622676730157,0.028839330874130965,body,body,0.19492565877735615,0.13375258184969424,-0.3766265596963117,body,world,0.1643391203135252,0.17081644386053085,0.038657452606161616,body,body
stiff_medium,body_only,90143,True,False,l,1.3381767659159343,0.0,,0.0,76,alarm,persistent,False,nan,0.16955809965729712,0.12263531535863877,-0.32398060340860674,body,world,0.14609670750796794,0.1590094931423664,0.08469512311287997,body,world,0.15255310032516717,0.17584469551220536,0.14208845932728364,body,body
stiff_medium,body_only,90144,True,False,m,1.4340779419258376,0.0,,0.0,78,alarm,persistent,False,nan,0.1267814554274082,0.1595004603266716,0.22958202754639426,body,world,0.1431409578770399,0.22619186267256736,0.4575537248193758,body,body,0.18466641027480363,0.17298559565097094,-0.06534268077644062,body,body
stiff_medium,body_only,90145,True,False,l,1.3732457116762027,0.0,,0.0,79,alarm,persistent,False,nan,0.1735383927822113,0.11584956869482994,-0.4041063310452757,body,world,0.14469398073852063,0.11517223231494426,-0.22819235428434295,body,world,0.12993310652673246,0.08815903677605093,-0.3878773333590817,body,world
stiff_medium,body_only,90146,True,False,m,1.4659264726975494,0.0,,0.0,73,alarm,persistent,False,nan,0.20025811940431595,0.19753883332014083,-0.013671942046236474,body,body,0.1988984763622284,0.17275336887687445,-0.14092956159430772,body,world,0.18582592261955141,0.1577956442721188,-0.1635095303980389,body,body
stiff_medium,body_only,90147,True,False,l,1.3697174281168265,0.0,,0.0,61,alarm,persistent,False,nan,0.05817894972860813,0.15047719925642014,0.950287971953873,body,world,0.10432807449251413,0.12284352332353592,0.163370881001688,body,world,0.11358579890802503,0.1686444863677025,0.3952343793629378,body,body
stiff_medium,body_only,90148,True,False,m,1.3038571531689942,0.0,,0.0,77,alarm,persistent,False,nan,0.22519770860671998,0.130104361474514,-0.548641812315224,body,world,0.177651035040617,0.21687890067696572,0.19951798762858933,body,body,0.19726496785879136,0.16140671707689763,-0.20062046698118247,body,body
stiff_medium,body_only,90149,True,False,l,1.2823864181574816,0.0,,0.0,69,alarm,persistent,False,nan,0.12589639201760291,0.19897733479738236,0.45773163963269753,body,body,0.16243686340749264,0.13271829318255185,-0.20206060788306118,body,world,0.14757757829502224,0.09867334114387631,-0.40253918196029653,body,world
stiff_medium,body_only,90150,True,False,m,1.371260065573264,0.0,,0.0,77,alarm,persistent,False,nan,0.11880349218845368,0.13740619495511056,0.14547066375918954,body,world,0.12810484357178212,0.16404375061392784,0.24728414523032585,body,world,0.14607429709285497,0.1916656706482172,0.27163717902942053,body,body
stiff_medium,body_only,90151,True,False,l,1.2751118713228489,0.0,,0.0,67,alarm,persistent,False,nan,0.15334102958440782,0.08702281564474106,-0.5664940594336899,body,world,0.12018192261457443,0.14916540384292604,0.216049166584234,body,world,0.13467366322875024,0.16707658842206002,0.21559777797918267,body,body
stiff_medium,body_only,90152,True,False,m,1.3717293620024857,0.0,,0.0,77,alarm,persistent,False,nan,0.10716046467423439,0.19580744430422783,0.6028043683808221,body,body,0.1514839544892311,0.13549416437745093,-0.1115511363110445,body,world,0.14348905943334103,0.1902102343738079,0.28187116573790877,body,body
stiff_medium,body_only,90153,True,False,l,1.3777582765834164,0.0,,0.0,63,alarm,persistent,False,nan,0.10952155888080597,0.1953081250190735,0.5784570251439809,body,body,0.15241484194993973,0.19650428593158722,0.25407821579453505,body,body,0.17445956394076348,0.17308174893260003,-0.007928969452300325,body,body
stiff_medium,body_only,90154,True,False,m,1.3240528558094946,0.0,,0.0,61,alarm,persistent,False,nan,0.09834893867373466,0.13293512128293514,0.30133944584363537,body,world,0.1156420299783349,0.10332336015999317,-0.1126359817136008,body,world,0.10948269506916404,0.09342382131144404,-0.15862014199239693,body,world
stiff_medium,body_only,90155,True,False,l,1.2616156540457863,0.0,,0.0,75,alarm,persistent,False,nan,0.13059481959789992,0.0792585089802742,-0.4993847740532883,body,world,0.10492666428908706,0.09290521899238229,-0.12168184794930909,body,world,0.09891594164073467,0.1068572006188333,0.07722295433880479,body,world
stiff_medium,body_only,90156,True,False,m,1.53054519222226,0.0,,0.0,80,alarm,persistent,False,nan,0.12438631244003773,0.08028540536761283,-0.4378042925378111,body,world,0.10233585890382528,0.1671610614284873,0.4906976488786569,body,world,0.1347484601661563,0.09439991591498256,-0.3558695999655149,body,world
stiff_medium,body_only,90157,True,False,l,1.488929027680533,0.0,,0.0,67,alarm,persistent,False,nan,0.12829807996749878,0.19893066287040712,0.43860002989219404,body,body,0.16361437141895294,0.18285200297832488,0.1111648335813679,body,body,0.17323318719863892,0.16995683293789626,-0.01909410886307617,body,body
stiff_medium,body_only,90158,True,False,m,1.4010988441285952,0.0,,0.0,76,alarm,persistent,False,nan,0.072286706417799,0.17241134941577912,0.8692429426554588,body,world,0.12234902791678906,0.24451138600707054,0.6923840316114503,body,body,0.1834302069619298,0.1691083600744605,-0.08129455828889413,body,body
stiff_medium,body_only,90159,True,False,l,1.3983826888544335,0.0,,0.0,76,alarm,persistent,False,nan,0.16366244703531266,0.11092449650168419,-0.38895629876556237,body,world,0.13729347176849843,0.09762430191040039,-0.34099430702811206,body,world,0.11745888683944941,0.09537144247442483,-0.20830918460673506,body,world
stiff_medium,body_only,90160,True,False,m,1.6346395142175347,0.0,,0.0,78,alarm,persistent,False,nan,0.18611121587455273,0.08918909281492234,-0.7355856755810318,body,world,0.13765015434473754,0.12766161188483238,-0.0753322467346528,body,world,0.13265588311478496,0.09957335917279124,-0.286863779631241,body,world
stiff_medium,body_only,90161,True,False,l,1.4627355647267428,0.0,,0.0,75,alarm,persistent,False,nan,0.1360151946544647,0.12933507040143014,-0.05036012309184783,body,world,0.13267513252794744,0.13938426189124584,0.049331065432745604,body,world,0.13602969720959662,0.1807714259251952,0.28436016928506486,body,body
stiff_medium,body_only,90162,True,False,m,1.3110427449584228,0.0,,0.0,70,alarm,persistent,False,nan,0.2590207815170288,0.18745015263557435,-0.3233953385430403,body,world,0.22323546707630157,0.1276290244422853,-0.5590993112292206,body,world,0.17543224575929345,0.12094730730168521,-0.3718979304108136,body,world
stiff_medium,body_only,90163,True,False,l,1.4308898612160117,0.0,,0.0,78,alarm,persistent,False,nan,0.12386362999677658,0.17667220383882523,0.3551148575339524,body,world,0.1502679169178009,0.16929355105385185,0.11921438290857508,body,world,0.15978073398582637,0.193269282579422,0.19028200020725455,body,body
stiff_medium,body_only,90164,True,False,m,1.439856144676443,0.0,,0.0,68,alarm,persistent,False,nan,0.08767862841486931,0.19049977660179138,0.7759728418732973,body,world,0.13908920250833035,0.26144540384411813,0.6311100090315344,body,body,0.20026730317622424,0.1425537840463221,-0.3399336296835895,body,world
stiff_medium,body_only,90165,True,False,l,1.2997648895781109,0.0,,0.0,62,alarm,persistent,False,nan,0.14870110154151917,0.09382605627179146,-0.46049565839932,body,world,0.12126357890665532,0.12684251219034196,0.04497974092294468,body,world,0.12405304554849864,0.1670455178245902,0.2975570762905809,body,body
stiff_medium,body_only,90166,True,False,m,1.679679815459025,0.0,,0.0,64,alarm,persistent,False,nan,0.2452312797307968,0.14089143127202988,-0.5542121613548441,body,world,0.19306135550141335,0.12034629955887795,-0.47263462610973495,body,world,0.15670382753014564,0.11265510371886193,-0.3300266030762868,body,world
stiff_medium,body_only,90167,True,False,l,1.3590101711106688,0.0,,0.0,72,alarm,persistent,False,nan,0.13326910138130188,0.09910233914852143,-0.2962173577479433,body,world,0.11618572026491165,0.14391079396009446,0.21400367364696357,body,world,0.13004825711250306,0.14284622352570295,0.09386310155296916,body,world
stiff_medium,body_only,90168,True,False,m,1.6457533914678304,0.0,,0.0,77,alarm,persistent,False,nan,0.21415739208459855,0.19708280861377717,-0.08308723301231484,body,body,0.20562010034918785,0.21379300635308027,0.038977993744971684,body,body,0.20970655335113406,0.19624282149598002,-0.0663564108688588,body,body
stiff_medium,body_only,90169,True,False,l,1.372684860076075,0.0,,0.0,63,alarm,persistent,False,nan,0.20841129422187804,0.13891905099153518,-0.4056221068115485,body,world,0.1736651726067066,0.16009588204324246,-0.08135625149799029,body,world,0.16688052732497455,0.1507082474883646,-0.10193231915861521,body,world
stiff_medium,body_only,90170,True,False,m,1.5110806219967274,0.0,,0.0,77,alarm,persistent,False,nan,0.12234643772244454,0.24484368562698364,0.6937633150792353,body,body,0.1835950616747141,0.2134581457823515,0.15070819433235813,body,body,0.19852660372853279,0.14947632336989045,-0.28378510678738056,body,world
stiff_medium,body_only,90171,True,False,l,1.3393346079674444,0.0,,0.0,80,alarm,persistent,False,nan,0.09882459156215191,0.07662248015403747,-0.2544559679465871,body,world,0.0877235358580947,0.1003808630630374,0.13478135095082316,body,world,0.09405219946056605,0.10197133673354983,0.08084181982585882,body,world
stiff_medium,body_only,90172,True,False,m,1.5992541406103382,0.0,,0.0,69,alarm,persistent,False,nan,0.21198867857456208,0.09480743408203125,-0.8046850455226182,body,world,0.15339805632829667,0.1603187568485737,0.04412784543635777,body,world,0.15685840658843517,0.0842290767468512,-0.6218033383856212,world,world
stiff_medium,body_only,90173,True,False,l,1.2909310796297793,0.0,,0.0,74,alarm,persistent,False,nan,0.1847492352128029,0.10417318791151046,-0.5729446377415668,body,world,0.1444612115621567,0.17689005555585027,0.20251734510307026,body,world,0.16067563355900347,0.07981156967580319,-0.6997191570056175,world,world
stiff_medium,body_only,90174,True,False,m,1.4992846063269814,0.0,,0.0,60,alarm,persistent,False,nan,0.13192709162831306,0.10633534379303455,-0.21565171276090264,body,world,0.11913121771067381,0.1455253515392542,0.20012475336189295,body,world,0.132328284624964,0.20484396088868378,0.43696268306485714,body,body
stiff_medium,body_only,90175,True,False,l,1.375063495490151,0.0,,0.0,67,alarm,persistent,False,nan,0.11650844477117062,0.08965739812701941,-0.26196803870699653,body,world,0.103082921449095,0.09492647424340248,-0.08243109034324357,body,world,0.09900469784624874,0.0781630742829293,-0.2363699618399252,body,world
stiff_medium,body_only,90176,True,False,m,1.3570155774731387,0.0,,0.0,71,alarm,persistent,False,nan,0.06400068327784539,0.10394453778862953,0.4849637068784587,body,world,0.08397261053323746,0.17635673470795155,0.7420181648020093,body,world,0.1301646726205945,0.16411789283156394,0.23178466697974867,body,body
stiff_medium,body_only,90177,True,False,l,1.2641200458110455,0.0,,0.0,62,alarm,persistent,False,nan,0.17779178768396378,0.14913658574223518,-0.1757505646268096,body,world,0.16346418671309948,0.25553594119846823,0.44676914496925035,body,body,0.20950006395578386,0.15653008269146085,-0.2914758314616844,body,world
stiff_medium,body_only,90178,True,False,m,1.5240608064758356,0.0,,0.0,68,alarm,persistent,False,nan,0.1610775962471962,0.11575733684003353,-0.33039013696063296,body,world,0.13841746654361486,0.11907635703682899,-0.1505092954602589,body,world,0.12874691179022194,0.10189076140522957,-0.23394728038646637,body,world
stiff_medium,body_only,90179,True,False,l,1.4207768660969622,0.0,,0.0,63,alarm,persistent,False,nan,0.3034499168395996,0.06820054650306702,-1.4927640001733018,world,world,0.1858252316713333,0.12823107410222293,-0.37097271452010444,body,world,0.15702815288677813,0.15677981907501817,-0.001582712268567918,body,world
stiff_medium,body_only,90180,True,False,m,1.6834084531201725,0.0,,0.0,70,alarm,persistent,False,nan,0.15932919085025787,0.2485645219683647,0.4447300129448899,body,body,0.2039468564093113,0.2897709902375937,0.35123147006748534,body,body,0.24685892332345247,0.1708890181966126,-0.3678026834135408,body,body
stiff_medium,body_only,90181,True,False,l,1.3164236438723707,0.0,,0.0,75,alarm,persistent,False,nan,0.0870724156498909,0.17024794220924377,0.6705157218560853,body,world,0.12866017892956733,0.15728821307420732,0.20090521778156759,body,world,0.14297419600188732,0.16111436802893878,0.11945030678806527,body,body
stiff_medium,body_only,90182,True,False,m,1.3450601064988406,0.0,,0.0,60,alarm,persistent,False,nan,0.09709749445319175,0.1886046700179577,0.6639375602010779,body,world,0.14285108223557472,0.2195873387157917,0.4299473471761219,body,body,0.1812192104756832,0.1412576548755169,-0.24912184369999352,body,world
stiff_medium,body_only,90183,True,False,l,1.3429357517410216,0.0,,0.0,67,alarm,persistent,False,nan,0.13368104845285417,0.09667336493730545,-0.3241188028942937,body,world,0.1151772066950798,0.14589240308851004,0.2363975147332862,body,world,0.13053480489179492,0.11775914933532476,-0.10299846411570159,body,world
stiff_medium,body_only,90184,True,False,m,1.6568892806087865,0.0,,0.0,73,alarm,persistent,False,nan,0.164784337580204,0.3397378534078598,0.7235367268294284,body,body,0.2522610954940319,0.17203320153057575,-0.3827771540279208,body,world,0.21214714851230382,0.17629422936588526,-0.18512577368711292,body,body
stiff_medium,body_only,90185,True,False,l,1.43334245437914,0.0,,0.0,67,alarm,persistent,False,nan,0.10133114159107208,0.22988076508045197,0.8191669783384601,body,body,0.16560595333576203,0.1734237976372242,0.04612710480537046,body,world,0.1695148754864931,0.13431139928288757,-0.23277970477772778,body,world
stiff_medium,body_only,90186,True,False,m,1.6331529059433587,0.0,,0.0,70,alarm,persistent,False,nan,0.19588455855846404,0.11550014317035676,-0.5282537292316876,body,world,0.1556923508644104,0.13967668935656546,-0.10855156005480464,body,world,0.14768452011048794,0.2030565867200494,0.318406314761566,body,body
stiff_medium,body_only,90187,True,False,l,1.3141636302230804,0.0,,0.0,65,alarm,persistent,False,nan,0.24467195346951484,0.1177723951637745,-0.7311644406130801,body,world,0.18122217431664467,0.12283020950853825,-0.388920769709172,body,world,0.15202619191259145,0.12002309397794306,-0.23636864713398467,body,world
stiff_medium,body_only,90188,True,False,m,1.68271261290117,0.0,,0.0,72,alarm,persistent,False,nan,0.10964917540550231,0.1414396695792675,0.2545873081732093,body,world,0.1255444224923849,0.136032310128212,0.08023277196777322,body,world,0.13078836631029844,0.12817641589790582,-0.020172928277288754,body,world
stiff_medium,body_only,90189,True,False,l,1.2673551846296478,0.0,,0.0,69,world,settled,True,0.13112208247184753,0.2262159138917923,0.07275598682463169,-1.134378718610504,world,world,0.149485950358212,0.15310609936714173,0.02392873009863546,body,world,0.15129602486267685,0.16731573771685362,0.1006443251732478,body,body
stiff_medium,body_only,90190,True,False,m,1.4616304439624153,0.0,,0.0,61,alarm,persistent,False,nan,0.0872321406379342,0.15575280487537385,0.5796973180345856,body,world,0.12149247275665402,0.18097964860498905,0.3985322780563291,body,body,0.15123606068082154,0.08578073401004076,-0.5670474959336103,world,world
stiff_medium,body_only,90191,True,False,l,1.3598610545526153,0.0,,0.0,75,alarm,persistent,False,nan,0.11589104086160659,0.16488598957657813,0.3526038160383055,body,world,0.14038851521909237,0.08712837230414153,-0.47703111297667067,body,world,0.11375844376161695,0.14312983192503453,0.2296748479661132,body,world
stiff_medium,body_only,90192,True,False,m,1.6394540644586693,0.0,,0.0,73,alarm,persistent,False,nan,0.19349360689520836,0.16172137930989267,-0.17936949888650128,body,world,0.1776074931025505,0.19022335186600686,0.06862289733496986,body,body,0.18391542248427867,0.15677016898989676,-0.1596951504934377,body,world
stiff_medium,body_only,90193,True,False,l,1.2806965176607972,0.0,,0.0,79,alarm,persistent,False,nan,0.129800795763731,0.14422266688197852,0.10535746813757998,body,world,0.13701173132285477,0.13553343079984187,-0.010848220596912546,body,world,0.13627258106134832,0.08115453580394387,-0.5183019659009866,world,world
stiff_medium,body_only,90194,True,False,m,1.3882151295384004,0.0,,0.0,72,alarm,persistent,False,nan,0.13416100069880485,0.25627481788396833,0.6472097995594324,body,body,0.1952179092913866,0.18423864990472794,-0.057884490619924844,body,body,0.18972827959805727,0.1636020944453776,-0.14815571488222262,body,body
stiff_medium,body_only,90195,True,False,l,1.4070168029723402,0.0,,0.0,68,alarm,persistent,False,nan,0.12445903420448304,0.13825263902544976,0.10510610978781858,body,world,0.1313558366149664,0.20838162675499916,0.46146119189287516,body,body,0.1698687316849828,0.1802772954106331,0.05947022333293925,body,body
stiff_medium,body_only,90196,True,False,m,1.4747105385822876,0.0,,0.0,78,alarm,persistent,False,nan,0.18031772077083588,0.28302185237407684,0.4508037012334045,body,body,0.23166978657245635,0.1745506688952446,-0.2830979583689896,body,world,0.20311022773385048,0.1930784605210647,-0.05065218794613505,body,body
stiff_medium,body_only,90197,True,False,l,1.3111555143573217,0.0,,0.0,62,alarm,persistent,False,nan,0.16032023914158344,0.27599930465221406,0.5432250367909596,body,body,0.21815977189689875,0.16651041097939015,-0.27016985708925645,body,world,0.19233509143814445,0.09072365537285805,-0.7514209866460423,world,world
stiff_medium,body_only,90198,True,False,m,1.379640047296776,0.0,,0.0,79,alarm,persistent,False,nan,0.15509355217218398,0.1218786135315895,-0.24100291888146544,body,world,0.13848608285188674,0.10999304708093405,-0.23035268031499365,body,world,0.12423956496641039,0.10468502365984023,-0.17125561012907017,body,world
stiff_medium,body_only,90199,True,False,l,1.4868269255907973,0.0,,0.0,73,alarm,persistent,False,nan,0.09510458037257194,0.09490744918584823,-0.002074934496604742,body,world,0.09500601477921009,0.08841919624246657,-0.07185110492809488,body,world,0.09171260551083833,0.07844432024285197,-0.1562707576422025,body,world
stiff_medium,body_only,90200,True,False,m,1.568789452616487,0.0,,0.0,75,alarm,persistent,False,nan,0.1389831431210041,0.2224631480872631,0.4704088080487765,body,body,0.1807231456041336,0.1928864035755396,0.06513515514907779,body,body,0.1868047745898366,0.17239693310111762,-0.08026451673617295,body,body
stiff_medium,body_only,90201,True,False,l,1.237480856854104,0.0,,0.0,74,alarm,persistent,False,nan,0.1017467960715294,0.20582129061222076,0.7045209353888651,body,body,0.15378404334187507,0.14732028245925904,-0.04294029339373757,body,world,0.15055216290056705,0.13776504937559367,-0.08875992805290675,body,world
stiff_medium,body_only,90202,True,False,m,1.589816924085751,0.0,,0.0,69,alarm,persistent,False,nan,0.14414707869291304,0.22967629730701447,0.4658367564539206,body,body,0.18691168799996377,0.2703699104487896,0.36915481142929546,body,body,0.2286407992243767,0.16263999231159687,-0.34061308768586124,body,body
stiff_medium,body_only,90203,True,False,l,1.2163108575505985,0.0,,0.0,68,alarm,persistent,False,nan,0.1570286300033331,0.1808708444237709,0.14135506440394843,body,world,0.168949737213552,0.12337338179349899,-0.31438587624400005,body,world,0.1461615595035255,0.1527347482740879,0.04399016358293318,body,world
stiff_medium,body_only,90204,True,False,m,1.577624770964431,0.0,,0.0,61,alarm,persistent,False,nan,0.07175753451883793,0.11278252340853215,0.4521685328968707,body,world,0.09227002896368504,0.08344101682305335,-0.10057937859537716,body,world,0.0878555228933692,0.08613020575139671,-0.019833508323871,body,world
stiff_medium,body_only,90205,True,False,l,1.3675497082151145,0.0,,0.0,65,world,settled,True,0.12864549458026886,0.20239891558885575,0.16810195446014403,-0.185669912518771,body,world,0.1852504350244999,0.08806422539055347,-0.7436422302213699,world,world,0.13665733020752668,0.137429809756577,0.005636759130593057,body,world
stiff_medium,body_only,90206,True,False,m,1.5176465510618466,0.0,,0.0,74,alarm,persistent,False,nan,0.2256227269768715,0.13965829648077488,-0.4796655549694153,body,world,0.18264051172882317,0.26934860125184057,0.38848665200072524,body,body,0.2259945564903319,0.18796642664819957,-0.18424754743240734,body,body
stiff_medium,body_only,90207,True,False,l,1.2488637580931352,0.0,,0.0,80,alarm,persistent,False,nan,0.11892867013812065,0.05185219310224056,-0.8301266719542838,body,world,0.0853904316201806,0.13002968076616525,0.420528685382789,body,world,0.10771005619317293,0.13646173221059144,0.23660127314343768,body,world
stiff_medium,body_only,90208,True,False,m,1.4834364114696996,0.0,,0.0,66,alarm,persistent,False,nan,0.2618741184473038,0.12296550497412681,-0.7559600556848457,body,world,0.1924198117107153,0.18926543965935708,-0.016529032005216257,body,body,0.19084262568503618,0.12419084068387747,-0.4296297188474855,body,world
stiff_medium,body_only,90209,True,False,l,1.263629522578016,0.0,,0.0,60,alarm,persistent,False,nan,0.19493146389722824,0.11327597349882126,-0.5428209449557774,body,world,0.15410371869802475,0.1741853155195713,0.12249389043755571,body,world,0.16414451710879802,0.13895431011915207,-0.1666020667598028,body,world
stiff_medium,body_only,90210,True,False,m,1.3346147837212192,0.0,,0.0,73,alarm,persistent,False,nan,0.145267990231514,0.09567971415817737,-0.41757394235734463,body,world,0.12047385219484567,0.12395760212093591,0.028506853607662107,body,world,0.1222157271578908,0.10882377084344626,-0.11605794602765597,body,world
stiff_medium,body_only,90211,True,False,l,1.30656153459059,0.0,,0.0,71,alarm,persistent,False,nan,0.17746927142143248,0.2401624009013176,0.3025178897497476,body,body,0.20881583616137506,0.20479681789875032,-0.01943434137635854,body,body,0.2068063270300627,0.16332206279039382,-0.23605864035758845,body,body
stiff_medium,body_only,90212,True,False,m,1.6930851814175538,0.0,,0.0,60,alarm,persistent,False,nan,0.1311362698674202,0.2276739776134491,0.5516776723567608,body,body,0.17940512374043466,0.17240450903773308,-0.03980299724412952,body,world,0.17590481638908387,0.10190469091758132,-0.5459050590842748,world,world
stiff_medium,body_only,90213,True,False,l,1.3559979569855254,0.0,,0.0,66,alarm,persistent,False,nan,0.18175628185272216,0.2034774601459503,0.11288855882715074,body,body,0.19261687099933625,0.25204603374004364,0.26890865282197296,body,body,0.22233145236968993,0.11911886637099087,-0.62404742547244,world,world
stiff_medium,body_only,90214,True,False,m,1.3935857870234445,0.0,,0.0,60,alarm,persistent,False,nan,0.10865822620689869,0.15379500538110732,0.3474131650397465,body,world,0.13122661579400302,0.18893486484885216,0.3644766050122029,body,body,0.16008074032142758,0.18174152169376612,0.1269071521868576,body,body
stiff_medium,body_only,90215,True,False,l,1.3131198647094737,0.0,,0.0,80,alarm,persistent,False,nan,0.09306394308805466,0.13753234148025512,0.390572283235684,body,world,0.11529814228415489,0.08923480585217476,-0.25625015151156494,body,world,0.10226647406816483,0.09924741389695554,-0.029966034752287932,body,world
stiff_medium,body_only,90216,True,False,m,1.681261135717984,0.0,,0.0,66,alarm,persistent,False,nan,0.21611400097608566,0.21579517871141435,-0.001476339645340081,body,body,0.21595458984375,0.1293415440246463,-0.5126116197106758,body,world,0.17264806693419815,0.1275860861875117,-0.3024639047832834,body,world
stiff_medium,body_only,90217,True,False,l,1.413471960665546,0.0,,0.0,75,alarm,persistent,False,nan,0.21987961009144782,0.12225244641304016,-0.58699202999868,body,world,0.17106602825224398,0.11015154607594013,-0.44019250285815154,body,world,0.14060878716409206,0.16856212243437768,0.18132288594816917,body,body
stiff_medium,body_only,90218,True,False,m,1.584896311018346,0.0,,0.0,74,alarm,persistent,False,nan,0.1496498815715313,0.11054925993084908,-0.30283723007691943,body,world,0.1300995707511902,0.12392643205821514,-0.048611986451210516,body,world,0.12701300140470267,0.14790045553818346,0.15224999526963767,body,world
stiff_medium,body_only,90219,True,False,l,1.3119810143159762,0.0,,0.0,70,alarm,persistent,False,nan,0.1913466274738312,0.21339984834194184,0.10908104138406827,body,body,0.2023732379078865,0.08400362525135278,-0.8792537492294678,world,world,0.14318843157961963,0.10664149383082985,-0.2946887822663234,body,world
stiff_medium,body_only,90220,True,False,m,1.300500753923412,0.0,,0.0,65,alarm,persistent,False,nan,0.10663043707609177,0.14702867045998574,0.3212586078851476,body,world,0.12682955376803876,0.18349495232105256,0.36934307060303917,body,body,0.15516225304454564,0.15463482509367169,-0.0034049931240532527,body,world
stiff_medium,body_only,90221,True,False,l,1.325946290087466,0.0,,0.0,69,alarm,persistent,False,nan,0.2024496391415596,0.1799912966787815,-0.11758266208280112,body,world,0.19122046791017056,0.1295658951625228,-0.3892374499505117,body,world,0.16039318153634669,0.1449310164898634,-0.10137030453320037,body,world
stiff_medium,body_only,90222,True,False,m,1.3799548422979533,0.0,,0.0,63,alarm,persistent,False,nan,0.16494720354676246,0.1139341214671731,-0.3700050447025544,body,world,0.1394406625069678,0.1729862906038761,0.21557319389552762,body,world,0.15621347655542195,0.11925260648131371,-0.2699795244321783,body,world
stiff_medium,body_only,90223,True,False,l,1.2088747342560058,0.0,,0.0,66,alarm,persistent,False,nan,0.10072164312005043,0.15094667226076125,0.40456590725728286,body,world,0.12583415769040585,0.1778314435854554,0.34587132432466394,body,world,0.15183280063793064,0.1377237212844193,-0.09753026084486555,body,world
stiff_medium,body_only,90224,True,False,m,1.3689372681649405,0.0,,0.0,67,alarm,persistent,False,nan,0.18630162626504898,0.2112118735909462,0.12549476305550644,body,body,0.19875674992799758,0.19671893082559108,-0.010305751972601475,body,body,0.19773784037679434,0.15038773347623646,-0.2737252660239752,body,world
stiff_medium,body_only,90225,True,False,l,1.4190999555086545,0.0,,0.0,76,alarm,persistent,False,nan,0.193253593146801,0.16360466480255126,-0.16655034332591478,body,world,0.17842912897467614,0.1262136198580265,-0.3462156187342279,body,world,0.15232137441635132,0.16947465660050512,0.1067108028414585,body,body
stiff_medium,body_only,90226,True,False,m,1.3666051873938825,0.0,,0.0,68,alarm,persistent,False,nan,0.24308124259114267,0.11762982495129108,-0.7258531022735306,body,world,0.18035553377121688,0.10227408036589622,-0.5672738183929136,body,world,0.14131480706855654,0.09304238436743617,-0.41793494069069115,body,world
stiff_medium,body_only,90227,True,False,l,1.2089853713110907,0.0,,0.0,76,alarm,persistent,False,nan,0.11349674016237259,0.1280388616025448,0.12055970863780552,body,world,0.12076780088245868,0.1578900706022978,0.26802933421104763,body,world,0.13932893574237823,0.14375726375728845,0.03128862718532831,body,world
stiff_medium,body_only,90228,True,False,m,1.3941552835422104,0.0,,0.0,76,alarm,persistent,False,nan,0.13154411911964417,0.3175893101841211,0.8814167687347593,body,body,0.22456671465188266,0.13335479386150836,-0.5211596335281526,body,world,0.1789607542566955,0.14221956860274076,-0.22979441069797624,body,world
stiff_medium,body_only,90229,True,False,l,1.4129882265602367,0.0,,0.0,60,alarm,persistent,False,nan,0.12930662631988527,0.15739685893058777,0.19658384771091475,body,world,0.1433517426252365,0.2090672180056572,0.37735446881657925,body,body,0.17620948031544686,0.17781089381314813,0.00904707490095516,body,body
stiff_medium,body_only,90230,True,False,m,1.387380358400205,0.0,,0.0,62,alarm,persistent,False,nan,0.17383314073085784,0.11498370468616485,-0.4133054578581382,body,world,0.14440842270851134,0.1418449729681015,-0.01791083220580896,body,world,0.14312669783830642,0.11561305967625231,-0.21348131402859347,body,world
stiff_medium,body_only,90231,True,False,l,1.2736796593502162,0.0,,0.0,79,alarm,persistent,False,nan,0.15329617112874985,0.11292653903365135,-0.305634298976466,body,world,0.1331113550812006,0.14896210059523582,0.11250588100174921,body,world,0.14103672783821822,0.16260331328958272,0.1422932362598404,body,body
stiff_medium,body_only,90232,True,False,m,1.3398772042708087,0.0,,0.0,65,alarm,persistent,False,nan,0.10740010365843773,0.23088177740573884,0.765344646155572,body,body,0.16914094053208828,0.21421036086976528,0.23622619190668426,body,body,0.1916756507009268,0.13959538647904993,-0.31705648261512365,body,world
stiff_medium,body_only,90233,True,False,l,1.2151805568406018,0.0,,0.0,74,alarm,persistent,False,nan,0.12767788469791413,0.11360430344939232,-0.11678917830210293,body,world,0.12064109407365323,0.15159689579159022,0.2284050235584255,body,world,0.13611899493262172,0.14848554907366635,0.08695817495317726,body,world
stiff_medium,body_only,90234,True,False,m,1.412785576783788,0.0,,0.0,80,alarm,persistent,False,nan,0.12104217410087585,0.1089901715517044,-0.10488132224359029,body,world,0.11501617282629013,0.07885080240666867,-0.37751526202148034,body,world,0.0969334876164794,0.0906611995305866,-0.06689557211698603,body,world
stiff_medium,body_only,90235,True,False,l,1.4243033807217698,0.0,,0.0,60,alarm,persistent,False,nan,0.22210958749055862,0.16373434960842131,-0.304925602380921,body,world,0.19292196854948998,0.12044044639915227,-0.4711303891071686,body,world,0.15668120747432113,0.1187293658964336,-0.27736654845050923,body,world
stiff_medium,body_only,90236,True,False,m,1.6997035312296203,0.0,,0.0,64,alarm,persistent,False,nan,0.12729846090078353,0.08050326481461526,-0.4582366748532305,body,world,0.1039008628576994,0.1482305098325014,0.3553313582243027,body,world,0.1260656863451004,0.11651523690670729,-0.07878103795811338,body,world
stiff_medium,body_only,90237,True,False,l,1.376968432617344,0.0,,0.0,75,alarm,persistent,False,nan,0.24996646195650102,0.10574556961655616,-0.8602908345191718,body,world,0.1778560157865286,0.11617144821211696,-0.42590722111491214,body,world,0.14701373199932277,0.10481504807248712,-0.3383286473201764,body,world
stiff_medium,body_only,90238,True,False,m,1.5968317899030746,0.0,,0.0,62,alarm,persistent,False,nan,0.1263391736894846,0.18978994861245155,0.40694778191092557,body,world,0.15806456115096806,0.16305970624089242,0.031112865246985314,body,world,0.16056213369593025,0.2317943544127047,0.3671695816974605,body,body
stiff_medium,body_only,90239,True,False,l,1.3434682340044826,0.0,,0.0,67,alarm,persistent,False,nan,0.1724737286567688,0.0895763449370861,-0.655153649504827,body,world,0.13102503679692745,0.17627780884504318,0.29667278440024025,body,world,0.15365142282098532,0.1212000485509634,-0.23724407445606527,body,world
stiff_medium,world_only,90240,False,True,,1.0,1.0,short,-0.05,59,alarm,persistent,False,nan,0.13528406098484994,0.13995200395584106,0.03392281169603055,body,world,0.13761803247034549,0.09548539193347097,-0.3655086951037207,body,world,0.11655171220190823,0.10558805039618165,-0.09878985033880582,body,world
stiff_medium,world_only,90241,False,True,,1.0,1.0,medium,0.1,75,alarm,persistent,False,nan,0.24199337065219878,0.26607255786657336,0.09485871373785432,body,body,0.25403296425938604,0.15809381417930127,-0.4742754216971738,body,world,0.20606338921934367,0.08300989612471313,-0.9092240050046971,world,world
stiff_medium,world_only,90242,False,True,,1.0,-2.0,short,0.2,69,alarm,persistent,False,nan,0.21982886642217636,0.08603571662679314,-0.938086844097391,body,world,0.15293229152448476,0.13027163855731488,-0.1603734865939452,body,world,0.1416019650408998,0.1159396662376821,-0.19995012141374036,body,world
stiff_medium,world_only,90243,False,True,,1.0,2.0,medium,0.05,68,alarm,persistent,False,nan,0.41903679966926577,0.39039759039878846,-0.07079306105285033,body,body,0.4047171950340271,0.11850120518356562,-1.2282654084772895,world,world,0.26160920010879635,0.10943935113027692,-0.8714812627192483,world,world
stiff_medium,world_only,90244,False,True,,1.0,-4.0,short,0.05,65,alarm,persistent,False,nan,0.40222749561071397,0.07324701305478812,-1.703180368375306,world,world,0.23773725433275103,0.08711976304184646,-1.0038823317365215,world,world,0.16242850868729874,0.12727969167754055,-0.24385099679380953,body,world
stiff_medium,world_only,90245,False,True,,1.0,4.0,medium,0.25,65,alarm,persistent,False,nan,0.5592552185058594,0.46745020151138306,-0.17931310936065742,body,body,0.5133527100086213,0.12688132636249067,-1.397710941288688,world,world,0.32011701818555593,0.12659945460036398,-0.9276584091315306,world,world
stiff_medium,world_only,90246,False,True,,1.0,-1.0,short,0.1,75,world,settled,True,0.11325671523809433,0.2954460680484772,0.13326000720262526,-0.796184148170961,body,world,0.21435303762555122,0.10909495688974857,-0.6754056971660295,world,world,0.1617239972576499,0.12659097518771886,-0.244929940485916,body,world
stiff_medium,world_only,90247,False,True,,1.0,-1.0,medium,-0.15000000000000002,77,alarm,persistent,False,nan,0.21795328333973885,0.12659361883997916,-0.5432986388854312,body,world,0.172273451089859,0.10093158399686217,-0.5346401451444402,body,world,0.13660251754336059,0.06415198715403676,-0.7558203097439934,world,world
stiff_medium,world_only,90248,False,True,,1.0,-2.0,short,0.15000000000000002,70,alarm,persistent,False,nan,0.17784170769155025,0.13838792704045771,-0.25083306500199715,body,world,0.158114817366004,0.09335664045065642,-0.5268944588632563,body,world,0.1257357289083302,0.09045608472079039,-0.3293178335039034,body,world
stiff_medium,world_only,90249,False,True,,1.0,2.0,medium,-0.25,60,alarm,persistent,False,nan,0.40139774084091184,0.34663020372390746,-0.1466942917776873,body,body,0.3740139722824097,0.12782689277082682,-1.0736162073874074,world,world,0.2509204325266182,0.16508441492915155,-0.41867893828382174,body,body
stiff_medium,world_only,90250,False,True,,1.0,4.0,short,0.05,68,alarm,persistent,False,nan,0.48086041063070295,0.14933486729860307,-1.1693858056157274,world,world,0.31509763896465304,0.12399182207882405,-0.9326669433106196,world,world,0.21954473052173853,0.11126540419645607,-0.679637619304029,world,world
stiff_medium,world_only,90251,False,True,,1.0,-4.0,medium,0.15000000000000002,77,alarm,persistent,False,nan,0.5282204329967499,0.7566485404968262,0.3593851829106775,body,body,0.642434486746788,0.24294006824493408,-0.9724500652328176,world,world,0.44268727749586106,0.12608553203754128,-1.2559030985441741,world,world
stiff_medium,world_only,90252,False,True,,1.0,-1.0,short,-0.05,78,alarm,persistent,False,nan,0.18445397168397903,0.11866043321788311,-0.44113404464724437,body,world,0.15155720245093107,0.14418872967362403,-0.049840063426640116,body,world,0.14787296606227757,0.12605985011905432,-0.1595967726454674,body,world
stiff_medium,world_only,90253,False,True,,1.0,1.0,medium,-0.05,60,alarm,persistent,False,nan,0.25459822863340376,0.24680979549884796,-0.031068747378434007,body,body,0.25070401206612586,0.18253698237240315,-0.31732021286136886,body,body,0.21662049721926452,0.1455649598967284,-0.39752451500811775,body,world
stiff_medium,world_only,90254,False,True,,1.0,2.0,short,0.1,75,alarm,persistent,False,nan,0.20162716805934905,0.17927494049072265,-0.11749968149226606,body,world,0.19045105427503586,0.1662547379732132,-0.1358740503975199,body,world,0.17835289612412453,0.10434474851936101,-0.5360638434879841,world,world
stiff_medium,world_only,90255,False,True,,1.0,2.0,medium,0.25,70,alarm,persistent,False,nan,0.32593647092580796,0.2717850536108017,-0.18169097810488627,body,body,0.2988607622683048,0.09910577908158302,-1.1037900316041813,world,world,0.19898327067494392,0.17465597186237575,-0.13040259024783332,body,body
stiff_medium,world_only,90256,False,True,,1.0,-4.0,short,-0.2,70,alarm,persistent,False,nan,0.4015053153038025,0.12035818062722684,-1.2047486363577944,world,world,0.26093174796551466,0.1628452055156231,-0.47145878089601584,body,world,0.21188847674056888,0.10030083702877164,-0.7478860429619775,world,world
stiff_medium,world_only,90257,False,True,,1.0,-4.0,medium,-0.05,64,alarm,persistent,False,nan,0.49406970739364625,0.4015505015850067,-0.20734330756155794,body,body,0.44781010448932645,0.12166466489434243,-1.303100656791475,world,world,0.28473738469183446,0.1013929374050349,-1.0325638603509026,world,world
stiff_medium,world_only,90258,False,True,,1.0,-1.0,short,0.25,67,alarm,persistent,False,nan,0.11440458847209811,0.11714200302958488,0.02364571280235486,body,world,0.1157732957508415,0.12192203719168901,0.051747869145189966,body,world,0.11884766647126525,0.08830561079084873,-0.2970389114228467,body,world
stiff_medium,world_only,90259,False,True,,1.0,1.0,medium,-0.25,71,alarm,persistent,False,nan,0.1721210852265358,0.32385172992944716,0.6320875743678657,body,body,0.24798640757799148,0.17808951288461686,-0.33108763124582624,body,world,0.21303796023130417,0.1066859063692391,-0.6915813038068623,world,world
stiff_medium,world_only,90260,False,True,,1.0,-2.0,short,-0.05,78,alarm,persistent,False,nan,0.21361302062869073,0.10257558915764094,-0.7335660812391764,body,world,0.15809430489316584,0.11296746581792831,-0.336091857243774,body,world,0.13553088535554708,0.11156177390366792,-0.19462108702327321,body,world
stiff_medium,world_only,90261,False,True,,1.0,-2.0,medium,0.15000000000000002,76,alarm,persistent,False,nan,0.3068962275981903,0.22002382948994637,-0.3327738132424567,body,body,0.26346002854406836,0.1450522920116782,-0.5968073501738986,body,world,0.20425616027787327,0.10953297992236913,-0.6231492033498186,world,world
stiff_medium,world_only,90262,False,True,,1.0,-4.0,short,0.1,68,alarm,persistent,False,nan,0.41491168811917306,0.0980445921421051,-1.4426433008350565,world,world,0.2564781401306391,0.09310459047555923,-1.0133199473153403,world,world,0.17479136530309916,0.09364019716158509,-0.6241333162739238,world,world
stiff_medium,world_only,90263,False,True,,1.0,-4.0,medium,-0.15000000000000002,76,alarm,persistent,False,nan,0.6080855309963227,0.7487551450729371,0.20809647290285954,body,body,0.6784203380346299,0.19448596909642218,-1.2494070413079033,world,world,0.436453153565526,0.11640698397532105,-1.3215885133608034,world,world
stiff_medium,world_only,90264,False,True,,1.0,1.0,short,-0.15000000000000002,76,alarm,persistent,False,nan,0.11563054863363505,0.16091731190681458,0.3304904595467287,body,world,0.1382739302702248,0.07398103270679712,-0.6254279740253041,body,world,0.10612748148851096,0.11168296365067362,0.051023148595474466,body,world
stiff_medium,world_only,90265,False,True,,1.0,1.0,medium,-0.05,73,alarm,persistent,False,nan,0.2382284253835678,0.32340054512023925,0.30566164882749447,body,body,0.28081448525190356,0.14315781258046628,-0.6737466502391001,world,world,0.2119861489161849,0.13339003212749959,-0.4632435282297464,body,world
stiff_medium,world_only,90266,False,True,,1.0,2.0,short,0.1,80,alarm,persistent,False,nan,0.2845544248819351,0.17834095656871796,-0.46722733095453106,body,world,0.23144769072532653,0.11601212713867426,-0.6906591600630794,world,world,0.1737299089320004,0.17440600991249083,0.0038841256755708523,body,body
stiff_medium,world_only,90267,False,True,,1.0,2.0,medium,-0.05,73,alarm,persistent,False,nan,0.42390283942222595,0.29617313519120214,-0.3585600771527281,body,body,0.36003798730671405,0.0629860732704401,-1.7432959034247257,world,world,0.21151203028857707,0.1578007262200117,-0.2929488671098518,body,body
stiff_medium,world_only,90268,False,True,,1.0,-4.0,short,-0.1,69,world,settled,True,0.15270037949085236,0.44190452992916107,0.16023177430033683,-1.014472506694413,body,world,0.30106815211474897,0.11811315715312957,-0.9356935342227184,world,world,0.20959065463393928,0.107673847861588,-0.6660496340475858,world,world
stiff_medium,world_only,90269,False,True,,1.0,4.0,medium,0.0,74,alarm,persistent,False,nan,0.5892928242683411,0.5037648916244507,-0.15681354070441483,body,body,0.5465288579463958,0.2038445096462965,-0.9862296156477749,world,world,0.3751866837963462,0.12716661640442908,-1.0819255587449759,world,world
stiff_medium,world_only,90270,False,True,,1.0,-1.0,short,0.1,81,alarm,persistent,False,nan,0.13608205392956735,0.14115860015153886,0.0366260404892439,body,world,0.1386203270405531,0.09580015512183308,-0.3694744315452453,body,world,0.11721024108119309,0.10363276936113834,-0.12311566817854419,body,world
stiff_medium,world_only,90271,False,True,,1.0,1.0,medium,-0.15000000000000002,77,alarm,persistent,False,nan,0.2710541978478432,0.27707500755786896,0.021969461996639298,body,body,0.27406460270285604,0.12688471153378486,-0.7700849639096552,world,world,0.20047465711832047,0.13948394460603594,-0.3627383381373761,body,world
stiff_medium,world_only,90272,False,True,,1.0,-2.0,short,-0.2,58,alarm,persistent,False,nan,0.18722196370363237,0.12570246011018754,-0.3983771979508242,body,world,0.15646221190690995,0.09677028954029084,-0.48047450242645806,body,world,0.1266162507236004,0.12884515132755042,0.017450441808017976,body,world
stiff_medium,world_only,90273,False,True,,1.0,2.0,medium,-0.2,71,alarm,persistent,False,nan,0.358915314078331,0.2662769302725792,-0.2985496082563595,body,body,0.31259612217545507,0.10105060525238514,-1.1292905793771109,world,world,0.20682336371392013,0.12349556330591441,-0.5156598828185943,body,world
stiff_medium,world_only,90274,False,True,,1.0,4.0,short,-0.15000000000000002,60,alarm,persistent,False,nan,0.517567777633667,0.11107035949826241,-1.5389766179805977,world,world,0.3143190685659647,0.09066743291914463,-1.2432103830090666,world,world,0.20249325074255467,0.1113839485682547,-0.5977233274695193,world,world
stiff_medium,world_only,90275,False,True,,1.0,4.0,medium,0.2,76,alarm,persistent,False,nan,0.5325504779815674,0.5016852855682373,-0.05970468550679823,body,body,0.5171178817749024,0.11297214627265931,-1.521129564522256,world,world,0.3150450140237808,0.15429993886500598,-0.7138171671185682,world,world
stiff_medium,world_only,90276,False,True,,1.0,1.0,short,-0.1,69,alarm,persistent,False,nan,0.10303196236491204,0.06662776693701744,-0.43591784267940226,body,world,0.08482986465096473,0.13925273828208445,0.4956428848316353,body,world,0.1120413014665246,0.0805401289369911,-0.33011201008436736,body,world
stiff_medium,world_only,90277,False,True,,1.0,-1.0,medium,0.25,75,alarm,persistent,False,nan,0.17748139277100564,0.11213817484676838,-0.4591339590646927,body,world,0.144809783808887,0.13823448941111566,-0.04646960362619751,body,world,0.14152213661000132,0.08799840528517962,-0.47513745476626934,body,world
stiff_medium,world_only,90278,False,True,,1.0,2.0,short,0.2,64,alarm,persistent,False,nan,0.2154395878314972,0.16204542368650438,-0.2848038462978401,body,world,0.18874250575900078,0.11991504803299904,-0.45360012373204117,body,world,0.15432877689599991,0.07883746335282922,-0.6716969344849927,world,world
stiff_medium,world_only,90279,False,True,,1.0,-2.0,medium,-0.15000000000000002,63,alarm,persistent,False,nan,0.2493549719452858,0.4242034494876862,0.5313357024284487,body,body,0.336779210716486,0.29318923205137254,-0.13860931083301933,body,body,0.31498422138392923,0.25221073841676117,-0.222257545129925,body,body
stiff_medium,world_only,90280,False,True,,1.0,4.0,short,0.2,77,alarm,persistent,False,nan,0.4452014617621899,0.07073414996266365,-1.839598420150301,world,world,0.25796780586242674,0.08101901449263096,-1.1581509197102262,world,world,0.16949341017752886,0.12864900343120098,-0.27572625571508075,body,world
stiff_medium,world_only,90281,False,True,,1.0,4.0,medium,0.1,77,alarm,persistent,False,nan,0.5943647801876069,0.5494227707386017,-0.07862501957577114,body,body,0.5718937754631043,0.1861690439283848,-1.1222981676073798,world,world,0.3790314096957445,0.10242406483739615,-1.3084973836621208,world,world
stiff_medium,world_only,90282,False,True,,1.0,1.0,short,0.15000000000000002,68,alarm,persistent,False,nan,0.15926195681095123,0.10588527172803879,-0.40819420788068944,body,world,0.13257361426949502,0.08720169849693775,-0.41891426164047263,body,world,0.10988765638321638,0.14144606050103903,0.2524599082390456,body,world
stiff_medium,world_only,90283,False,True,,1.0,-1.0,medium,-0.05,74,alarm,persistent,False,nan,0.14628362357616426,0.1560133419930935,0.06439416470699079,body,world,0.15114848278462886,0.09105314062908292,-0.506819384328722,body,world,0.1211008117068559,0.1156945372465998,-0.045669935042230984,body,world
stiff_medium,world_only,90284,False,True,,1.0,2.0,short,-0.2,72,alarm,persistent,False,nan,0.21977909803390502,0.10924750119447708,-0.6990069807081635,body,world,0.16451329961419106,0.17590861842036248,0.06697323102363707,body,world,0.17021095901727676,0.11301005901768804,-0.40956177051593484,body,world
stiff_medium,world_only,90285,False,True,,1.0,-2.0,medium,-0.2,73,alarm,persistent,False,nan,0.2198462277650833,0.321042700111866,0.37864579918021973,body,body,0.27044446393847466,0.10677891913801432,-0.9293062475980449,world,world,0.18861169153824447,0.0876071231905371,-0.7668280498700453,world,world
stiff_medium,world_only,90286,False,True,,1.0,4.0,short,-0.1,67,alarm,persistent,False,nan,0.5110819026827812,0.26756017506122587,-0.6471853620452995,body,body,0.38932103887200353,0.16494091376662254,-0.8588169845978051,world,world,0.27713097631931305,0.09161026701331139,-1.1069468824350723,world,world
stiff_medium,world_only,90287,False,True,,1.0,4.0,medium,0.2,79,alarm,persistent,False,nan,0.5926846861839294,0.570440822839737,-0.03825309574587791,body,body,0.5815627545118331,0.1449215743690729,-1.3895261547916242,world,world,0.36324216444045304,0.09395161746069788,-1.3522897896125858,world,world
stiff_medium,world_only,90288,False,True,,1.0,-1.0,short,-0.05,78,alarm,persistent,False,nan,0.1435708299279213,0.10076197907328606,-0.3540674090236003,body,world,0.12216640450060368,0.10932403057813644,-0.11106785676537312,body,world,0.11574521753937006,0.15027146507054567,0.2610520506195255,body,world
stiff_medium,world_only,90289,False,True,,1.0,1.0,medium,-0.05,64,alarm,persistent,False,nan,0.196364189684391,0.21088117063045503,0.07132375675438621,body,body,0.20362268015742302,0.10316336676478385,-0.6799548573173735,world,world,0.15339302346110345,0.10388973699882627,-0.38967329296165837,body,world
stiff_medium,world_only,90290,False,True,,1.0,2.0,short,0.1,66,alarm,persistent,False,nan,0.4129822850227356,0.2326080396771431,-0.57404989475631,body,body,0.3227951623499393,0.14210358150303365,-0.820461710870725,world,world,0.2324493719264865,0.09312786357477307,-0.9146990201372389,world,world
stiff_medium,world_only,90291,False,True,,1.0,-2.0,medium,0.15000000000000002,75,alarm,persistent,False,nan,0.21287405118346214,0.39470176994800565,0.617429785126079,body,body,0.3037879105657339,0.2156007658690214,-0.34290140401697133,body,body,0.25969433821737764,0.12241610307246446,-0.7520793947143875,world,world
stiff_medium,world_only,90292,False,True,,1.0,-4.0,short,0.1,74,alarm,persistent,False,nan,0.3725271001458168,0.12344736903905869,-1.1044948836343143,world,world,0.24798723459243774,0.1247531495988369,-0.6870402898244041,world,world,0.18637019209563732,0.11916264304891229,-0.4472456675425227,body,world
stiff_medium,world_only,90293,False,True,,1.0,4.0,medium,0.1,69,alarm,persistent,False,nan,0.6146250605583191,0.5368245422840119,-0.13534112004353682,body,body,0.5757248014211654,0.1293798103928566,-1.4928774261054818,world,world,0.35255230590701103,0.10715983638074249,-1.1908774789896095,world,world
stiff_medium,world_only,90294,False,True,,1.0,-1.0,short,-0.1,70,alarm,persistent,False,nan,0.1294680915772915,0.11618473902344703,-0.10825295160478142,body,world,0.12282641530036927,0.06409953609108925,-0.6503349742578263,world,world,0.09346297569572926,0.10953631619922817,0.15869077304947368,body,world
stiff_medium,world_only,90295,False,True,,1.0,1.0,medium,0.2,64,alarm,persistent,False,nan,0.12645465657114982,0.11938708573579788,-0.057512762390418144,body,world,0.12292087115347386,0.15037501491606237,0.20159144909200089,body,world,0.1366479430347681,0.15101361526176332,0.09996214058658026,body,world
stiff_medium,world_only,90296,False,True,,1.0,-2.0,short,0.25,84,alarm,persistent,False,nan,0.24044781774282456,0.05628332495689392,-1.4521047826240625,world,world,0.14836557134985923,0.12331502959132194,-0.18493700758969883,body,world,0.1358403004705906,0.12053786776959896,-0.1195159755932479,body,world
stiff_medium,world_only,90297,False,True,,1.0,2.0,medium,-0.05,62,alarm,persistent,False,nan,0.3525501161813736,0.38243128210306165,0.08135619678344487,body,body,0.36749069914221766,0.104995634034276,-1.252779241208994,world,world,0.23624316658824682,0.11602912805974483,-0.711020377912979,world,world
stiff_medium,world_only,90298,False,True,,1.0,4.0,short,0.05,62,alarm,persistent,False,nan,0.5185619294643402,0.17760611698031425,-1.0714911877767828,world,world,0.34808402322232723,0.1549612231552601,-0.809268984243397,world,world,0.25152262318879365,0.10232271121349186,-0.8994012842163309,world,world
stiff_medium,world_only,90299,False,True,,1.0,-4.0,medium,0.05,67,alarm,persistent,False,nan,0.5093586474657059,0.7260364294052124,0.35444781146500426,body,body,0.6176975384354592,0.2985135555267334,-0.7271835736938627,world,world,0.4581055469810963,0.10550590748898685,-1.468332662983286,world,world
stiff_medium,world_only,90300,False,True,,1.0,-1.0,short,-0.15000000000000002,67,alarm,persistent,False,nan,0.16047491878271103,0.11931873373687267,-0.29633931383118217,body,world,0.13989682625979186,0.06677186926826835,-0.739623322528363,world,world,0.1033343477640301,0.1122993160970509,0.08319794592777172,body,world
stiff_medium,world_only,90301,False,True,,1.0,-1.0,medium,-0.25,72,alarm,persistent,False,nan,0.12552766278386115,0.09891750179231167,-0.23823996736605488,body,world,0.11222258228808642,0.15237147882580757,0.30583723792447043,body,world,0.132297030556947,0.1014620004221797,-0.2653652777920807,body,world
stiff_medium,world_only,90302,False,True,,1.0,-2.0,short,0.2,78,alarm,persistent,False,nan,0.18836916238069534,0.10695121809840202,-0.5660308422309043,body,world,0.14766019023954868,0.15166752226650715,0.026777149592261885,body,world,0.14966385625302792,0.093624671921134,-0.46909788342732683,body,world
stiff_medium,world_only,90303,False,True,,1.0,2.0,medium,-0.15000000000000002,59,alarm,persistent,False,nan,0.24255697876214982,0.22936362773180008,-0.05592800853661788,body,body,0.23596030324697495,0.1245050873607397,-0.6393170068915035,body,world,0.18023269530385733,0.1349866661708802,-0.2890727632384483,body,world
stiff_medium,world_only,90304,False,True,,1.0,4.0,short,0.05,80,alarm,persistent,False,nan,0.5452465057373047,0.17919194400310517,-1.1127804523192284,world,world,0.3622192248702049,0.08776080468669534,-1.4176346369933213,world,world,0.22499001477845013,0.10892507657408715,-0.7253957474556757,world,world
stiff_medium,world_only,90305,False,True,,1.0,-4.0,medium,-0.25,73,alarm,persistent,False,nan,0.6289854049682617,0.7940891146659851,0.2330876371617872,body,body,0.7115372598171235,0.20426006987690926,-1.2480337498900875,world,world,0.45789866484701636,0.1233133351430297,-1.3119193475070836,world,world
stiff_medium,world_only,90306,False,True,,1.0,1.0,short,-0.15000000000000002,64,alarm,persistent,False,nan,0.18381604850292205,0.1414742223918438,-0.26181799456369226,body,world,0.16264513544738293,0.07696863710880279,-0.7481727157661354,world,world,0.11980688627809286,0.0922191057819873,-0.26171383532455106,body,world
stiff_medium,world_only,90307,False,True,,1.0,1.0,medium,-0.05,72,alarm,persistent,False,nan,0.2206170454621315,0.27048240303993226,0.2037786702386528,body,body,0.2455497242510319,0.12325685247778892,-0.6892290599252702,world,world,0.1844032883644104,0.1318641010671854,-0.335353288863357,body,world
stiff_medium,world_only,90308,False,True,,1.0,-2.0,short,-0.25,62,alarm,persistent,False,nan,0.26711406707763674,0.14933898001909257,-0.5814570290282187,body,world,0.20822652354836463,0.09763841405510902,-0.7573555400171796,world,world,0.15293246880173683,0.10275917667895555,-0.39760828344216803,body,world
stiff_medium,world_only,90309,False,True,,1.0,2.0,medium,0.25,65,alarm,persistent,False,nan,0.2803136795759201,0.2934638448059559,0.04584518501010931,body,body,0.286888762190938,0.10277900546789169,-1.0265134472451574,world,world,0.19483388382941486,0.1381073541007936,-0.34411600671731674,body,world
stiff_medium,world_only,90310,False,True,,1.0,4.0,short,0.15000000000000002,70,alarm,persistent,False,nan,0.4875678613781929,0.13111496046185495,-1.3133549844298131,world,world,0.30934141092002393,0.15318133644759654,-0.7028231315345027,world,world,0.23126137368381022,0.14304088726639747,-0.4804180443496195,body,world
stiff_medium,world_only,90311,False,True,,1.0,-4.0,medium,-0.05,66,alarm,persistent,False,nan,0.6130673825740814,0.7827807307243347,0.2443777668556647,body,body,0.6979240566492081,0.26236156895756724,-0.9783867089026225,world,world,0.48014281280338766,0.126450880151242,-1.3342296527631259,world,world
stiff_medium,world_only,90312,False,True,,1.0,1.0,short,0.2,69,alarm,persistent,False,nan,0.1360453948378563,0.06685870131477714,-0.7104071587600993,body,world,0.10145204807631672,0.1251323100179434,0.20978540354604366,body,world,0.11329217904713004,0.10697952127084136,-0.0573327107887641,body,world
stiff_medium,world_only,90313,False,True,,1.0,-1.0,medium,-0.2,66,alarm,persistent,False,nan,0.14540460631251334,0.11361333355307579,-0.24671937265047217,body,world,0.12950896993279457,0.10145549234002829,-0.24412994143115704,body,world,0.11548223113641143,0.06476352112367749,-0.5783741759294222,world,world
stiff_medium,world_only,90314,False,True,,1.0,2.0,short,-0.05,66,alarm,persistent,False,nan,0.22420709282159806,0.13332966826856135,-0.5197453761969513,body,world,0.1787683805450797,0.10050127245485782,-0.5759206158505358,body,world,0.13963482649996878,0.10318950042128563,-0.3024635249426469,body,world
stiff_medium,world_only,90315,False,True,,1.0,2.0,medium,0.0,65,alarm,persistent,False,nan,0.44089107811450956,0.35917513370513915,-0.2049877493847495,body,body,0.4000331059098244,0.10260665453970433,-1.360644518762871,world,world,0.25131988022476437,0.07911718171089888,-1.1557964847086115,world,world
stiff_medium,world_only,90316,False,True,,1.0,4.0,short,-0.05,63,alarm,persistent,False,nan,0.46091228947043417,0.12711333632469177,-1.2881286629410305,world,world,0.294012812897563,0.0998413029126823,-1.080041393130472,world,world,0.19692705790512263,0.10900394385680556,-0.5914493319850705,world,world
stiff_medium,world_only,90317,False,True,,1.0,4.0,medium,0.25,84,alarm,persistent,False,nan,0.6519210577011109,0.5256550669670105,-0.21527824604410686,body,body,0.5887880623340607,0.14291827641427518,-1.4157933193518988,world,world,0.3658531693741679,0.13139132927171887,-1.0240519597395845,world,world
stiff_medium,world_only,90318,False,True,,1.0,-1.0,short,0.1,75,alarm,persistent,False,nan,0.19447887539863587,0.1094935692846775,-0.5744577278461945,body,world,0.15198622234165668,0.1146841287612915,-0.28160823142896235,body,world,0.1333351755514741,0.1190610037650913,-0.11323007654080472,body,world
stiff_medium,world_only,90319,False,True,,1.0,1.0,medium,-0.25,65,alarm,persistent,False,nan,0.09841389507055283,0.19629781246185302,0.6904509532127268,body,body,0.14735585376620292,0.17017530985176563,0.14397870477004035,body,world,0.15876558180898429,0.12219062796793878,-0.26184643649393446,body,world
stiff_medium,world_only,90320,False,True,,1.0,2.0,short,0.25,76,alarm,persistent,False,nan,0.22081734538078307,0.1132578432559967,-0.6676688502070466,body,world,0.16703759431838988,0.129675767570734,-0.2531816633528263,body,world,0.14835668094456195,0.13078602254390717,-0.12605680871045835,body,world
stiff_medium,world_only,90321,False,True,,1.0,2.0,medium,-0.15000000000000002,57,alarm,persistent,False,nan,0.2608444929122925,0.2806650072336197,0.0732373959281965,body,body,0.2707547500729561,0.13901815749704838,-0.6666088757817388,world,world,0.20488645378500223,0.15578753743320703,-0.2739628022761836,body,world
stiff_medium,world_only,90322,False,True,,1.0,4.0,short,-0.1,74,alarm,persistent,False,nan,0.541927982866764,0.09090331271290779,-1.7853366756659856,world,world,0.31641564778983594,0.19589677900075914,-0.47946880763377203,body,body,0.25615621339529754,0.12256251983344554,-0.737166201173727,world,world
stiff_medium,world_only,90323,False,True,,1.0,-4.0,medium,-0.05,75,alarm,persistent,False,nan,0.47584058046340943,0.48137893676757815,0.011571887131666531,body,body,0.47860975861549376,0.12349023334681988,-1.3547234944570612,world,world,0.30104999598115684,0.07913077473640442,-1.3361744903091763,world,world
stiff_medium,world_only,90324,False,True,,1.0,1.0,short,-0.05,72,alarm,persistent,False,nan,0.175390625,0.1402337931096554,-0.22370464867562662,body,world,0.15781220905482768,0.11136463694274426,-0.3485959409229233,body,world,0.13458842299878598,0.12413837686181069,-0.08082451726322523,body,world
stiff_medium,world_only,90325,False,True,,1.0,1.0,medium,0.05,80,alarm,persistent,False,nan,0.2737956762313843,0.21601196229457856,-0.23704833388132365,body,body,0.2449038192629814,0.10011869836598634,-0.8945090932905855,world,world,0.17251125881448387,0.07003629766404629,-0.9014488571185193,world,world
stiff_medium,world_only,90326,False,True,,1.0,2.0,short,0.1,73,alarm,persistent,False,nan,0.20072129219770432,0.12481803447008133,-0.47506038738283507,body,world,0.1627696633338928,0.10717467144131661,-0.41787614619517155,body,world,0.1349721673876047,0.11041485900059342,-0.2008238725008342,body,world
stiff_medium,world_only,90327,False,True,,1.0,-2.0,medium,0.25,78,alarm,persistent,False,nan,0.18910348564386367,0.27793537974357607,0.3850942314032534,body,body,0.23351943269371986,0.08887123130261898,-0.9660768144206997,world,world,0.16119533199816943,0.10812557865865528,-0.39932355483143667,body,world
stiff_medium,world_only,90328,False,True,,1.0,-4.0,short,0.15000000000000002,74,alarm,persistent,False,nan,0.45687103271484375,0.27563961446285246,-0.505306879152142,body,body,0.3662553235888481,0.25962238684296607,-0.3441024785971669,body,body,0.3129388552159071,0.14800378261134028,-0.748769989086568,world,world
stiff_medium,world_only,90329,False,True,,1.0,4.0,medium,0.15000000000000002,75,alarm,persistent,False,nan,0.505208283662796,0.5706761419773102,0.1218510846871427,body,body,0.5379422128200531,0.1462935024872422,-1.3021362484918126,world,world,0.34211785765364766,0.12868085848167538,-0.9778199169249341,world,world
stiff_medium,world_only,90330,False,True,,1.0,1.0,short,0.1,82,alarm,persistent,False,nan,0.21185974329710006,0.07695913538336754,-1.012649895833986,body,world,0.14440943934023381,0.17330113500356675,0.18237815234266455,body,world,0.15885528717190028,0.0922928748652339,-0.5430267010789616,world,world
stiff_medium,world_only,90331,False,True,,1.0,1.0,medium,-0.05,61,alarm,persistent,False,nan,0.18705761805176735,0.2785851761698723,0.3983071643182813,body,body,0.2328213971108198,0.11499411575496196,-0.7053906639156926,world,world,0.1739077564328909,0.13935287948697805,-0.22151560578268098,body,world
stiff_medium,world_only,90332,False,True,,1.0,-2.0,short,-0.1,70,alarm,persistent,False,nan,0.1986315742135048,0.042158307135105134,-1.5500199728446418,world,world,0.12039494067430496,0.10969264395534992,-0.09309520199467017,body,world,0.11504379231482745,0.08041009497828781,-0.35817313087948366,body,world
stiff_medium,world_only,90333,False,True,,1.0,2.0,medium,0.1,72,alarm,persistent,False,nan,0.3465849131345749,0.23545143008232117,-0.38662319766214015,body,body,0.291018171608448,0.11098329592496156,-0.9640060077862195,world,world,0.2010007337667048,0.11120763216167688,-0.5919095446243401,world,world
stiff_medium,world_only,90334,False,True,,1.0,4.0,short,0.05,61,alarm,persistent,False,nan,0.4385941863059998,0.11692961677908897,-1.3220023929860134,world,world,0.2777619015425444,0.161424108594656,-0.5427291610447486,body,world,0.2195930050686002,0.09539933130145073,-0.8337042870597606,world,world
stiff_medium,world_only,90335,False,True,,1.0,-4.0,medium,0.1,77,alarm,persistent,False,nan,0.4768530547618866,0.5033187687397003,0.054015322311579406,body,body,0.49008591175079347,0.14426373690366745,-1.222937575150887,world,world,0.31717482432723043,0.1341762250289321,-0.8602990700549432,world,world
stiff_medium,world_only,90336,False,True,,1.0,-1.0,short,-0.15000000000000002,76,alarm,persistent,False,nan,0.1308226529508829,0.15267117209732534,0.15444379483942872,body,world,0.14174691252410412,0.18813654500991106,0.28312484120801734,body,body,0.16494172876700758,0.10374995265156031,-0.4636085497972259,body,world
stiff_medium,world_only,90337,False,True,,1.0,1.0,medium,-0.25,60,alarm,persistent,False,nan,0.10544088035821915,0.23024150654673575,0.7809783663975075,body,body,0.16784119345247744,0.11175808645784854,-0.4066816623639686,body,world,0.139799639955163,0.12330218637362123,-0.12557211220913134,body,world
stiff_medium,world_only,90338,False,True,,1.0,2.0,short,-0.1,58,alarm,persistent,False,nan,0.32715087831020356,0.1303465336561203,-0.9202249186068788,body,world,0.22874870598316194,0.1548203958198428,-0.3903583388167083,body,world,0.19178455090150237,0.08682507062330842,-0.7924771992182592,world,world
stiff_medium,world_only,90339,False,True,,1.0,2.0,medium,-0.05,61,alarm,persistent,False,nan,0.39497216045856476,0.38492065370082856,-0.025778063801688834,body,body,0.38994640707969663,0.11906763352453709,-1.186317631328514,world,world,0.25450702030211686,0.13953766105696558,-0.6009938837341502,world,world
stiff_medium,world_only,90340,False,True,,1.0,4.0,short,-0.2,57,alarm,persistent,False,nan,0.4710202604532242,0.200685815513134,-0.8531605306824065,body,body,0.3358530379831791,0.18523418568074704,-0.5950527842399768,body,body,0.26054361183196306,0.14349410738795995,-0.5964762921846023,world,world
stiff_medium,world_only,90341,False,True,,1.0,4.0,medium,0.15000000000000002,71,alarm,persistent,False,nan,0.5960769653320312,0.5445942163467408,-0.0903288350101397,body,body,0.570335590839386,0.153018344566226,-1.3156671301076646,world,world,0.361676967702806,0.14065664364024996,-0.9444296899414816,world,world
stiff_medium,world_only,90342,False,True,,1.0,1.0,short,-0.2,69,alarm,persistent,False,nan,0.19506750851869584,0.11764275133609772,-0.5056931950105811,body,world,0.15635512992739678,0.17952508218586444,0.13818503789029316,body,body,0.16794010605663062,0.11638139998540283,-0.36673467568113954,body,world
stiff_medium,world_only,90343,False,True,,1.0,1.0,medium,-0.1,70,alarm,persistent,False,nan,0.228610098361969,0.13755379915237426,-0.5080028180522481,body,world,0.18308194875717163,0.1043861772865057,-0.5618365948094034,body,world,0.14373406302183867,0.06978353010490537,-0.7225667840530192,world,world
stiff_medium,world_only,90344,False,True,,1.0,2.0,short,0.2,65,alarm,persistent,False,nan,0.15683678090572356,0.1283550590276718,-0.20040533009513764,body,world,0.14259591996669768,0.0904010945931077,-0.45575852018097135,body,world,0.1164985072799027,0.0928706418722868,-0.2266708825977873,body,world
stiff_medium,world_only,90345,False,True,,1.0,-2.0,medium,0.0,75,alarm,persistent,False,nan,0.3144497275352478,0.20476211607456207,-0.4289753185590218,body,body,0.25960592180490494,0.14383764527738094,-0.5904795956771934,body,world,0.20172178354114295,0.11333571933209896,-0.5765350571860401,world,world
stiff_medium,world_only,90346,False,True,,1.0,4.0,short,-0.2,59,alarm,persistent,False,nan,0.46168388314545156,0.13950330317020415,-1.1967921416492657,world,world,0.30059359315782785,0.16488916240632534,-0.6004856583899916,body,world,0.2327413777820766,0.11852648723870515,-0.6747914138962082,world,world
stiff_medium,world_only,90347,False,True,,1.0,-4.0,medium,-0.2,63,alarm,persistent,False,nan,0.49551111459732056,0.4984231352806091,0.005859600905476198,body,body,0.49696712493896483,0.11999287270009518,-1.4210915300524551,world,world,0.30847999881953003,0.08392857746221125,-1.3016908387422752,world,world
stiff_medium,world_only,90348,False,True,,1.0,-1.0,short,0.25,77,alarm,persistent,False,nan,0.09395424053072929,0.09070206135511398,-0.03522777683684215,body,world,0.09232815094292164,0.1446695551276207,0.449103122580846,body,world,0.11849885303527116,0.111649614199996,-0.05953775866204582,body,world
stiff_medium,world_only,90349,False,True,,1.0,1.0,medium,0.05,63,alarm,persistent,False,nan,0.1767342809587717,0.27349941730499266,0.4366521242811967,body,body,0.22511684913188218,0.16384675726294518,-0.3176880128139308,body,world,0.19448180319741368,0.1486612193286419,-0.2686685804626676,body,world
stiff_medium,world_only,90350,False,True,,1.0,-2.0,short,0.05,79,world,settled,True,0.10908050835132599,0.17792305275797843,0.16174414604902268,-0.09533542757684169,body,world,0.16983359940350057,0.12305761091411113,-0.3221665035163899,body,world,0.14644560515880584,0.10538908336311578,-0.32899500632723133,body,world
stiff_medium,world_only,90351,False,True,,1.0,2.0,medium,0.25,75,alarm,persistent,False,nan,0.38377023935317994,0.29986136555671694,-0.24672378545883325,body,body,0.3418158024549484,0.1292147389613092,-0.9727963391683346,world,world,0.2355152707081288,0.08419456006959081,-1.0286454432138261,world,world
stiff_medium,world_only,90352,False,True,,1.0,-4.0,short,0.2,76,alarm,persistent,False,nan,0.4005765251815319,0.16958655491471292,-0.859541377418942,body,world,0.2850815400481224,0.11027778834104537,-0.9497727137673662,world,world,0.19767966419458388,0.11486681699752807,-0.5428745187794083,world,world
stiff_medium,world_only,90353,False,True,,1.0,-4.0,medium,-0.05,65,alarm,persistent,False,nan,0.39377622604370116,0.47776366472244264,0.19333339120907772,body,body,0.4357699453830719,0.11602522507309913,-1.3233068308971494,world,world,0.2758975852280855,0.0715812066104263,-1.3491971668348586,world,world
stiff_medium,world_only,90354,False,True,,1.0,-1.0,short,-0.25,72,alarm,persistent,False,nan,0.12323146313428879,0.10657186433672905,-0.1452448609877228,body,world,0.11490166373550892,0.10283465422689915,-0.11095426501735868,body,world,0.10886815898120403,0.16257319264113904,0.4009907171147789,body,body
stiff_medium,world_only,90355,False,True,,1.0,1.0,medium,0.0,71,alarm,persistent,False,nan,0.18515077009797096,0.1487477257847786,-0.21891871120324646,body,world,0.16694924794137478,0.10092128291726113,-0.5033490257735025,body,world,0.13393526542931794,0.11260301754809916,-0.1734880752373439,body,world
stiff_medium,world_only,90356,False,True,,1.0,2.0,short,0.2,78,alarm,persistent,False,nan,0.3380702644586563,0.15852833688259124,-0.7573203979606689,body,world,0.24829930067062378,0.11839300654828548,-0.7406252216503918,world,world,0.18334615360945464,0.13330485520418733,-0.31873726623380133,body,world
stiff_medium,world_only,90357,False,True,,1.0,-2.0,medium,-0.1,69,world,settled,True,0.1269032061100006,0.20494835078716278,0.2942625492811203,0.3617143935803743,body,body,0.24960545003414153,0.22041903361678122,-0.12435103835679184,body,body,0.23501224182546138,0.09146120911464095,-0.9437226673721923,world,world
stiff_medium,world_only,90358,False,True,,1.0,4.0,short,-0.15000000000000002,74,alarm,persistent,False,nan,0.50290507376194,0.17850330770015715,-1.0357943005535624,body,world,0.3407041907310486,0.15655423384159803,-0.7776121328793721,world,world,0.24862921228632331,0.10661019375547767,-0.8467835459748729,world,world
stiff_medium,world_only,90359,False,True,,1.0,-4.0,medium,-0.2,57,alarm,persistent,False,nan,0.5068218111991882,0.48614513874053955,-0.041652265914358964,body,body,0.4964834749698639,0.11650881813839079,-1.449583237573496,world,world,0.3064961465541273,0.12283442774787545,-0.9143678502064008,world,world
stiff_medium,body_world,90360,True,True,m,1.436507707360915,1.0,short,-0.15000000000000002,74,alarm,persistent,False,nan,0.20987592563033103,0.12501884400844573,-0.5180520477687757,body,world,0.1674473848193884,0.10536152310669422,-0.46327166789327145,body,world,0.1364044539630413,0.11506761800264939,-0.1701044603633015,body,world
stiff_medium,body_world,90361,True,True,l,1.4256287739373548,-1.0,medium,-0.25,60,alarm,persistent,False,nan,0.1199673555791378,0.23889431357383728,0.6888015825783772,body,body,0.17943083457648754,0.15288781188428402,-0.16008541420806252,body,world,0.1661593232303858,0.17084899879992008,0.027833011872495702,body,body
stiff_medium,body_world,90362,True,True,m,1.4329806398316671,-2.0,short,0.2,74,alarm,persistent,False,nan,0.11479249447584153,0.131496924161911,0.1358573583226836,body,world,0.12314470931887626,0.15769133856520057,0.24727940660012634,body,world,0.14041802394203842,0.09358949000015855,-0.4057057681519329,body,world
stiff_medium,body_world,90363,True,True,l,1.210563351806276,-2.0,medium,-0.15000000000000002,77,alarm,persistent,False,nan,0.32823534607887267,0.3272755861282349,-0.002928282624430893,body,body,0.32775546610355377,0.08029854726046323,-1.4065162707786194,world,world,0.20402700668200852,0.0742755982792005,-1.0104698945416575,world,world
stiff_medium,body_world,90364,True,True,m,1.372696280105733,-4.0,short,-0.15000000000000002,58,alarm,persistent,False,nan,0.529639720916748,0.26448440849781035,-0.694414701058644,body,body,0.3970620647072792,0.2958586812019348,-0.29421069079651785,body,body,0.346460372954607,0.16215412523597478,-0.7592211750295994,world,world
stiff_medium,body_world,90365,True,True,l,1.2749895656307437,-4.0,medium,-0.2,74,alarm,persistent,False,nan,0.39862492084503176,0.5290822386741638,0.2831229536470403,body,body,0.4638535797595978,0.10497074043378234,-1.4858872927750153,world,world,0.28441216009669007,0.11643405826762318,-0.8930993647356129,world,world
stiff_medium,body_world,90366,True,True,m,1.3066897985826524,-1.0,short,-0.15000000000000002,69,alarm,persistent,False,nan,0.11787820123136043,0.1136819968931377,-0.036246848884219605,body,world,0.11578009906224906,0.14561793133616446,0.22929358870290514,body,world,0.13069901519920676,0.13419124856591225,0.02636892474957374,body,world
stiff_medium,body_world,90367,True,True,l,1.3576619828175316,1.0,medium,0.15000000000000002,62,alarm,persistent,False,nan,0.15233495980501174,0.25504507422447203,0.5153585119764545,body,body,0.2036900170147419,0.2544205319136381,0.2223892216584328,body,body,0.22905527446419,0.19740102672949433,-0.14872601938472682,body,body
stiff_medium,body_world,90368,True,True,m,1.4143053583788585,2.0,short,0.05,60,alarm,persistent,False,nan,0.30142517387866974,0.29126159846782684,-0.034299978706217295,body,body,0.2963433861732483,0.2601816952228546,-0.13013865563528207,body,body,0.27826254069805145,0.15932404063642025,-0.5576249392772344,world,world
stiff_medium,body_world,90369,True,True,l,1.3743712386074276,-2.0,medium,0.1,67,alarm,persistent,False,nan,0.12517686188220978,0.09427974075078964,-0.28346130405447995,body,world,0.10972830131649972,0.14640782065689564,0.28838869758013175,body,world,0.12806806098669768,0.1421892276033759,0.1045969101872738,body,world
stiff_medium,body_world,90370,True,True,m,1.5116611087725051,4.0,short,-0.25,61,alarm,persistent,False,nan,0.5324329614639283,0.1396766185760498,-1.3381271122571647,world,world,0.336054790019989,0.11967589389532804,-1.0324870075972263,world,world,0.22786534195765853,0.09319671792909504,-0.8940423433110627,world,world
stiff_medium,body_world,90371,True,True,l,1.462891218935012,4.0,medium,0.2,69,alarm,persistent,False,nan,0.1584410896524787,0.37824117541313174,0.8701491722457919,body,body,0.2683411325328052,0.29417524775490167,0.09191661688436255,body,body,0.28125819014385345,0.203709923196584,-0.32257603680001773,body,body
stiff_medium,body_world,90372,True,True,m,1.6331779731038802,-1.0,short,-0.1,65,alarm,persistent,False,nan,0.12454684525728225,0.08627687953412533,-0.36712025812863563,body,world,0.1054118623957038,0.11496990136802196,0.08679519064892013,body,world,0.11019088188186288,0.20918951462954283,0.6410264579093092,body,body
stiff_medium,body_world,90373,True,True,l,1.2018022497580947,-1.0,medium,0.1,66,alarm,persistent,False,nan,0.32727654576301574,0.14589454904198645,-0.8079214252747062,body,world,0.2365855474025011,0.09706017086282373,-0.8909787607992351,world,world,0.16682285913266243,0.1276865467429161,-0.2673541186920916,body,world
stiff_medium,body_world,90374,True,True,m,1.3280228263513763,-2.0,short,0.1,73,alarm,persistent,False,nan,0.26774718761444094,0.14974189773201943,-0.5811300752619779,body,world,0.20874454267323017,0.1090637416113168,-0.649178723772801,world,world,0.1589041421422735,0.11850748029537499,-0.2933250573685218,body,world
stiff_medium,body_world,90375,True,True,l,1.308876304017658,2.0,medium,-0.25,65,alarm,persistent,False,nan,0.271187499165535,0.26414868235588074,-0.02629832512558915,body,body,0.26766809076070786,0.19057542067021133,-0.3396997204202132,body,body,0.2291217557154596,0.15752319442108273,-0.3746808330184876,body,body
stiff_medium,body_world,90376,True,True,m,1.5016949779873145,4.0,short,0.2,70,alarm,persistent,False,nan,0.13535333201289176,0.24119407944381238,0.5777132847884455,body,body,0.18827370572835206,0.11831263229250907,-0.4645662384650779,body,world,0.15329316901043058,0.12258556606248021,-0.2235429406486192,body,world
stiff_medium,body_world,90377,True,True,l,1.2414565409093206,-4.0,medium,0.25,66,alarm,persistent,False,nan,0.09360148385167122,0.3495063781738281,1.3174755744577145,body,body,0.22155393101274967,0.3838979318737984,0.5497106741252858,body,body,0.30272593144327403,0.30057151019573214,-0.007142183132442056,body,body
stiff_medium,body_world,90378,True,True,m,1.4238236120964585,1.0,short,0.25,66,alarm,persistent,False,nan,0.10467234421521425,0.06943923924118281,-0.410382825199436,body,world,0.08705579172819852,0.08655541054904461,-0.005764404118627686,body,world,0.08680560113862157,0.09853159398771823,0.12670609906156496,body,world
stiff_medium,body_world,90379,True,True,l,1.2836548774066676,-1.0,medium,-0.25,64,alarm,persistent,False,nan,0.1815269708633423,0.13490212969481946,-0.296854692162573,body,world,0.15821455027908088,0.19474853873252868,0.20775715636833808,body,body,0.17648154450580478,0.12555866539478303,-0.3404432045052528,body,world
stiff_medium,body_world,90380,True,True,m,1.3621236417497946,2.0,short,0.2,70,alarm,persistent,False,nan,0.12338000610470772,0.36403665840625765,1.08198549921274,body,body,0.24370833225548266,0.20918033458292484,-0.15277542584984907,body,body,0.22644433341920375,0.13761025900021195,-0.4980736667407895,body,world
stiff_medium,body_world,90381,True,True,l,1.3983378082528164,-2.0,medium,-0.2,74,alarm,persistent,False,nan,0.18850624859333037,0.2123939052224159,0.11931143877147828,body,body,0.20045007690787314,0.14718244839459657,-0.3088922600287432,body,world,0.17381626265123487,0.09764036615379154,-0.576707783963026,world,world
stiff_medium,body_world,90382,True,True,m,1.3509200717074077,-4.0,short,-0.2,74,alarm,persistent,False,nan,0.47913030385971067,0.11547065675258636,-1.4229561499321812,world,world,0.29730048030614853,0.06515189409255981,-1.518021969620567,world,world,0.18122618719935418,0.08876711509656161,-0.7137296482129325,world,world
stiff_medium,body_world,90383,True,True,l,1.2311925915846564,4.0,medium,-0.2,58,alarm,persistent,False,nan,0.5687357783317566,0.4685182273387909,-0.19384095816073288,body,body,0.5186270028352737,0.1493195302784443,-1.245096432159689,world,world,0.333973266556859,0.13010843717493117,-0.942692714648803,world,world
stiff_medium,body_world,90384,True,True,m,1.524037917146982,-1.0,short,0.25,63,alarm,persistent,False,nan,0.12902067676186563,0.10086199529469013,-0.24621947722551357,body,world,0.11494133602827787,0.15700677037239075,0.31186705109576557,body,world,0.13597405320033432,0.19362227795645595,0.3534451580687599,body,body
stiff_medium,body_world,90385,True,True,l,1.3531822605860213,1.0,medium,-0.2,58,alarm,persistent,False,nan,0.2246372237801552,0.35544678568840027,0.45888878716604103,body,body,0.2900420047342777,0.1818063197657466,-0.46708381307594293,body,body,0.23592416225001217,0.19465448521077633,-0.19228429075441886,body,body
stiff_medium,body_world,90386,True,True,m,1.3095845696334245,2.0,short,0.1,61,alarm,persistent,False,nan,0.29957883805036545,0.24321792870759965,-0.2084197477479426,body,body,0.27139838337898253,0.13358315993100406,-0.7088635860467009,world,world,0.2024907716549933,0.11367327286861836,-0.5773660074287353,world,world
stiff_medium,body_world,90387,True,True,l,1.3723802328668413,-2.0,medium,-0.2,61,alarm,persistent,False,nan,0.2603766769170761,0.049237748607993126,-1.6654687625086089,world,world,0.15480721276253462,0.18671427071094512,0.18739893007098737,body,body,0.17076074173673988,0.10356144877150655,-0.5000982611507004,body,world
stiff_medium,body_world,90388,True,True,m,1.6369604542264304,4.0,short,0.25,64,alarm,persistent,False,nan,0.12112397104501724,0.44470162466168406,1.3005889757075981,body,body,0.28291279785335066,0.19426157847046852,-0.37593312186917754,body,body,0.23858718816190957,0.16625541374087333,-0.36120956947678606,body,body
stiff_medium,body_world,90389,True,True,l,1.4434986184388112,4.0,medium,0.1,68,alarm,persistent,False,nan,0.28383449390530585,0.369730769097805,0.26438378933780465,body,body,0.32678263150155545,0.21478859186172486,-0.41964096368251236,body,body,0.27078561168164017,0.17470884714275597,-0.4382065492146418,body,body
stiff_medium,body_world,90390,True,True,m,1.628686273513856,1.0,short,-0.25,63,alarm,persistent,False,nan,0.19807960614562034,0.1573717936873436,-0.23005788268742114,body,world,0.17772569991648196,0.23503562211990356,0.27949573613833795,body,body,0.20638066101819277,0.2335422825999558,0.12364080991382571,body,body
stiff_medium,body_world,90391,True,True,l,1.4997252692437577,-1.0,medium,-0.25,60,alarm,persistent,False,nan,0.12318122610449792,0.10002504102885723,-0.20823608904288762,body,world,0.11160313356667757,0.19646156020462513,0.5655176616969709,body,body,0.15403234688565134,0.127278414927423,-0.19078569454741387,body,world
stiff_medium,body_world,90392,True,True,m,1.4793682183432437,2.0,short,-0.2,56,alarm,persistent,False,nan,0.30469464510679245,0.09290209710597992,-1.1877638921595366,world,world,0.19879837110638618,0.12096325848251581,-0.4968042499778076,body,world,0.159880814794451,0.10198145369067788,-0.449637659927835,body,world
stiff_medium,body_world,90393,True,True,l,1.373838534697687,-2.0,medium,0.2,80,alarm,persistent,False,nan,0.14780730567872524,0.24759970009326934,0.5159038927715343,body,body,0.1977035028859973,0.16606692522764205,-0.17437757707906182,body,world,0.18188521405681968,0.10372143692802638,-0.5616669816223008,world,world
stiff_medium,body_world,90394,True,True,m,1.374879786515465,4.0,short,-0.2,58,alarm,persistent,False,nan,0.4507031202316284,0.17286065444350243,-0.9583230484599294,body,world,0.3117818873375654,0.1345615718513727,-0.8402819867208423,world,world,0.22317172959446907,0.14741098899394273,-0.41471703378810193,body,world
stiff_medium,body_world,90395,True,True,l,1.2278138310881848,-4.0,medium,-0.2,72,alarm,persistent,False,nan,0.5878535568714142,0.7242467522621154,0.20865428842201486,body,body,0.6560501545667649,0.19595131315290928,-1.2083710150613225,world,world,0.42600073385983706,0.2028545955196023,-0.741951624780146,world,world
stiff_medium,body_world,90396,True,True,m,1.5997246997728216,1.0,short,-0.15000000000000002,76,alarm,persistent,False,nan,0.09196173958480358,0.11729559376835823,0.2433245747005698,body,world,0.10462866667658091,0.10663226088508963,0.018968526802789182,body,world,0.10563046378083527,0.11123318173922599,0.05168192179838822,body,world
stiff_medium,body_world,90397,True,True,l,1.2083810902658325,1.0,medium,0.15000000000000002,74,alarm,persistent,False,nan,0.11540421918034553,0.32839213609695433,1.0457675164195088,body,body,0.22189817763864994,0.2409505218267441,0.08237299141893731,body,body,0.23142434973269702,0.1591755979694426,-0.3742450545335502,body,body
stiff_medium,body_world,90398,True,True,m,1.605681322392905,2.0,short,-0.05,61,alarm,persistent,False,nan,0.18568042144179345,0.2109776683151722,0.127725258821449,body,body,0.19832904487848282,0.1830136951059103,-0.08036650749670254,body,body,0.19067136999219655,0.17952430844306946,-0.06024074835806115,body,body
stiff_medium,body_world,90399,True,True,l,1.216354811034764,-2.0,medium,-0.25,60,alarm,persistent,False,nan,0.2571710266172886,0.4009936213493347,0.44420418353541347,body,body,0.32908232398331166,0.32324041724205016,-0.017911572161287737,body,body,0.3261613706126809,0.31751571223139763,-0.026864956321808433,body,body
stiff_medium,body_world,90400,True,True,m,1.3999353886758357,4.0,short,-0.05,71,alarm,persistent,False,nan,0.30589517690241336,0.1274155393242836,-0.8757887757050774,body,world,0.2166553581133485,0.08716923408210278,-0.9104564310365614,world,world,0.15191229609772564,0.10286133098416031,-0.3899215749336233,body,world
stiff_medium,body_world,90401,True,True,l,1.3909618610188579,-4.0,medium,0.2,64,alarm,persistent,False,nan,0.10249179862439632,0.38947877287864685,1.3350265834830015,body,body,0.2459852857515216,0.39700234681367874,0.478670471913958,body,body,0.32149381628260015,0.2241055468097329,-0.36086117754075664,body,body
stiff_medium,body_world,90402,True,True,m,1.4765881692612393,-1.0,short,-0.15000000000000002,72,alarm,persistent,False,nan,0.13864150866866112,0.13749016895890237,-0.00833911119311658,body,world,0.13806583881378173,0.12143437238410115,-0.128356692375159,body,world,0.12975010559894146,0.1506271435879171,0.14919719952239083,body,world
stiff_medium,body_world,90403,True,True,l,1.2287348099119875,1.0,medium,-0.1,60,alarm,persistent,False,nan,0.23219508938491346,0.22449390217661858,-0.033729375810422665,body,body,0.22834449578076602,0.14163133036345243,-0.4776280186160762,body,world,0.1849879130721092,0.12045047571882606,-0.42905180963260353,body,world
stiff_medium,body_world,90404,True,True,m,1.5959684874168683,-2.0,short,-0.2,61,alarm,persistent,False,nan,0.2262059137225151,0.14229188114404678,-0.4635652581540771,body,world,0.18424889743328093,0.19517950117588043,0.05763210702510613,body,body,0.1897141993045807,0.11657528877258301,-0.48698140567691006,body,world
stiff_medium,body_world,90405,True,True,l,1.4263406910614387,-2.0,medium,-0.15000000000000002,77,alarm,persistent,False,nan,0.1582314245402813,0.1677723467350006,0.058549307832674764,body,world,0.16300188563764095,0.10042430497705937,-0.48435750966347696,body,world,0.13171309530735015,0.19413373894058167,0.38792126087148654,body,body
stiff_medium,body_world,90406,True,True,m,1.5761825745829299,-4.0,short,0.25,68,alarm,persistent,False,nan,0.10494952853769064,0.35907135903835297,1.2300415864302294,body,body,0.2320104437880218,0.11211013793945312,-0.7273006244222028,world,world,0.17206029086373748,0.1023142464691773,-0.519796018735451,world,world
stiff_medium,body_world,90407,True,True,l,1.3075505965528191,-4.0,medium,0.25,60,alarm,persistent,False,nan,0.11814003810286522,0.3024599224328995,0.9400780964664631,body,body,0.21029998026788235,0.4374600827693939,0.7324504733706355,body,body,0.32388003151863815,0.21192920934408904,-0.424120873413038,body,body
stiff_medium,body_world,90408,True,True,m,1.5508532757037867,1.0,short,-0.25,74,alarm,persistent,False,nan,0.20969313532114028,0.2690765351057053,0.24935065459630462,body,body,0.23938483521342277,0.1570896677672863,-0.4212556715542719,body,world,0.19823725149035454,0.16009573871269822,-0.21369254999032902,body,body
stiff_medium,body_world,90409,True,True,l,1.386472676208235,1.0,medium,0.05,62,alarm,persistent,False,nan,0.13574845641851424,0.14764945358037948,0.08403731942339711,body,world,0.14169895499944687,0.20764316543936728,0.38211628375644857,body,body,0.1746710602194071,0.17249207617715,-0.012553249053047838,body,body
stiff_medium,body_world,90410,True,True,m,1.305798982810204,2.0,short,0.0,73,alarm,persistent,False,nan,0.2810919716954231,0.21047594994306565,-0.2893105226462959,body,body,0.2457839608192444,0.15768020432442426,-0.44388398336927504,body,world,0.20173208257183434,0.15252557899802924,-0.27960818003655585,body,world
stiff_medium,body_world,90411,True,True,l,1.201605261104429,-2.0,medium,0.15000000000000002,64,alarm,persistent,False,nan,0.13608775325119496,0.34347248673439024,0.9258070894619583,body,body,0.2397801199927926,0.31504384577274325,0.27298948536046186,body,body,0.2774119828827679,0.31224072352051735,0.11827073598941733,body,body
stiff_medium,body_world,90412,True,True,m,1.6785527327767333,-4.0,short,-0.2,66,alarm,persistent,False,nan,0.47051094472408295,0.20618536025285722,-0.825043649396563,body,body,0.33834815248847006,0.3182539440691471,-0.061225771956124594,body,body,0.32830104827880857,0.4201388083398342,0.24665413516889717,body,body
stiff_medium,body_world,90413,True,True,l,1.497413653722908,4.0,medium,-0.05,68,alarm,persistent,False,nan,0.4498377025127411,0.35034954845905303,-0.24995549064016834,body,body,0.40009362548589705,0.16731362789869308,-0.8718285209064998,world,world,0.2837036266922951,0.21522430870682002,-0.2762493446970434,body,body
stiff_medium,body_world,90414,True,True,m,1.6384059842206313,-1.0,short,-0.1,67,alarm,persistent,False,nan,0.14512649700045585,0.07817848399281502,-0.6186112862772112,body,world,0.11165249049663543,0.1416765686124563,0.2381554895799905,body,world,0.12666452955454588,0.19952959101647139,0.45442045925562624,body,body
stiff_medium,body_world,90415,True,True,l,1.4445958942354706,1.0,medium,-0.15000000000000002,61,alarm,persistent,False,nan,0.2328056663274765,0.32205952405929567,0.32453233033167234,body,body,0.2774325951933861,0.1838300608098507,-0.4115662551887731,body,body,0.2306313280016184,0.1763135574758053,-0.2685564664276684,body,body
stiff_medium,body_world,90416,True,True,m,1.4228738912776615,-2.0,short,-0.05,70,alarm,persistent,False,nan,0.08483052495867013,0.15659525692462922,0.6130090530988279,body,world,0.12071289094164968,0.20368119291961193,0.5231410677187103,body,body,0.1621970419306308,0.12646166363265365,-0.24887269639255513,body,world
stiff_medium,body_world,90417,True,True,l,1.412003609654068,-2.0,medium,-0.15000000000000002,63,alarm,persistent,False,nan,0.27658931761980055,0.28865559846162797,0.04270047848154703,body,body,0.2826224580407143,0.12067093551158906,-0.8510446367516434,world,world,0.20164669677615166,0.10903199962340296,-0.6148757265378121,world,world
stiff_medium,body_world,90418,True,True,m,1.6633408277228265,4.0,short,0.25,65,alarm,persistent,False,nan,0.20621128082275392,0.5160929054021836,0.9173855202564756,body,body,0.3611520931124687,0.18600551635026932,-0.6635228490967974,world,world,0.27357880473136903,0.17457498693838716,-0.4492353407478826,body,body
stiff_medium,body_world,90419,True,True,l,1.4868039659450991,-4.0,medium,0.25,75,alarm,persistent,False,nan,0.17386390790343284,0.2034803546965122,0.15729660840614312,body,body,0.18867213129997254,0.1750221483409405,-0.07509822573963984,body,world,0.1818471398204565,0.158248439617455,-0.13900024233583808,body,body
stiff_medium,body_world,90420,True,True,m,1.5449902128447706,1.0,short,-0.05,63,alarm,persistent,False,nan,0.20796675384044647,0.1298180602490902,-0.47124429597629613,body,world,0.16889240704476832,0.1432806583121419,-0.16445651514634185,body,world,0.15608653267845513,0.09796260348521173,-0.46582474136477897,body,world
stiff_medium,body_world,90421,True,True,l,1.3429074718778478,1.0,medium,-0.05,68,alarm,persistent,False,nan,0.2579900145530701,0.31469827592372895,0.19869344468980313,body,body,0.2863441452383995,0.11512877997010947,-0.9111430648049279,world,world,0.20073646260425448,0.17845462197437884,-0.11765856618251126,body,body
stiff_medium,body_world,90422,True,True,m,1.4859152920245902,2.0,short,-0.2,56,alarm,persistent,False,nan,0.40376201272010803,0.25882390439510344,-0.4446777023130488,body,body,0.33129295855760577,0.24728774577379226,-0.29245043387107217,body,body,0.289290352165699,0.1554645444266498,-0.6210131670315149,world,world
stiff_medium,body_world,90423,True,True,l,1.4537628318674107,-2.0,medium,0.0,61,alarm,persistent,False,nan,0.23646313399076463,0.3076937049627304,0.2633125096236882,body,body,0.2720784194767475,0.16823630705475806,-0.48072075094894456,body,world,0.2201573632657528,0.17091251322999595,-0.25319077118453,body,body
stiff_medium,body_world,90424,True,True,m,1.5039422662674549,-4.0,short,-0.2,72,alarm,persistent,False,nan,0.42972910702228545,0.2761798232793808,-0.4421028393131995,body,body,0.3529544651508331,0.3553047187626362,0.006636729298590145,body,body,0.35412959195673466,0.31689508222043516,-0.11109217693617633,body,body
stiff_medium,body_world,90425,True,True,l,1.484051795950852,4.0,medium,0.0,66,alarm,persistent,False,nan,0.19738900065422058,0.5185124576091766,0.9657876492844993,body,body,0.3579507291316986,0.1098747169598937,-1.181054568822481,world,world,0.23391272304579616,0.23463179655373095,0.003069394870280443,body,body
stiff_medium,body_world,90426,True,True,m,1.499613542769097,-1.0,short,-0.2,68,alarm,persistent,False,nan,0.107025845348835,0.10174413695931435,-0.05060914996973661,body,world,0.10438499115407467,0.09581453185528517,-0.0856715392361628,body,world,0.10009976150467992,0.13753978852182627,0.31774594256701466,body,world
stiff_medium,body_world,90427,True,True,l,1.2434438593395136,1.0,medium,0.05,67,alarm,persistent,False,nan,0.13375253453850747,0.19752259999513627,0.3898616727324563,body,body,0.16563756726682186,0.20064161904156208,0.1917182550984504,body,body,0.18313959315419198,0.12844204953871668,-0.3547708399130348,body,world
stiff_medium,body_world,90428,True,True,m,1.5747146197091175,2.0,short,0.25,64,alarm,persistent,False,nan,0.18370880410075188,0.36552841663360597,0.6879921058678877,body,body,0.27461861036717894,0.16495271753519775,-0.5097243912366998,body,world,0.21978566395118831,0.18565579382702707,-0.16875842822123976,body,body
stiff_medium,body_world,90429,True,True,l,1.4646053079069046,-2.0,medium,0.1,67,alarm,persistent,False,nan,0.16860877051949502,0.15717653892934322,-0.0702114384981817,body,world,0.1628926547244191,0.15233240714296697,-0.06702640170467654,body,world,0.15761253093369304,0.1126993396319449,-0.3354161237563142,body,world
stiff_medium,body_world,90430,True,True,m,1.6725099978259204,-4.0,short,0.1,62,alarm,persistent,False,nan,0.20277119576931,0.19987484589219093,-0.01438682880083183,body,body,0.20132302083075046,0.13844643607735635,-0.374427179216341,body,world,0.1698847284540534,0.14540077643468977,-0.15562623406475573,body,world
stiff_medium,body_world,90431,True,True,l,1.3236542402011626,-4.0,medium,0.1,67,alarm,persistent,False,nan,0.22937539368867874,0.35028005242347715,0.42337304915437196,body,body,0.28982772305607796,0.3365529477596283,0.14946879714466393,body,body,0.3131903354078531,0.23125474364496768,-0.30329121682517446,body,body
stiff_medium,body_world,90432,True,True,m,1.3642720743548598,-1.0,short,0.15000000000000002,61,world,settled,True,0.15156355500221252,0.09492937326431275,0.10985257625579833,0.1460060752540765,body,world,0.10239097476005554,0.24601402468979358,0.8765899736291499,body,body,0.17420249972492458,0.13996122870594263,-0.21885296761643827,body,world
stiff_medium,body_world,90433,True,True,l,1.3743791243103016,-1.0,medium,0.05,77,alarm,persistent,False,nan,0.08522289805114269,0.08059109598398209,-0.055881982448144914,body,world,0.08290699701756239,0.14896151684224607,0.585968534673462,body,world,0.11593425692990422,0.17845643116161228,0.4313212084600765,body,body
stiff_medium,body_world,90434,True,True,m,1.4747028802268096,2.0,short,-0.05,62,alarm,persistent,False,nan,0.32451674342155457,0.21079633831977845,-0.43144468629731975,body,body,0.2676565408706665,0.16825368236750365,-0.46423174011945983,body,world,0.21795511161908507,0.11641324814409018,-0.6271427870908134,world,world
stiff_medium,body_world,90435,True,True,l,1.3038106075252267,-2.0,medium,-0.2,60,alarm,persistent,False,nan,0.2056889995932579,0.07955381534993648,-0.9499316020235247,body,world,0.14262140747159718,0.1213448385708034,-0.16155722137573664,body,world,0.1319831230212003,0.08908584411256015,-0.3930736130597826,body,world
stiff_medium,body_world,90436,True,True,m,1.6168586909623586,4.0,short,-0.05,79,alarm,persistent,False,nan,0.34466509222984315,0.0726306114345789,-1.5571867203234853,world,world,0.20864785183221102,0.12333078365772962,-0.5257778677173855,body,world,0.16598931774497033,0.1193718211259693,-0.3296802662169435,body,world
stiff_medium,body_world,90437,True,True,l,1.3291113567705524,-4.0,medium,0.15000000000000002,77,alarm,persistent,False,nan,0.196290373057127,0.40797696113586424,0.7316156469169256,body,body,0.30213366709649564,0.2252065261825919,-0.2938516503913402,body,body,0.26367009663954377,0.15749126384034753,-0.5153286987146547,body,body
stiff_medium,body_world,90438,True,True,m,1.329008599029527,-1.0,short,0.05,80,alarm,persistent,False,nan,0.1726108804345131,0.07743809446692466,-0.8015609790093794,body,world,0.12502448745071887,0.06604309934191406,-0.6382020684887719,body,world,0.09553379339631647,0.103151113120839,0.07671498829509335,body,world
stiff_medium,body_world,90439,True,True,l,1.445391509411858,1.0,medium,0.0,66,alarm,persistent,False,nan,0.12931184768676757,0.15056387186050416,0.1521604808804444,body,world,0.13993785977363588,0.20804814919829367,0.39657107412760007,body,body,0.17399300448596478,0.16081876335665585,-0.07873705682387525,body,body
stiff_medium,body_world,90440,True,True,m,1.5564106744089927,2.0,short,0.25,74,alarm,persistent,False,nan,0.26576576828956605,0.24030689746141434,-0.10069850463829497,body,body,0.2530363328754902,0.17715736664831638,-0.3564946719323564,body,world,0.2150968497619033,0.15384447453543543,-0.33514620420676133,body,world
stiff_medium,body_world,90441,True,True,l,1.3070596772413094,2.0,medium,0.2,71,alarm,persistent,False,nan,0.13440678529441358,0.12908257432281972,-0.04041860202861046,body,world,0.13174467980861665,0.18922020830214023,0.36204565447513753,body,body,0.16048244405537843,0.08962793052196502,-0.5825175577744227,world,world
stiff_medium,body_world,90442,True,True,m,1.6269524228642334,4.0,short,0.25,74,alarm,persistent,False,nan,0.23526314347982408,0.44370016977190974,0.634444393842758,body,body,0.3394816566258669,0.19137781783938407,-0.5731703369354504,body,body,0.2654297372326255,0.17428573295474054,-0.4206540666768399,body,body
stiff_medium,body_world,90443,True,True,l,1.378277312801848,-4.0,medium,-0.1,72,alarm,persistent,False,nan,0.47431148290634156,0.5682881832122803,0.18076441205714136,body,body,0.5212998330593109,0.1894957482814789,-1.0119587837733877,world,world,0.3553977906703949,0.23399662878364325,-0.41793099089559993,body,body
stiff_medium,body_world,90444,True,True,m,1.453510197141481,1.0,short,0.0,71,alarm,persistent,False,nan,0.2730622231960297,0.37519185841083524,0.3177378245559148,body,body,0.32412704080343246,0.12912825644016265,-0.9203293937791851,world,world,0.22662764862179757,0.15972925815731287,-0.34982811081433807,body,body
stiff_medium,body_world,90445,True,True,l,1.3665797638238526,-1.0,medium,0.0,62,alarm,persistent,False,nan,0.11487504616379737,0.18245957121253015,0.46268363834220705,body,world,0.14866730868816375,0.15618413053452967,0.04932465328129387,body,world,0.1524257196113467,0.12818353781476616,-0.1732142668074645,body,world
stiff_medium,body_world,90446,True,True,m,1.33490869903924,-2.0,short,-0.25,64,alarm,persistent,False,nan,0.20025068372488022,0.25561129450798037,0.2440879094438996,body,body,0.22793098911643028,0.14402445778250694,-0.45905977295820505,body,world,0.1859777234494686,0.19682436073198914,0.05668486102485533,body,body
stiff_medium,body_world,90447,True,True,l,1.360545744961593,2.0,medium,0.25,71,alarm,persistent,False,nan,0.15935341715812684,0.215450619161129,0.3016072528725758,body,body,0.18740201815962793,0.1928366430103779,0.028587282217694864,body,body,0.1901193305850029,0.17568386141210796,-0.07896579284216348,body,body
stiff_medium,body_world,90448,True,True,m,1.3926898559008811,4.0,short,0.0,79,alarm,persistent,False,nan,0.46327121257781984,0.2777246624231339,-0.5116824549355292,body,body,0.3704979375004768,0.1868556233122945,-0.6845116271122976,world,world,0.27867678040638566,0.14514750577509403,-0.6523021105341165,world,world
stiff_medium,body_world,90449,True,True,l,1.4996288562259714,4.0,medium,-0.15000000000000002,69,alarm,persistent,False,nan,0.5778386652469635,0.22360117435455323,-0.9494307105391578,body,body,0.4007199198007584,0.21868426874279975,-0.6056337345758507,body,body,0.3097020942717791,0.180562084633857,-0.5395361713929541,world,world
stiff_medium,body_world,90450,True,True,m,1.6497126455801099,-1.0,short,-0.15000000000000002,68,alarm,persistent,False,nan,0.1653884880244732,0.2504815548658371,0.4150881051957924,body,body,0.20793502144515513,0.1971852995455265,-0.0530817405222793,body,body,0.2025601604953408,0.17842578990384936,-0.12686415935121265,body,body
stiff_medium,body_world,90451,True,True,l,1.4011624978174013,-1.0,medium,-0.1,69,alarm,persistent,False,nan,0.16838148571550846,0.17402603290975094,0.03297274899009225,body,world,0.1712037593126297,0.0808333121240139,-0.7504652627423037,world,world,0.1260185357183218,0.09816395975649357,-0.24978986560099176,body,world
stiff_medium,body_world,90452,True,True,m,1.3459971515369575,2.0,short,0.0,75,alarm,persistent,False,nan,0.3935677528381348,0.15102506875991822,-0.9578073917438331,body,world,0.2722964107990265,0.1845726825296879,-0.3888478893833025,body,body,0.2284345466643572,0.1181821151636541,-0.6590229378705151,world,world
stiff_medium,body_world,90453,True,True,l,1.3128410648573021,-2.0,medium,-0.2,60,alarm,persistent,False,nan,0.32676944732666013,0.4127865135669708,0.2336756748281599,body,body,0.3697779804468155,0.3334847316145897,-0.10330569064552463,body,body,0.3516313560307026,0.2016053359955549,-0.5562713387304745,world,world
stiff_medium,body_world,90454,True,True,m,1.4532800695650452,4.0,short,0.25,80,alarm,persistent,False,nan,0.1391545593738556,0.43074213452637194,1.1299243619639465,body,body,0.2849483469501138,0.11195529149845243,-0.9342083165205891,world,world,0.1984518192242831,0.17800148464739324,-0.10875445538102166,body,body
stiff_medium,body_world,90455,True,True,l,1.4639866887179158,4.0,medium,0.1,63,alarm,persistent,False,nan,0.19028831049799919,0.47327871322631837,0.9111441149662434,body,body,0.33178351186215876,0.296979246288538,-0.1108204249755153,body,body,0.31438137907534836,0.18071423526853322,-0.5536898589816809,world,world
stiff_medium,body_world,90456,True,True,m,1.437503394575647,1.0,short,-0.05,71,alarm,persistent,False,nan,0.08299872949719429,0.17010030299425125,0.7175629802548267,body,world,0.12654951624572278,0.18821607828140258,0.3969569910403484,body,body,0.1573827972635627,0.220208162907511,0.3358922571316433,body,body
stiff_medium,body_world,90457,True,True,l,1.433005966120608,-1.0,medium,0.1,79,alarm,persistent,False,nan,0.11327324211597442,0.10065640136599541,-0.11809022138213687,body,world,0.10696482174098491,0.22772968504577876,0.755659322050123,body,body,0.16734725339338183,0.17981856670230628,0.07187736461558586,body,body
stiff_medium,body_world,90458,True,True,m,1.5714723561915191,-2.0,short,0.1,75,world,settled,True,0.1711483746767044,0.10462073087692261,0.16626635193824768,0.4632493082890924,body,world,0.13544354140758513,0.1259284932166338,-0.07284065320990746,body,world,0.13068601731210946,0.18306950218975543,0.3370682422926395,body,body
stiff_medium,body_world,90459,True,True,l,1.423809978213943,-2.0,medium,-0.15000000000000002,75,world,settled,True,0.1444610208272934,0.21230621337890626,0.20139184221625328,-0.05277716117344601,body,body,0.20684902779757977,0.12122020795941353,-0.5343804007851848,body,world,0.16403461787849666,0.12378566395491361,-0.28152593666988546,body,world
stiff_medium,body_world,90460,True,True,m,1.501503010941712,-4.0,short,0.1,65,alarm,persistent,False,nan,0.2384817123413086,0.10896543934941291,-0.7832618678113913,body,world,0.17372357584536074,0.206246005743742,0.1716042675225242,body,body,0.18998479079455138,0.15764514897018672,-0.1865974058727591,body,body
stiff_medium,body_world,90461,True,True,l,1.4979893620177673,-4.0,medium,-0.05,68,alarm,persistent,False,nan,0.3232154086232185,0.5163169741630554,0.46840186718962784,body,body,0.419766191393137,0.26814098209142684,-0.44818497433673476,body,body,0.34395358674228194,0.2581426128745079,-0.2869945307258935,body,body
stiff_medium,body_world,90462,True,True,m,1.32405485767968,-1.0,short,0.15000000000000002,61,alarm,persistent,False,nan,0.16134558320045472,0.11591053307056427,-0.3307299172003352,body,world,0.1386280581355095,0.10258423183113337,-0.30111027084841463,body,world,0.12060614498332142,0.16170918717980384,0.29326934474850125,body,body
stiff_medium,body_world,90463,True,True,l,1.2959566174498844,1.0,medium,-0.05,60,alarm,persistent,False,nan,0.17163075543940068,0.2502125948667526,0.376965537464623,body,body,0.21092167515307664,0.2431381545960903,0.14214296246077357,body,body,0.2270299148745835,0.17906419122591616,-0.23733744063104753,body,body
stiff_medium,body_world,90464,True,True,m,1.5484915809048363,-2.0,short,0.25,68,alarm,persistent,False,nan,0.20781365036964417,0.17223929464817048,-0.1877570085689959,body,world,0.1900264725089073,0.16167551875114441,-0.16157203551726992,body,world,0.17585099563002587,0.20920284390449523,0.1736673055699588,body,body
stiff_medium,body_world,90465,True,True,l,1.428408630737959,-2.0,medium,-0.25,69,alarm,persistent,False,nan,0.2747968681156635,0.2967268943786621,0.07678000488866699,body,body,0.28576188124716284,0.31360753923654555,0.09298344814193182,body,body,0.29968471024185417,0.3172535374760628,0.05697030082524461,body,body
stiff_medium,body_world,90466,True,True,m,1.3278826334953207,4.0,short,0.1,72,alarm,persistent,False,nan,0.2943267226219177,0.18704299926757811,-0.45335191870623065,body,world,0.24068486094474792,0.11445402726531029,-0.7433152130924071,world,world,0.17756944410502912,0.13072153646498919,-0.3062923818920275,body,world
stiff_medium,body_world,90467,True,True,l,1.224242705022093,-4.0,medium,0.2,67,alarm,persistent,False,nan,0.15514786839485167,0.4079720050096512,0.9668199050730787,body,body,0.28155993670225143,0.4172022111713886,0.3932256792108344,body,body,0.34938107393682005,0.22153636952862144,-0.45557645638445887,body,body
stiff_medium,body_world,90468,True,True,m,1.377155487281401,1.0,short,0.25,65,alarm,persistent,False,nan,0.17021966725587845,0.24712860584259033,0.3728191092948647,body,body,0.2086741365492344,0.13396316021680832,-0.4432090415532342,body,world,0.17131864838302135,0.13718730080872774,-0.22217811198231416,body,world
stiff_medium,body_world,90469,True,True,l,1.2775926055522053,-1.0,medium,-0.2,67,alarm,persistent,False,nan,0.15874741077423096,0.11582301333546638,-0.3152510486952958,body,world,0.13728521205484867,0.15826555602252484,0.14221375487449864,body,world,0.14777538403868676,0.11693171421065926,-0.23410332032498596,body,world
stiff_medium,body_world,90470,True,True,m,1.5219750255884492,2.0,short,-0.05,70,alarm,persistent,False,nan,0.28550039827823637,0.2762176707386971,-0.03305420713184096,body,body,0.2808590345084667,0.25116756856441497,-0.11173256668273736,body,body,0.26601330153644087,0.1972274364437908,-0.29918875077718976,body,body
stiff_medium,body_world,90471,True,True,l,1.2543795609592172,2.0,medium,0.0,63,alarm,persistent,False,nan,0.272870147228241,0.4054615139961243,0.3960299282055519,body,body,0.33916583061218264,0.1640965962782502,-0.726033907492667,world,world,0.25163121344521644,0.12660171603783965,-0.6869185125101913,world,world
stiff_medium,body_world,90472,True,True,m,1.523888147333015,4.0,short,0.25,77,alarm,persistent,False,nan,0.1042952936142683,0.26471471339464187,0.9314264554150549,body,body,0.1845050035044551,0.13633699398487806,-0.3025468646191563,body,world,0.1604209987446666,0.09724685288965702,-0.5005489807876876,body,world
stiff_medium,body_world,90473,True,True,l,1.4189126139922845,-4.0,medium,-0.25,63,alarm,persistent,False,nan,0.4610354721546173,0.3656865030527115,-0.23169856882458753,body,body,0.4133609876036644,0.1020890973508358,-1.3984753377439105,world,world,0.2577250424772501,0.11306440508924424,-0.8239356769078295,world,world
stiff_medium,body_world,90474,True,True,m,1.3393605416224226,1.0,short,0.0,80,alarm,persistent,False,nan,0.09161977544426918,0.15671166628599167,0.5367604588966489,body,world,0.12416572086513042,0.11311472849920393,-0.09321453182828478,body,world,0.11864022468216717,0.11828701675403863,-0.0029815751675447504,body,world
stiff_medium,body_world,90475,True,True,l,1.4134205728523153,1.0,medium,0.1,66,alarm,persistent,False,nan,0.19719356596469878,0.2816031828522682,0.35631311228003726,body,body,0.2393983744084835,0.12634525820612907,-0.6391106987345417,body,world,0.18287181630730628,0.16877140733413398,-0.08024027008628046,body,body
stiff_medium,body_world,90476,True,True,m,1.3814810158500825,-2.0,short,0.0,70,alarm,persistent,False,nan,0.14545620009303092,0.10134005397558213,-0.3613932783380354,body,world,0.12339812703430653,0.11910634394735098,-0.035399192688584095,body,world,0.12125223549082875,0.17509374115616083,0.36744852757099594,body,body
stiff_medium,body_world,90477,True,True,l,1.4674729887667173,2.0,medium,0.1,78,alarm,persistent,False,nan,0.21197630614042282,0.27397009134292605,0.25654443980996683,body,body,0.24297319874167442,0.1531120739877224,-0.46178098105185716,body,world,0.1980426363646984,0.17501915344037117,-0.12358692652330283,body,body
stiff_medium,body_world,90478,True,True,m,1.5027032697774165,4.0,short,0.0,80,alarm,persistent,False,nan,0.22502439469099045,0.11267975065857172,-0.6916590869981545,body,world,0.16885207267478108,0.16382661866955459,-0.0302143566429877,body,world,0.16633934567216785,0.09256937615573406,-0.5860715768618208,world,world
stiff_medium,body_world,90479,True,True,l,1.3850046666885212,-4.0,medium,0.0,66,alarm,persistent,False,nan,0.27185591161251066,0.5242712318897247,0.6567369792959405,body,body,0.39806357175111773,0.2847450844943523,-0.3350173808996759,body,body,0.341404328122735,0.2383671929128468,-0.35925517575000515,body,body
stiff_medium,calib,90480,False,False,,1.0,0.0,,0.0,64,alarm,persistent,False,nan,0.099025559425354,0.1901501879096031,0.6524362297649448,body,world,0.14458787366747855,0.10026076268404722,-0.3661130261188241,body,world,0.1224243181757629,0.1119222117587924,-0.08968893612693513,body,world
stiff_medium,calib,90481,False,False,,1.0,0.0,,0.0,76,alarm,persistent,False,nan,0.125856152176857,0.1359480768442154,0.07713341954294185,body,world,0.13090211451053618,0.10664005242288113,-0.20499065896046614,body,world,0.11877108346670866,0.07509479257278144,-0.45844675568205,body,world
stiff_medium,calib,90482,False,False,,1.0,0.0,,0.0,79,alarm,persistent,False,nan,0.06542254239320755,0.06552642658352852,0.0015866365795170593,body,world,0.06547448448836804,0.176337968185544,0.9907419104997989,body,world,0.12090622633695602,0.14325298387557267,0.16959692903805793,body,world
stiff_medium,calib,90483,False,False,,1.0,0.0,,0.0,70,alarm,persistent,False,nan,0.12773169651627542,0.11172211393713952,-0.13391728037564068,body,world,0.11972690522670745,0.15005510635674,0.2257892428825258,body,world,0.13489100579172372,0.1078412433154881,-0.22380691148005963,body,world
stiff_medium,calib,90484,False,False,,1.0,0.0,,0.0,69,alarm,persistent,False,nan,0.10574794188141823,0.17392378449440002,0.49755882748580627,body,world,0.13983586318790914,0.08936923816800117,-0.4476927981176496,body,world,0.11460255067795515,0.08835149719379842,-0.2601469164692038,body,world
stiff_medium,calib,90485,False,False,,1.0,0.0,,0.0,78,alarm,persistent,False,nan,0.1724110171198845,0.04762292169034481,-1.2865670671486997,world,world,0.11001696940511466,0.07886445093899966,-0.3329040533348545,body,world,0.09444071017205716,0.10464523911941796,0.10260372248102448,body,world
stiff_medium,calib,90486,False,False,,1.0,0.0,,0.0,79,alarm,persistent,False,nan,0.07787575125694275,0.1189100369811058,0.42325259143002275,body,world,0.09839289411902427,0.15751286931335926,0.4705385776406282,body,world,0.12795288171619176,0.11224283706396818,-0.13099737231911443,body,world
stiff_medium,calib,90487,False,False,,1.0,0.0,,0.0,74,alarm,persistent,False,nan,0.11754298433661461,0.12723227888345717,0.07921029269195454,body,world,0.1223876316100359,0.15720196515321733,0.25033806485681187,body,world,0.13979479838162662,0.13703299779444933,-0.019953864897310367,body,world
stiff_medium,calib,90488,False,False,,1.0,0.0,,0.0,62,alarm,persistent,False,nan,0.09147663712501526,0.13100500851869584,0.35915194772576137,body,world,0.11124082282185555,0.16453579161316156,0.39143069857943413,body,world,0.13788830721750855,0.08610278824344278,-0.47090219476386025,body,world
stiff_medium,calib,90489,False,False,,1.0,0.0,,0.0,65,alarm,persistent,False,nan,0.1860273227095604,0.09439862743020058,-0.678367026101524,body,world,0.14021297506988048,0.08983796648681164,-0.4451548418357316,body,world,0.11502547077834606,0.13237031549215317,0.14044982626597619,body,world
stiff_medium,calib,90490,False,False,,1.0,0.0,,0.0,70,alarm,persistent,False,nan,0.13964922577142716,0.07033312143757939,-0.6858909162439846,body,world,0.10499117360450327,0.08944834051653743,-0.16021502801103382,body,world,0.09721975706052036,0.07718425393104553,-0.23077848114763888,body,world
stiff_medium,calib,90491,False,False,,1.0,0.0,,0.0,63,alarm,persistent,False,nan,0.10549099370837212,0.1337315708398819,0.23720900659049243,body,world,0.11961128227412701,0.12048798054456711,0.0073028309744525,body,world,0.12004963140934706,0.08440847797319292,-0.3522374058765664,body,world
stiff_medium,calib,90492,False,False,,1.0,0.0,,0.0,66,alarm,persistent,False,nan,0.10677308142185211,0.20111068189144135,0.6331495645347854,body,body,0.15394188165664674,0.08793535251170397,-0.559973225387313,body,world,0.12093861708417535,0.10934517807327211,-0.10077347016904048,body,world
stiff_medium,calib,90493,False,False,,1.0,0.0,,0.0,80,alarm,persistent,False,nan,0.11957400292158127,0.09320072457194328,-0.24917995497411813,body,world,0.10638736374676228,0.18711558301001788,0.5646397088014491,body,body,0.14675147337839006,0.090617869887501,-0.48208906573878124,body,world
stiff_medium,calib,90494,False,False,,1.0,0.0,,0.0,79,alarm,persistent,False,nan,0.09901436679065227,0.12948962077498435,0.2683357707684841,body,world,0.11425199378281832,0.14115364775061606,0.21144251676951886,body,world,0.12770282076671718,0.1055572927929461,-0.1904519866442609,body,world
stiff_medium,calib,90495,False,False,,1.0,0.0,,0.0,75,alarm,persistent,False,nan,0.1758312925696373,0.10895589366555214,-0.4785818153077389,body,world,0.14239359311759472,0.14342475943267347,0.0072155673685501244,body,world,0.14290917627513408,0.08450897326692938,-0.5253515763025457,world,world
stiff_medium,calib,90496,False,False,,1.0,0.0,,0.0,76,alarm,persistent,False,nan,0.1071995459496975,0.10402409285306931,-0.03006947872325795,body,world,0.1056118194013834,0.1279789499938488,0.19209550606429407,body,world,0.1167953846976161,0.12030744897201658,0.02962698599235806,body,world
stiff_medium,calib,90497,False,False,,1.0,0.0,,0.0,68,alarm,persistent,False,nan,0.12631966397166253,0.10740576088428497,-0.16220188965348256,body,world,0.11686271242797375,0.10091181620955467,-0.14675281915035845,body,world,0.10888726431876421,0.11673036273568868,0.06955360844032599,body,world
stiff_medium,calib,90498,False,False,,1.0,0.0,,0.0,70,alarm,persistent,False,nan,0.16296342834830285,0.06205567941069603,-0.9654937726254407,body,world,0.11250955387949943,0.08406181484460831,-0.29148572219648566,body,world,0.09828568436205387,0.11892797276377678,0.19063965454638607,body,world
stiff_medium,calib,90499,False,False,,1.0,0.0,,0.0,79,alarm,persistent,False,nan,0.09635220970958472,0.12069870382547379,0.22528706044318914,body,world,0.10852545676752925,0.12401162437163293,0.1333905360977851,body,world,0.1162685405695811,0.11040865757968277,-0.05171396964695252,body,world
stiff_medium,calib,90500,False,False,,1.0,0.0,,0.0,72,alarm,persistent,False,nan,0.15369268655776977,0.19081064611673354,0.21632648788057246,body,world,0.17225166633725167,0.11934656947851181,-0.36692497479387887,body,world,0.14579911790788175,0.09358217129483819,-0.44338988182059735,body,world
stiff_medium,calib,90501,False,False,,1.0,0.0,,0.0,76,alarm,persistent,False,nan,0.06632631421089172,0.09193241968750954,0.3264670239660158,body,world,0.07912936694920063,0.12986898217350246,0.49544204336679465,body,world,0.10449917456135153,0.09345005848444998,-0.11175201270104693,body,world
stiff_medium,calib,90502,False,False,,1.0,0.0,,0.0,76,alarm,persistent,False,nan,0.10549770668148994,0.12995299473404884,0.20848359103764352,body,world,0.11772535070776939,0.15367569103837014,0.2664901043674002,body,world,0.13570052087306977,0.13044576793909074,-0.039492836208512336,body,world
stiff_medium,calib,90503,False,False,,1.0,0.0,,0.0,63,alarm,persistent,False,nan,0.11100454069674015,0.06826491579413414,-0.48617515103202164,body,world,0.08963472824543714,0.16932298690080644,0.6360652191526744,body,world,0.12947885757312178,0.13353267582133413,0.03082860477013409,body,world
stiff_medium,calib,90504,False,False,,1.0,0.0,,0.0,72,alarm,persistent,False,nan,0.1030223473906517,0.11382723525166512,0.09973588899031362,body,world,0.10842479132115841,0.12297601504251361,0.12593257162126462,body,world,0.11570040318183601,0.0998630397953093,-0.14720447373219364,body,world
stiff_medium,calib,90505,False,False,,1.0,0.0,,0.0,75,alarm,persistent,False,nan,0.09018570557236671,0.08092049658298492,-0.1084037907068513,body,world,0.08555310107767582,0.10051688365638256,0.16118846157271513,body,world,0.0930349923670292,0.10549136227928102,0.12565339103869066,body,world
stiff_medium,calib,90506,False,False,,1.0,0.0,,0.0,78,alarm,persistent,False,nan,0.1527170419692993,0.12365561202168465,-0.21108643096590893,body,world,0.138186326995492,0.09635109603404998,-0.36060419973858177,body,world,0.11726871151477099,0.10364029589109122,-0.12354177039460883,body,world
stiff_medium,calib,90507,False,False,,1.0,0.0,,0.0,72,alarm,persistent,False,nan,0.07618808336555957,0.0974809043109417,0.24645144141669825,body,world,0.08683449383825063,0.1198823694139719,0.32250706995851847,body,world,0.10335843162611127,0.11830677390098572,0.13507816368520623,body,world
stiff_medium,calib,90508,False,False,,1.0,0.0,,0.0,68,alarm,persistent,False,nan,0.12915027961134912,0.13652407974004746,0.055524322866999036,body,world,0.13283717967569827,0.12154553383588791,-0.08883520864078384,body,world,0.1271913567557931,0.11984724607318639,-0.05947471606060248,body,world
stiff_medium,calib,90509,False,False,,1.0,0.0,,0.0,69,alarm,persistent,False,nan,0.07998356223106384,0.058226727321743964,-0.3174766597950261,body,world,0.0691051447764039,0.09569244054146112,0.32551012205716323,body,world,0.0823987926589325,0.11336562372744083,0.3190474189929221,body,world
stiff_medium,calib,90510,False,False,,1.0,0.0,,0.0,60,alarm,persistent,False,nan,0.1541103132069111,0.09922108054161072,-0.44031816833012094,body,world,0.1266656968742609,0.15918148644268512,0.22849366769159665,body,world,0.14292359165847301,0.14629412367939948,0.02330897759021243,body,world
stiff_medium,calib,90511,False,False,,1.0,0.0,,0.0,67,alarm,persistent,False,nan,0.14844780713319777,0.09572126343846321,-0.43879296707880755,body,world,0.12208453528583049,0.14465381521731616,0.16962968962350802,body,world,0.13336917525157332,0.12925878409296274,-0.031304563588806573,body,world
stiff_medium,calib,90512,False,False,,1.0,0.0,,0.0,65,alarm,persistent,False,nan,0.09221027009189128,0.14084100127220153,0.4235600899079378,body,world,0.11652563568204641,0.11803095489740371,0.012835622130770274,body,world,0.11727829528972507,0.12117265071719885,0.03266669137800669,body,world
stiff_medium,calib,90513,False,False,,1.0,0.0,,0.0,79,alarm,persistent,False,nan,0.15631085708737374,0.06371954381465912,-0.8973553723472769,body,world,0.11001520045101643,0.08427023366093636,-0.2665898396181813,body,world,0.0971427170559764,0.08572684740647674,-0.125015158544426,body,world
stiff_medium,calib,90514,False,False,,1.0,0.0,,0.0,62,alarm,persistent,False,nan,0.136960019916296,0.12034768313169479,-0.1293041448533992,body,world,0.1286538515239954,0.10350412987172604,-0.21751396223028122,body,world,0.11607899069786072,0.13991709426045418,0.18677914969120124,body,world
stiff_medium,calib,90515,False,False,,1.0,0.0,,0.0,75,alarm,persistent,False,nan,0.0664578352123499,0.052269665896892546,-0.24015148877233594,body,world,0.05936375055462122,0.11797663401812315,0.6868028080012365,body,world,0.08867019228637218,0.1149970892816782,0.25998303549749424,body,world
stiff_medium,calib,90516,False,False,,1.0,0.0,,0.0,71,alarm,persistent,False,nan,0.1726355269551277,0.11124019175767899,-0.43949083832362823,body,world,0.14193785935640335,0.1638160329312086,0.14335469611601756,body,world,0.15287694614380598,0.16709725148975849,0.08894266294916225,body,body
stiff_medium,calib,90517,False,False,,1.0,0.0,,0.0,77,alarm,persistent,False,nan,0.16932017654180526,0.204304800927639,0.18782154264454765,body,body,0.18681248873472214,0.11267048846930265,-0.505637852176798,body,world,0.1497414886020124,0.11031403564848005,-0.30557923007457416,body,world
stiff_medium,calib,90518,False,False,,1.0,0.0,,0.0,72,alarm,persistent,False,nan,0.1215752050280571,0.0974014274775982,-0.22169217635254998,body,world,0.10948831625282765,0.123445925116539,0.11998536419871361,body,world,0.11646712068468332,0.13639958687126635,0.15797970931175292,body,world
stiff_medium,calib,90519,False,False,,1.0,0.0,,0.0,76,alarm,persistent,False,nan,0.14884010329842567,0.16150866448879242,0.0816861938075334,body,world,0.15517438389360905,0.1421486869454384,-0.08767594094585682,body,world,0.1486615354195237,0.12012862861156463,-0.21310907384262967,body,world
stiff_medium,calib,90520,False,False,,1.0,0.0,,0.0,76,alarm,persistent,False,nan,0.06068918071687222,0.16903868541121483,1.0243621562045484,body,world,0.11486393306404352,0.14854823499917985,0.25716148321812893,body,world,0.1317060840316117,0.11645958721637725,-0.12302848184336622,body,world
stiff_medium,calib,90521,False,False,,1.0,0.0,,0.0,64,alarm,persistent,False,nan,0.1350873589515686,0.06811085753142834,-0.6847850369388305,body,world,0.10159910824149847,0.14135892912745476,0.33026749452844356,body,world,0.12147901868447661,0.16705424459651114,0.3185770154737738,body,body
stiff_medium,calib,90522,False,False,,1.0,0.0,,0.0,80,alarm,persistent,False,nan,0.1311276439577341,0.08072299966588617,-0.4851476934304036,body,world,0.10592532181181014,0.12017943011596799,0.12625154235573285,body,world,0.11305237596388906,0.10164473345503211,-0.10636748727575356,body,world
stiff_medium,calib,90523,False,False,,1.0,0.0,,0.0,64,alarm,persistent,False,nan,0.12320519462227822,0.07120072171092033,-0.5483482595965179,body,world,0.09720295816659927,0.11400124691426754,0.15940824136308585,body,world,0.10560210254043341,0.07180857603671029,-0.3856743691651184,body,world
stiff_medium,calib,90524,False,False,,1.0,0.0,,0.0,60,alarm,persistent,False,nan,0.15889097899198532,0.12221563383936881,-0.2624313252795268,body,world,0.14055330641567707,0.07203464116901159,-0.6684396912528873,world,world,0.10629397379234433,0.12164082173258066,0.13486402506308556,body,world
stiff_medium,calib,90525,False,False,,1.0,0.0,,0.0,74,alarm,persistent,False,nan,0.13137151598930358,0.0972947958856821,-0.3002838067420282,body,world,0.11433315593749285,0.12074029222130775,0.05452528668851584,body,world,0.1175367240794003,0.09588512647897005,-0.20359995431467104,body,world
stiff_medium,calib,90526,False,False,,1.0,0.0,,0.0,64,alarm,persistent,False,nan,0.1038354605436325,0.16063531190156938,0.4363291160717299,body,world,0.13223538622260095,0.13855969049036504,0.046717647572366496,body,world,0.135397538356483,0.1264817101880908,-0.06811746556369562,body,world
stiff_medium,calib,90527,False,False,,1.0,0.0,,0.0,77,alarm,persistent,False,nan,0.11260810568928718,0.07863234132528304,-0.3591306176495319,body,world,0.09562022350728512,0.11665248926728963,0.19881499721650708,body,world,0.10613635638728738,0.08503733053803444,-0.22163430556684868,body,world
stiff_medium,calib,90528,False,False,,1.0,0.0,,0.0,69,alarm,persistent,False,nan,0.1581317212432623,0.06488826982676983,-0.8907614993590565,body,world,0.11150999553501606,0.0900846463860944,-0.21336448921233614,body,world,0.10079732096055523,0.1297851311508566,0.2527684682001229,body,world
stiff_medium,calib,90529,False,False,,1.0,0.0,,0.0,61,alarm,persistent,False,nan,0.09964385032653808,0.07814529836177826,-0.24303243868511532,body,world,0.08889457434415818,0.08756209462881089,-0.01510291507833582,body,world,0.08822833448648452,0.13499585036188363,0.4253158758025022,body,world
