config,cell,seed,has_body,has_push,param,factor,torque,duration_name,offset_s,onset,settled,settle_time_s,single_settled_score,single_verdict,single_path,single_late_block_median,single_late_frac_above_alarm,k2_settled_score,k2_verdict,k2_path,k2_late_block_median,k2_late_frac_above_alarm,k4_settled_score,k4_verdict,k4_path,k4_late_block_median,k4_late_frac_above_alarm,k8_settled_score,k8_verdict,k8_path,k8_late_block_median,k8_late_frac_above_alarm,logged_settled_score,logged_verdict
medium_medium,neither,90000,False,False,,1.0,0.0,,0.0,79,False,nan,nan,alarm,persistent,0.10895540565252304,1.0,nan,alarm,persistent,0.09828318655490875,1.0,nan,alarm,persistent,0.09791512787342072,1.0,nan,alarm,persistent,0.08669666200876236,1.0,nan,alarm
medium_medium,neither,90001,False,False,,1.0,0.0,,0.0,75,False,nan,nan,alarm,persistent,0.10721181333065033,1.0,nan,alarm,persistent,0.08892601728439331,1.0,nan,alarm,persistent,0.08644070476293564,1.0,nan,alarm,persistent,0.07867715507745743,1.0,nan,alarm
medium_medium,neither,90002,False,False,,1.0,0.0,,0.0,65,False,nan,nan,alarm,persistent,0.1174836978316307,1.0,nan,alarm,persistent,0.10651681572198868,1.0,nan,alarm,persistent,0.09577052295207977,1.0,nan,alarm,persistent,0.09123589843511581,1.0,nan,alarm
medium_medium,neither,90003,False,False,,1.0,0.0,,0.0,61,False,nan,nan,alarm,persistent,0.13277140259742737,1.0,nan,alarm,persistent,0.10698167979717255,1.0,nan,alarm,persistent,0.09901516884565353,1.0,nan,alarm,persistent,0.09413918852806091,1.0,nan,alarm
medium_medium,neither,90004,False,False,,1.0,0.0,,0.0,76,False,nan,nan,alarm,persistent,0.11753307282924652,1.0,nan,alarm,persistent,0.09951551258563995,1.0,nan,alarm,persistent,0.10047154128551483,1.0,nan,alarm,persistent,0.08402444422245026,1.0,nan,alarm
medium_medium,neither,90005,False,False,,1.0,0.0,,0.0,79,False,nan,nan,alarm,persistent,0.11467603594064713,1.0,nan,alarm,persistent,0.1021127849817276,1.0,nan,alarm,persistent,0.10245976597070694,1.0,nan,alarm,persistent,0.08915884792804718,1.0,nan,alarm
medium_medium,neither,90006,False,False,,1.0,0.0,,0.0,74,False,nan,nan,alarm,persistent,0.12805423140525818,1.0,nan,alarm,persistent,0.10705443471670151,1.0,nan,alarm,persistent,0.09207876026630402,1.0,nan,alarm,persistent,0.08797068893909454,1.0,nan,alarm
medium_medium,neither,90007,False,False,,1.0,0.0,,0.0,79,False,nan,nan,alarm,persistent,0.11465134471654892,1.0,nan,alarm,persistent,0.09824442863464355,1.0,nan,alarm,persistent,0.08483617752790451,1.0,nan,alarm,persistent,0.08704228699207306,1.0,nan,alarm
medium_medium,neither,90008,False,False,,1.0,0.0,,0.0,62,False,nan,nan,alarm,persistent,0.10573558509349823,1.0,nan,alarm,persistent,0.08839106559753418,1.0,nan,alarm,persistent,0.08186306059360504,1.0,nan,alarm,persistent,0.08546049892902374,1.0,nan,alarm
medium_medium,neither,90009,False,False,,1.0,0.0,,0.0,74,False,nan,nan,alarm,persistent,0.09716834872961044,1.0,nan,alarm,persistent,0.08708816766738892,1.0,nan,alarm,persistent,0.09417881071567535,1.0,nan,alarm,persistent,0.09233959764242172,1.0,nan,alarm
medium_medium,neither,90010,False,False,,1.0,0.0,,0.0,72,False,nan,nan,alarm,persistent,0.1179775819182396,1.0,nan,alarm,persistent,0.11271878331899643,1.0,nan,alarm,persistent,0.10088039934635162,1.0,nan,alarm,persistent,0.10317648947238922,1.0,nan,alarm
medium_medium,neither,90011,False,False,,1.0,0.0,,0.0,71,False,nan,nan,alarm,persistent,0.1137835830450058,1.0,nan,alarm,persistent,0.091377392411232,1.0,nan,alarm,persistent,0.08616803586483002,1.0,nan,alarm,persistent,0.09201200306415558,1.0,nan,alarm
medium_medium,neither,90012,False,False,,1.0,0.0,,0.0,62,False,nan,nan,alarm,persistent,0.12094368785619736,1.0,nan,alarm,persistent,0.10545593500137329,1.0,nan,alarm,persistent,0.08946792036294937,1.0,nan,alarm,persistent,0.08309314399957657,1.0,nan,alarm
medium_medium,neither,90013,False,False,,1.0,0.0,,0.0,68,False,nan,nan,alarm,persistent,0.1008661761879921,1.0,nan,alarm,persistent,0.0923340693116188,1.0,nan,alarm,persistent,0.08567549288272858,1.0,nan,alarm,persistent,0.0741853341460228,1.0,nan,alarm
medium_medium,neither,90014,False,False,,1.0,0.0,,0.0,80,False,nan,nan,alarm,persistent,0.134858176112175,1.0,nan,alarm,persistent,0.11295048147439957,1.0,nan,alarm,persistent,0.09992362558841705,1.0,nan,alarm,persistent,0.09459967911243439,1.0,nan,alarm
medium_medium,neither,90015,False,False,,1.0,0.0,,0.0,76,False,nan,nan,alarm,persistent,0.10899760574102402,1.0,nan,alarm,persistent,0.09352713078260422,1.0,nan,alarm,persistent,0.09765668213367462,1.0,nan,alarm,persistent,0.09406539797782898,1.0,nan,alarm
medium_medium,neither,90016,False,False,,1.0,0.0,,0.0,76,False,nan,nan,alarm,persistent,0.11683348566293716,1.0,nan,alarm,persistent,0.09633046388626099,1.0,nan,alarm,persistent,0.1067146435379982,1.0,nan,alarm,persistent,0.0870443657040596,1.0,nan,alarm
medium_medium,neither,90017,False,False,,1.0,0.0,,0.0,74,False,nan,nan,alarm,persistent,0.10688456147909164,1.0,nan,alarm,persistent,0.0870833471417427,1.0,nan,alarm,persistent,0.06974967569112778,1.0,nan,alarm,persistent,0.08995309472084045,1.0,nan,alarm
medium_medium,neither,90018,False,False,,1.0,0.0,,0.0,66,False,nan,nan,alarm,persistent,0.10529260337352753,1.0,nan,alarm,persistent,0.08556808531284332,1.0,nan,alarm,persistent,0.07759572565555573,1.0,nan,alarm,persistent,0.08487559109926224,1.0,nan,alarm
medium_medium,neither,90019,False,False,,1.0,0.0,,0.0,66,False,nan,nan,alarm,persistent,0.124681755900383,1.0,nan,alarm,persistent,0.10268598794937134,1.0,nan,alarm,persistent,0.09066399931907654,1.0,nan,alarm,persistent,0.09608543664216995,1.0,nan,alarm
medium_medium,neither,90020,False,False,,1.0,0.0,,0.0,73,False,nan,nan,alarm,persistent,0.1104220375418663,1.0,nan,alarm,persistent,0.100666843354702,1.0,nan,alarm,persistent,0.08758837729692459,1.0,nan,alarm,persistent,0.07863184809684753,1.0,nan,alarm
medium_medium,neither,90021,False,False,,1.0,0.0,,0.0,74,False,nan,nan,alarm,persistent,0.11536054313182831,1.0,nan,alarm,persistent,0.10459049791097641,1.0,nan,alarm,persistent,0.08780472725629807,1.0,nan,alarm,persistent,0.08822102844715118,1.0,nan,alarm
medium_medium,neither,90022,False,False,,1.0,0.0,,0.0,66,False,nan,nan,alarm,persistent,0.12989206612110138,1.0,nan,alarm,persistent,0.0999271422624588,1.0,nan,alarm,persistent,0.09441109746694565,1.0,nan,alarm,persistent,0.09327378123998642,1.0,nan,alarm
medium_medium,neither,90023,False,False,,1.0,0.0,,0.0,75,False,nan,nan,alarm,persistent,0.10694892704486847,1.0,nan,alarm,persistent,0.08912661671638489,1.0,nan,alarm,persistent,0.08962608128786087,1.0,nan,alarm,persistent,0.07628877460956573,1.0,nan,alarm
medium_medium,neither,90024,False,False,,1.0,0.0,,0.0,73,False,nan,nan,alarm,persistent,0.09714089334011078,1.0,nan,alarm,persistent,0.09257177263498306,1.0,nan,alarm,persistent,0.08484145998954773,1.0,nan,alarm,persistent,0.08728469163179398,1.0,nan,alarm
medium_medium,neither,90025,False,False,,1.0,0.0,,0.0,68,False,nan,nan,alarm,persistent,0.10653958469629288,1.0,nan,alarm,persistent,0.09570470452308655,1.0,nan,alarm,persistent,0.0851297602057457,1.0,nan,alarm,persistent,0.0973995104432106,1.0,nan,alarm
medium_medium,neither,90026,False,False,,1.0,0.0,,0.0,73,False,nan,nan,alarm,persistent,0.1282256543636322,1.0,nan,alarm,persistent,0.11245749145746231,1.0,nan,alarm,persistent,0.09175984561443329,1.0,nan,alarm,persistent,0.08902560919523239,1.0,nan,alarm
medium_medium,neither,90027,False,False,,1.0,0.0,,0.0,61,False,nan,nan,alarm,persistent,0.10003948211669922,1.0,nan,alarm,persistent,0.08939482271671295,1.0,nan,alarm,persistent,0.08171065896749496,1.0,nan,alarm,persistent,0.08492763340473175,1.0,nan,alarm
medium_medium,neither,90028,False,False,,1.0,0.0,,0.0,71,False,nan,nan,alarm,persistent,0.11738493293523788,1.0,nan,alarm,persistent,0.11325675249099731,1.0,nan,alarm,persistent,0.11341965198516846,1.0,nan,alarm,persistent,0.1103135198354721,1.0,nan,alarm
medium_medium,neither,90029,False,False,,1.0,0.0,,0.0,60,False,nan,nan,alarm,persistent,0.11808286607265472,1.0,nan,alarm,persistent,0.11864659935235977,1.0,nan,alarm,persistent,0.1097722202539444,1.0,nan,alarm,persistent,0.09950046241283417,1.0,nan,alarm
medium_medium,neither,90030,False,False,,1.0,0.0,,0.0,72,False,nan,nan,alarm,persistent,0.12811699509620667,1.0,nan,alarm,persistent,0.10600128024816513,1.0,nan,alarm,persistent,0.09608994424343109,1.0,nan,alarm,persistent,0.10662825405597687,1.0,nan,alarm
medium_medium,neither,90031,False,False,,1.0,0.0,,0.0,65,False,nan,nan,alarm,persistent,0.0962313860654831,1.0,nan,alarm,persistent,0.08812349289655685,1.0,nan,alarm,persistent,0.07563070952892303,1.0,nan,alarm,persistent,0.08483356982469559,1.0,nan,alarm
medium_medium,neither,90032,False,False,,1.0,0.0,,0.0,78,False,nan,nan,alarm,persistent,0.11551491916179657,1.0,nan,alarm,persistent,0.09258759021759033,1.0,nan,alarm,persistent,0.09516949206590652,1.0,nan,alarm,persistent,0.09799109399318695,1.0,nan,alarm
medium_medium,neither,90033,False,False,,1.0,0.0,,0.0,74,False,nan,nan,alarm,persistent,0.11947904527187347,1.0,nan,alarm,persistent,0.11225098371505737,1.0,nan,alarm,persistent,0.09624455124139786,1.0,nan,alarm,persistent,0.10672247409820557,1.0,nan,alarm
medium_medium,neither,90034,False,False,,1.0,0.0,,0.0,63,False,nan,nan,alarm,persistent,0.13337726891040802,1.0,nan,alarm,persistent,0.11141572892665863,1.0,nan,alarm,persistent,0.10203442722558975,1.0,nan,alarm,persistent,0.09312848746776581,1.0,nan,alarm
medium_medium,neither,90035,False,False,,1.0,0.0,,0.0,66,False,nan,nan,alarm,persistent,0.10463814437389374,1.0,nan,alarm,persistent,0.08599300682544708,1.0,nan,alarm,persistent,0.08359576016664505,1.0,nan,alarm,persistent,0.08922851085662842,1.0,nan,alarm
medium_medium,neither,90036,False,False,,1.0,0.0,,0.0,61,False,nan,nan,alarm,persistent,0.11342847347259521,1.0,nan,alarm,persistent,0.08233378827571869,1.0,nan,alarm,persistent,0.08020716160535812,1.0,nan,alarm,persistent,0.07949883490800858,1.0,nan,alarm
medium_medium,neither,90037,False,False,,1.0,0.0,,0.0,69,False,nan,nan,alarm,persistent,0.11469759792089462,1.0,nan,alarm,persistent,0.09436209499835968,1.0,nan,alarm,persistent,0.08804278820753098,1.0,nan,alarm,persistent,0.07835783064365387,1.0,nan,alarm
medium_medium,neither,90038,False,False,,1.0,0.0,,0.0,63,False,nan,nan,alarm,persistent,0.12100827693939209,1.0,nan,alarm,persistent,0.1045929342508316,1.0,nan,alarm,persistent,0.11061961948871613,1.0,nan,alarm,persistent,0.09963478893041611,1.0,nan,alarm
medium_medium,neither,90039,False,False,,1.0,0.0,,0.0,63,False,nan,nan,alarm,persistent,0.09252189844846725,1.0,nan,alarm,persistent,0.08514344692230225,1.0,nan,alarm,persistent,0.08418289572000504,1.0,nan,alarm,persistent,0.08362434804439545,1.0,nan,alarm
medium_medium,neither,90040,False,False,,1.0,0.0,,0.0,66,False,nan,nan,alarm,persistent,0.12860746681690216,1.0,nan,alarm,persistent,0.12069103866815567,1.0,nan,alarm,persistent,0.10227029025554657,1.0,nan,alarm,persistent,0.09552579373121262,1.0,nan,alarm
medium_medium,neither,90041,False,False,,1.0,0.0,,0.0,71,False,nan,nan,alarm,persistent,0.1218944564461708,1.0,nan,alarm,persistent,0.11137513816356659,1.0,nan,alarm,persistent,0.09678462892770767,1.0,nan,alarm,persistent,0.09471391141414642,1.0,nan,alarm
medium_medium,neither,90042,False,False,,1.0,0.0,,0.0,64,False,nan,nan,alarm,persistent,0.11067090183496475,1.0,nan,alarm,persistent,0.08303310722112656,1.0,nan,alarm,persistent,0.08968061208724976,1.0,nan,alarm,persistent,0.08417490869760513,1.0,nan,alarm
medium_medium,neither,90043,False,False,,1.0,0.0,,0.0,79,False,nan,nan,alarm,persistent,0.12178945541381836,1.0,nan,alarm,persistent,0.11135084927082062,1.0,nan,alarm,persistent,0.11135365068912506,1.0,nan,alarm,persistent,0.10085649788379669,1.0,nan,alarm
medium_medium,neither,90044,False,False,,1.0,0.0,,0.0,65,False,nan,nan,alarm,persistent,0.1128329411149025,1.0,nan,alarm,persistent,0.09077440947294235,1.0,nan,alarm,persistent,0.08850665390491486,1.0,nan,alarm,persistent,0.08832867443561554,1.0,nan,alarm
medium_medium,neither,90045,False,False,,1.0,0.0,,0.0,64,False,nan,nan,alarm,persistent,0.11374904215335846,1.0,nan,alarm,persistent,0.09332886338233948,1.0,nan,alarm,persistent,0.09151405096054077,1.0,nan,alarm,persistent,0.09410406649112701,1.0,nan,alarm
medium_medium,neither,90046,False,False,,1.0,0.0,,0.0,73,False,nan,nan,alarm,persistent,0.11361294984817505,1.0,nan,alarm,persistent,0.088070347905159,1.0,nan,alarm,persistent,0.0851503387093544,1.0,nan,alarm,persistent,0.08750948309898376,1.0,nan,alarm
medium_medium,neither,90047,False,False,,1.0,0.0,,0.0,66,False,nan,nan,alarm,persistent,0.1106436476111412,1.0,nan,alarm,persistent,0.1039065569639206,1.0,nan,alarm,persistent,0.09066931903362274,1.0,nan,alarm,persistent,0.08842147886753082,1.0,nan,alarm
medium_medium,neither,90048,False,False,,1.0,0.0,,0.0,76,False,nan,nan,alarm,persistent,0.125808447599411,1.0,nan,alarm,persistent,0.10344290733337402,1.0,nan,alarm,persistent,0.0927748754620552,1.0,nan,alarm,persistent,0.0887196809053421,1.0,nan,alarm
medium_medium,neither,90049,False,False,,1.0,0.0,,0.0,76,False,nan,nan,alarm,persistent,0.11584258079528809,1.0,nan,alarm,persistent,0.11007849127054214,1.0,nan,alarm,persistent,0.0989626869559288,1.0,nan,alarm,persistent,0.09719549119472504,1.0,nan,alarm
medium_medium,neither,90050,False,False,,1.0,0.0,,0.0,60,False,nan,nan,alarm,persistent,0.10879383236169815,1.0,nan,alarm,persistent,0.08363110572099686,1.0,nan,alarm,persistent,0.08827005326747894,1.0,nan,alarm,persistent,0.08222288638353348,1.0,nan,alarm
medium_medium,neither,90051,False,False,,1.0,0.0,,0.0,76,False,nan,nan,alarm,persistent,0.1351378858089447,1.0,nan,alarm,persistent,0.11458234488964081,1.0,nan,alarm,persistent,0.11699571460485458,1.0,nan,alarm,persistent,0.1078391894698143,1.0,nan,alarm
medium_medium,neither,90052,False,False,,1.0,0.0,,0.0,68,False,nan,nan,alarm,persistent,0.11953514814376831,1.0,nan,alarm,persistent,0.09414859116077423,1.0,nan,alarm,persistent,0.0868147537112236,1.0,nan,alarm,persistent,0.07364501059055328,1.0,nan,alarm
medium_medium,neither,90053,False,False,,1.0,0.0,,0.0,72,False,nan,nan,alarm,persistent,0.12022840976715088,1.0,nan,alarm,persistent,0.1069519892334938,1.0,nan,alarm,persistent,0.09977645426988602,1.0,nan,alarm,persistent,0.09077541530132294,1.0,nan,alarm
medium_medium,neither,90054,False,False,,1.0,0.0,,0.0,65,False,nan,nan,alarm,persistent,0.10802558809518814,1.0,nan,alarm,persistent,0.09529677033424377,1.0,nan,alarm,persistent,0.08152570575475693,1.0,nan,alarm,persistent,0.08143101632595062,1.0,nan,alarm
medium_medium,neither,90055,False,False,,1.0,0.0,,0.0,68,False,nan,nan,alarm,persistent,0.11316245794296265,1.0,nan,alarm,persistent,0.08861827850341797,1.0,nan,alarm,persistent,0.09531460702419281,1.0,nan,alarm,persistent,0.09452135115861893,1.0,nan,alarm
medium_medium,neither,90056,False,False,,1.0,0.0,,0.0,68,False,nan,nan,alarm,persistent,0.12038832902908325,1.0,nan,alarm,persistent,0.10472371429204941,1.0,nan,alarm,persistent,0.08991523087024689,1.0,nan,alarm,persistent,0.07794857025146484,1.0,nan,alarm
medium_medium,neither,90057,False,False,,1.0,0.0,,0.0,76,False,nan,nan,alarm,persistent,0.11448528617620468,1.0,nan,alarm,persistent,0.10107066482305527,1.0,nan,alarm,persistent,0.09268482029438019,1.0,nan,alarm,persistent,0.09615206718444824,1.0,nan,alarm
medium_medium,neither,90058,False,False,,1.0,0.0,,0.0,61,False,nan,nan,alarm,persistent,0.11140070855617523,1.0,nan,alarm,persistent,0.10228514671325684,1.0,nan,alarm,persistent,0.10221344232559204,1.0,nan,alarm,persistent,0.08681692183017731,1.0,nan,alarm
medium_medium,neither,90059,False,False,,1.0,0.0,,0.0,62,False,nan,nan,alarm,persistent,0.10524602979421616,1.0,nan,alarm,persistent,0.08807362616062164,1.0,nan,alarm,persistent,0.08335769921541214,1.0,nan,alarm,persistent,0.09024731814861298,1.0,nan,alarm
medium_medium,neither,90060,False,False,,1.0,0.0,,0.0,62,False,nan,nan,alarm,persistent,0.11204321682453156,1.0,nan,alarm,persistent,0.09661190211772919,1.0,nan,alarm,persistent,0.09073571115732193,1.0,nan,alarm,persistent,0.0824127271771431,1.0,nan,alarm
medium_medium,neither,90061,False,False,,1.0,0.0,,0.0,80,False,nan,nan,alarm,persistent,0.1184757798910141,1.0,nan,alarm,persistent,0.10253801196813583,1.0,nan,alarm,persistent,0.09493357688188553,1.0,nan,alarm,persistent,0.07774849981069565,1.0,nan,alarm
medium_medium,neither,90062,False,False,,1.0,0.0,,0.0,66,False,nan,nan,alarm,persistent,0.12781204283237457,1.0,nan,alarm,persistent,0.11290087550878525,1.0,nan,alarm,persistent,0.10825157165527344,1.0,nan,alarm,persistent,0.10089820623397827,1.0,nan,alarm
medium_medium,neither,90063,False,False,,1.0,0.0,,0.0,62,False,nan,nan,alarm,persistent,0.10390456765890121,1.0,nan,alarm,persistent,0.08139108121395111,1.0,nan,alarm,persistent,0.09109507501125336,1.0,nan,alarm,persistent,0.08653512597084045,1.0,nan,alarm
medium_medium,neither,90064,False,False,,1.0,0.0,,0.0,72,False,nan,nan,alarm,persistent,0.09251867234706879,1.0,nan,alarm,persistent,0.0811711996793747,1.0,nan,alarm,persistent,0.08852411806583405,1.0,nan,alarm,persistent,0.08409389108419418,1.0,nan,alarm
medium_medium,neither,90065,False,False,,1.0,0.0,,0.0,63,False,nan,nan,alarm,persistent,0.1122189611196518,1.0,nan,alarm,persistent,0.09386394172906876,1.0,nan,alarm,persistent,0.09194059669971466,1.0,nan,alarm,persistent,0.07998783886432648,1.0,nan,alarm
medium_medium,neither,90066,False,False,,1.0,0.0,,0.0,61,False,nan,nan,alarm,persistent,0.12154729664325714,1.0,nan,alarm,persistent,0.10765300691127777,1.0,nan,alarm,persistent,0.09818687289953232,1.0,nan,alarm,persistent,0.08577080070972443,1.0,nan,alarm
medium_medium,neither,90067,False,False,,1.0,0.0,,0.0,71,False,nan,nan,alarm,persistent,0.10065686702728271,1.0,nan,alarm,persistent,0.09641227126121521,1.0,nan,alarm,persistent,0.08957995474338531,1.0,nan,alarm,persistent,0.08847764879465103,1.0,nan,alarm
medium_medium,neither,90068,False,False,,1.0,0.0,,0.0,76,False,nan,nan,alarm,persistent,0.11780889332294464,1.0,nan,alarm,persistent,0.10382302850484848,1.0,nan,alarm,persistent,0.10430584102869034,1.0,nan,alarm,persistent,0.10324279963970184,1.0,nan,alarm
medium_medium,neither,90069,False,False,,1.0,0.0,,0.0,70,False,nan,nan,alarm,persistent,0.11777891218662262,1.0,nan,alarm,persistent,0.10756345093250275,1.0,nan,alarm,persistent,0.10084807872772217,1.0,nan,alarm,persistent,0.08520825207233429,1.0,nan,alarm
medium_medium,neither,90070,False,False,,1.0,0.0,,0.0,76,False,nan,nan,alarm,persistent,0.11465545743703842,1.0,nan,alarm,persistent,0.09685062617063522,1.0,nan,alarm,persistent,0.08443999290466309,1.0,nan,alarm,persistent,0.09200775623321533,1.0,nan,alarm
medium_medium,neither,90071,False,False,,1.0,0.0,,0.0,77,False,nan,nan,alarm,persistent,0.13443371653556824,1.0,nan,alarm,persistent,0.11418728530406952,1.0,nan,alarm,persistent,0.09831812232732773,1.0,nan,alarm,persistent,0.08486968278884888,1.0,nan,alarm
medium_medium,neither,90072,False,False,,1.0,0.0,,0.0,70,False,nan,nan,alarm,persistent,0.11784961074590683,1.0,nan,alarm,persistent,0.09636406600475311,1.0,nan,alarm,persistent,0.08710724115371704,1.0,nan,alarm,persistent,0.0861835926771164,1.0,nan,alarm
medium_medium,neither,90073,False,False,,1.0,0.0,,0.0,80,False,nan,nan,alarm,persistent,0.12154368311166763,1.0,nan,alarm,persistent,0.10502511262893677,1.0,nan,alarm,persistent,0.0945071205496788,1.0,nan,alarm,persistent,0.09542644023895264,1.0,nan,alarm
medium_medium,neither,90074,False,False,,1.0,0.0,,0.0,67,False,nan,nan,alarm,persistent,0.13966189324855804,1.0,nan,alarm,persistent,0.11710717529058456,1.0,nan,alarm,persistent,0.10212574154138565,1.0,nan,alarm,persistent,0.08470208942890167,1.0,nan,alarm
medium_medium,neither,90075,False,False,,1.0,0.0,,0.0,71,False,nan,nan,alarm,persistent,0.09237794578075409,1.0,nan,alarm,persistent,0.08359755575656891,1.0,nan,alarm,persistent,0.0862841010093689,1.0,nan,alarm,persistent,0.087154820561409,1.0,nan,alarm
medium_medium,neither,90076,False,False,,1.0,0.0,,0.0,75,False,nan,nan,alarm,persistent,0.11151822656393051,1.0,nan,alarm,persistent,0.09597072750329971,1.0,nan,alarm,persistent,0.0867270976305008,1.0,nan,alarm,persistent,0.09604710340499878,1.0,nan,alarm
medium_medium,neither,90077,False,False,,1.0,0.0,,0.0,63,False,nan,nan,alarm,persistent,0.12147156894207001,1.0,nan,alarm,persistent,0.095750592648983,1.0,nan,alarm,persistent,0.09456074982881546,1.0,nan,alarm,persistent,0.09556686878204346,1.0,nan,alarm
medium_medium,neither,90078,False,False,,1.0,0.0,,0.0,63,False,nan,nan,alarm,persistent,0.10012103617191315,1.0,nan,alarm,persistent,0.08693334460258484,1.0,nan,alarm,persistent,0.09068385511636734,1.0,nan,alarm,persistent,0.07227213680744171,1.0,nan,alarm
medium_medium,neither,90079,False,False,,1.0,0.0,,0.0,64,False,nan,nan,alarm,persistent,0.11712296307086945,1.0,nan,alarm,persistent,0.09659014642238617,1.0,nan,alarm,persistent,0.09502971172332764,1.0,nan,alarm,persistent,0.08494219928979874,1.0,nan,alarm
medium_medium,neither,90080,False,False,,1.0,0.0,,0.0,78,False,nan,nan,alarm,persistent,0.11802518367767334,1.0,nan,alarm,persistent,0.09920849651098251,1.0,nan,alarm,persistent,0.09178853034973145,1.0,nan,alarm,persistent,0.08012302219867706,1.0,nan,alarm
medium_medium,neither,90081,False,False,,1.0,0.0,,0.0,79,False,nan,nan,alarm,persistent,0.10321412235498428,1.0,nan,alarm,persistent,0.10187846422195435,1.0,nan,alarm,persistent,0.10934191942214966,1.0,nan,alarm,persistent,0.09755654633045197,1.0,nan,alarm
medium_medium,neither,90082,False,False,,1.0,0.0,,0.0,76,False,nan,nan,alarm,persistent,0.11808554828166962,1.0,nan,alarm,persistent,0.10177930444478989,1.0,nan,alarm,persistent,0.09169764816761017,1.0,nan,alarm,persistent,0.09391507506370544,1.0,nan,alarm
medium_medium,neither,90083,False,False,,1.0,0.0,,0.0,74,False,nan,nan,alarm,persistent,0.10994937270879745,1.0,nan,alarm,persistent,0.09833960235118866,1.0,nan,alarm,persistent,0.08931832015514374,1.0,nan,alarm,persistent,0.09181535243988037,1.0,nan,alarm
medium_medium,neither,90084,False,False,,1.0,0.0,,0.0,73,False,nan,nan,alarm,persistent,0.11852140724658966,1.0,nan,alarm,persistent,0.10500209033489227,1.0,nan,alarm,persistent,0.08973629027605057,1.0,nan,alarm,persistent,0.09110070019960403,1.0,nan,alarm
medium_medium,neither,90085,False,False,,1.0,0.0,,0.0,72,False,nan,nan,alarm,persistent,0.11358314752578735,1.0,nan,alarm,persistent,0.08288849890232086,1.0,nan,alarm,persistent,0.08758245408535004,1.0,nan,alarm,persistent,0.09035088866949081,1.0,nan,alarm
medium_medium,neither,90086,False,False,,1.0,0.0,,0.0,63,False,nan,nan,alarm,persistent,0.10985440015792847,1.0,nan,alarm,persistent,0.08889146149158478,1.0,nan,alarm,persistent,0.08445623517036438,1.0,nan,alarm,persistent,0.07957027852535248,1.0,nan,alarm
medium_medium,neither,90087,False,False,,1.0,0.0,,0.0,66,False,nan,nan,alarm,persistent,0.09224720299243927,1.0,nan,alarm,persistent,0.08176935464143753,1.0,nan,alarm,persistent,0.08192282170057297,1.0,nan,alarm,persistent,0.07183001190423965,1.0,nan,alarm
medium_medium,neither,90088,False,False,,1.0,0.0,,0.0,75,False,nan,nan,alarm,persistent,0.10991588979959488,1.0,nan,alarm,persistent,0.08828892558813095,1.0,nan,alarm,persistent,0.08612488955259323,1.0,nan,alarm,persistent,0.0770808756351471,1.0,nan,alarm
medium_medium,neither,90089,False,False,,1.0,0.0,,0.0,62,False,nan,nan,alarm,persistent,0.10777852684259415,1.0,nan,alarm,persistent,0.10498146712779999,1.0,nan,alarm,persistent,0.09162375330924988,1.0,nan,alarm,persistent,0.09109444171190262,1.0,nan,alarm
medium_medium,neither,90090,False,False,,1.0,0.0,,0.0,68,False,nan,nan,alarm,persistent,0.12068165838718414,1.0,nan,alarm,persistent,0.10189809650182724,1.0,nan,alarm,persistent,0.09516756981611252,1.0,nan,alarm,persistent,0.0801035538315773,1.0,nan,alarm
medium_medium,neither,90091,False,False,,1.0,0.0,,0.0,77,False,nan,nan,alarm,persistent,0.1058276891708374,1.0,nan,alarm,persistent,0.09800850600004196,1.0,nan,alarm,persistent,0.10217082500457764,1.0,nan,alarm,persistent,0.0936039388179779,1.0,nan,alarm
medium_medium,neither,90092,False,False,,1.0,0.0,,0.0,68,False,nan,nan,alarm,persistent,0.11300642788410187,1.0,nan,alarm,persistent,0.09508422762155533,1.0,nan,alarm,persistent,0.08969935774803162,1.0,nan,alarm,persistent,0.09147491306066513,1.0,nan,alarm
medium_medium,neither,90093,False,False,,1.0,0.0,,0.0,64,False,nan,nan,alarm,persistent,0.10997737944126129,1.0,nan,alarm,persistent,0.09410160034894943,1.0,nan,alarm,persistent,0.0934915542602539,1.0,nan,alarm,persistent,0.08859442174434662,1.0,nan,alarm
medium_medium,neither,90094,False,False,,1.0,0.0,,0.0,69,False,nan,nan,alarm,persistent,0.11324671655893326,1.0,nan,alarm,persistent,0.09089161455631256,1.0,nan,alarm,persistent,0.09241217374801636,1.0,nan,alarm,persistent,0.08215691149234772,1.0,nan,alarm
medium_medium,neither,90095,False,False,,1.0,0.0,,0.0,61,False,nan,nan,alarm,persistent,0.12495812028646469,1.0,nan,alarm,persistent,0.09614215791225433,1.0,nan,alarm,persistent,0.09335467219352722,1.0,nan,alarm,persistent,0.07742537558078766,1.0,nan,alarm
medium_medium,neither,90096,False,False,,1.0,0.0,,0.0,62,False,nan,nan,alarm,persistent,0.10920087993144989,1.0,nan,alarm,persistent,0.09480158984661102,1.0,nan,alarm,persistent,0.09841446578502655,1.0,nan,alarm,persistent,0.09670304507017136,1.0,nan,alarm
medium_medium,neither,90097,False,False,,1.0,0.0,,0.0,61,False,nan,nan,alarm,persistent,0.12669594585895538,1.0,nan,alarm,persistent,0.09782401472330093,1.0,nan,alarm,persistent,0.09509778022766113,1.0,nan,alarm,persistent,0.08993501961231232,1.0,nan,alarm
medium_medium,neither,90098,False,False,,1.0,0.0,,0.0,70,False,nan,nan,alarm,persistent,0.13366930186748505,1.0,nan,alarm,persistent,0.1110442504286766,1.0,nan,alarm,persistent,0.09286116063594818,1.0,nan,alarm,persistent,0.10184665024280548,1.0,nan,alarm
medium_medium,neither,90099,False,False,,1.0,0.0,,0.0,79,False,nan,nan,alarm,persistent,0.12382606416940689,1.0,nan,alarm,persistent,0.10514207184314728,1.0,nan,alarm,persistent,0.1111883744597435,1.0,nan,alarm,persistent,0.10108651965856552,1.0,nan,alarm
medium_medium,neither,90100,False,False,,1.0,0.0,,0.0,62,False,nan,nan,alarm,persistent,0.08395885676145554,1.0,nan,alarm,persistent,0.07716242969036102,1.0,nan,alarm,persistent,0.07193820923566818,1.0,nan,alarm,persistent,0.08077780902385712,1.0,nan,alarm
medium_medium,neither,90101,False,False,,1.0,0.0,,0.0,62,False,nan,nan,alarm,persistent,0.11265192180871964,1.0,nan,alarm,persistent,0.10094849020242691,1.0,nan,alarm,persistent,0.08925915509462357,1.0,nan,alarm,persistent,0.09479053318500519,1.0,nan,alarm
medium_medium,neither,90102,False,False,,1.0,0.0,,0.0,63,False,nan,nan,alarm,persistent,0.12370774894952774,1.0,nan,alarm,persistent,0.10385657846927643,1.0,nan,alarm,persistent,0.09680180251598358,1.0,nan,alarm,persistent,0.10390164703130722,1.0,nan,alarm
medium_medium,neither,90103,False,False,,1.0,0.0,,0.0,62,False,nan,nan,alarm,persistent,0.12963205575942993,1.0,nan,alarm,persistent,0.10546819120645523,1.0,nan,alarm,persistent,0.09910224378108978,1.0,nan,alarm,persistent,0.09525497257709503,1.0,nan,alarm
medium_medium,neither,90104,False,False,,1.0,0.0,,0.0,72,False,nan,nan,alarm,persistent,0.12217144668102264,1.0,nan,alarm,persistent,0.10016125440597534,1.0,nan,alarm,persistent,0.11213437467813492,1.0,nan,alarm,persistent,0.09190648794174194,1.0,nan,alarm
medium_medium,neither,90105,False,False,,1.0,0.0,,0.0,74,False,nan,nan,alarm,persistent,0.12760962545871735,1.0,nan,alarm,persistent,0.1047966480255127,1.0,nan,alarm,persistent,0.09839089214801788,1.0,nan,alarm,persistent,0.09860044717788696,1.0,nan,alarm
medium_medium,neither,90106,False,False,,1.0,0.0,,0.0,79,False,nan,nan,alarm,persistent,0.11690578609704971,1.0,nan,alarm,persistent,0.10039307922124863,1.0,nan,alarm,persistent,0.09576079994440079,1.0,nan,alarm,persistent,0.09770336747169495,1.0,nan,alarm
medium_medium,neither,90107,False,False,,1.0,0.0,,0.0,79,False,nan,nan,alarm,persistent,0.0961507111787796,1.0,nan,alarm,persistent,0.08728444576263428,1.0,nan,alarm,persistent,0.07602468132972717,1.0,nan,alarm,persistent,0.07338771969079971,1.0,nan,alarm
medium_medium,neither,90108,False,False,,1.0,0.0,,0.0,64,False,nan,nan,alarm,persistent,0.12526260316371918,1.0,nan,alarm,persistent,0.10698246955871582,1.0,nan,alarm,persistent,0.08963151276111603,1.0,nan,alarm,persistent,0.0863633006811142,1.0,nan,alarm
medium_medium,neither,90109,False,False,,1.0,0.0,,0.0,66,False,nan,nan,alarm,persistent,0.10772807896137238,1.0,nan,alarm,persistent,0.0891682356595993,1.0,nan,alarm,persistent,0.0833858847618103,1.0,nan,alarm,persistent,0.07975973933935165,1.0,nan,alarm
medium_medium,neither,90110,False,False,,1.0,0.0,,0.0,60,False,nan,nan,alarm,persistent,0.11265607178211212,1.0,nan,alarm,persistent,0.09835626929998398,1.0,nan,alarm,persistent,0.0971779078245163,1.0,nan,alarm,persistent,0.09974132478237152,1.0,nan,alarm
medium_medium,neither,90111,False,False,,1.0,0.0,,0.0,76,False,nan,nan,alarm,persistent,0.10648630559444427,1.0,nan,alarm,persistent,0.09898997843265533,1.0,nan,alarm,persistent,0.08653531968593597,1.0,nan,alarm,persistent,0.07873658090829849,1.0,nan,alarm
medium_medium,neither,90112,False,False,,1.0,0.0,,0.0,69,False,nan,nan,alarm,persistent,0.134912371635437,1.0,nan,alarm,persistent,0.10818825662136078,1.0,nan,alarm,persistent,0.0959487110376358,1.0,nan,alarm,persistent,0.08602975308895111,1.0,nan,alarm
medium_medium,neither,90113,False,False,,1.0,0.0,,0.0,60,False,nan,nan,alarm,persistent,0.12051089853048325,1.0,nan,alarm,persistent,0.10100878775119781,1.0,nan,alarm,persistent,0.10830388218164444,1.0,nan,alarm,persistent,0.09181728959083557,1.0,nan,alarm
medium_medium,neither,90114,False,False,,1.0,0.0,,0.0,65,False,nan,nan,alarm,persistent,0.11564278602600098,1.0,nan,alarm,persistent,0.09408155828714371,1.0,nan,alarm,persistent,0.08575810492038727,1.0,nan,alarm,persistent,0.08588151633739471,1.0,nan,alarm
medium_medium,neither,90115,False,False,,1.0,0.0,,0.0,77,False,nan,nan,alarm,persistent,0.10349895060062408,1.0,nan,alarm,persistent,0.07896528393030167,1.0,nan,alarm,persistent,0.07781480252742767,1.0,nan,alarm,persistent,0.0737045407295227,1.0,nan,alarm
medium_medium,neither,90116,False,False,,1.0,0.0,,0.0,75,False,nan,nan,alarm,persistent,0.12928062677383423,1.0,nan,alarm,persistent,0.10313758999109268,1.0,nan,alarm,persistent,0.1024615541100502,1.0,nan,alarm,persistent,0.09729890525341034,1.0,nan,alarm
medium_medium,neither,90117,False,False,,1.0,0.0,,0.0,79,False,nan,nan,alarm,persistent,0.11245723068714142,1.0,nan,alarm,persistent,0.09743662178516388,1.0,nan,alarm,persistent,0.09645011276006699,1.0,nan,alarm,persistent,0.0995965525507927,1.0,nan,alarm
medium_medium,neither,90118,False,False,,1.0,0.0,,0.0,68,False,nan,nan,alarm,persistent,0.114559605717659,1.0,nan,alarm,persistent,0.1012016087770462,1.0,nan,alarm,persistent,0.09196971356868744,1.0,nan,alarm,persistent,0.09175112843513489,1.0,nan,alarm
medium_medium,neither,90119,False,False,,1.0,0.0,,0.0,69,False,nan,nan,alarm,persistent,0.13013987243175507,1.0,nan,alarm,persistent,0.09686128795146942,1.0,nan,alarm,persistent,0.0993632897734642,1.0,nan,alarm,persistent,0.0909389778971672,1.0,nan,alarm
medium_medium,body_only,90120,True,False,m,1.5891995503048728,0.0,,0.0,74,False,nan,nan,alarm,persistent,0.08751587569713593,1.0,nan,alarm,persistent,0.08067966997623444,1.0,nan,alarm,persistent,0.0953051894903183,1.0,nan,alarm,persistent,0.08244552463293076,1.0,nan,alarm
medium_medium,body_only,90121,True,False,l,1.4812383451425903,0.0,,0.0,60,False,nan,nan,alarm,persistent,0.11391627788543701,1.0,nan,alarm,persistent,0.10370184481143951,1.0,nan,alarm,persistent,0.09962037950754166,1.0,nan,alarm,persistent,0.08811628073453903,1.0,nan,alarm
medium_medium,body_only,90122,True,False,m,1.577333311441059,0.0,,0.0,60,False,nan,nan,alarm,persistent,0.1093520075082779,1.0,nan,alarm,persistent,0.09619028121232986,1.0,nan,alarm,persistent,0.08850868046283722,1.0,nan,alarm,persistent,0.08962740004062653,1.0,nan,alarm
medium_medium,body_only,90123,True,False,l,1.2659873041674827,0.0,,0.0,78,False,nan,nan,alarm,persistent,0.11031518876552582,1.0,nan,alarm,persistent,0.0989561527967453,1.0,nan,alarm,persistent,0.08536094427108765,1.0,nan,alarm,persistent,0.09708748757839203,1.0,nan,alarm
medium_medium,body_only,90124,True,False,m,1.4143549642821072,0.0,,0.0,79,False,nan,nan,alarm,persistent,0.1149454116821289,1.0,nan,alarm,persistent,0.10241137444972992,1.0,nan,alarm,persistent,0.09754399210214615,1.0,nan,alarm,persistent,0.08716915547847748,1.0,nan,alarm
medium_medium,body_only,90125,True,False,l,1.4086180240535773,0.0,,0.0,63,False,nan,nan,alarm,persistent,0.1133577823638916,1.0,nan,alarm,persistent,0.11323215812444687,1.0,nan,alarm,persistent,0.10958631336688995,1.0,nan,alarm,persistent,0.08678846061229706,1.0,nan,alarm
medium_medium,body_only,90126,True,False,m,1.6448408546174003,0.0,,0.0,68,False,nan,nan,alarm,persistent,0.10794844478368759,1.0,nan,alarm,persistent,0.07895830273628235,1.0,nan,alarm,persistent,0.09545011818408966,1.0,nan,alarm,persistent,0.0979587584733963,1.0,nan,alarm
medium_medium,body_only,90127,True,False,l,1.4986137896780058,0.0,,0.0,61,False,nan,nan,alarm,persistent,0.11537934839725494,1.0,nan,alarm,persistent,0.10007896274328232,1.0,nan,alarm,persistent,0.0983874499797821,1.0,nan,alarm,persistent,0.10194971412420273,1.0,nan,alarm
medium_medium,body_only,90128,True,False,m,1.416558817025714,0.0,,0.0,64,False,nan,nan,alarm,persistent,0.094724640250206,1.0,nan,alarm,persistent,0.0856328085064888,1.0,nan,alarm,persistent,0.08130203932523727,1.0,nan,alarm,persistent,0.07836955040693283,1.0,nan,alarm
medium_medium,body_only,90129,True,False,l,1.38378853736242,0.0,,0.0,68,False,nan,nan,alarm,persistent,0.10537505149841309,1.0,nan,alarm,persistent,0.09679968655109406,1.0,nan,alarm,persistent,0.08208342641592026,1.0,nan,alarm,persistent,0.1067371517419815,1.0,nan,alarm
medium_medium,body_only,90130,True,False,m,1.4756383192437175,0.0,,0.0,71,False,nan,nan,alarm,persistent,0.11481863260269165,1.0,nan,alarm,persistent,0.11324997991323471,1.0,nan,alarm,persistent,0.09751030057668686,1.0,nan,alarm,persistent,0.09838102757930756,1.0,nan,alarm
medium_medium,body_only,90131,True,False,l,1.3606013397692742,0.0,,0.0,80,False,nan,nan,alarm,persistent,0.11340496689081192,1.0,nan,alarm,persistent,0.0964977964758873,1.0,nan,alarm,persistent,0.09891999512910843,1.0,nan,alarm,persistent,0.08446202427148819,1.0,nan,alarm
medium_medium,body_only,90132,True,False,m,1.3052923183294922,0.0,,0.0,64,False,nan,nan,alarm,persistent,0.12049873918294907,1.0,nan,alarm,persistent,0.10319838672876358,1.0,nan,alarm,persistent,0.09403587877750397,1.0,nan,alarm,persistent,0.09556344151496887,1.0,nan,alarm
medium_medium,body_only,90133,True,False,l,1.3207448067237653,0.0,,0.0,67,False,nan,nan,alarm,persistent,0.11784617602825165,1.0,nan,alarm,persistent,0.10465683788061142,1.0,nan,alarm,persistent,0.09239275008440018,1.0,nan,alarm,persistent,0.09334219247102737,1.0,nan,alarm
medium_medium,body_only,90134,True,False,m,1.4561368550822151,0.0,,0.0,64,False,nan,nan,alarm,persistent,0.12966172397136688,1.0,nan,alarm,persistent,0.10733232647180557,1.0,nan,alarm,persistent,0.09370657056570053,1.0,nan,alarm,persistent,0.0852627232670784,1.0,nan,alarm
medium_medium,body_only,90135,True,False,l,1.4036352699808552,0.0,,0.0,79,False,nan,nan,alarm,persistent,0.09881176054477692,1.0,nan,alarm,persistent,0.08400191366672516,1.0,nan,alarm,persistent,0.0747174322605133,1.0,nan,alarm,persistent,0.07950981706380844,1.0,nan,alarm
medium_medium,body_only,90136,True,False,m,1.3752498406372067,0.0,,0.0,68,False,nan,nan,alarm,persistent,0.10483503341674805,1.0,nan,alarm,persistent,0.10222212225198746,1.0,nan,alarm,persistent,0.0903732031583786,1.0,nan,alarm,persistent,0.09354539960622787,1.0,nan,alarm
medium_medium,body_only,90137,True,False,l,1.3180944856558197,0.0,,0.0,66,False,nan,nan,alarm,persistent,0.11072216928005219,1.0,nan,alarm,persistent,0.08711832016706467,1.0,nan,alarm,persistent,0.08312603086233139,1.0,nan,alarm,persistent,0.08232013136148453,1.0,nan,alarm
medium_medium,body_only,90138,True,False,m,1.3737292058898571,0.0,,0.0,76,False,nan,nan,alarm,persistent,0.12935572862625122,1.0,nan,alarm,persistent,0.10415428876876831,1.0,nan,alarm,persistent,0.09743301570415497,1.0,nan,alarm,persistent,0.09486977010965347,1.0,nan,alarm
medium_medium,body_only,90139,True,False,l,1.2231365368057392,0.0,,0.0,78,False,nan,nan,alarm,persistent,0.10445113480091095,1.0,nan,alarm,persistent,0.086937315762043,1.0,nan,alarm,persistent,0.08940422534942627,1.0,nan,alarm,persistent,0.08637701719999313,1.0,nan,alarm
medium_medium,body_only,90140,True,False,m,1.5903123576273737,0.0,,0.0,77,False,nan,nan,alarm,persistent,0.1007964238524437,1.0,nan,alarm,persistent,0.09499969333410263,1.0,nan,alarm,persistent,0.10404497385025024,1.0,nan,alarm,persistent,0.09430532157421112,1.0,nan,alarm
medium_medium,body_only,90141,True,False,l,1.3983126255738383,0.0,,0.0,68,False,nan,nan,alarm,persistent,0.11885156482458115,1.0,nan,alarm,persistent,0.10652591288089752,1.0,nan,alarm,persistent,0.08908803761005402,1.0,nan,alarm,persistent,0.09996943175792694,1.0,nan,alarm
medium_medium,body_only,90142,True,False,m,1.5588960124158446,0.0,,0.0,77,False,nan,nan,alarm,persistent,0.1082155853509903,1.0,nan,alarm,persistent,0.09634341299533844,1.0,nan,alarm,persistent,0.10875626653432846,1.0,nan,alarm,persistent,0.08289895951747894,1.0,nan,alarm
medium_medium,body_only,90143,True,False,l,1.3381767659159343,0.0,,0.0,76,False,nan,nan,alarm,persistent,0.08198802173137665,1.0,nan,alarm,persistent,0.0758868008852005,1.0,nan,alarm,persistent,0.08143029361963272,1.0,nan,alarm,persistent,0.09332762658596039,1.0,nan,alarm
medium_medium,body_only,90144,True,False,m,1.4340779419258376,0.0,,0.0,78,False,nan,nan,alarm,persistent,0.10125458240509033,1.0,nan,alarm,persistent,0.09796705842018127,1.0,nan,alarm,persistent,0.09412838518619537,1.0,nan,alarm,persistent,0.0899449810385704,1.0,nan,alarm
medium_medium,body_only,90145,True,False,l,1.3732457116762027,0.0,,0.0,79,False,nan,nan,alarm,persistent,0.10825251042842865,1.0,nan,alarm,persistent,0.10202439874410629,1.0,nan,alarm,persistent,0.08860675245523453,1.0,nan,alarm,persistent,0.09958929568529129,1.0,nan,alarm
medium_medium,body_only,90146,True,False,m,1.4659264726975494,0.0,,0.0,73,False,nan,nan,alarm,persistent,0.11813269555568695,1.0,nan,alarm,persistent,0.0922183096408844,1.0,nan,alarm,persistent,0.09121445566415787,1.0,nan,alarm,persistent,0.08164390176534653,1.0,nan,alarm
medium_medium,body_only,90147,True,False,l,1.3697174281168265,0.0,,0.0,61,False,nan,nan,alarm,persistent,0.10873289406299591,1.0,nan,alarm,persistent,0.08963442593812943,1.0,nan,alarm,persistent,0.08708281815052032,1.0,nan,alarm,persistent,0.07382364571094513,1.0,nan,alarm
medium_medium,body_only,90148,True,False,m,1.3038571531689942,0.0,,0.0,77,False,nan,nan,alarm,persistent,0.11885713040828705,1.0,nan,alarm,persistent,0.10471570491790771,1.0,nan,alarm,persistent,0.08941758424043655,1.0,nan,alarm,persistent,0.09132297337055206,1.0,nan,alarm
medium_medium,body_only,90149,True,False,l,1.2823864181574816,0.0,,0.0,69,False,nan,nan,alarm,persistent,0.12497399747371674,1.0,nan,alarm,persistent,0.09584680199623108,1.0,nan,alarm,persistent,0.09398271888494492,1.0,nan,alarm,persistent,0.09266255050897598,1.0,nan,alarm
medium_medium,body_only,90150,True,False,m,1.371260065573264,0.0,,0.0,77,False,nan,nan,alarm,persistent,0.09756437689065933,1.0,nan,alarm,persistent,0.0925804078578949,1.0,nan,alarm,persistent,0.09014259278774261,1.0,nan,alarm,persistent,0.08288101851940155,1.0,nan,alarm
medium_medium,body_only,90151,True,False,l,1.2751118713228489,0.0,,0.0,67,False,nan,nan,alarm,persistent,0.1082298532128334,1.0,nan,alarm,persistent,0.09890662133693695,1.0,nan,alarm,persistent,0.11096586287021637,1.0,nan,alarm,persistent,0.09695687890052795,1.0,nan,alarm
medium_medium,body_only,90152,True,False,m,1.3717293620024857,0.0,,0.0,77,False,nan,nan,alarm,persistent,0.10613878816366196,1.0,nan,alarm,persistent,0.08478053659200668,1.0,nan,alarm,persistent,0.08075200021266937,1.0,nan,alarm,persistent,0.09241782128810883,1.0,nan,alarm
medium_medium,body_only,90153,True,False,l,1.3777582765834164,0.0,,0.0,63,False,nan,nan,alarm,persistent,0.10691714286804199,1.0,nan,alarm,persistent,0.09877660870552063,1.0,nan,alarm,persistent,0.09387712925672531,1.0,nan,alarm,persistent,0.09262047708034515,1.0,nan,alarm
medium_medium,body_only,90154,True,False,m,1.3240528558094946,0.0,,0.0,61,False,nan,nan,alarm,persistent,0.12302601337432861,1.0,nan,alarm,persistent,0.11647635698318481,1.0,nan,alarm,persistent,0.11084800958633423,1.0,nan,alarm,persistent,0.08867332339286804,1.0,nan,alarm
medium_medium,body_only,90155,True,False,l,1.2616156540457863,0.0,,0.0,75,False,nan,nan,alarm,persistent,0.09504184871912003,1.0,nan,alarm,persistent,0.08813019841909409,1.0,nan,alarm,persistent,0.0873214453458786,1.0,nan,alarm,persistent,0.08913646638393402,1.0,nan,alarm
medium_medium,body_only,90156,True,False,m,1.53054519222226,0.0,,0.0,80,False,nan,nan,alarm,persistent,0.10291805118322372,1.0,nan,alarm,persistent,0.08935245871543884,1.0,nan,alarm,persistent,0.10216768831014633,1.0,nan,alarm,persistent,0.10818378627300262,1.0,nan,alarm
medium_medium,body_only,90157,True,False,l,1.488929027680533,0.0,,0.0,67,False,nan,nan,alarm,persistent,0.11501578986644745,1.0,nan,alarm,persistent,0.10428653657436371,1.0,nan,alarm,persistent,0.09664887189865112,1.0,nan,alarm,persistent,0.08947820216417313,1.0,nan,alarm
medium_medium,body_only,90158,True,False,m,1.4010988441285952,0.0,,0.0,76,False,nan,nan,alarm,persistent,0.11462859064340591,1.0,nan,alarm,persistent,0.08532799780368805,1.0,nan,alarm,persistent,0.07943398505449295,1.0,nan,alarm,persistent,0.08087185770273209,1.0,nan,alarm
medium_medium,body_only,90159,True,False,l,1.3983826888544335,0.0,,0.0,76,False,nan,nan,alarm,persistent,0.1063767671585083,1.0,nan,alarm,persistent,0.09848000854253769,1.0,nan,alarm,persistent,0.08840858936309814,1.0,nan,alarm,persistent,0.101024329662323,1.0,nan,alarm
medium_medium,body_only,90160,True,False,m,1.6346395142175347,0.0,,0.0,78,False,nan,nan,alarm,persistent,0.10016647726297379,1.0,nan,alarm,persistent,0.07386288791894913,1.0,nan,alarm,persistent,0.08202533423900604,1.0,nan,alarm,persistent,0.08543368428945541,1.0,nan,alarm
medium_medium,body_only,90161,True,False,l,1.4627355647267428,0.0,,0.0,75,False,nan,nan,alarm,persistent,0.11537144333124161,1.0,nan,alarm,persistent,0.09768933057785034,1.0,nan,alarm,persistent,0.08938616514205933,1.0,nan,alarm,persistent,0.0888819620013237,1.0,nan,alarm
medium_medium,body_only,90162,True,False,m,1.3110427449584228,0.0,,0.0,70,False,nan,nan,alarm,persistent,0.10161878168582916,1.0,nan,alarm,persistent,0.08422809094190598,1.0,nan,alarm,persistent,0.08272348344326019,1.0,nan,alarm,persistent,0.08987046033143997,1.0,nan,alarm
medium_medium,body_only,90163,True,False,l,1.4308898612160117,0.0,,0.0,78,False,nan,nan,alarm,persistent,0.11930600553750992,1.0,nan,alarm,persistent,0.09946894645690918,1.0,nan,alarm,persistent,0.08595490455627441,1.0,nan,alarm,persistent,0.0918751209974289,1.0,nan,alarm
medium_medium,body_only,90164,True,False,m,1.439856144676443,0.0,,0.0,68,False,nan,nan,alarm,persistent,0.10656636953353882,1.0,nan,alarm,persistent,0.08805788308382034,1.0,nan,alarm,persistent,0.08587408065795898,1.0,nan,alarm,persistent,0.08124968409538269,1.0,nan,alarm
medium_medium,body_only,90165,True,False,l,1.2997648895781109,0.0,,0.0,62,False,nan,nan,alarm,persistent,0.12059278786182404,1.0,nan,alarm,persistent,0.11490025371313095,1.0,nan,alarm,persistent,0.10228736698627472,1.0,nan,alarm,persistent,0.11591207981109619,1.0,nan,alarm
medium_medium,body_only,90166,True,False,m,1.679679815459025,0.0,,0.0,64,False,nan,nan,alarm,persistent,0.10166559368371964,1.0,nan,alarm,persistent,0.09206169843673706,1.0,nan,alarm,persistent,0.09059186279773712,1.0,nan,alarm,persistent,0.09948571026325226,1.0,nan,alarm
medium_medium,body_only,90167,True,False,l,1.3590101711106688,0.0,,0.0,72,False,nan,nan,alarm,persistent,0.1072339192032814,1.0,nan,alarm,persistent,0.08972590416669846,1.0,nan,alarm,persistent,0.0859336405992508,1.0,nan,alarm,persistent,0.09790422022342682,1.0,nan,alarm
medium_medium,body_only,90168,True,False,m,1.6457533914678304,0.0,,0.0,77,False,nan,nan,alarm,persistent,0.12680979073047638,1.0,nan,alarm,persistent,0.10313399136066437,1.0,nan,alarm,persistent,0.09561146795749664,1.0,nan,alarm,persistent,0.09794730693101883,1.0,nan,alarm
medium_medium,body_only,90169,True,False,l,1.372684860076075,0.0,,0.0,63,False,nan,nan,alarm,persistent,0.1123342290520668,1.0,nan,alarm,persistent,0.09567814320325851,1.0,nan,alarm,persistent,0.10629524290561676,1.0,nan,alarm,persistent,0.0964244157075882,1.0,nan,alarm
medium_medium,body_only,90170,True,False,m,1.5110806219967274,0.0,,0.0,77,False,nan,nan,alarm,persistent,0.11729048192501068,1.0,nan,alarm,persistent,0.09555445611476898,1.0,nan,alarm,persistent,0.08960976451635361,1.0,nan,alarm,persistent,0.08795236051082611,1.0,nan,alarm
medium_medium,body_only,90171,True,False,l,1.3393346079674444,0.0,,0.0,80,False,nan,nan,alarm,persistent,0.09603331238031387,1.0,nan,alarm,persistent,0.09279853105545044,1.0,nan,alarm,persistent,0.08022665977478027,1.0,nan,alarm,persistent,0.08035516738891602,1.0,nan,alarm
medium_medium,body_only,90172,True,False,m,1.5992541406103382,0.0,,0.0,69,False,nan,nan,alarm,persistent,0.08397689461708069,1.0,nan,alarm,persistent,0.08076156675815582,1.0,nan,alarm,persistent,0.08127881586551666,1.0,nan,alarm,persistent,0.08793523162603378,1.0,nan,alarm
medium_medium,body_only,90173,True,False,l,1.2909310796297793,0.0,,0.0,74,False,nan,nan,alarm,persistent,0.10602764785289764,1.0,nan,alarm,persistent,0.08514683693647385,1.0,nan,alarm,persistent,0.0896841362118721,1.0,nan,alarm,persistent,0.08573151379823685,1.0,nan,alarm
medium_medium,body_only,90174,True,False,m,1.4992846063269814,0.0,,0.0,60,False,nan,nan,alarm,persistent,0.09657386690378189,1.0,nan,alarm,persistent,0.07966538518667221,1.0,nan,alarm,persistent,0.07825970649719238,1.0,nan,alarm,persistent,0.08134585618972778,1.0,nan,alarm
medium_medium,body_only,90175,True,False,l,1.375063495490151,0.0,,0.0,67,False,nan,nan,alarm,persistent,0.11221925169229507,1.0,nan,alarm,persistent,0.10600315034389496,1.0,nan,alarm,persistent,0.10579059273004532,1.0,nan,alarm,persistent,0.10512174665927887,1.0,nan,alarm
medium_medium,body_only,90176,True,False,m,1.3570155774731387,0.0,,0.0,71,False,nan,nan,alarm,persistent,0.1267041265964508,1.0,nan,alarm,persistent,0.09536641091108322,1.0,nan,alarm,persistent,0.08892019093036652,1.0,nan,alarm,persistent,0.09171020984649658,1.0,nan,alarm
medium_medium,body_only,90177,True,False,l,1.2641200458110455,0.0,,0.0,62,False,nan,nan,alarm,persistent,0.11126784235239029,1.0,nan,alarm,persistent,0.09158230572938919,1.0,nan,alarm,persistent,0.08863768726587296,1.0,nan,alarm,persistent,0.08253210783004761,1.0,nan,alarm
medium_medium,body_only,90178,True,False,m,1.5240608064758356,0.0,,0.0,68,False,nan,nan,alarm,persistent,0.11445410549640656,1.0,nan,alarm,persistent,0.09772580862045288,1.0,nan,alarm,persistent,0.10257593542337418,1.0,nan,alarm,persistent,0.09838445484638214,1.0,nan,alarm
medium_medium,body_only,90179,True,False,l,1.4207768660969622,0.0,,0.0,63,False,nan,nan,alarm,persistent,0.11755923181772232,1.0,nan,alarm,persistent,0.09657710045576096,1.0,nan,alarm,persistent,0.0817609652876854,1.0,nan,alarm,persistent,0.08411547541618347,1.0,nan,alarm
medium_medium,body_only,90180,True,False,m,1.6834084531201725,0.0,,0.0,70,False,nan,nan,alarm,persistent,0.101871058344841,1.0,nan,alarm,persistent,0.08559072017669678,1.0,nan,alarm,persistent,0.07476258277893066,1.0,nan,alarm,persistent,0.08473732322454453,1.0,nan,alarm
medium_medium,body_only,90181,True,False,l,1.3164236438723707,0.0,,0.0,75,False,nan,nan,alarm,persistent,0.10051999241113663,1.0,nan,alarm,persistent,0.09166915714740753,1.0,nan,alarm,persistent,0.09267162531614304,1.0,nan,alarm,persistent,0.0874498188495636,1.0,nan,alarm
medium_medium,body_only,90182,True,False,m,1.3450601064988406,0.0,,0.0,60,False,nan,nan,alarm,persistent,0.09546894580125809,1.0,nan,alarm,persistent,0.09149160981178284,1.0,nan,alarm,persistent,0.0742538645863533,1.0,nan,alarm,persistent,0.07528160512447357,1.0,nan,alarm
medium_medium,body_only,90183,True,False,l,1.3429357517410216,0.0,,0.0,67,False,nan,nan,alarm,persistent,0.11028242111206055,1.0,nan,alarm,persistent,0.09475972503423691,1.0,nan,alarm,persistent,0.09615294635295868,1.0,nan,alarm,persistent,0.0817946270108223,1.0,nan,alarm
medium_medium,body_only,90184,True,False,m,1.6568892806087865,0.0,,0.0,73,False,nan,nan,alarm,persistent,0.113126240670681,1.0,nan,alarm,persistent,0.10196603834629059,1.0,nan,alarm,persistent,0.09477446228265762,1.0,nan,alarm,persistent,0.09902350604534149,1.0,nan,alarm
medium_medium,body_only,90185,True,False,l,1.43334245437914,0.0,,0.0,67,False,nan,nan,alarm,persistent,0.11398782581090927,1.0,nan,alarm,persistent,0.09381916373968124,1.0,nan,alarm,persistent,0.08702375739812851,1.0,nan,alarm,persistent,0.08780910074710846,1.0,nan,alarm
medium_medium,body_only,90186,True,False,m,1.6331529059433587,0.0,,0.0,70,False,nan,nan,alarm,persistent,0.09423679858446121,1.0,nan,alarm,persistent,0.09009343385696411,1.0,nan,alarm,persistent,0.08945979177951813,1.0,nan,alarm,persistent,0.10401026159524918,1.0,nan,alarm
medium_medium,body_only,90187,True,False,l,1.3141636302230804,0.0,,0.0,65,False,nan,nan,alarm,persistent,0.11701343208551407,1.0,nan,alarm,persistent,0.10013727098703384,1.0,nan,alarm,persistent,0.08900322020053864,1.0,nan,alarm,persistent,0.0867207869887352,1.0,nan,alarm
medium_medium,body_only,90188,True,False,m,1.68271261290117,0.0,,0.0,72,False,nan,nan,alarm,persistent,0.12555858492851257,1.0,nan,alarm,persistent,0.10590386390686035,1.0,nan,alarm,persistent,0.1044100895524025,1.0,nan,alarm,persistent,0.08994921296834946,1.0,nan,alarm
medium_medium,body_only,90189,True,False,l,1.2673551846296478,0.0,,0.0,69,False,nan,nan,alarm,persistent,0.11712554842233658,1.0,nan,alarm,persistent,0.0943443551659584,1.0,nan,alarm,persistent,0.0857330709695816,1.0,nan,alarm,persistent,0.08047187328338623,1.0,nan,alarm
medium_medium,body_only,90190,True,False,m,1.4616304439624153,0.0,,0.0,61,False,nan,nan,alarm,persistent,0.11336798965930939,1.0,nan,alarm,persistent,0.08961181342601776,1.0,nan,alarm,persistent,0.09195776283740997,1.0,nan,alarm,persistent,0.08745729178190231,1.0,nan,alarm
medium_medium,body_only,90191,True,False,l,1.3598610545526153,0.0,,0.0,75,False,nan,nan,alarm,persistent,0.09818005561828613,1.0,nan,alarm,persistent,0.09143748879432678,1.0,nan,alarm,persistent,0.07855771481990814,1.0,nan,alarm,persistent,0.08295856416225433,1.0,nan,alarm
medium_medium,body_only,90192,True,False,m,1.6394540644586693,0.0,,0.0,73,False,nan,nan,alarm,persistent,0.09436093270778656,1.0,nan,alarm,persistent,0.07951514422893524,1.0,nan,alarm,persistent,0.07996561378240585,1.0,nan,alarm,persistent,0.08705662190914154,1.0,nan,alarm
medium_medium,body_only,90193,True,False,l,1.2806965176607972,0.0,,0.0,79,False,nan,nan,alarm,persistent,0.1058463305234909,1.0,nan,alarm,persistent,0.1021716371178627,1.0,nan,alarm,persistent,0.09749802947044373,1.0,nan,alarm,persistent,0.09630908071994781,1.0,nan,alarm
medium_medium,body_only,90194,True,False,m,1.3882151295384004,0.0,,0.0,72,False,nan,nan,alarm,persistent,0.1306002289056778,1.0,nan,alarm,persistent,0.10519198328256607,1.0,nan,alarm,persistent,0.0913902297616005,1.0,nan,alarm,persistent,0.08407324552536011,1.0,nan,alarm
medium_medium,body_only,90195,True,False,l,1.4070168029723402,0.0,,0.0,68,False,nan,nan,alarm,persistent,0.11929064989089966,1.0,nan,alarm,persistent,0.09253206849098206,1.0,nan,alarm,persistent,0.086908720433712,1.0,nan,alarm,persistent,0.08458012342453003,1.0,nan,alarm
medium_medium,body_only,90196,True,False,m,1.4747105385822876,0.0,,0.0,78,False,nan,nan,alarm,persistent,0.12840363383293152,1.0,nan,alarm,persistent,0.10671313852071762,1.0,nan,alarm,persistent,0.10213160514831543,1.0,nan,alarm,persistent,0.08270510286092758,1.0,nan,alarm
medium_medium,body_only,90197,True,False,l,1.3111555143573217,0.0,,0.0,62,False,nan,nan,alarm,persistent,0.1208316832780838,1.0,nan,alarm,persistent,0.10598748922348022,1.0,nan,alarm,persistent,0.08537068217992783,1.0,nan,alarm,persistent,0.08039425313472748,1.0,nan,alarm
medium_medium,body_only,90198,True,False,m,1.379640047296776,0.0,,0.0,79,False,nan,nan,alarm,persistent,0.09624068439006805,1.0,nan,alarm,persistent,0.08911080658435822,1.0,nan,alarm,persistent,0.09288208186626434,1.0,nan,alarm,persistent,0.09340168535709381,1.0,nan,alarm
medium_medium,body_only,90199,True,False,l,1.4868269255907973,0.0,,0.0,73,False,nan,nan,alarm,persistent,0.11090616881847382,1.0,nan,alarm,persistent,0.09526608139276505,1.0,nan,alarm,persistent,0.08786189556121826,1.0,nan,alarm,persistent,0.0921577736735344,1.0,nan,alarm
medium_medium,body_only,90200,True,False,m,1.568789452616487,0.0,,0.0,75,False,nan,nan,alarm,persistent,0.0908031165599823,1.0,nan,alarm,persistent,0.07498607039451599,1.0,nan,alarm,persistent,0.09069885313510895,1.0,nan,alarm,persistent,0.08265911787748337,1.0,nan,alarm
medium_medium,body_only,90201,True,False,l,1.237480856854104,0.0,,0.0,74,False,nan,nan,alarm,persistent,0.10595597326755524,1.0,nan,alarm,persistent,0.09138531237840652,1.0,nan,alarm,persistent,0.0795576274394989,1.0,nan,alarm,persistent,0.07976023852825165,1.0,nan,alarm
medium_medium,body_only,90202,True,False,m,1.589816924085751,0.0,,0.0,69,False,nan,nan,alarm,persistent,0.11112042516469955,1.0,nan,alarm,persistent,0.09826380014419556,1.0,nan,alarm,persistent,0.08205126971006393,1.0,nan,alarm,persistent,0.1016535758972168,1.0,nan,alarm
medium_medium,body_only,90203,True,False,l,1.2163108575505985,0.0,,0.0,68,False,nan,nan,alarm,persistent,0.1245291605591774,1.0,nan,alarm,persistent,0.12203142791986465,1.0,nan,alarm,persistent,0.09878392517566681,1.0,nan,alarm,persistent,0.10027263313531876,1.0,nan,alarm
medium_medium,body_only,90204,True,False,m,1.577624770964431,0.0,,0.0,61,False,nan,nan,alarm,persistent,0.10635904222726822,1.0,nan,alarm,persistent,0.10303615033626556,1.0,nan,alarm,persistent,0.09851575642824173,1.0,nan,alarm,persistent,0.10440828651189804,1.0,nan,alarm
medium_medium,body_only,90205,True,False,l,1.3675497082151145,0.0,,0.0,65,False,nan,nan,alarm,persistent,0.10834505409002304,1.0,nan,alarm,persistent,0.09591486304998398,1.0,nan,alarm,persistent,0.09183899313211441,1.0,nan,alarm,persistent,0.08337727934122086,1.0,nan,alarm
medium_medium,body_only,90206,True,False,m,1.5176465510618466,0.0,,0.0,74,False,nan,nan,alarm,persistent,0.08947494626045227,1.0,nan,alarm,persistent,0.08154250681400299,1.0,nan,alarm,persistent,0.0820600837469101,1.0,nan,alarm,persistent,0.07702014595270157,1.0,nan,alarm
medium_medium,body_only,90207,True,False,l,1.2488637580931352,0.0,,0.0,80,False,nan,nan,alarm,persistent,0.11848926544189453,1.0,nan,alarm,persistent,0.10779409110546112,1.0,nan,alarm,persistent,0.10558255761861801,1.0,nan,alarm,persistent,0.09124580025672913,1.0,nan,alarm
medium_medium,body_only,90208,True,False,m,1.4834364114696996,0.0,,0.0,66,False,nan,nan,alarm,persistent,0.10580243915319443,1.0,nan,alarm,persistent,0.08552790433168411,1.0,nan,alarm,persistent,0.08202715218067169,1.0,nan,alarm,persistent,0.08563492447137833,1.0,nan,alarm
medium_medium,body_only,90209,True,False,l,1.263629522578016,0.0,,0.0,60,False,nan,nan,alarm,persistent,0.12329503148794174,1.0,nan,alarm,persistent,0.10498429834842682,1.0,nan,alarm,persistent,0.09837029874324799,1.0,nan,alarm,persistent,0.08241284638643265,1.0,nan,alarm
medium_medium,body_only,90210,True,False,m,1.3346147837212192,0.0,,0.0,73,False,nan,nan,alarm,persistent,0.10920973867177963,1.0,nan,alarm,persistent,0.10907938331365585,1.0,nan,alarm,persistent,0.09868153929710388,1.0,nan,alarm,persistent,0.10378856956958771,1.0,nan,alarm
medium_medium,body_only,90211,True,False,l,1.30656153459059,0.0,,0.0,71,False,nan,nan,alarm,persistent,0.09549153596162796,1.0,nan,alarm,persistent,0.08556238561868668,1.0,nan,alarm,persistent,0.07593728601932526,1.0,nan,alarm,persistent,0.07491124421358109,1.0,nan,alarm
medium_medium,body_only,90212,True,False,m,1.6930851814175538,0.0,,0.0,60,False,nan,nan,alarm,persistent,0.11679480224847794,1.0,nan,alarm,persistent,0.09703962504863739,1.0,nan,alarm,persistent,0.10720477998256683,1.0,nan,alarm,persistent,0.1087203398346901,1.0,nan,alarm
medium_medium,body_only,90213,True,False,l,1.3559979569855254,0.0,,0.0,66,False,nan,nan,alarm,persistent,0.11634423583745956,1.0,nan,alarm,persistent,0.08811777085065842,1.0,nan,alarm,persistent,0.0865071639418602,1.0,nan,alarm,persistent,0.08531730622053146,1.0,nan,alarm
medium_medium,body_only,90214,True,False,m,1.3935857870234445,0.0,,0.0,60,False,nan,nan,alarm,persistent,0.10696811974048615,1.0,nan,alarm,persistent,0.0936940535902977,1.0,nan,alarm,persistent,0.08722168952226639,1.0,nan,alarm,persistent,0.07433676719665527,1.0,nan,alarm
medium_medium,body_only,90215,True,False,l,1.3131198647094737,0.0,,0.0,80,False,nan,nan,alarm,persistent,0.11220546066761017,1.0,nan,alarm,persistent,0.08786489814519882,1.0,nan,alarm,persistent,0.08718452602624893,1.0,nan,alarm,persistent,0.08818653970956802,1.0,nan,alarm
medium_medium,body_only,90216,True,False,m,1.681261135717984,0.0,,0.0,66,False,nan,nan,alarm,persistent,0.11306587606668472,1.0,nan,alarm,persistent,0.08487298339605331,1.0,nan,alarm,persistent,0.07595210522413254,1.0,nan,alarm,persistent,0.09260950982570648,1.0,nan,alarm
medium_medium,body_only,90217,True,False,l,1.413471960665546,0.0,,0.0,75,False,nan,nan,alarm,persistent,0.09600742161273956,1.0,nan,alarm,persistent,0.07893075048923492,1.0,nan,alarm,persistent,0.07817989587783813,1.0,nan,alarm,persistent,0.08780457079410553,1.0,nan,alarm
medium_medium,body_only,90218,True,False,m,1.584896311018346,0.0,,0.0,74,False,nan,nan,alarm,persistent,0.11271429061889648,1.0,nan,alarm,persistent,0.10033849626779556,1.0,nan,alarm,persistent,0.1071544736623764,1.0,nan,alarm,persistent,0.1081305518746376,1.0,nan,alarm
medium_medium,body_only,90219,True,False,l,1.3119810143159762,0.0,,0.0,70,False,nan,nan,alarm,persistent,0.1021643653512001,1.0,nan,alarm,persistent,0.08575893938541412,1.0,nan,alarm,persistent,0.08067695796489716,1.0,nan,alarm,persistent,0.08646506071090698,1.0,nan,alarm
medium_medium,body_only,90220,True,False,m,1.300500753923412,0.0,,0.0,65,False,nan,nan,alarm,persistent,0.11164001375436783,1.0,nan,alarm,persistent,0.09547127038240433,1.0,nan,alarm,persistent,0.09396843612194061,1.0,nan,alarm,persistent,0.07501764595508575,1.0,nan,alarm
medium_medium,body_only,90221,True,False,l,1.325946290087466,0.0,,0.0,69,False,nan,nan,alarm,persistent,0.10042905807495117,1.0,nan,alarm,persistent,0.08683737367391586,1.0,nan,alarm,persistent,0.0793941393494606,1.0,nan,alarm,persistent,0.0976395383477211,1.0,nan,alarm
medium_medium,body_only,90222,True,False,m,1.3799548422979533,0.0,,0.0,63,False,nan,nan,alarm,persistent,0.11022059619426727,1.0,nan,alarm,persistent,0.09965641051530838,1.0,nan,alarm,persistent,0.09263558685779572,1.0,nan,alarm,persistent,0.08944489806890488,1.0,nan,alarm
medium_medium,body_only,90223,True,False,l,1.2088747342560058,0.0,,0.0,66,False,nan,nan,alarm,persistent,0.1267528533935547,1.0,nan,alarm,persistent,0.09830011427402496,1.0,nan,alarm,persistent,0.09254589676856995,1.0,nan,alarm,persistent,0.08050558716058731,1.0,nan,alarm
medium_medium,body_only,90224,True,False,m,1.3689372681649405,0.0,,0.0,67,False,nan,nan,alarm,persistent,0.11787661164999008,1.0,nan,alarm,persistent,0.10334600508213043,1.0,nan,alarm,persistent,0.0852794349193573,1.0,nan,alarm,persistent,0.08484069257974625,1.0,nan,alarm
medium_medium,body_only,90225,True,False,l,1.4190999555086545,0.0,,0.0,76,False,nan,nan,alarm,persistent,0.10507819801568985,1.0,nan,alarm,persistent,0.08890847861766815,1.0,nan,alarm,persistent,0.08271542936563492,1.0,nan,alarm,persistent,0.11924897134304047,1.0,nan,alarm
medium_medium,body_only,90226,True,False,m,1.3666051873938825,0.0,,0.0,68,False,nan,nan,alarm,persistent,0.0941719114780426,1.0,nan,alarm,persistent,0.08135705441236496,1.0,nan,alarm,persistent,0.08033132553100586,1.0,nan,alarm,persistent,0.07859143614768982,1.0,nan,alarm
medium_medium,body_only,90227,True,False,l,1.2089853713110907,0.0,,0.0,76,False,nan,nan,alarm,persistent,0.10948635637760162,1.0,nan,alarm,persistent,0.08916278928518295,1.0,nan,alarm,persistent,0.09102515876293182,1.0,nan,alarm,persistent,0.08687825500965118,1.0,nan,alarm
medium_medium,body_only,90228,True,False,m,1.3941552835422104,0.0,,0.0,76,False,nan,nan,alarm,persistent,0.11173765361309052,1.0,nan,alarm,persistent,0.09228304028511047,1.0,nan,alarm,persistent,0.08543774485588074,1.0,nan,alarm,persistent,0.08609528094530106,1.0,nan,alarm
medium_medium,body_only,90229,True,False,l,1.4129882265602367,0.0,,0.0,60,False,nan,nan,alarm,persistent,0.12042438983917236,1.0,nan,alarm,persistent,0.0915999561548233,1.0,nan,alarm,persistent,0.08269943296909332,1.0,nan,alarm,persistent,0.08425910770893097,1.0,nan,alarm
medium_medium,body_only,90230,True,False,m,1.387380358400205,0.0,,0.0,62,False,nan,nan,alarm,persistent,0.0955028086900711,1.0,nan,alarm,persistent,0.087038554251194,1.0,nan,alarm,persistent,0.07925605028867722,1.0,nan,alarm,persistent,0.08453778177499771,1.0,nan,alarm
medium_medium,body_only,90231,True,False,l,1.2736796593502162,0.0,,0.0,79,False,nan,nan,alarm,persistent,0.10320009291172028,1.0,nan,alarm,persistent,0.09368538111448288,1.0,nan,alarm,persistent,0.08512423932552338,1.0,nan,alarm,persistent,0.09343109279870987,1.0,nan,alarm
medium_medium,body_only,90232,True,False,m,1.3398772042708087,0.0,,0.0,65,False,nan,nan,alarm,persistent,0.11391741037368774,1.0,nan,alarm,persistent,0.09591008722782135,1.0,nan,alarm,persistent,0.0958932489156723,1.0,nan,alarm,persistent,0.09375353157520294,1.0,nan,alarm
medium_medium,body_only,90233,True,False,l,1.2151805568406018,0.0,,0.0,74,False,nan,nan,alarm,persistent,0.11620263755321503,1.0,nan,alarm,persistent,0.09094864875078201,1.0,nan,alarm,persistent,0.08647007495164871,1.0,nan,alarm,persistent,0.0845145508646965,1.0,nan,alarm
medium_medium,body_only,90234,True,False,m,1.412785576783788,0.0,,0.0,80,False,nan,nan,alarm,persistent,0.11475349962711334,1.0,nan,alarm,persistent,0.10350817441940308,1.0,nan,alarm,persistent,0.08897369354963303,1.0,nan,alarm,persistent,0.07545969635248184,1.0,nan,alarm
medium_medium,body_only,90235,True,False,l,1.4243033807217698,0.0,,0.0,60,False,nan,nan,alarm,persistent,0.10888192802667618,1.0,nan,alarm,persistent,0.09816233813762665,1.0,nan,alarm,persistent,0.09816297143697739,1.0,nan,alarm,persistent,0.0935143455862999,1.0,nan,alarm
medium_medium,body_only,90236,True,False,m,1.6997035312296203,0.0,,0.0,64,False,nan,nan,alarm,persistent,0.11632994562387466,1.0,nan,alarm,persistent,0.09080608934164047,1.0,nan,alarm,persistent,0.099291130900383,1.0,nan,alarm,persistent,0.10527241230010986,1.0,nan,alarm
medium_medium,body_only,90237,True,False,l,1.376968432617344,0.0,,0.0,75,False,nan,nan,alarm,persistent,0.1286267340183258,1.0,nan,alarm,persistent,0.1031615361571312,1.0,nan,alarm,persistent,0.09629501402378082,1.0,nan,alarm,persistent,0.09268316626548767,1.0,nan,alarm
medium_medium,body_only,90238,True,False,m,1.5968317899030746,0.0,,0.0,62,False,nan,nan,alarm,persistent,0.10890009254217148,1.0,nan,alarm,persistent,0.09152475744485855,1.0,nan,alarm,persistent,0.08761130273342133,1.0,nan,alarm,persistent,0.08923675119876862,1.0,nan,alarm
medium_medium,body_only,90239,True,False,l,1.3434682340044826,0.0,,0.0,67,False,nan,nan,alarm,persistent,0.10726448148488998,1.0,nan,alarm,persistent,0.10686991363763809,1.0,nan,alarm,persistent,0.10450921207666397,1.0,nan,alarm,persistent,0.11465416848659515,1.0,nan,alarm
medium_medium,world_only,90240,False,True,,1.0,1.0,short,-0.05,59,False,nan,nan,alarm,persistent,0.14489823579788208,1.0,nan,alarm,persistent,0.11791777610778809,1.0,nan,alarm,persistent,0.10022254288196564,1.0,nan,alarm,persistent,0.09836772084236145,1.0,nan,alarm
medium_medium,world_only,90241,False,True,,1.0,1.0,medium,0.1,75,False,nan,nan,alarm,persistent,0.12365348637104034,1.0,nan,alarm,persistent,0.1024322658777237,1.0,nan,alarm,persistent,0.09419386088848114,1.0,nan,alarm,persistent,0.10013546794652939,1.0,nan,alarm
medium_medium,world_only,90242,False,True,,1.0,-2.0,short,0.2,69,False,nan,nan,alarm,persistent,0.10603012144565582,1.0,nan,alarm,persistent,0.09443893283605576,1.0,nan,alarm,persistent,0.09293956309556961,1.0,nan,alarm,persistent,0.08791197836399078,1.0,nan,alarm
medium_medium,world_only,90243,False,True,,1.0,2.0,medium,0.05,68,False,nan,nan,alarm,persistent,0.12830089032649994,1.0,nan,alarm,persistent,0.1058737263083458,1.0,nan,alarm,persistent,0.09037692844867706,1.0,nan,alarm,persistent,0.08938784152269363,1.0,nan,alarm
medium_medium,world_only,90244,False,True,,1.0,-4.0,short,0.05,65,False,nan,nan,alarm,persistent,0.12515544891357422,1.0,nan,alarm,persistent,0.10481429100036621,1.0,nan,alarm,persistent,0.10623542219400406,1.0,nan,alarm,persistent,0.0997680127620697,1.0,nan,alarm
medium_medium,world_only,90245,False,True,,1.0,4.0,medium,0.25,65,False,nan,nan,alarm,persistent,0.11050669103860855,1.0,nan,alarm,persistent,0.09231577813625336,1.0,nan,alarm,persistent,0.08953403681516647,1.0,nan,alarm,persistent,0.08982457220554352,1.0,nan,alarm
medium_medium,world_only,90246,False,True,,1.0,-1.0,short,0.1,75,False,nan,nan,alarm,persistent,0.11810463666915894,1.0,nan,alarm,persistent,0.09696786105632782,1.0,nan,alarm,persistent,0.09448783844709396,1.0,nan,alarm,persistent,0.08288195729255676,1.0,nan,alarm
medium_medium,world_only,90247,False,True,,1.0,-1.0,medium,-0.15000000000000002,77,False,nan,nan,alarm,persistent,0.12956520915031433,1.0,nan,alarm,persistent,0.11246957629919052,1.0,nan,alarm,persistent,0.09704537689685822,1.0,nan,alarm,persistent,0.08988542854785919,1.0,nan,alarm
medium_medium,world_only,90248,False,True,,1.0,-2.0,short,0.15000000000000002,70,False,nan,nan,alarm,persistent,0.10485164821147919,1.0,nan,alarm,persistent,0.09260082244873047,1.0,nan,alarm,persistent,0.0912899523973465,1.0,nan,alarm,persistent,0.08036937564611435,1.0,nan,alarm
medium_medium,world_only,90249,False,True,,1.0,2.0,medium,-0.25,60,False,nan,nan,alarm,persistent,0.11788711696863174,1.0,nan,alarm,persistent,0.10130929946899414,1.0,nan,alarm,persistent,0.09795235097408295,1.0,nan,alarm,persistent,0.09558793157339096,1.0,nan,alarm
medium_medium,world_only,90250,False,True,,1.0,4.0,short,0.05,68,False,nan,nan,alarm,persistent,0.1115298718214035,1.0,nan,alarm,persistent,0.10179273039102554,1.0,nan,alarm,persistent,0.09502525627613068,1.0,nan,alarm,persistent,0.09590058773756027,1.0,nan,alarm
medium_medium,world_only,90251,False,True,,1.0,-4.0,medium,0.15000000000000002,77,False,nan,nan,alarm,persistent,0.1219879537820816,1.0,nan,alarm,persistent,0.10161836445331573,1.0,nan,alarm,persistent,0.1000852957367897,1.0,nan,alarm,persistent,0.08944409340620041,1.0,nan,alarm
medium_medium,world_only,90252,False,True,,1.0,-1.0,short,-0.05,78,False,nan,nan,alarm,persistent,0.13217058777809143,1.0,nan,alarm,persistent,0.11312569677829742,1.0,nan,alarm,persistent,0.11159014701843262,1.0,nan,alarm,persistent,0.08808181434869766,1.0,nan,alarm
medium_medium,world_only,90253,False,True,,1.0,1.0,medium,-0.05,60,False,nan,nan,alarm,persistent,0.11028321832418442,1.0,nan,alarm,persistent,0.09315333515405655,1.0,nan,alarm,persistent,0.08939116448163986,1.0,nan,alarm,persistent,0.07921625673770905,1.0,nan,alarm
medium_medium,world_only,90254,False,True,,1.0,2.0,short,0.1,75,False,nan,nan,alarm,persistent,0.13814502954483032,1.0,nan,alarm,persistent,0.11616824567317963,1.0,nan,alarm,persistent,0.10534832626581192,1.0,nan,alarm,persistent,0.09490402787923813,1.0,nan,alarm
medium_medium,world_only,90255,False,True,,1.0,2.0,medium,0.25,70,False,nan,nan,alarm,persistent,0.10506035387516022,1.0,nan,alarm,persistent,0.10731513798236847,1.0,nan,alarm,persistent,0.09441496431827545,1.0,nan,alarm,persistent,0.10192316770553589,1.0,nan,alarm
medium_medium,world_only,90256,False,True,,1.0,-4.0,short,-0.2,70,False,nan,nan,alarm,persistent,0.11539788544178009,1.0,nan,alarm,persistent,0.09605620801448822,1.0,nan,alarm,persistent,0.09917663037776947,1.0,nan,alarm,persistent,0.08468495309352875,1.0,nan,alarm
medium_medium,world_only,90257,False,True,,1.0,-4.0,medium,-0.05,64,False,nan,nan,alarm,persistent,0.11707053333520889,1.0,nan,alarm,persistent,0.11061904579401016,1.0,nan,alarm,persistent,0.10509155690670013,1.0,nan,alarm,persistent,0.09939052909612656,1.0,nan,alarm
medium_medium,world_only,90258,False,True,,1.0,-1.0,short,0.25,67,False,nan,nan,alarm,persistent,0.10796710103750229,1.0,nan,alarm,persistent,0.09146424382925034,1.0,nan,alarm,persistent,0.07685882598161697,1.0,nan,alarm,persistent,0.08331704884767532,1.0,nan,alarm
medium_medium,world_only,90259,False,True,,1.0,1.0,medium,-0.25,71,False,nan,nan,alarm,persistent,0.12369687855243683,1.0,nan,alarm,persistent,0.1073811799287796,1.0,nan,alarm,persistent,0.08969388902187347,1.0,nan,alarm,persistent,0.10461664199829102,1.0,nan,alarm
medium_medium,world_only,90260,False,True,,1.0,-2.0,short,-0.05,78,False,nan,nan,alarm,persistent,0.10761050879955292,1.0,nan,alarm,persistent,0.09378568828105927,1.0,nan,alarm,persistent,0.09023544937372208,1.0,nan,alarm,persistent,0.10447008907794952,1.0,nan,alarm
medium_medium,world_only,90261,False,True,,1.0,-2.0,medium,0.15000000000000002,76,False,nan,nan,alarm,persistent,0.10949386656284332,1.0,nan,alarm,persistent,0.07948165386915207,1.0,nan,alarm,persistent,0.07657572627067566,1.0,nan,alarm,persistent,0.08184449374675751,1.0,nan,alarm
medium_medium,world_only,90262,False,True,,1.0,-4.0,short,0.1,68,False,nan,nan,alarm,persistent,0.11464645713567734,1.0,nan,alarm,persistent,0.10196144878864288,1.0,nan,alarm,persistent,0.09280715137720108,1.0,nan,alarm,persistent,0.09252094477415085,1.0,nan,alarm
medium_medium,world_only,90263,False,True,,1.0,-4.0,medium,-0.15000000000000002,76,False,nan,nan,alarm,persistent,0.11739927530288696,1.0,nan,alarm,persistent,0.09758710861206055,1.0,nan,alarm,persistent,0.08764924854040146,1.0,nan,alarm,persistent,0.08073559403419495,1.0,nan,alarm
medium_medium,world_only,90264,False,True,,1.0,1.0,short,-0.15000000000000002,76,False,nan,nan,alarm,persistent,0.11111624538898468,1.0,nan,alarm,persistent,0.09086598455905914,1.0,nan,alarm,persistent,0.09388423711061478,1.0,nan,alarm,persistent,0.07614543288946152,1.0,nan,alarm
medium_medium,world_only,90265,False,True,,1.0,1.0,medium,-0.05,73,False,nan,nan,alarm,persistent,0.12771785259246826,1.0,nan,alarm,persistent,0.09729009866714478,1.0,nan,alarm,persistent,0.08733736723661423,1.0,nan,alarm,persistent,0.09145395457744598,1.0,nan,alarm
medium_medium,world_only,90266,False,True,,1.0,2.0,short,0.1,80,False,nan,nan,alarm,persistent,0.11500395834445953,1.0,nan,alarm,persistent,0.09821829944849014,1.0,nan,alarm,persistent,0.09881651401519775,1.0,nan,alarm,persistent,0.09655508399009705,1.0,nan,alarm
medium_medium,world_only,90267,False,True,,1.0,2.0,medium,-0.05,73,False,nan,nan,alarm,persistent,0.11228039115667343,1.0,nan,alarm,persistent,0.09784699976444244,1.0,nan,alarm,persistent,0.09446977078914642,1.0,nan,alarm,persistent,0.08525537699460983,1.0,nan,alarm
medium_medium,world_only,90268,False,True,,1.0,-4.0,short,-0.1,69,False,nan,nan,alarm,persistent,0.12322258949279785,1.0,nan,alarm,persistent,0.09714441746473312,1.0,nan,alarm,persistent,0.09937766194343567,1.0,nan,alarm,persistent,0.09355049580335617,1.0,nan,alarm
medium_medium,world_only,90269,False,True,,1.0,4.0,medium,0.0,74,False,nan,nan,alarm,persistent,0.11637315899133682,1.0,nan,alarm,persistent,0.10177282989025116,1.0,nan,alarm,persistent,0.0867687314748764,1.0,nan,alarm,persistent,0.0863795131444931,1.0,nan,alarm
medium_medium,world_only,90270,False,True,,1.0,-1.0,short,0.1,81,False,nan,nan,alarm,persistent,0.12878358364105225,1.0,nan,alarm,persistent,0.10103722661733627,1.0,nan,alarm,persistent,0.0910615548491478,1.0,nan,alarm,persistent,0.09135614335536957,1.0,nan,alarm
medium_medium,world_only,90271,False,True,,1.0,1.0,medium,-0.15000000000000002,77,False,nan,nan,alarm,persistent,0.1196010485291481,1.0,nan,alarm,persistent,0.10210712254047394,1.0,nan,alarm,persistent,0.09324631094932556,1.0,nan,alarm,persistent,0.09234292805194855,1.0,nan,alarm
medium_medium,world_only,90272,False,True,,1.0,-2.0,short,-0.2,58,False,nan,nan,alarm,persistent,0.11901278793811798,1.0,nan,alarm,persistent,0.09996595978736877,1.0,nan,alarm,persistent,0.09421984851360321,1.0,nan,alarm,persistent,0.09946833550930023,1.0,nan,alarm
medium_medium,world_only,90273,False,True,,1.0,2.0,medium,-0.2,71,False,nan,nan,alarm,persistent,0.11164994537830353,1.0,nan,alarm,persistent,0.09992599487304688,1.0,nan,alarm,persistent,0.10383476316928864,1.0,nan,alarm,persistent,0.08631575852632523,1.0,nan,alarm
medium_medium,world_only,90274,False,True,,1.0,4.0,short,-0.15000000000000002,60,False,nan,nan,alarm,persistent,0.10161209106445312,1.0,nan,alarm,persistent,0.0769454687833786,1.0,nan,alarm,persistent,0.08081430196762085,1.0,nan,alarm,persistent,0.09064848721027374,1.0,nan,alarm
medium_medium,world_only,90275,False,True,,1.0,4.0,medium,0.2,76,False,nan,nan,alarm,persistent,0.11022335290908813,1.0,nan,alarm,persistent,0.08347161114215851,1.0,nan,alarm,persistent,0.084211066365242,1.0,nan,alarm,persistent,0.07669873535633087,1.0,nan,alarm
medium_medium,world_only,90276,False,True,,1.0,1.0,short,-0.1,69,False,nan,nan,alarm,persistent,0.10869666188955307,1.0,nan,alarm,persistent,0.10187365859746933,1.0,nan,alarm,persistent,0.10355594009160995,1.0,nan,alarm,persistent,0.08046698570251465,1.0,nan,alarm
medium_medium,world_only,90277,False,True,,1.0,-1.0,medium,0.25,75,False,nan,nan,alarm,persistent,0.1286308467388153,1.0,nan,alarm,persistent,0.10310560464859009,1.0,nan,alarm,persistent,0.09119415283203125,1.0,nan,alarm,persistent,0.10649123042821884,1.0,nan,alarm
medium_medium,world_only,90278,False,True,,1.0,2.0,short,0.2,64,False,nan,nan,alarm,persistent,0.11773304641246796,1.0,nan,alarm,persistent,0.09521697461605072,1.0,nan,alarm,persistent,0.09456975013017654,1.0,nan,alarm,persistent,0.08093060553073883,1.0,nan,alarm
medium_medium,world_only,90279,False,True,,1.0,-2.0,medium,-0.15000000000000002,63,False,nan,nan,alarm,persistent,0.11379349231719971,1.0,nan,alarm,persistent,0.09799842536449432,1.0,nan,alarm,persistent,0.09005244076251984,1.0,nan,alarm,persistent,0.08276302367448807,1.0,nan,alarm
medium_medium,world_only,90280,False,True,,1.0,4.0,short,0.2,77,False,nan,nan,alarm,persistent,0.12379331886768341,1.0,nan,alarm,persistent,0.09900800883769989,1.0,nan,alarm,persistent,0.08909561485052109,1.0,nan,alarm,persistent,0.08513523638248444,1.0,nan,alarm
medium_medium,world_only,90281,False,True,,1.0,4.0,medium,0.1,77,False,nan,nan,alarm,persistent,0.12101362645626068,1.0,nan,alarm,persistent,0.09938714653253555,1.0,nan,alarm,persistent,0.08827061951160431,1.0,nan,alarm,persistent,0.08951951563358307,1.0,nan,alarm
medium_medium,world_only,90282,False,True,,1.0,1.0,short,0.15000000000000002,68,False,nan,nan,alarm,persistent,0.10319320857524872,1.0,nan,alarm,persistent,0.10277483612298965,1.0,nan,alarm,persistent,0.09179260581731796,1.0,nan,alarm,persistent,0.09850482642650604,1.0,nan,alarm
medium_medium,world_only,90283,False,True,,1.0,-1.0,medium,-0.05,74,False,nan,nan,alarm,persistent,0.10963461548089981,1.0,nan,alarm,persistent,0.09582485258579254,1.0,nan,alarm,persistent,0.09132452309131622,1.0,nan,alarm,persistent,0.0827094316482544,1.0,nan,alarm
medium_medium,world_only,90284,False,True,,1.0,2.0,short,-0.2,72,False,nan,nan,alarm,persistent,0.1122535914182663,1.0,nan,alarm,persistent,0.10246399790048599,1.0,nan,alarm,persistent,0.08638323098421097,1.0,nan,alarm,persistent,0.09197310358285904,1.0,nan,alarm
medium_medium,world_only,90285,False,True,,1.0,-2.0,medium,-0.2,73,False,nan,nan,alarm,persistent,0.10959924757480621,1.0,nan,alarm,persistent,0.09338923543691635,1.0,nan,alarm,persistent,0.10613445937633514,1.0,nan,alarm,persistent,0.09595732390880585,1.0,nan,alarm
medium_medium,world_only,90286,False,True,,1.0,4.0,short,-0.1,67,False,nan,nan,alarm,persistent,0.1074325293302536,1.0,nan,alarm,persistent,0.08667419850826263,1.0,nan,alarm,persistent,0.09940232336521149,1.0,nan,alarm,persistent,0.09663326293230057,1.0,nan,alarm
medium_medium,world_only,90287,False,True,,1.0,4.0,medium,0.2,79,False,nan,nan,alarm,persistent,0.10368986427783966,1.0,nan,alarm,persistent,0.0849100798368454,1.0,nan,alarm,persistent,0.08803454786539078,1.0,nan,alarm,persistent,0.07651440799236298,1.0,nan,alarm
medium_medium,world_only,90288,False,True,,1.0,-1.0,short,-0.05,78,False,nan,nan,alarm,persistent,0.13471291959285736,1.0,nan,alarm,persistent,0.1103140264749527,1.0,nan,alarm,persistent,0.10300809144973755,1.0,nan,alarm,persistent,0.10148890316486359,1.0,nan,alarm
medium_medium,world_only,90289,False,True,,1.0,1.0,medium,-0.05,64,False,nan,nan,alarm,persistent,0.10775160789489746,1.0,nan,alarm,persistent,0.08922424167394638,1.0,nan,alarm,persistent,0.09527073800563812,1.0,nan,alarm,persistent,0.08643104881048203,1.0,nan,alarm
medium_medium,world_only,90290,False,True,,1.0,2.0,short,0.1,66,False,nan,nan,alarm,persistent,0.11144693195819855,1.0,nan,alarm,persistent,0.10131611675024033,1.0,nan,alarm,persistent,0.09637811779975891,1.0,nan,alarm,persistent,0.0891830176115036,1.0,nan,alarm
medium_medium,world_only,90291,False,True,,1.0,-2.0,medium,0.15000000000000002,75,False,nan,nan,alarm,persistent,0.09130924940109253,1.0,nan,alarm,persistent,0.08859561383724213,1.0,nan,alarm,persistent,0.08864054828882217,1.0,nan,alarm,persistent,0.08778073638677597,1.0,nan,alarm
medium_medium,world_only,90292,False,True,,1.0,-4.0,short,0.1,74,False,nan,nan,alarm,persistent,0.12923772633075714,1.0,nan,alarm,persistent,0.10805972665548325,1.0,nan,alarm,persistent,0.105321004986763,1.0,nan,alarm,persistent,0.08271689713001251,1.0,nan,alarm
medium_medium,world_only,90293,False,True,,1.0,4.0,medium,0.1,69,False,nan,nan,alarm,persistent,0.1053059846162796,1.0,nan,alarm,persistent,0.08897923678159714,1.0,nan,alarm,persistent,0.07531367242336273,1.0,nan,alarm,persistent,0.08041246235370636,1.0,nan,alarm
medium_medium,world_only,90294,False,True,,1.0,-1.0,short,-0.1,70,False,nan,nan,alarm,persistent,0.12889589369297028,1.0,nan,alarm,persistent,0.09454835951328278,1.0,nan,alarm,persistent,0.09348016232252121,1.0,nan,alarm,persistent,0.08396971225738525,1.0,nan,alarm
medium_medium,world_only,90295,False,True,,1.0,1.0,medium,0.2,64,False,nan,nan,alarm,persistent,0.11626525968313217,1.0,nan,alarm,persistent,0.10074789822101593,1.0,nan,alarm,persistent,0.09958057850599289,1.0,nan,alarm,persistent,0.10051830112934113,1.0,nan,alarm
medium_medium,world_only,90296,False,True,,1.0,-2.0,short,0.25,84,False,nan,nan,alarm,persistent,0.11735017597675323,1.0,nan,alarm,persistent,0.09700345247983932,1.0,nan,alarm,persistent,0.09261074662208557,1.0,nan,alarm,persistent,0.0763152539730072,1.0,nan,alarm
medium_medium,world_only,90297,False,True,,1.0,2.0,medium,-0.05,62,False,nan,nan,alarm,persistent,0.10902617871761322,1.0,nan,alarm,persistent,0.09592688828706741,1.0,nan,alarm,persistent,0.08981194347143173,1.0,nan,alarm,persistent,0.08157942444086075,1.0,nan,alarm
medium_medium,world_only,90298,False,True,,1.0,4.0,short,0.05,62,False,nan,nan,alarm,persistent,0.10726355016231537,1.0,nan,alarm,persistent,0.09138622879981995,1.0,nan,alarm,persistent,0.08229537308216095,1.0,nan,alarm,persistent,0.08976106345653534,1.0,nan,alarm
medium_medium,world_only,90299,False,True,,1.0,-4.0,medium,0.05,67,False,nan,nan,alarm,persistent,0.10664732754230499,1.0,nan,alarm,persistent,0.08985336124897003,1.0,nan,alarm,persistent,0.08588175475597382,1.0,nan,alarm,persistent,0.09406741708517075,1.0,nan,alarm
medium_medium,world_only,90300,False,True,,1.0,-1.0,short,-0.15000000000000002,67,False,nan,nan,alarm,persistent,0.11872445046901703,1.0,nan,alarm,persistent,0.10488923639059067,1.0,nan,alarm,persistent,0.0973384752869606,1.0,nan,alarm,persistent,0.09351492673158646,1.0,nan,alarm
medium_medium,world_only,90301,False,True,,1.0,-1.0,medium,-0.25,72,False,nan,nan,alarm,persistent,0.09536094963550568,1.0,nan,alarm,persistent,0.08888982236385345,1.0,nan,alarm,persistent,0.08408846706151962,1.0,nan,alarm,persistent,0.09330902248620987,1.0,nan,alarm
medium_medium,world_only,90302,False,True,,1.0,-2.0,short,0.2,78,False,nan,nan,alarm,persistent,0.11241880804300308,1.0,nan,alarm,persistent,0.08801355957984924,1.0,nan,alarm,persistent,0.07997206598520279,1.0,nan,alarm,persistent,0.07213883101940155,1.0,nan,alarm
medium_medium,world_only,90303,False,True,,1.0,2.0,medium,-0.15000000000000002,59,False,nan,nan,alarm,persistent,0.11539051681756973,1.0,nan,alarm,persistent,0.101473368704319,1.0,nan,alarm,persistent,0.0893748328089714,1.0,nan,alarm,persistent,0.0912579670548439,1.0,nan,alarm
medium_medium,world_only,90304,False,True,,1.0,4.0,short,0.05,80,False,nan,nan,alarm,persistent,0.12616823613643646,1.0,nan,alarm,persistent,0.1082918792963028,1.0,nan,alarm,persistent,0.10006443411111832,1.0,nan,alarm,persistent,0.10372205078601837,1.0,nan,alarm
medium_medium,world_only,90305,False,True,,1.0,-4.0,medium,-0.25,73,False,nan,nan,alarm,persistent,0.1181393414735794,1.0,nan,alarm,persistent,0.10267826169729233,1.0,nan,alarm,persistent,0.08192930370569229,1.0,nan,alarm,persistent,0.10966000705957413,1.0,nan,alarm
medium_medium,world_only,90306,False,True,,1.0,1.0,short,-0.15000000000000002,64,False,nan,nan,alarm,persistent,0.11575113236904144,1.0,nan,alarm,persistent,0.09369883686304092,1.0,nan,alarm,persistent,0.1004936471581459,1.0,nan,alarm,persistent,0.08532495051622391,1.0,nan,alarm
medium_medium,world_only,90307,False,True,,1.0,1.0,medium,-0.05,72,False,nan,nan,alarm,persistent,0.13074031472206116,1.0,nan,alarm,persistent,0.10992033779621124,1.0,nan,alarm,persistent,0.09334544837474823,1.0,nan,alarm,persistent,0.09230168163776398,1.0,nan,alarm
medium_medium,world_only,90308,False,True,,1.0,-2.0,short,-0.25,62,False,nan,nan,alarm,persistent,0.09599364548921585,1.0,nan,alarm,persistent,0.08776774257421494,1.0,nan,alarm,persistent,0.07694128900766373,1.0,nan,alarm,persistent,0.0808182880282402,1.0,nan,alarm
medium_medium,world_only,90309,False,True,,1.0,2.0,medium,0.25,65,False,nan,nan,alarm,persistent,0.11914485692977905,1.0,nan,alarm,persistent,0.09257401525974274,1.0,nan,alarm,persistent,0.08922022581100464,1.0,nan,alarm,persistent,0.09656031429767609,1.0,nan,alarm
medium_medium,world_only,90310,False,True,,1.0,4.0,short,0.15000000000000002,70,False,nan,nan,alarm,persistent,0.09958143532276154,1.0,nan,alarm,persistent,0.0824132189154625,1.0,nan,alarm,persistent,0.0829748585820198,1.0,nan,alarm,persistent,0.07807405292987823,1.0,nan,alarm
medium_medium,world_only,90311,False,True,,1.0,-4.0,medium,-0.05,66,False,nan,nan,alarm,persistent,0.12600120902061462,1.0,nan,alarm,persistent,0.10084954649209976,1.0,nan,alarm,persistent,0.09163179993629456,1.0,nan,alarm,persistent,0.08164379000663757,1.0,nan,alarm
medium_medium,world_only,90312,False,True,,1.0,1.0,short,0.2,69,False,nan,nan,alarm,persistent,0.10332463681697845,1.0,nan,alarm,persistent,0.08379369974136353,1.0,nan,alarm,persistent,0.08647121489048004,1.0,nan,alarm,persistent,0.06743546575307846,1.0,nan,alarm
medium_medium,world_only,90313,False,True,,1.0,-1.0,medium,-0.2,66,False,nan,nan,alarm,persistent,0.09335595369338989,1.0,nan,alarm,persistent,0.08884647488594055,1.0,nan,alarm,persistent,0.09569750726222992,1.0,nan,alarm,persistent,0.07757023721933365,1.0,nan,alarm
medium_medium,world_only,90314,False,True,,1.0,2.0,short,-0.05,66,False,nan,nan,alarm,persistent,0.10840658098459244,1.0,nan,alarm,persistent,0.09426607191562653,1.0,nan,alarm,persistent,0.08660668879747391,1.0,nan,alarm,persistent,0.09760095924139023,1.0,nan,alarm
medium_medium,world_only,90315,False,True,,1.0,2.0,medium,0.0,65,False,nan,nan,alarm,persistent,0.11516251415014267,1.0,nan,alarm,persistent,0.09790188819169998,1.0,nan,alarm,persistent,0.0885448232293129,1.0,nan,alarm,persistent,0.08828674256801605,1.0,nan,alarm
medium_medium,world_only,90316,False,True,,1.0,4.0,short,-0.05,63,False,nan,nan,alarm,persistent,0.11951732635498047,1.0,nan,alarm,persistent,0.09576532989740372,1.0,nan,alarm,persistent,0.09477322548627853,1.0,nan,alarm,persistent,0.09170981496572495,1.0,nan,alarm
medium_medium,world_only,90317,False,True,,1.0,4.0,medium,0.25,84,False,nan,nan,alarm,persistent,0.10662625730037689,1.0,nan,alarm,persistent,0.08069764822721481,1.0,nan,alarm,persistent,0.08942321687936783,1.0,nan,alarm,persistent,0.07112304121255875,1.0,nan,alarm
medium_medium,world_only,90318,False,True,,1.0,-1.0,short,0.1,75,False,nan,nan,alarm,persistent,0.12156351655721664,1.0,nan,alarm,persistent,0.09906749427318573,1.0,nan,alarm,persistent,0.10012350231409073,1.0,nan,alarm,persistent,0.09788349270820618,1.0,nan,alarm
medium_medium,world_only,90319,False,True,,1.0,1.0,medium,-0.25,65,False,nan,nan,alarm,persistent,0.10099603235721588,1.0,nan,alarm,persistent,0.08820360898971558,1.0,nan,alarm,persistent,0.08803723752498627,1.0,nan,alarm,persistent,0.08631756156682968,1.0,nan,alarm
medium_medium,world_only,90320,False,True,,1.0,2.0,short,0.25,76,False,nan,nan,alarm,persistent,0.1347234547138214,1.0,nan,alarm,persistent,0.09881901741027832,1.0,nan,alarm,persistent,0.09079702943563461,1.0,nan,alarm,persistent,0.08834190666675568,1.0,nan,alarm
medium_medium,world_only,90321,False,True,,1.0,2.0,medium,-0.15000000000000002,57,False,nan,nan,alarm,persistent,0.10891735553741455,1.0,nan,alarm,persistent,0.0945720225572586,1.0,nan,alarm,persistent,0.09622654318809509,1.0,nan,alarm,persistent,0.09400172531604767,1.0,nan,alarm
medium_medium,world_only,90322,False,True,,1.0,4.0,short,-0.1,74,False,nan,nan,alarm,persistent,0.11163908243179321,1.0,nan,alarm,persistent,0.10540159046649933,1.0,nan,alarm,persistent,0.10607123374938965,1.0,nan,alarm,persistent,0.09522802382707596,1.0,nan,alarm
medium_medium,world_only,90323,False,True,,1.0,-4.0,medium,-0.05,75,False,nan,nan,alarm,persistent,0.11929035186767578,1.0,nan,alarm,persistent,0.09894450008869171,1.0,nan,alarm,persistent,0.09404494613409042,1.0,nan,alarm,persistent,0.08850128948688507,1.0,nan,alarm
medium_medium,world_only,90324,False,True,,1.0,1.0,short,-0.05,72,False,nan,nan,alarm,persistent,0.11395933479070663,1.0,nan,alarm,persistent,0.09333375841379166,1.0,nan,alarm,persistent,0.09399529546499252,1.0,nan,alarm,persistent,0.09248904883861542,1.0,nan,alarm
medium_medium,world_only,90325,False,True,,1.0,1.0,medium,0.05,80,False,nan,nan,alarm,persistent,0.10754196345806122,1.0,nan,alarm,persistent,0.08834211528301239,1.0,nan,alarm,persistent,0.08472222834825516,1.0,nan,alarm,persistent,0.08093193173408508,1.0,nan,alarm
medium_medium,world_only,90326,False,True,,1.0,2.0,short,0.1,73,False,nan,nan,alarm,persistent,0.11507238447666168,1.0,nan,alarm,persistent,0.10086526721715927,1.0,nan,alarm,persistent,0.09292187541723251,1.0,nan,alarm,persistent,0.09017810225486755,1.0,nan,alarm
medium_medium,world_only,90327,False,True,,1.0,-2.0,medium,0.25,78,False,nan,nan,alarm,persistent,0.1025393009185791,1.0,nan,alarm,persistent,0.0826919823884964,1.0,nan,alarm,persistent,0.08856721967458725,1.0,nan,alarm,persistent,0.08612353354692459,1.0,nan,alarm
medium_medium,world_only,90328,False,True,,1.0,-4.0,short,0.15000000000000002,74,False,nan,nan,alarm,persistent,0.1205613985657692,1.0,nan,alarm,persistent,0.1000971645116806,1.0,nan,alarm,persistent,0.10282687842845917,1.0,nan,alarm,persistent,0.09514334052801132,1.0,nan,alarm
medium_medium,world_only,90329,False,True,,1.0,4.0,medium,0.15000000000000002,75,False,nan,nan,alarm,persistent,0.09481813758611679,1.0,nan,alarm,persistent,0.08541569858789444,1.0,nan,alarm,persistent,0.08637557923793793,1.0,nan,alarm,persistent,0.09048964828252792,1.0,nan,alarm
medium_medium,world_only,90330,False,True,,1.0,1.0,short,0.1,82,False,nan,nan,alarm,persistent,0.11161331832408905,1.0,nan,alarm,persistent,0.094424769282341,1.0,nan,alarm,persistent,0.08924384415149689,1.0,nan,alarm,persistent,0.08584153652191162,1.0,nan,alarm
medium_medium,world_only,90331,False,True,,1.0,1.0,medium,-0.05,61,False,nan,nan,alarm,persistent,0.12433259189128876,1.0,nan,alarm,persistent,0.10240410268306732,1.0,nan,alarm,persistent,0.09011996537446976,1.0,nan,alarm,persistent,0.07993632555007935,1.0,nan,alarm
medium_medium,world_only,90332,False,True,,1.0,-2.0,short,-0.1,70,False,nan,nan,alarm,persistent,0.12177189439535141,1.0,nan,alarm,persistent,0.10925623029470444,1.0,nan,alarm,persistent,0.0934939756989479,1.0,nan,alarm,persistent,0.10238388925790787,1.0,nan,alarm
medium_medium,world_only,90333,False,True,,1.0,2.0,medium,0.1,72,False,nan,nan,alarm,persistent,0.09609652310609818,1.0,nan,alarm,persistent,0.08816836774349213,1.0,nan,alarm,persistent,0.08083949238061905,1.0,nan,alarm,persistent,0.08706112205982208,1.0,nan,alarm
medium_medium,world_only,90334,False,True,,1.0,4.0,short,0.05,61,False,nan,nan,alarm,persistent,0.12291617691516876,1.0,nan,alarm,persistent,0.11860854923725128,1.0,nan,alarm,persistent,0.09768008440732956,1.0,nan,alarm,persistent,0.1044088825583458,1.0,nan,alarm
medium_medium,world_only,90335,False,True,,1.0,-4.0,medium,0.1,77,False,nan,nan,alarm,persistent,0.11681672185659409,1.0,nan,alarm,persistent,0.0869772881269455,1.0,nan,alarm,persistent,0.08143944293260574,1.0,nan,alarm,persistent,0.08725803345441818,1.0,nan,alarm
medium_medium,world_only,90336,False,True,,1.0,-1.0,short,-0.15000000000000002,76,False,nan,nan,alarm,persistent,0.09456042945384979,1.0,nan,alarm,persistent,0.08067863434553146,1.0,nan,alarm,persistent,0.08009766042232513,1.0,nan,alarm,persistent,0.07148526608943939,1.0,nan,alarm
medium_medium,world_only,90337,False,True,,1.0,1.0,medium,-0.25,60,False,nan,nan,alarm,persistent,0.10475534200668335,1.0,nan,alarm,persistent,0.09075124561786652,1.0,nan,alarm,persistent,0.08857069909572601,1.0,nan,alarm,persistent,0.08769788593053818,1.0,nan,alarm
medium_medium,world_only,90338,False,True,,1.0,2.0,short,-0.1,58,False,nan,nan,alarm,persistent,0.10784482955932617,1.0,nan,alarm,persistent,0.09411643445491791,1.0,nan,alarm,persistent,0.08817603439092636,1.0,nan,alarm,persistent,0.08099520206451416,1.0,nan,alarm
medium_medium,world_only,90339,False,True,,1.0,2.0,medium,-0.05,61,False,nan,nan,alarm,persistent,0.10320502519607544,1.0,nan,alarm,persistent,0.09807030111551285,1.0,nan,alarm,persistent,0.08880023658275604,1.0,nan,alarm,persistent,0.09100383520126343,1.0,nan,alarm
medium_medium,world_only,90340,False,True,,1.0,4.0,short,-0.2,57,False,nan,nan,alarm,persistent,0.10755397379398346,1.0,nan,alarm,persistent,0.09888795018196106,1.0,nan,alarm,persistent,0.09128706157207489,1.0,nan,alarm,persistent,0.10166539251804352,1.0,nan,alarm
medium_medium,world_only,90341,False,True,,1.0,4.0,medium,0.15000000000000002,71,False,nan,nan,alarm,persistent,0.11209546029567719,1.0,nan,alarm,persistent,0.09383735805749893,1.0,nan,alarm,persistent,0.0834440290927887,1.0,nan,alarm,persistent,0.08433963358402252,1.0,nan,alarm
medium_medium,world_only,90342,False,True,,1.0,1.0,short,-0.2,69,False,nan,nan,alarm,persistent,0.11110346019268036,1.0,nan,alarm,persistent,0.09901963174343109,1.0,nan,alarm,persistent,0.09790537506341934,1.0,nan,alarm,persistent,0.08700983226299286,1.0,nan,alarm
medium_medium,world_only,90343,False,True,,1.0,1.0,medium,-0.1,70,False,nan,nan,alarm,persistent,0.11302205175161362,1.0,nan,alarm,persistent,0.08699961751699448,1.0,nan,alarm,persistent,0.08353350311517715,1.0,nan,alarm,persistent,0.08672477304935455,1.0,nan,alarm
medium_medium,world_only,90344,False,True,,1.0,2.0,short,0.2,65,False,nan,nan,alarm,persistent,0.11276830732822418,1.0,nan,alarm,persistent,0.09515680372714996,1.0,nan,alarm,persistent,0.08268366754055023,1.0,nan,alarm,persistent,0.07047097384929657,1.0,nan,alarm
medium_medium,world_only,90345,False,True,,1.0,-2.0,medium,0.0,75,False,nan,nan,alarm,persistent,0.11444775015115738,1.0,nan,alarm,persistent,0.10270196199417114,1.0,nan,alarm,persistent,0.09121629595756531,1.0,nan,alarm,persistent,0.08049411326646805,1.0,nan,alarm
medium_medium,world_only,90346,False,True,,1.0,4.0,short,-0.2,59,False,nan,nan,alarm,persistent,0.09406204521656036,1.0,nan,alarm,persistent,0.08967101573944092,1.0,nan,alarm,persistent,0.08369337767362595,1.0,nan,alarm,persistent,0.07779311388731003,1.0,nan,alarm
medium_medium,world_only,90347,False,True,,1.0,-4.0,medium,-0.2,63,False,nan,nan,alarm,persistent,0.11625530570745468,1.0,nan,alarm,persistent,0.09182477742433548,1.0,nan,alarm,persistent,0.08655345439910889,1.0,nan,alarm,persistent,0.06960885226726532,1.0,nan,alarm
medium_medium,world_only,90348,False,True,,1.0,-1.0,short,0.25,77,False,nan,nan,alarm,persistent,0.10483603179454803,1.0,nan,alarm,persistent,0.09842921793460846,1.0,nan,alarm,persistent,0.08524932712316513,1.0,nan,alarm,persistent,0.09014445543289185,1.0,nan,alarm
medium_medium,world_only,90349,False,True,,1.0,1.0,medium,0.05,63,False,nan,nan,alarm,persistent,0.12633833289146423,1.0,nan,alarm,persistent,0.10685058683156967,1.0,nan,alarm,persistent,0.0959407389163971,1.0,nan,alarm,persistent,0.09977630525827408,1.0,nan,alarm
medium_medium,world_only,90350,False,True,,1.0,-2.0,short,0.05,79,False,nan,nan,alarm,persistent,0.11077338457107544,1.0,nan,alarm,persistent,0.09986577928066254,1.0,nan,alarm,persistent,0.09705493599176407,1.0,nan,alarm,persistent,0.11132385581731796,1.0,nan,alarm
medium_medium,world_only,90351,False,True,,1.0,2.0,medium,0.25,75,False,nan,nan,alarm,persistent,0.1330692619085312,1.0,nan,alarm,persistent,0.10688824951648712,1.0,nan,alarm,persistent,0.10190997272729874,1.0,nan,alarm,persistent,0.08935412019491196,1.0,nan,alarm
medium_medium,world_only,90352,False,True,,1.0,-4.0,short,0.2,76,False,nan,nan,alarm,persistent,0.11932649463415146,1.0,nan,alarm,persistent,0.10722581297159195,1.0,nan,alarm,persistent,0.09063256531953812,1.0,nan,alarm,persistent,0.08634795248508453,1.0,nan,alarm
medium_medium,world_only,90353,False,True,,1.0,-4.0,medium,-0.05,65,False,nan,nan,alarm,persistent,0.12516087293624878,1.0,nan,alarm,persistent,0.10729746520519257,1.0,nan,alarm,persistent,0.09991388022899628,1.0,nan,alarm,persistent,0.10133309662342072,1.0,nan,alarm
medium_medium,world_only,90354,False,True,,1.0,-1.0,short,-0.25,72,False,nan,nan,alarm,persistent,0.10628392547369003,1.0,nan,alarm,persistent,0.09211884438991547,1.0,nan,alarm,persistent,0.09102281928062439,1.0,nan,alarm,persistent,0.08569897711277008,1.0,nan,alarm
medium_medium,world_only,90355,False,True,,1.0,1.0,medium,0.0,71,False,nan,nan,alarm,persistent,0.11615747213363647,1.0,nan,alarm,persistent,0.09867309778928757,1.0,nan,alarm,persistent,0.0921245813369751,1.0,nan,alarm,persistent,0.09259301424026489,1.0,nan,alarm
medium_medium,world_only,90356,False,True,,1.0,2.0,short,0.2,78,False,nan,nan,alarm,persistent,0.1295977085828781,1.0,nan,alarm,persistent,0.11160365492105484,1.0,nan,alarm,persistent,0.10529594123363495,1.0,nan,alarm,persistent,0.09187266230583191,1.0,nan,alarm
medium_medium,world_only,90357,False,True,,1.0,-2.0,medium,-0.1,69,False,nan,nan,alarm,persistent,0.11638782173395157,1.0,nan,alarm,persistent,0.10136312246322632,1.0,nan,alarm,persistent,0.09525700658559799,1.0,nan,alarm,persistent,0.09037430584430695,1.0,nan,alarm
medium_medium,world_only,90358,False,True,,1.0,4.0,short,-0.15000000000000002,74,False,nan,nan,alarm,persistent,0.12342359870672226,1.0,nan,alarm,persistent,0.1107097864151001,1.0,nan,alarm,persistent,0.09973982721567154,1.0,nan,alarm,persistent,0.09852954000234604,1.0,nan,alarm
medium_medium,world_only,90359,False,True,,1.0,-4.0,medium,-0.2,57,False,nan,nan,alarm,persistent,0.11600009351968765,1.0,nan,alarm,persistent,0.1122468113899231,1.0,nan,alarm,persistent,0.08919762074947357,1.0,nan,alarm,persistent,0.08880952000617981,1.0,nan,alarm
medium_medium,body_world,90360,True,True,m,1.436507707360915,1.0,short,-0.15000000000000002,74,False,nan,nan,alarm,persistent,0.12477713823318481,1.0,nan,alarm,persistent,0.0929488092660904,1.0,nan,alarm,persistent,0.09811682254076004,1.0,nan,alarm,persistent,0.0967213585972786,1.0,nan,alarm
medium_medium,body_world,90361,True,True,l,1.4256287739373548,-1.0,medium,-0.25,60,False,nan,nan,alarm,persistent,0.10644801706075668,1.0,nan,alarm,persistent,0.07984636723995209,1.0,nan,alarm,persistent,0.08940061181783676,1.0,nan,alarm,persistent,0.07343199104070663,1.0,nan,alarm
medium_medium,body_world,90362,True,True,m,1.4329806398316671,-2.0,short,0.2,74,False,nan,nan,alarm,persistent,0.08964990079402924,1.0,nan,alarm,persistent,0.08091536164283752,1.0,nan,alarm,persistent,0.08736474812030792,1.0,nan,alarm,persistent,0.07597842067480087,1.0,nan,alarm
medium_medium,body_world,90363,True,True,l,1.210563351806276,-2.0,medium,-0.15000000000000002,77,False,nan,nan,alarm,persistent,0.10392812639474869,1.0,nan,alarm,persistent,0.09879769384860992,1.0,nan,alarm,persistent,0.08310765773057938,1.0,nan,alarm,persistent,0.08926781266927719,1.0,nan,alarm
medium_medium,body_world,90364,True,True,m,1.372696280105733,-4.0,short,-0.15000000000000002,58,False,nan,nan,alarm,persistent,0.09729256480932236,1.0,nan,alarm,persistent,0.07946960628032684,1.0,nan,alarm,persistent,0.08876245468854904,1.0,nan,alarm,persistent,0.07315921038389206,1.0,nan,alarm
medium_medium,body_world,90365,True,True,l,1.2749895656307437,-4.0,medium,-0.2,74,False,nan,nan,alarm,persistent,0.12458129972219467,1.0,nan,alarm,persistent,0.1066225916147232,1.0,nan,alarm,persistent,0.09545502811670303,1.0,nan,alarm,persistent,0.0815407931804657,1.0,nan,alarm
medium_medium,body_world,90366,True,True,m,1.3066897985826524,-1.0,short,-0.15000000000000002,69,False,nan,nan,alarm,persistent,0.12142416089773178,1.0,nan,alarm,persistent,0.09797336161136627,1.0,nan,alarm,persistent,0.0918426662683487,1.0,nan,alarm,persistent,0.08729834854602814,1.0,nan,alarm
medium_medium,body_world,90367,True,True,l,1.3576619828175316,1.0,medium,0.15000000000000002,62,False,nan,nan,alarm,persistent,0.11462774127721786,1.0,nan,alarm,persistent,0.09957412630319595,1.0,nan,alarm,persistent,0.10826967656612396,1.0,nan,alarm,persistent,0.1140666976571083,1.0,nan,alarm
medium_medium,body_world,90368,True,True,m,1.4143053583788585,2.0,short,0.05,60,False,nan,nan,alarm,persistent,0.12667419016361237,1.0,nan,alarm,persistent,0.10150565207004547,1.0,nan,alarm,persistent,0.09289555251598358,1.0,nan,alarm,persistent,0.08944784104824066,1.0,nan,alarm
medium_medium,body_world,90369,True,True,l,1.3743712386074276,-2.0,medium,0.1,67,False,nan,nan,alarm,persistent,0.11355088651180267,1.0,nan,alarm,persistent,0.09874731302261353,1.0,nan,alarm,persistent,0.10033152252435684,1.0,nan,alarm,persistent,0.10549534857273102,1.0,nan,alarm
medium_medium,body_world,90370,True,True,m,1.5116611087725051,4.0,short,-0.25,61,False,nan,nan,alarm,persistent,0.11423319578170776,1.0,nan,alarm,persistent,0.0918239876627922,1.0,nan,alarm,persistent,0.08911175280809402,1.0,nan,alarm,persistent,0.10129890590906143,1.0,nan,alarm
medium_medium,body_world,90371,True,True,l,1.462891218935012,4.0,medium,0.2,69,False,nan,nan,alarm,persistent,0.11479966342449188,1.0,nan,alarm,persistent,0.10112571716308594,1.0,nan,alarm,persistent,0.08948199450969696,1.0,nan,alarm,persistent,0.08764152228832245,1.0,nan,alarm
medium_medium,body_world,90372,True,True,m,1.6331779731038802,-1.0,short,-0.1,65,False,nan,nan,alarm,persistent,0.1314428150653839,1.0,nan,alarm,persistent,0.10610087215900421,1.0,nan,alarm,persistent,0.08950560539960861,1.0,nan,alarm,persistent,0.08490221947431564,1.0,nan,alarm
medium_medium,body_world,90373,True,True,l,1.2018022497580947,-1.0,medium,0.1,66,False,nan,nan,alarm,persistent,0.11392521858215332,1.0,nan,alarm,persistent,0.09213802963495255,1.0,nan,alarm,persistent,0.08813375979661942,1.0,nan,alarm,persistent,0.09447543323040009,1.0,nan,alarm
medium_medium,body_world,90374,True,True,m,1.3280228263513763,-2.0,short,0.1,73,False,nan,nan,alarm,persistent,0.09893349558115005,1.0,nan,alarm,persistent,0.09217694401741028,1.0,nan,alarm,persistent,0.08290524780750275,1.0,nan,alarm,persistent,0.07566014677286148,1.0,nan,alarm
medium_medium,body_world,90375,True,True,l,1.308876304017658,2.0,medium,-0.25,65,False,nan,nan,alarm,persistent,0.11263462156057358,1.0,nan,alarm,persistent,0.09400670230388641,1.0,nan,alarm,persistent,0.10297912359237671,1.0,nan,alarm,persistent,0.08668515086174011,1.0,nan,alarm
medium_medium,body_world,90376,True,True,m,1.5016949779873145,4.0,short,0.2,70,False,nan,nan,alarm,persistent,0.1072322353720665,1.0,nan,alarm,persistent,0.08315204083919525,1.0,nan,alarm,persistent,0.08308644592761993,1.0,nan,alarm,persistent,0.07690845429897308,1.0,nan,alarm
medium_medium,body_world,90377,True,True,l,1.2414565409093206,-4.0,medium,0.25,66,False,nan,nan,alarm,persistent,0.10538820922374725,1.0,nan,alarm,persistent,0.08412932604551315,1.0,nan,alarm,persistent,0.08993138372898102,1.0,nan,alarm,persistent,0.08305180817842484,1.0,nan,alarm
medium_medium,body_world,90378,True,True,m,1.4238236120964585,1.0,short,0.25,66,False,nan,nan,alarm,persistent,0.11435767263174057,1.0,nan,alarm,persistent,0.10013420879840851,1.0,nan,alarm,persistent,0.0946677103638649,1.0,nan,alarm,persistent,0.08745356649160385,1.0,nan,alarm
medium_medium,body_world,90379,True,True,l,1.2836548774066676,-1.0,medium,-0.25,64,False,nan,nan,alarm,persistent,0.12822850048542023,1.0,nan,alarm,persistent,0.10217729955911636,1.0,nan,alarm,persistent,0.0946711078286171,1.0,nan,alarm,persistent,0.10139696300029755,1.0,nan,alarm
medium_medium,body_world,90380,True,True,m,1.3621236417497946,2.0,short,0.2,70,False,nan,nan,alarm,persistent,0.11035243421792984,1.0,nan,alarm,persistent,0.09317924082279205,1.0,nan,alarm,persistent,0.0933937206864357,1.0,nan,alarm,persistent,0.09355879575014114,1.0,nan,alarm
medium_medium,body_world,90381,True,True,l,1.3983378082528164,-2.0,medium,-0.2,74,False,nan,nan,alarm,persistent,0.1159372478723526,1.0,nan,alarm,persistent,0.09781061112880707,1.0,nan,alarm,persistent,0.09888908267021179,1.0,nan,alarm,persistent,0.09995680302381516,1.0,nan,alarm
medium_medium,body_world,90382,True,True,m,1.3509200717074077,-4.0,short,-0.2,74,False,nan,nan,alarm,persistent,0.10587296634912491,1.0,nan,alarm,persistent,0.08557949960231781,1.0,nan,alarm,persistent,0.08036603033542633,1.0,nan,alarm,persistent,0.07645975798368454,1.0,nan,alarm
medium_medium,body_world,90383,True,True,l,1.2311925915846564,4.0,medium,-0.2,58,False,nan,nan,alarm,persistent,0.10577170550823212,1.0,nan,alarm,persistent,0.09034710377454758,1.0,nan,alarm,persistent,0.09232600033283234,1.0,nan,alarm,persistent,0.07899580150842667,1.0,nan,alarm
medium_medium,body_world,90384,True,True,m,1.524037917146982,-1.0,short,0.25,63,False,nan,nan,alarm,persistent,0.11402900516986847,1.0,nan,alarm,persistent,0.08675535768270493,1.0,nan,alarm,persistent,0.08800721913576126,1.0,nan,alarm,persistent,0.0911419466137886,1.0,nan,alarm
medium_medium,body_world,90385,True,True,l,1.3531822605860213,1.0,medium,-0.2,58,False,nan,nan,alarm,persistent,0.10398288071155548,1.0,nan,alarm,persistent,0.09627722203731537,1.0,nan,alarm,persistent,0.09274521470069885,1.0,nan,alarm,persistent,0.07775532454252243,1.0,nan,alarm
medium_medium,body_world,90386,True,True,m,1.3095845696334245,2.0,short,0.1,61,False,nan,nan,alarm,persistent,0.10800721496343613,1.0,nan,alarm,persistent,0.09104675054550171,1.0,nan,alarm,persistent,0.08712299168109894,1.0,nan,alarm,persistent,0.09526865929365158,1.0,nan,alarm
medium_medium,body_world,90387,True,True,l,1.3723802328668413,-2.0,medium,-0.2,61,False,nan,nan,alarm,persistent,0.11245516687631607,1.0,nan,alarm,persistent,0.09877409040927887,1.0,nan,alarm,persistent,0.09088994562625885,1.0,nan,alarm,persistent,0.08761592209339142,1.0,nan,alarm
medium_medium,body_world,90388,True,True,m,1.6369604542264304,4.0,short,0.25,64,False,nan,nan,alarm,persistent,0.11895091831684113,1.0,nan,alarm,persistent,0.10677091032266617,1.0,nan,alarm,persistent,0.10192535072565079,1.0,nan,alarm,persistent,0.1173005923628807,1.0,nan,alarm
medium_medium,body_world,90389,True,True,l,1.4434986184388112,4.0,medium,0.1,68,False,nan,nan,alarm,persistent,0.11183275282382965,1.0,nan,alarm,persistent,0.09370150417089462,1.0,nan,alarm,persistent,0.09470880776643753,1.0,nan,alarm,persistent,0.08948176354169846,1.0,nan,alarm
medium_medium,body_world,90390,True,True,m,1.628686273513856,1.0,short,-0.25,63,False,nan,nan,alarm,persistent,0.11832436174154282,1.0,nan,alarm,persistent,0.08795172721147537,1.0,nan,alarm,persistent,0.09008200466632843,1.0,nan,alarm,persistent,0.08842577040195465,1.0,nan,alarm
medium_medium,body_world,90391,True,True,l,1.4997252692437577,-1.0,medium,-0.25,60,False,nan,nan,alarm,persistent,0.11730680614709854,1.0,nan,alarm,persistent,0.09360923618078232,1.0,nan,alarm,persistent,0.08371037989854813,1.0,nan,alarm,persistent,0.0810888335108757,1.0,nan,alarm
medium_medium,body_world,90392,True,True,m,1.4793682183432437,2.0,short,-0.2,56,False,nan,nan,alarm,persistent,0.10926719009876251,1.0,nan,alarm,persistent,0.09863027930259705,1.0,nan,alarm,persistent,0.1008363589644432,1.0,nan,alarm,persistent,0.10259145498275757,1.0,nan,alarm
medium_medium,body_world,90393,True,True,l,1.373838534697687,-2.0,medium,0.2,80,False,nan,nan,alarm,persistent,0.11998728662729263,1.0,nan,alarm,persistent,0.10458184778690338,1.0,nan,alarm,persistent,0.10280472040176392,1.0,nan,alarm,persistent,0.10415079444646835,1.0,nan,alarm
medium_medium,body_world,90394,True,True,m,1.374879786515465,4.0,short,-0.2,58,False,nan,nan,alarm,persistent,0.1031203642487526,1.0,nan,alarm,persistent,0.08427153527736664,1.0,nan,alarm,persistent,0.07607489079236984,1.0,nan,alarm,persistent,0.08130387961864471,1.0,nan,alarm
medium_medium,body_world,90395,True,True,l,1.2278138310881848,-4.0,medium,-0.2,72,False,nan,nan,alarm,persistent,0.11399320513010025,1.0,nan,alarm,persistent,0.0898701399564743,1.0,nan,alarm,persistent,0.08825130015611649,1.0,nan,alarm,persistent,0.08629371225833893,1.0,nan,alarm
medium_medium,body_world,90396,True,True,m,1.5997246997728216,1.0,short,-0.15000000000000002,76,False,nan,nan,alarm,persistent,0.12076926231384277,1.0,nan,alarm,persistent,0.10965605080127716,1.0,nan,alarm,persistent,0.10174383968114853,1.0,nan,alarm,persistent,0.09653662145137787,1.0,nan,alarm
medium_medium,body_world,90397,True,True,l,1.2083810902658325,1.0,medium,0.15000000000000002,74,False,nan,nan,alarm,persistent,0.09429755061864853,1.0,nan,alarm,persistent,0.07705698907375336,1.0,nan,alarm,persistent,0.08275303244590759,1.0,nan,alarm,persistent,0.07378222048282623,1.0,nan,alarm
medium_medium,body_world,90398,True,True,m,1.605681322392905,2.0,short,-0.05,61,False,nan,nan,alarm,persistent,0.09720478951931,1.0,nan,alarm,persistent,0.08575592935085297,1.0,nan,alarm,persistent,0.0869436115026474,1.0,nan,alarm,persistent,0.08516785502433777,1.0,nan,alarm
medium_medium,body_world,90399,True,True,l,1.216354811034764,-2.0,medium,-0.25,60,True,3.0500000000000003,0.12321551889181137,world,settled,0.1308777779340744,1.0,0.15290677547454834,world,settled,0.10085739195346832,1.0,0.2553877830505371,world,settled,0.10883184522390366,1.0,0.3314323127269745,world,settled,0.1105789914727211,1.0,0.12321551889181137,world
medium_medium,body_world,90400,True,True,m,1.3999353886758357,4.0,short,-0.05,71,False,nan,nan,alarm,persistent,0.09329026937484741,1.0,nan,alarm,persistent,0.08668520301580429,1.0,nan,alarm,persistent,0.08246377110481262,1.0,nan,alarm,persistent,0.08826790750026703,1.0,nan,alarm
medium_medium,body_world,90401,True,True,l,1.3909618610188579,-4.0,medium,0.2,64,False,nan,nan,alarm,persistent,0.1191609650850296,1.0,nan,alarm,persistent,0.1018773540854454,1.0,nan,alarm,persistent,0.10542234033346176,1.0,nan,alarm,persistent,0.09690217673778534,1.0,nan,alarm
medium_medium,body_world,90402,True,True,m,1.4765881692612393,-1.0,short,-0.15000000000000002,72,False,nan,nan,alarm,persistent,0.09643355756998062,1.0,nan,alarm,persistent,0.080220066010952,1.0,nan,alarm,persistent,0.07779131829738617,1.0,nan,alarm,persistent,0.08109570294618607,1.0,nan,alarm
medium_medium,body_world,90403,True,True,l,1.2287348099119875,1.0,medium,-0.1,60,False,nan,nan,alarm,persistent,0.1229073777794838,1.0,nan,alarm,persistent,0.09474492073059082,1.0,nan,alarm,persistent,0.07578988373279572,1.0,nan,alarm,persistent,0.08128578960895538,1.0,nan,alarm
medium_medium,body_world,90404,True,True,m,1.5959684874168683,-2.0,short,-0.2,61,False,nan,nan,alarm,persistent,0.12529249489307404,1.0,nan,alarm,persistent,0.10769072920084,1.0,nan,alarm,persistent,0.09544362127780914,1.0,nan,alarm,persistent,0.097859688103199,1.0,nan,alarm
medium_medium,body_world,90405,True,True,l,1.4263406910614387,-2.0,medium,-0.15000000000000002,77,False,nan,nan,alarm,persistent,0.09485283493995667,1.0,nan,alarm,persistent,0.09161939471960068,1.0,nan,alarm,persistent,0.08261808753013611,1.0,nan,alarm,persistent,0.09842153638601303,1.0,nan,alarm
medium_medium,body_world,90406,True,True,m,1.5761825745829299,-4.0,short,0.25,68,False,nan,nan,alarm,persistent,0.1051555648446083,1.0,nan,alarm,persistent,0.08800636231899261,1.0,nan,alarm,persistent,0.09003861248493195,1.0,nan,alarm,persistent,0.10042300075292587,1.0,nan,alarm
medium_medium,body_world,90407,True,True,l,1.3075505965528191,-4.0,medium,0.25,60,False,nan,nan,alarm,persistent,0.11765515804290771,1.0,nan,alarm,persistent,0.09922929108142853,1.0,nan,alarm,persistent,0.09216733276844025,1.0,nan,alarm,persistent,0.08716975152492523,1.0,nan,alarm
medium_medium,body_world,90408,True,True,m,1.5508532757037867,1.0,short,-0.25,74,False,nan,nan,alarm,persistent,0.12194617837667465,1.0,nan,alarm,persistent,0.10166142135858536,1.0,nan,alarm,persistent,0.0946018174290657,1.0,nan,alarm,persistent,0.09027405828237534,1.0,nan,alarm
medium_medium,body_world,90409,True,True,l,1.386472676208235,1.0,medium,0.05,62,False,nan,nan,alarm,persistent,0.13418419659137726,1.0,nan,alarm,persistent,0.11108563840389252,1.0,nan,alarm,persistent,0.10555040836334229,1.0,nan,alarm,persistent,0.10035254806280136,1.0,nan,alarm
medium_medium,body_world,90410,True,True,m,1.305798982810204,2.0,short,0.0,73,False,nan,nan,alarm,persistent,0.12771856784820557,1.0,nan,alarm,persistent,0.10528150945901871,1.0,nan,alarm,persistent,0.09160289913415909,1.0,nan,alarm,persistent,0.09623181819915771,1.0,nan,alarm
medium_medium,body_world,90411,True,True,l,1.201605261104429,-2.0,medium,0.15000000000000002,64,False,nan,nan,alarm,persistent,0.147904172539711,1.0,nan,alarm,persistent,0.12107884883880615,1.0,nan,alarm,persistent,0.11932779848575592,1.0,nan,alarm,persistent,0.08827370405197144,1.0,nan,alarm
medium_medium,body_world,90412,True,True,m,1.6785527327767333,-4.0,short,-0.2,66,False,nan,nan,alarm,persistent,0.11826658248901367,1.0,nan,alarm,persistent,0.09472675621509552,1.0,nan,alarm,persistent,0.08709724992513657,1.0,nan,alarm,persistent,0.09507309645414352,1.0,nan,alarm
medium_medium,body_world,90413,True,True,l,1.497413653722908,4.0,medium,-0.05,68,False,nan,nan,alarm,persistent,0.0859171599149704,1.0,nan,alarm,persistent,0.07486355304718018,1.0,nan,alarm,persistent,0.07924572378396988,1.0,nan,alarm,persistent,0.09662075340747833,1.0,nan,alarm
medium_medium,body_world,90414,True,True,m,1.6384059842206313,-1.0,short,-0.1,67,False,nan,nan,alarm,persistent,0.09415697306394577,1.0,nan,alarm,persistent,0.08482464402914047,1.0,nan,alarm,persistent,0.07954682409763336,1.0,nan,alarm,persistent,0.07807287573814392,1.0,nan,alarm
medium_medium,body_world,90415,True,True,l,1.4445958942354706,1.0,medium,-0.15000000000000002,61,False,nan,nan,alarm,persistent,0.11696954071521759,1.0,nan,alarm,persistent,0.09523453563451767,1.0,nan,alarm,persistent,0.08813554793596268,1.0,nan,alarm,persistent,0.1065170168876648,1.0,nan,alarm
medium_medium,body_world,90416,True,True,m,1.4228738912776615,-2.0,short,-0.05,70,False,nan,nan,alarm,persistent,0.10170215368270874,1.0,nan,alarm,persistent,0.08828523755073547,1.0,nan,alarm,persistent,0.08355825394392014,1.0,nan,alarm,persistent,0.08372363448143005,1.0,nan,alarm
medium_medium,body_world,90417,True,True,l,1.412003609654068,-2.0,medium,-0.15000000000000002,63,False,nan,nan,alarm,persistent,0.10655029118061066,1.0,nan,alarm,persistent,0.08487240225076675,1.0,nan,alarm,persistent,0.08768182247877121,1.0,nan,alarm,persistent,0.07818195223808289,1.0,nan,alarm
medium_medium,body_world,90418,True,True,m,1.6633408277228265,4.0,short,0.25,65,False,nan,nan,alarm,persistent,0.10249175876379013,1.0,nan,alarm,persistent,0.08906110376119614,1.0,nan,alarm,persistent,0.08692876994609833,1.0,nan,alarm,persistent,0.072331503033638,1.0,nan,alarm
medium_medium,body_world,90419,True,True,l,1.4868039659450991,-4.0,medium,0.25,75,False,nan,nan,alarm,persistent,0.12972809374332428,1.0,nan,alarm,persistent,0.1115625873208046,1.0,nan,alarm,persistent,0.10901516675949097,1.0,nan,alarm,persistent,0.10293587297201157,1.0,nan,alarm
medium_medium,body_world,90420,True,True,m,1.5449902128447706,1.0,short,-0.05,63,False,nan,nan,alarm,persistent,0.11346639692783356,1.0,nan,alarm,persistent,0.09446841478347778,1.0,nan,alarm,persistent,0.08902057260274887,1.0,nan,alarm,persistent,0.08936730027198792,1.0,nan,alarm
medium_medium,body_world,90421,True,True,l,1.3429074718778478,1.0,medium,-0.05,68,False,nan,nan,alarm,persistent,0.12507915496826172,1.0,nan,alarm,persistent,0.09521204978227615,1.0,nan,alarm,persistent,0.09607832878828049,1.0,nan,alarm,persistent,0.09163554012775421,1.0,nan,alarm
medium_medium,body_world,90422,True,True,m,1.4859152920245902,2.0,short,-0.2,56,False,nan,nan,alarm,persistent,0.11578257381916046,1.0,nan,alarm,persistent,0.10049568116664886,1.0,nan,alarm,persistent,0.0900266170501709,1.0,nan,alarm,persistent,0.0928952619433403,1.0,nan,alarm
medium_medium,body_world,90423,True,True,l,1.4537628318674107,-2.0,medium,0.0,61,False,nan,nan,alarm,persistent,0.12224739789962769,1.0,nan,alarm,persistent,0.10890237987041473,1.0,nan,alarm,persistent,0.11030071973800659,1.0,nan,alarm,persistent,0.10054884850978851,1.0,nan,alarm
medium_medium,body_world,90424,True,True,m,1.5039422662674549,-4.0,short,-0.2,72,False,nan,nan,alarm,persistent,0.11095651239156723,1.0,nan,alarm,persistent,0.08744744956493378,1.0,nan,alarm,persistent,0.07778652012348175,1.0,nan,alarm,persistent,0.08555816113948822,1.0,nan,alarm
medium_medium,body_world,90425,True,True,l,1.484051795950852,4.0,medium,0.0,66,False,nan,nan,alarm,persistent,0.10350359976291656,1.0,nan,alarm,persistent,0.08375991135835648,1.0,nan,alarm,persistent,0.08146815001964569,1.0,nan,alarm,persistent,0.08550681173801422,1.0,nan,alarm
medium_medium,body_world,90426,True,True,m,1.499613542769097,-1.0,short,-0.2,68,False,nan,nan,alarm,persistent,0.08743507415056229,1.0,nan,alarm,persistent,0.07788102328777313,1.0,nan,alarm,persistent,0.0723927766084671,1.0,nan,alarm,persistent,0.0802454948425293,1.0,nan,alarm
medium_medium,body_world,90427,True,True,l,1.2434438593395136,1.0,medium,0.05,67,False,nan,nan,alarm,persistent,0.09479502588510513,1.0,nan,alarm,persistent,0.0849224328994751,1.0,nan,alarm,persistent,0.09295624494552612,1.0,nan,alarm,persistent,0.0723063126206398,1.0,nan,alarm
medium_medium,body_world,90428,True,True,m,1.5747146197091175,2.0,short,0.25,64,False,nan,nan,alarm,persistent,0.10369132459163666,1.0,nan,alarm,persistent,0.09857535362243652,1.0,nan,alarm,persistent,0.09013130515813828,1.0,nan,alarm,persistent,0.10096269845962524,1.0,nan,alarm
medium_medium,body_world,90429,True,True,l,1.4646053079069046,-2.0,medium,0.1,67,False,nan,nan,alarm,persistent,0.12161195278167725,1.0,nan,alarm,persistent,0.10192372649908066,1.0,nan,alarm,persistent,0.1040765643119812,1.0,nan,alarm,persistent,0.11110226809978485,1.0,nan,alarm
medium_medium,body_world,90430,True,True,m,1.6725099978259204,-4.0,short,0.1,62,False,nan,nan,alarm,persistent,0.0846848413348198,1.0,nan,alarm,persistent,0.07479166239500046,1.0,nan,alarm,persistent,0.0747329592704773,1.0,nan,alarm,persistent,0.08746860921382904,1.0,nan,alarm
medium_medium,body_world,90431,True,True,l,1.3236542402011626,-4.0,medium,0.1,67,False,nan,nan,alarm,persistent,0.1239321231842041,1.0,nan,alarm,persistent,0.10586072504520416,1.0,nan,alarm,persistent,0.0916060134768486,1.0,nan,alarm,persistent,0.096188023686409,1.0,nan,alarm
medium_medium,body_world,90432,True,True,m,1.3642720743548598,-1.0,short,0.15000000000000002,61,False,nan,nan,alarm,persistent,0.12480689585208893,1.0,nan,alarm,persistent,0.10110697895288467,1.0,nan,alarm,persistent,0.08939531445503235,1.0,nan,alarm,persistent,0.10007979720830917,1.0,nan,alarm
medium_medium,body_world,90433,True,True,l,1.3743791243103016,-1.0,medium,0.05,77,False,nan,nan,alarm,persistent,0.11663885414600372,1.0,nan,alarm,persistent,0.0857134535908699,1.0,nan,alarm,persistent,0.08411916345357895,1.0,nan,alarm,persistent,0.07722477614879608,1.0,nan,alarm
medium_medium,body_world,90434,True,True,m,1.4747028802268096,2.0,short,-0.05,62,False,nan,nan,alarm,persistent,0.09922157227993011,1.0,nan,alarm,persistent,0.08644013106822968,1.0,nan,alarm,persistent,0.07992370426654816,1.0,nan,alarm,persistent,0.09099197387695312,1.0,nan,alarm
medium_medium,body_world,90435,True,True,l,1.3038106075252267,-2.0,medium,-0.2,60,False,nan,nan,alarm,persistent,0.11176302284002304,1.0,nan,alarm,persistent,0.09768133610486984,1.0,nan,alarm,persistent,0.08554177731275558,1.0,nan,alarm,persistent,0.09302307665348053,1.0,nan,alarm
medium_medium,body_world,90436,True,True,m,1.6168586909623586,4.0,short,-0.05,79,False,nan,nan,alarm,persistent,0.10529129207134247,1.0,nan,alarm,persistent,0.08673790097236633,1.0,nan,alarm,persistent,0.08665194362401962,1.0,nan,alarm,persistent,0.0808655396103859,1.0,nan,alarm
medium_medium,body_world,90437,True,True,l,1.3291113567705524,-4.0,medium,0.15000000000000002,77,False,nan,nan,alarm,persistent,0.10813625156879425,1.0,nan,alarm,persistent,0.0956052839756012,1.0,nan,alarm,persistent,0.09132824093103409,1.0,nan,alarm,persistent,0.09169206023216248,1.0,nan,alarm
medium_medium,body_world,90438,True,True,m,1.329008599029527,-1.0,short,0.05,80,False,nan,nan,alarm,persistent,0.12646490335464478,1.0,nan,alarm,persistent,0.11222581565380096,1.0,nan,alarm,persistent,0.0953640416264534,1.0,nan,alarm,persistent,0.08667157590389252,1.0,nan,alarm
medium_medium,body_world,90439,True,True,l,1.445391509411858,1.0,medium,0.0,66,False,nan,nan,alarm,persistent,0.09855322539806366,1.0,nan,alarm,persistent,0.08154076337814331,1.0,nan,alarm,persistent,0.07475870847702026,1.0,nan,alarm,persistent,0.0877811536192894,1.0,nan,alarm
medium_medium,body_world,90440,True,True,m,1.5564106744089927,2.0,short,0.25,74,False,nan,nan,alarm,persistent,0.10247199237346649,1.0,nan,alarm,persistent,0.09009040147066116,1.0,nan,alarm,persistent,0.0840068906545639,1.0,nan,alarm,persistent,0.08397717028856277,1.0,nan,alarm
medium_medium,body_world,90441,True,True,l,1.3070596772413094,2.0,medium,0.2,71,False,nan,nan,alarm,persistent,0.12013884633779526,1.0,nan,alarm,persistent,0.09703167527914047,1.0,nan,alarm,persistent,0.08934330940246582,1.0,nan,alarm,persistent,0.08996310085058212,1.0,nan,alarm
medium_medium,body_world,90442,True,True,m,1.6269524228642334,4.0,short,0.25,74,False,nan,nan,alarm,persistent,0.1101224422454834,1.0,nan,alarm,persistent,0.0871315598487854,1.0,nan,alarm,persistent,0.08915986865758896,1.0,nan,alarm,persistent,0.09113733470439911,1.0,nan,alarm
medium_medium,body_world,90443,True,True,l,1.378277312801848,-4.0,medium,-0.1,72,False,nan,nan,alarm,persistent,0.09944760799407959,1.0,nan,alarm,persistent,0.08883138746023178,1.0,nan,alarm,persistent,0.1053229421377182,1.0,nan,alarm,persistent,0.09134851396083832,1.0,nan,alarm
medium_medium,body_world,90444,True,True,m,1.453510197141481,1.0,short,0.0,71,False,nan,nan,alarm,persistent,0.10202522575855255,1.0,nan,alarm,persistent,0.09609855711460114,1.0,nan,alarm,persistent,0.08291344344615936,1.0,nan,alarm,persistent,0.08089056611061096,1.0,nan,alarm
medium_medium,body_world,90445,True,True,l,1.3665797638238526,-1.0,medium,0.0,62,False,nan,nan,alarm,persistent,0.13230136036872864,1.0,nan,alarm,persistent,0.10840761661529541,1.0,nan,alarm,persistent,0.10015992820262909,1.0,nan,alarm,persistent,0.098262719810009,1.0,nan,alarm
medium_medium,body_world,90446,True,True,m,1.33490869903924,-2.0,short,-0.25,64,False,nan,nan,alarm,persistent,0.10730169713497162,1.0,nan,alarm,persistent,0.09545056521892548,1.0,nan,alarm,persistent,0.08733968436717987,1.0,nan,alarm,persistent,0.09503496438264847,1.0,nan,alarm
medium_medium,body_world,90447,True,True,l,1.360545744961593,2.0,medium,0.25,71,False,nan,nan,alarm,persistent,0.1117120012640953,1.0,nan,alarm,persistent,0.10054095089435577,1.0,nan,alarm,persistent,0.1015547662973404,1.0,nan,alarm,persistent,0.08914844691753387,1.0,nan,alarm
medium_medium,body_world,90448,True,True,m,1.3926898559008811,4.0,short,0.0,79,False,nan,nan,alarm,persistent,0.08920519053936005,1.0,nan,alarm,persistent,0.07238312065601349,1.0,nan,alarm,persistent,0.07252557575702667,1.0,nan,alarm,persistent,0.07674883306026459,1.0,nan,alarm
medium_medium,body_world,90449,True,True,l,1.4996288562259714,4.0,medium,-0.15000000000000002,69,False,nan,nan,alarm,persistent,0.09773629903793335,1.0,nan,alarm,persistent,0.08686940371990204,1.0,nan,alarm,persistent,0.07256151735782623,1.0,nan,alarm,persistent,0.08742082864046097,1.0,nan,alarm
medium_medium,body_world,90450,True,True,m,1.6497126455801099,-1.0,short,-0.15000000000000002,68,False,nan,nan,alarm,persistent,0.09984192997217178,1.0,nan,alarm,persistent,0.08988078683614731,1.0,nan,alarm,persistent,0.08560094982385635,1.0,nan,alarm,persistent,0.07782552391290665,1.0,nan,alarm
medium_medium,body_world,90451,True,True,l,1.4011624978174013,-1.0,medium,-0.1,69,False,nan,nan,alarm,persistent,0.12421021610498428,1.0,nan,alarm,persistent,0.09843315184116364,1.0,nan,alarm,persistent,0.09139689803123474,1.0,nan,alarm,persistent,0.09256120026111603,1.0,nan,alarm
medium_medium,body_world,90452,True,True,m,1.3459971515369575,2.0,short,0.0,75,False,nan,nan,alarm,persistent,0.09584744274616241,1.0,nan,alarm,persistent,0.08397732675075531,1.0,nan,alarm,persistent,0.08470706641674042,1.0,nan,alarm,persistent,0.08029812574386597,1.0,nan,alarm
medium_medium,body_world,90453,True,True,l,1.3128410648573021,-2.0,medium,-0.2,60,False,nan,nan,alarm,persistent,0.12167509645223618,1.0,nan,alarm,persistent,0.11048083007335663,1.0,nan,alarm,persistent,0.09789638966321945,1.0,nan,alarm,persistent,0.08978850394487381,1.0,nan,alarm
medium_medium,body_world,90454,True,True,m,1.4532800695650452,4.0,short,0.25,80,False,nan,nan,alarm,persistent,0.10868009179830551,1.0,nan,alarm,persistent,0.09936609119176865,1.0,nan,alarm,persistent,0.08924376219511032,1.0,nan,alarm,persistent,0.08837541937828064,1.0,nan,alarm
medium_medium,body_world,90455,True,True,l,1.4639866887179158,4.0,medium,0.1,63,False,nan,nan,alarm,persistent,0.0954311266541481,1.0,nan,alarm,persistent,0.07650020718574524,1.0,nan,alarm,persistent,0.08317305147647858,1.0,nan,alarm,persistent,0.08966806530952454,1.0,nan,alarm
medium_medium,body_world,90456,True,True,m,1.437503394575647,1.0,short,-0.05,71,False,nan,nan,alarm,persistent,0.0935276597738266,1.0,nan,alarm,persistent,0.08074072003364563,1.0,nan,alarm,persistent,0.0789535865187645,1.0,nan,alarm,persistent,0.06922370940446854,1.0,nan,alarm
medium_medium,body_world,90457,True,True,l,1.433005966120608,-1.0,medium,0.1,79,False,nan,nan,alarm,persistent,0.12858282029628754,1.0,nan,alarm,persistent,0.09996432065963745,1.0,nan,alarm,persistent,0.10060795396566391,1.0,nan,alarm,persistent,0.1124064102768898,1.0,nan,alarm
medium_medium,body_world,90458,True,True,m,1.5714723561915191,-2.0,short,0.1,75,False,nan,nan,alarm,persistent,0.11491373926401138,1.0,nan,alarm,persistent,0.08727674186229706,1.0,nan,alarm,persistent,0.08310958743095398,1.0,nan,alarm,persistent,0.08065987378358841,1.0,nan,alarm
medium_medium,body_world,90459,True,True,l,1.423809978213943,-2.0,medium,-0.15000000000000002,75,False,nan,nan,alarm,persistent,0.11414922773838043,1.0,nan,alarm,persistent,0.10309398174285889,1.0,nan,alarm,persistent,0.09716017544269562,1.0,nan,alarm,persistent,0.10494141280651093,1.0,nan,alarm
medium_medium,body_world,90460,True,True,m,1.501503010941712,-4.0,short,0.1,65,False,nan,nan,alarm,persistent,0.11001364886760712,1.0,nan,alarm,persistent,0.09377735108137131,1.0,nan,alarm,persistent,0.08762837946414948,1.0,nan,alarm,persistent,0.08512823283672333,1.0,nan,alarm
medium_medium,body_world,90461,True,True,l,1.4979893620177673,-4.0,medium,-0.05,68,False,nan,nan,alarm,persistent,0.10616425424814224,1.0,nan,alarm,persistent,0.09145716577768326,1.0,nan,alarm,persistent,0.08107435703277588,1.0,nan,alarm,persistent,0.08929562568664551,1.0,nan,alarm
medium_medium,body_world,90462,True,True,m,1.32405485767968,-1.0,short,0.15000000000000002,61,False,nan,nan,alarm,persistent,0.10786745697259903,1.0,nan,alarm,persistent,0.10344483703374863,1.0,nan,alarm,persistent,0.09009484946727753,1.0,nan,alarm,persistent,0.08966774493455887,1.0,nan,alarm
medium_medium,body_world,90463,True,True,l,1.2959566174498844,1.0,medium,-0.05,60,False,nan,nan,alarm,persistent,0.0982191413640976,1.0,nan,alarm,persistent,0.09737782925367355,1.0,nan,alarm,persistent,0.0896783098578453,1.0,nan,alarm,persistent,0.08083195984363556,1.0,nan,alarm
medium_medium,body_world,90464,True,True,m,1.5484915809048363,-2.0,short,0.25,68,False,nan,nan,alarm,persistent,0.09233175963163376,1.0,nan,alarm,persistent,0.09118472039699554,1.0,nan,alarm,persistent,0.09288803488016129,1.0,nan,alarm,persistent,0.09367632120847702,1.0,nan,alarm
medium_medium,body_world,90465,True,True,l,1.428408630737959,-2.0,medium,-0.25,69,False,nan,nan,alarm,persistent,0.10993355512619019,1.0,nan,alarm,persistent,0.08655600249767303,1.0,nan,alarm,persistent,0.08926808089017868,1.0,nan,alarm,persistent,0.08160208910703659,1.0,nan,alarm
medium_medium,body_world,90466,True,True,m,1.3278826334953207,4.0,short,0.1,72,False,nan,nan,alarm,persistent,0.11100363731384277,1.0,nan,alarm,persistent,0.09370578825473785,1.0,nan,alarm,persistent,0.09562530368566513,1.0,nan,alarm,persistent,0.08415640890598297,1.0,nan,alarm
medium_medium,body_world,90467,True,True,l,1.224242705022093,-4.0,medium,0.2,67,False,nan,nan,alarm,persistent,0.12215529382228851,1.0,nan,alarm,persistent,0.0988062396645546,1.0,nan,alarm,persistent,0.09570600092411041,1.0,nan,alarm,persistent,0.09921135008335114,1.0,nan,alarm
medium_medium,body_world,90468,True,True,m,1.377155487281401,1.0,short,0.25,65,False,nan,nan,alarm,persistent,0.11116155236959457,1.0,nan,alarm,persistent,0.09127773344516754,1.0,nan,alarm,persistent,0.09450798481702805,1.0,nan,alarm,persistent,0.07812979817390442,1.0,nan,alarm
medium_medium,body_world,90469,True,True,l,1.2775926055522053,-1.0,medium,-0.2,67,False,nan,nan,alarm,persistent,0.11731918901205063,1.0,nan,alarm,persistent,0.10383117198944092,1.0,nan,alarm,persistent,0.0983385220170021,1.0,nan,alarm,persistent,0.08651566505432129,1.0,nan,alarm
medium_medium,body_world,90470,True,True,m,1.5219750255884492,2.0,short,-0.05,70,False,nan,nan,alarm,persistent,0.12507015466690063,1.0,nan,alarm,persistent,0.09755698591470718,1.0,nan,alarm,persistent,0.09603391587734222,1.0,nan,alarm,persistent,0.09354277700185776,1.0,nan,alarm
medium_medium,body_world,90471,True,True,l,1.2543795609592172,2.0,medium,0.0,63,False,nan,nan,alarm,persistent,0.12651202082633972,1.0,nan,alarm,persistent,0.10838775336742401,1.0,nan,alarm,persistent,0.09440962225198746,1.0,nan,alarm,persistent,0.09522826969623566,1.0,nan,alarm
medium_medium,body_world,90472,True,True,m,1.523888147333015,4.0,short,0.25,77,False,nan,nan,alarm,persistent,0.10444756597280502,1.0,nan,alarm,persistent,0.09165556728839874,1.0,nan,alarm,persistent,0.08421342074871063,1.0,nan,alarm,persistent,0.08515629172325134,1.0,nan,alarm
medium_medium,body_world,90473,True,True,l,1.4189126139922845,-4.0,medium,-0.25,63,False,nan,nan,alarm,persistent,0.09643598645925522,1.0,nan,alarm,persistent,0.08333566784858704,1.0,nan,alarm,persistent,0.0777975544333458,1.0,nan,alarm,persistent,0.09330354630947113,1.0,nan,alarm
medium_medium,body_world,90474,True,True,m,1.3393605416224226,1.0,short,0.0,80,False,nan,nan,alarm,persistent,0.1083957776427269,1.0,nan,alarm,persistent,0.0877317562699318,1.0,nan,alarm,persistent,0.09823152422904968,1.0,nan,alarm,persistent,0.08566117286682129,1.0,nan,alarm
medium_medium,body_world,90475,True,True,l,1.4134205728523153,1.0,medium,0.1,66,False,nan,nan,alarm,persistent,0.10092923790216446,1.0,nan,alarm,persistent,0.0906481072306633,1.0,nan,alarm,persistent,0.08735919743776321,1.0,nan,alarm,persistent,0.1044103130698204,1.0,nan,alarm
medium_medium,body_world,90476,True,True,m,1.3814810158500825,-2.0,short,0.0,70,False,nan,nan,alarm,persistent,0.12300030142068863,1.0,nan,alarm,persistent,0.09966358542442322,1.0,nan,alarm,persistent,0.08615777641534805,1.0,nan,alarm,persistent,0.10049261897802353,1.0,nan,alarm
medium_medium,body_world,90477,True,True,l,1.4674729887667173,2.0,medium,0.1,78,False,nan,nan,alarm,persistent,0.12701937556266785,1.0,nan,alarm,persistent,0.10478679835796356,1.0,nan,alarm,persistent,0.0969943255186081,1.0,nan,alarm,persistent,0.08487160503864288,1.0,nan,alarm
medium_medium,body_world,90478,True,True,m,1.5027032697774165,4.0,short,0.0,80,False,nan,nan,alarm,persistent,0.11646266281604767,1.0,nan,alarm,persistent,0.10075615346431732,1.0,nan,alarm,persistent,0.10393905639648438,1.0,nan,alarm,persistent,0.09240353107452393,1.0,nan,alarm
medium_medium,body_world,90479,True,True,l,1.3850046666885212,-4.0,medium,0.0,66,False,nan,nan,alarm,persistent,0.12881775200366974,1.0,nan,alarm,persistent,0.10163763910531998,1.0,nan,alarm,persistent,0.09320013225078583,1.0,nan,alarm,persistent,0.09651746600866318,1.0,nan,alarm
medium_medium,calib,90480,False,False,,1.0,0.0,,0.0,64,False,nan,nan,alarm,persistent,0.117690309882164,1.0,nan,alarm,persistent,0.09336704760789871,1.0,nan,alarm,persistent,0.08762440830469131,1.0,nan,alarm,persistent,0.08327050507068634,1.0,nan,alarm
medium_medium,calib,90481,False,False,,1.0,0.0,,0.0,76,False,nan,nan,alarm,persistent,0.10341248661279678,1.0,nan,alarm,persistent,0.08724415302276611,1.0,nan,alarm,persistent,0.08468304574489594,1.0,nan,alarm,persistent,0.08083706349134445,1.0,nan,alarm
medium_medium,calib,90482,False,False,,1.0,0.0,,0.0,79,False,nan,nan,alarm,persistent,0.10330279916524887,1.0,nan,alarm,persistent,0.08392839133739471,1.0,nan,alarm,persistent,0.08346028625965118,1.0,nan,alarm,persistent,0.07292956113815308,1.0,nan,alarm
medium_medium,calib,90483,False,False,,1.0,0.0,,0.0,70,False,nan,nan,alarm,persistent,0.11337216943502426,1.0,nan,alarm,persistent,0.10158215463161469,1.0,nan,alarm,persistent,0.08980616182088852,1.0,nan,alarm,persistent,0.08623246103525162,1.0,nan,alarm
medium_medium,calib,90484,False,False,,1.0,0.0,,0.0,69,False,nan,nan,alarm,persistent,0.10858462005853653,1.0,nan,alarm,persistent,0.10189376771450043,1.0,nan,alarm,persistent,0.08771291375160217,1.0,nan,alarm,persistent,0.09383146464824677,1.0,nan,alarm
medium_medium,calib,90485,False,False,,1.0,0.0,,0.0,78,False,nan,nan,alarm,persistent,0.10821159929037094,1.0,nan,alarm,persistent,0.09535439312458038,1.0,nan,alarm,persistent,0.10065221786499023,1.0,nan,alarm,persistent,0.08903957903385162,1.0,nan,alarm
medium_medium,calib,90486,False,False,,1.0,0.0,,0.0,79,False,nan,nan,alarm,persistent,0.1187916249036789,1.0,nan,alarm,persistent,0.10104066133499146,1.0,nan,alarm,persistent,0.09581203013658524,1.0,nan,alarm,persistent,0.09478851407766342,1.0,nan,alarm
medium_medium,calib,90487,False,False,,1.0,0.0,,0.0,74,False,nan,nan,alarm,persistent,0.10958679765462875,1.0,nan,alarm,persistent,0.09157557785511017,1.0,nan,alarm,persistent,0.08975422382354736,1.0,nan,alarm,persistent,0.0822949931025505,1.0,nan,alarm
medium_medium,calib,90488,False,False,,1.0,0.0,,0.0,62,False,nan,nan,alarm,persistent,0.12855345010757446,1.0,nan,alarm,persistent,0.09968262910842896,1.0,nan,alarm,persistent,0.08440262079238892,1.0,nan,alarm,persistent,0.08436992764472961,1.0,nan,alarm
medium_medium,calib,90489,False,False,,1.0,0.0,,0.0,65,False,nan,nan,alarm,persistent,0.1380089968442917,1.0,nan,alarm,persistent,0.11378622055053711,1.0,nan,alarm,persistent,0.10042981803417206,1.0,nan,alarm,persistent,0.1039753332734108,1.0,nan,alarm
medium_medium,calib,90490,False,False,,1.0,0.0,,0.0,70,False,nan,nan,alarm,persistent,0.11589175462722778,1.0,nan,alarm,persistent,0.0962761789560318,1.0,nan,alarm,persistent,0.08126373589038849,1.0,nan,alarm,persistent,0.07740195840597153,1.0,nan,alarm
medium_medium,calib,90491,False,False,,1.0,0.0,,0.0,63,False,nan,nan,alarm,persistent,0.12717917561531067,1.0,nan,alarm,persistent,0.10698561370372772,1.0,nan,alarm,persistent,0.10063980519771576,1.0,nan,alarm,persistent,0.08840644359588623,1.0,nan,alarm
medium_medium,calib,90492,False,False,,1.0,0.0,,0.0,66,False,nan,nan,alarm,persistent,0.1053333505988121,1.0,nan,alarm,persistent,0.09336638450622559,1.0,nan,alarm,persistent,0.0815003514289856,1.0,nan,alarm,persistent,0.07988108694553375,1.0,nan,alarm
medium_medium,calib,90493,False,False,,1.0,0.0,,0.0,80,False,nan,nan,alarm,persistent,0.11873467266559601,1.0,nan,alarm,persistent,0.10611126571893692,1.0,nan,alarm,persistent,0.09249605238437653,1.0,nan,alarm,persistent,0.08193224668502808,1.0,nan,alarm
medium_medium,calib,90494,False,False,,1.0,0.0,,0.0,79,False,nan,nan,alarm,persistent,0.12405161559581757,1.0,nan,alarm,persistent,0.10371245443820953,1.0,nan,alarm,persistent,0.09060029685497284,1.0,nan,alarm,persistent,0.09575265645980835,1.0,nan,alarm
medium_medium,calib,90495,False,False,,1.0,0.0,,0.0,75,False,nan,nan,alarm,persistent,0.10384073108434677,1.0,nan,alarm,persistent,0.10168645530939102,1.0,nan,alarm,persistent,0.08732225745916367,1.0,nan,alarm,persistent,0.08240485936403275,1.0,nan,alarm
medium_medium,calib,90496,False,False,,1.0,0.0,,0.0,76,False,nan,nan,alarm,persistent,0.12852564454078674,1.0,nan,alarm,persistent,0.11203906685113907,1.0,nan,alarm,persistent,0.10778094828128815,1.0,nan,alarm,persistent,0.09008532017469406,1.0,nan,alarm
medium_medium,calib,90497,False,False,,1.0,0.0,,0.0,68,False,nan,nan,alarm,persistent,0.1147473007440567,1.0,nan,alarm,persistent,0.0996585488319397,1.0,nan,alarm,persistent,0.09999674558639526,1.0,nan,alarm,persistent,0.08308214694261551,1.0,nan,alarm
medium_medium,calib,90498,False,False,,1.0,0.0,,0.0,70,False,nan,nan,alarm,persistent,0.1250421404838562,1.0,nan,alarm,persistent,0.10503906011581421,1.0,nan,alarm,persistent,0.08759693801403046,1.0,nan,alarm,persistent,0.08224806189537048,1.0,nan,alarm
medium_medium,calib,90499,False,False,,1.0,0.0,,0.0,79,False,nan,nan,alarm,persistent,0.10318700224161148,1.0,nan,alarm,persistent,0.09527305513620377,1.0,nan,alarm,persistent,0.09655732661485672,1.0,nan,alarm,persistent,0.07903388887643814,1.0,nan,alarm
medium_medium,calib,90500,False,False,,1.0,0.0,,0.0,72,False,nan,nan,alarm,persistent,0.13254377245903015,1.0,nan,alarm,persistent,0.10472704470157623,1.0,nan,alarm,persistent,0.09930922091007233,1.0,nan,alarm,persistent,0.09287463128566742,1.0,nan,alarm
medium_medium,calib,90501,False,False,,1.0,0.0,,0.0,76,False,nan,nan,alarm,persistent,0.09299270063638687,1.0,nan,alarm,persistent,0.08273383229970932,1.0,nan,alarm,persistent,0.08069535344839096,1.0,nan,alarm,persistent,0.08202359825372696,1.0,nan,alarm
medium_medium,calib,90502,False,False,,1.0,0.0,,0.0,76,False,nan,nan,alarm,persistent,0.1085781455039978,1.0,nan,alarm,persistent,0.08963040262460709,1.0,nan,alarm,persistent,0.09033966064453125,1.0,nan,alarm,persistent,0.08113864064216614,1.0,nan,alarm
medium_medium,calib,90503,False,False,,1.0,0.0,,0.0,63,False,nan,nan,alarm,persistent,0.12437312304973602,1.0,nan,alarm,persistent,0.1062164157629013,1.0,nan,alarm,persistent,0.09572433680295944,1.0,nan,alarm,persistent,0.0832652598619461,1.0,nan,alarm
medium_medium,calib,90504,False,False,,1.0,0.0,,0.0,72,False,nan,nan,alarm,persistent,0.1213984340429306,1.0,nan,alarm,persistent,0.09987078607082367,1.0,nan,alarm,persistent,0.09446505457162857,1.0,nan,alarm,persistent,0.09150849282741547,1.0,nan,alarm
medium_medium,calib,90505,False,False,,1.0,0.0,,0.0,75,False,nan,nan,alarm,persistent,0.13778087496757507,1.0,nan,alarm,persistent,0.1097479909658432,1.0,nan,alarm,persistent,0.10891900956630707,1.0,nan,alarm,persistent,0.0882193073630333,1.0,nan,alarm
medium_medium,calib,90506,False,False,,1.0,0.0,,0.0,78,False,nan,nan,alarm,persistent,0.11153732240200043,1.0,nan,alarm,persistent,0.09490962326526642,1.0,nan,alarm,persistent,0.09917660802602768,1.0,nan,alarm,persistent,0.09099000692367554,1.0,nan,alarm
medium_medium,calib,90507,False,False,,1.0,0.0,,0.0,72,False,nan,nan,alarm,persistent,0.1167163997888565,1.0,nan,alarm,persistent,0.0922786071896553,1.0,nan,alarm,persistent,0.08962877839803696,1.0,nan,alarm,persistent,0.08259103447198868,1.0,nan,alarm
medium_medium,calib,90508,False,False,,1.0,0.0,,0.0,68,False,nan,nan,alarm,persistent,0.11163921654224396,1.0,nan,alarm,persistent,0.09382317960262299,1.0,nan,alarm,persistent,0.09961895644664764,1.0,nan,alarm,persistent,0.07318874448537827,1.0,nan,alarm
medium_medium,calib,90509,False,False,,1.0,0.0,,0.0,69,False,nan,nan,alarm,persistent,0.1150246113538742,1.0,nan,alarm,persistent,0.10756492614746094,1.0,nan,alarm,persistent,0.09327605366706848,1.0,nan,alarm,persistent,0.08987655490636826,1.0,nan,alarm
medium_medium,calib,90510,False,False,,1.0,0.0,,0.0,60,False,nan,nan,alarm,persistent,0.1141095906496048,1.0,nan,alarm,persistent,0.10177524387836456,1.0,nan,alarm,persistent,0.09920518100261688,1.0,nan,alarm,persistent,0.10873999446630478,1.0,nan,alarm
medium_medium,calib,90511,False,False,,1.0,0.0,,0.0,67,False,nan,nan,alarm,persistent,0.12850089371204376,1.0,nan,alarm,persistent,0.10506095737218857,1.0,nan,alarm,persistent,0.0992373675107956,1.0,nan,alarm,persistent,0.10043654590845108,1.0,nan,alarm
medium_medium,calib,90512,False,False,,1.0,0.0,,0.0,65,True,3.0,0.13666212558746338,world,settled,0.1192673072218895,1.0,0.1945566087961197,world,settled,0.10738160461187363,1.0,0.26664113998413086,world,settled,0.11001529544591904,1.0,0.3926391005516052,world,settled,0.09951956570148468,1.0,0.13666212558746338,world
medium_medium,calib,90513,False,False,,1.0,0.0,,0.0,79,False,nan,nan,alarm,persistent,0.1104884147644043,1.0,nan,alarm,persistent,0.09029106795787811,1.0,nan,alarm,persistent,0.0889415591955185,1.0,nan,alarm,persistent,0.08733275532722473,1.0,nan,alarm
medium_medium,calib,90514,False,False,,1.0,0.0,,0.0,62,False,nan,nan,alarm,persistent,0.12516596913337708,1.0,nan,alarm,persistent,0.10719319432973862,1.0,nan,alarm,persistent,0.0889362022280693,1.0,nan,alarm,persistent,0.09296964108943939,1.0,nan,alarm
medium_medium,calib,90515,False,False,,1.0,0.0,,0.0,75,False,nan,nan,alarm,persistent,0.11109685897827148,1.0,nan,alarm,persistent,0.10828880965709686,1.0,nan,alarm,persistent,0.08642029762268066,1.0,nan,alarm,persistent,0.08440620452165604,1.0,nan,alarm
medium_medium,calib,90516,False,False,,1.0,0.0,,0.0,71,False,nan,nan,alarm,persistent,0.12494373321533203,1.0,nan,alarm,persistent,0.10205814987421036,1.0,nan,alarm,persistent,0.10594923794269562,1.0,nan,alarm,persistent,0.09207405894994736,1.0,nan,alarm
medium_medium,calib,90517,False,False,,1.0,0.0,,0.0,77,False,nan,nan,alarm,persistent,0.1132926195859909,1.0,nan,alarm,persistent,0.09845206886529922,1.0,nan,alarm,persistent,0.09627433866262436,1.0,nan,alarm,persistent,0.08213648945093155,1.0,nan,alarm
medium_medium,calib,90518,False,False,,1.0,0.0,,0.0,72,False,nan,nan,alarm,persistent,0.11450833082199097,1.0,nan,alarm,persistent,0.09506358206272125,1.0,nan,alarm,persistent,0.08776947110891342,1.0,nan,alarm,persistent,0.06973814964294434,1.0,nan,alarm
medium_medium,calib,90519,False,False,,1.0,0.0,,0.0,76,False,nan,nan,alarm,persistent,0.11854827404022217,1.0,nan,alarm,persistent,0.1124967485666275,1.0,nan,alarm,persistent,0.09925904124975204,1.0,nan,alarm,persistent,0.10079684108495712,1.0,nan,alarm
medium_medium,calib,90520,False,False,,1.0,0.0,,0.0,76,False,nan,nan,alarm,persistent,0.10849358886480331,1.0,nan,alarm,persistent,0.08619556576013565,1.0,nan,alarm,persistent,0.08386106044054031,1.0,nan,alarm,persistent,0.08790788054466248,1.0,nan,alarm
medium_medium,calib,90521,False,False,,1.0,0.0,,0.0,64,False,nan,nan,alarm,persistent,0.10777841508388519,1.0,nan,alarm,persistent,0.09800003468990326,1.0,nan,alarm,persistent,0.09146789461374283,1.0,nan,alarm,persistent,0.08721845597028732,1.0,nan,alarm
medium_medium,calib,90522,False,False,,1.0,0.0,,0.0,80,False,nan,nan,alarm,persistent,0.11173073947429657,1.0,nan,alarm,persistent,0.09969902783632278,1.0,nan,alarm,persistent,0.0972367450594902,1.0,nan,alarm,persistent,0.08757790923118591,1.0,nan,alarm
medium_medium,calib,90523,False,False,,1.0,0.0,,0.0,64,False,nan,nan,alarm,persistent,0.12217910587787628,1.0,nan,alarm,persistent,0.1012645736336708,1.0,nan,alarm,persistent,0.09088343381881714,1.0,nan,alarm,persistent,0.08916143327951431,1.0,nan,alarm
medium_medium,calib,90524,False,False,,1.0,0.0,,0.0,60,False,nan,nan,alarm,persistent,0.09721000492572784,1.0,nan,alarm,persistent,0.08090181648731232,1.0,nan,alarm,persistent,0.08265779912471771,1.0,nan,alarm,persistent,0.07031168043613434,1.0,nan,alarm
medium_medium,calib,90525,False,False,,1.0,0.0,,0.0,74,False,nan,nan,alarm,persistent,0.0933215320110321,1.0,nan,alarm,persistent,0.0970584973692894,1.0,nan,alarm,persistent,0.09375910460948944,1.0,nan,alarm,persistent,0.0830998420715332,1.0,nan,alarm
medium_medium,calib,90526,False,False,,1.0,0.0,,0.0,64,False,nan,nan,alarm,persistent,0.12327240407466888,1.0,nan,alarm,persistent,0.10518538951873779,1.0,nan,alarm,persistent,0.09096696972846985,1.0,nan,alarm,persistent,0.08271309733390808,1.0,nan,alarm
medium_medium,calib,90527,False,False,,1.0,0.0,,0.0,77,False,nan,nan,alarm,persistent,0.12171826511621475,1.0,nan,alarm,persistent,0.11033102124929428,1.0,nan,alarm,persistent,0.10973246395587921,1.0,nan,alarm,persistent,0.09266943484544754,1.0,nan,alarm
medium_medium,calib,90528,False,False,,1.0,0.0,,0.0,69,False,nan,nan,alarm,persistent,0.11400999873876572,1.0,nan,alarm,persistent,0.0888664573431015,1.0,nan,alarm,persistent,0.09158913791179657,1.0,nan,alarm,persistent,0.08289526402950287,1.0,nan,alarm
medium_medium,calib,90529,False,False,,1.0,0.0,,0.0,61,False,nan,nan,alarm,persistent,0.09446264803409576,1.0,nan,alarm,persistent,0.08657290041446686,1.0,nan,alarm,persistent,0.08422476798295975,1.0,nan,alarm,persistent,0.07212037593126297,1.0,nan,alarm
