config,cell,seed,has_body,has_push,param,factor,torque,duration_name,offset_s,onset,settled,settle_time_s,single_settled_score,single_verdict,single_path,single_late_block_median,single_late_frac_above_alarm,k2_settled_score,k2_verdict,k2_path,k2_late_block_median,k2_late_frac_above_alarm,k4_settled_score,k4_verdict,k4_path,k4_late_block_median,k4_late_frac_above_alarm,k8_settled_score,k8_verdict,k8_path,k8_late_block_median,k8_late_frac_above_alarm,logged_settled_score,logged_verdict
rigid_none,neither,90000,False,False,,1.0,0.0,,0.0,79,True,3.0,0.010147066786885262,world,settled,0.010045867413282394,0.0,0.015091964974999428,world,settled,0.014744164422154427,0.0,0.01921594701707363,world,settled,0.019776921719312668,0.0,0.02718588151037693,world,settled,0.026797279715538025,0.0,0.010147066786885262,world
rigid_none,neither,90001,False,False,,1.0,0.0,,0.0,75,True,3.0,0.009531071409583092,world,settled,0.011068086139857769,0.0,0.01423720084130764,world,settled,0.015119160525500774,0.0,0.019559364765882492,world,settled,0.01960522122681141,0.0,0.026914646849036217,world,settled,0.02560795284807682,0.0,0.009531071409583092,world
rigid_none,neither,90002,False,False,,1.0,0.0,,0.0,65,True,3.0,0.010323912836611271,world,settled,0.010980875231325626,0.0,0.017287904396653175,world,settled,0.016816623508930206,0.0,0.018116619437932968,world,settled,0.0201297365128994,0.0,0.02567462995648384,world,settled,0.024439435452222824,0.0,0.010323912836611271,world
rigid_none,neither,90003,False,False,,1.0,0.0,,0.0,61,True,3.0,0.010359534062445164,world,settled,0.011334097012877464,0.0,0.014944982714951038,world,settled,0.016888709738850594,0.0,0.019190220162272453,world,settled,0.01854102313518524,0.0,0.028759008273482323,world,settled,0.024914922192692757,0.0,0.010359534062445164,world
rigid_none,neither,90004,False,False,,1.0,0.0,,0.0,76,True,3.0,0.011199306696653366,world,settled,0.010285874828696251,0.0,0.016697634011507034,world,settled,0.01667875610291958,0.0,0.02045082487165928,world,settled,0.018174927681684494,0.0,0.025015542283654213,world,settled,0.027655933052301407,0.0,0.011199306696653366,world
rigid_none,neither,90005,False,False,,1.0,0.0,,0.0,79,True,3.0,0.010099153965711594,world,settled,0.010731878690421581,0.0,0.01677362248301506,world,settled,0.015100863762199879,0.0,0.018283138051629066,world,settled,0.01942789927124977,0.0,0.03033755160868168,world,settled,0.025330286473035812,0.0,0.010099153965711594,world
rigid_none,neither,90006,False,False,,1.0,0.0,,0.0,74,True,3.0,0.011760720983147621,world,settled,0.010558312758803368,0.0,0.015859350562095642,world,settled,0.015827830880880356,0.0,0.019789090380072594,world,settled,0.01869453676044941,0.0,0.026670316234230995,world,settled,0.027582714334130287,0.0,0.011760720983147621,world
rigid_none,neither,90007,False,False,,1.0,0.0,,0.0,79,True,3.0,0.010872520506381989,world,settled,0.010698391124606133,0.0,0.016757437959313393,world,settled,0.016919631510972977,0.0,0.019354436546564102,world,settled,0.019506987184286118,0.0,0.025899505242705345,world,settled,0.026811888441443443,0.0,0.010872520506381989,world
rigid_none,neither,90008,False,False,,1.0,0.0,,0.0,62,True,3.0,0.011880552396178246,world,settled,0.010841519571840763,0.0,0.014881810173392296,world,settled,0.015234949067234993,0.0,0.019803639501333237,world,settled,0.018266800791025162,0.0,0.025283649563789368,world,settled,0.030834674835205078,0.0,0.011880552396178246,world
rigid_none,neither,90009,False,False,,1.0,0.0,,0.0,74,True,3.0,0.011217331513762474,world,settled,0.011228075250983238,0.0,0.016670139506459236,world,settled,0.014529326930642128,0.0,0.01786029152572155,world,settled,0.019370917230844498,0.0,0.02556988224387169,world,settled,0.025961343199014664,0.0,0.011217331513762474,world
rigid_none,neither,90010,False,False,,1.0,0.0,,0.0,72,True,3.0,0.011725644581019878,world,settled,0.009660286828875542,0.0,0.016642820090055466,world,settled,0.014106953516602516,0.0,0.0188689474016428,world,settled,0.019478822126984596,0.0,0.020929060876369476,world,settled,0.027454426512122154,0.0,0.011725644581019878,world
rigid_none,neither,90011,False,False,,1.0,0.0,,0.0,71,True,3.0,0.009103002026677132,world,settled,0.010859379544854164,0.0,0.011478082276880741,world,settled,0.016853947192430496,0.0,0.01901426911354065,world,settled,0.019658496603369713,0.0,0.030809056013822556,world,settled,0.02367989346385002,0.0,0.009103002026677132,world
rigid_none,neither,90012,False,False,,1.0,0.0,,0.0,62,True,3.0,0.01086883433163166,world,settled,0.010723846964538097,0.0,0.015038952231407166,world,settled,0.014651888981461525,0.0,0.019234564155340195,world,settled,0.018884414806962013,0.0,0.02482413686811924,world,settled,0.026452600955963135,0.0,0.01086883433163166,world
rigid_none,neither,90013,False,False,,1.0,0.0,,0.0,68,True,3.0,0.010870978236198425,world,settled,0.010533491149544716,0.0,0.01682579703629017,world,settled,0.015629826113581657,0.0,0.018972525373101234,world,settled,0.01846715435385704,0.0,0.023814048618078232,world,settled,0.02681826986372471,0.0,0.010870978236198425,world
rigid_none,neither,90014,False,False,,1.0,0.0,,0.0,80,True,3.0,0.010709507390856743,world,settled,0.010044069029390812,0.0,0.016906123608350754,world,settled,0.01598859764635563,0.0,0.019382158294320107,world,settled,0.019765889272093773,0.0,0.023790188133716583,world,settled,0.024989735335111618,0.0,0.010709507390856743,world
rigid_none,neither,90015,False,False,,1.0,0.0,,0.0,76,True,3.0,0.01066428329795599,world,settled,0.012021368369460106,0.0,0.014437975361943245,world,settled,0.016546159982681274,0.0,0.020307406783103943,world,settled,0.019197950139641762,0.0,0.026574719697237015,world,settled,0.024971337988972664,0.0,0.01066428329795599,world
rigid_none,neither,90016,False,False,,1.0,0.0,,0.0,76,True,3.0,0.009882045909762383,world,settled,0.010226419195532799,0.0,0.013809727504849434,world,settled,0.013204616494476795,0.0,0.018942132592201233,world,settled,0.01956339180469513,0.0,0.028634417802095413,world,settled,0.028852421790361404,0.0,0.009882045909762383,world
rigid_none,neither,90017,False,False,,1.0,0.0,,0.0,74,True,3.0,0.010149150155484676,world,settled,0.010762604884803295,0.0,0.012578725814819336,world,settled,0.014692462980747223,0.0,0.019121626392006874,world,settled,0.018653662875294685,0.0,0.031214868649840355,world,settled,0.02538134716451168,0.0,0.010149150155484676,world
rigid_none,neither,90018,False,False,,1.0,0.0,,0.0,66,True,3.0,0.01137264259159565,world,settled,0.01138368807733059,0.0,0.014573246240615845,world,settled,0.015853460878133774,0.0,0.01903163269162178,world,settled,0.019633185118436813,0.0,0.028808629140257835,world,settled,0.023851219564676285,0.0,0.01137264259159565,world
rigid_none,neither,90019,False,False,,1.0,0.0,,0.0,66,True,3.0,0.010184000246226788,world,settled,0.010130760259926319,0.0,0.015194438397884369,world,settled,0.01431199163198471,0.0,0.020031096413731575,world,settled,0.017872553318738937,0.0,0.026631098240613937,world,settled,0.026743853464722633,0.0,0.010184000246226788,world
rigid_none,neither,90020,False,False,,1.0,0.0,,0.0,73,True,3.0,0.010573295876383781,world,settled,0.010049370117485523,0.0,0.015308566391468048,world,settled,0.01614132896065712,0.0,0.019486116245388985,world,settled,0.017758235335350037,0.0,0.025168513879179955,world,settled,0.02725817821919918,0.0,0.010573295876383781,world
rigid_none,neither,90021,False,False,,1.0,0.0,,0.0,74,True,3.0,0.011522209271788597,world,settled,0.010126816108822823,0.0,0.01730598881840706,world,settled,0.014821454882621765,0.0,0.01795244589447975,world,settled,0.01872389018535614,0.0,0.024407029151916504,world,settled,0.02554606832563877,0.0,0.011522209271788597,world
rigid_none,neither,90022,False,False,,1.0,0.0,,0.0,66,True,3.0,0.010660411790013313,world,settled,0.010452445596456528,0.0,0.017357677221298218,world,settled,0.018359210342168808,0.0,0.01810888573527336,world,settled,0.018891779705882072,0.0,0.027558818459510803,world,settled,0.024449732154607773,0.0,0.010660411790013313,world
rigid_none,neither,90023,False,False,,1.0,0.0,,0.0,75,True,3.0,0.0108833909034729,world,settled,0.01065153069794178,0.0,0.014931684359908104,world,settled,0.015696154907345772,0.0,0.019388288259506226,world,settled,0.018553758040070534,0.0,0.02567203901708126,world,settled,0.02702183462679386,0.0,0.0108833909034729,world
rigid_none,neither,90024,False,False,,1.0,0.0,,0.0,73,True,3.0,0.009450316429138184,world,settled,0.01024208590388298,0.0,0.015003716573119164,world,settled,0.014841509982943535,0.0,0.01949208416044712,world,settled,0.019956441596150398,0.0,0.02724762260913849,world,settled,0.02708698809146881,0.0,0.009450316429138184,world
rigid_none,neither,90025,False,False,,1.0,0.0,,0.0,68,True,3.0,0.01226196251809597,world,settled,0.010827997699379921,0.0,0.016716700047254562,world,settled,0.015985531732439995,0.0,0.01769428327679634,world,settled,0.019087664783000946,0.0,0.021075883880257607,world,settled,0.02353723719716072,0.0,0.01226196251809597,world
rigid_none,neither,90026,False,False,,1.0,0.0,,0.0,73,True,3.0,0.010404706001281738,world,settled,0.010290605947375298,0.0,0.015710096806287766,world,settled,0.014615480788052082,0.0,0.018829334527254105,world,settled,0.019417183473706245,0.0,0.025959188118577003,world,settled,0.02809421718120575,0.0,0.010404706001281738,world
rigid_none,neither,90027,False,False,,1.0,0.0,,0.0,61,True,3.0,0.011047274805605412,world,settled,0.010673942044377327,0.0,0.015642935410141945,world,settled,0.015084981918334961,0.0,0.019839556887745857,world,settled,0.018804535269737244,0.0,0.025511110201478004,world,settled,0.02638961374759674,0.0,0.011047274805605412,world
rigid_none,neither,90028,False,False,,1.0,0.0,,0.0,71,True,3.0,0.010090487077832222,world,settled,0.010175945237278938,0.0,0.013479664921760559,world,settled,0.013672743923962116,0.0,0.01827126555144787,world,settled,0.019918182864785194,0.0,0.027819866314530373,world,settled,0.02800840139389038,0.0,0.010090487077832222,world
rigid_none,neither,90029,False,False,,1.0,0.0,,0.0,60,True,3.0,0.009926791302859783,world,settled,0.011032582260668278,0.0,0.01412174105644226,world,settled,0.015930665656924248,0.0,0.018669679760932922,world,settled,0.018927572295069695,0.0,0.028069937601685524,world,settled,0.02242802083492279,0.0,0.009926791302859783,world
rigid_none,neither,90030,False,False,,1.0,0.0,,0.0,72,True,3.0,0.01026066578924656,world,settled,0.009595337323844433,0.0,0.014965149573981762,world,settled,0.014385633170604706,0.0,0.019540786743164062,world,settled,0.019584808498620987,0.0,0.02842356637120247,world,settled,0.02752050757408142,0.0,0.01026066578924656,world
rigid_none,neither,90031,False,False,,1.0,0.0,,0.0,65,True,3.0,0.01116102747619152,world,settled,0.010813107714056969,0.0,0.015515217557549477,world,settled,0.014839326031506062,0.0,0.019355934113264084,world,settled,0.02012569084763527,0.0,0.025709401816129684,world,settled,0.025777652859687805,0.0,0.01116102747619152,world
rigid_none,neither,90032,False,False,,1.0,0.0,,0.0,78,True,3.0,0.011568120680749416,world,settled,0.010234166868031025,0.0,0.01477012038230896,world,settled,0.015160761773586273,0.0,0.01975506916642189,world,settled,0.019398432224988937,0.0,0.027967507019639015,world,settled,0.027957361191511154,0.0,0.011568120680749416,world
rigid_none,neither,90033,False,False,,1.0,0.0,,0.0,74,True,3.0,0.011118274182081223,world,settled,0.0113512659445405,0.0,0.016654392704367638,world,settled,0.015366156585514545,0.0,0.019842395558953285,world,settled,0.01984516717493534,0.0,0.02759370766580105,world,settled,0.024409973993897438,0.0,0.011118274182081223,world
rigid_none,neither,90034,False,False,,1.0,0.0,,0.0,63,True,3.0,0.010430244728922844,world,settled,0.010071942582726479,0.0,0.014218767173588276,world,settled,0.015297183766961098,0.0,0.018746163696050644,world,settled,0.01938156969845295,0.0,0.02547600492835045,world,settled,0.027700096368789673,0.0,0.010430244728922844,world
rigid_none,neither,90035,False,False,,1.0,0.0,,0.0,66,True,3.0,0.011327197775244713,world,settled,0.010695277713239193,0.0,0.016304457560181618,world,settled,0.016494469717144966,0.0,0.019181931391358376,world,settled,0.018503708764910698,0.0,0.022580202668905258,world,settled,0.024863695725798607,0.0,0.011327197775244713,world
rigid_none,neither,90036,False,False,,1.0,0.0,,0.0,61,True,3.0,0.010835393331944942,world,settled,0.011407471261918545,0.0,0.016497638076543808,world,settled,0.015221698209643364,0.0,0.02012168988585472,world,settled,0.019392939284443855,0.0,0.02539132907986641,world,settled,0.0259136650711298,0.0,0.010835393331944942,world
rigid_none,neither,90037,False,False,,1.0,0.0,,0.0,69,True,3.0,0.010954402387142181,world,settled,0.010618376545608044,0.0,0.014048298820853233,world,settled,0.015103429555892944,0.0,0.018911877647042274,world,settled,0.019650988280773163,0.0,0.026081513613462448,world,settled,0.027155932039022446,0.0,0.010954402387142181,world
rigid_none,neither,90038,False,False,,1.0,0.0,,0.0,63,True,3.0,0.010581202805042267,world,settled,0.010387470945715904,0.0,0.014339345507323742,world,settled,0.01376624871045351,0.0,0.018374063074588776,world,settled,0.019791385158896446,0.0,0.03252575546503067,world,settled,0.02822108566761017,0.0,0.010581202805042267,world
rigid_none,neither,90039,False,False,,1.0,0.0,,0.0,63,True,3.0,0.010605329647660255,world,settled,0.01147117093205452,0.0,0.015075048431754112,world,settled,0.015257318504154682,0.0,0.019061878323554993,world,settled,0.018734749406576157,0.0,0.028367411345243454,world,settled,0.024980885908007622,0.0,0.010605329647660255,world
rigid_none,neither,90040,False,False,,1.0,0.0,,0.0,66,True,3.0,0.011013579554855824,world,settled,0.010762527585029602,0.0,0.015445256605744362,world,settled,0.01660509780049324,0.0,0.019198402762413025,world,settled,0.019743049517273903,0.0,0.026798617094755173,world,settled,0.024555517360568047,0.0,0.011013579554855824,world
rigid_none,neither,90041,False,False,,1.0,0.0,,0.0,71,True,3.0,0.011241698637604713,world,settled,0.01143155712634325,0.0,0.014847259037196636,world,settled,0.015537790954113007,0.0,0.02056996338069439,world,settled,0.019490035250782967,0.0,0.022486405447125435,world,settled,0.026130620390176773,0.0,0.011241698637604713,world
rigid_none,neither,90042,False,False,,1.0,0.0,,0.0,64,True,3.0,0.010918877087533474,world,settled,0.011577839031815529,0.0,0.0159030482172966,world,settled,0.015710309147834778,0.0,0.019848555326461792,world,settled,0.018748193979263306,0.0,0.024911118671298027,world,settled,0.02554534748196602,0.0,0.010918877087533474,world
rigid_none,neither,90043,False,False,,1.0,0.0,,0.0,79,True,3.0,0.010477611795067787,world,settled,0.010890157893300056,0.0,0.01346075814217329,world,settled,0.01625567488372326,0.0,0.020297612994909286,world,settled,0.018704738467931747,0.0,0.02815224789083004,world,settled,0.025260481983423233,0.0,0.010477611795067787,world
rigid_none,neither,90044,False,False,,1.0,0.0,,0.0,65,True,3.0,0.009847872890532017,world,settled,0.010416755452752113,0.0,0.013142550364136696,world,settled,0.014629716984927654,0.0,0.01953922212123871,world,settled,0.01930472068488598,0.0,0.028665829449892044,world,settled,0.027521884068846703,0.0,0.009847872890532017,world
rigid_none,neither,90045,False,False,,1.0,0.0,,0.0,64,True,3.0,0.010201899334788322,world,settled,0.01060676109045744,0.0,0.01739177480340004,world,settled,0.01420256495475769,0.0,0.01954428106546402,world,settled,0.017596818506717682,0.0,0.02617618814110756,world,settled,0.02799941971898079,0.0,0.010201899334788322,world
rigid_none,neither,90046,False,False,,1.0,0.0,,0.0,73,True,3.0,0.010275643318891525,world,settled,0.010291635058820248,0.0,0.0155797703191638,world,settled,0.016768230125308037,0.0,0.019509706646203995,world,settled,0.018744051456451416,0.0,0.027343779802322388,world,settled,0.024403711780905724,0.0,0.010275643318891525,world
rigid_none,neither,90047,False,False,,1.0,0.0,,0.0,66,True,3.0,0.011094925925135612,world,settled,0.011866165325045586,0.0,0.01634696125984192,world,settled,0.01668665185570717,0.0,0.01994461938738823,world,settled,0.019964735954999924,0.0,0.023805957287549973,world,settled,0.02382783591747284,0.0,0.011094925925135612,world
rigid_none,neither,90048,False,False,,1.0,0.0,,0.0,76,True,3.0,0.010164712555706501,world,settled,0.010711733251810074,0.0,0.014168227091431618,world,settled,0.014524455182254314,0.0,0.020220424979925156,world,settled,0.01851068064570427,0.0,0.024105185642838478,world,settled,0.027320314198732376,0.0,0.010164712555706501,world
rigid_none,neither,90049,False,False,,1.0,0.0,,0.0,76,True,3.0,0.010409338399767876,world,settled,0.01077282428741455,0.0,0.017308402806520462,world,settled,0.01553809829056263,0.0,0.019156761467456818,world,settled,0.01887575164437294,0.0,0.023966317996382713,world,settled,0.025965120643377304,0.0,0.010409338399767876,world
rigid_none,neither,90050,False,False,,1.0,0.0,,0.0,60,True,3.0,0.011217187158763409,world,settled,0.009843869134783745,0.0,0.015825781971216202,world,settled,0.014665762893855572,0.0,0.019974753260612488,world,settled,0.01973491534590721,0.0,0.02582973800599575,world,settled,0.02729574218392372,0.0,0.011217187158763409,world
rigid_none,neither,90051,False,False,,1.0,0.0,,0.0,76,True,3.0,0.011148087680339813,world,settled,0.010633287951350212,0.0,0.016416847705841064,world,settled,0.015828588977456093,0.0,0.019664855673909187,world,settled,0.019221942871809006,0.0,0.028054695576429367,world,settled,0.027651727199554443,0.0,0.011148087680339813,world
rigid_none,neither,90052,False,False,,1.0,0.0,,0.0,68,True,3.0,0.011169267818331718,world,settled,0.010242801159620285,0.0,0.015656782314181328,world,settled,0.014012420549988747,0.0,0.019049685448408127,world,settled,0.019051218405365944,0.0,0.02372714877128601,world,settled,0.029965078458189964,0.0,0.011169267818331718,world
rigid_none,neither,90053,False,False,,1.0,0.0,,0.0,72,True,3.0,0.011089567095041275,world,settled,0.010614966973662376,0.0,0.015431257896125317,world,settled,0.014476755633950233,0.0,0.020360929891467094,world,settled,0.01959173008799553,0.0,0.023977965116500854,world,settled,0.02676759660243988,0.0,0.011089567095041275,world
rigid_none,neither,90054,False,False,,1.0,0.0,,0.0,65,True,3.0,0.010456857271492481,world,settled,0.011074493639171124,0.0,0.014020010828971863,world,settled,0.015048271045088768,0.0,0.02044927515089512,world,settled,0.01992097869515419,0.0,0.02915632352232933,world,settled,0.025962691754102707,0.0,0.010456857271492481,world
rigid_none,neither,90055,False,False,,1.0,0.0,,0.0,68,True,3.0,0.011100019328296185,world,settled,0.009800245985388756,0.0,0.016104700043797493,world,settled,0.013352419249713421,0.0,0.01868230290710926,world,settled,0.01947004720568657,0.0,0.02414778247475624,world,settled,0.027463426813483238,0.0,0.011100019328296185,world
rigid_none,neither,90056,False,False,,1.0,0.0,,0.0,68,True,3.0,0.010796821676194668,world,settled,0.010171575471758842,0.0,0.014514836482703686,world,settled,0.014417475089430809,0.0,0.01906333491206169,world,settled,0.020074445754289627,0.0,0.02695257030427456,world,settled,0.0279329065233469,0.0,0.010796821676194668,world
rigid_none,neither,90057,False,False,,1.0,0.0,,0.0,76,True,3.0,0.009434240870177746,world,settled,0.010823823511600494,0.0,0.014620231464505196,world,settled,0.01380098331719637,0.0,0.0183158777654171,world,settled,0.019791649654507637,0.0,0.029125595465302467,world,settled,0.02943594381213188,0.0,0.009434240870177746,world
rigid_none,neither,90058,False,False,,1.0,0.0,,0.0,61,True,3.0,0.009978706017136574,world,settled,0.011173720471560955,0.0,0.016604412347078323,world,settled,0.01688581332564354,0.0,0.018254611641168594,world,settled,0.019027486443519592,0.0,0.022972265258431435,world,settled,0.025488853454589844,0.0,0.009978706017136574,world
rigid_none,neither,90059,False,False,,1.0,0.0,,0.0,62,True,3.0,0.011197388172149658,world,settled,0.010766590014100075,0.0,0.016773033887147903,world,settled,0.015003234148025513,0.0,0.01872096210718155,world,settled,0.0200528334826231,0.0,0.02380996383726597,world,settled,0.028165411204099655,0.0,0.011197388172149658,world
rigid_none,neither,90060,False,False,,1.0,0.0,,0.0,62,True,3.0,0.0114773940294981,world,settled,0.011396723799407482,0.0,0.017758067697286606,world,settled,0.014563512988388538,0.0,0.018178537487983704,world,settled,0.019302930682897568,0.0,0.025242548435926437,world,settled,0.027427714318037033,0.0,0.0114773940294981,world
rigid_none,neither,90061,False,False,,1.0,0.0,,0.0,80,True,3.0,0.009906376712024212,world,settled,0.00992913730442524,0.0,0.013931510969996452,world,settled,0.015389231964945793,0.0,0.019854018464684486,world,settled,0.019561227411031723,0.0,0.026734158396720886,world,settled,0.026914874091744423,0.0,0.009906376712024212,world
rigid_none,neither,90062,False,False,,1.0,0.0,,0.0,66,True,3.0,0.011189081706106663,world,settled,0.010221127420663834,0.0,0.015343117527663708,world,settled,0.013911428861320019,0.0,0.02059018984436989,world,settled,0.019114883616566658,0.0,0.026461292058229446,world,settled,0.029385123401880264,0.0,0.011189081706106663,world
rigid_none,neither,90063,False,False,,1.0,0.0,,0.0,62,True,3.0,0.01096114981919527,world,settled,0.010145926848053932,0.0,0.01668844185769558,world,settled,0.015256257727742195,0.0,0.017858117818832397,world,settled,0.019078556448221207,0.0,0.025199908763170242,world,settled,0.025727828964591026,0.0,0.01096114981919527,world
rigid_none,neither,90064,False,False,,1.0,0.0,,0.0,72,True,3.0,0.009584976360201836,world,settled,0.010426754131913185,0.0,0.015130775049328804,world,settled,0.01608944498002529,0.0,0.0205265823751688,world,settled,0.0184190571308136,0.0,0.02555869147181511,world,settled,0.026296790689229965,0.0,0.009584976360201836,world
rigid_none,neither,90065,False,False,,1.0,0.0,,0.0,63,True,3.0,0.010783938691020012,world,settled,0.010199172422289848,0.0,0.015491010621190071,world,settled,0.013122839853167534,0.0,0.01858038641512394,world,settled,0.019987156614661217,0.0,0.029135335236787796,world,settled,0.02854926511645317,0.0,0.010783938691020012,world
rigid_none,neither,90066,False,False,,1.0,0.0,,0.0,61,True,3.0,0.01244845986366272,world,settled,0.010008696466684341,0.0,0.015679407864809036,world,settled,0.01590115763247013,0.0,0.02091706544160843,world,settled,0.019340185448527336,0.0,0.020952627062797546,world,settled,0.03085951879620552,0.0,0.01244845986366272,world
rigid_none,neither,90067,False,False,,1.0,0.0,,0.0,71,True,3.0,0.01074340008199215,world,settled,0.010904510505497456,0.0,0.014816423878073692,world,settled,0.014772740192711353,0.0,0.019555160775780678,world,settled,0.018803168088197708,0.0,0.027160102501511574,world,settled,0.025107786059379578,0.0,0.01074340008199215,world
rigid_none,neither,90068,False,False,,1.0,0.0,,0.0,76,True,3.0,0.009910396300256252,world,settled,0.010818068869411945,0.0,0.014588594436645508,world,settled,0.014948350377380848,0.0,0.018224142491817474,world,settled,0.019985005259513855,0.0,0.02696273848414421,world,settled,0.024998776614665985,0.0,0.009910396300256252,world
rigid_none,neither,90069,False,False,,1.0,0.0,,0.0,70,True,3.0,0.010782286524772644,world,settled,0.0109972869977355,0.0,0.01452839095145464,world,settled,0.01409969199448824,0.0,0.02081901766359806,world,settled,0.019435226917266846,0.0,0.027062401175498962,world,settled,0.027763068675994873,0.0,0.010782286524772644,world
rigid_none,neither,90070,False,False,,1.0,0.0,,0.0,76,True,3.0,0.011185004375874996,world,settled,0.01156090758740902,0.0,0.014247032813727856,world,settled,0.01665346696972847,0.0,0.018676260486245155,world,settled,0.019776437431573868,0.0,0.02719944342970848,world,settled,0.024338509887456894,0.0,0.011185004375874996,world
rigid_none,neither,90071,False,False,,1.0,0.0,,0.0,77,True,3.0,0.010257218964397907,world,settled,0.010364338755607605,0.0,0.016307922080159187,world,settled,0.01567152701318264,0.0,0.01944136992096901,world,settled,0.01866486482322216,0.0,0.026732003316283226,world,settled,0.025532647967338562,0.0,0.010257218964397907,world
rigid_none,neither,90072,False,False,,1.0,0.0,,0.0,70,True,3.0,0.010505402460694313,world,settled,0.01103198155760765,0.0,0.015013235621154308,world,settled,0.016055552288889885,0.0,0.01969938538968563,world,settled,0.01900847814977169,0.0,0.027874529361724854,world,settled,0.025318462401628494,0.0,0.010505402460694313,world
rigid_none,neither,90073,False,False,,1.0,0.0,,0.0,80,True,3.0,0.010450810194015503,world,settled,0.010394306853413582,0.0,0.015548339113593102,world,settled,0.01567969098687172,0.0,0.019758552312850952,world,settled,0.018732238560914993,0.0,0.025439143180847168,world,settled,0.026018301025032997,0.0,0.010450810194015503,world
rigid_none,neither,90074,False,False,,1.0,0.0,,0.0,67,True,3.0,0.00987211987376213,world,settled,0.01004541665315628,0.0,0.014352175407111645,world,settled,0.013357559219002724,0.0,0.01843232288956642,world,settled,0.019681233912706375,0.0,0.027696143835783005,world,settled,0.026439156383275986,0.0,0.00987211987376213,world
rigid_none,neither,90075,False,False,,1.0,0.0,,0.0,71,True,3.0,0.01058727316558361,world,settled,0.011252101510763168,0.0,0.013680237345397472,world,settled,0.015368476510047913,0.0,0.02029508724808693,world,settled,0.019163714721798897,0.0,0.028570115566253662,world,settled,0.02615695260465145,0.0,0.01058727316558361,world
rigid_none,neither,90076,False,False,,1.0,0.0,,0.0,75,True,3.0,0.010753823444247246,world,settled,0.010731874033808708,0.0,0.015204566530883312,world,settled,0.016385968774557114,0.0,0.01914469338953495,world,settled,0.019214142113924026,0.0,0.028752174228429794,world,settled,0.024788646027445793,0.0,0.010753823444247246,world
rigid_none,neither,90077,False,False,,1.0,0.0,,0.0,63,True,3.0,0.011475063860416412,world,settled,0.011601959355175495,0.0,0.014549550600349903,world,settled,0.015859220176935196,0.0,0.020764460787177086,world,settled,0.01846419647336006,0.0,0.024903248995542526,world,settled,0.025675693526864052,0.0,0.011475063860416412,world
rigid_none,neither,90078,False,False,,1.0,0.0,,0.0,63,True,3.0,0.01071022916585207,world,settled,0.010407105088233948,0.0,0.015494385734200478,world,settled,0.015775050967931747,0.0,0.019327042624354362,world,settled,0.019315719604492188,0.0,0.027019644156098366,world,settled,0.025254562497138977,0.0,0.01071022916585207,world
rigid_none,neither,90079,False,False,,1.0,0.0,,0.0,64,True,3.0,0.010560242459177971,world,settled,0.011188306845724583,0.0,0.01745409145951271,world,settled,0.016678329557180405,0.0,0.01932227611541748,world,settled,0.0181407630443573,0.0,0.025786852464079857,world,settled,0.025753378868103027,0.0,0.010560242459177971,world
rigid_none,neither,90080,False,False,,1.0,0.0,,0.0,78,True,3.0,0.010487882420420647,world,settled,0.01098636630922556,0.0,0.015771638602018356,world,settled,0.0173545740544796,0.0,0.019416918978095055,world,settled,0.018415825441479683,0.0,0.02713138982653618,world,settled,0.02362820878624916,0.0,0.010487882420420647,world
rigid_none,neither,90081,False,False,,1.0,0.0,,0.0,79,True,3.0,0.011210506781935692,world,settled,0.00941496342420578,0.0,0.013139953836798668,world,settled,0.012736369855701923,0.0,0.01852940022945404,world,settled,0.01937943696975708,0.0,0.026793982833623886,world,settled,0.02879754826426506,0.0,0.011210506781935692,world
rigid_none,neither,90082,False,False,,1.0,0.0,,0.0,76,True,3.0,0.011701489798724651,world,settled,0.010034170001745224,0.0,0.016837863251566887,world,settled,0.014265174977481365,0.0,0.018350834026932716,world,settled,0.01960371993482113,0.0,0.022394966334104538,world,settled,0.027530040591955185,0.0,0.011701489798724651,world
rigid_none,neither,90083,False,False,,1.0,0.0,,0.0,74,True,3.0,0.009989654645323753,world,settled,0.009634037502110004,0.0,0.014297494664788246,world,settled,0.015048201195895672,0.0,0.01926286146044731,world,settled,0.01972271129488945,0.0,0.02616220712661743,world,settled,0.027327885851264,0.0,0.009989654645323753,world
rigid_none,neither,90084,False,False,,1.0,0.0,,0.0,73,True,3.0,0.010472599416971207,world,settled,0.0111174825578928,0.0,0.01424336712807417,world,settled,0.016856592148542404,0.0,0.0195237398147583,world,settled,0.020076315850019455,0.0,0.027684912085533142,world,settled,0.023916520178318024,0.0,0.010472599416971207,world
rigid_none,neither,90085,False,False,,1.0,0.0,,0.0,72,True,3.0,0.010706196539103985,world,settled,0.012123221531510353,0.0,0.015942450612783432,world,settled,0.014371086843311787,0.0,0.01914346218109131,world,settled,0.01880890130996704,0.0,0.027641311287879944,world,settled,0.024908553808927536,0.0,0.010706196539103985,world
rigid_none,neither,90086,False,False,,1.0,0.0,,0.0,63,True,3.0,0.010620939545333385,world,settled,0.010610233061015606,0.0,0.013676488772034645,world,settled,0.01423455961048603,0.0,0.019215263426303864,world,settled,0.01899263635277748,0.0,0.026436496526002884,world,settled,0.026027506217360497,0.0,0.010620939545333385,world
rigid_none,neither,90087,False,False,,1.0,0.0,,0.0,66,True,3.0,0.00992579199373722,world,settled,0.011548217386007309,0.0,0.013798028230667114,world,settled,0.01591048762202263,0.0,0.019843898713588715,world,settled,0.018533289432525635,0.0,0.0299026258289814,world,settled,0.02323848567903042,0.0,0.00992579199373722,world
rigid_none,neither,90088,False,False,,1.0,0.0,,0.0,75,True,3.0,0.011354060843586922,world,settled,0.01073003001511097,0.0,0.017418552190065384,world,settled,0.01621273346245289,0.0,0.01912849210202694,world,settled,0.018785256892442703,0.0,0.02317601442337036,world,settled,0.025559240952134132,0.0,0.011354060843586922,world
rigid_none,neither,90089,False,False,,1.0,0.0,,0.0,62,True,3.0,0.010075205937027931,world,settled,0.010550755076110363,0.0,0.012484095990657806,world,settled,0.017228666692972183,0.0,0.018427526578307152,world,settled,0.019810665398836136,0.0,0.028422852978110313,world,settled,0.026154031977057457,0.0,0.010075205937027931,world
rigid_none,neither,90090,False,False,,1.0,0.0,,0.0,68,True,3.0,0.011296403594315052,world,settled,0.010540011338889599,0.0,0.014252212829887867,world,settled,0.015778671950101852,0.0,0.019662540405988693,world,settled,0.019371910020709038,0.0,0.02506324276328087,world,settled,0.025738656520843506,0.0,0.011296403594315052,world
rigid_none,neither,90091,False,False,,1.0,0.0,,0.0,77,True,3.0,0.010430452413856983,world,settled,0.010768765583634377,0.0,0.014345379546284676,world,settled,0.015169495716691017,0.0,0.018263664096593857,world,settled,0.019876087084412575,0.0,0.024414245039224625,world,settled,0.028416171669960022,0.0,0.010430452413856983,world
rigid_none,neither,90092,False,False,,1.0,0.0,,0.0,68,True,3.0,0.010632138699293137,world,settled,0.010486352257430553,0.0,0.014999611303210258,world,settled,0.014905394986271858,0.0,0.018498800694942474,world,settled,0.02006048895418644,0.0,0.027396108955144882,world,settled,0.028022801503539085,0.0,0.010632138699293137,world
rigid_none,neither,90093,False,False,,1.0,0.0,,0.0,64,True,3.0,0.009789472445845604,world,settled,0.010270366445183754,0.0,0.013682183809578419,world,settled,0.014109795913100243,0.0,0.02008676901459694,world,settled,0.01949029043316841,0.0,0.028186429291963577,world,settled,0.02896503172814846,0.0,0.009789472445845604,world
rigid_none,neither,90094,False,False,,1.0,0.0,,0.0,69,True,3.0,0.010383635759353638,world,settled,0.010628201067447662,0.0,0.013922519981861115,world,settled,0.014686169102787971,0.0,0.018818343058228493,world,settled,0.01901426538825035,0.0,0.02830829657614231,world,settled,0.02614518068730831,0.0,0.010383635759353638,world
rigid_none,neither,90095,False,False,,1.0,0.0,,0.0,61,True,3.0,0.011293405666947365,world,settled,0.011572662740945816,0.0,0.01600702293217182,world,settled,0.01636625826358795,0.0,0.019038492813706398,world,settled,0.01949106529355049,0.0,0.02458561211824417,world,settled,0.02293524146080017,0.0,0.011293405666947365,world
rigid_none,neither,90096,False,False,,1.0,0.0,,0.0,62,True,3.0,0.01121527235955,world,settled,0.010444746352732182,0.0,0.01741683855652809,world,settled,0.01523271482437849,0.0,0.01854085922241211,world,settled,0.019059717655181885,0.0,0.024208998307585716,world,settled,0.024919960647821426,0.0,0.01121527235955,world
rigid_none,neither,90097,False,False,,1.0,0.0,,0.0,61,True,3.0,0.011623616330325603,world,settled,0.010249723680317402,0.0,0.015596372075378895,world,settled,0.014210077933967113,0.0,0.019234806299209595,world,settled,0.019194502383470535,0.0,0.024784976616501808,world,settled,0.027556413784623146,0.0,0.011623616330325603,world
rigid_none,neither,90098,False,False,,1.0,0.0,,0.0,70,True,3.0,0.009791351854801178,world,settled,0.010289250873029232,0.0,0.013295620679855347,world,settled,0.016003552824258804,0.0,0.020123550668358803,world,settled,0.020009882748126984,0.0,0.02567991055548191,world,settled,0.026431594043970108,0.0,0.009791351854801178,world
rigid_none,neither,90099,False,False,,1.0,0.0,,0.0,79,True,3.0,0.009843774139881134,world,settled,0.011720607057213783,0.0,0.01408822275698185,world,settled,0.015825841575860977,0.0,0.018965184688568115,world,settled,0.018807969987392426,0.0,0.029490336775779724,world,settled,0.027337398380041122,0.0,0.009843774139881134,world
rigid_none,neither,90100,False,False,,1.0,0.0,,0.0,62,True,3.0,0.010529061779379845,world,settled,0.01124308817088604,0.0,0.016033273190259933,world,settled,0.01476359087973833,0.0,0.019067592918872833,world,settled,0.020125150680541992,0.0,0.026782218366861343,world,settled,0.026287194341421127,0.0,0.010529061779379845,world
rigid_none,neither,90101,False,False,,1.0,0.0,,0.0,62,True,3.0,0.010736683383584023,world,settled,0.010589879006147385,0.0,0.01769580878317356,world,settled,0.015165770426392555,0.0,0.018861930817365646,world,settled,0.020165765658020973,0.0,0.02588815428316593,world,settled,0.024385230615735054,0.0,0.010736683383584023,world
rigid_none,neither,90102,False,False,,1.0,0.0,,0.0,63,True,3.0,0.00947299413383007,world,settled,0.011347437277436256,0.0,0.013945436105132103,world,settled,0.016956284642219543,0.0,0.02038191631436348,world,settled,0.018769513815641403,0.0,0.029233690351247787,world,settled,0.023510629311203957,0.0,0.00947299413383007,world
rigid_none,neither,90103,False,False,,1.0,0.0,,0.0,62,True,3.0,0.010875774547457695,world,settled,0.01055864430963993,0.0,0.015278336592018604,world,settled,0.01566131040453911,0.0,0.02007840946316719,world,settled,0.019953327253460884,0.0,0.027151573449373245,world,settled,0.021931961178779602,0.0,0.010875774547457695,world
rigid_none,neither,90104,False,False,,1.0,0.0,,0.0,72,True,3.0,0.011096839793026447,world,settled,0.009488863870501518,0.0,0.0146078672260046,world,settled,0.015069407410919666,0.0,0.019442731514573097,world,settled,0.0195892583578825,0.0,0.026419728994369507,world,settled,0.026562612503767014,0.0,0.011096839793026447,world
rigid_none,neither,90105,False,False,,1.0,0.0,,0.0,74,True,3.0,0.011099130846560001,world,settled,0.011072827503085136,0.0,0.016676198691129684,world,settled,0.015047848224639893,0.0,0.019237112253904343,world,settled,0.01935495063662529,0.0,0.022354958578944206,world,settled,0.027541542425751686,0.0,0.011099130846560001,world
rigid_none,neither,90106,False,False,,1.0,0.0,,0.0,79,True,3.0,0.0108756422996521,world,settled,0.010766910389065742,0.0,0.01548684947192669,world,settled,0.01574670895934105,0.0,0.018587423488497734,world,settled,0.018746018409729004,0.0,0.02585444226861,world,settled,0.02730385959148407,0.0,0.0108756422996521,world
rigid_none,neither,90107,False,False,,1.0,0.0,,0.0,79,True,3.0,0.010323545895516872,world,settled,0.010931924916803837,0.0,0.014300478622317314,world,settled,0.016391076147556305,0.0,0.019909430295228958,world,settled,0.018880629912018776,0.0,0.026397114619612694,world,settled,0.026715870946645737,0.0,0.010323545895516872,world
rigid_none,neither,90108,False,False,,1.0,0.0,,0.0,64,True,3.0,0.011209851130843163,world,settled,0.011045008897781372,0.0,0.01680084876716137,world,settled,0.01513228565454483,0.0,0.019822917878627777,world,settled,0.01867922767996788,0.0,0.021892914548516273,world,settled,0.027039727196097374,0.0,0.011209851130843163,world
rigid_none,neither,90109,False,False,,1.0,0.0,,0.0,66,True,3.0,0.011540602892637253,world,settled,0.011066467501223087,0.0,0.016774499788880348,world,settled,0.014089194126427174,0.0,0.018918491899967194,world,settled,0.02010594680905342,0.0,0.025829840451478958,world,settled,0.027450233697891235,0.0,0.011540602892637253,world
rigid_none,neither,90110,False,False,,1.0,0.0,,0.0,60,True,3.0,0.012653395533561707,world,settled,0.01158981118351221,0.0,0.017681002616882324,world,settled,0.01703532598912716,0.0,0.018451441079378128,world,settled,0.01905771717429161,0.0,0.023160645738244057,world,settled,0.023858223110437393,0.0,0.012653395533561707,world
rigid_none,neither,90111,False,False,,1.0,0.0,,0.0,76,True,3.0,0.01280213426798582,world,settled,0.010709625668823719,0.0,0.017235979437828064,world,settled,0.015943970531225204,0.0,0.017892807722091675,world,settled,0.018387403339147568,0.0,0.021918851882219315,world,settled,0.027106672525405884,0.0,0.01280213426798582,world
rigid_none,neither,90112,False,False,,1.0,0.0,,0.0,69,True,3.0,0.01065274327993393,world,settled,0.009908853098750114,0.0,0.014859260991215706,world,settled,0.015721475705504417,0.0,0.01918666809797287,world,settled,0.018908007070422173,0.0,0.028968963772058487,world,settled,0.02614857815206051,0.0,0.01065274327993393,world
rigid_none,neither,90113,False,False,,1.0,0.0,,0.0,60,True,3.0,0.009602758102118969,world,settled,0.010941404849290848,0.0,0.015380674973130226,world,settled,0.016332868486642838,0.0,0.019675258547067642,world,settled,0.019833937287330627,0.0,0.028734032064676285,world,settled,0.025764942169189453,0.0,0.009602758102118969,world
rigid_none,neither,90114,False,False,,1.0,0.0,,0.0,65,True,3.0,0.010580449365079403,world,settled,0.011010462418198586,0.0,0.01513653714209795,world,settled,0.015795130282640457,0.0,0.018570896238088608,world,settled,0.01992097869515419,0.0,0.026939868927001953,world,settled,0.026087600737810135,0.0,0.010580449365079403,world
rigid_none,neither,90115,False,False,,1.0,0.0,,0.0,77,True,3.0,0.011260726489126682,world,settled,0.009514951147139072,0.0,0.01392617542296648,world,settled,0.01606283150613308,0.0,0.018993444740772247,world,settled,0.019874688237905502,0.0,0.029412126168608665,world,settled,0.026638846844434738,0.0,0.011260726489126682,world
rigid_none,neither,90116,False,False,,1.0,0.0,,0.0,75,True,3.0,0.010937163606286049,world,settled,0.01113700307905674,0.0,0.016886480152606964,world,settled,0.01707371138036251,0.0,0.017840418964624405,world,settled,0.019306575879454613,0.0,0.025487756356596947,world,settled,0.02485162951052189,0.0,0.010937163606286049,world
rigid_none,neither,90117,False,False,,1.0,0.0,,0.0,79,True,3.0,0.010191055946052074,world,settled,0.009385855868458748,0.0,0.015293711796402931,world,settled,0.01488263625651598,0.0,0.019931262359023094,world,settled,0.01914159767329693,0.0,0.02460573986172676,world,settled,0.029009461402893066,0.0,0.010191055946052074,world
rigid_none,neither,90118,False,False,,1.0,0.0,,0.0,68,True,3.0,0.00959144439548254,world,settled,0.010457605123519897,0.0,0.015395042486488819,world,settled,0.015378424897789955,0.0,0.019665822386741638,world,settled,0.019248299300670624,0.0,0.0288081057369709,world,settled,0.02750857174396515,0.0,0.00959144439548254,world
rigid_none,neither,90119,False,False,,1.0,0.0,,0.0,69,True,3.0,0.009469637647271156,world,settled,0.009265245869755745,0.0,0.012936030514538288,world,settled,0.015145453624427319,0.0,0.019659727811813354,world,settled,0.020131614059209824,0.0,0.02867286279797554,world,settled,0.02785852923989296,0.0,0.009469637647271156,world
rigid_none,body_only,90120,True,False,m,1.5891995503048728,0.0,,0.0,74,True,3.0,0.06837878376245499,body,settled,0.06557056307792664,1.0,0.07628412544727325,body,settled,0.06037723273038864,1.0,0.03971933573484421,body,settled,0.05106141045689583,1.0,0.07913744449615479,body,settled,0.05131008103489876,1.0,0.06837878376245499,body
rigid_none,body_only,90121,True,False,l,1.4812383451425903,0.0,,0.0,60,True,3.0,0.0434102900326252,body,settled,0.04979430511593819,0.8,0.04247910529375076,body,settled,0.049468450248241425,1.0,0.025999432429671288,body,settled,0.028703859075903893,0.0,0.061484359204769135,body,settled,0.06463261693716049,1.0,0.0434102900326252,body
rigid_none,body_only,90122,True,False,m,1.577333311441059,0.0,,0.0,60,True,3.0,0.051921844482421875,body,settled,0.06371013075113297,1.0,0.050820816308259964,body,settled,0.0689430683851242,1.0,0.029611438512802124,body,settled,0.03871454298496246,0.0,0.06486517190933228,body,settled,0.07465152442455292,1.0,0.051921844482421875,body
rigid_none,body_only,90123,True,False,l,1.2659873041674827,0.0,,0.0,78,True,3.0,0.025625919923186302,body,settled,0.024584997445344925,0.0,0.029243052005767822,body,settled,0.029377823695540428,0.0,0.019531944766640663,world,settled,0.018457230180501938,0.0,0.046087391674518585,body,settled,0.044759009033441544,0.8,0.025625919923186302,body
rigid_none,body_only,90124,True,False,m,1.4143549642821072,0.0,,0.0,79,True,3.0,0.031295038759708405,body,settled,0.029807928949594498,0.2,0.028644824400544167,body,settled,0.03058723732829094,0.2,0.01714082434773445,world,settled,0.01815308816730976,0.0,0.04972485452890396,body,settled,0.05287737771868706,1.0,0.031295038759708405,body
rigid_none,body_only,90125,True,False,l,1.4086180240535773,0.0,,0.0,63,True,3.0,0.04563939571380615,body,settled,0.03925938904285431,0.4,0.04611989110708237,body,settled,0.03899059072136879,0.4,0.028193682432174683,body,settled,0.025154266506433487,0.0,0.06014423444867134,body,settled,0.05658459663391113,1.0,0.04563939571380615,body
rigid_none,body_only,90126,True,False,m,1.6448408546174003,0.0,,0.0,68,True,3.0,0.061073172837495804,body,settled,0.0724867731332779,1.0,0.05706105753779411,body,settled,0.0713692381978035,1.0,0.032598190009593964,body,settled,0.052837155759334564,0.8,0.0704755112528801,body,settled,0.07659076899290085,1.0,0.061073172837495804,body
rigid_none,body_only,90127,True,False,l,1.4986137896780058,0.0,,0.0,61,True,3.0,0.04126628860831261,body,settled,0.0596170648932457,1.0,0.04162104055285454,body,settled,0.0670362114906311,1.0,0.027103722095489502,body,settled,0.03202056139707565,0.0,0.0577496662735939,body,settled,0.07401145994663239,1.0,0.04126628860831261,body
rigid_none,body_only,90128,True,False,m,1.416558817025714,0.0,,0.0,64,True,3.0,0.03265265375375748,body,settled,0.03587622195482254,0.0,0.031031394377350807,body,settled,0.03278728574514389,0.0,0.017766211181879044,world,settled,0.021849995478987694,0.0,0.05197751522064209,body,settled,0.05665404349565506,1.0,0.03265265375375748,body
rigid_none,body_only,90129,True,False,l,1.38378853736242,0.0,,0.0,68,True,3.0,0.035169102251529694,body,settled,0.03686264529824257,0.4,0.0374552384018898,body,settled,0.04224306717514992,0.6,0.02314125932753086,body,settled,0.024824747815728188,0.0,0.05075106769800186,body,settled,0.0575922429561615,1.0,0.035169102251529694,body
rigid_none,body_only,90130,True,False,m,1.4756383192437175,0.0,,0.0,71,True,3.0,0.041353970766067505,body,settled,0.04709037393331528,0.8,0.039851974695920944,body,settled,0.04386753961443901,0.8,0.022181525826454163,body,settled,0.024093016982078552,0.0,0.05883064121007919,body,settled,0.06171286851167679,1.0,0.041353970766067505,body
rigid_none,body_only,90131,True,False,l,1.3606013397692742,0.0,,0.0,80,True,3.0,0.0337265320122242,body,settled,0.03367350250482559,0.2,0.0367966964840889,body,settled,0.03507021814584732,0.2,0.024165183305740356,body,settled,0.0216430202126503,0.0,0.04951716586947441,body,settled,0.05064842104911804,1.0,0.0337265320122242,body
rigid_none,body_only,90132,True,False,m,1.3052923183294922,0.0,,0.0,64,True,3.0,0.024357875809073448,body,settled,0.027412787079811096,0.0,0.02493150345981121,body,settled,0.02875078096985817,0.0,0.014986035414040089,world,settled,0.014925768598914146,0.0,0.047025978565216064,body,settled,0.0510476715862751,1.0,0.024357875809073448,body
rigid_none,body_only,90133,True,False,l,1.3207448067237653,0.0,,0.0,67,True,3.0,0.024323072284460068,body,settled,0.03334132581949234,0.0,0.02691510319709778,body,settled,0.03473798185586929,0.0,0.019780870527029037,world,settled,0.02088901400566101,0.0,0.04605347663164139,body,settled,0.050241898745298386,0.8,0.024323072284460068,body
rigid_none,body_only,90134,True,False,m,1.4561368550822151,0.0,,0.0,64,True,3.0,0.0388626866042614,body,settled,0.03144092857837677,0.0,0.038210250437259674,body,settled,0.03072909638285637,0.0,0.022393276914954185,body,settled,0.017545605078339577,0.0,0.05250551551580429,body,settled,0.051204241812229156,1.0,0.0388626866042614,body
rigid_none,body_only,90135,True,False,l,1.4036352699808552,0.0,,0.0,79,True,3.0,0.03647419810295105,body,settled,0.04112610965967178,0.6,0.04327479004859924,body,settled,0.04245523363351822,0.6,0.02693093940615654,body,settled,0.02617793157696724,0.0,0.05230594426393509,body,settled,0.05863671377301216,1.0,0.03647419810295105,body
rigid_none,body_only,90136,True,False,m,1.3752498406372067,0.0,,0.0,68,True,3.0,0.03157457336783409,body,settled,0.03038579598069191,0.0,0.030735690146684647,body,settled,0.033024854958057404,0.2,0.017251577228307724,world,settled,0.02057573013007641,0.0,0.04812750220298767,body,settled,0.05380084365606308,1.0,0.03157457336783409,body
rigid_none,body_only,90137,True,False,l,1.3180944856558197,0.0,,0.0,66,True,3.0,0.028822893276810646,body,settled,0.026708010584115982,0.0,0.031210005283355713,body,settled,0.03199106827378273,0.0,0.01972450688481331,world,settled,0.020098093897104263,0.0,0.04792533814907074,body,settled,0.047767408192157745,1.0,0.028822893276810646,body
rigid_none,body_only,90138,True,False,m,1.3737292058898571,0.0,,0.0,76,True,3.0,0.02924271859228611,body,settled,0.0279666967689991,0.0,0.02979218028485775,body,settled,0.026422852650284767,0.0,0.01687888242304325,world,settled,0.016789693385362625,0.0,0.04933193325996399,body,settled,0.050190795212984085,1.0,0.02924271859228611,body
rigid_none,body_only,90139,True,False,l,1.2231365368057392,0.0,,0.0,78,True,3.0,0.014261379837989807,body,settled,0.023390771821141243,0.0,0.022834429517388344,body,settled,0.02787076309323311,0.0,0.015186412259936333,world,settled,0.017612585797905922,0.0,0.033541545271873474,world,settled,0.04093064367771149,0.6,0.014261379837989807,body
rigid_none,body_only,90140,True,False,m,1.5903123576273737,0.0,,0.0,77,True,3.0,0.06511574983596802,body,settled,0.07698677480220795,1.0,0.07164114713668823,body,settled,0.06425794214010239,1.0,0.0379750058054924,body,settled,0.05619112402200699,1.0,0.07407061010599136,body,settled,0.06425396353006363,1.0,0.06511574983596802,body
rigid_none,body_only,90141,True,False,l,1.3983126255738383,0.0,,0.0,68,True,3.0,0.03586660698056221,body,settled,0.0381113663315773,0.2,0.03868919610977173,body,settled,0.03947889804840088,0.4,0.026296604424715042,body,settled,0.025529956445097923,0.0,0.051665108650922775,body,settled,0.05776718258857727,1.0,0.03586660698056221,body
rigid_none,body_only,90142,True,False,m,1.5588960124158446,0.0,,0.0,77,True,3.0,0.056207429617643356,body,settled,0.06857911497354507,1.0,0.05266810581088066,body,settled,0.07793137431144714,1.0,0.030180538073182106,body,settled,0.039918139576911926,0.4,0.06547798216342926,body,settled,0.08054433763027191,1.0,0.056207429617643356,body
rigid_none,body_only,90143,True,False,l,1.3381767659159343,0.0,,0.0,76,True,3.0,0.02654968574643135,body,settled,0.03272664174437523,0.0,0.03282345086336136,body,settled,0.03676439821720123,0.0,0.020452184602618217,world,settled,0.022411970421671867,0.0,0.04508655145764351,body,settled,0.050905991345644,1.0,0.02654968574643135,body
rigid_none,body_only,90144,True,False,m,1.4340779419258376,0.0,,0.0,78,True,3.0,0.032809779047966,body,settled,0.048983171582221985,0.8,0.03329869359731674,body,settled,0.050941240042448044,0.8,0.018837664276361465,world,settled,0.025852834805846214,0.0,0.04733146354556084,body,settled,0.0620248019695282,1.0,0.032809779047966,body
rigid_none,body_only,90145,True,False,l,1.3732457116762027,0.0,,0.0,79,True,3.0,0.030375882983207703,body,settled,0.03331441432237625,0.0,0.03603115677833557,body,settled,0.03925075754523277,0.4,0.022866401821374893,body,settled,0.024226922541856766,0.0,0.047795627266168594,body,settled,0.05564979836344719,1.0,0.030375882983207703,body
rigid_none,body_only,90146,True,False,m,1.4659264726975494,0.0,,0.0,73,True,3.0,0.041373882442712784,body,settled,0.04724967107176781,0.8,0.0398128516972065,body,settled,0.04725593328475952,1.0,0.022710729390382767,body,settled,0.025482863187789917,0.0,0.05673878267407417,body,settled,0.06580550223588943,1.0,0.041373882442712784,body
rigid_none,body_only,90147,True,False,l,1.3697174281168265,0.0,,0.0,61,True,3.0,0.034882742911577225,body,settled,0.0346221849322319,0.2,0.03694608062505722,body,settled,0.04104732722043991,0.6,0.022111542522907257,body,settled,0.02620570920407772,0.0,0.055390365421772,body,settled,0.05174650624394417,1.0,0.034882742911577225,body
rigid_none,body_only,90148,True,False,m,1.3038571531689942,0.0,,0.0,77,True,3.0,0.020854871720075607,body,settled,0.023261019960045815,0.0,0.02361380308866501,body,settled,0.02469802461564541,0.0,0.01624186523258686,world,settled,0.01541055552661419,0.0,0.03762102127075195,body,settled,0.04273725673556328,1.0,0.020854871720075607,body
rigid_none,body_only,90149,True,False,l,1.2823864181574816,0.0,,0.0,69,True,3.0,0.025525998324155807,body,settled,0.027881717309355736,0.0,0.03392394632101059,body,settled,0.03675936907529831,0.0,0.021342581138014793,world,settled,0.021100809797644615,0.0,0.04169643670320511,body,settled,0.04858778789639473,1.0,0.025525998324155807,body
rigid_none,body_only,90150,True,False,m,1.371260065573264,0.0,,0.0,77,True,3.0,0.02835182473063469,body,settled,0.027723440900444984,0.0,0.028687352314591408,body,settled,0.02982327900826931,0.0,0.015899868682026863,world,settled,0.017554236575961113,0.0,0.0490100160241127,body,settled,0.0494639128446579,1.0,0.02835182473063469,body
rigid_none,body_only,90151,True,False,l,1.2751118713228489,0.0,,0.0,67,True,3.0,0.025886928662657738,body,settled,0.02279130555689335,0.0,0.030289823189377785,body,settled,0.02825126424431801,0.0,0.019257530570030212,world,settled,0.019006626680493355,0.0,0.04563463479280472,body,settled,0.0445292629301548,1.0,0.025886928662657738,body
rigid_none,body_only,90152,True,False,m,1.3717293620024857,0.0,,0.0,77,True,3.0,0.02017664536833763,body,settled,0.027184337377548218,0.0,0.02540035918354988,body,settled,0.030666854232549667,0.0,0.015410291962325573,world,settled,0.017539678141474724,0.0,0.0383421890437603,body,settled,0.04466380923986435,1.0,0.02017664536833763,body
rigid_none,body_only,90153,True,False,l,1.3777582765834164,0.0,,0.0,63,True,3.0,0.03114679828286171,body,settled,0.03319312259554863,0.0,0.03197283297777176,body,settled,0.03395462781190872,0.2,0.021026093512773514,world,settled,0.020405465736985207,0.0,0.050130926072597504,body,settled,0.05097354203462601,1.0,0.03114679828286171,body
rigid_none,body_only,90154,True,False,m,1.3240528558094946,0.0,,0.0,61,True,3.0,0.0207463800907135,body,settled,0.02416192553937435,0.0,0.021257029846310616,body,settled,0.024911697953939438,0.0,0.015177210792899132,world,settled,0.015963159501552582,0.0,0.041608668863773346,body,settled,0.045685213059186935,0.8,0.0207463800907135,body
rigid_none,body_only,90155,True,False,l,1.2616156540457863,0.0,,0.0,75,True,3.0,0.02596745453774929,body,settled,0.022411825135350227,0.0,0.03419964015483856,body,settled,0.02494518645107746,0.0,0.02040424570441246,world,settled,0.017262998968362808,0.0,0.04194140061736107,body,settled,0.04672352597117424,1.0,0.02596745453774929,body
rigid_none,body_only,90156,True,False,m,1.53054519222226,0.0,,0.0,80,True,3.0,0.05076884478330612,body,settled,0.0665128231048584,1.0,0.05048882216215134,body,settled,0.0796874463558197,1.0,0.02730652131140232,body,settled,0.03773025423288345,0.4,0.064396932721138,body,settled,0.08077865839004517,1.0,0.05076884478330612,body
rigid_none,body_only,90157,True,False,l,1.488929027680533,0.0,,0.0,67,True,3.0,0.04384257644414902,body,settled,0.039338111877441406,0.4,0.04669659212231636,body,settled,0.044607169926166534,0.8,0.03210044279694557,body,settled,0.02883763052523136,0.0,0.05725095421075821,body,settled,0.05874834582209587,1.0,0.04384257644414902,body
rigid_none,body_only,90158,True,False,m,1.4010988441285952,0.0,,0.0,76,True,3.0,0.031748298555612564,body,settled,0.03824900463223457,0.2,0.033464718610048294,body,settled,0.039189837872982025,0.4,0.017219163477420807,world,settled,0.022333398461341858,0.0,0.05286001041531563,body,settled,0.056374259293079376,1.0,0.031748298555612564,body
rigid_none,body_only,90159,True,False,l,1.3983826888544335,0.0,,0.0,76,True,3.0,0.04714361950755119,body,settled,0.03539670631289482,0.2,0.053183890879154205,body,settled,0.03771115466952324,0.0,0.032692573964595795,body,settled,0.02229945920407772,0.0,0.059520840644836426,body,settled,0.05196496099233627,0.8,0.04714361950755119,body
rigid_none,body_only,90160,True,False,m,1.6346395142175347,0.0,,0.0,78,True,3.0,0.052744824439287186,body,settled,0.07788140326738358,1.0,0.046877339482307434,body,settled,0.07002848386764526,1.0,0.027610719203948975,body,settled,0.05623824521899223,1.0,0.06586451083421707,body,settled,0.06286990642547607,1.0,0.052744824439287186,body
rigid_none,body_only,90161,True,False,l,1.4627355647267428,0.0,,0.0,75,True,3.0,0.04844139888882637,body,settled,0.053865958005189896,1.0,0.049887336790561676,body,settled,0.058225393295288086,0.8,0.03025328554213047,body,settled,0.03339251130819321,0.0,0.06446395814418793,body,settled,0.06978395581245422,1.0,0.04844139888882637,body
rigid_none,body_only,90162,True,False,m,1.3110427449584228,0.0,,0.0,70,True,3.0,0.023163218051195145,body,settled,0.023774657398462296,0.0,0.02474198117852211,body,settled,0.025870367884635925,0.0,0.013976196758449078,world,settled,0.01559256948530674,0.0,0.04719846695661545,body,settled,0.04611710086464882,1.0,0.023163218051195145,body
rigid_none,body_only,90163,True,False,l,1.4308898612160117,0.0,,0.0,78,True,3.0,0.04587790369987488,body,settled,0.03572450578212738,0.4,0.04638631269335747,body,settled,0.03633744269609451,0.4,0.02817291021347046,body,settled,0.023649953305721283,0.0,0.06167512387037277,body,settled,0.05899753049015999,1.0,0.04587790369987488,body
rigid_none,body_only,90164,True,False,m,1.439856144676443,0.0,,0.0,68,True,3.0,0.03643704205751419,body,settled,0.028059160336852074,0.0,0.036661721765995026,body,settled,0.029109686613082886,0.0,0.021388886496424675,world,settled,0.01927987113595009,0.0,0.05625276640057564,body,settled,0.04992308467626572,1.0,0.03643704205751419,body
rigid_none,body_only,90165,True,False,l,1.2997648895781109,0.0,,0.0,62,True,3.0,0.02365807071328163,body,settled,0.025342565029859543,0.0,0.027367597445845604,body,settled,0.030599752441048622,0.0,0.01776008866727352,world,settled,0.020375993102788925,0.0,0.04226147383451462,body,settled,0.04585590213537216,0.8,0.02365807071328163,body
rigid_none,body_only,90166,True,False,m,1.679679815459025,0.0,,0.0,64,False,nan,nan,alarm,persistent,0.0764150321483612,1.0,nan,alarm,persistent,0.06966293603181839,1.0,nan,alarm,persistent,0.062337856739759445,1.0,nan,alarm,persistent,0.06659889221191406,1.0,nan,alarm
rigid_none,body_only,90167,True,False,l,1.3590101711106688,0.0,,0.0,72,True,3.0,0.035625159740448,body,settled,0.03785623982548714,0.2,0.039620861411094666,body,settled,0.03765473887324333,0.4,0.024461884051561356,body,settled,0.02119106613099575,0.0,0.05152276158332825,body,settled,0.05623246356844902,0.8,0.035625159740448,body
rigid_none,body_only,90168,True,False,m,1.6457533914678304,0.0,,0.0,77,False,nan,nan,alarm,persistent,0.06940377503633499,1.0,nan,alarm,persistent,0.06322360038757324,1.0,nan,alarm,persistent,0.05843799561262131,1.0,nan,alarm,persistent,0.06078891083598137,1.0,nan,alarm
rigid_none,body_only,90169,True,False,l,1.372684860076075,0.0,,0.0,63,True,3.0,0.03263667970895767,body,settled,0.033876933157444,0.4,0.03575623780488968,body,settled,0.03998223692178726,0.4,0.02304953709244728,body,settled,0.024877170100808144,0.0,0.04842541366815567,body,settled,0.05933927744626999,1.0,0.03263667970895767,body
rigid_none,body_only,90170,True,False,m,1.5110806219967274,0.0,,0.0,77,True,3.0,0.04433322697877884,body,settled,0.044472746551036835,1.0,0.04487445950508118,body,settled,0.04759678244590759,1.0,0.02465265989303589,body,settled,0.025560980662703514,0.0,0.06043900176882744,body,settled,0.0641058012843132,1.0,0.04433322697877884,body
rigid_none,body_only,90171,True,False,l,1.3393346079674444,0.0,,0.0,80,True,3.0,0.03131341189146042,body,settled,0.027787139639258385,0.0,0.03500588238239288,body,settled,0.03332941606640816,0.0,0.021281462162733078,world,settled,0.021416954696178436,0.0,0.05221427232027054,body,settled,0.050494544208049774,1.0,0.03131341189146042,body
rigid_none,body_only,90172,True,False,m,1.5992541406103382,0.0,,0.0,69,True,3.0,0.0479273684322834,body,settled,0.07033668458461761,1.0,0.046611487865448,body,settled,0.06623504310846329,1.0,0.029790792614221573,body,settled,0.060858093202114105,1.0,0.05758104473352432,body,settled,0.06314702332019806,1.0,0.0479273684322834,body
rigid_none,body_only,90173,True,False,l,1.2909310796297793,0.0,,0.0,74,True,3.0,0.023654337972402573,body,settled,0.024383794516324997,0.0,0.029106462374329567,body,settled,0.030120616778731346,0.0,0.01724785938858986,world,settled,0.02003583498299122,0.0,0.04363059252500534,body,settled,0.04288855940103531,0.8,0.023654337972402573,body
rigid_none,body_only,90174,True,False,m,1.4992846063269814,0.0,,0.0,60,True,3.0,0.04670989140868187,body,settled,0.03840583562850952,0.4,0.044665392488241196,body,settled,0.0410577692091465,0.6,0.02486313506960869,body,settled,0.02326076291501522,0.0,0.05772712081670761,body,settled,0.05923005938529968,1.0,0.04670989140868187,body
rigid_none,body_only,90175,True,False,l,1.375063495490151,0.0,,0.0,67,True,3.0,0.04207263141870499,body,settled,0.03458990529179573,0.0,0.045849643647670746,body,settled,0.038057949393987656,0.0,0.028907228261232376,body,settled,0.02281942591071129,0.0,0.05793279409408569,body,settled,0.05314633995294571,1.0,0.04207263141870499,body
rigid_none,body_only,90176,True,False,m,1.3570155774731387,0.0,,0.0,71,True,3.0,0.02621297538280487,body,settled,0.02449650689959526,0.0,0.029011059552431107,body,settled,0.029562193900346756,0.0,0.015794429928064346,world,settled,0.01746007241308689,0.0,0.042318206280469894,body,settled,0.04453258961439133,0.8,0.02621297538280487,body
rigid_none,body_only,90177,True,False,l,1.2641200458110455,0.0,,0.0,62,True,3.0,0.018477097153663635,body,settled,0.022768083959817886,0.0,0.026504043489694595,body,settled,0.0275527723133564,0.0,0.01858685538172722,world,settled,0.017818493768572807,0.0,0.03600732609629631,body,settled,0.03859848529100418,0.4,0.018477097153663635,body
rigid_none,body_only,90178,True,False,m,1.5240608064758356,0.0,,0.0,68,True,3.0,0.05172300338745117,body,settled,0.05672287940979004,1.0,0.05115487426519394,body,settled,0.05979687720537186,1.0,0.02840311825275421,body,settled,0.029701832681894302,0.0,0.0673946961760521,body,settled,0.06940058618783951,1.0,0.05172300338745117,body
rigid_none,body_only,90179,True,False,l,1.4207768660969622,0.0,,0.0,63,True,3.0,0.04152367636561394,body,settled,0.0419984795153141,0.8,0.046567730605602264,body,settled,0.04301438853144646,0.8,0.030219923704862595,body,settled,0.027168303728103638,0.2,0.05409197881817818,body,settled,0.06143268197774887,1.0,0.04152367636561394,body
rigid_none,body_only,90180,True,False,m,1.6834084531201725,0.0,,0.0,70,True,3.0,0.06490824371576309,body,settled,0.08067554980516434,1.0,0.06212717294692993,body,settled,0.0693172961473465,1.0,0.03683647885918617,body,settled,0.06304769217967987,1.0,0.07053244113922119,body,settled,0.07134823501110077,1.0,0.06490824371576309,body
rigid_none,body_only,90181,True,False,l,1.3164236438723707,0.0,,0.0,75,True,3.0,0.03069058060646057,body,settled,0.024711037054657936,0.0,0.03068290278315544,body,settled,0.027946149930357933,0.0,0.01969582960009575,world,settled,0.019090497866272926,0.0,0.05081131309270859,body,settled,0.0479070246219635,0.8,0.03069058060646057,body
rigid_none,body_only,90182,True,False,m,1.3450601064988406,0.0,,0.0,60,True,3.0,0.026388633996248245,body,settled,0.026188794523477554,0.0,0.026680350303649902,body,settled,0.027204860001802444,0.0,0.016594549641013145,world,settled,0.01579112559556961,0.0,0.04676555469632149,body,settled,0.04877318814396858,0.8,0.026388633996248245,body
rigid_none,body_only,90183,True,False,l,1.3429357517410216,0.0,,0.0,67,True,3.0,0.03927323967218399,body,settled,0.03146445378661156,0.0,0.04612220078706741,body,settled,0.032558757811784744,0.2,0.028477812185883522,body,settled,0.01996452920138836,0.0,0.0531839020550251,body,settled,0.05544557049870491,1.0,0.03927323967218399,body
rigid_none,body_only,90184,True,False,m,1.6568892806087865,0.0,,0.0,73,True,3.0,0.06262484192848206,body,settled,0.07534697651863098,1.0,0.0644301027059555,body,settled,0.06863025575876236,1.0,0.0385567769408226,body,settled,0.05587630346417427,1.0,0.07242907583713531,body,settled,0.053116925060749054,1.0,0.06262484192848206,body
rigid_none,body_only,90185,True,False,l,1.43334245437914,0.0,,0.0,67,True,3.0,0.04070109874010086,body,settled,0.04741426184773445,0.6,0.0416867621243,body,settled,0.04881802201271057,1.0,0.02570042945444584,body,settled,0.028754189610481262,0.0,0.060975439846515656,body,settled,0.060199249535799026,1.0,0.04070109874010086,body
rigid_none,body_only,90186,True,False,m,1.6331529059433587,0.0,,0.0,70,True,3.0,0.07502120733261108,body,settled,0.07955045998096466,1.0,0.08637170493602753,body,settled,0.06722069531679153,1.0,0.0434245765209198,body,settled,0.0543876476585865,1.0,0.08413319289684296,body,settled,0.052965156733989716,1.0,0.07502120733261108,body
rigid_none,body_only,90187,True,False,l,1.3141636302230804,0.0,,0.0,65,True,3.0,0.02237441949546337,body,settled,0.024652717635035515,0.0,0.027410883456468582,body,settled,0.030308300629258156,0.0,0.018400385975837708,world,settled,0.01893792673945427,0.0,0.037535231560468674,body,settled,0.04814695566892624,1.0,0.02237441949546337,body
rigid_none,body_only,90188,True,False,m,1.68271261290117,0.0,,0.0,72,True,3.0,0.0634302869439125,body,settled,0.07231619954109192,1.0,0.06391537189483643,body,settled,0.0687994435429573,1.0,0.03736735135316849,body,settled,0.05596742033958435,1.0,0.07303063571453094,body,settled,0.060762446373701096,1.0,0.0634302869439125,body
rigid_none,body_only,90189,True,False,l,1.2673551846296478,0.0,,0.0,69,True,3.0,0.0219342652708292,body,settled,0.025409022346138954,0.0,0.0265158973634243,body,settled,0.02914762869477272,0.0,0.01715797930955887,world,settled,0.02010772004723549,0.0,0.04329477623105049,body,settled,0.04351228475570679,1.0,0.0219342652708292,body
rigid_none,body_only,90190,True,False,m,1.4616304439624153,0.0,,0.0,61,True,3.0,0.03824189305305481,body,settled,0.046411219984292984,0.6,0.035516589879989624,body,settled,0.044090114533901215,0.6,0.02088910900056362,world,settled,0.025183428078889847,0.0,0.05455050989985466,body,settled,0.05870150774717331,1.0,0.03824189305305481,body
rigid_none,body_only,90191,True,False,l,1.3598610545526153,0.0,,0.0,75,True,3.0,0.03231620788574219,body,settled,0.024324430152773857,0.0,0.038367677479982376,body,settled,0.031726278364658356,0.0,0.02365856245160103,body,settled,0.021418074145913124,0.0,0.04785884544253349,body,settled,0.041985489428043365,0.6,0.03231620788574219,body
rigid_none,body_only,90192,True,False,m,1.6394540644586693,0.0,,0.0,73,True,3.0,0.057978689670562744,body,settled,0.07686679065227509,1.0,0.058021318167448044,body,settled,0.06381070613861084,1.0,0.03526769578456879,body,settled,0.04996366426348686,1.0,0.06804823875427246,body,settled,0.05952323228120804,1.0,0.057978689670562744,body
rigid_none,body_only,90193,True,False,l,1.2806965176607972,0.0,,0.0,79,True,3.0,0.026930514723062515,body,settled,0.02602260187268257,0.0,0.03607688471674919,body,settled,0.03154321759939194,0.0,0.025153672322630882,body,settled,0.01826205849647522,0.0,0.039269234985113144,body,settled,0.04353070631623268,1.0,0.026930514723062515,body
rigid_none,body_only,90194,True,False,m,1.3882151295384004,0.0,,0.0,72,True,3.0,0.03255026414990425,body,settled,0.019940190017223358,0.0,0.03516596183180809,body,settled,0.022947734221816063,0.0,0.019286518916487694,world,settled,0.01567058637738228,0.0,0.054850976914167404,body,settled,0.04147704318165779,0.6,0.03255026414990425,body
rigid_none,body_only,90195,True,False,l,1.4070168029723402,0.0,,0.0,68,True,3.0,0.03193282335996628,body,settled,0.03669556602835655,0.2,0.03058231808245182,body,settled,0.03969936445355415,0.4,0.01990412175655365,world,settled,0.024848561733961105,0.0,0.052813321352005005,body,settled,0.05529027432203293,1.0,0.03193282335996628,body
rigid_none,body_only,90196,True,False,m,1.4747105385822876,0.0,,0.0,78,True,3.0,0.04449981823563576,body,settled,0.048614706844091415,0.8,0.04254160448908806,body,settled,0.046774961054325104,0.8,0.02292066253721714,body,settled,0.025564467534422874,0.0,0.06076418235898018,body,settled,0.06221452355384827,1.0,0.04449981823563576,body
rigid_none,body_only,90197,True,False,l,1.3111555143573217,0.0,,0.0,62,True,3.0,0.028836067765951157,body,settled,0.030325910076498985,0.0,0.0314708948135376,body,settled,0.03405346721410751,0.0,0.019658077508211136,world,settled,0.020606596022844315,0.0,0.04809767007827759,body,settled,0.048691023141145706,1.0,0.028836067765951157,body
rigid_none,body_only,90198,True,False,m,1.379640047296776,0.0,,0.0,79,True,3.0,0.026513343676924706,body,settled,0.0254769679158926,0.0,0.026627397164702415,body,settled,0.02927672304213047,0.0,0.01493998896330595,world,settled,0.017193946987390518,0.0,0.047787558287382126,body,settled,0.04812414571642876,1.0,0.026513343676924706,body
rigid_none,body_only,90199,True,False,l,1.4868269255907973,0.0,,0.0,73,True,3.0,0.0543983094394207,body,settled,0.047255828976631165,0.8,0.06001507118344307,body,settled,0.05345121771097183,1.0,0.03321320191025734,body,settled,0.0295554306358099,0.0,0.06823834031820297,body,settled,0.06169845536351204,1.0,0.0543983094394207,body
rigid_none,body_only,90200,True,False,m,1.568789452616487,0.0,,0.0,75,True,3.0,0.03767157718539238,body,settled,0.06114821881055832,1.0,0.03555631637573242,body,settled,0.06458448618650436,1.0,0.021383827552199364,world,settled,0.034642647951841354,0.0,0.05358210206031799,body,settled,0.0723668560385704,1.0,0.03767157718539238,body
rigid_none,body_only,90201,True,False,l,1.237480856854104,0.0,,0.0,74,True,3.0,0.02405734173953533,body,settled,0.022890742868185043,0.0,0.02860378660261631,body,settled,0.026571959257125854,0.0,0.018415458500385284,world,settled,0.0180106982588768,0.0,0.0421055369079113,body,settled,0.04325712472200394,1.0,0.02405734173953533,body
rigid_none,body_only,90202,True,False,m,1.589816924085751,0.0,,0.0,69,True,3.0,0.052960336208343506,body,settled,0.07443170249462128,1.0,0.050927162170410156,body,settled,0.07114414125680923,1.0,0.02964000403881073,body,settled,0.053131669759750366,1.0,0.06656454503536224,body,settled,0.059192854911088943,1.0,0.052960336208343506,body
rigid_none,body_only,90203,True,False,l,1.2163108575505985,0.0,,0.0,68,True,3.0,0.021297389641404152,body,settled,0.021993741393089294,0.0,0.0280722975730896,body,settled,0.02677811123430729,0.0,0.017205175012350082,world,settled,0.016772430390119553,0.0,0.038567833602428436,body,settled,0.040254857391119,0.4,0.021297389641404152,body
rigid_none,body_only,90204,True,False,m,1.577624770964431,0.0,,0.0,61,True,3.0,0.07425631582736969,body,settled,0.06463688611984253,1.0,0.09286929666996002,body,settled,0.057809166610240936,1.0,0.04402617737650871,body,settled,0.05357585474848747,1.0,0.08954288810491562,body,settled,0.05825994536280632,1.0,0.07425631582736969,body
rigid_none,body_only,90205,True,False,l,1.3675497082151145,0.0,,0.0,65,True,3.0,0.03524237871170044,body,settled,0.027843493968248367,0.0,0.03751181438565254,body,settled,0.0346633680164814,0.0,0.022975962609052658,body,settled,0.021412957459688187,0.0,0.05249660462141037,body,settled,0.050134629011154175,1.0,0.03524237871170044,body
rigid_none,body_only,90206,True,False,m,1.5176465510618466,0.0,,0.0,74,True,3.0,0.039773643016815186,body,settled,0.05572635680437088,1.0,0.038351353257894516,body,settled,0.057720862329006195,1.0,0.022022763267159462,body,settled,0.03221511095762253,0.2,0.05101574584841728,body,settled,0.06991054117679596,1.0,0.039773643016815186,body
rigid_none,body_only,90207,True,False,l,1.2488637580931352,0.0,,0.0,80,True,3.0,0.02385634370148182,body,settled,0.023036997765302658,0.0,0.02789732813835144,body,settled,0.027278324589133263,0.0,0.01721266470849514,world,settled,0.017455920577049255,0.0,0.04715632274746895,body,settled,0.04029678553342819,0.4,0.02385634370148182,body
rigid_none,body_only,90208,True,False,m,1.4834364114696996,0.0,,0.0,66,True,3.0,0.04765728488564491,body,settled,0.04316544160246849,0.8,0.0494038350880146,body,settled,0.04388870298862457,0.8,0.027027761563658714,body,settled,0.024965662509202957,0.0,0.06121093034744263,body,settled,0.06156390905380249,1.0,0.04765728488564491,body
rigid_none,body_only,90209,True,False,l,1.263629522578016,0.0,,0.0,60,True,3.0,0.025272006168961525,body,settled,0.026954015716910362,0.0,0.027306880801916122,body,settled,0.03221527859568596,0.0,0.018752748146653175,world,settled,0.020652230829000473,0.0,0.04399406164884567,body,settled,0.0465199314057827,1.0,0.025272006168961525,body
rigid_none,body_only,90210,True,False,m,1.3346147837212192,0.0,,0.0,73,True,3.0,0.024503368884325027,body,settled,0.023610945791006088,0.0,0.025270935148000717,body,settled,0.023793121799826622,0.0,0.015253248624503613,world,settled,0.01646691933274269,0.0,0.044956598430871964,body,settled,0.047625456005334854,0.8,0.024503368884325027,body
rigid_none,body_only,90211,True,False,l,1.30656153459059,0.0,,0.0,71,True,3.0,0.028671419247984886,body,settled,0.032782964408397675,0.2,0.03458217903971672,body,settled,0.035895053297281265,0.2,0.020686935633420944,world,settled,0.020760705694556236,0.0,0.047283776104450226,body,settled,0.05583293363451958,1.0,0.028671419247984886,body
rigid_none,body_only,90212,True,False,m,1.6930851814175538,0.0,,0.0,60,False,nan,nan,alarm,persistent,0.07259853184223175,1.0,nan,alarm,persistent,0.06672318279743195,1.0,nan,alarm,persistent,0.06121281534433365,1.0,nan,alarm,persistent,0.06015509366989136,1.0,nan,alarm
rigid_none,body_only,90213,True,False,l,1.3559979569855254,0.0,,0.0,66,True,3.0,0.03979463502764702,body,settled,0.0338016077876091,0.0,0.04392086714506149,body,settled,0.03890550509095192,0.2,0.027666952461004257,body,settled,0.023326966911554337,0.0,0.055610574781894684,body,settled,0.04986806586384773,1.0,0.03979463502764702,body
rigid_none,body_only,90214,True,False,m,1.3935857870234445,0.0,,0.0,60,True,3.0,0.03228268027305603,body,settled,0.037013858556747437,0.2,0.03221742436289787,body,settled,0.036408327519893646,0.2,0.01705555059015751,world,settled,0.020480621606111526,0.0,0.052800070494413376,body,settled,0.056021977216005325,1.0,0.03228268027305603,body
rigid_none,body_only,90215,True,False,l,1.3131198647094737,0.0,,0.0,80,True,3.0,0.029934680089354515,body,settled,0.0297689288854599,0.0,0.035627417266368866,body,settled,0.03180704265832901,0.0,0.021682772785425186,world,settled,0.019791552796959877,0.0,0.0480494387447834,body,settled,0.04847899079322815,1.0,0.029934680089354515,body
rigid_none,body_only,90216,True,False,m,1.681261135717984,0.0,,0.0,66,True,3.0,0.07719846814870834,body,settled,0.07858110219240189,1.0,0.08470024913549423,body,settled,0.0666240006685257,1.0,0.046357035636901855,body,settled,0.06545694917440414,1.0,0.08444619178771973,body,settled,0.06536458432674408,1.0,0.07719846814870834,body
rigid_none,body_only,90217,True,False,l,1.413471960665546,0.0,,0.0,75,True,3.0,0.03654017671942711,body,settled,0.03590182214975357,0.2,0.04476089030504227,body,settled,0.03777683526277542,0.4,0.029200732707977295,body,settled,0.024416793137788773,0.0,0.05398138239979744,body,settled,0.05664391070604324,1.0,0.03654017671942711,body
rigid_none,body_only,90218,True,False,m,1.584896311018346,0.0,,0.0,74,True,3.0,0.04138099402189255,body,settled,0.07603393495082855,1.0,0.03904164582490921,body,settled,0.06816621124744415,1.0,0.025192003697156906,body,settled,0.058399640023708344,1.0,0.05283532291650772,body,settled,0.06764280050992966,1.0,0.04138099402189255,body
rigid_none,body_only,90219,True,False,l,1.3119810143159762,0.0,,0.0,70,True,3.0,0.029210850596427917,body,settled,0.023861566558480263,0.0,0.03072824515402317,body,settled,0.03058239445090294,0.0,0.01991100236773491,world,settled,0.017993416637182236,0.0,0.05172625184059143,body,settled,0.04383038729429245,0.8,0.029210850596427917,body
rigid_none,body_only,90220,True,False,m,1.300500753923412,0.0,,0.0,65,True,3.0,0.02204485423862934,body,settled,0.02081851288676262,0.0,0.023480553179979324,body,settled,0.02305402234196663,0.0,0.013499808497726917,world,settled,0.014226771891117096,0.0,0.045847177505493164,body,settled,0.04255392774939537,0.8,0.02204485423862934,body
rigid_none,body_only,90221,True,False,l,1.325946290087466,0.0,,0.0,69,True,3.0,0.023670420050621033,body,settled,0.02800345979630947,0.0,0.0289168544113636,body,settled,0.032975934445858,0.0,0.018592270091176033,world,settled,0.023107964545488358,0.0,0.03931247442960739,body,settled,0.045495547354221344,1.0,0.023670420050621033,body
rigid_none,body_only,90222,True,False,m,1.3799548422979533,0.0,,0.0,63,True,3.0,0.02442317083477974,body,settled,0.026355598121881485,0.0,0.025757506489753723,body,settled,0.028778132051229477,0.0,0.015037670731544495,world,settled,0.016398344188928604,0.0,0.047170329838991165,body,settled,0.04280877485871315,0.8,0.02442317083477974,body
rigid_none,body_only,90223,True,False,l,1.2088747342560058,0.0,,0.0,66,True,3.0,0.021092375740408897,body,settled,0.01806253008544445,0.0,0.026081223040819168,body,settled,0.02463117614388466,0.0,0.01782548800110817,world,settled,0.016719037666916847,0.0,0.04012499377131462,body,settled,0.042389169335365295,0.6,0.021092375740408897,body
rigid_none,body_only,90224,True,False,m,1.3689372681649405,0.0,,0.0,67,True,3.0,0.03176223859190941,body,settled,0.02783900499343872,0.0,0.03544289246201515,body,settled,0.03063487634062767,0.0,0.02047925814986229,world,settled,0.01689581200480461,0.0,0.050734054297208786,body,settled,0.045178018510341644,1.0,0.03176223859190941,body
rigid_none,body_only,90225,True,False,l,1.4190999555086545,0.0,,0.0,76,True,3.0,0.03727545216679573,body,settled,0.032828427851200104,0.4,0.04052624851465225,body,settled,0.03603547066450119,0.4,0.02545350231230259,body,settled,0.02265632525086403,0.0,0.05606170371174812,body,settled,0.055129267275333405,1.0,0.03727545216679573,body
rigid_none,body_only,90226,True,False,m,1.3666051873938825,0.0,,0.0,68,True,3.0,0.01850944384932518,body,settled,0.023044122382998466,0.0,0.021170243620872498,body,settled,0.025811102241277695,0.0,0.015230360440909863,world,settled,0.016639158129692078,0.0,0.03736915811896324,body,settled,0.0423855222761631,0.8,0.01850944384932518,body
rigid_none,body_only,90227,True,False,l,1.2089853713110907,0.0,,0.0,76,True,3.0,0.021182337775826454,body,settled,0.022046571597456932,0.0,0.027110179886221886,body,settled,0.024256447330117226,0.0,0.01797177828848362,world,settled,0.018055323511362076,0.0,0.0397663414478302,body,settled,0.03890324756503105,0.4,0.021182337775826454,body
rigid_none,body_only,90228,True,False,m,1.3941552835422104,0.0,,0.0,76,True,3.0,0.019193869084119797,body,settled,0.03463330492377281,0.0,0.024362368509173393,body,settled,0.035505156964063644,0.0,0.015022017061710358,world,settled,0.019827866926789284,0.0,0.034619905054569244,body,settled,0.05430759862065315,0.8,0.019193869084119797,body
rigid_none,body_only,90229,True,False,l,1.4129882265602367,0.0,,0.0,60,True,3.0,0.041710540652275085,body,settled,0.03675737977027893,0.4,0.04562341794371605,body,settled,0.04245643690228462,0.6,0.027756964787840843,body,settled,0.0280862245708704,0.0,0.05826009064912796,body,settled,0.05562286823987961,1.0,0.041710540652275085,body
rigid_none,body_only,90230,True,False,m,1.387380358400205,0.0,,0.0,62,True,3.0,0.03421857953071594,body,settled,0.027564188465476036,0.0,0.034958235919475555,body,settled,0.028721198439598083,0.0,0.021583249792456627,world,settled,0.017800765112042427,0.0,0.04959964007139206,body,settled,0.04971786215901375,1.0,0.03421857953071594,body
rigid_none,body_only,90231,True,False,l,1.2736796593502162,0.0,,0.0,79,True,3.0,0.023473799228668213,body,settled,0.02460763417184353,0.0,0.028680909425020218,body,settled,0.03253687545657158,0.0,0.018666807562112808,world,settled,0.02034115605056286,0.0,0.04109726846218109,body,settled,0.04450313374400139,1.0,0.023473799228668213,body
rigid_none,body_only,90232,True,False,m,1.3398772042708087,0.0,,0.0,65,True,3.0,0.02282564714550972,body,settled,0.030797425657510757,0.0,0.026241179555654526,body,settled,0.03035571053624153,0.0,0.01546657644212246,world,settled,0.017081476747989655,0.0,0.04470610246062279,body,settled,0.05289937183260918,1.0,0.02282564714550972,body
rigid_none,body_only,90233,True,False,l,1.2151805568406018,0.0,,0.0,74,True,3.0,0.018818248063325882,body,settled,0.020825933665037155,0.0,0.02584974840283394,body,settled,0.028757760301232338,0.0,0.016276340931653976,world,settled,0.01787523739039898,0.0,0.03786354139447212,body,settled,0.03826360031962395,0.4,0.018818248063325882,body
rigid_none,body_only,90234,True,False,m,1.412785576783788,0.0,,0.0,80,True,3.0,0.02758191153407097,body,settled,0.032566629350185394,0.4,0.02786022424697876,body,settled,0.035051535815000534,0.4,0.016326555982232094,world,settled,0.0187054555863142,0.0,0.04496665671467781,body,settled,0.05801372975111008,1.0,0.02758191153407097,body
rigid_none,body_only,90235,True,False,l,1.4243033807217698,0.0,,0.0,60,True,3.0,0.040342409163713455,body,settled,0.03506305068731308,0.2,0.03768002986907959,body,settled,0.03639776632189751,0.2,0.02434552274644375,body,settled,0.023440195247530937,0.0,0.05859364941716194,body,settled,0.05521424487233162,1.0,0.040342409163713455,body
rigid_none,body_only,90236,True,False,m,1.6997035312296203,0.0,,0.0,64,True,3.0,0.07492892444133759,body,settled,0.08237767964601517,1.0,0.08240925520658493,body,settled,0.07357621937990189,1.0,0.04476551339030266,body,settled,0.06520674377679825,1.0,0.08346736431121826,body,settled,0.06429234892129898,1.0,0.07492892444133759,body
rigid_none,body_only,90237,True,False,l,1.376968432617344,0.0,,0.0,75,True,3.0,0.032370589673519135,body,settled,0.03255508840084076,0.2,0.03500203788280487,body,settled,0.03828669339418411,0.2,0.022698089480400085,body,settled,0.02270270511507988,0.0,0.052140675485134125,body,settled,0.05256131291389465,1.0,0.032370589673519135,body
rigid_none,body_only,90238,True,False,m,1.5968317899030746,0.0,,0.0,62,True,3.0,0.06658856570720673,body,settled,0.0751538872718811,1.0,0.07360697537660599,body,settled,0.05953279137611389,1.0,0.04012778401374817,body,settled,0.06223573535680771,1.0,0.07659091055393219,body,settled,0.05973593145608902,1.0,0.06658856570720673,body
rigid_none,body_only,90239,True,False,l,1.3434682340044826,0.0,,0.0,67,True,3.0,0.03286779671907425,body,settled,0.02922387793660164,0.0,0.035253532230854034,body,settled,0.035034798085689545,0.2,0.02097008191049099,world,settled,0.021929774433374405,0.0,0.0552816316485405,body,settled,0.050174616277217865,1.0,0.03286779671907425,body
rigid_none,world_only,90240,False,True,,1.0,1.0,short,-0.05,59,True,3.0,0.011149680241942406,world,settled,0.012049642391502857,0.0,0.015371186658740044,world,settled,0.016759831458330154,0.0,0.020072665065526962,world,settled,0.01844293437898159,0.0,0.02747971937060356,world,settled,0.02431657910346985,0.0,0.011149680241942406,world
rigid_none,world_only,90241,False,True,,1.0,1.0,medium,0.1,75,True,3.0,0.010811055079102516,world,settled,0.011099071241915226,0.0,0.018256312236189842,world,settled,0.015540639869868755,0.0,0.018423467874526978,world,settled,0.019519496709108353,0.0,0.01953289285302162,world,settled,0.02417471632361412,0.0,0.010811055079102516,world
rigid_none,world_only,90242,False,True,,1.0,-2.0,short,0.2,69,True,3.0,0.011055068112909794,world,settled,0.011433370411396027,0.0,0.015557078644633293,world,settled,0.016606148332357407,0.0,0.01889246329665184,world,settled,0.01875043287873268,0.0,0.02934611402451992,world,settled,0.023796116933226585,0.0,0.011055068112909794,world
rigid_none,world_only,90243,False,True,,1.0,2.0,medium,0.05,68,True,4.6000000000000005,0.009321680292487144,world,settled,0.011431052349507809,0.0,0.013675341382622719,world,settled,0.013509799726307392,0.0,0.019939227029681206,world,settled,0.019609807059168816,0.0,0.030069489032030106,world,settled,0.025682831183075905,0.0,0.009321680292487144,world
rigid_none,world_only,90244,False,True,,1.0,-4.0,short,0.05,65,True,4.55,0.010408768430352211,world,settled,0.011015737429261208,0.0,0.01573009230196476,world,settled,0.016605451703071594,0.0,0.018713952973484993,world,settled,0.01861858181655407,0.0,0.019550541415810585,world,settled,0.028327787294983864,0.0,0.010408768430352211,world
rigid_none,world_only,90245,False,True,,1.0,4.0,medium,0.25,65,True,4.2,0.011808360926806927,world,settled,0.011038188822567463,0.0,0.015653856098651886,world,settled,0.016772642731666565,0.0,0.019801586866378784,world,settled,0.019453436136245728,0.0,0.027713537216186523,world,settled,0.02781139686703682,0.0,0.011808360926806927,world
rigid_none,world_only,90246,False,True,,1.0,-1.0,short,0.1,75,True,3.0,0.010877644643187523,world,settled,0.011235732585191727,0.0,0.016194680705666542,world,settled,0.017468545585870743,0.0,0.01939273811876774,world,settled,0.018459733575582504,0.0,0.024849120527505875,world,settled,0.024613073095679283,0.0,0.010877644643187523,world
rigid_none,world_only,90247,False,True,,1.0,-1.0,medium,-0.15000000000000002,77,True,3.0,0.01150917075574398,world,settled,0.009787573479115963,0.0,0.015068823471665382,world,settled,0.014491483569145203,0.0,0.018381163477897644,world,settled,0.019871056079864502,0.0,0.030952144414186478,world,settled,0.026758838444948196,0.0,0.01150917075574398,world
rigid_none,world_only,90248,False,True,,1.0,-2.0,short,0.15000000000000002,70,True,3.0,0.011156488209962845,world,settled,0.010860200971364975,0.0,0.015353700146079063,world,settled,0.01720849983394146,0.0,0.017889846116304398,world,settled,0.019310345873236656,0.0,0.035540152341127396,body,settled,0.027001788839697838,0.0,0.011156488209962845,world
rigid_none,world_only,90249,False,True,,1.0,2.0,medium,-0.25,60,True,4.75,0.011146709322929382,world,settled,0.01069240365177393,0.0,0.017491724342107773,world,settled,0.01576424017548561,0.0,0.01895998790860176,world,settled,0.019017044454813004,0.0,0.026209115982055664,world,settled,0.025190208107233047,0.0,0.011146709322929382,world
rigid_none,world_only,90250,False,True,,1.0,4.0,short,0.05,68,True,4.55,0.011238349601626396,world,settled,0.01043619029223919,0.0,0.015256112441420555,world,settled,0.01492069847881794,0.0,0.0195996705442667,world,settled,0.01977071724832058,0.0,0.026677465066313744,world,settled,0.02709578536450863,0.0,0.011238349601626396,world
rigid_none,world_only,90251,False,True,,1.0,-4.0,medium,0.15000000000000002,77,True,4.1000000000000005,0.010511897504329681,world,settled,0.01079427171498537,0.0,0.017289113253355026,world,settled,0.01596270315349102,0.0,0.017265137284994125,world,settled,0.01880609802901745,0.0,0.01826457865536213,world,settled,0.02369721606373787,0.0,0.010511897504329681,world
rigid_none,world_only,90252,False,True,,1.0,-1.0,short,-0.05,78,True,3.0,0.010237854905426502,world,settled,0.01114620827138424,0.0,0.014058789238333702,world,settled,0.01600657030940056,0.0,0.020102646201848984,world,settled,0.01967475935816765,0.0,0.028384041041135788,world,settled,0.026536116376519203,0.0,0.010237854905426502,world
rigid_none,world_only,90253,False,True,,1.0,1.0,medium,-0.05,60,True,3.0,0.01093949656933546,world,settled,0.010365607216954231,0.0,0.016621043905615807,world,settled,0.01569787785410881,0.0,0.01868700608611107,world,settled,0.01931527815759182,0.0,0.021708959713578224,world,settled,0.027271363884210587,0.0,0.01093949656933546,world
rigid_none,world_only,90254,False,True,,1.0,2.0,short,0.1,75,True,3.0,0.01184923481196165,world,settled,0.010100048035383224,0.0,0.016964944079518318,world,settled,0.013005144894123077,0.0,0.018444323912262917,world,settled,0.019691377878189087,0.0,0.017315281555056572,world,settled,0.027494844049215317,0.0,0.01184923481196165,world
rigid_none,world_only,90255,False,True,,1.0,2.0,medium,0.25,70,True,4.800000000000001,0.01057893130928278,world,settled,0.010661936365067959,0.0,0.014129063114523888,world,settled,0.016228321939706802,0.0,0.01882217824459076,world,settled,0.019434915855526924,0.0,0.030998652800917625,world,settled,0.026006171479821205,0.0,0.01057893130928278,world
rigid_none,world_only,90256,False,True,,1.0,-4.0,short,-0.2,70,True,6.15,0.011956472881138325,world,settled,0.010433947667479515,0.0,0.01596136763691902,world,settled,0.01600136235356331,0.0,0.017704332247376442,world,settled,0.01976906880736351,0.0,0.03004326857626438,world,settled,0.025005441159009933,0.0,0.011956472881138325,world
rigid_none,world_only,90257,False,True,,1.0,-4.0,medium,-0.05,64,True,4.45,0.010673042386770248,world,settled,0.01053512655198574,0.0,0.016464725136756897,world,settled,0.014945830218493938,0.0,0.019328106194734573,world,settled,0.019212480634450912,0.0,0.025950247421860695,world,settled,0.024785032495856285,0.0,0.010673042386770248,world
rigid_none,world_only,90258,False,True,,1.0,-1.0,short,0.25,67,True,3.0,0.00973737146705389,world,settled,0.010303893126547337,0.0,0.01420074887573719,world,settled,0.012911053374409676,0.0,0.01986241340637207,world,settled,0.019263042137026787,0.0,0.02977164462208748,world,settled,0.02831345796585083,0.0,0.00973737146705389,world
rigid_none,world_only,90259,False,True,,1.0,1.0,medium,-0.25,71,True,3.0,0.010382916778326035,world,settled,0.009945868514478207,0.0,0.017001371830701828,world,settled,0.015650376677513123,0.0,0.018536781892180443,world,settled,0.018469713628292084,0.0,0.02016429975628853,world,settled,0.029184037819504738,0.0,0.010382916778326035,world
rigid_none,world_only,90260,False,True,,1.0,-2.0,short,-0.05,78,True,3.0,0.01177266240119934,world,settled,0.012096232734620571,0.0,0.01646045409142971,world,settled,0.01588704064488411,0.0,0.017774561420083046,world,settled,0.018631912767887115,0.0,0.03192214295268059,world,settled,0.02858019433915615,0.0,0.01177266240119934,world
rigid_none,world_only,90261,False,True,,1.0,-2.0,medium,0.15000000000000002,76,True,4.8500000000000005,0.011997325345873833,world,settled,0.010699129663407803,0.0,0.018546635285019875,world,settled,0.015430326573550701,0.0,0.019105199724435806,world,settled,0.018981410190463066,0.0,0.019098345190286636,world,settled,0.02295256219804287,0.0,0.011997325345873833,world
rigid_none,world_only,90262,False,True,,1.0,-4.0,short,0.1,68,True,8.05,0.00957257766276598,world,settled,0.010729572735726833,0.0,0.014894073829054832,world,settled,0.015132011845707893,0.0,0.017882924526929855,world,settled,0.018559103831648827,0.0,0.021380528807640076,world,settled,0.02670474909245968,0.0,0.00957257766276598,world
rigid_none,world_only,90263,False,True,,1.0,-4.0,medium,-0.15000000000000002,76,True,4.3500000000000005,0.011009586043655872,world,settled,0.011234660632908344,0.0,0.016124675050377846,world,settled,0.015316611155867577,0.0,0.019062083214521408,world,settled,0.019092164933681488,0.0,0.021733131259679794,world,settled,0.0253329835832119,0.0,0.011009586043655872,world
rigid_none,world_only,90264,False,True,,1.0,1.0,short,-0.15000000000000002,76,True,3.0,0.010603455826640129,world,settled,0.010254371911287308,0.0,0.016471248120069504,world,settled,0.013543074019253254,0.0,0.01955592632293701,world,settled,0.01970769464969635,0.0,0.02394803985953331,world,settled,0.03029210865497589,0.0,0.010603455826640129,world
rigid_none,world_only,90265,False,True,,1.0,1.0,medium,-0.05,73,True,3.0,0.0108207818120718,world,settled,0.011352875269949436,0.0,0.01715121790766716,world,settled,0.014628862030804157,0.0,0.017801212146878242,world,settled,0.01903432607650757,0.0,0.01744299754500389,world,settled,0.02774447202682495,0.0,0.0108207818120718,world
rigid_none,world_only,90266,False,True,,1.0,2.0,short,0.1,80,True,3.0,0.011615192517638206,world,settled,0.010932927951216698,0.0,0.017346104606986046,world,settled,0.016393888741731644,0.0,0.018396873027086258,world,settled,0.018662331625819206,0.0,0.024178680032491684,world,settled,0.025205859914422035,0.0,0.011615192517638206,world
rigid_none,world_only,90267,False,True,,1.0,2.0,medium,-0.05,73,True,4.8500000000000005,0.010170551016926765,world,settled,0.01001223735511303,0.0,0.01374111045151949,world,settled,0.014724877662956715,0.0,0.019548241049051285,world,settled,0.019398216158151627,0.0,0.029482388868927956,world,settled,0.025895755738019943,0.0,0.010170551016926765,world
rigid_none,world_only,90268,False,True,,1.0,-4.0,short,-0.1,69,False,nan,nan,world,decayed,0.023588497191667557,0.0,nan,world,decayed,0.01597181148827076,0.0,nan,world,decayed,0.03659772127866745,0.0,nan,world,decayed,0.030015569180250168,0.0,nan,world
rigid_none,world_only,90269,False,True,,1.0,4.0,medium,0.0,74,True,4.2,0.010333098471164703,world,settled,0.010721840895712376,0.0,0.013864179141819477,world,settled,0.015564161352813244,0.0,0.018097300082445145,world,settled,0.019416995346546173,0.0,0.03076501563191414,world,settled,0.026739317923784256,0.0,0.010333098471164703,world
rigid_none,world_only,90270,False,True,,1.0,-1.0,short,0.1,81,True,3.0,0.011212210170924664,world,settled,0.009918052703142166,0.0,0.017585426568984985,world,settled,0.013371191918849945,0.0,0.018612533807754517,world,settled,0.02042214944958687,0.0,0.025027107447385788,world,settled,0.029664719477295876,0.0,0.011212210170924664,world
rigid_none,world_only,90271,False,True,,1.0,1.0,medium,-0.15000000000000002,77,True,3.0,0.011011211201548576,world,settled,0.010953729040920734,0.0,0.015395027585327625,world,settled,0.01573091372847557,0.0,0.01919134519994259,world,settled,0.018576793372631073,0.0,0.019896801561117172,world,settled,0.02832469716668129,0.0,0.011011211201548576,world
rigid_none,world_only,90272,False,True,,1.0,-2.0,short,-0.2,58,True,3.0,0.009732561185956001,world,settled,0.010569265112280846,0.0,0.012464703992009163,world,settled,0.016502654179930687,0.0,0.019758839160203934,world,settled,0.01906963810324669,0.0,0.03092801943421364,world,settled,0.02809791825711727,0.0,0.009732561185956001,world
rigid_none,world_only,90273,False,True,,1.0,2.0,medium,-0.2,71,True,4.75,0.010519564151763916,world,settled,0.010492606088519096,0.0,0.01379946619272232,world,settled,0.014214389026165009,0.0,0.019533753395080566,world,settled,0.019339919090270996,0.0,0.028646597638726234,world,settled,0.028737807646393776,0.0,0.010519564151763916,world
rigid_none,world_only,90274,False,True,,1.0,4.0,short,-0.15000000000000002,60,True,4.65,0.010159113444387913,world,settled,0.011351266875863075,0.0,0.012638142332434654,world,settled,0.016354501247406006,0.0,0.018782351166009903,world,settled,0.018971960991621017,0.0,0.030859574675559998,world,settled,0.02718709409236908,0.0,0.010159113444387913,world
rigid_none,world_only,90275,False,True,,1.0,4.0,medium,0.2,76,True,4.3,0.010112257674336433,world,settled,0.010561561211943626,0.0,0.013689582236111164,world,settled,0.015884321182966232,0.0,0.01831749454140663,world,settled,0.019125979393720627,0.0,0.032956354320049286,world,settled,0.027988996356725693,0.0,0.010112257674336433,world
rigid_none,world_only,90276,False,True,,1.0,1.0,short,-0.1,69,True,3.0,0.010155763477087021,world,settled,0.010279457084834576,0.0,0.015027892775833607,world,settled,0.014497831463813782,0.0,0.019159335643053055,world,settled,0.019006559625267982,0.0,0.023973364382982254,world,settled,0.02794254757463932,0.0,0.010155763477087021,world
rigid_none,world_only,90277,False,True,,1.0,-1.0,medium,0.25,75,True,3.0,0.009930972941219807,world,settled,0.011819957755506039,0.0,0.012552755884826183,world,settled,0.01647413894534111,0.0,0.019375687465071678,world,settled,0.018478795886039734,0.0,0.034244291484355927,world,settled,0.02378791943192482,0.0,0.009930972941219807,world
rigid_none,world_only,90278,False,True,,1.0,2.0,short,0.2,64,True,3.0,0.012106682173907757,world,settled,0.010220067575573921,0.0,0.013587603345513344,world,settled,0.014027516357600689,0.0,0.01914510503411293,world,settled,0.019366804510354996,0.0,0.022337641566991806,world,settled,0.027946198359131813,0.0,0.012106682173907757,world
rigid_none,world_only,90279,False,True,,1.0,-2.0,medium,-0.15000000000000002,63,True,6.050000000000001,0.011457381770014763,world,settled,0.010534374974668026,0.0,0.016745155677199364,world,settled,0.014986659400165081,0.0,0.018675118684768677,world,settled,0.01892426423728466,0.0,0.029917245730757713,world,settled,0.02638348937034607,0.0,0.011457381770014763,world
rigid_none,world_only,90280,False,True,,1.0,4.0,short,0.2,77,True,4.7,0.010514781810343266,world,settled,0.010203728452324867,0.0,0.01437512319535017,world,settled,0.014960633590817451,0.0,0.01895267888903618,world,settled,0.020191168412566185,0.0,0.030498141422867775,world,settled,0.02743423916399479,0.0,0.010514781810343266,world
rigid_none,world_only,90281,False,True,,1.0,4.0,medium,0.1,77,True,4.2,0.010888757184147835,world,settled,0.010367619805037975,0.0,0.015506994910538197,world,settled,0.013664871454238892,0.0,0.018354374915361404,world,settled,0.020224934443831444,0.0,0.029741307720541954,world,settled,0.02642664685845375,0.0,0.010888757184147835,world
rigid_none,world_only,90282,False,True,,1.0,1.0,short,0.15000000000000002,68,True,3.0,0.009918847121298313,world,settled,0.010770558379590511,0.0,0.014915257692337036,world,settled,0.017295587807893753,0.0,0.019727438688278198,world,settled,0.01777026057243347,0.0,0.024878937751054764,world,settled,0.026551201939582825,0.0,0.009918847121298313,world
rigid_none,world_only,90283,False,True,,1.0,-1.0,medium,-0.05,74,True,3.0,0.011982357129454613,world,settled,0.010953753255307674,0.0,0.016751563176512718,world,settled,0.014717000536620617,0.0,0.0184271689504385,world,settled,0.018980901688337326,0.0,0.030410051345825195,world,settled,0.02681972086429596,0.0,0.011982357129454613,world
rigid_none,world_only,90284,False,True,,1.0,2.0,short,-0.2,72,True,3.0,0.009360057301819324,world,settled,0.011429525911808014,0.0,0.013731056824326515,world,settled,0.016998525708913803,0.0,0.018868524581193924,world,settled,0.019471751525998116,0.0,0.024210475385189056,world,settled,0.025909777730703354,0.0,0.009360057301819324,world
rigid_none,world_only,90285,False,True,,1.0,-2.0,medium,-0.2,73,True,4.7,0.011318603530526161,world,settled,0.010507958941161633,0.0,0.018171390518546104,world,settled,0.015205432660877705,0.0,0.01723625883460045,world,settled,0.01880185678601265,0.0,0.017953500151634216,world,settled,0.024940412491559982,0.0,0.011318603530526161,world
rigid_none,world_only,90286,False,True,,1.0,4.0,short,-0.1,67,True,4.8500000000000005,0.01051897369325161,world,settled,0.01077919639647007,0.0,0.016174163669347763,world,settled,0.01504735928028822,0.0,0.018969563767313957,world,settled,0.019109409302473068,0.0,0.030370254069566727,world,settled,0.02929846942424774,0.0,0.01051897369325161,world
rigid_none,world_only,90287,False,True,,1.0,4.0,medium,0.2,79,True,4.3,0.010447748936712742,world,settled,0.011758668348193169,0.0,0.014342661015689373,world,settled,0.016945432871580124,0.0,0.019193073734641075,world,settled,0.018368985503911972,0.0,0.028780633583664894,world,settled,0.025683999061584473,0.0,0.010447748936712742,world
rigid_none,world_only,90288,False,True,,1.0,-1.0,short,-0.05,78,True,3.0,0.011109580285847187,world,settled,0.010554654523730278,0.0,0.014431106857955456,world,settled,0.014742592349648476,0.0,0.019492408260703087,world,settled,0.01906914822757244,0.0,0.029689863324165344,world,settled,0.027463775128126144,0.0,0.011109580285847187,world
rigid_none,world_only,90289,False,True,,1.0,1.0,medium,-0.05,64,True,3.0,0.010168371722102165,world,settled,0.010792030021548271,0.0,0.01701207086443901,world,settled,0.01631912775337696,0.0,0.018748361617326736,world,settled,0.019262034446001053,0.0,0.020785516127943993,world,settled,0.025126049295067787,0.0,0.010168371722102165,world
rigid_none,world_only,90290,False,True,,1.0,2.0,short,0.1,66,True,3.0,0.010273816995322704,world,settled,0.010541021823883057,0.0,0.014825798571109772,world,settled,0.013772271573543549,0.0,0.019132014364004135,world,settled,0.0193012822419405,0.0,0.02577957510948181,world,settled,0.027156513184309006,0.0,0.010273816995322704,world
rigid_none,world_only,90291,False,True,,1.0,-2.0,medium,0.15000000000000002,75,True,4.800000000000001,0.0114020686596632,world,settled,0.010877735912799835,0.0,0.017524734139442444,world,settled,0.01368078775703907,0.0,0.017802035436034203,world,settled,0.020556889474391937,0.0,0.02137720212340355,world,settled,0.026264557614922523,0.0,0.0114020686596632,world
rigid_none,world_only,90292,False,True,,1.0,-4.0,short,0.1,74,True,4.5,0.010254919528961182,world,settled,0.010241905227303505,0.0,0.016068462282419205,world,settled,0.01451363880187273,0.0,0.01920875534415245,world,settled,0.019111575558781624,0.0,0.019371602684259415,world,settled,0.02952643297612667,0.0,0.010254919528961182,world
rigid_none,world_only,90293,False,True,,1.0,4.0,medium,0.1,69,True,4.25,0.00974471028894186,world,settled,0.011190909892320633,0.0,0.015769898891448975,world,settled,0.015229915268719196,0.0,0.019124595448374748,world,settled,0.01956569030880928,0.0,0.029338881373405457,world,settled,0.024370335042476654,0.0,0.00974471028894186,world
rigid_none,world_only,90294,False,True,,1.0,-1.0,short,-0.1,70,True,3.0,0.010911760851740837,world,settled,0.010231668129563332,0.0,0.014287503436207771,world,settled,0.016328375786542892,0.0,0.01832668110728264,world,settled,0.020487872883677483,0.0,0.03140244632959366,world,settled,0.027604445815086365,0.0,0.010911760851740837,world
rigid_none,world_only,90295,False,True,,1.0,1.0,medium,0.2,64,True,3.0,0.010084412060678005,world,settled,0.009587591513991356,0.0,0.01566040888428688,world,settled,0.013432115316390991,0.0,0.018497496843338013,world,settled,0.019779527559876442,0.0,0.022838184610009193,world,settled,0.02791360579431057,0.0,0.010084412060678005,world
rigid_none,world_only,90296,False,True,,1.0,-2.0,short,0.25,84,True,5.5,0.009946429170668125,world,settled,0.01040537841618061,0.0,0.016662338748574257,world,settled,0.013931241817772388,0.0,0.017301294952630997,world,settled,0.019351039081811905,0.0,0.018661608919501305,world,settled,0.028665846213698387,0.0,0.009946429170668125,world
rigid_none,world_only,90297,False,True,,1.0,2.0,medium,-0.05,62,True,4.65,0.007993921637535095,world,settled,0.010076863691210747,0.0,0.011956792324781418,world,settled,0.012835182249546051,0.0,0.019666120409965515,world,settled,0.018915778025984764,0.0,0.03390445560216904,world,settled,0.02882450819015503,0.0,0.007993921637535095,world
rigid_none,world_only,90298,False,True,,1.0,4.0,short,0.05,62,True,4.65,0.010946759022772312,world,settled,0.011212748475372791,0.0,0.013644886203110218,world,settled,0.01561910379678011,0.0,0.01936047337949276,world,settled,0.019532175734639168,0.0,0.03120546042919159,world,settled,0.02801058627665043,0.0,0.010946759022772312,world
rigid_none,world_only,90299,False,True,,1.0,-4.0,medium,0.05,67,True,4.2,0.01081046275794506,world,settled,0.010855456814169884,0.0,0.016874218359589577,world,settled,0.015749627724289894,0.0,0.01802104152739048,world,settled,0.020073262974619865,0.0,0.01906326785683632,world,settled,0.02647371217608452,0.0,0.01081046275794506,world
rigid_none,world_only,90300,False,True,,1.0,-1.0,short,-0.15000000000000002,67,True,3.0,0.010483693331480026,world,settled,0.009869340807199478,0.0,0.014701935462653637,world,settled,0.014463049359619617,0.0,0.019815389066934586,world,settled,0.01922791823744774,0.0,0.02804553136229515,world,settled,0.028537433594465256,0.0,0.010483693331480026,world
rigid_none,world_only,90301,False,True,,1.0,-1.0,medium,-0.25,72,True,3.0,0.01010148972272873,world,settled,0.010166703723371029,0.0,0.013961637392640114,world,settled,0.01443983893841505,0.0,0.01998666115105152,world,settled,0.019291119650006294,0.0,0.03216930106282234,world,settled,0.027265220880508423,0.0,0.01010148972272873,world
rigid_none,world_only,90302,False,True,,1.0,-2.0,short,0.2,78,True,3.0,0.011056149378418922,world,settled,0.011795895174145699,0.0,0.013779958710074425,world,settled,0.015397978015244007,0.0,0.018961802124977112,world,settled,0.019664492458105087,0.0,0.03245515748858452,world,settled,0.025986354798078537,0.0,0.011056149378418922,world
rigid_none,world_only,90303,False,True,,1.0,2.0,medium,-0.15000000000000002,59,True,4.800000000000001,0.010800918564200401,world,settled,0.010401366278529167,0.0,0.013370722532272339,world,settled,0.016835160553455353,0.0,0.020083745941519737,world,settled,0.019755175337195396,0.0,0.028599586337804794,world,settled,0.02898353897035122,0.0,0.010800918564200401,world
rigid_none,world_only,90304,False,True,,1.0,4.0,short,0.05,80,True,4.55,0.010123977437615395,world,settled,0.011400813236832619,0.0,0.01409115083515644,world,settled,0.0152664203196764,0.0,0.019794460386037827,world,settled,0.01814824901521206,0.0,0.028654668480157852,world,settled,0.0284592118114233,0.0,0.010123977437615395,world
rigid_none,world_only,90305,False,True,,1.0,-4.0,medium,-0.25,73,True,4.2,0.010939471423625946,world,settled,0.011070791631937027,0.0,0.01670936681330204,world,settled,0.014917358756065369,0.0,0.017256969586014748,world,settled,0.01971573382616043,0.0,0.020644506439566612,world,settled,0.025012504309415817,0.0,0.010939471423625946,world
rigid_none,world_only,90306,False,True,,1.0,1.0,short,-0.15000000000000002,64,True,3.0,0.009808272123336792,world,settled,0.010463619604706764,0.0,0.013375306501984596,world,settled,0.015595527365803719,0.0,0.018960872665047646,world,settled,0.019081171602010727,0.0,0.028920069336891174,world,settled,0.026755770668387413,0.0,0.009808272123336792,world
rigid_none,world_only,90307,False,True,,1.0,1.0,medium,-0.05,72,True,3.0,0.011305662803351879,world,settled,0.009744884446263313,0.0,0.017390642315149307,world,settled,0.013854222372174263,0.0,0.01831189915537834,world,settled,0.019737225025892258,0.0,0.01810424216091633,world,settled,0.0282212495803833,0.0,0.011305662803351879,world
rigid_none,world_only,90308,False,True,,1.0,-2.0,short,-0.25,62,True,3.0,0.011082622222602367,world,settled,0.010018476285040379,0.0,0.016580333933234215,world,settled,0.016103800386190414,0.0,0.018417762592434883,world,settled,0.019367139786481857,0.0,0.029369032010436058,world,settled,0.028206098824739456,0.0,0.011082622222602367,world
rigid_none,world_only,90309,False,True,,1.0,2.0,medium,0.25,65,True,5.0,0.010513519868254662,world,settled,0.010924636386334896,0.0,0.015691563487052917,world,settled,0.016473695635795593,0.0,0.019397985190153122,world,settled,0.018866105005145073,0.0,0.028983885422348976,world,settled,0.026641573756933212,0.0,0.010513519868254662,world
rigid_none,world_only,90310,False,True,,1.0,4.0,short,0.15000000000000002,70,True,4.75,0.011859789490699768,world,settled,0.010858377441763878,0.0,0.016083624213933945,world,settled,0.017252204939723015,0.0,0.017503896728157997,world,settled,0.01906990446150303,0.0,0.029659131541848183,world,settled,0.02482057735323906,0.0,0.011859789490699768,world
rigid_none,world_only,90311,False,True,,1.0,-4.0,medium,-0.05,66,True,4.3,0.009814242832362652,world,settled,0.01009542215615511,0.0,0.01608794368803501,world,settled,0.015623746439814568,0.0,0.018639644607901573,world,settled,0.019664183259010315,0.0,0.020318644121289253,world,settled,0.026370203122496605,0.0,0.009814242832362652,world
rigid_none,world_only,90312,False,True,,1.0,1.0,short,0.2,69,True,3.0,0.009964248165488243,world,settled,0.010690294206142426,0.0,0.01489362120628357,world,settled,0.015064775943756104,0.0,0.01860496774315834,world,settled,0.019804712384939194,0.0,0.02272595837712288,world,settled,0.02550678513944149,0.0,0.009964248165488243,world
rigid_none,world_only,90313,False,True,,1.0,-1.0,medium,-0.2,66,True,3.0,0.010381674394011497,world,settled,0.011053770780563354,0.0,0.012511099688708782,world,settled,0.012719688937067986,0.0,0.018858222290873528,world,settled,0.018363147974014282,0.0,0.033628061413764954,world,settled,0.028340062126517296,0.0,0.010381674394011497,world
rigid_none,world_only,90314,False,True,,1.0,2.0,short,-0.05,66,True,3.0,0.010834778659045696,world,settled,0.01034634094685316,0.0,0.015909021720290184,world,settled,0.014735792763531208,0.0,0.018802417442202568,world,settled,0.019939813762903214,0.0,0.022521574050188065,world,settled,0.02616303227841854,0.0,0.010834778659045696,world
rigid_none,world_only,90315,False,True,,1.0,2.0,medium,0.0,65,True,4.800000000000001,0.01031879335641861,world,settled,0.0100717069581151,0.0,0.012439312413334846,world,settled,0.015438822098076344,0.0,0.01942433789372444,world,settled,0.019288238137960434,0.0,0.031005244702100754,world,settled,0.027104947715997696,0.0,0.01031879335641861,world
rigid_none,world_only,90316,False,True,,1.0,4.0,short,-0.05,63,True,4.65,0.011638371273875237,world,settled,0.010125523433089256,0.0,0.014822423458099365,world,settled,0.015814336016774178,0.0,0.020111845806241035,world,settled,0.01932486519217491,0.0,0.026674071326851845,world,settled,0.025782009586691856,0.0,0.011638371273875237,world
rigid_none,world_only,90317,False,True,,1.0,4.0,medium,0.25,84,True,4.3,0.010169213637709618,world,settled,0.01072067953646183,0.0,0.01502029038965702,world,settled,0.01555987261235714,0.0,0.018621455878019333,world,settled,0.01968398690223694,0.0,0.031492505222558975,world,settled,0.027090439572930336,0.0,0.010169213637709618,world
rigid_none,world_only,90318,False,True,,1.0,-1.0,short,0.1,75,True,3.0,0.009559666737914085,world,settled,0.011441679671406746,0.0,0.01553693413734436,world,settled,0.015151821076869965,0.0,0.01894427463412285,world,settled,0.019055243581533432,0.0,0.027418311685323715,world,settled,0.02575395628809929,0.0,0.009559666737914085,world
rigid_none,world_only,90319,False,True,,1.0,1.0,medium,-0.25,65,True,3.0,0.011574002914130688,world,settled,0.010628068819642067,0.0,0.01751287840306759,world,settled,0.014578817412257195,0.0,0.018455296754837036,world,settled,0.019336234778165817,0.0,0.02026834525167942,world,settled,0.02885383367538452,0.0,0.011574002914130688,world
rigid_none,world_only,90320,False,True,,1.0,2.0,short,0.25,76,True,3.0,0.010866564698517323,world,settled,0.010828004218637943,0.0,0.014552250504493713,world,settled,0.016606971621513367,0.0,0.018787885084748268,world,settled,0.01864839904010296,0.0,0.023457661271095276,world,settled,0.02607497200369835,0.0,0.010866564698517323,world
rigid_none,world_only,90321,False,True,,1.0,2.0,medium,-0.15000000000000002,57,True,4.9,0.009403742849826813,world,settled,0.011600889265537262,0.0,0.012425857596099377,world,settled,0.016952861100435257,0.0,0.018521958962082863,world,settled,0.018199387937784195,0.0,0.03223142772912979,world,settled,0.025973999872803688,0.0,0.009403742849826813,world
rigid_none,world_only,90322,False,True,,1.0,4.0,short,-0.1,74,True,4.65,0.010048617608845234,world,settled,0.010341763496398926,0.0,0.014936747029423714,world,settled,0.01492344867438078,0.0,0.01913507655262947,world,settled,0.01979699730873108,0.0,0.030077014118433,world,settled,0.029935579746961594,0.0,0.010048617608845234,world
rigid_none,world_only,90323,False,True,,1.0,-4.0,medium,-0.05,75,True,4.15,0.01134445983916521,world,settled,0.010615075007081032,0.0,0.01664532534778118,world,settled,0.015196357853710651,0.0,0.018494809046387672,world,settled,0.018445473164319992,0.0,0.020053010433912277,world,settled,0.02565896138548851,0.0,0.01134445983916521,world
rigid_none,world_only,90324,False,True,,1.0,1.0,short,-0.05,72,True,3.0,0.009722137823700905,world,settled,0.010900246910750866,0.0,0.01563335582613945,world,settled,0.014375443570315838,0.0,0.018446901813149452,world,settled,0.019820068031549454,0.0,0.021274277940392494,world,settled,0.026416808366775513,0.0,0.009722137823700905,world
rigid_none,world_only,90325,False,True,,1.0,1.0,medium,0.05,80,True,3.0,0.010885682888329029,world,settled,0.01058773323893547,0.0,0.015019071288406849,world,settled,0.015663595870137215,0.0,0.017862048000097275,world,settled,0.019250838086009026,0.0,0.025536898523569107,world,settled,0.026838848367333412,0.0,0.010885682888329029,world
rigid_none,world_only,90326,False,True,,1.0,2.0,short,0.1,73,True,3.0,0.011492962017655373,world,settled,0.011428693309426308,0.0,0.01624266989529133,world,settled,0.013691982254385948,0.0,0.01828436180949211,world,settled,0.019333111122250557,0.0,0.024187464267015457,world,settled,0.02315172739326954,0.0,0.011492962017655373,world
rigid_none,world_only,90327,False,True,,1.0,-2.0,medium,0.25,78,True,5.1000000000000005,0.011080597527325153,world,settled,0.011488394811749458,0.0,0.014551910571753979,world,settled,0.014243058860301971,0.0,0.01767336018383503,world,settled,0.020310936495661736,0.0,0.02319684438407421,world,settled,0.024413898587226868,0.0,0.011080597527325153,world
rigid_none,world_only,90328,False,True,,1.0,-4.0,short,0.15000000000000002,74,True,4.7,0.011518527753651142,world,settled,0.010777192190289497,0.0,0.014491887763142586,world,settled,0.015435406938195229,0.0,0.017947109416127205,world,settled,0.01908535696566105,0.0,0.02443082630634308,world,settled,0.02438121847808361,0.0,0.011518527753651142,world
rigid_none,world_only,90329,False,True,,1.0,4.0,medium,0.15000000000000002,75,True,4.25,0.010347925126552582,world,settled,0.010155520401895046,0.0,0.01609744504094124,world,settled,0.015905188396573067,0.0,0.018330834805965424,world,settled,0.01914343610405922,0.0,0.02920779585838318,world,settled,0.027577484026551247,0.0,0.010347925126552582,world
rigid_none,world_only,90330,False,True,,1.0,1.0,short,0.1,82,True,3.0,0.011201031506061554,world,settled,0.010592589154839516,0.0,0.01754535362124443,world,settled,0.016412267461419106,0.0,0.017215777188539505,world,settled,0.018641842529177666,0.0,0.023095501586794853,world,settled,0.02661530300974846,0.0,0.011201031506061554,world
rigid_none,world_only,90331,False,True,,1.0,1.0,medium,-0.05,61,True,3.0,0.010392321273684502,world,settled,0.01022807601839304,0.0,0.015194760635495186,world,settled,0.014972308650612831,0.0,0.017423486337065697,world,settled,0.01881321147084236,0.0,0.020117033272981644,world,settled,0.02502780593931675,0.0,0.010392321273684502,world
rigid_none,world_only,90332,False,True,,1.0,-2.0,short,-0.1,70,True,3.0,0.011024688370525837,world,settled,0.010540670715272427,0.0,0.01652936451137066,world,settled,0.015166958793997765,0.0,0.017767803743481636,world,settled,0.01822035387158394,0.0,0.03415141999721527,world,settled,0.030003312975168228,0.0,0.011024688370525837,world
rigid_none,world_only,90333,False,True,,1.0,2.0,medium,0.1,72,True,4.75,0.01030675694346428,world,settled,0.010906105861067772,0.0,0.015280579216778278,world,settled,0.014860600233078003,0.0,0.018511328846216202,world,settled,0.01850491389632225,0.0,0.030929651111364365,world,settled,0.024632025510072708,0.0,0.01030675694346428,world
rigid_none,world_only,90334,False,True,,1.0,4.0,short,0.05,61,True,4.75,0.00959786120802164,world,settled,0.01038622297346592,0.0,0.013931001536548138,world,settled,0.014987180940806866,0.0,0.018618011847138405,world,settled,0.019565751776099205,0.0,0.03055756352841854,world,settled,0.02548595890402794,0.0,0.00959786120802164,world
rigid_none,world_only,90335,False,True,,1.0,-4.0,medium,0.1,77,True,4.4,0.012068533338606358,world,settled,0.011343015357851982,0.0,0.016252810135483742,world,settled,0.015385177917778492,0.0,0.01850236766040325,world,settled,0.01883941888809204,0.0,0.018331309780478477,world,settled,0.02673659846186638,0.0,0.012068533338606358,world
rigid_none,world_only,90336,False,True,,1.0,-1.0,short,-0.15000000000000002,76,True,3.0,0.01090148277580738,world,settled,0.009637996554374695,0.0,0.015577977523207664,world,settled,0.014211377128958702,0.0,0.02010209858417511,world,settled,0.019268348813056946,0.0,0.026426071301102638,world,settled,0.02694735862314701,0.0,0.01090148277580738,world
rigid_none,world_only,90337,False,True,,1.0,1.0,medium,-0.25,60,True,3.0,0.011718258261680603,world,settled,0.010484249331057072,0.0,0.016088515520095825,world,settled,0.016004011034965515,0.0,0.018092676997184753,world,settled,0.019676625728607178,0.0,0.02342267334461212,world,settled,0.02430991642177105,0.0,0.011718258261680603,world
rigid_none,world_only,90338,False,True,,1.0,2.0,short,-0.1,58,True,3.0,0.010428359732031822,world,settled,0.010215251706540585,0.0,0.01705842651426792,world,settled,0.014497434720396996,0.0,0.018973836675286293,world,settled,0.019097816199064255,0.0,0.022299477830529213,world,settled,0.02718755602836609,0.0,0.010428359732031822,world
rigid_none,world_only,90339,False,True,,1.0,2.0,medium,-0.05,61,True,4.75,0.00998527742922306,world,settled,0.010330535471439362,0.0,0.015369376167654991,world,settled,0.016510894522070885,0.0,0.019146602600812912,world,settled,0.01908065378665924,0.0,0.029578372836112976,world,settled,0.025393670424818993,0.0,0.00998527742922306,world
rigid_none,world_only,90340,False,True,,1.0,4.0,short,-0.2,57,True,4.65,0.011687521822750568,world,settled,0.010925369337201118,0.0,0.01604830101132393,world,settled,0.01506188977509737,0.0,0.019465506076812744,world,settled,0.020032931119203568,0.0,0.025485878810286522,world,settled,0.02538204751908779,0.0,0.011687521822750568,world
rigid_none,world_only,90341,False,True,,1.0,4.0,medium,0.15000000000000002,71,True,4.3,0.00965066533535719,world,settled,0.009969627484679222,0.0,0.014630054123699665,world,settled,0.015543784014880657,0.0,0.01913323812186718,world,settled,0.018897410482168198,0.0,0.03272493928670883,world,settled,0.02864067628979683,0.0,0.00965066533535719,world
rigid_none,world_only,90342,False,True,,1.0,1.0,short,-0.2,69,True,3.0,0.01073547638952732,world,settled,0.01069708727300167,0.0,0.016659140586853027,world,settled,0.014492204412817955,0.0,0.019471120089292526,world,settled,0.019489094614982605,0.0,0.022223617881536484,world,settled,0.025949979200959206,0.0,0.01073547638952732,world
rigid_none,world_only,90343,False,True,,1.0,1.0,medium,-0.1,70,True,3.0,0.009808797389268875,world,settled,0.010674399323761463,0.0,0.01596805453300476,world,settled,0.014833089895546436,0.0,0.018211741000413895,world,settled,0.020053749904036522,0.0,0.01935654506087303,world,settled,0.02625192329287529,0.0,0.009808797389268875,world
rigid_none,world_only,90344,False,True,,1.0,2.0,short,0.2,65,True,3.0,0.011157470755279064,world,settled,0.010439587756991386,0.0,0.01680351048707962,world,settled,0.014212019741535187,0.0,0.018238043412566185,world,settled,0.01913166046142578,0.0,0.02333550713956356,world,settled,0.02538716234266758,0.0,0.011157470755279064,world
rigid_none,world_only,90345,False,True,,1.0,-2.0,medium,0.0,75,True,4.6000000000000005,0.010843366384506226,world,settled,0.009739583358168602,0.0,0.01808706857264042,world,settled,0.015974748879671097,0.0,0.017327215522527695,world,settled,0.019276661798357964,0.0,0.019233742728829384,world,settled,0.02932887151837349,0.0,0.010843366384506226,world
rigid_none,world_only,90346,False,True,,1.0,4.0,short,-0.2,59,True,4.6000000000000005,0.009439687244594097,world,settled,0.011076663620769978,0.0,0.012580042704939842,world,settled,0.01558769028633833,0.0,0.019286449998617172,world,settled,0.019219372421503067,0.0,0.031470008194446564,world,settled,0.026967531070113182,0.0,0.009439687244594097,world
rigid_none,world_only,90347,False,True,,1.0,-4.0,medium,-0.2,63,True,4.2,0.009719546884298325,world,settled,0.01036795973777771,0.0,0.016324317082762718,world,settled,0.01633414439857006,0.0,0.01721295155584812,world,settled,0.018971597775816917,0.0,0.019515162333846092,world,settled,0.028841663151979446,0.0,0.009719546884298325,world
rigid_none,world_only,90348,False,True,,1.0,-1.0,short,0.25,77,True,3.0,0.010671514086425304,world,settled,0.010779458098113537,0.0,0.015840645879507065,world,settled,0.016047123819589615,0.0,0.01886419579386711,world,settled,0.01850021816790104,0.0,0.026886198669672012,world,settled,0.028159743174910545,0.0,0.010671514086425304,world
rigid_none,world_only,90349,False,True,,1.0,1.0,medium,0.05,63,True,3.0,0.00965513102710247,world,settled,0.010527472011744976,0.0,0.01490552444010973,world,settled,0.015586821362376213,0.0,0.019556447863578796,world,settled,0.018714768812060356,0.0,0.026457974687218666,world,settled,0.024728883057832718,0.0,0.00965513102710247,world
rigid_none,world_only,90350,False,True,,1.0,-2.0,short,0.05,79,True,3.0,0.010433060117065907,world,settled,0.010370658710598946,0.0,0.014545701444149017,world,settled,0.015526252798736095,0.0,0.01810447871685028,world,settled,0.018751991912722588,0.0,0.03394392132759094,world,settled,0.02649361453950405,0.0,0.010433060117065907,world
rigid_none,world_only,90351,False,True,,1.0,2.0,medium,0.25,75,True,4.75,0.01074194721877575,world,settled,0.011113429442048073,0.0,0.015804562717676163,world,settled,0.01484751421958208,0.0,0.018949072808027267,world,settled,0.018419604748487473,0.0,0.02772653102874756,world,settled,0.026619890704751015,0.0,0.01074194721877575,world
rigid_none,world_only,90352,False,True,,1.0,-4.0,short,0.2,76,True,4.75,0.010617056861519814,world,settled,0.010286692529916763,0.0,0.016380613669753075,world,settled,0.013520906679332256,0.0,0.017975082620978355,world,settled,0.01969722844660282,0.0,0.021042507141828537,world,settled,0.02616577409207821,0.0,0.010617056861519814,world
rigid_none,world_only,90353,False,True,,1.0,-4.0,medium,-0.05,65,True,4.2,0.012855318374931812,world,settled,0.0090931486338377,0.0,0.017138998955488205,world,settled,0.014820372685790062,0.0,0.017440199851989746,world,settled,0.01932292804121971,0.0,0.01896088942885399,world,settled,0.028498098254203796,0.0,0.012855318374931812,world
rigid_none,world_only,90354,False,True,,1.0,-1.0,short,-0.25,72,True,3.0,0.010441308841109276,world,settled,0.010663231834769249,0.0,0.015317129902541637,world,settled,0.017043253406882286,0.0,0.018772173672914505,world,settled,0.01987062580883503,0.0,0.027396058663725853,world,settled,0.025887567549943924,0.0,0.010441308841109276,world
rigid_none,world_only,90355,False,True,,1.0,1.0,medium,0.0,71,True,3.0,0.009809812530875206,world,settled,0.011558577418327332,0.0,0.013734087347984314,world,settled,0.015842564404010773,0.0,0.018947670236229897,world,settled,0.018478093668818474,0.0,0.02402453124523163,world,settled,0.02375924028456211,0.0,0.009809812530875206,world
rigid_none,world_only,90356,False,True,,1.0,2.0,short,0.2,78,True,3.0,0.009968390688300133,world,settled,0.010375933721661568,0.0,0.015266001224517822,world,settled,0.015258297324180603,0.0,0.019129009917378426,world,settled,0.01929289475083351,0.0,0.02321762964129448,world,settled,0.028388774022459984,0.0,0.009968390688300133,world
rigid_none,world_only,90357,False,True,,1.0,-2.0,medium,-0.1,69,True,4.6000000000000005,0.011292328126728535,world,settled,0.011074540205299854,0.0,0.017286712303757668,world,settled,0.01706201396882534,0.0,0.017658527940511703,world,settled,0.018984708935022354,0.0,0.019539568573236465,world,settled,0.025528008118271828,0.0,0.011292328126728535,world
rigid_none,world_only,90358,False,True,,1.0,4.0,short,-0.15000000000000002,74,True,4.55,0.01103267166763544,world,settled,0.010581049136817455,0.0,0.015401589684188366,world,settled,0.015808096155524254,0.0,0.017978345975279808,world,settled,0.019077876582741737,0.0,0.0331062488257885,world,settled,0.025727948173880577,0.0,0.01103267166763544,world
rigid_none,world_only,90359,False,True,,1.0,-4.0,medium,-0.2,57,True,4.65,0.010820425115525723,world,settled,0.011448338627815247,0.0,0.016192330047488213,world,settled,0.017071109265089035,0.0,0.018900956958532333,world,settled,0.01889955997467041,0.0,0.02422293648123741,world,settled,0.026183879002928734,0.0,0.010820425115525723,world
rigid_none,body_world,90360,True,True,m,1.436507707360915,1.0,short,-0.15000000000000002,74,True,3.0,0.022870948538184166,body,settled,0.03558290749788284,0.2,0.024859031662344933,body,settled,0.03328963741660118,0.2,0.016301501542329788,world,settled,0.019343959167599678,0.0,0.037411879748106,body,settled,0.05666939169168472,1.0,0.022870948538184166,body
rigid_none,body_world,90361,True,True,l,1.4256287739373548,-1.0,medium,-0.25,60,False,nan,nan,world,decayed,0.03681056946516037,0.4,nan,world,decayed,0.04346232861280441,0.6,nan,alarm,persistent,0.05329305678606033,1.0,nan,world,decayed,0.045888353139162064,0.6,nan,world
rigid_none,body_world,90362,True,True,m,1.4329806398316671,-2.0,short,0.2,74,False,nan,nan,alarm,persistent,0.057040970772504807,1.0,nan,alarm,persistent,0.052827876061201096,1.0,nan,alarm,persistent,0.04499652981758118,0.8,nan,alarm,persistent,0.046692002564668655,1.0,nan,alarm
rigid_none,body_world,90363,True,True,l,1.210563351806276,-2.0,medium,-0.15000000000000002,77,True,4.75,0.02076365239918232,body,settled,0.02095162309706211,0.0,0.026674756780266762,body,settled,0.02913767658174038,0.0,0.01696939393877983,world,settled,0.01665109023451805,0.0,0.03156072273850441,world,settled,0.03549780324101448,0.0,0.02076365239918232,body
rigid_none,body_world,90364,True,True,m,1.372696280105733,-4.0,short,-0.15000000000000002,58,False,nan,nan,alarm,persistent,0.054522015154361725,1.0,nan,alarm,persistent,0.04875709488987923,1.0,nan,world,decayed,0.039704494178295135,0.4,nan,alarm,persistent,0.04336424916982651,0.8,nan,alarm
rigid_none,body_world,90365,True,True,l,1.2749895656307437,-4.0,medium,-0.2,74,True,4.3,0.026602327823638916,body,settled,0.024257231503725052,0.0,0.03398631513118744,body,settled,0.02750644087791443,0.0,0.020618829876184464,world,settled,0.018373578786849976,0.0,0.04038402438163757,body,settled,0.04210599884390831,0.8,0.026602327823638916,body
rigid_none,body_world,90366,True,True,m,1.3066897985826524,-1.0,short,-0.15000000000000002,69,True,3.0,0.025418946519494057,body,settled,0.023168517276644707,0.0,0.028582364320755005,body,settled,0.024103891104459763,0.0,0.016030021011829376,world,settled,0.015277710743248463,0.0,0.04817947745323181,body,settled,0.04215537756681442,0.8,0.025418946519494057,body
rigid_none,body_world,90367,True,True,l,1.3576619828175316,1.0,medium,0.15000000000000002,62,True,3.0,0.030947020277380943,body,settled,0.029680857434868813,0.0,0.03778352215886116,body,settled,0.03632812201976776,0.0,0.022955654188990593,body,settled,0.023172099143266678,0.0,0.0414578802883625,body,settled,0.049073535948991776,1.0,0.030947020277380943,body
rigid_none,body_world,90368,True,True,m,1.4143053583788585,2.0,short,0.05,60,True,3.0,0.025735696777701378,body,settled,0.029245594516396523,0.0,0.026638399809598923,body,settled,0.031031325459480286,0.0,0.017141463235020638,world,settled,0.01747484877705574,0.0,0.04229550436139107,body,settled,0.05120699852705002,1.0,0.025735696777701378,body
rigid_none,body_world,90369,True,True,l,1.3743712386074276,-2.0,medium,0.1,67,True,5.1000000000000005,0.02582511305809021,body,settled,0.03429871052503586,0.4,0.03232458233833313,body,settled,0.035438861697912216,0.4,0.02282140776515007,body,settled,0.022803526371717453,0.0,0.03370319679379463,world,settled,0.05521943420171738,1.0,0.02582511305809021,body
rigid_none,body_world,90370,True,True,m,1.5116611087725051,4.0,short,-0.25,61,False,nan,nan,alarm,persistent,0.05720127373933792,1.0,nan,alarm,persistent,0.0593365915119648,1.0,nan,alarm,persistent,0.048180531710386276,0.8,nan,alarm,persistent,0.04695260897278786,0.8,nan,alarm
rigid_none,body_world,90371,True,True,l,1.462891218935012,4.0,medium,0.2,69,True,4.9,0.02806253731250763,body,settled,0.04704643040895462,0.8,0.036316223442554474,body,settled,0.047536540776491165,0.8,0.024525443091988564,body,settled,0.02786463126540184,0.0,0.03626776859164238,body,settled,0.06379792094230652,1.0,0.02806253731250763,body
rigid_none,body_world,90372,True,True,m,1.6331779731038802,-1.0,short,-0.1,65,False,nan,nan,alarm,persistent,0.07517324388027191,1.0,nan,alarm,persistent,0.07160964608192444,1.0,nan,alarm,persistent,0.05436079576611519,1.0,nan,alarm,persistent,0.05716574192047119,1.0,nan,alarm
rigid_none,body_world,90373,True,True,l,1.2018022497580947,-1.0,medium,0.1,66,True,3.0,0.021497730165719986,body,settled,0.021350612863898277,0.0,0.034679628908634186,body,settled,0.02539716102182865,0.0,0.01569267548620701,world,settled,0.016582848504185677,0.0,0.049716923385858536,body,settled,0.04226964712142944,0.6,0.021497730165719986,body
rigid_none,body_world,90374,True,True,m,1.3280228263513763,-2.0,short,0.1,73,False,nan,nan,alarm,persistent,0.047359246760606766,1.0,nan,alarm,persistent,0.04702252894639969,0.8,nan,world,decayed,0.0385572575032711,0.2,nan,world,decayed,0.039643898606300354,0.2,nan,alarm
rigid_none,body_world,90375,True,True,l,1.308876304017658,2.0,medium,-0.25,65,True,4.800000000000001,0.030802106484770775,body,settled,0.029954195022583008,0.0,0.03474497050046921,body,settled,0.034355513751506805,0.2,0.021507078781723976,world,settled,0.02092112973332405,0.0,0.04855186492204666,body,settled,0.050640206784009933,1.0,0.030802106484770775,body
rigid_none,body_world,90376,True,True,m,1.5016949779873145,4.0,short,0.2,70,False,nan,nan,alarm,persistent,0.06185648962855339,1.0,nan,alarm,persistent,0.05251947045326233,1.0,nan,alarm,persistent,0.051607608795166016,1.0,nan,alarm,persistent,0.05197564512491226,1.0,nan,alarm
rigid_none,body_world,90377,True,True,l,1.2414565409093206,-4.0,medium,0.25,66,True,4.55,0.024062445387244225,body,settled,0.023495789617300034,0.0,0.03032400831580162,body,settled,0.029153216630220413,0.0,0.019302833825349808,world,settled,0.019857430830597878,0.0,0.03665641322731972,body,settled,0.042292021214962006,1.0,0.024062445387244225,body
rigid_none,body_world,90378,True,True,m,1.4238236120964585,1.0,short,0.25,66,True,3.0,0.023395579308271408,body,settled,0.03928845375776291,0.4,0.02871852181851864,body,settled,0.03784564882516861,0.4,0.018327031284570694,world,settled,0.020920800045132637,0.0,0.035355906933546066,body,settled,0.059503305703401566,1.0,0.023395579308271408,body
rigid_none,body_world,90379,True,True,l,1.2836548774066676,-1.0,medium,-0.25,64,False,nan,nan,world,decayed,0.029056811705231667,0.2,nan,world,decayed,0.034098926931619644,0.4,nan,alarm,persistent,0.049303483217954636,1.0,nan,world,decayed,0.03884069249033928,0.2,nan,world
rigid_none,body_world,90380,True,True,m,1.3621236417497946,2.0,short,0.2,70,True,3.0,0.02028054930269718,body,settled,0.024225536733865738,0.0,0.027806555852293968,body,settled,0.02763073518872261,0.0,0.017076849937438965,world,settled,0.015929793938994408,0.0,0.030483311042189598,world,settled,0.04135184362530708,0.8,0.02028054930269718,body
rigid_none,body_world,90381,True,True,l,1.3983378082528164,-2.0,medium,-0.2,74,True,4.75,0.04172726720571518,body,settled,0.035383857786655426,0.0,0.04504745081067085,body,settled,0.03544307127594948,0.2,0.029296550899744034,body,settled,0.023196935653686523,0.0,0.05360663682222366,body,settled,0.05439353734254837,1.0,0.04172726720571518,body
rigid_none,body_world,90382,True,True,m,1.3509200717074077,-4.0,short,-0.2,74,False,nan,nan,alarm,persistent,0.0535917766392231,1.0,nan,alarm,persistent,0.047849856317043304,1.0,nan,world,decayed,0.040628205984830856,0.6,nan,world,decayed,0.044311121106147766,0.6,nan,alarm
rigid_none,body_world,90383,True,True,l,1.2311925915846564,4.0,medium,-0.2,58,True,4.3,0.02391357347369194,body,settled,0.017150873318314552,0.0,0.028642764315009117,body,settled,0.025027791038155556,0.0,0.017868567258119583,world,settled,0.016654374077916145,0.0,0.043975185602903366,body,settled,0.0382111556828022,0.0,0.02391357347369194,body
rigid_none,body_world,90384,True,True,m,1.524037917146982,-1.0,short,0.25,63,False,nan,nan,alarm,persistent,0.06546255201101303,1.0,nan,alarm,persistent,0.05562272667884827,1.0,nan,alarm,persistent,0.050517164170742035,1.0,nan,alarm,persistent,0.05640106275677681,1.0,nan,alarm
rigid_none,body_world,90385,True,True,l,1.3531822605860213,1.0,medium,-0.2,58,True,3.0,0.02733207307755947,body,settled,0.029843280091881752,0.0,0.03406161069869995,body,settled,0.029876943677663803,0.0,0.022116340696811676,body,settled,0.022171588614583015,0.0,0.03663642704486847,body,settled,0.04908134415745735,0.8,0.02733207307755947,body
rigid_none,body_world,90386,True,True,m,1.3095845696334245,2.0,short,0.1,61,True,3.0,0.017604555934667587,body,settled,0.02518061175942421,0.0,0.021781187504529953,body,settled,0.025869056582450867,0.0,0.015174862928688526,world,settled,0.014549804851412773,0.0,0.02822897955775261,world,settled,0.047462739050388336,1.0,0.017604555934667587,body
rigid_none,body_world,90387,True,True,l,1.3723802328668413,-2.0,medium,-0.2,61,False,nan,nan,world,decayed,0.02537674829363823,0.0,nan,world,decayed,0.031582292169332504,0.2,nan,alarm,persistent,0.048082564026117325,1.0,nan,world,decayed,0.035694897174835205,0.2,nan,world
rigid_none,body_world,90388,True,True,m,1.6369604542264304,4.0,short,0.25,64,False,nan,nan,alarm,persistent,0.08493117988109589,0.8,nan,alarm,persistent,0.07472457736730576,0.8,nan,alarm,persistent,0.057062696665525436,1.0,nan,alarm,persistent,0.05790184810757637,0.8,nan,alarm
rigid_none,body_world,90389,True,True,l,1.4434986184388112,4.0,medium,0.1,68,True,4.7,0.03625897690653801,body,settled,0.041441790759563446,0.6,0.04119598865509033,body,settled,0.04460380598902702,0.6,0.025985628366470337,body,settled,0.026013653725385666,0.0,0.04847019165754318,body,settled,0.05728033930063248,1.0,0.03625897690653801,body
rigid_none,body_world,90390,True,True,m,1.628686273513856,1.0,short,-0.25,63,True,3.0,0.0559234619140625,body,settled,0.07539276033639908,1.0,0.050828348845243454,body,settled,0.06734804809093475,1.0,0.030702054500579834,body,settled,0.06155713275074959,1.0,0.06618465483188629,body,settled,0.06701652705669403,1.0,0.0559234619140625,body
rigid_none,body_world,90391,True,True,l,1.4997252692437577,-1.0,medium,-0.25,60,False,nan,nan,world,decayed,0.048749394714832306,0.6,nan,alarm,persistent,0.056538231670856476,0.8,nan,alarm,persistent,0.06074588745832443,1.0,nan,alarm,persistent,0.045781370252370834,0.8,nan,world
rigid_none,body_world,90392,True,True,m,1.4793682183432437,2.0,short,-0.2,56,True,3.0,0.016842657700181007,body,settled,0.049080152064561844,0.8,0.030896645039319992,body,settled,0.04594212397933006,0.8,0.018315816298127174,world,settled,0.025442233309149742,0.0,0.02661209926009178,world,settled,0.061791252344846725,1.0,0.016842657700181007,body
rigid_none,body_world,90393,True,True,l,1.373838534697687,-2.0,medium,0.2,80,False,nan,nan,world,decayed,0.032944537699222565,0.2,nan,world,decayed,0.04070752114057541,0.6,nan,alarm,persistent,0.050684522837400436,1.0,nan,world,decayed,0.03920043259859085,0.4,nan,world
rigid_none,body_world,90394,True,True,m,1.374879786515465,4.0,short,-0.2,58,False,nan,nan,alarm,persistent,0.05524076148867607,1.0,nan,alarm,persistent,0.04908403009176254,1.0,nan,world,decayed,0.0404786542057991,0.6,nan,alarm,persistent,0.04802625998854637,1.0,nan,alarm
rigid_none,body_world,90395,True,True,l,1.2278138310881848,-4.0,medium,-0.2,72,True,4.25,0.02120804414153099,body,settled,0.019970986992120743,0.0,0.02460290864109993,body,settled,0.02659573033452034,0.0,0.018422279506921768,world,settled,0.016702063381671906,0.0,0.035390742123126984,body,settled,0.04168665036559105,0.6,0.02120804414153099,body
rigid_none,body_world,90396,True,True,m,1.5997246997728216,1.0,short,-0.15000000000000002,76,True,3.0,0.040260206907987595,body,settled,0.06465142965316772,1.0,0.03935689479112625,body,settled,0.07255740463733673,1.0,0.024395376443862915,body,settled,0.03571845591068268,0.4,0.05191933363676071,body,settled,0.07652251422405243,1.0,0.040260206907987595,body
rigid_none,body_world,90397,True,True,l,1.2083810902658325,1.0,medium,0.15000000000000002,74,True,3.0,0.02036217972636223,body,settled,0.020394235849380493,0.0,0.02246745117008686,body,settled,0.025855446234345436,0.0,0.016675028949975967,world,settled,0.016487985849380493,0.0,0.03498844429850578,body,settled,0.037255123257637024,0.2,0.02036217972636223,body
rigid_none,body_world,90398,True,True,m,1.605681322392905,2.0,short,-0.05,61,True,3.0,0.03470909222960472,body,settled,0.07524779438972473,1.0,0.04022368788719177,body,settled,0.06770830601453781,1.0,0.024033192545175552,body,settled,0.057413507252931595,1.0,0.03795823082327843,body,settled,0.06440804153680801,1.0,0.03470909222960472,body
rigid_none,body_world,90399,True,True,l,1.216354811034764,-2.0,medium,-0.25,60,False,nan,nan,world,decayed,0.03403540700674057,0.4,nan,world,decayed,0.040429167449474335,0.6,nan,alarm,persistent,0.04575350135564804,0.8,nan,world,decayed,0.04353075474500656,0.6,nan,world
rigid_none,body_world,90400,True,True,m,1.3999353886758357,4.0,short,-0.05,71,False,nan,nan,alarm,persistent,0.04866740480065346,1.0,nan,alarm,persistent,0.04450014606118202,1.0,nan,world,decayed,0.03906482085585594,0.4,nan,alarm,persistent,0.043574292212724686,1.0,nan,alarm
rigid_none,body_world,90401,True,True,l,1.3909618610188579,-4.0,medium,0.2,64,True,4.7,0.031514257192611694,body,settled,0.03501738980412483,0.2,0.03443346172571182,body,settled,0.033474117517471313,0.4,0.023434335365891457,body,settled,0.02349199168384075,0.0,0.04469790309667587,body,settled,0.05503375455737114,1.0,0.031514257192611694,body
rigid_none,body_world,90402,True,True,m,1.4765881692612393,-1.0,short,-0.15000000000000002,72,True,3.0,0.043231647461652756,body,settled,0.04288436472415924,0.8,0.04296595975756645,body,settled,0.04458685219287872,0.8,0.026048939675092697,body,settled,0.023931162431836128,0.0,0.059829793870449066,body,settled,0.06184018403291702,1.0,0.043231647461652756,body
rigid_none,body_world,90403,True,True,l,1.2287348099119875,1.0,medium,-0.1,60,True,3.0,0.017029354348778725,body,settled,0.022265318781137466,0.0,0.024008503183722496,body,settled,0.02679966390132904,0.0,0.01689421944320202,world,settled,0.01826787367463112,0.0,0.029063140973448753,world,settled,0.040685635060071945,0.6,0.017029354348778725,body
rigid_none,body_world,90404,True,True,m,1.5959684874168683,-2.0,short,-0.2,61,False,nan,nan,alarm,persistent,0.07191664725542068,1.0,nan,alarm,persistent,0.06605153530836105,1.0,nan,alarm,persistent,0.05719182640314102,1.0,nan,alarm,persistent,0.06145862862467766,1.0,nan,alarm
rigid_none,body_world,90405,True,True,l,1.4263406910614387,-2.0,medium,-0.15000000000000002,77,False,nan,nan,world,decayed,0.03653687983751297,0.4,nan,alarm,persistent,0.0482969731092453,1.0,nan,alarm,persistent,0.051543671637773514,1.0,nan,world,decayed,0.041601113975048065,0.6,nan,world
rigid_none,body_world,90406,True,True,m,1.5761825745829299,-4.0,short,0.25,68,False,nan,nan,alarm,persistent,0.06949073076248169,1.0,nan,alarm,persistent,0.05904517322778702,1.0,nan,alarm,persistent,0.051996879279613495,1.0,nan,alarm,persistent,0.0606299452483654,1.0,nan,alarm
rigid_none,body_world,90407,True,True,l,1.3075505965528191,-4.0,medium,0.25,60,True,4.65,0.02367582730948925,body,settled,0.032356202602386475,0.0,0.02790938690304756,body,settled,0.036652885377407074,0.2,0.019748825579881668,world,settled,0.020394083112478256,0.0,0.036382634192705154,body,settled,0.04793955385684967,0.8,0.02367582730948925,body
rigid_none,body_world,90408,True,True,m,1.5508532757037867,1.0,short,-0.25,74,True,3.0,0.035285692662000656,body,settled,0.06921102106571198,1.0,0.034750208258628845,body,settled,0.056878071278333664,1.0,0.023485857993364334,body,settled,0.05077298730611801,1.0,0.04384405165910721,body,settled,0.054954636842012405,1.0,0.035285692662000656,body
rigid_none,body_world,90409,True,True,l,1.386472676208235,1.0,medium,0.05,62,True,3.0,0.027255838736891747,body,settled,0.03614219278097153,0.4,0.027881477028131485,body,settled,0.04137423634529114,0.6,0.01881755143404007,world,settled,0.026124292984604836,0.0,0.04151087626814842,body,settled,0.052071236073970795,1.0,0.027255838736891747,body
rigid_none,body_world,90410,True,True,m,1.305798982810204,2.0,short,0.0,73,True,3.0,0.020486656576395035,body,settled,0.027904322370886803,0.0,0.023524967953562737,body,settled,0.030604451894760132,0.0,0.01655624620616436,world,settled,0.016285065561532974,0.0,0.037167251110076904,body,settled,0.04855344444513321,0.8,0.020486656576395035,body
rigid_none,body_world,90411,True,True,l,1.201605261104429,-2.0,medium,0.15000000000000002,64,True,5.050000000000001,0.02173776924610138,body,settled,0.018677309155464172,0.0,0.02654307521879673,body,settled,0.024215582758188248,0.0,0.01838238351047039,world,settled,0.017345519736409187,0.0,0.032725464552640915,world,settled,0.036361370235681534,0.2,0.02173776924610138,body
rigid_none,body_world,90412,True,True,m,1.6785527327767333,-4.0,short,-0.2,66,False,nan,nan,alarm,persistent,0.07426129281520844,0.8,nan,alarm,persistent,0.07613750547170639,0.8,nan,alarm,persistent,0.05560809373855591,1.0,nan,alarm,persistent,0.05048483610153198,0.8,nan,alarm
rigid_none,body_world,90413,True,True,l,1.497413653722908,4.0,medium,-0.05,68,True,4.6000000000000005,0.09859783202409744,body,settled,0.057786960154771805,0.8,0.12278816848993301,body,settled,0.06444535404443741,0.8,0.056256044656038284,body,settled,0.03381861001253128,0.0,0.07159434258937836,body,settled,0.07114968448877335,0.8,0.09859783202409744,body
rigid_none,body_world,90414,True,True,m,1.6384059842206313,-1.0,short,-0.1,67,False,nan,nan,alarm,persistent,0.07096019387245178,1.0,nan,alarm,persistent,0.06460735201835632,1.0,nan,alarm,persistent,0.05745166540145874,1.0,nan,alarm,persistent,0.062420886009931564,1.0,nan,alarm
rigid_none,body_world,90415,True,True,l,1.4445958942354706,1.0,medium,-0.15000000000000002,61,True,3.0,0.03434348851442337,body,settled,0.04287779703736305,0.6,0.04214875400066376,body,settled,0.04340774565935135,0.8,0.02702956274151802,body,settled,0.02732240781188011,0.0,0.04043252393603325,body,settled,0.057067565619945526,1.0,0.03434348851442337,body
rigid_none,body_world,90416,True,True,m,1.4228738912776615,-2.0,short,-0.05,70,False,nan,nan,alarm,persistent,0.05960576608777046,1.0,nan,alarm,persistent,0.05256851762533188,1.0,nan,alarm,persistent,0.04589039832353592,1.0,nan,alarm,persistent,0.04565567523241043,1.0,nan,alarm
rigid_none,body_world,90417,True,True,l,1.412003609654068,-2.0,medium,-0.15000000000000002,63,False,nan,nan,world,decayed,0.029067397117614746,0.2,nan,world,decayed,0.04351572319865227,0.6,nan,alarm,persistent,0.051567740738391876,1.0,nan,world,decayed,0.043322913348674774,0.6,nan,world
rigid_none,body_world,90418,True,True,m,1.6633408277228265,4.0,short,0.25,65,False,nan,nan,alarm,persistent,0.07931912690401077,1.0,nan,alarm,persistent,0.07010208070278168,1.0,nan,alarm,persistent,0.05819087475538254,1.0,nan,alarm,persistent,0.06400381028652191,1.0,nan,alarm
rigid_none,body_world,90419,True,True,l,1.4868039659450991,-4.0,medium,0.25,75,True,4.75,0.05241365358233452,body,settled,0.053933560848236084,1.0,0.05233360081911087,body,settled,0.05898158624768257,1.0,0.032777395099401474,body,settled,0.03284787759184837,0.0,0.06340950727462769,body,settled,0.06920664012432098,1.0,0.05241365358233452,body
rigid_none,body_world,90420,True,True,m,1.5449902128447706,1.0,short,-0.05,63,True,3.0,0.03142854571342468,body,settled,0.06134113669395447,1.0,0.03362748399376869,body,settled,0.07039797306060791,1.0,0.022138679400086403,body,settled,0.03363875299692154,0.2,0.04574552923440933,body,settled,0.07628671824932098,1.0,0.03142854571342468,body
rigid_none,body_world,90421,True,True,l,1.3429074718778478,1.0,medium,-0.05,68,True,3.0,0.02779240533709526,body,settled,0.029935482889413834,0.0,0.027778834104537964,body,settled,0.033074505627155304,0.0,0.01991044357419014,world,settled,0.02100323885679245,0.0,0.0408773235976696,body,settled,0.050089556723833084,0.8,0.02779240533709526,body
rigid_none,body_world,90422,True,True,m,1.4859152920245902,2.0,short,-0.2,56,True,3.0,0.02712671458721161,body,settled,0.03975594416260719,0.4,0.026706809177994728,body,settled,0.03859582170844078,0.4,0.018423687666654587,world,settled,0.021298859268426895,0.0,0.038947056978940964,body,settled,0.055614691227674484,1.0,0.02712671458721161,body
rigid_none,body_world,90423,True,True,l,1.4537628318674107,-2.0,medium,0.0,61,False,nan,nan,world,decayed,0.04406154155731201,0.6,nan,world,decayed,0.0555579774081707,0.6,nan,alarm,persistent,0.0559798888862133,1.0,nan,world,decayed,0.04137455299496651,0.6,nan,world
rigid_none,body_world,90424,True,True,m,1.5039422662674549,-4.0,short,-0.2,72,False,nan,nan,alarm,persistent,0.0695587545633316,0.8,nan,alarm,persistent,0.07040704786777496,1.0,nan,alarm,persistent,0.049943048506975174,1.0,nan,alarm,persistent,0.05339273065328598,1.0,nan,alarm
rigid_none,body_world,90425,True,True,l,1.484051795950852,4.0,medium,0.0,66,True,4.75,0.03626305237412453,body,settled,0.05079718306660652,1.0,0.0408446229994297,body,settled,0.054475605487823486,1.0,0.02843194268643856,body,settled,0.031093591824173927,0.0,0.044227711856365204,body,settled,0.06640784442424774,1.0,0.03626305237412453,body
rigid_none,body_world,90426,True,True,m,1.499613542769097,-1.0,short,-0.2,68,True,3.0,0.04962366819381714,body,settled,0.048518143594264984,0.6,0.05296894162893295,body,settled,0.044681984931230545,0.6,0.02893894910812378,body,settled,0.027244865894317627,0.0,0.06562058627605438,body,settled,0.061737626791000366,1.0,0.04962366819381714,body
rigid_none,body_world,90427,True,True,l,1.2434438593395136,1.0,medium,0.05,67,True,3.0,0.027333050966262817,body,settled,0.021680260077118874,0.0,0.03051237389445305,body,settled,0.027706731110811234,0.0,0.019081786274909973,world,settled,0.018712731078267097,0.0,0.03874526545405388,body,settled,0.0386582650244236,0.4,0.027333050966262817,body
rigid_none,body_world,90428,True,True,m,1.5747146197091175,2.0,short,0.25,64,True,3.0,0.03974629566073418,body,settled,0.04310343414545059,0.8,0.03573485463857651,body,settled,0.044217318296432495,0.8,0.02379673719406128,body,settled,0.023310380056500435,0.0,0.049518339335918427,body,settled,0.06147081404924393,1.0,0.03974629566073418,body
rigid_none,body_world,90429,True,True,l,1.4646053079069046,-2.0,medium,0.1,67,False,nan,nan,world,decayed,0.04613543674349785,0.6,nan,world,decayed,0.05110872536897659,0.6,nan,alarm,persistent,0.06012728065252304,1.0,nan,world,decayed,0.05015978217124939,0.6,nan,world
rigid_none,body_world,90430,True,True,m,1.6725099978259204,-4.0,short,0.1,62,False,nan,nan,alarm,persistent,0.08375512063503265,0.8,nan,alarm,persistent,0.07415127009153366,1.0,nan,alarm,persistent,0.05696126073598862,1.0,nan,alarm,persistent,0.05917450785636902,1.0,nan,alarm
rigid_none,body_world,90431,True,True,l,1.3236542402011626,-4.0,medium,0.1,67,True,4.55,0.027697551995515823,body,settled,0.02863892912864685,0.0,0.0312376469373703,body,settled,0.03326275199651718,0.0,0.019955754280090332,world,settled,0.020636240020394325,0.0,0.04293970763683319,body,settled,0.04476669430732727,0.8,0.027697551995515823,body
rigid_none,body_world,90432,True,True,m,1.3642720743548598,-1.0,short,0.15000000000000002,61,True,3.0,0.034221917390823364,body,settled,0.02246830426156521,0.0,0.038107872009277344,body,settled,0.02717001736164093,0.0,0.01721295341849327,world,settled,0.014935190789401531,0.0,0.056447409093379974,body,settled,0.043500907719135284,0.8,0.034221917390823364,body
rigid_none,body_world,90433,True,True,l,1.3743791243103016,-1.0,medium,0.05,77,False,nan,nan,world,decayed,0.029106592759490013,0.2,nan,world,decayed,0.03928406164050102,0.4,nan,alarm,persistent,0.052738867700099945,1.0,nan,world,decayed,0.04009639471769333,0.4,nan,world
rigid_none,body_world,90434,True,True,m,1.4747028802268096,2.0,short,-0.05,62,True,3.0,0.03440219908952713,body,settled,0.04971662536263466,0.8,0.031107058748602867,body,settled,0.049197327345609665,1.0,0.018382828682661057,world,settled,0.026216289028525352,0.0,0.048267193138599396,body,settled,0.06556075811386108,1.0,0.03440219908952713,body
rigid_none,body_world,90435,True,True,l,1.3038106075252267,-2.0,medium,-0.2,60,True,4.800000000000001,0.02526293694972992,body,settled,0.02910018526017666,0.0,0.028629476204514503,body,settled,0.032229091972112656,0.0,0.018726646900177002,world,settled,0.019360579550266266,0.0,0.0361468680202961,body,settled,0.05281699821352959,1.0,0.02526293694972992,body
rigid_none,body_world,90436,True,True,m,1.6168586909623586,4.0,short,-0.05,79,False,nan,nan,alarm,persistent,0.06673866510391235,1.0,nan,alarm,persistent,0.06275533139705658,1.0,nan,alarm,persistent,0.05558953806757927,1.0,nan,alarm,persistent,0.06148387864232063,1.0,nan,alarm
rigid_none,body_world,90437,True,True,l,1.3291113567705524,-4.0,medium,0.15000000000000002,77,True,4.6000000000000005,0.026885930448770523,body,settled,0.025865668430924416,0.0,0.030094778165221214,body,settled,0.03038802370429039,0.0,0.02166854776442051,world,settled,0.019172828644514084,0.0,0.03785594552755356,body,settled,0.05054090544581413,1.0,0.026885930448770523,body
rigid_none,body_world,90438,True,True,m,1.329008599029527,-1.0,short,0.05,80,True,3.0,0.026287037879228592,body,settled,0.022269127890467644,0.0,0.03196579962968826,body,settled,0.02409706637263298,0.0,0.018063019961118698,world,settled,0.014528626576066017,0.0,0.052082885056734085,body,settled,0.04780968278646469,1.0,0.026287037879228592,body
rigid_none,body_world,90439,True,True,l,1.445391509411858,1.0,medium,0.0,66,True,3.0,0.026694919914007187,body,settled,0.039017874747514725,0.2,0.030949652194976807,body,settled,0.04084565490484238,0.6,0.02276533842086792,body,settled,0.025646185502409935,0.0,0.03879578784108162,body,settled,0.05866386741399765,1.0,0.026694919914007187,body
rigid_none,body_world,90440,True,True,m,1.5564106744089927,2.0,short,0.25,74,True,3.0,0.026232952252030373,body,settled,0.06762487441301346,1.0,0.028560956940054893,body,settled,0.06298138946294785,1.0,0.02021794579923153,world,settled,0.05379635840654373,0.8,0.03892206400632858,body,settled,0.07162131369113922,1.0,0.026232952252030373,body
rigid_none,body_world,90441,True,True,l,1.3070596772413094,2.0,medium,0.2,71,False,nan,nan,world,decayed,0.033301182091236115,0.2,nan,world,decayed,0.03585570678114891,0.4,nan,alarm,persistent,0.04818195849657059,0.8,nan,world,decayed,0.03889545425772667,0.4,nan,world
rigid_none,body_world,90442,True,True,m,1.6269524228642334,4.0,short,0.25,74,False,nan,nan,alarm,persistent,0.07576139271259308,1.0,nan,alarm,persistent,0.06943627446889877,1.0,nan,alarm,persistent,0.05489346385002136,1.0,nan,alarm,persistent,0.05479339882731438,1.0,nan,alarm
rigid_none,body_world,90443,True,True,l,1.378277312801848,-4.0,medium,-0.1,72,True,4.5,0.029774582013487816,body,settled,0.037389904260635376,0.2,0.03348550200462341,body,settled,0.042316749691963196,0.8,0.023714009672403336,body,settled,0.027840066701173782,0.0,0.04670705646276474,body,settled,0.04996698349714279,1.0,0.029774582013487816,body
rigid_none,body_world,90444,True,True,m,1.453510197141481,1.0,short,0.0,71,True,3.0,0.024059390649199486,body,settled,0.04129517078399658,0.6,0.023142050951719284,body,settled,0.044045690447092056,0.8,0.016695911064743996,world,settled,0.02249024249613285,0.0,0.04164620116353035,body,settled,0.06030967831611633,1.0,0.024059390649199486,body
rigid_none,body_world,90445,True,True,l,1.3665797638238526,-1.0,medium,0.0,62,False,nan,nan,world,decayed,0.02591172233223915,0.2,nan,world,decayed,0.03762507438659668,0.4,nan,alarm,persistent,0.05111466720700264,1.0,nan,world,decayed,0.0378180667757988,0.4,nan,world
rigid_none,body_world,90446,True,True,m,1.33490869903924,-2.0,short,-0.25,64,False,nan,nan,alarm,persistent,0.049078233540058136,1.0,nan,alarm,persistent,0.04502708092331886,1.0,nan,world,decayed,0.03893687576055527,0.2,nan,world,decayed,0.04124702140688896,0.6,nan,alarm
rigid_none,body_world,90447,True,True,l,1.360545744961593,2.0,medium,0.25,71,False,nan,nan,world,decayed,0.03126659244298935,0.2,nan,world,decayed,0.039889488369226456,0.4,nan,alarm,persistent,0.05140082165598869,1.0,nan,world,decayed,0.04016696661710739,0.4,nan,world
rigid_none,body_world,90448,True,True,m,1.3926898559008811,4.0,short,0.0,79,False,nan,nan,alarm,persistent,0.056226491928100586,1.0,nan,alarm,persistent,0.047825369983911514,1.0,nan,alarm,persistent,0.0441465899348259,0.8,nan,alarm,persistent,0.0468926802277565,1.0,nan,alarm
rigid_none,body_world,90449,True,True,l,1.4996288562259714,4.0,medium,-0.15000000000000002,69,True,4.5,0.035289376974105835,body,settled,0.04655645042657852,0.8,0.037266165018081665,body,settled,0.046257100999355316,0.8,0.02674681507050991,body,settled,0.027255002409219742,0.0,0.04581649228930473,body,settled,0.061556555330753326,1.0,0.035289376974105835,body
rigid_none,body_world,90450,True,True,m,1.6497126455801099,-1.0,short,-0.15000000000000002,68,False,nan,nan,alarm,persistent,0.07849004119634628,1.0,nan,alarm,persistent,0.06595795601606369,1.0,nan,alarm,persistent,0.05260080844163895,1.0,nan,alarm,persistent,0.05307083576917648,1.0,nan,alarm
rigid_none,body_world,90451,True,True,l,1.4011624978174013,-1.0,medium,-0.1,69,False,nan,nan,world,decayed,0.0255529023706913,0.4,nan,world,decayed,0.03265110030770302,0.4,nan,alarm,persistent,0.048503268510103226,0.8,nan,world,decayed,0.03458639606833458,0.4,nan,world
rigid_none,body_world,90452,True,True,m,1.3459971515369575,2.0,short,0.0,75,True,3.0,0.0217701755464077,body,settled,0.028274208307266235,0.0,0.024305429309606552,body,settled,0.030279874801635742,0.0,0.015807071700692177,world,settled,0.017280014231801033,0.0,0.03891425207257271,body,settled,0.048688340932130814,1.0,0.0217701755464077,body
rigid_none,body_world,90453,True,True,l,1.3128410648573021,-2.0,medium,-0.2,60,True,4.800000000000001,0.02766624465584755,body,settled,0.03104877471923828,0.0,0.0346221923828125,body,settled,0.03539710119366646,0.2,0.022083299234509468,body,settled,0.02260761335492134,0.0,0.038465000689029694,body,settled,0.047902416437864304,1.0,0.02766624465584755,body
rigid_none,body_world,90454,True,True,m,1.4532800695650452,4.0,short,0.25,80,False,nan,nan,alarm,persistent,0.06667782366275787,1.0,nan,alarm,persistent,0.05782528594136238,1.0,nan,alarm,persistent,0.04901840537786484,1.0,nan,alarm,persistent,0.04566481336951256,1.0,nan,alarm
rigid_none,body_world,90455,True,True,l,1.4639866887179158,4.0,medium,0.1,63,True,4.7,0.03694386035203934,body,settled,0.052356522530317307,0.8,0.035599954426288605,body,settled,0.05755147337913513,1.0,0.024694424122571945,body,settled,0.031702399253845215,0.0,0.05161932855844498,body,settled,0.068038709461689,1.0,0.03694386035203934,body
rigid_none,body_world,90456,True,True,m,1.437503394575647,1.0,short,-0.05,71,True,3.0,0.03614569827914238,body,settled,0.04161277413368225,0.8,0.033288925886154175,body,settled,0.04148268699645996,0.6,0.020900417119264603,world,settled,0.02456994354724884,0.0,0.04918929934501648,body,settled,0.05863703042268753,1.0,0.03614569827914238,body
rigid_none,body_world,90457,True,True,l,1.433005966120608,-1.0,medium,0.1,79,False,nan,nan,world,decayed,0.03253021836280823,0.4,nan,world,decayed,0.04204016178846359,0.6,nan,alarm,persistent,0.05125446990132332,1.0,nan,world,decayed,0.04092419892549515,0.6,nan,world
rigid_none,body_world,90458,True,True,m,1.5714723561915191,-2.0,short,0.1,75,False,nan,nan,alarm,persistent,0.06561262905597687,1.0,nan,alarm,persistent,0.05801256373524666,1.0,nan,alarm,persistent,0.05374634265899658,1.0,nan,alarm,persistent,0.060038138180971146,1.0,nan,alarm
rigid_none,body_world,90459,True,True,l,1.423809978213943,-2.0,medium,-0.15000000000000002,75,True,4.75,0.030269643291831017,body,settled,0.033040523529052734,0.4,0.03910801559686661,body,settled,0.03808259218931198,0.4,0.0238959901034832,body,settled,0.025233229622244835,0.0,0.033988356590270996,world,settled,0.05319007486104965,1.0,0.030269643291831017,body
rigid_none,body_world,90460,True,True,m,1.501503010941712,-4.0,short,0.1,65,False,nan,nan,alarm,persistent,0.05686189979314804,1.0,nan,alarm,persistent,0.052268676459789276,1.0,nan,alarm,persistent,0.04965413361787796,1.0,nan,alarm,persistent,0.045960523188114166,1.0,nan,alarm
rigid_none,body_world,90461,True,True,l,1.4979893620177673,-4.0,medium,-0.05,68,True,4.55,0.05509299039840698,body,settled,0.04252731800079346,0.6,0.05454476922750473,body,settled,0.04351358488202095,0.6,0.029943838715553284,body,settled,0.02750976011157036,0.0,0.06837038695812225,body,settled,0.057709693908691406,1.0,0.05509299039840698,body
rigid_none,body_world,90462,True,True,m,1.32405485767968,-1.0,short,0.15000000000000002,61,True,3.0,0.018706146627664566,body,settled,0.026772361248731613,0.0,0.02425682730972767,body,settled,0.029759611934423447,0.0,0.01384357362985611,world,settled,0.015823617577552795,0.0,0.04369938373565674,body,settled,0.04843923822045326,1.0,0.018706146627664566,body
rigid_none,body_world,90463,True,True,l,1.2959566174498844,1.0,medium,-0.05,60,True,3.0,0.024710778146982193,body,settled,0.0297114048153162,0.0,0.030070561915636063,body,settled,0.031096145510673523,0.2,0.020665932446718216,world,settled,0.019777584820985794,0.0,0.03569865599274635,body,settled,0.04732852429151535,0.8,0.024710778146982193,body
rigid_none,body_world,90464,True,True,m,1.5484915809048363,-2.0,short,0.25,68,False,nan,nan,alarm,persistent,0.07530422508716583,1.0,nan,alarm,persistent,0.06945310533046722,1.0,nan,alarm,persistent,0.05685257166624069,1.0,nan,alarm,persistent,0.05453946441411972,1.0,nan,alarm
rigid_none,body_world,90465,True,True,l,1.428408630737959,-2.0,medium,-0.25,69,True,4.800000000000001,0.03736049681901932,body,settled,0.04291916266083717,0.8,0.040049441158771515,body,settled,0.046110786497592926,0.8,0.02710704132914543,body,settled,0.025262828916311264,0.0,0.050812266767024994,body,settled,0.06251420080661774,1.0,0.03736049681901932,body
rigid_none,body_world,90466,True,True,m,1.3278826334953207,4.0,short,0.1,72,False,nan,nan,alarm,persistent,0.04886080324649811,1.0,nan,alarm,persistent,0.04597117751836777,0.8,nan,world,decayed,0.039612915366888046,0.4,nan,world,decayed,0.043614573776721954,0.6,nan,alarm
rigid_none,body_world,90467,True,True,l,1.224242705022093,-4.0,medium,0.2,67,True,4.6000000000000005,0.02152237668633461,body,settled,0.021019939333200455,0.0,0.02526313066482544,body,settled,0.02605327032506466,0.0,0.017702559009194374,world,settled,0.01631159707903862,0.0,0.034806132316589355,body,settled,0.0446445606648922,0.6,0.02152237668633461,body
rigid_none,body_world,90468,True,True,m,1.377155487281401,1.0,short,0.25,65,True,3.0,0.03208113834261894,body,settled,0.03537503629922867,0.0,0.031944017857313156,body,settled,0.0329241044819355,0.0,0.01942295767366886,world,settled,0.018870551139116287,0.0,0.051486510783433914,body,settled,0.05436288192868233,1.0,0.03208113834261894,body
rigid_none,body_world,90469,True,True,l,1.2775926055522053,-1.0,medium,-0.2,67,False,nan,nan,world,decayed,0.025001123547554016,0.2,nan,world,decayed,0.030415255576372147,0.4,nan,alarm,persistent,0.048969075083732605,1.0,nan,world,decayed,0.035311292856931686,0.4,nan,world
rigid_none,body_world,90470,True,True,m,1.5219750255884492,2.0,short,-0.05,70,True,3.0,0.026033218950033188,body,settled,0.05159199237823486,1.0,0.033493541181087494,body,settled,0.051828525960445404,1.0,0.021343637257814407,world,settled,0.02975454367697239,0.0,0.03408234566450119,world,settled,0.06476740539073944,1.0,0.026033218950033188,body
rigid_none,body_world,90471,True,True,l,1.2543795609592172,2.0,medium,0.0,63,True,5.2,0.025594109669327736,body,settled,0.024974975734949112,0.0,0.03355318307876587,body,settled,0.02984229288995266,0.0,0.0189320370554924,world,settled,0.01983678713440895,0.0,0.047741636633872986,body,settled,0.04455766826868057,0.8,0.025594109669327736,body
rigid_none,body_world,90472,True,True,m,1.523888147333015,4.0,short,0.25,77,False,nan,nan,alarm,persistent,0.07181760668754578,1.0,nan,alarm,persistent,0.06199190020561218,1.0,nan,alarm,persistent,0.05056024715304375,1.0,nan,alarm,persistent,0.05325893685221672,1.0,nan,alarm
rigid_none,body_world,90473,True,True,l,1.4189126139922845,-4.0,medium,-0.25,63,True,4.4,0.048056818544864655,body,settled,0.039996907114982605,0.4,0.05943809822201729,body,settled,0.03850416839122772,0.4,0.029394928365945816,body,settled,0.024071667343378067,0.0,0.06759615987539291,body,settled,0.05699816346168518,1.0,0.048056818544864655,body
rigid_none,body_world,90474,True,True,m,1.3393605416224226,1.0,short,0.0,80,True,3.0,0.020066404715180397,body,settled,0.02669847384095192,0.0,0.023365341126918793,body,settled,0.026917744427919388,0.0,0.014889704994857311,world,settled,0.015185919590294361,0.0,0.0378817543387413,body,settled,0.04787391796708107,1.0,0.020066404715180397,body
rigid_none,body_world,90475,True,True,l,1.4134205728523153,1.0,medium,0.1,66,True,3.0,0.023936865851283073,body,settled,0.0406106635928154,0.6,0.03148912265896797,body,settled,0.04401540756225586,0.8,0.022493982687592506,body,settled,0.026632586494088173,0.0,0.03720615431666374,body,settled,0.058915626257658005,1.0,0.023936865851283073,body
rigid_none,body_world,90476,True,True,m,1.3814810158500825,-2.0,short,0.0,70,False,nan,nan,world,decayed,0.03357734531164169,0.4,nan,alarm,persistent,0.04697064310312271,0.8,nan,alarm,persistent,0.045532722026109695,0.8,nan,world,decayed,0.039183370769023895,0.4,nan,world
rigid_none,body_world,90477,True,True,l,1.4674729887667173,2.0,medium,0.1,78,False,nan,nan,world,decayed,0.04546244442462921,0.6,nan,alarm,persistent,0.05637283995747566,0.8,nan,alarm,persistent,0.0564713254570961,1.0,nan,alarm,persistent,0.048482876271009445,0.8,nan,world
rigid_none,body_world,90478,True,True,m,1.5027032697774165,4.0,short,0.0,80,False,nan,nan,alarm,persistent,0.061657823622226715,1.0,nan,alarm,persistent,0.06311692297458649,1.0,nan,alarm,persistent,0.04798446595668793,1.0,nan,alarm,persistent,0.04835309460759163,1.0,nan,alarm
rigid_none,body_world,90479,True,True,l,1.3850046666885212,-4.0,medium,0.0,66,True,4.5,0.03662934899330139,body,settled,0.03483395278453827,0.0,0.039820294827222824,body,settled,0.04033809155225754,0.4,0.02462155558168888,body,settled,0.024593153968453407,0.0,0.053929708898067474,body,settled,0.05120415240526199,1.0,0.03662934899330139,body
rigid_none,calib,90480,False,False,,1.0,0.0,,0.0,64,True,3.0,0.010397136211395264,world,settled,0.011082300916314125,0.0,0.013954060152173042,world,settled,0.014482134953141212,0.0,0.018393604084849358,world,settled,0.01906655542552471,0.0,0.026106202974915504,world,settled,0.024254221469163895,0.0,0.010397136211395264,world
rigid_none,calib,90481,False,False,,1.0,0.0,,0.0,76,True,3.0,0.010698758065700531,world,settled,0.010844634845852852,0.0,0.01536644995212555,world,settled,0.01551852934062481,0.0,0.0197125431150198,world,settled,0.01983017288148403,0.0,0.028050323948264122,world,settled,0.024102160707116127,0.0,0.010698758065700531,world
rigid_none,calib,90482,False,False,,1.0,0.0,,0.0,79,True,3.0,0.010815747082233429,world,settled,0.011032821610569954,0.0,0.012980473227798939,world,settled,0.01573626883327961,0.0,0.01915203407406807,world,settled,0.019624013453722,0.0,0.028821462765336037,world,settled,0.026992931962013245,0.0,0.010815747082233429,world
rigid_none,calib,90483,False,False,,1.0,0.0,,0.0,70,True,3.0,0.00875034648925066,world,settled,0.011014755815267563,0.0,0.013921797275543213,world,settled,0.015239307656884193,0.0,0.0195195022970438,world,settled,0.01980242319405079,0.0,0.02754727564752102,world,settled,0.02711222507059574,0.0,0.00875034648925066,world
rigid_none,calib,90484,False,False,,1.0,0.0,,0.0,69,True,3.0,0.01084104273468256,world,settled,0.01111894752830267,0.0,0.015188658609986305,world,settled,0.014520821161568165,0.0,0.018942082300782204,world,settled,0.019482146948575974,0.0,0.027141785249114037,world,settled,0.02675052545964718,0.0,0.01084104273468256,world
rigid_none,calib,90485,False,False,,1.0,0.0,,0.0,78,True,3.0,0.010249247774481773,world,settled,0.010708441026508808,0.0,0.016373321413993835,world,settled,0.014702226035296917,0.0,0.01928083226084709,world,settled,0.019421041011810303,0.0,0.02855895832180977,world,settled,0.026171129196882248,0.0,0.010249247774481773,world
rigid_none,calib,90486,False,False,,1.0,0.0,,0.0,79,True,3.0,0.01053529791533947,world,settled,0.010082945227622986,0.0,0.017119450494647026,world,settled,0.016243090853095055,0.0,0.017812978476285934,world,settled,0.019544269889593124,0.0,0.02468022331595421,world,settled,0.028216194361448288,0.0,0.01053529791533947,world
rigid_none,calib,90487,False,False,,1.0,0.0,,0.0,74,True,3.0,0.009743379428982735,world,settled,0.01058219000697136,0.0,0.013813723810017109,world,settled,0.01645243540406227,0.0,0.019075214862823486,world,settled,0.019938191398978233,0.0,0.029839690774679184,world,settled,0.025836044922471046,0.0,0.009743379428982735,world
rigid_none,calib,90488,False,False,,1.0,0.0,,0.0,62,True,3.0,0.010777239687740803,world,settled,0.010566333308815956,0.0,0.016768405213952065,world,settled,0.015482740476727486,0.0,0.018802056089043617,world,settled,0.019513990730047226,0.0,0.02747778221964836,world,settled,0.023932047188282013,0.0,0.010777239687740803,world
rigid_none,calib,90489,False,False,,1.0,0.0,,0.0,65,True,3.0,0.010661336593329906,world,settled,0.010590135119855404,0.0,0.01483139581978321,world,settled,0.014371322467923164,0.0,0.019552180543541908,world,settled,0.019885476678609848,0.0,0.026870423927903175,world,settled,0.02758263610303402,0.0,0.010661336593329906,world
rigid_none,calib,90490,False,False,,1.0,0.0,,0.0,70,True,3.0,0.01083759218454361,world,settled,0.01103885006159544,0.0,0.016268325969576836,world,settled,0.01543029211461544,0.0,0.01745634153485298,world,settled,0.01973196491599083,0.0,0.02612639032304287,world,settled,0.0259613785892725,0.0,0.01083759218454361,world
rigid_none,calib,90491,False,False,,1.0,0.0,,0.0,63,True,3.0,0.010297765955328941,world,settled,0.011051379144191742,0.0,0.016361724585294724,world,settled,0.018289903178811073,0.0,0.020199626684188843,world,settled,0.018773619085550308,0.0,0.027661185711622238,world,settled,0.023630335927009583,0.0,0.010297765955328941,world
rigid_none,calib,90492,False,False,,1.0,0.0,,0.0,66,True,3.0,0.009287571534514427,world,settled,0.01111973263323307,0.0,0.013080960139632225,world,settled,0.01393040269613266,0.0,0.0197744257748127,world,settled,0.0188621673732996,0.0,0.028167646378278732,world,settled,0.02659130096435547,0.0,0.009287571534514427,world
rigid_none,calib,90493,False,False,,1.0,0.0,,0.0,80,True,3.0,0.012338072992861271,world,settled,0.01093277521431446,0.0,0.017856277525424957,world,settled,0.016978571191430092,0.0,0.018636979162693024,world,settled,0.01929960958659649,0.0,0.024963010102510452,world,settled,0.02580511011183262,0.0,0.012338072992861271,world
rigid_none,calib,90494,False,False,,1.0,0.0,,0.0,79,True,3.0,0.011563380248844624,world,settled,0.010034377686679363,0.0,0.016305238008499146,world,settled,0.014711104333400726,0.0,0.019186552613973618,world,settled,0.019049789756536484,0.0,0.023471394553780556,world,settled,0.026717573404312134,0.0,0.011563380248844624,world
rigid_none,calib,90495,False,False,,1.0,0.0,,0.0,75,True,3.0,0.01061907596886158,world,settled,0.009413333609700203,0.0,0.015066653490066528,world,settled,0.015278922393918037,0.0,0.019099246710538864,world,settled,0.01968535967171192,0.0,0.029982153326272964,world,settled,0.02941972017288208,0.0,0.01061907596886158,world
rigid_none,calib,90496,False,False,,1.0,0.0,,0.0,76,True,3.0,0.010757051408290863,world,settled,0.01150570996105671,0.0,0.01389162428677082,world,settled,0.017765743657946587,0.0,0.019496571272611618,world,settled,0.01973693072795868,0.0,0.02723258174955845,world,settled,0.023319730535149574,0.0,0.010757051408290863,world
rigid_none,calib,90497,False,False,,1.0,0.0,,0.0,68,True,3.0,0.010542584583163261,world,settled,0.010371720418334007,0.0,0.014784051105380058,world,settled,0.015451982617378235,0.0,0.020160218700766563,world,settled,0.018991297110915184,0.0,0.0293902400881052,world,settled,0.026975411921739578,0.0,0.010542584583163261,world
rigid_none,calib,90498,False,False,,1.0,0.0,,0.0,70,True,3.0,0.011304107494652271,world,settled,0.00974918995052576,0.0,0.016709651798009872,world,settled,0.014581670053303242,0.0,0.019047096371650696,world,settled,0.018327608704566956,0.0,0.02555571123957634,world,settled,0.028568023815751076,0.0,0.011304107494652271,world
rigid_none,calib,90499,False,False,,1.0,0.0,,0.0,79,True,3.0,0.012457260861992836,world,settled,0.010799413546919823,0.0,0.01638484001159668,world,settled,0.016005754470825195,0.0,0.019037533551454544,world,settled,0.01921171508729458,0.0,0.023029843345284462,world,settled,0.02611767314374447,0.0,0.012457260861992836,world
rigid_none,calib,90500,False,False,,1.0,0.0,,0.0,72,True,3.0,0.010268007405102253,world,settled,0.011249786242842674,0.0,0.01756393536925316,world,settled,0.015317169018089771,0.0,0.018141433596611023,world,settled,0.019319001585245132,0.0,0.027673374861478806,world,settled,0.024990808218717575,0.0,0.010268007405102253,world
rigid_none,calib,90501,False,False,,1.0,0.0,,0.0,76,True,3.0,0.01043696142733097,world,settled,0.010562483221292496,0.0,0.015170526690781116,world,settled,0.016588320955634117,0.0,0.018009260296821594,world,settled,0.020098915323615074,0.0,0.02734386920928955,world,settled,0.024868927896022797,0.0,0.01043696142733097,world
rigid_none,calib,90502,False,False,,1.0,0.0,,0.0,76,True,3.0,0.010939361527562141,world,settled,0.010722017847001553,0.0,0.015163267962634563,world,settled,0.01613701693713665,0.0,0.01984519697725773,world,settled,0.019249234348535538,0.0,0.025901813060045242,world,settled,0.0280451737344265,0.0,0.010939361527562141,world
rigid_none,calib,90503,False,False,,1.0,0.0,,0.0,63,True,3.0,0.012041437439620495,world,settled,0.011572938412427902,0.0,0.01581178978085518,world,settled,0.015367105603218079,0.0,0.018975844606757164,world,settled,0.01931619457900524,0.0,0.02448425255715847,world,settled,0.02581680938601494,0.0,0.012041437439620495,world
rigid_none,calib,90504,False,False,,1.0,0.0,,0.0,72,True,3.0,0.01075954083353281,world,settled,0.010947911068797112,0.0,0.01779528334736824,world,settled,0.014816442504525185,0.0,0.018059629946947098,world,settled,0.019292179495096207,0.0,0.021086210384964943,world,settled,0.030062664300203323,0.0,0.01075954083353281,world
rigid_none,calib,90505,False,False,,1.0,0.0,,0.0,75,True,3.0,0.009970711544156075,world,settled,0.010760973207652569,0.0,0.01383468508720398,world,settled,0.015292556956410408,0.0,0.019454851746559143,world,settled,0.01846950314939022,0.0,0.02598903700709343,world,settled,0.024595461785793304,0.0,0.009970711544156075,world
rigid_none,calib,90506,False,False,,1.0,0.0,,0.0,78,True,3.0,0.009528040885925293,world,settled,0.01052005309611559,0.0,0.013438453897833824,world,settled,0.014982352033257484,0.0,0.020240163430571556,world,settled,0.01868399605154991,0.0,0.029986178502440453,world,settled,0.023956868797540665,0.0,0.009528040885925293,world
rigid_none,calib,90507,False,False,,1.0,0.0,,0.0,72,True,3.0,0.011447437107563019,world,settled,0.01031828485429287,0.0,0.01674543507397175,world,settled,0.01559949479997158,0.0,0.019408777356147766,world,settled,0.018458709120750427,0.0,0.02549009956419468,world,settled,0.023587744683027267,0.0,0.011447437107563019,world
rigid_none,calib,90508,False,False,,1.0,0.0,,0.0,68,True,3.0,0.011798419058322906,world,settled,0.009849932044744492,0.0,0.01650424115359783,world,settled,0.0133687574416399,0.0,0.018602002412080765,world,settled,0.018474798649549484,0.0,0.0268400851637125,world,settled,0.03030816838145256,0.0,0.011798419058322906,world
rigid_none,calib,90509,False,False,,1.0,0.0,,0.0,69,True,3.0,0.01019344199448824,world,settled,0.009950520470738411,0.0,0.015256544575095177,world,settled,0.014875613152980804,0.0,0.019481593742966652,world,settled,0.01944028213620186,0.0,0.026460569351911545,world,settled,0.02718929946422577,0.0,0.01019344199448824,world
rigid_none,calib,90510,False,False,,1.0,0.0,,0.0,60,True,3.0,0.011504044756293297,world,settled,0.009787281975150108,0.0,0.016964230686426163,world,settled,0.015406657941639423,0.0,0.01738513447344303,world,settled,0.019041433930397034,0.0,0.02440864033997059,world,settled,0.026729006320238113,0.0,0.011504044756293297,world
rigid_none,calib,90511,False,False,,1.0,0.0,,0.0,67,True,3.0,0.010763363912701607,world,settled,0.011049726977944374,0.0,0.015986043959856033,world,settled,0.01733352616429329,0.0,0.019698359072208405,world,settled,0.019703958183526993,0.0,0.02467849664390087,world,settled,0.022777095437049866,0.0,0.010763363912701607,world
rigid_none,calib,90512,False,False,,1.0,0.0,,0.0,65,True,3.0,0.010744807310402393,world,settled,0.010599732398986816,0.0,0.014864963479340076,world,settled,0.015552650205790997,0.0,0.020180530846118927,world,settled,0.01950811594724655,0.0,0.02684471569955349,world,settled,0.027165452018380165,0.0,0.010744807310402393,world
rigid_none,calib,90513,False,False,,1.0,0.0,,0.0,79,True,3.0,0.01050848700106144,world,settled,0.011756008490920067,0.0,0.0149605181068182,world,settled,0.016036860644817352,0.0,0.01894589699804783,world,settled,0.019285282120108604,0.0,0.027377331629395485,world,settled,0.021780474111437798,0.0,0.01050848700106144,world
rigid_none,calib,90514,False,False,,1.0,0.0,,0.0,62,True,3.0,0.010857312940061092,world,settled,0.010277052409946918,0.0,0.01689842715859413,world,settled,0.01564895175397396,0.0,0.018354400992393494,world,settled,0.019023630768060684,0.0,0.02680850587785244,world,settled,0.02492661401629448,0.0,0.010857312940061092,world
rigid_none,calib,90515,False,False,,1.0,0.0,,0.0,75,True,3.0,0.010368414223194122,world,settled,0.009957865811884403,0.0,0.015445513650774956,world,settled,0.014043544419109821,0.0,0.01881347969174385,world,settled,0.019242171198129654,0.0,0.02736147679388523,world,settled,0.027462895959615707,0.0,0.010368414223194122,world
rigid_none,calib,90516,False,False,,1.0,0.0,,0.0,71,True,3.0,0.010471056215465069,world,settled,0.008606815710663795,0.0,0.015602633357048035,world,settled,0.013651596382260323,0.0,0.018881555646657944,world,settled,0.019366459921002388,0.0,0.028299415484070778,world,settled,0.028660938143730164,0.0,0.010471056215465069,world
rigid_none,calib,90517,False,False,,1.0,0.0,,0.0,77,True,3.0,0.0112985884770751,world,settled,0.01161465235054493,0.0,0.016174759715795517,world,settled,0.016211234033107758,0.0,0.019108781591057777,world,settled,0.018825527280569077,0.0,0.023684490472078323,world,settled,0.02513744868338108,0.0,0.0112985884770751,world
rigid_none,calib,90518,False,False,,1.0,0.0,,0.0,72,True,3.0,0.0096785519272089,world,settled,0.010149753652513027,0.0,0.013414365239441395,world,settled,0.015500778332352638,0.0,0.019134974107146263,world,settled,0.019198577851057053,0.0,0.026719098910689354,world,settled,0.02553626336157322,0.0,0.0096785519272089,world
rigid_none,calib,90519,False,False,,1.0,0.0,,0.0,76,True,3.0,0.011171204969286919,world,settled,0.010364936664700508,0.0,0.01646305061876774,world,settled,0.013479573652148247,0.0,0.01760692149400711,world,settled,0.01895791105926037,0.0,0.02559494972229004,world,settled,0.029796641319990158,0.0,0.011171204969286919,world
rigid_none,calib,90520,False,False,,1.0,0.0,,0.0,76,True,3.0,0.010916166007518768,world,settled,0.009336277842521667,0.0,0.014250800013542175,world,settled,0.013762536458671093,0.0,0.020068543031811714,world,settled,0.01932547613978386,0.0,0.02740790881216526,world,settled,0.028505530208349228,0.0,0.010916166007518768,world
rigid_none,calib,90521,False,False,,1.0,0.0,,0.0,64,True,3.0,0.010699118487536907,world,settled,0.010886860080063343,0.0,0.0166859682649374,world,settled,0.01684461534023285,0.0,0.01929716393351555,world,settled,0.019133519381284714,0.0,0.02391165867447853,world,settled,0.02618078514933586,0.0,0.010699118487536907,world
rigid_none,calib,90522,False,False,,1.0,0.0,,0.0,80,True,3.0,0.010772109031677246,world,settled,0.00981888361275196,0.0,0.016170425340533257,world,settled,0.014601161703467369,0.0,0.018927156925201416,world,settled,0.019458193331956863,0.0,0.02820921503007412,world,settled,0.027649804949760437,0.0,0.010772109031677246,world
rigid_none,calib,90523,False,False,,1.0,0.0,,0.0,64,True,3.0,0.010588089935481548,world,settled,0.01118822954595089,0.0,0.016262246295809746,world,settled,0.014381276443600655,0.0,0.018655067309737206,world,settled,0.018775083124637604,0.0,0.027764398604631424,world,settled,0.02902768924832344,0.0,0.010588089935481548,world
rigid_none,calib,90524,False,False,,1.0,0.0,,0.0,60,True,3.0,0.012259558774530888,world,settled,0.011438464745879173,0.0,0.016949748620390892,world,settled,0.015413617715239525,0.0,0.018857482820749283,world,settled,0.019228899851441383,0.0,0.023464374244213104,world,settled,0.025766756385564804,0.0,0.012259558774530888,world
rigid_none,calib,90525,False,False,,1.0,0.0,,0.0,74,True,3.0,0.00943109393119812,world,settled,0.011306056752800941,0.0,0.014884697273373604,world,settled,0.016403425484895706,0.0,0.01940571330487728,world,settled,0.018947158008813858,0.0,0.023253440856933594,world,settled,0.027416205033659935,0.0,0.00943109393119812,world
rigid_none,calib,90526,False,False,,1.0,0.0,,0.0,64,True,3.0,0.011520649306476116,world,settled,0.010145425796508789,0.0,0.016735069453716278,world,settled,0.014974636025726795,0.0,0.01979638636112213,world,settled,0.019719000905752182,0.0,0.025131385773420334,world,settled,0.02581060864031315,0.0,0.011520649306476116,world
rigid_none,calib,90527,False,False,,1.0,0.0,,0.0,77,True,3.0,0.01098712719976902,world,settled,0.010829336941242218,0.0,0.017249690368771553,world,settled,0.016339855268597603,0.0,0.01874546706676483,world,settled,0.01891333982348442,0.0,0.024017347022891045,world,settled,0.02457592450082302,0.0,0.01098712719976902,world
rigid_none,calib,90528,False,False,,1.0,0.0,,0.0,69,True,3.0,0.009841936640441418,world,settled,0.010485919192433357,0.0,0.015513753518462181,world,settled,0.015597415156662464,0.0,0.02004663087427616,world,settled,0.01847381889820099,0.0,0.02737501822412014,world,settled,0.02923029102385044,0.0,0.009841936640441418,world
rigid_none,calib,90529,False,False,,1.0,0.0,,0.0,61,True,3.0,0.011026483960449696,world,settled,0.01046836655586958,0.0,0.01682443916797638,world,settled,0.016435954719781876,0.0,0.018677610903978348,world,settled,0.0189359113574028,0.0,0.02180354855954647,world,settled,0.027256567031145096,0.0,0.011026483960449696,world
