config,cell,seed,has_body,has_push,param,factor,torque,duration_name,offset_s,onset,settled,settle_time_s,single_settled_score,single_verdict,single_path,single_late_block_median,single_late_frac_above_alarm,k2_settled_score,k2_verdict,k2_path,k2_late_block_median,k2_late_frac_above_alarm,k4_settled_score,k4_verdict,k4_path,k4_late_block_median,k4_late_frac_above_alarm,k8_settled_score,k8_verdict,k8_path,k8_late_block_median,k8_late_frac_above_alarm,logged_settled_score,logged_verdict
soft_low,neither,90000,False,False,,1.0,0.0,,0.0,79,True,3.0,0.07019099593162537,world,settled,0.07182285934686661,1.0,0.08890041708946228,world,settled,0.0900171771645546,1.0,0.07629326730966568,world,settled,0.06977418810129166,1.0,0.19881924986839294,world,settled,0.19675999879837036,1.0,0.07019099593162537,world
soft_low,neither,90001,False,False,,1.0,0.0,,0.0,75,True,3.0,0.06551351398229599,world,settled,0.07285929471254349,1.0,0.0801301822066307,world,settled,0.08764051645994186,1.0,0.07330109179019928,world,settled,0.07400290668010712,1.0,0.19868703186511993,world,settled,0.19610154628753662,1.0,0.06551351398229599,world
soft_low,neither,90002,False,False,,1.0,0.0,,0.0,65,True,3.0,0.07795727252960205,world,settled,0.07082583010196686,1.0,0.08713682740926743,world,settled,0.0908898115158081,1.0,0.08321357518434525,world,settled,0.07279632985591888,1.0,0.2010575234889984,world,settled,0.20109602808952332,1.0,0.07795727252960205,world
soft_low,neither,90003,False,False,,1.0,0.0,,0.0,61,True,3.0,0.06331600248813629,world,settled,0.06404170393943787,1.0,0.09537653625011444,world,settled,0.08855122327804565,1.0,0.06540915369987488,world,settled,0.06863678991794586,1.0,0.20065590739250183,world,settled,0.2001798450946808,1.0,0.06331600248813629,world
soft_low,neither,90004,False,False,,1.0,0.0,,0.0,76,True,3.0,0.06538742780685425,world,settled,0.06444256007671356,1.0,0.08286146074533463,world,settled,0.09311610460281372,1.0,0.07130081951618195,world,settled,0.07155515253543854,1.0,0.1992541253566742,world,settled,0.19903889298439026,1.0,0.06538742780685425,world
soft_low,neither,90005,False,False,,1.0,0.0,,0.0,79,True,3.0,0.08691630512475967,world,settled,0.06944428384304047,1.0,0.08995373547077179,world,settled,0.0919695571064949,1.0,0.08131130784749985,world,settled,0.07468931376934052,1.0,0.1993323564529419,world,settled,0.20006978511810303,1.0,0.08691630512475967,world
soft_low,neither,90006,False,False,,1.0,0.0,,0.0,74,True,3.0,0.08384552597999573,world,settled,0.06513707339763641,1.0,0.09822501242160797,world,settled,0.0977436900138855,1.0,0.0789143368601799,world,settled,0.0640963539481163,1.0,0.1982225924730301,world,settled,0.2011878788471222,1.0,0.08384552597999573,world
soft_low,neither,90007,False,False,,1.0,0.0,,0.0,79,True,3.0,0.06896106898784637,world,settled,0.06142280623316765,1.0,0.09323091804981232,world,settled,0.09352751821279526,1.0,0.06371021270751953,world,settled,0.0661836639046669,1.0,0.2004489004611969,world,settled,0.2018795758485794,1.0,0.06896106898784637,world
soft_low,neither,90008,False,False,,1.0,0.0,,0.0,62,True,3.0,0.07856146991252899,world,settled,0.06653505563735962,1.0,0.08563880622386932,world,settled,0.09604223072528839,1.0,0.07423335313796997,world,settled,0.06708786636590958,1.0,0.19520094990730286,world,settled,0.20113341510295868,1.0,0.07856146991252899,world
soft_low,neither,90009,False,False,,1.0,0.0,,0.0,74,True,3.0,0.08116055279970169,world,settled,0.06539096683263779,1.0,0.08542247116565704,world,settled,0.08552125096321106,1.0,0.09265683591365814,world,settled,0.07411997020244598,1.0,0.19266514480113983,world,settled,0.2015952169895172,1.0,0.08116055279970169,world
soft_low,neither,90010,False,False,,1.0,0.0,,0.0,72,True,3.0,0.06815501302480698,world,settled,0.08223780244588852,1.0,0.09170166403055191,world,settled,0.09355200082063675,1.0,0.0665372759103775,world,settled,0.08829838782548904,1.0,0.19965724647045135,world,settled,0.1949950009584427,1.0,0.06815501302480698,world
soft_low,neither,90011,False,False,,1.0,0.0,,0.0,71,True,3.0,0.0651644915342331,world,settled,0.07193901389837265,1.0,0.08306765556335449,world,settled,0.08328840136528015,1.0,0.07477516680955887,world,settled,0.07440543919801712,1.0,0.19775977730751038,world,settled,0.1967426836490631,1.0,0.0651644915342331,world
soft_low,neither,90012,False,False,,1.0,0.0,,0.0,62,True,3.0,0.06347230821847916,world,settled,0.0707407295703888,1.0,0.07837142050266266,world,settled,0.08824118226766586,1.0,0.07610428333282471,world,settled,0.0775294378399849,1.0,0.20018541812896729,world,settled,0.1997147649526596,1.0,0.06347230821847916,world
soft_low,neither,90013,False,False,,1.0,0.0,,0.0,68,True,3.0,0.06442519277334213,world,settled,0.06328094005584717,1.0,0.0869963988661766,world,settled,0.09443008154630661,1.0,0.07291418313980103,world,settled,0.0634179636836052,1.0,0.19726450741291046,world,settled,0.20104412734508514,1.0,0.06442519277334213,world
soft_low,neither,90014,False,False,,1.0,0.0,,0.0,80,True,3.0,0.05833669379353523,world,settled,0.07106957584619522,1.0,0.09367738664150238,world,settled,0.09147001057863235,1.0,0.06408057361841202,world,settled,0.08123672008514404,1.0,0.20019781589508057,world,settled,0.20134051144123077,1.0,0.05833669379353523,world
soft_low,neither,90015,False,False,,1.0,0.0,,0.0,76,True,3.0,0.06410163640975952,world,settled,0.06671065837144852,1.0,0.09167591482400894,world,settled,0.0899072214961052,1.0,0.0725690945982933,world,settled,0.06950797140598297,1.0,0.2026374787092209,world,settled,0.2020532190799713,1.0,0.06410163640975952,world
soft_low,neither,90016,False,False,,1.0,0.0,,0.0,76,True,3.0,0.06189180538058281,world,settled,0.07231076806783676,1.0,0.09053242206573486,world,settled,0.09119011461734772,1.0,0.06841710954904556,world,settled,0.0657104030251503,1.0,0.19820626080036163,world,settled,0.1989787220954895,1.0,0.06189180538058281,world
soft_low,neither,90017,False,False,,1.0,0.0,,0.0,74,True,3.0,0.07123859971761703,world,settled,0.06808584928512573,1.0,0.09144537150859833,world,settled,0.0908256322145462,1.0,0.07437203079462051,world,settled,0.06870387494564056,1.0,0.19832471013069153,world,settled,0.19882135093212128,1.0,0.07123859971761703,world
soft_low,neither,90018,False,False,,1.0,0.0,,0.0,66,True,3.0,0.06288260221481323,world,settled,0.06282614171504974,1.0,0.09363919496536255,world,settled,0.09083271771669388,1.0,0.06269584596157074,world,settled,0.06862884014844894,1.0,0.20122012495994568,world,settled,0.1985505074262619,1.0,0.06288260221481323,world
soft_low,neither,90019,False,False,,1.0,0.0,,0.0,66,True,3.0,0.06615331023931503,world,settled,0.07224277406930923,1.0,0.09279569238424301,world,settled,0.08742435276508331,1.0,0.068409763276577,world,settled,0.07249432802200317,1.0,0.19555418193340302,world,settled,0.19962774217128754,1.0,0.06615331023931503,world
soft_low,neither,90020,False,False,,1.0,0.0,,0.0,73,True,3.0,0.09007176011800766,world,settled,0.0845486968755722,1.0,0.08192574977874756,world,settled,0.09366810321807861,1.0,0.08874141424894333,world,settled,0.07891325652599335,1.0,0.19455954432487488,world,settled,0.19876797497272491,1.0,0.09007176011800766,world
soft_low,neither,90021,False,False,,1.0,0.0,,0.0,74,True,3.0,0.07673536241054535,world,settled,0.06407628953456879,1.0,0.08380690962076187,world,settled,0.09783752262592316,1.0,0.0825686901807785,world,settled,0.06821663677692413,1.0,0.1963331401348114,world,settled,0.20277731120586395,1.0,0.07673536241054535,world
soft_low,neither,90022,False,False,,1.0,0.0,,0.0,66,True,3.0,0.07084580510854721,world,settled,0.06797896325588226,1.0,0.08387523144483566,world,settled,0.0945749282836914,1.0,0.08278677612543106,world,settled,0.07631056010723114,1.0,0.19785276055335999,world,settled,0.20122413337230682,1.0,0.07084580510854721,world
soft_low,neither,90023,False,False,,1.0,0.0,,0.0,75,True,3.0,0.06686533987522125,world,settled,0.0635257214307785,1.0,0.08986814320087433,world,settled,0.0896725133061409,1.0,0.068579763174057,world,settled,0.07140526920557022,1.0,0.2005521059036255,world,settled,0.2031220942735672,1.0,0.06686533987522125,world
soft_low,neither,90024,False,False,,1.0,0.0,,0.0,73,True,3.0,0.07353079319000244,world,settled,0.06666813790798187,1.0,0.09441417455673218,world,settled,0.08483915030956268,1.0,0.07470593601465225,world,settled,0.0782647579908371,1.0,0.20042714476585388,world,settled,0.1973249614238739,1.0,0.07353079319000244,world
soft_low,neither,90025,False,False,,1.0,0.0,,0.0,68,True,3.0,0.0717853382229805,world,settled,0.06900585442781448,1.0,0.08929017931222916,world,settled,0.0909365564584732,1.0,0.07330065965652466,world,settled,0.07079028338193893,1.0,0.1980516016483307,world,settled,0.2025628536939621,1.0,0.0717853382229805,world
soft_low,neither,90026,False,False,,1.0,0.0,,0.0,73,True,3.0,0.0631319135427475,world,settled,0.07224138081073761,1.0,0.08713307231664658,world,settled,0.08982851356267929,1.0,0.07402820885181427,world,settled,0.08157368004322052,1.0,0.19865821301937103,world,settled,0.19829541444778442,1.0,0.0631319135427475,world
soft_low,neither,90027,False,False,,1.0,0.0,,0.0,61,True,3.0,0.0724724605679512,world,settled,0.06559481471776962,1.0,0.08506055176258087,world,settled,0.08727452903985977,1.0,0.07990658283233643,world,settled,0.08407077938318253,1.0,0.1967248022556305,world,settled,0.20059987902641296,1.0,0.0724724605679512,world
soft_low,neither,90028,False,False,,1.0,0.0,,0.0,71,True,3.0,0.06157977506518364,world,settled,0.06530408561229706,1.0,0.08422727882862091,world,settled,0.08899973332881927,1.0,0.06946314126253128,world,settled,0.07045969367027283,1.0,0.20067322254180908,world,settled,0.19592159986495972,1.0,0.06157977506518364,world
soft_low,neither,90029,False,False,,1.0,0.0,,0.0,60,True,3.0,0.06539760529994965,world,settled,0.05928816273808479,1.0,0.0909937247633934,world,settled,0.08954773843288422,1.0,0.06571611762046814,world,settled,0.0705975815653801,1.0,0.20192861557006836,world,settled,0.19997704029083252,1.0,0.06539760529994965,world
soft_low,neither,90030,False,False,,1.0,0.0,,0.0,72,True,3.0,0.07237012684345245,world,settled,0.0688837319612503,1.0,0.09141360223293304,world,settled,0.08459751307964325,1.0,0.073505699634552,world,settled,0.07992036640644073,1.0,0.20317816734313965,world,settled,0.20044687390327454,1.0,0.07237012684345245,world
soft_low,neither,90031,False,False,,1.0,0.0,,0.0,65,True,3.0,0.069361113011837,world,settled,0.057717788964509964,1.0,0.08591033518314362,world,settled,0.09487758576869965,1.0,0.07407677173614502,world,settled,0.06034206598997116,1.0,0.19612734019756317,world,settled,0.20136478543281555,1.0,0.069361113011837,world
soft_low,neither,90032,False,False,,1.0,0.0,,0.0,78,True,3.0,0.056022416800260544,world,settled,0.06583721935749054,1.0,0.09276653826236725,world,settled,0.08967309445142746,1.0,0.0623154453933239,world,settled,0.0718788355588913,1.0,0.20079965889453888,world,settled,0.19758804142475128,1.0,0.056022416800260544,world
soft_low,neither,90033,False,False,,1.0,0.0,,0.0,74,True,3.0,0.06481795758008957,world,settled,0.07163549959659576,1.0,0.09060028940439224,world,settled,0.09156195819377899,1.0,0.07163740694522858,world,settled,0.07002393901348114,1.0,0.19998614490032196,world,settled,0.20090074837207794,1.0,0.06481795758008957,world
soft_low,neither,90034,False,False,,1.0,0.0,,0.0,63,True,3.0,0.07274947315454483,world,settled,0.06259174644947052,1.0,0.09148967266082764,world,settled,0.09073162823915482,1.0,0.07238779962062836,world,settled,0.06994311511516571,1.0,0.19632063806056976,world,settled,0.2002415955066681,1.0,0.07274947315454483,world
soft_low,neither,90035,False,False,,1.0,0.0,,0.0,66,True,3.0,0.0680200606584549,world,settled,0.06495827436447144,1.0,0.08213786780834198,world,settled,0.08884796500205994,1.0,0.07265615463256836,world,settled,0.07566725462675095,1.0,0.19639965891838074,world,settled,0.1983574777841568,1.0,0.0680200606584549,world
soft_low,neither,90036,False,False,,1.0,0.0,,0.0,61,True,3.0,0.06729970127344131,world,settled,0.07663191854953766,1.0,0.0903305783867836,world,settled,0.08722199499607086,1.0,0.07315365225076675,world,settled,0.07639389485120773,1.0,0.2020103484392166,world,settled,0.19942227005958557,1.0,0.06729970127344131,world
soft_low,neither,90037,False,False,,1.0,0.0,,0.0,69,True,3.0,0.06220575422048569,world,settled,0.0660637840628624,1.0,0.0868801400065422,world,settled,0.09613730013370514,1.0,0.06578835099935532,world,settled,0.07656038552522659,1.0,0.19986529648303986,world,settled,0.20022563636302948,1.0,0.06220575422048569,world
soft_low,neither,90038,False,False,,1.0,0.0,,0.0,63,True,3.0,0.05969391390681267,world,settled,0.06332699954509735,1.0,0.10040867328643799,world,settled,0.0912710577249527,1.0,0.06710215657949448,world,settled,0.07417156547307968,1.0,0.20479078590869904,world,settled,0.202043816447258,1.0,0.05969391390681267,world
soft_low,neither,90039,False,False,,1.0,0.0,,0.0,63,True,3.0,0.06270354986190796,world,settled,0.060636796057224274,1.0,0.0961904227733612,world,settled,0.0901864543557167,1.0,0.0650324821472168,world,settled,0.07115815579891205,1.0,0.20351772010326385,world,settled,0.19858883321285248,1.0,0.06270354986190796,world
soft_low,neither,90040,False,False,,1.0,0.0,,0.0,66,True,3.0,0.06353146582841873,world,settled,0.0641430988907814,1.0,0.09297795593738556,world,settled,0.09052237868309021,1.0,0.06702524423599243,world,settled,0.06858780980110168,1.0,0.20039086043834686,world,settled,0.20106370747089386,1.0,0.06353146582841873,world
soft_low,neither,90041,False,False,,1.0,0.0,,0.0,71,True,3.0,0.07752914726734161,world,settled,0.07226239144802094,1.0,0.08922193944454193,world,settled,0.08721397817134857,1.0,0.07283209264278412,world,settled,0.0764801949262619,1.0,0.19865760207176208,world,settled,0.19816459715366364,1.0,0.07752914726734161,world
soft_low,neither,90042,False,False,,1.0,0.0,,0.0,64,True,3.0,0.07328660041093826,world,settled,0.06742293387651443,1.0,0.08965373039245605,world,settled,0.08531371504068375,1.0,0.07082439959049225,world,settled,0.07459603250026703,1.0,0.19831052422523499,world,settled,0.19720736145973206,1.0,0.07328660041093826,world
soft_low,neither,90043,False,False,,1.0,0.0,,0.0,79,True,3.0,0.061812423169612885,world,settled,0.06811533123254776,1.0,0.09518180787563324,world,settled,0.09273397922515869,1.0,0.06349211931228638,world,settled,0.08059437572956085,1.0,0.19899503886699677,world,settled,0.20080216228961945,1.0,0.061812423169612885,world
soft_low,neither,90044,False,False,,1.0,0.0,,0.0,65,True,3.0,0.0964130312204361,world,settled,0.07183869183063507,1.0,0.09536256641149521,world,settled,0.0900069922208786,1.0,0.09760814905166626,world,settled,0.07787937670946121,1.0,0.20075252652168274,world,settled,0.2007860690355301,1.0,0.0964130312204361,world
soft_low,neither,90045,False,False,,1.0,0.0,,0.0,64,True,3.0,0.06277050077915192,world,settled,0.06339488923549652,1.0,0.09580107033252716,world,settled,0.09342458844184875,1.0,0.06725158542394638,world,settled,0.0675748810172081,1.0,0.20108266174793243,world,settled,0.20027729868888855,1.0,0.06277050077915192,world
soft_low,neither,90046,False,False,,1.0,0.0,,0.0,73,True,3.0,0.06924073398113251,world,settled,0.06661577522754669,1.0,0.08554372936487198,world,settled,0.08618755638599396,1.0,0.08488655090332031,world,settled,0.06925921142101288,1.0,0.20703168213367462,world,settled,0.1993107795715332,1.0,0.06924073398113251,world
soft_low,neither,90047,False,False,,1.0,0.0,,0.0,66,True,3.0,0.06336700916290283,world,settled,0.06571175158023834,1.0,0.09160416573286057,world,settled,0.09115716069936752,1.0,0.07361827790737152,world,settled,0.07448861002922058,1.0,0.1984356939792633,world,settled,0.19846969842910767,1.0,0.06336700916290283,world
soft_low,neither,90048,False,False,,1.0,0.0,,0.0,76,True,3.0,0.07757966220378876,world,settled,0.07183759659528732,1.0,0.08916459232568741,world,settled,0.09803701937198639,1.0,0.07801686227321625,world,settled,0.07352621853351593,1.0,0.19886893033981323,world,settled,0.2015468329191208,1.0,0.07757966220378876,world
soft_low,neither,90049,False,False,,1.0,0.0,,0.0,76,True,3.0,0.06939715147018433,world,settled,0.06496800482273102,1.0,0.09249851852655411,world,settled,0.08681537210941315,1.0,0.0720980241894722,world,settled,0.0709843784570694,1.0,0.19553229212760925,world,settled,0.19708050787448883,1.0,0.06939715147018433,world
soft_low,neither,90050,False,False,,1.0,0.0,,0.0,60,True,3.0,0.089140385389328,world,settled,0.06513835489749908,1.0,0.09243742376565933,world,settled,0.08717941492795944,1.0,0.08525164425373077,world,settled,0.07533770054578781,1.0,0.196172297000885,world,settled,0.20279422402381897,1.0,0.089140385389328,world
soft_low,neither,90051,False,False,,1.0,0.0,,0.0,76,True,3.0,0.06014253944158554,world,settled,0.0613318607211113,1.0,0.09293718636035919,world,settled,0.09402458369731903,1.0,0.06669185310602188,world,settled,0.0641910582780838,1.0,0.20165666937828064,world,settled,0.2002291977405548,1.0,0.06014253944158554,world
soft_low,neither,90052,False,False,,1.0,0.0,,0.0,68,True,3.0,0.0642516165971756,world,settled,0.06685268878936768,1.0,0.0875951498746872,world,settled,0.0876413956284523,1.0,0.06897988170385361,world,settled,0.0675462931394577,1.0,0.19772224128246307,world,settled,0.2018454372882843,1.0,0.0642516165971756,world
soft_low,neither,90053,False,False,,1.0,0.0,,0.0,72,True,3.0,0.07036701589822769,world,settled,0.06616467237472534,1.0,0.08202995359897614,world,settled,0.08398298174142838,1.0,0.0747460201382637,world,settled,0.07073850929737091,1.0,0.198618084192276,world,settled,0.1984010934829712,1.0,0.07036701589822769,world
soft_low,neither,90054,False,False,,1.0,0.0,,0.0,65,True,3.0,0.06973514705896378,world,settled,0.08700776100158691,1.0,0.097182497382164,world,settled,0.08871008455753326,1.0,0.06920315325260162,world,settled,0.08394358307123184,1.0,0.1997336745262146,world,settled,0.2015916109085083,1.0,0.06973514705896378,world
soft_low,neither,90055,False,False,,1.0,0.0,,0.0,68,True,3.0,0.07289533317089081,world,settled,0.078004851937294,1.0,0.0741366520524025,world,settled,0.08333476632833481,1.0,0.0736101046204567,world,settled,0.07778976857662201,1.0,0.19811491668224335,world,settled,0.20294317603111267,1.0,0.07289533317089081,world
soft_low,neither,90056,False,False,,1.0,0.0,,0.0,68,True,3.0,0.07211188971996307,world,settled,0.060331445187330246,1.0,0.08018757402896881,world,settled,0.08861349523067474,1.0,0.08121998608112335,world,settled,0.07276344299316406,1.0,0.19881415367126465,world,settled,0.2000858038663864,1.0,0.07211188971996307,world
soft_low,neither,90057,False,False,,1.0,0.0,,0.0,76,True,3.0,0.0750240609049797,world,settled,0.0600893571972847,1.0,0.0857020765542984,world,settled,0.08993320912122726,1.0,0.07804511487483978,world,settled,0.06647703796625137,1.0,0.20028376579284668,world,settled,0.20069047808647156,1.0,0.0750240609049797,world
soft_low,neither,90058,False,False,,1.0,0.0,,0.0,61,True,3.0,0.0607808455824852,world,settled,0.06856263428926468,1.0,0.08962459862232208,world,settled,0.08564220368862152,1.0,0.07011760771274567,world,settled,0.07093361020088196,1.0,0.20250511169433594,world,settled,0.19926130771636963,1.0,0.0607808455824852,world
soft_low,neither,90059,False,False,,1.0,0.0,,0.0,62,True,3.0,0.07415704429149628,world,settled,0.062333256006240845,1.0,0.08278922736644745,world,settled,0.09171967953443527,1.0,0.08083895593881607,world,settled,0.06578036397695541,1.0,0.19923248887062073,world,settled,0.2003212869167328,1.0,0.07415704429149628,world
soft_low,neither,90060,False,False,,1.0,0.0,,0.0,62,True,3.0,0.07099451869726181,world,settled,0.06518283486366272,1.0,0.08463620394468307,world,settled,0.08775930106639862,1.0,0.07444339990615845,world,settled,0.074394091963768,1.0,0.20069260895252228,world,settled,0.201299786567688,1.0,0.07099451869726181,world
soft_low,neither,90061,False,False,,1.0,0.0,,0.0,80,True,3.0,0.07270430028438568,world,settled,0.06963241100311279,1.0,0.08270706236362457,world,settled,0.08691675961017609,1.0,0.07380935549736023,world,settled,0.07931439578533173,1.0,0.19886863231658936,world,settled,0.19595420360565186,1.0,0.07270430028438568,world
soft_low,neither,90062,False,False,,1.0,0.0,,0.0,66,True,3.0,0.06302647292613983,world,settled,0.06603527814149857,1.0,0.09028539806604385,world,settled,0.09593628346920013,1.0,0.06412185728549957,world,settled,0.06662973761558533,1.0,0.20173755288124084,world,settled,0.20080992579460144,1.0,0.06302647292613983,world
soft_low,neither,90063,False,False,,1.0,0.0,,0.0,62,True,3.0,0.07913853228092194,world,settled,0.05908147245645523,1.0,0.08802154660224915,world,settled,0.09448719024658203,1.0,0.0804189071059227,world,settled,0.058858681470155716,1.0,0.19889387488365173,world,settled,0.20161910355091095,1.0,0.07913853228092194,world
soft_low,neither,90064,False,False,,1.0,0.0,,0.0,72,True,3.0,0.06348937004804611,world,settled,0.07601279765367508,1.0,0.09173940122127533,world,settled,0.09232164919376373,1.0,0.06916475296020508,world,settled,0.08026711642742157,1.0,0.20399446785449982,world,settled,0.19685879349708557,1.0,0.06348937004804611,world
soft_low,neither,90065,False,False,,1.0,0.0,,0.0,63,True,3.0,0.07589416205883026,world,settled,0.058130063116550446,1.0,0.08305206149816513,world,settled,0.09442188590765,1.0,0.08217683434486389,world,settled,0.06505685299634933,1.0,0.19473861157894135,world,settled,0.20149073004722595,1.0,0.07589416205883026,world
soft_low,neither,90066,False,False,,1.0,0.0,,0.0,61,True,3.0,0.06286636739969254,world,settled,0.06770634651184082,1.0,0.08243656158447266,world,settled,0.09412095695734024,1.0,0.07452259212732315,world,settled,0.06440860033035278,1.0,0.1963144838809967,world,settled,0.20133304595947266,1.0,0.06286636739969254,world
soft_low,neither,90067,False,False,,1.0,0.0,,0.0,71,True,3.0,0.06757587194442749,world,settled,0.06127173826098442,1.0,0.08981890976428986,world,settled,0.09082936495542526,1.0,0.06995528936386108,world,settled,0.06718841940164566,1.0,0.20078635215759277,world,settled,0.20130105316638947,1.0,0.06757587194442749,world
soft_low,neither,90068,False,False,,1.0,0.0,,0.0,76,True,3.0,0.05878981202840805,world,settled,0.06987398117780685,1.0,0.0943225547671318,world,settled,0.08968282490968704,1.0,0.06391642987728119,world,settled,0.0750761553645134,1.0,0.2014462947845459,world,settled,0.2004377543926239,1.0,0.05878981202840805,world
soft_low,neither,90069,False,False,,1.0,0.0,,0.0,70,True,3.0,0.07456663995981216,world,settled,0.06170050427317619,1.0,0.08771409839391708,world,settled,0.09081368148326874,1.0,0.07454021275043488,world,settled,0.07023148238658905,1.0,0.19858455657958984,world,settled,0.20364388823509216,1.0,0.07456663995981216,world
soft_low,neither,90070,False,False,,1.0,0.0,,0.0,76,True,3.0,0.07484988868236542,world,settled,0.06225462630391121,1.0,0.09306542575359344,world,settled,0.0860801413655281,1.0,0.07485606521368027,world,settled,0.07052130252122879,1.0,0.19733253121376038,world,settled,0.2005046308040619,1.0,0.07484988868236542,world
soft_low,neither,90071,False,False,,1.0,0.0,,0.0,77,True,3.0,0.06910784542560577,world,settled,0.06763914227485657,1.0,0.0871293768286705,world,settled,0.09006334096193314,1.0,0.07734660059213638,world,settled,0.07925883680582047,1.0,0.19490019977092743,world,settled,0.19738078117370605,1.0,0.06910784542560577,world
soft_low,neither,90072,False,False,,1.0,0.0,,0.0,70,True,3.0,0.07541479915380478,world,settled,0.06347544491291046,1.0,0.08610755950212479,world,settled,0.08816790580749512,1.0,0.084144726395607,world,settled,0.06579384207725525,1.0,0.19864676892757416,world,settled,0.19846481084823608,1.0,0.07541479915380478,world
soft_low,neither,90073,False,False,,1.0,0.0,,0.0,80,True,3.0,0.06461933255195618,world,settled,0.06569365411996841,1.0,0.09238772094249725,world,settled,0.08611230552196503,1.0,0.0677490085363388,world,settled,0.07376454770565033,1.0,0.1993602216243744,world,settled,0.200522780418396,1.0,0.06461933255195618,world
soft_low,neither,90074,False,False,,1.0,0.0,,0.0,67,True,3.0,0.0637190118432045,world,settled,0.057323019951581955,1.0,0.084775410592556,world,settled,0.09443345665931702,1.0,0.07099474966526031,world,settled,0.06486191600561142,1.0,0.20146402716636658,world,settled,0.20165304839611053,1.0,0.0637190118432045,world
soft_low,neither,90075,False,False,,1.0,0.0,,0.0,71,True,3.0,0.07674287259578705,world,settled,0.06483414769172668,1.0,0.0819890946149826,world,settled,0.08725052326917648,1.0,0.08212433010339737,world,settled,0.07005943357944489,1.0,0.20226916670799255,world,settled,0.2003888636827469,1.0,0.07674287259578705,world
soft_low,neither,90076,False,False,,1.0,0.0,,0.0,75,True,3.0,0.08452974259853363,world,settled,0.06469550728797913,1.0,0.09878472238779068,world,settled,0.09429250657558441,1.0,0.0815068930387497,world,settled,0.06598474085330963,1.0,0.19742974638938904,world,settled,0.19944174587726593,1.0,0.08452974259853363,world
soft_low,neither,90077,False,False,,1.0,0.0,,0.0,63,True,3.0,0.06716928631067276,world,settled,0.06589232385158539,1.0,0.08849649131298065,world,settled,0.09043502807617188,1.0,0.06678302586078644,world,settled,0.07254046946763992,1.0,0.19874307513237,world,settled,0.2010141909122467,1.0,0.06716928631067276,world
soft_low,neither,90078,False,False,,1.0,0.0,,0.0,63,True,3.0,0.07217316329479218,world,settled,0.06620646268129349,1.0,0.09333242475986481,world,settled,0.0863950252532959,1.0,0.07147911936044693,world,settled,0.07338041067123413,1.0,0.1961781084537506,world,settled,0.20089666545391083,1.0,0.07217316329479218,world
soft_low,neither,90079,False,False,,1.0,0.0,,0.0,64,True,3.0,0.06719262897968292,world,settled,0.06700997799634933,1.0,0.09132318198680878,world,settled,0.08839503675699234,1.0,0.07091920077800751,world,settled,0.07121006399393082,1.0,0.19932222366333008,world,settled,0.2007443904876709,1.0,0.06719262897968292,world
soft_low,neither,90080,False,False,,1.0,0.0,,0.0,78,True,3.0,0.07259096205234528,world,settled,0.06242774799466133,1.0,0.09296058118343353,world,settled,0.09230460971593857,1.0,0.0776711255311966,world,settled,0.06692533940076828,1.0,0.1979251205921173,world,settled,0.20042595267295837,1.0,0.07259096205234528,world
soft_low,neither,90081,False,False,,1.0,0.0,,0.0,79,True,3.0,0.06513933837413788,world,settled,0.070237897336483,1.0,0.08484594523906708,world,settled,0.08813570439815521,1.0,0.06843757629394531,world,settled,0.07634802907705307,1.0,0.1997152864933014,world,settled,0.19735115766525269,1.0,0.06513933837413788,world
soft_low,neither,90082,False,False,,1.0,0.0,,0.0,76,True,3.0,0.06388593465089798,world,settled,0.06196017190814018,1.0,0.0860731452703476,world,settled,0.09270520508289337,1.0,0.06969884783029556,world,settled,0.06839066743850708,1.0,0.19888654351234436,world,settled,0.2045026272535324,1.0,0.06388593465089798,world
soft_low,neither,90083,False,False,,1.0,0.0,,0.0,74,True,3.0,0.061891935765743256,world,settled,0.08251342177391052,1.0,0.09562376886606216,world,settled,0.08775508403778076,1.0,0.06491973251104355,world,settled,0.08553061634302139,1.0,0.2010430097579956,world,settled,0.1991870105266571,1.0,0.061891935765743256,world
soft_low,neither,90084,False,False,,1.0,0.0,,0.0,73,True,3.0,0.0868082195520401,world,settled,0.0629352480173111,1.0,0.09479972720146179,world,settled,0.09233672171831131,1.0,0.08593619614839554,world,settled,0.06779726594686508,1.0,0.20023909211158752,world,settled,0.19782063364982605,1.0,0.0868082195520401,world
soft_low,neither,90085,False,False,,1.0,0.0,,0.0,72,True,3.0,0.07926285266876221,world,settled,0.06284338235855103,1.0,0.09142275899648666,world,settled,0.09448524564504623,1.0,0.07194214314222336,world,settled,0.07349283248186111,1.0,0.19834083318710327,world,settled,0.19826240837574005,1.0,0.07926285266876221,world
soft_low,neither,90086,False,False,,1.0,0.0,,0.0,63,True,3.0,0.06201659515500069,world,settled,0.06791870296001434,1.0,0.09611630439758301,world,settled,0.08980168402194977,1.0,0.062055379152297974,world,settled,0.06723053753376007,1.0,0.20347800850868225,world,settled,0.19934025406837463,1.0,0.06201659515500069,world
soft_low,neither,90087,False,False,,1.0,0.0,,0.0,66,True,3.0,0.06328711658716202,world,settled,0.07887161523103714,1.0,0.08907150477170944,world,settled,0.08998323976993561,1.0,0.065285325050354,world,settled,0.0775781124830246,1.0,0.1977865993976593,world,settled,0.19944465160369873,1.0,0.06328711658716202,world
soft_low,neither,90088,False,False,,1.0,0.0,,0.0,75,True,3.0,0.06293493509292603,world,settled,0.0595974437892437,1.0,0.09016591310501099,world,settled,0.09386308491230011,1.0,0.0737648457288742,world,settled,0.06263737380504608,1.0,0.20121856033802032,world,settled,0.1997535079717636,1.0,0.06293493509292603,world
soft_low,neither,90089,False,False,,1.0,0.0,,0.0,62,True,3.0,0.08107896149158478,world,settled,0.08252881467342377,1.0,0.09777329117059708,world,settled,0.09398649632930756,1.0,0.08043310046195984,world,settled,0.08059275895357132,1.0,0.1954047977924347,world,settled,0.2009432315826416,1.0,0.08107896149158478,world
soft_low,neither,90090,False,False,,1.0,0.0,,0.0,68,True,3.0,0.06946565955877304,world,settled,0.059856563806533813,1.0,0.0855308547616005,world,settled,0.09335117042064667,1.0,0.07742287963628769,world,settled,0.07001680135726929,1.0,0.19738584756851196,world,settled,0.19950439035892487,1.0,0.06946565955877304,world
soft_low,neither,90091,False,False,,1.0,0.0,,0.0,77,True,3.0,0.08215346932411194,world,settled,0.05930846929550171,1.0,0.0825081616640091,world,settled,0.09127014130353928,1.0,0.07997258752584457,world,settled,0.0645357221364975,1.0,0.1957464963197708,world,settled,0.2034180611371994,1.0,0.08215346932411194,world
soft_low,neither,90092,False,False,,1.0,0.0,,0.0,68,True,3.0,0.05923435837030411,world,settled,0.07180877029895782,1.0,0.08611072599887848,world,settled,0.08767304569482803,1.0,0.0691710039973259,world,settled,0.06997133046388626,1.0,0.20203232765197754,world,settled,0.20139499008655548,1.0,0.05923435837030411,world
soft_low,neither,90093,False,False,,1.0,0.0,,0.0,64,True,3.0,0.0790889710187912,world,settled,0.0776277631521225,1.0,0.08139640837907791,world,settled,0.08356525003910065,1.0,0.0819537416100502,world,settled,0.08174124360084534,1.0,0.19402337074279785,world,settled,0.1935044825077057,1.0,0.0790889710187912,world
soft_low,neither,90094,False,False,,1.0,0.0,,0.0,69,True,3.0,0.08219285309314728,world,settled,0.06602312624454498,1.0,0.0792832151055336,world,settled,0.08731181919574738,1.0,0.08146826922893524,world,settled,0.06803412735462189,1.0,0.20389845967292786,world,settled,0.198126420378685,1.0,0.08219285309314728,world
soft_low,neither,90095,False,False,,1.0,0.0,,0.0,61,True,3.0,0.06976963579654694,world,settled,0.07353866845369339,1.0,0.09225147217512131,world,settled,0.08282873779535294,1.0,0.0693133994936943,world,settled,0.0744590014219284,1.0,0.19972138106822968,world,settled,0.19590409100055695,1.0,0.06976963579654694,world
soft_low,neither,90096,False,False,,1.0,0.0,,0.0,62,True,3.0,0.08794265985488892,world,settled,0.0646594911813736,1.0,0.09417004883289337,world,settled,0.09250744432210922,1.0,0.09292425960302353,world,settled,0.06870067119598389,1.0,0.2024533748626709,world,settled,0.20102694630622864,1.0,0.08794265985488892,world
soft_low,neither,90097,False,False,,1.0,0.0,,0.0,61,True,3.0,0.07012827694416046,world,settled,0.0651143491268158,1.0,0.08918879926204681,world,settled,0.09552283585071564,1.0,0.06775786727666855,world,settled,0.06649495661258698,1.0,0.20190683007240295,world,settled,0.20079998672008514,1.0,0.07012827694416046,world
soft_low,neither,90098,False,False,,1.0,0.0,,0.0,70,True,3.0,0.08005000650882721,world,settled,0.06577369570732117,1.0,0.09388674050569534,world,settled,0.09210103005170822,1.0,0.07707010209560394,world,settled,0.06976380199193954,1.0,0.19498014450073242,world,settled,0.19806236028671265,1.0,0.08005000650882721,world
soft_low,neither,90099,False,False,,1.0,0.0,,0.0,79,True,3.0,0.0610787570476532,world,settled,0.07018674910068512,1.0,0.0859588012099266,world,settled,0.0902782753109932,1.0,0.07397516816854477,world,settled,0.0683244913816452,1.0,0.20399320125579834,world,settled,0.2009182870388031,1.0,0.0610787570476532,world
soft_low,neither,90100,False,False,,1.0,0.0,,0.0,62,True,3.0,0.06661182641983032,world,settled,0.068739153444767,1.0,0.09482058137655258,world,settled,0.09087961167097092,1.0,0.07477638870477676,world,settled,0.06704476475715637,1.0,0.19856403768062592,world,settled,0.19959209859371185,1.0,0.06661182641983032,world
soft_low,neither,90101,False,False,,1.0,0.0,,0.0,62,True,3.0,0.06011205166578293,world,settled,0.06255820393562317,1.0,0.09027059376239777,world,settled,0.08848989754915237,1.0,0.06543892621994019,world,settled,0.07220160216093063,1.0,0.1996179074048996,world,settled,0.19984297454357147,1.0,0.06011205166578293,world
soft_low,neither,90102,False,False,,1.0,0.0,,0.0,63,True,3.0,0.07013832032680511,world,settled,0.08623397350311279,1.0,0.0981193482875824,world,settled,0.09038534760475159,1.0,0.06604765355587006,world,settled,0.08991088718175888,1.0,0.19861528277397156,world,settled,0.19938185811042786,1.0,0.07013832032680511,world
soft_low,neither,90103,False,False,,1.0,0.0,,0.0,62,True,3.0,0.09043358266353607,world,settled,0.0661473423242569,1.0,0.09045767039060593,world,settled,0.09576037526130676,1.0,0.08793756365776062,world,settled,0.06446816027164459,1.0,0.1963316798210144,world,settled,0.20260827243328094,1.0,0.09043358266353607,world
soft_low,neither,90104,False,False,,1.0,0.0,,0.0,72,True,3.0,0.06839273869991302,world,settled,0.075132817029953,1.0,0.08860355615615845,world,settled,0.09066162258386612,1.0,0.06573952734470367,world,settled,0.07279998809099197,1.0,0.19509680569171906,world,settled,0.2005261927843094,1.0,0.06839273869991302,world
soft_low,neither,90105,False,False,,1.0,0.0,,0.0,74,True,3.0,0.07017957419157028,world,settled,0.0633089542388916,1.0,0.08952458202838898,world,settled,0.0915110632777214,1.0,0.07441787421703339,world,settled,0.07160957902669907,1.0,0.19902466237545013,world,settled,0.20312876999378204,1.0,0.07017957419157028,world
soft_low,neither,90106,False,False,,1.0,0.0,,0.0,79,True,3.0,0.08581249415874481,world,settled,0.08088161796331406,1.0,0.08721835166215897,world,settled,0.08911219239234924,1.0,0.07983440160751343,world,settled,0.08515630662441254,1.0,0.19860030710697174,world,settled,0.19661322236061096,1.0,0.08581249415874481,world
soft_low,neither,90107,False,False,,1.0,0.0,,0.0,79,True,3.0,0.08375060558319092,world,settled,0.06597094237804413,1.0,0.0949893444776535,world,settled,0.09380820393562317,1.0,0.09241189062595367,world,settled,0.06959476321935654,1.0,0.19916823506355286,world,settled,0.19689005613327026,1.0,0.08375060558319092,world
soft_low,neither,90108,False,False,,1.0,0.0,,0.0,64,True,3.0,0.06130022928118706,world,settled,0.06930167973041534,1.0,0.09486271440982819,world,settled,0.09118185192346573,1.0,0.06273693591356277,world,settled,0.0743032917380333,1.0,0.20292720198631287,world,settled,0.19814154505729675,1.0,0.06130022928118706,world
soft_low,neither,90109,False,False,,1.0,0.0,,0.0,66,True,3.0,0.06402523815631866,world,settled,0.07266516983509064,1.0,0.09378015249967575,world,settled,0.07886691391468048,1.0,0.06691896170377731,world,settled,0.07139187306165695,1.0,0.19859451055526733,world,settled,0.20002827048301697,1.0,0.06402523815631866,world
soft_low,neither,90110,False,False,,1.0,0.0,,0.0,60,True,3.0,0.07330289483070374,world,settled,0.07008717954158783,1.0,0.08697313070297241,world,settled,0.08350221812725067,1.0,0.07913601398468018,world,settled,0.0773976668715477,1.0,0.19933712482452393,world,settled,0.197117418050766,1.0,0.07330289483070374,world
soft_low,neither,90111,False,False,,1.0,0.0,,0.0,76,True,3.0,0.08987412601709366,world,settled,0.06621338427066803,1.0,0.0925590842962265,world,settled,0.09273384511470795,1.0,0.0917876586318016,world,settled,0.06560300290584564,1.0,0.1976187527179718,world,settled,0.20017202198505402,1.0,0.08987412601709366,world
soft_low,neither,90112,False,False,,1.0,0.0,,0.0,69,True,3.0,0.061594218015670776,world,settled,0.06818586587905884,1.0,0.08517205715179443,world,settled,0.08838915824890137,1.0,0.07671521604061127,world,settled,0.06854858249425888,1.0,0.19876167178153992,world,settled,0.20123641192913055,1.0,0.061594218015670776,world
soft_low,neither,90113,False,False,,1.0,0.0,,0.0,60,True,3.0,0.060316599905490875,world,settled,0.07041291892528534,1.0,0.0870371013879776,world,settled,0.09320138394832611,1.0,0.06752672791481018,world,settled,0.06903398036956787,1.0,0.19866932928562164,world,settled,0.1981746256351471,1.0,0.060316599905490875,world
soft_low,neither,90114,False,False,,1.0,0.0,,0.0,65,True,3.0,0.06565902382135391,world,settled,0.0672910138964653,1.0,0.09203890711069107,world,settled,0.09428273886442184,1.0,0.06760840117931366,world,settled,0.07088062167167664,1.0,0.20301072299480438,world,settled,0.19994142651557922,1.0,0.06565902382135391,world
soft_low,neither,90115,False,False,,1.0,0.0,,0.0,77,True,3.0,0.06394898891448975,world,settled,0.07326693832874298,1.0,0.08170005679130554,world,settled,0.0874607115983963,1.0,0.07554735988378525,world,settled,0.08217255771160126,1.0,0.19771768152713776,world,settled,0.19530779123306274,1.0,0.06394898891448975,world
soft_low,neither,90116,False,False,,1.0,0.0,,0.0,75,True,3.0,0.07483413070440292,world,settled,0.06689862161874771,1.0,0.09427431970834732,world,settled,0.08968052268028259,1.0,0.07433757930994034,world,settled,0.07091834396123886,1.0,0.19619445502758026,world,settled,0.1979760378599167,1.0,0.07483413070440292,world
soft_low,neither,90117,False,False,,1.0,0.0,,0.0,79,True,3.0,0.0630677118897438,world,settled,0.06150972843170166,1.0,0.08807864040136337,world,settled,0.08915598690509796,1.0,0.06491898745298386,world,settled,0.06687519699335098,1.0,0.2008565217256546,world,settled,0.20014579594135284,1.0,0.0630677118897438,world
soft_low,neither,90118,False,False,,1.0,0.0,,0.0,68,True,3.0,0.06926698982715607,world,settled,0.06261298805475235,1.0,0.09072226285934448,world,settled,0.0911538153886795,1.0,0.07116927206516266,world,settled,0.06813820451498032,1.0,0.1989183872938156,world,settled,0.20207497477531433,1.0,0.06926698982715607,world
soft_low,neither,90119,False,False,,1.0,0.0,,0.0,69,True,3.0,0.06091233342885971,world,settled,0.06337594985961914,1.0,0.09390228986740112,world,settled,0.0906519815325737,1.0,0.06576288491487503,world,settled,0.06868748366832733,1.0,0.20275530219078064,world,settled,0.2001754343509674,1.0,0.06091233342885971,world
soft_low,body_only,90120,True,False,m,1.5891995503048728,0.0,,0.0,74,True,3.0,0.07125289738178253,world,settled,0.06402049213647842,1.0,0.08938055485486984,world,settled,0.08968792110681534,1.0,0.06844832003116608,world,settled,0.06296712160110474,1.0,0.1958228200674057,world,settled,0.1898573637008667,1.0,0.07125289738178253,world
soft_low,body_only,90121,True,False,l,1.4812383451425903,0.0,,0.0,60,True,3.0,0.059931229799985886,world,settled,0.06881697475910187,1.0,0.0895368680357933,world,settled,0.09715940803289413,1.0,0.06817550957202911,world,settled,0.0599406436085701,1.0,0.1990097314119339,world,settled,0.1949351727962494,1.0,0.059931229799985886,world
soft_low,body_only,90122,True,False,m,1.577333311441059,0.0,,0.0,60,True,3.0,0.06757715344429016,world,settled,0.06286264955997467,1.0,0.08435653150081635,world,settled,0.08824215084314346,1.0,0.06723561137914658,world,settled,0.06073663756251335,1.0,0.19249515235424042,world,settled,0.1905689537525177,1.0,0.06757715344429016,world
soft_low,body_only,90123,True,False,l,1.2659873041674827,0.0,,0.0,78,True,3.0,0.06284598261117935,world,settled,0.06259167939424515,1.0,0.09052769839763641,world,settled,0.09253549575805664,1.0,0.0674791932106018,world,settled,0.06319837272167206,1.0,0.19917789101600647,world,settled,0.1973264068365097,1.0,0.06284598261117935,world
soft_low,body_only,90124,True,False,m,1.4143549642821072,0.0,,0.0,79,True,3.0,0.05927175283432007,world,settled,0.06760093569755554,1.0,0.0897010937333107,world,settled,0.0916140228509903,1.0,0.0627051442861557,world,settled,0.06477021425962448,1.0,0.20001688599586487,world,settled,0.1953759640455246,1.0,0.05927175283432007,world
soft_low,body_only,90125,True,False,l,1.4086180240535773,0.0,,0.0,63,True,3.0,0.06389105319976807,world,settled,0.06034696847200394,1.0,0.08699049800634384,world,settled,0.09088362008333206,1.0,0.06438548862934113,world,settled,0.06271590292453766,1.0,0.19535842537879944,world,settled,0.19904816150665283,1.0,0.06389105319976807,world
soft_low,body_only,90126,True,False,m,1.6448408546174003,0.0,,0.0,68,True,3.0,0.06222974509000778,world,settled,0.06777739524841309,1.0,0.0913957878947258,world,settled,0.09257543087005615,1.0,0.058698881417512894,world,settled,0.06055188179016113,1.0,0.19309355318546295,world,settled,0.1946643888950348,1.0,0.06222974509000778,world
soft_low,body_only,90127,True,False,l,1.4986137896780058,0.0,,0.0,61,True,3.0,0.06596680730581284,world,settled,0.06514589488506317,1.0,0.08770729601383209,world,settled,0.09148798137903214,1.0,0.061118233948946,world,settled,0.06453847885131836,1.0,0.19123174250125885,world,settled,0.19671621918678284,1.0,0.06596680730581284,world
soft_low,body_only,90128,True,False,m,1.416558817025714,0.0,,0.0,64,True,3.0,0.06514348834753036,world,settled,0.06601519882678986,1.0,0.08770112693309784,world,settled,0.08807013928890228,1.0,0.07051767408847809,world,settled,0.06252332031726837,1.0,0.19883519411087036,world,settled,0.1948321908712387,1.0,0.06514348834753036,world
soft_low,body_only,90129,True,False,l,1.38378853736242,0.0,,0.0,68,True,3.0,0.06055375188589096,world,settled,0.05728644132614136,1.0,0.09445603936910629,world,settled,0.09408693015575409,1.0,0.05854896456003189,world,settled,0.06095960736274719,1.0,0.19801202416419983,world,settled,0.1986480951309204,1.0,0.06055375188589096,world
soft_low,body_only,90130,True,False,m,1.4756383192437175,0.0,,0.0,71,True,3.0,0.07007525861263275,world,settled,0.06242843344807625,1.0,0.0850188285112381,world,settled,0.09278610348701477,1.0,0.06469820439815521,world,settled,0.06196668744087219,1.0,0.19603052735328674,world,settled,0.19479945302009583,1.0,0.07007525861263275,world
soft_low,body_only,90131,True,False,l,1.3606013397692742,0.0,,0.0,80,True,3.0,0.0623999759554863,world,settled,0.06428892910480499,1.0,0.09192315489053726,world,settled,0.0977388322353363,1.0,0.05931119993329048,world,settled,0.06382106244564056,1.0,0.19398772716522217,world,settled,0.19816145300865173,1.0,0.0623999759554863,world
soft_low,body_only,90132,True,False,m,1.3052923183294922,0.0,,0.0,64,True,3.0,0.06208813190460205,world,settled,0.06435255706310272,1.0,0.09259169548749924,world,settled,0.09145902097225189,1.0,0.06107740476727486,world,settled,0.06626393646001816,1.0,0.19477704167366028,world,settled,0.19424960017204285,1.0,0.06208813190460205,world
soft_low,body_only,90133,True,False,l,1.3207448067237653,0.0,,0.0,67,True,3.0,0.06044478341937065,world,settled,0.06274233758449554,1.0,0.08882118761539459,world,settled,0.09503282606601715,1.0,0.062276966869831085,world,settled,0.06406308710575104,1.0,0.19923123717308044,world,settled,0.1950913965702057,1.0,0.06044478341937065,world
soft_low,body_only,90134,True,False,m,1.4561368550822151,0.0,,0.0,64,True,3.0,0.06651279330253601,world,settled,0.06678859144449234,1.0,0.0858316645026207,world,settled,0.09247680008411407,1.0,0.061142586171627045,world,settled,0.06692378222942352,1.0,0.19223925471305847,world,settled,0.19469386339187622,1.0,0.06651279330253601,world
soft_low,body_only,90135,True,False,l,1.4036352699808552,0.0,,0.0,79,True,3.0,0.06200595945119858,world,settled,0.06210463494062424,1.0,0.09336469322443008,world,settled,0.09103520214557648,1.0,0.0627332255244255,world,settled,0.05959974601864815,1.0,0.19953961670398712,world,settled,0.19563505053520203,1.0,0.06200595945119858,world
soft_low,body_only,90136,True,False,m,1.3752498406372067,0.0,,0.0,68,True,3.0,0.06438787281513214,world,settled,0.0658205896615982,1.0,0.08755545318126678,world,settled,0.08638928085565567,1.0,0.06517456471920013,world,settled,0.062050871551036835,1.0,0.19472496211528778,world,settled,0.19188494980335236,1.0,0.06438787281513214,world
soft_low,body_only,90137,True,False,l,1.3180944856558197,0.0,,0.0,66,True,3.0,0.06021994352340698,world,settled,0.05930231139063835,1.0,0.09488987922668457,world,settled,0.09096468985080719,1.0,0.05597131326794624,world,settled,0.06437535583972931,1.0,0.19498370587825775,world,settled,0.1990310102701187,1.0,0.06021994352340698,world
soft_low,body_only,90138,True,False,m,1.3737292058898571,0.0,,0.0,76,True,3.0,0.07181690633296967,world,settled,0.06125311926007271,1.0,0.08718413859605789,world,settled,0.09177470952272415,1.0,0.06802841275930405,world,settled,0.066647008061409,1.0,0.1967357099056244,world,settled,0.19786852598190308,1.0,0.07181690633296967,world
soft_low,body_only,90139,True,False,l,1.2231365368057392,0.0,,0.0,78,True,3.0,0.06498811393976212,world,settled,0.061072684824466705,1.0,0.08932401239871979,world,settled,0.08992871642112732,1.0,0.07699079811573029,world,settled,0.06477990001440048,1.0,0.20333580672740936,world,settled,0.19879956543445587,1.0,0.06498811393976212,world
soft_low,body_only,90140,True,False,m,1.5903123576273737,0.0,,0.0,77,True,3.0,0.06396220624446869,world,settled,0.06625957041978836,1.0,0.09370166063308716,world,settled,0.0874701738357544,1.0,0.06574101746082306,world,settled,0.06749226152896881,1.0,0.19346590340137482,world,settled,0.1918901652097702,1.0,0.06396220624446869,world
soft_low,body_only,90141,True,False,l,1.3983126255738383,0.0,,0.0,68,True,3.0,0.06522421538829803,world,settled,0.061055220663547516,1.0,0.08776712417602539,world,settled,0.09129669517278671,1.0,0.05832405015826225,world,settled,0.0630919560790062,1.0,0.19389687478542328,world,settled,0.19471940398216248,1.0,0.06522421538829803,world
soft_low,body_only,90142,True,False,m,1.5588960124158446,0.0,,0.0,77,True,3.0,0.060912154614925385,world,settled,0.06814919412136078,1.0,0.09098388999700546,world,settled,0.09065192937850952,1.0,0.056565143167972565,world,settled,0.06188211590051651,1.0,0.1958511471748352,world,settled,0.19385148584842682,1.0,0.060912154614925385,world
soft_low,body_only,90143,True,False,l,1.3381767659159343,0.0,,0.0,76,True,3.0,0.063509002327919,world,settled,0.06406131386756897,1.0,0.0876471996307373,world,settled,0.08953709900379181,1.0,0.06537896394729614,world,settled,0.0627831369638443,1.0,0.1953740119934082,world,settled,0.19733168184757233,1.0,0.063509002327919,world
soft_low,body_only,90144,True,False,m,1.4340779419258376,0.0,,0.0,78,True,3.0,0.06561543047428131,world,settled,0.06161722540855408,1.0,0.08938194811344147,world,settled,0.08777762204408646,1.0,0.06552872806787491,world,settled,0.06510446220636368,1.0,0.19634181261062622,world,settled,0.19694675505161285,1.0,0.06561543047428131,world
soft_low,body_only,90145,True,False,l,1.3732457116762027,0.0,,0.0,79,True,3.0,0.06462734937667847,world,settled,0.0628284364938736,1.0,0.09152747690677643,world,settled,0.09335111081600189,1.0,0.06195991113781929,world,settled,0.06277759373188019,1.0,0.19567462801933289,world,settled,0.19748294353485107,1.0,0.06462734937667847,world
soft_low,body_only,90146,True,False,m,1.4659264726975494,0.0,,0.0,73,True,3.0,0.06819870322942734,world,settled,0.06626475602388382,1.0,0.08705955743789673,world,settled,0.08907029032707214,1.0,0.07407192885875702,world,settled,0.06335422396659851,1.0,0.19813024997711182,world,settled,0.19624574482440948,1.0,0.06819870322942734,world
soft_low,body_only,90147,True,False,l,1.3697174281168265,0.0,,0.0,61,True,3.0,0.06429654359817505,world,settled,0.06783764064311981,1.0,0.08769650757312775,world,settled,0.09442052990198135,1.0,0.06573373824357986,world,settled,0.06184446066617966,1.0,0.19803984463214874,world,settled,0.1953890174627304,1.0,0.06429654359817505,world
soft_low,body_only,90148,True,False,m,1.3038571531689942,0.0,,0.0,77,True,3.0,0.062188826501369476,world,settled,0.06206604838371277,1.0,0.08794979751110077,world,settled,0.08724106848239899,1.0,0.06858518719673157,world,settled,0.06481552124023438,1.0,0.19945840537548065,world,settled,0.19782646000385284,1.0,0.062188826501369476,world
soft_low,body_only,90149,True,False,l,1.2823864181574816,0.0,,0.0,69,True,3.0,0.06285042315721512,world,settled,0.06676296889781952,1.0,0.08729098737239838,world,settled,0.094103142619133,1.0,0.06548933684825897,world,settled,0.0655636265873909,1.0,0.19958019256591797,world,settled,0.19990213215351105,1.0,0.06285042315721512,world
soft_low,body_only,90150,True,False,m,1.371260065573264,0.0,,0.0,77,True,3.0,0.06691519170999527,world,settled,0.06303255259990692,1.0,0.08841164410114288,world,settled,0.0843256264925003,1.0,0.062187183648347855,world,settled,0.06347920000553131,1.0,0.19385717809200287,world,settled,0.197078138589859,1.0,0.06691519170999527,world
soft_low,body_only,90151,True,False,l,1.2751118713228489,0.0,,0.0,67,True,3.0,0.06750617921352386,world,settled,0.06483322381973267,1.0,0.09269601851701736,world,settled,0.09031284600496292,1.0,0.06322900205850601,world,settled,0.06306848675012589,1.0,0.1952037513256073,world,settled,0.19857452809810638,1.0,0.06750617921352386,world
soft_low,body_only,90152,True,False,m,1.3717293620024857,0.0,,0.0,77,True,3.0,0.05935174226760864,world,settled,0.06621410697698593,1.0,0.09008409082889557,world,settled,0.09158119559288025,1.0,0.05778683349490166,world,settled,0.06023631617426872,1.0,0.19441191852092743,world,settled,0.19390639662742615,1.0,0.05935174226760864,world
soft_low,body_only,90153,True,False,l,1.3777582765834164,0.0,,0.0,63,True,3.0,0.0630747452378273,world,settled,0.06557296216487885,1.0,0.08987011015415192,world,settled,0.08520855009555817,1.0,0.0725913792848587,world,settled,0.06265182048082352,1.0,0.2053452432155609,world,settled,0.1955719143152237,1.0,0.0630747452378273,world
soft_low,body_only,90154,True,False,m,1.3240528558094946,0.0,,0.0,61,True,3.0,0.06396842002868652,world,settled,0.06728987395763397,1.0,0.08364735543727875,world,settled,0.09117396175861359,1.0,0.063481405377388,world,settled,0.06700865179300308,1.0,0.19660811126232147,world,settled,0.1983480155467987,1.0,0.06396842002868652,world
soft_low,body_only,90155,True,False,l,1.2616156540457863,0.0,,0.0,75,True,3.0,0.06395323574542999,world,settled,0.06107662245631218,1.0,0.08757072687149048,world,settled,0.08909720182418823,1.0,0.06500184535980225,world,settled,0.06396050751209259,1.0,0.19797161221504211,world,settled,0.19903361797332764,1.0,0.06395323574542999,world
soft_low,body_only,90156,True,False,m,1.53054519222226,0.0,,0.0,80,True,3.0,0.06664536148309708,world,settled,0.06323453783988953,1.0,0.08392392098903656,world,settled,0.09049014002084732,1.0,0.06456273794174194,world,settled,0.06253302842378616,1.0,0.19112195074558258,world,settled,0.194848895072937,1.0,0.06664536148309708,world
soft_low,body_only,90157,True,False,l,1.488929027680533,0.0,,0.0,67,True,3.0,0.06530903279781342,world,settled,0.06402678787708282,1.0,0.08567794412374496,world,settled,0.09149079024791718,1.0,0.06717108190059662,world,settled,0.06365274637937546,1.0,0.19404086470603943,world,settled,0.19472478330135345,1.0,0.06530903279781342,world
soft_low,body_only,90158,True,False,m,1.4010988441285952,0.0,,0.0,76,True,3.0,0.06925864517688751,world,settled,0.0568329282104969,1.0,0.083338163793087,world,settled,0.0910557210445404,1.0,0.06705516576766968,world,settled,0.06056471914052963,1.0,0.19399447739124298,world,settled,0.19845464825630188,1.0,0.06925864517688751,world
soft_low,body_only,90159,True,False,l,1.3983826888544335,0.0,,0.0,76,True,3.0,0.06073387339711189,world,settled,0.06365527957677841,1.0,0.09237748384475708,world,settled,0.09539218991994858,1.0,0.06529358774423599,world,settled,0.06376788765192032,1.0,0.20135731995105743,world,settled,0.19630689918994904,1.0,0.06073387339711189,world
soft_low,body_only,90160,True,False,m,1.6346395142175347,0.0,,0.0,78,True,3.0,0.0697266012430191,world,settled,0.06546791642904282,1.0,0.08755608648061752,world,settled,0.09092039614915848,1.0,0.05799221992492676,world,settled,0.05996159836649895,1.0,0.18836204707622528,world,settled,0.19348925352096558,1.0,0.0697266012430191,world
soft_low,body_only,90161,True,False,l,1.4627355647267428,0.0,,0.0,75,True,3.0,0.06404378265142441,world,settled,0.060461632907390594,1.0,0.09086093306541443,world,settled,0.09240256249904633,1.0,0.06297829002141953,world,settled,0.0640174150466919,1.0,0.1930888444185257,world,settled,0.19650019705295563,1.0,0.06404378265142441,world
soft_low,body_only,90162,True,False,m,1.3110427449584228,0.0,,0.0,70,True,3.0,0.06458479166030884,world,settled,0.06274916231632233,1.0,0.08853460103273392,world,settled,0.08627115190029144,1.0,0.0622980073094368,world,settled,0.060966335237026215,1.0,0.19255618751049042,world,settled,0.19622482359409332,1.0,0.06458479166030884,world
soft_low,body_only,90163,True,False,l,1.4308898612160117,0.0,,0.0,78,True,3.0,0.06446347385644913,world,settled,0.06818953901529312,1.0,0.09484623372554779,world,settled,0.09537148475646973,1.0,0.06016119569540024,world,settled,0.06710594892501831,1.0,0.19569604098796844,world,settled,0.19373854994773865,1.0,0.06446347385644913,world
soft_low,body_only,90164,True,False,m,1.439856144676443,0.0,,0.0,68,True,3.0,0.06156393140554428,world,settled,0.06176700443029404,1.0,0.08897198736667633,world,settled,0.08546330034732819,1.0,0.0653981864452362,world,settled,0.062183868139982224,1.0,0.19482240080833435,world,settled,0.19531339406967163,1.0,0.06156393140554428,world
soft_low,body_only,90165,True,False,l,1.2997648895781109,0.0,,0.0,62,True,3.0,0.06204024702310562,world,settled,0.06185976415872574,1.0,0.08911025524139404,world,settled,0.08968113362789154,1.0,0.07056572288274765,world,settled,0.06555679440498352,1.0,0.20298734307289124,world,settled,0.19770969450473785,1.0,0.06204024702310562,world
soft_low,body_only,90166,True,False,m,1.679679815459025,0.0,,0.0,64,True,3.0,0.06130331754684448,world,settled,0.07056918740272522,1.0,0.08727620542049408,world,settled,0.08874178677797318,1.0,0.06098749488592148,world,settled,0.0614127442240715,1.0,0.19339272379875183,world,settled,0.18938863277435303,1.0,0.06130331754684448,world
soft_low,body_only,90167,True,False,l,1.3590101711106688,0.0,,0.0,72,True,3.0,0.06027831882238388,world,settled,0.06344141811132431,1.0,0.09438548237085342,world,settled,0.09325314313173294,1.0,0.06213917210698128,world,settled,0.06264971196651459,1.0,0.1973879635334015,world,settled,0.19748464226722717,1.0,0.06027831882238388,world
soft_low,body_only,90168,True,False,m,1.6457533914678304,0.0,,0.0,77,True,3.0,0.06843410432338715,world,settled,0.06922857463359833,1.0,0.09178180247545242,world,settled,0.08874139934778214,1.0,0.060655832290649414,world,settled,0.05999687314033508,1.0,0.1890036165714264,world,settled,0.19194737076759338,1.0,0.06843410432338715,world
soft_low,body_only,90169,True,False,l,1.372684860076075,0.0,,0.0,63,True,3.0,0.06245964765548706,world,settled,0.06656788289546967,1.0,0.0874076634645462,world,settled,0.09349009394645691,1.0,0.06430141627788544,world,settled,0.06470267474651337,1.0,0.19753383100032806,world,settled,0.1984008252620697,1.0,0.06245964765548706,world
soft_low,body_only,90170,True,False,m,1.5110806219967274,0.0,,0.0,77,True,3.0,0.06483148038387299,world,settled,0.06185992807149887,1.0,0.08781971037387848,world,settled,0.09181483834981918,1.0,0.0637158751487732,world,settled,0.0651722252368927,1.0,0.1958373337984085,world,settled,0.19424530863761902,1.0,0.06483148038387299,world
soft_low,body_only,90171,True,False,l,1.3393346079674444,0.0,,0.0,80,True,3.0,0.05605725198984146,world,settled,0.0634642243385315,1.0,0.09058026969432831,world,settled,0.09122774004936218,1.0,0.06275931000709534,world,settled,0.06092613935470581,1.0,0.20003628730773926,world,settled,0.19700543582439423,1.0,0.05605725198984146,world
soft_low,body_only,90172,True,False,m,1.5992541406103382,0.0,,0.0,69,True,3.0,0.06480688601732254,world,settled,0.061889953911304474,1.0,0.09125260263681412,world,settled,0.08971758186817169,1.0,0.0613214373588562,world,settled,0.06333906203508377,1.0,0.19416706264019012,world,settled,0.18813130259513855,1.0,0.06480688601732254,world
soft_low,body_only,90173,True,False,l,1.2909310796297793,0.0,,0.0,74,True,3.0,0.06037522479891777,world,settled,0.06138981506228447,1.0,0.08486096560955048,world,settled,0.0927792638540268,1.0,0.06330093741416931,world,settled,0.06151549890637398,1.0,0.1980360746383667,world,settled,0.19678594172000885,1.0,0.06037522479891777,world
soft_low,body_only,90174,True,False,m,1.4992846063269814,0.0,,0.0,60,True,3.0,0.06056956201791763,world,settled,0.06322160363197327,1.0,0.08987805247306824,world,settled,0.08652271330356598,1.0,0.06352777034044266,world,settled,0.0648784190416336,1.0,0.19589240849018097,world,settled,0.19503630697727203,1.0,0.06056956201791763,world
soft_low,body_only,90175,True,False,l,1.375063495490151,0.0,,0.0,67,True,3.0,0.06622393429279327,world,settled,0.06778495013713837,1.0,0.08780090510845184,world,settled,0.09395883232355118,1.0,0.062323711812496185,world,settled,0.06497564166784286,1.0,0.19055788218975067,world,settled,0.1946409046649933,1.0,0.06622393429279327,world
soft_low,body_only,90176,True,False,m,1.3570155774731387,0.0,,0.0,71,True,3.0,0.06632176786661148,world,settled,0.06284075975418091,1.0,0.09669966250658035,world,settled,0.09307636320590973,1.0,0.06510133296251297,world,settled,0.06332582235336304,1.0,0.19857558608055115,world,settled,0.19612987339496613,1.0,0.06632176786661148,world
soft_low,body_only,90177,True,False,l,1.2641200458110455,0.0,,0.0,62,True,3.0,0.06290014833211899,world,settled,0.06133212894201279,1.0,0.09427611529827118,world,settled,0.09159167110919952,1.0,0.06367919594049454,world,settled,0.06465207785367966,1.0,0.19692376255989075,world,settled,0.20026350021362305,1.0,0.06290014833211899,world
soft_low,body_only,90178,True,False,m,1.5240608064758356,0.0,,0.0,68,True,3.0,0.07002413272857666,world,settled,0.0673460140824318,1.0,0.08680631965398788,world,settled,0.09110657870769501,1.0,0.06355267018079758,world,settled,0.061883069574832916,1.0,0.18922992050647736,world,settled,0.19160738587379456,1.0,0.07002413272857666,world
soft_low,body_only,90179,True,False,l,1.4207768660969622,0.0,,0.0,63,True,3.0,0.06523772329092026,world,settled,0.061999641358852386,1.0,0.09645096212625504,world,settled,0.09198556840419769,1.0,0.05893213674426079,world,settled,0.062379490584135056,1.0,0.19562451541423798,world,settled,0.1964898705482483,1.0,0.06523772329092026,world
soft_low,body_only,90180,True,False,m,1.6834084531201725,0.0,,0.0,70,True,3.0,0.06947672367095947,world,settled,0.06677352637052536,1.0,0.08203992992639542,world,settled,0.09158121794462204,1.0,0.059374116361141205,world,settled,0.05922657996416092,1.0,0.18727202713489532,world,settled,0.1923205554485321,1.0,0.06947672367095947,world
soft_low,body_only,90181,True,False,l,1.3164236438723707,0.0,,0.0,75,True,3.0,0.06086122244596481,world,settled,0.06642179191112518,1.0,0.09099944680929184,world,settled,0.09155522286891937,1.0,0.06134525686502457,world,settled,0.0633523017168045,1.0,0.19708767533302307,world,settled,0.20046944916248322,1.0,0.06086122244596481,world
soft_low,body_only,90182,True,False,m,1.3450601064988406,0.0,,0.0,60,True,3.0,0.07114775478839874,world,settled,0.06255469471216202,1.0,0.08776853233575821,world,settled,0.08963640034198761,1.0,0.06739989668130875,world,settled,0.06366249918937683,1.0,0.19203169643878937,world,settled,0.20037241280078888,1.0,0.07114775478839874,world
soft_low,body_only,90183,True,False,l,1.3429357517410216,0.0,,0.0,67,True,3.0,0.06255258619785309,world,settled,0.06993483006954193,1.0,0.08901102840900421,world,settled,0.09727492183446884,1.0,0.0683593824505806,world,settled,0.06252740323543549,1.0,0.19874481856822968,world,settled,0.19613072276115417,1.0,0.06255258619785309,world
soft_low,body_only,90184,True,False,m,1.6568892806087865,0.0,,0.0,73,True,3.0,0.07228604704141617,world,settled,0.06673060357570648,1.0,0.08774818480014801,world,settled,0.09090472012758255,1.0,0.060245491564273834,world,settled,0.0617561936378479,1.0,0.18981674313545227,world,settled,0.19293184578418732,1.0,0.07228604704141617,world
soft_low,body_only,90185,True,False,l,1.43334245437914,0.0,,0.0,67,True,3.0,0.06072031334042549,world,settled,0.06627388298511505,1.0,0.08329364657402039,world,settled,0.09284894168376923,1.0,0.06944255530834198,world,settled,0.062297381460666656,1.0,0.2003338783979416,world,settled,0.19520975649356842,1.0,0.06072031334042549,world
soft_low,body_only,90186,True,False,m,1.6331529059433587,0.0,,0.0,70,True,3.0,0.061163824051618576,world,settled,0.06460516154766083,1.0,0.0914822444319725,world,settled,0.08543039113283157,1.0,0.05986408144235611,world,settled,0.06086484715342522,1.0,0.19051945209503174,world,settled,0.1870168149471283,1.0,0.061163824051618576,world
soft_low,body_only,90187,True,False,l,1.3141636302230804,0.0,,0.0,65,True,3.0,0.06583622843027115,world,settled,0.06409169733524323,1.0,0.09205998480319977,world,settled,0.095521941781044,1.0,0.061136770993471146,world,settled,0.062214452773332596,1.0,0.19608360528945923,world,settled,0.19564254581928253,1.0,0.06583622843027115,world
soft_low,body_only,90188,True,False,m,1.68271261290117,0.0,,0.0,72,True,3.0,0.06751705706119537,world,settled,0.0616484172642231,1.0,0.09327827394008636,world,settled,0.08638496696949005,1.0,0.06247543543577194,world,settled,0.061466701328754425,1.0,0.19069239497184753,world,settled,0.19055764377117157,1.0,0.06751705706119537,world
soft_low,body_only,90189,True,False,l,1.2673551846296478,0.0,,0.0,69,True,3.0,0.06856437027454376,world,settled,0.06490151584148407,1.0,0.09314554184675217,world,settled,0.08172790706157684,1.0,0.06170511245727539,world,settled,0.07443840801715851,1.0,0.1966712921857834,world,settled,0.201913520693779,1.0,0.06856437027454376,world
soft_low,body_only,90190,True,False,m,1.4616304439624153,0.0,,0.0,61,True,3.0,0.062121499329805374,world,settled,0.06366855651140213,1.0,0.08788970857858658,world,settled,0.09136679023504257,1.0,0.061085592955350876,world,settled,0.06528171896934509,1.0,0.19735021889209747,world,settled,0.19884642958641052,1.0,0.062121499329805374,world
soft_low,body_only,90191,True,False,l,1.3598610545526153,0.0,,0.0,75,True,3.0,0.05944628268480301,world,settled,0.06668408960103989,1.0,0.09061767905950546,world,settled,0.09171973168849945,1.0,0.06867001205682755,world,settled,0.06880702078342438,1.0,0.20134186744689941,world,settled,0.1974535882472992,1.0,0.05944628268480301,world
soft_low,body_only,90192,True,False,m,1.6394540644586693,0.0,,0.0,73,True,3.0,0.062253694981336594,world,settled,0.06571760773658752,1.0,0.08790068328380585,world,settled,0.08592690527439117,1.0,0.05785084888339043,world,settled,0.06116914749145508,1.0,0.1912490278482437,world,settled,0.18975865840911865,1.0,0.062253694981336594,world
soft_low,body_only,90193,True,False,l,1.2806965176607972,0.0,,0.0,79,True,3.0,0.06556464731693268,world,settled,0.06414768844842911,1.0,0.08831088244915009,world,settled,0.09037516266107559,1.0,0.07150169461965561,world,settled,0.06262850761413574,1.0,0.20168086886405945,world,settled,0.19291827082633972,1.0,0.06556464731693268,world
soft_low,body_only,90194,True,False,m,1.3882151295384004,0.0,,0.0,72,True,3.0,0.06594093143939972,world,settled,0.06005331128835678,1.0,0.08707313239574432,world,settled,0.0939008966088295,1.0,0.06734015047550201,world,settled,0.06298646330833435,1.0,0.1960729956626892,world,settled,0.1961185336112976,1.0,0.06594093143939972,world
soft_low,body_only,90195,True,False,l,1.4070168029723402,0.0,,0.0,68,True,3.0,0.06729719787836075,world,settled,0.06090102344751358,1.0,0.097593292593956,world,settled,0.09087765961885452,1.0,0.06618855893611908,world,settled,0.06362675875425339,1.0,0.19527395069599152,world,settled,0.19567903876304626,1.0,0.06729719787836075,world
soft_low,body_only,90196,True,False,m,1.4747105385822876,0.0,,0.0,78,True,3.0,0.06625137478113174,world,settled,0.06382865458726883,1.0,0.09419606626033783,world,settled,0.09409603476524353,1.0,0.06255272030830383,world,settled,0.06128613278269768,1.0,0.19529858231544495,world,settled,0.1948927640914917,1.0,0.06625137478113174,world
soft_low,body_only,90197,True,False,l,1.3111555143573217,0.0,,0.0,62,True,3.0,0.0641031414270401,world,settled,0.05751148611307144,1.0,0.09499404579401016,world,settled,0.09115616977214813,1.0,0.057995837181806564,world,settled,0.06048300117254257,1.0,0.1953151375055313,world,settled,0.19968128204345703,1.0,0.0641031414270401,world
soft_low,body_only,90198,True,False,m,1.379640047296776,0.0,,0.0,79,True,3.0,0.06614718586206436,world,settled,0.06434232741594315,1.0,0.08094421774148941,world,settled,0.0837656706571579,1.0,0.07311804592609406,world,settled,0.06325716525316238,1.0,0.1987261325120926,world,settled,0.1960621476173401,1.0,0.06614718586206436,world
soft_low,body_only,90199,True,False,l,1.4868269255907973,0.0,,0.0,73,True,3.0,0.060236863791942596,world,settled,0.06751084327697754,1.0,0.08949345350265503,world,settled,0.09302009642124176,1.0,0.0636902004480362,world,settled,0.06468632817268372,1.0,0.1933104246854782,world,settled,0.19509193301200867,1.0,0.060236863791942596,world
soft_low,body_only,90200,True,False,m,1.568789452616487,0.0,,0.0,75,True,3.0,0.06966620683670044,world,settled,0.06202011555433273,1.0,0.0899672731757164,world,settled,0.08585581928491592,1.0,0.05892639607191086,world,settled,0.06361164152622223,1.0,0.18909852206707,world,settled,0.18915213644504547,1.0,0.06966620683670044,world
soft_low,body_only,90201,True,False,l,1.237480856854104,0.0,,0.0,74,True,3.0,0.0646209791302681,world,settled,0.06417985260486603,1.0,0.09048859775066376,world,settled,0.08981947600841522,1.0,0.061093032360076904,world,settled,0.06315775960683823,1.0,0.19564799964427948,world,settled,0.19513311982154846,1.0,0.0646209791302681,world
soft_low,body_only,90202,True,False,m,1.589816924085751,0.0,,0.0,69,True,3.0,0.0677454024553299,world,settled,0.06954191625118256,1.0,0.08965688943862915,world,settled,0.09081418812274933,1.0,0.06220823526382446,world,settled,0.05957105755805969,1.0,0.19051721692085266,world,settled,0.18848495185375214,1.0,0.0677454024553299,world
soft_low,body_only,90203,True,False,l,1.2163108575505985,0.0,,0.0,68,True,3.0,0.06435157358646393,world,settled,0.06665701419115067,1.0,0.09300585836172104,world,settled,0.09011321514844894,1.0,0.06263290345668793,world,settled,0.06498835980892181,1.0,0.1971561461687088,world,settled,0.1994781196117401,1.0,0.06435157358646393,world
soft_low,body_only,90204,True,False,m,1.577624770964431,0.0,,0.0,61,True,3.0,0.06014074757695198,world,settled,0.06782164424657822,1.0,0.08837834000587463,world,settled,0.09066696465015411,1.0,0.06038660556077957,world,settled,0.06770903617143631,1.0,0.19615450501441956,world,settled,0.19406992197036743,1.0,0.06014074757695198,world
soft_low,body_only,90205,True,False,l,1.3675497082151145,0.0,,0.0,65,True,3.0,0.061856936663389206,world,settled,0.06438378989696503,1.0,0.092647023499012,world,settled,0.09506073594093323,1.0,0.06234787032008171,world,settled,0.06151224300265312,1.0,0.19813933968544006,world,settled,0.19514921307563782,1.0,0.061856936663389206,world
soft_low,body_only,90206,True,False,m,1.5176465510618466,0.0,,0.0,74,True,3.0,0.06646327674388885,world,settled,0.06658744812011719,1.0,0.08804167807102203,world,settled,0.08839015662670135,1.0,0.05975902080535889,world,settled,0.05795784667134285,1.0,0.1898876577615738,world,settled,0.19032105803489685,1.0,0.06646327674388885,world
soft_low,body_only,90207,True,False,l,1.2488637580931352,0.0,,0.0,80,True,3.0,0.06235850602388382,world,settled,0.0635206550359726,1.0,0.08913858234882355,world,settled,0.09077321738004684,1.0,0.06596677005290985,world,settled,0.06451280415058136,1.0,0.19673340022563934,world,settled,0.1943364292383194,1.0,0.06235850602388382,world
soft_low,body_only,90208,True,False,m,1.4834364114696996,0.0,,0.0,66,True,3.0,0.06509468704462051,world,settled,0.06630236655473709,1.0,0.08783382177352905,world,settled,0.09003132581710815,1.0,0.061739008873701096,world,settled,0.0619223415851593,1.0,0.1917414665222168,world,settled,0.19068334996700287,1.0,0.06509468704462051,world
soft_low,body_only,90209,True,False,l,1.263629522578016,0.0,,0.0,60,True,3.0,0.06256284564733505,world,settled,0.06755204498767853,1.0,0.0900958925485611,world,settled,0.09038958698511124,1.0,0.06301543861627579,world,settled,0.06456811726093292,1.0,0.1973777711391449,world,settled,0.19792117178440094,1.0,0.06256284564733505,world
soft_low,body_only,90210,True,False,m,1.3346147837212192,0.0,,0.0,73,True,3.0,0.06601609289646149,world,settled,0.06808526813983917,1.0,0.09061408042907715,world,settled,0.0899798721075058,1.0,0.0629214197397232,world,settled,0.06314095854759216,1.0,0.19828662276268005,world,settled,0.1967305839061737,1.0,0.06601609289646149,world
soft_low,body_only,90211,True,False,l,1.30656153459059,0.0,,0.0,71,True,3.0,0.06534938514232635,world,settled,0.0625629723072052,1.0,0.09639039635658264,world,settled,0.08891643583774567,1.0,0.06676821410655975,world,settled,0.061390288174152374,1.0,0.1995842158794403,world,settled,0.19473715126514435,1.0,0.06534938514232635,world
soft_low,body_only,90212,True,False,m,1.6930851814175538,0.0,,0.0,60,True,3.0,0.06198490783572197,world,settled,0.07207043468952179,1.0,0.08683312684297562,world,settled,0.08762790262699127,1.0,0.05748401954770088,world,settled,0.06269913911819458,1.0,0.18865589797496796,world,settled,0.19020405411720276,1.0,0.06198490783572197,world
soft_low,body_only,90213,True,False,l,1.3559979569855254,0.0,,0.0,66,True,3.0,0.06134234741330147,world,settled,0.06219276785850525,1.0,0.09618594497442245,world,settled,0.09128396213054657,1.0,0.06241942197084427,world,settled,0.06393217295408249,1.0,0.20005059242248535,world,settled,0.19740208983421326,1.0,0.06134234741330147,world
soft_low,body_only,90214,True,False,m,1.3935857870234445,0.0,,0.0,60,True,3.0,0.06610491126775742,world,settled,0.06267927587032318,1.0,0.08544664829969406,world,settled,0.08935825526714325,1.0,0.07088358700275421,world,settled,0.06589516252279282,1.0,0.1980949342250824,world,settled,0.19584158062934875,1.0,0.06610491126775742,world
soft_low,body_only,90215,True,False,l,1.3131198647094737,0.0,,0.0,80,True,3.0,0.06421103328466415,world,settled,0.059606511145830154,1.0,0.0895303338766098,world,settled,0.09367825835943222,1.0,0.06585381925106049,world,settled,0.0602235421538353,1.0,0.19453349709510803,world,settled,0.19775977730751038,1.0,0.06421103328466415,world
soft_low,body_only,90216,True,False,m,1.681261135717984,0.0,,0.0,66,True,3.0,0.06940821558237076,world,settled,0.06811933219432831,1.0,0.08949710428714752,world,settled,0.0890040397644043,1.0,0.06159202381968498,world,settled,0.06421007961034775,1.0,0.18955029547214508,world,settled,0.19165535271167755,1.0,0.06940821558237076,world
soft_low,body_only,90217,True,False,l,1.413471960665546,0.0,,0.0,75,True,3.0,0.06388857215642929,world,settled,0.06327104568481445,1.0,0.08936019986867905,world,settled,0.08865933120250702,1.0,0.06570921838283539,world,settled,0.05780111625790596,1.0,0.19639155268669128,world,settled,0.19427482783794403,1.0,0.06388857215642929,world
soft_low,body_only,90218,True,False,m,1.584896311018346,0.0,,0.0,74,True,3.0,0.06280171126127243,world,settled,0.0640973150730133,1.0,0.09305737912654877,world,settled,0.08490283787250519,1.0,0.06625212728977203,world,settled,0.06675867736339569,1.0,0.19617748260498047,world,settled,0.19003814458847046,1.0,0.06280171126127243,world
soft_low,body_only,90219,True,False,l,1.3119810143159762,0.0,,0.0,70,True,3.0,0.06644855439662933,world,settled,0.06388384848833084,1.0,0.08963396400213242,world,settled,0.08880303055047989,1.0,0.06246865540742874,world,settled,0.06008154898881912,1.0,0.19549039006233215,world,settled,0.1972462385892868,1.0,0.06644855439662933,world
soft_low,body_only,90220,True,False,m,1.300500753923412,0.0,,0.0,65,True,3.0,0.07010678946971893,world,settled,0.06637437641620636,1.0,0.09056540578603745,world,settled,0.08885039389133453,1.0,0.06790389120578766,world,settled,0.06659141182899475,1.0,0.19402964413166046,world,settled,0.1975068747997284,1.0,0.07010678946971893,world
soft_low,body_only,90221,True,False,l,1.325946290087466,0.0,,0.0,69,True,3.0,0.06489195674657822,world,settled,0.06087958812713623,1.0,0.08898676931858063,world,settled,0.08606071025133133,1.0,0.0701713040471077,world,settled,0.06196906417608261,1.0,0.2004891335964203,world,settled,0.19600531458854675,1.0,0.06489195674657822,world
soft_low,body_only,90222,True,False,m,1.3799548422979533,0.0,,0.0,63,True,3.0,0.0662216767668724,world,settled,0.06473365426063538,1.0,0.09369610249996185,world,settled,0.08739214390516281,1.0,0.062079112976789474,world,settled,0.06502392143011093,1.0,0.19755074381828308,world,settled,0.1949753761291504,1.0,0.0662216767668724,world
soft_low,body_only,90223,True,False,l,1.2088747342560058,0.0,,0.0,66,True,3.0,0.06316416710615158,world,settled,0.0649956688284874,1.0,0.09799917787313461,world,settled,0.09583022445440292,1.0,0.06046700477600098,world,settled,0.06806518137454987,1.0,0.19549307227134705,world,settled,0.19885030388832092,1.0,0.06316416710615158,world
soft_low,body_only,90224,True,False,m,1.3689372681649405,0.0,,0.0,67,True,3.0,0.06876187026500702,world,settled,0.06763054430484772,1.0,0.08898446708917618,world,settled,0.09256581217050552,1.0,0.06426585465669632,world,settled,0.0614074170589447,1.0,0.19641584157943726,world,settled,0.19441191852092743,1.0,0.06876187026500702,world
soft_low,body_only,90225,True,False,l,1.4190999555086545,0.0,,0.0,76,True,3.0,0.06562872231006622,world,settled,0.0661725252866745,1.0,0.09189233928918839,world,settled,0.09570197761058807,1.0,0.057395972311496735,world,settled,0.06018189340829849,1.0,0.19524958729743958,world,settled,0.19365903735160828,1.0,0.06562872231006622,world
soft_low,body_only,90226,True,False,m,1.3666051873938825,0.0,,0.0,68,True,3.0,0.06250710785388947,world,settled,0.06640829890966415,1.0,0.08754952996969223,world,settled,0.08648839592933655,1.0,0.06389445811510086,world,settled,0.06459267437458038,1.0,0.19637900590896606,world,settled,0.1955995261669159,1.0,0.06250710785388947,world
soft_low,body_only,90227,True,False,l,1.2089853713110907,0.0,,0.0,76,True,3.0,0.06386373937129974,world,settled,0.06277749687433243,1.0,0.07812843471765518,world,settled,0.09292392432689667,1.0,0.07388653606176376,world,settled,0.0641196221113205,1.0,0.2007795125246048,world,settled,0.19593380391597748,1.0,0.06386373937129974,world
soft_low,body_only,90228,True,False,m,1.3941552835422104,0.0,,0.0,76,True,3.0,0.0729312151670456,world,settled,0.06626421958208084,1.0,0.0898689404129982,world,settled,0.09144937247037888,1.0,0.0650990903377533,world,settled,0.06255229562520981,1.0,0.1927194595336914,world,settled,0.19490483403205872,1.0,0.0729312151670456,world
soft_low,body_only,90229,True,False,l,1.4129882265602367,0.0,,0.0,60,True,3.0,0.06398428976535797,world,settled,0.06465591490268707,1.0,0.09633582830429077,world,settled,0.09266151487827301,1.0,0.06777794659137726,world,settled,0.06079510599374771,1.0,0.19555862247943878,world,settled,0.1985105574131012,1.0,0.06398428976535797,world
soft_low,body_only,90230,True,False,m,1.387380358400205,0.0,,0.0,62,True,3.0,0.06651556491851807,world,settled,0.06451856344938278,1.0,0.09199376404285431,world,settled,0.08631367236375809,1.0,0.07347740232944489,world,settled,0.06388809531927109,1.0,0.19702467322349548,world,settled,0.19418954849243164,1.0,0.06651556491851807,world
soft_low,body_only,90231,True,False,l,1.2736796593502162,0.0,,0.0,79,True,3.0,0.06362400203943253,world,settled,0.06253369897603989,1.0,0.09338989853858948,world,settled,0.08891303837299347,1.0,0.06824389100074768,world,settled,0.06431044638156891,1.0,0.19791963696479797,world,settled,0.19886553287506104,1.0,0.06362400203943253,world
soft_low,body_only,90232,True,False,m,1.3398772042708087,0.0,,0.0,65,True,3.0,0.06175008416175842,world,settled,0.06670120358467102,1.0,0.09383805096149445,world,settled,0.08583007752895355,1.0,0.06639330089092255,world,settled,0.06776242703199387,1.0,0.19619211554527283,world,settled,0.1955692321062088,1.0,0.06175008416175842,world
soft_low,body_only,90233,True,False,l,1.2151805568406018,0.0,,0.0,74,True,3.0,0.0617927685379982,world,settled,0.06061575934290886,1.0,0.09369485080242157,world,settled,0.08902645856142044,1.0,0.06209329515695572,world,settled,0.06535635888576508,1.0,0.2013395130634308,world,settled,0.1992243379354477,1.0,0.0617927685379982,world
soft_low,body_only,90234,True,False,m,1.412785576783788,0.0,,0.0,80,True,3.0,0.06400447338819504,world,settled,0.06371373683214188,1.0,0.0890466570854187,world,settled,0.0901055634021759,1.0,0.05993068218231201,world,settled,0.06355281174182892,1.0,0.1947329044342041,world,settled,0.19471415877342224,1.0,0.06400447338819504,world
soft_low,body_only,90235,True,False,l,1.4243033807217698,0.0,,0.0,60,True,3.0,0.0673438236117363,world,settled,0.06315772235393524,1.0,0.08808070421218872,world,settled,0.09354709088802338,1.0,0.06367391347885132,world,settled,0.060024749487638474,1.0,0.19572219252586365,world,settled,0.1995915174484253,1.0,0.0673438236117363,world
soft_low,body_only,90236,True,False,m,1.6997035312296203,0.0,,0.0,64,True,3.0,0.06364363431930542,world,settled,0.06666271388530731,1.0,0.082951620221138,world,settled,0.0883556678891182,1.0,0.060545194894075394,world,settled,0.06354260444641113,1.0,0.1927628070116043,world,settled,0.1930190622806549,1.0,0.06364363431930542,world
soft_low,body_only,90237,True,False,l,1.376968432617344,0.0,,0.0,75,True,3.0,0.061701685190200806,world,settled,0.06795390695333481,1.0,0.09131532162427902,world,settled,0.09151111543178558,1.0,0.06113635376095772,world,settled,0.06479381024837494,1.0,0.19484993815422058,world,settled,0.1979813128709793,1.0,0.061701685190200806,world
soft_low,body_only,90238,True,False,m,1.5968317899030746,0.0,,0.0,62,True,3.0,0.06692400574684143,world,settled,0.06600263714790344,1.0,0.08714016526937485,world,settled,0.0857379287481308,1.0,0.06619584560394287,world,settled,0.06536270678043365,1.0,0.19110402464866638,world,settled,0.19258081912994385,1.0,0.06692400574684143,world
soft_low,body_only,90239,True,False,l,1.3434682340044826,0.0,,0.0,67,True,3.0,0.0613437183201313,world,settled,0.06253796815872192,1.0,0.09628452360630035,world,settled,0.0940656065940857,1.0,0.05920690298080444,world,settled,0.05962280184030533,1.0,0.19638684391975403,world,settled,0.19887475669384003,1.0,0.0613437183201313,world
soft_low,world_only,90240,False,True,,1.0,1.0,short,-0.05,59,True,3.0,0.06062489002943039,world,settled,0.06449682265520096,1.0,0.0867820605635643,world,settled,0.09383656829595566,1.0,0.06961370259523392,world,settled,0.07471401244401932,1.0,0.19826072454452515,world,settled,0.20103803277015686,1.0,0.06062489002943039,world
soft_low,world_only,90241,False,True,,1.0,1.0,medium,0.1,75,True,3.0,0.07261109352111816,world,settled,0.06931440532207489,1.0,0.08317352831363678,world,settled,0.09074509143829346,1.0,0.07644166052341461,world,settled,0.07150210440158844,1.0,0.1995367854833603,world,settled,0.2007829248905182,1.0,0.07261109352111816,world
soft_low,world_only,90242,False,True,,1.0,-2.0,short,0.2,69,True,3.0,0.07085990905761719,world,settled,0.07210465520620346,1.0,0.09389172494411469,world,settled,0.08743458241224289,1.0,0.07782043516635895,world,settled,0.07427863031625748,1.0,0.20100536942481995,world,settled,0.20174741744995117,1.0,0.07085990905761719,world
soft_low,world_only,90243,False,True,,1.0,2.0,medium,0.05,68,False,nan,nan,alarm,persistent,0.053863637149333954,1.0,nan,world,decayed,0.03562375158071518,0.4,nan,world,decayed,0.024022022262215614,0.0,nan,world,decayed,0.025272727012634277,0.0,nan,alarm
soft_low,world_only,90244,False,True,,1.0,-4.0,short,0.05,65,False,nan,nan,world,decayed,0.051256757229566574,0.6,nan,world,decayed,0.028572604060173035,0.2,nan,world,decayed,0.025723915547132492,0.0,nan,world,decayed,0.024005156010389328,0.0,nan,world
soft_low,world_only,90245,False,True,,1.0,4.0,medium,0.25,65,False,nan,nan,alarm,persistent,0.06042788177728653,1.0,nan,world,decayed,0.035482991486787796,0.0,nan,world,decayed,0.028207171708345413,0.0,nan,world,decayed,0.02532973513007164,0.0,nan,alarm
soft_low,world_only,90246,False,True,,1.0,-1.0,short,0.1,75,True,3.0,0.06500869989395142,world,settled,0.06795722991228104,1.0,0.08936019986867905,world,settled,0.08724800497293472,1.0,0.07138858735561371,world,settled,0.06923078000545502,1.0,0.19548138976097107,world,settled,0.20031650364398956,1.0,0.06500869989395142,world
soft_low,world_only,90247,False,True,,1.0,-1.0,medium,-0.15000000000000002,77,True,3.0,0.062240421772003174,world,settled,0.06313852965831757,1.0,0.08887734264135361,world,settled,0.09299364686012268,1.0,0.07467665523290634,world,settled,0.07230816781520844,1.0,0.19913148880004883,world,settled,0.20122471451759338,1.0,0.062240421772003174,world
soft_low,world_only,90248,False,True,,1.0,-2.0,short,0.15000000000000002,70,True,3.0,0.07837100327014923,world,settled,0.08453952521085739,1.0,0.08457314223051071,world,settled,0.08333643525838852,1.0,0.08065743744373322,world,settled,0.08223290741443634,1.0,0.19954842329025269,world,settled,0.20066937804222107,1.0,0.07837100327014923,world
soft_low,world_only,90249,False,True,,1.0,2.0,medium,-0.25,60,False,nan,nan,alarm,persistent,0.044880859553813934,0.8,nan,world,decayed,0.034296851605176926,0.2,nan,world,decayed,0.02314712479710579,0.0,nan,world,decayed,0.019890081137418747,0.0,nan,alarm
soft_low,world_only,90250,False,True,,1.0,4.0,short,0.05,68,False,nan,nan,world,decayed,0.038400307297706604,0.2,nan,world,decayed,0.033572833985090256,0.0,nan,world,decayed,0.025028333067893982,0.0,nan,world,decayed,0.02409789338707924,0.0,nan,world
soft_low,world_only,90251,False,True,,1.0,-4.0,medium,0.15000000000000002,77,False,nan,nan,alarm,persistent,0.05822424218058586,1.0,nan,world,decayed,0.034442316740751266,0.0,nan,world,decayed,0.026546429842710495,0.0,nan,world,decayed,0.02616856060922146,0.0,nan,alarm
soft_low,world_only,90252,False,True,,1.0,-1.0,short,-0.05,78,True,3.0,0.07012490183115005,world,settled,0.06201956793665886,1.0,0.08433985710144043,world,settled,0.09482355415821075,1.0,0.07951071113348007,world,settled,0.06958366930484772,1.0,0.1992066353559494,world,settled,0.20251694321632385,1.0,0.07012490183115005,world
soft_low,world_only,90253,False,True,,1.0,1.0,medium,-0.05,60,True,3.0,0.07501184940338135,world,settled,0.06994733214378357,1.0,0.09582416713237762,world,settled,0.08674150705337524,1.0,0.06984386593103409,world,settled,0.07224138081073761,1.0,0.21164827048778534,body,settled,0.19792117178440094,1.0,0.07501184940338135,world
soft_low,world_only,90254,False,True,,1.0,2.0,short,0.1,75,True,3.0,0.07059566676616669,world,settled,0.06603892147541046,1.0,0.0903131514787674,world,settled,0.09397315979003906,1.0,0.08255940675735474,world,settled,0.07042578607797623,1.0,0.19919231534004211,world,settled,0.20349760353565216,1.0,0.07059566676616669,world
soft_low,world_only,90255,False,True,,1.0,2.0,medium,0.25,70,False,nan,nan,alarm,persistent,0.0502130500972271,1.0,nan,world,decayed,0.03048042021691799,0.0,nan,world,decayed,0.024066390469670296,0.0,nan,world,decayed,0.02172972820699215,0.0,nan,alarm
soft_low,world_only,90256,False,True,,1.0,-4.0,short,-0.2,70,False,nan,nan,alarm,persistent,0.06060369685292244,1.0,nan,world,decayed,0.02912324108183384,0.0,nan,world,decayed,0.023281140252947807,0.0,nan,world,decayed,0.022691259160637856,0.0,nan,alarm
soft_low,world_only,90257,False,True,,1.0,-4.0,medium,-0.05,64,False,nan,nan,alarm,persistent,0.05416613072156906,1.0,nan,world,decayed,0.031062554568052292,0.0,nan,world,decayed,0.026045745238661766,0.0,nan,world,decayed,0.024846220389008522,0.0,nan,alarm
soft_low,world_only,90258,False,True,,1.0,-1.0,short,0.25,67,True,3.0,0.07253410667181015,world,settled,0.05906759947538376,1.0,0.0826490968465805,world,settled,0.09326067566871643,1.0,0.08061282336711884,world,settled,0.06345245987176895,1.0,0.19760867953300476,world,settled,0.20268046855926514,1.0,0.07253410667181015,world
soft_low,world_only,90259,False,True,,1.0,1.0,medium,-0.25,71,True,3.0,0.07865156978368759,world,settled,0.06628955900669098,1.0,0.09433476626873016,world,settled,0.0922909677028656,1.0,0.08378304541110992,world,settled,0.06598249822854996,1.0,0.1968315839767456,world,settled,0.20169837772846222,1.0,0.07865156978368759,world
soft_low,world_only,90260,False,True,,1.0,-2.0,short,-0.05,78,True,3.0,0.0661729946732521,world,settled,0.06967774033546448,1.0,0.0988122820854187,world,settled,0.08809343725442886,1.0,0.06776116043329239,world,settled,0.08065299689769745,1.0,0.20022258162498474,world,settled,0.19922590255737305,1.0,0.0661729946732521,world
soft_low,world_only,90261,False,True,,1.0,-2.0,medium,0.15000000000000002,76,False,nan,nan,alarm,persistent,0.06267116963863373,1.0,nan,world,decayed,0.03144092112779617,0.2,nan,world,decayed,0.023324869573116302,0.0,nan,world,decayed,0.022326719015836716,0.0,nan,alarm
soft_low,world_only,90262,False,True,,1.0,-4.0,short,0.1,68,False,nan,nan,alarm,persistent,0.04861227050423622,0.8,nan,world,decayed,0.037044283002614975,0.2,nan,world,decayed,0.027442729100584984,0.0,nan,world,decayed,0.024058550596237183,0.0,nan,alarm
soft_low,world_only,90263,False,True,,1.0,-4.0,medium,-0.15000000000000002,76,False,nan,nan,alarm,persistent,0.04886578023433685,1.0,nan,world,decayed,0.03471829742193222,0.2,nan,world,decayed,0.021955937147140503,0.0,nan,world,decayed,0.023422598838806152,0.0,nan,alarm
soft_low,world_only,90264,False,True,,1.0,1.0,short,-0.15000000000000002,76,True,3.0,0.06246000528335571,world,settled,0.06510202586650848,1.0,0.09464927762746811,world,settled,0.08964301645755768,1.0,0.06946314871311188,world,settled,0.0646243542432785,1.0,0.20340470969676971,world,settled,0.2013220340013504,1.0,0.06246000528335571,world
soft_low,world_only,90265,False,True,,1.0,1.0,medium,-0.05,73,True,3.0,0.0756562128663063,world,settled,0.08299460262060165,1.0,0.09893260896205902,world,settled,0.09008114039897919,1.0,0.07154621183872223,world,settled,0.08624377101659775,1.0,0.21504946053028107,body,settled,0.1907951384782791,1.0,0.0756562128663063,world
soft_low,world_only,90266,False,True,,1.0,2.0,short,0.1,80,True,3.2,0.07294527441263199,world,settled,0.08193261921405792,1.0,0.08779872953891754,world,settled,0.09296630322933197,1.0,0.07496247440576553,world,settled,0.08262781798839569,1.0,0.21291513741016388,body,settled,0.19947539269924164,1.0,0.07294527441263199,world
soft_low,world_only,90267,False,True,,1.0,2.0,medium,-0.05,73,False,nan,nan,alarm,persistent,0.05517169088125229,0.8,nan,world,decayed,0.033478446304798126,0.0,nan,world,decayed,0.025897657498717308,0.0,nan,world,decayed,0.02309073880314827,0.0,nan,alarm
soft_low,world_only,90268,False,True,,1.0,-4.0,short,-0.1,69,False,nan,nan,alarm,persistent,0.05235017091035843,1.0,nan,world,decayed,0.031086359173059464,0.2,nan,world,decayed,0.02711751125752926,0.0,nan,world,decayed,0.02513953112065792,0.0,nan,alarm
soft_low,world_only,90269,False,True,,1.0,4.0,medium,0.0,74,False,nan,nan,alarm,persistent,0.05002417415380478,1.0,nan,world,decayed,0.03464498370885849,0.0,nan,world,decayed,0.026717115193605423,0.0,nan,world,decayed,0.024850331246852875,0.0,nan,alarm
soft_low,world_only,90270,False,True,,1.0,-1.0,short,0.1,81,True,3.0,0.0634552463889122,world,settled,0.06353239715099335,1.0,0.08704458177089691,world,settled,0.10178220272064209,1.0,0.07096414268016815,world,settled,0.06315349042415619,1.0,0.1990075409412384,world,settled,0.20183750987052917,1.0,0.0634552463889122,world
soft_low,world_only,90271,False,True,,1.0,1.0,medium,-0.15000000000000002,77,True,3.4000000000000004,0.06950394064188004,world,settled,0.06430669128894806,1.0,0.09552198648452759,world,settled,0.09007822722196579,1.0,0.06949779391288757,world,settled,0.06894557178020477,1.0,0.21055111289024353,body,settled,0.20035728812217712,1.0,0.06950394064188004,world
soft_low,world_only,90272,False,True,,1.0,-2.0,short,-0.2,58,True,3.0,0.07470433413982391,world,settled,0.06806568801403046,1.0,0.092804454267025,world,settled,0.08903161436319351,1.0,0.07794161885976791,world,settled,0.06663399189710617,1.0,0.19699759781360626,world,settled,0.19959940016269684,1.0,0.07470433413982391,world
soft_low,world_only,90273,False,True,,1.0,2.0,medium,-0.2,71,False,nan,nan,alarm,persistent,0.05877987667918205,1.0,nan,world,decayed,0.032381247729063034,0.2,nan,world,decayed,0.025777483358979225,0.0,nan,world,decayed,0.026048291474580765,0.0,nan,alarm
soft_low,world_only,90274,False,True,,1.0,4.0,short,-0.15000000000000002,60,False,nan,nan,alarm,persistent,0.05643359571695328,1.0,nan,world,decayed,0.030596401542425156,0.0,nan,world,decayed,0.022864609956741333,0.0,nan,world,decayed,0.02027653157711029,0.0,nan,alarm
soft_low,world_only,90275,False,True,,1.0,4.0,medium,0.2,76,False,nan,nan,alarm,persistent,0.048806414008140564,0.8,nan,world,decayed,0.026578664779663086,0.0,nan,world,decayed,0.021770324558019638,0.0,nan,world,decayed,0.023701075464487076,0.0,nan,alarm
soft_low,world_only,90276,False,True,,1.0,1.0,short,-0.1,69,True,3.0,0.07252128422260284,world,settled,0.06279786676168442,1.0,0.08264466375112534,world,settled,0.08901367336511612,1.0,0.07812309265136719,world,settled,0.07241295278072357,1.0,0.1976856291294098,world,settled,0.1996774524450302,1.0,0.07252128422260284,world
soft_low,world_only,90277,False,True,,1.0,-1.0,medium,0.25,75,True,3.0,0.06792736053466797,world,settled,0.07033182680606842,1.0,0.08893581479787827,world,settled,0.09354724735021591,1.0,0.07649978995323181,world,settled,0.07334961742162704,1.0,0.19651737809181213,world,settled,0.19830037653446198,1.0,0.06792736053466797,world
soft_low,world_only,90278,False,True,,1.0,2.0,short,0.2,64,True,3.0,0.07719473540782928,world,settled,0.07256434857845306,1.0,0.0836978554725647,world,settled,0.08792971074581146,1.0,0.08461753278970718,world,settled,0.0766531303524971,1.0,0.2025279551744461,world,settled,0.19946551322937012,1.0,0.07719473540782928,world
soft_low,world_only,90279,False,True,,1.0,-2.0,medium,-0.15000000000000002,63,False,nan,nan,alarm,persistent,0.054710227996110916,1.0,nan,world,decayed,0.02890126407146454,0.0,nan,world,decayed,0.025340113788843155,0.0,nan,world,decayed,0.02189960516989231,0.0,nan,alarm
soft_low,world_only,90280,False,True,,1.0,4.0,short,0.2,77,False,nan,nan,alarm,persistent,0.05771717429161072,1.0,nan,world,decayed,0.035450369119644165,0.2,nan,world,decayed,0.025844773277640343,0.0,nan,world,decayed,0.026794394478201866,0.0,nan,alarm
soft_low,world_only,90281,False,True,,1.0,4.0,medium,0.1,77,False,nan,nan,world,decayed,0.04030099883675575,0.4,nan,world,decayed,0.027890807017683983,0.0,nan,world,decayed,0.021953176707029343,0.0,nan,world,decayed,0.025238031521439552,0.0,nan,world
soft_low,world_only,90282,False,True,,1.0,1.0,short,0.15000000000000002,68,True,3.0,0.07383899390697479,world,settled,0.08328648656606674,1.0,0.0924886092543602,world,settled,0.08524627983570099,1.0,0.07729079574346542,world,settled,0.08412212878465652,1.0,0.2045554667711258,world,settled,0.19983693957328796,1.0,0.07383899390697479,world
soft_low,world_only,90283,False,True,,1.0,-1.0,medium,-0.05,74,True,3.0,0.0803322046995163,world,settled,0.06539731472730637,1.0,0.09480046480894089,world,settled,0.08409678190946579,1.0,0.08593787997961044,world,settled,0.0743798241019249,1.0,0.20231223106384277,world,settled,0.198519766330719,1.0,0.0803322046995163,world
soft_low,world_only,90284,False,True,,1.0,2.0,short,-0.2,72,True,3.0,0.0727555975317955,world,settled,0.0682869404554367,1.0,0.07877149432897568,world,settled,0.09041786938905716,1.0,0.07613261789083481,world,settled,0.06992480158805847,1.0,0.2049303501844406,world,settled,0.19807907938957214,1.0,0.0727555975317955,world
soft_low,world_only,90285,False,True,,1.0,-2.0,medium,-0.2,73,False,nan,nan,alarm,persistent,0.05621030181646347,0.8,nan,world,decayed,0.030569180846214294,0.0,nan,world,decayed,0.025212431326508522,0.0,nan,world,decayed,0.022006969898939133,0.0,nan,alarm
soft_low,world_only,90286,False,True,,1.0,4.0,short,-0.1,67,False,nan,nan,world,decayed,0.04667869210243225,0.6,nan,world,decayed,0.03173025697469711,0.2,nan,world,decayed,0.022468842566013336,0.0,nan,world,decayed,0.022567730396986008,0.0,nan,world
soft_low,world_only,90287,False,True,,1.0,4.0,medium,0.2,79,False,nan,nan,alarm,persistent,0.04772542044520378,0.8,nan,world,decayed,0.02901703119277954,0.0,nan,world,decayed,0.02191508188843727,0.0,nan,world,decayed,0.021382968872785568,0.0,nan,alarm
soft_low,world_only,90288,False,True,,1.0,-1.0,short,-0.05,78,True,3.0,0.05726851150393486,world,settled,0.06664105504751205,1.0,0.09696190059185028,world,settled,0.0912390723824501,1.0,0.06419417262077332,world,settled,0.0690091997385025,1.0,0.20202355086803436,world,settled,0.1978643834590912,1.0,0.05726851150393486,world
soft_low,world_only,90289,False,True,,1.0,1.0,medium,-0.05,64,True,3.0,0.07047609984874725,world,settled,0.07580248266458511,1.0,0.08268290758132935,world,settled,0.08752390742301941,1.0,0.08040696382522583,world,settled,0.06881298124790192,1.0,0.20267491042613983,world,settled,0.1987006962299347,1.0,0.07047609984874725,world
soft_low,world_only,90290,False,True,,1.0,2.0,short,0.1,66,True,3.0,0.07217252254486084,world,settled,0.06000616401433945,1.0,0.08492303639650345,world,settled,0.09392045438289642,1.0,0.07812415063381195,world,settled,0.0656275749206543,1.0,0.201045960187912,world,settled,0.20084600150585175,1.0,0.07217252254486084,world
soft_low,world_only,90291,False,True,,1.0,-2.0,medium,0.15000000000000002,75,False,nan,nan,alarm,persistent,0.04585738852620125,0.8,nan,world,decayed,0.0289890319108963,0.0,nan,world,decayed,0.026120806112885475,0.0,nan,world,decayed,0.02149050496518612,0.0,nan,alarm
soft_low,world_only,90292,False,True,,1.0,-4.0,short,0.1,74,False,nan,nan,alarm,persistent,0.04407517611980438,0.8,nan,world,decayed,0.03353109210729599,0.0,nan,world,decayed,0.02439173124730587,0.0,nan,world,decayed,0.023987427353858948,0.0,nan,alarm
soft_low,world_only,90293,False,True,,1.0,4.0,medium,0.1,69,False,nan,nan,alarm,persistent,0.04481426626443863,1.0,nan,world,decayed,0.025950035080313683,0.0,nan,world,decayed,0.01916571706533432,0.0,nan,world,decayed,0.020950976759195328,0.0,nan,alarm
soft_low,world_only,90294,False,True,,1.0,-1.0,short,-0.1,70,True,3.0,0.06656114012002945,world,settled,0.07078050822019577,1.0,0.08338544517755508,world,settled,0.08928165584802628,1.0,0.07235295325517654,world,settled,0.0667000561952591,1.0,0.19857150316238403,world,settled,0.20232757925987244,1.0,0.06656114012002945,world
soft_low,world_only,90295,False,True,,1.0,1.0,medium,0.2,64,True,3.0,0.07926731556653976,world,settled,0.06949704885482788,1.0,0.09808370471000671,world,settled,0.0875229686498642,1.0,0.0921306237578392,world,settled,0.07182097434997559,1.0,0.2001810073852539,world,settled,0.20074748992919922,1.0,0.07926731556653976,world
soft_low,world_only,90296,False,True,,1.0,-2.0,short,0.25,84,True,3.0,0.0715760588645935,world,settled,0.06741055101156235,1.0,0.0876222774386406,world,settled,0.08651474118232727,1.0,0.07707389444112778,world,settled,0.06943410634994507,1.0,0.19807037711143494,world,settled,0.198134645819664,1.0,0.0715760588645935,world
soft_low,world_only,90297,False,True,,1.0,2.0,medium,-0.05,62,False,nan,nan,alarm,persistent,0.051727838814258575,1.0,nan,world,decayed,0.032067690044641495,0.0,nan,world,decayed,0.02349090948700905,0.0,nan,world,decayed,0.02123996801674366,0.0,nan,alarm
soft_low,world_only,90298,False,True,,1.0,4.0,short,0.05,62,False,nan,nan,alarm,persistent,0.05152285099029541,1.0,nan,world,decayed,0.030799508094787598,0.0,nan,world,decayed,0.020962627604603767,0.0,nan,world,decayed,0.020264191552996635,0.0,nan,alarm
soft_low,world_only,90299,False,True,,1.0,-4.0,medium,0.05,67,False,nan,nan,alarm,persistent,0.05051012709736824,1.0,nan,world,decayed,0.03229162096977234,0.2,nan,world,decayed,0.024315934628248215,0.0,nan,world,decayed,0.02478070929646492,0.0,nan,alarm
soft_low,world_only,90300,False,True,,1.0,-1.0,short,-0.15000000000000002,67,True,3.0,0.07087691873311996,world,settled,0.05921541899442673,1.0,0.0786472037434578,world,settled,0.08433409035205841,1.0,0.08660931885242462,world,settled,0.06911616027355194,1.0,0.201142355799675,world,settled,0.19838880002498627,1.0,0.07087691873311996,world
soft_low,world_only,90301,False,True,,1.0,-1.0,medium,-0.25,72,True,3.0,0.07508862018585205,world,settled,0.06934882700443268,1.0,0.0879625678062439,world,settled,0.09099172800779343,1.0,0.08168350905179977,world,settled,0.07084621489048004,1.0,0.20138072967529297,world,settled,0.19926193356513977,1.0,0.07508862018585205,world
soft_low,world_only,90302,False,True,,1.0,-2.0,short,0.2,78,True,3.0,0.06342937052249908,world,settled,0.06868420541286469,1.0,0.08728636801242828,world,settled,0.0848366767168045,1.0,0.06829367578029633,world,settled,0.07187554240226746,1.0,0.19748786091804504,world,settled,0.19911232590675354,1.0,0.06342937052249908,world
soft_low,world_only,90303,False,True,,1.0,2.0,medium,-0.15000000000000002,59,False,nan,nan,alarm,persistent,0.06034532189369202,1.0,nan,world,decayed,0.03444558009505272,0.0,nan,world,decayed,0.024125123396515846,0.0,nan,world,decayed,0.02118975669145584,0.0,nan,alarm
soft_low,world_only,90304,False,True,,1.0,4.0,short,0.05,80,False,nan,nan,world,decayed,0.05274192616343498,0.6,nan,world,decayed,0.034795645624399185,0.2,nan,world,decayed,0.0243186317384243,0.0,nan,world,decayed,0.027549132704734802,0.0,nan,world
soft_low,world_only,90305,False,True,,1.0,-4.0,medium,-0.25,73,False,nan,nan,alarm,persistent,0.057036060839891434,1.0,nan,world,decayed,0.03659114986658096,0.2,nan,world,decayed,0.026434708386659622,0.0,nan,world,decayed,0.02561032772064209,0.0,nan,alarm
soft_low,world_only,90306,False,True,,1.0,1.0,short,-0.15000000000000002,64,True,3.0,0.08527561277151108,world,settled,0.075383260846138,1.0,0.09526336938142776,world,settled,0.08792190998792648,1.0,0.08461880683898926,world,settled,0.08608733117580414,1.0,0.1940191239118576,world,settled,0.1991473138332367,1.0,0.08527561277151108,world
soft_low,world_only,90307,False,True,,1.0,1.0,medium,-0.05,72,True,3.0,0.06720613688230515,world,settled,0.06312023103237152,1.0,0.08704153448343277,world,settled,0.09279371798038483,1.0,0.07098980993032455,world,settled,0.0689750462770462,1.0,0.20094528794288635,world,settled,0.2015020102262497,1.0,0.06720613688230515,world
soft_low,world_only,90308,False,True,,1.0,-2.0,short,-0.25,62,True,3.0,0.07836500555276871,world,settled,0.06754256784915924,1.0,0.09331613034009933,world,settled,0.09116009622812271,1.0,0.08162729442119598,world,settled,0.07227639853954315,1.0,0.18919909000396729,world,settled,0.1965029388666153,1.0,0.07836500555276871,world
soft_low,world_only,90309,False,True,,1.0,2.0,medium,0.25,65,False,nan,nan,alarm,persistent,0.04383663088083267,0.8,nan,world,decayed,0.036346688866615295,0.2,nan,world,decayed,0.02855929732322693,0.0,nan,world,decayed,0.024838240817189217,0.0,nan,alarm
soft_low,world_only,90310,False,True,,1.0,4.0,short,0.15000000000000002,70,False,nan,nan,alarm,persistent,0.048049915581941605,0.8,nan,world,decayed,0.02715921774506569,0.0,nan,world,decayed,0.023330561816692352,0.0,nan,world,decayed,0.021563608199357986,0.0,nan,alarm
soft_low,world_only,90311,False,True,,1.0,-4.0,medium,-0.05,66,False,nan,nan,alarm,persistent,0.04655260220170021,0.8,nan,world,decayed,0.03316373750567436,0.0,nan,world,decayed,0.02361270599067211,0.0,nan,world,decayed,0.024853568524122238,0.0,nan,alarm
soft_low,world_only,90312,False,True,,1.0,1.0,short,0.2,69,True,3.0,0.06601381301879883,world,settled,0.0607793852686882,1.0,0.08847351372241974,world,settled,0.09366317093372345,1.0,0.07858770340681076,world,settled,0.07020582258701324,1.0,0.20679250359535217,world,settled,0.20033052563667297,1.0,0.06601381301879883,world
soft_low,world_only,90313,False,True,,1.0,-1.0,medium,-0.2,66,True,3.0,0.07443755865097046,world,settled,0.06015338376164436,1.0,0.09711308777332306,world,settled,0.08768298476934433,1.0,0.08718931674957275,world,settled,0.0703219398856163,1.0,0.20085816085338593,world,settled,0.20061568915843964,1.0,0.07443755865097046,world
soft_low,world_only,90314,False,True,,1.0,2.0,short,-0.05,66,True,3.0,0.06977532804012299,world,settled,0.09142990410327911,1.0,0.0833263099193573,world,settled,0.09172512590885162,1.0,0.07834438234567642,world,settled,0.08968262374401093,1.0,0.2026720941066742,world,settled,0.19768477976322174,1.0,0.06977532804012299,world
soft_low,world_only,90315,False,True,,1.0,2.0,medium,0.0,65,False,nan,nan,alarm,persistent,0.043170589953660965,0.8,nan,world,decayed,0.031370144337415695,0.0,nan,world,decayed,0.024266758933663368,0.0,nan,world,decayed,0.023777352645993233,0.0,nan,alarm
soft_low,world_only,90316,False,True,,1.0,4.0,short,-0.05,63,False,nan,nan,alarm,persistent,0.06275326013565063,0.8,nan,world,decayed,0.031191160902380943,0.2,nan,world,decayed,0.026746228337287903,0.0,nan,world,decayed,0.023620812222361565,0.0,nan,alarm
soft_low,world_only,90317,False,True,,1.0,4.0,medium,0.25,84,False,nan,nan,alarm,persistent,0.05612034723162651,1.0,nan,world,decayed,0.029492158442735672,0.2,nan,world,decayed,0.023564405739307404,0.0,nan,world,decayed,0.021421607583761215,0.0,nan,alarm
soft_low,world_only,90318,False,True,,1.0,-1.0,short,0.1,75,True,3.0,0.06856131553649902,world,settled,0.06616130471229553,1.0,0.08954744040966034,world,settled,0.08892430365085602,1.0,0.06936702877283096,world,settled,0.07289589941501617,1.0,0.198045015335083,world,settled,0.20152819156646729,1.0,0.06856131553649902,world
soft_low,world_only,90319,False,True,,1.0,1.0,medium,-0.25,65,True,3.0,0.06277583539485931,world,settled,0.06753366440534592,1.0,0.0862613171339035,world,settled,0.08701491355895996,1.0,0.06937932968139648,world,settled,0.06456677615642548,1.0,0.20270884037017822,world,settled,0.1978718340396881,1.0,0.06277583539485931,world
soft_low,world_only,90320,False,True,,1.0,2.0,short,0.25,76,True,3.0,0.06563155353069305,world,settled,0.058048199862241745,1.0,0.0937490314245224,world,settled,0.09168945997953415,1.0,0.07024003565311432,world,settled,0.06767295300960541,1.0,0.19990399479866028,world,settled,0.2006996124982834,1.0,0.06563155353069305,world
soft_low,world_only,90321,False,True,,1.0,2.0,medium,-0.15000000000000002,57,False,nan,nan,alarm,persistent,0.059093721210956573,1.0,nan,world,decayed,0.03224413841962814,0.0,nan,world,decayed,0.02578563429415226,0.0,nan,world,decayed,0.024577472358942032,0.0,nan,alarm
soft_low,world_only,90322,False,True,,1.0,4.0,short,-0.1,74,False,nan,nan,alarm,persistent,0.0568033829331398,1.0,nan,world,decayed,0.033041276037693024,0.0,nan,world,decayed,0.02386295422911644,0.0,nan,world,decayed,0.02347642555832863,0.0,nan,alarm
soft_low,world_only,90323,False,True,,1.0,-4.0,medium,-0.05,75,False,nan,nan,alarm,persistent,0.049685630947351456,0.8,nan,world,decayed,0.03279019147157669,0.0,nan,world,decayed,0.023736294358968735,0.0,nan,world,decayed,0.02265174314379692,0.0,nan,alarm
soft_low,world_only,90324,False,True,,1.0,1.0,short,-0.05,72,True,3.0,0.0638909712433815,world,settled,0.06642831861972809,1.0,0.0907973125576973,world,settled,0.09118480980396271,1.0,0.07372817397117615,world,settled,0.0703672543168068,1.0,0.20351926982402802,world,settled,0.19447730481624603,1.0,0.0638909712433815,world
soft_low,world_only,90325,False,True,,1.0,1.0,medium,0.05,80,True,3.0,0.06534652411937714,world,settled,0.06925080716609955,1.0,0.09828957170248032,world,settled,0.08652172982692719,1.0,0.0660696029663086,world,settled,0.07449585199356079,1.0,0.20317614078521729,world,settled,0.1988750398159027,1.0,0.06534652411937714,world
soft_low,world_only,90326,False,True,,1.0,2.0,short,0.1,73,True,3.0,0.06304405629634857,world,settled,0.0661168247461319,1.0,0.09209413081407547,world,settled,0.09245223551988602,1.0,0.06827408075332642,world,settled,0.07354509085416794,1.0,0.21006250381469727,world,settled,0.2003895789384842,1.0,0.06304405629634857,world
soft_low,world_only,90327,False,True,,1.0,-2.0,medium,0.25,78,False,nan,nan,alarm,persistent,0.046074382960796356,1.0,nan,world,decayed,0.03351924195885658,0.2,nan,world,decayed,0.023915648460388184,0.0,nan,world,decayed,0.023737233132123947,0.0,nan,alarm
soft_low,world_only,90328,False,True,,1.0,-4.0,short,0.15000000000000002,74,False,nan,nan,alarm,persistent,0.04811277240514755,0.8,nan,world,decayed,0.028880495578050613,0.0,nan,world,decayed,0.022896137088537216,0.0,nan,world,decayed,0.025890594348311424,0.0,nan,alarm
soft_low,world_only,90329,False,True,,1.0,4.0,medium,0.15000000000000002,75,False,nan,nan,alarm,persistent,0.052672553807497025,1.0,nan,world,decayed,0.028909698128700256,0.0,nan,world,decayed,0.02333659492433071,0.0,nan,world,decayed,0.023134108632802963,0.0,nan,alarm
soft_low,world_only,90330,False,True,,1.0,1.0,short,0.1,82,True,3.0,0.06846131384372711,world,settled,0.05920158699154854,1.0,0.0928964838385582,world,settled,0.09212683141231537,1.0,0.0783272460103035,world,settled,0.0646170973777771,1.0,0.200649693608284,world,settled,0.2003820836544037,1.0,0.06846131384372711,world
soft_low,world_only,90331,False,True,,1.0,1.0,medium,-0.05,61,True,3.0,0.08225735276937485,world,settled,0.061761755496263504,1.0,0.09274399280548096,world,settled,0.08887089788913727,1.0,0.07708875834941864,world,settled,0.07023502141237259,1.0,0.19838497042655945,world,settled,0.1981731504201889,1.0,0.08225735276937485,world
soft_low,world_only,90332,False,True,,1.0,-2.0,short,-0.1,70,True,3.0,0.05952794477343559,world,settled,0.07533044368028641,1.0,0.09303702414035797,world,settled,0.08242839574813843,1.0,0.063208669424057,world,settled,0.07696522772312164,1.0,0.19949302077293396,world,settled,0.19697411358356476,1.0,0.05952794477343559,world
soft_low,world_only,90333,False,True,,1.0,2.0,medium,0.1,72,False,nan,nan,alarm,persistent,0.062261760234832764,1.0,nan,world,decayed,0.029302844777703285,0.0,nan,world,decayed,0.02557266689836979,0.0,nan,world,decayed,0.020086023956537247,0.0,nan,alarm
soft_low,world_only,90334,False,True,,1.0,4.0,short,0.05,61,False,nan,nan,alarm,persistent,0.04469495266675949,1.0,nan,world,decayed,0.031595390290021896,0.2,nan,world,decayed,0.025234874337911606,0.0,nan,world,decayed,0.02686380222439766,0.0,nan,alarm
soft_low,world_only,90335,False,True,,1.0,-4.0,medium,0.1,77,False,nan,nan,world,decayed,0.04093032330274582,0.6,nan,world,decayed,0.03142843768000603,0.0,nan,world,decayed,0.02380230464041233,0.0,nan,world,decayed,0.023539621382951736,0.0,nan,world
soft_low,world_only,90336,False,True,,1.0,-1.0,short,-0.15000000000000002,76,True,3.0,0.0686386302113533,world,settled,0.06902796030044556,1.0,0.08233163505792618,world,settled,0.09275154769420624,1.0,0.0740344375371933,world,settled,0.06580345332622528,1.0,0.1970060020685196,world,settled,0.19641102850437164,1.0,0.0686386302113533,world
soft_low,world_only,90337,False,True,,1.0,1.0,medium,-0.25,60,True,3.0,0.0808722972869873,world,settled,0.06170635670423508,1.0,0.09800902754068375,world,settled,0.09018111974000931,1.0,0.08623769879341125,world,settled,0.065921850502491,1.0,0.20055274665355682,world,settled,0.2022898942232132,1.0,0.0808722972869873,world
soft_low,world_only,90338,False,True,,1.0,2.0,short,-0.1,58,True,3.0,0.07953967899084091,world,settled,0.07083489745855331,1.0,0.08777205646038055,world,settled,0.08970573544502258,1.0,0.0887729823589325,world,settled,0.06869335472583771,1.0,0.20982542634010315,world,settled,0.1994270235300064,1.0,0.07953967899084091,world
soft_low,world_only,90339,False,True,,1.0,2.0,medium,-0.05,61,False,nan,nan,alarm,persistent,0.050498079508543015,1.0,nan,world,decayed,0.028702622279524803,0.0,nan,world,decayed,0.025075841695070267,0.0,nan,world,decayed,0.023917844519019127,0.0,nan,alarm
soft_low,world_only,90340,False,True,,1.0,4.0,short,-0.2,57,False,nan,nan,alarm,persistent,0.05701655149459839,0.8,nan,world,decayed,0.03202355280518532,0.0,nan,world,decayed,0.025195976719260216,0.0,nan,world,decayed,0.025080900639295578,0.0,nan,alarm
soft_low,world_only,90341,False,True,,1.0,4.0,medium,0.15000000000000002,71,False,nan,nan,world,decayed,0.04687877744436264,0.6,nan,world,decayed,0.029509922489523888,0.0,nan,world,decayed,0.02155088260769844,0.0,nan,world,decayed,0.020209241658449173,0.0,nan,world
soft_low,world_only,90342,False,True,,1.0,1.0,short,-0.2,69,True,3.0,0.06999741494655609,world,settled,0.07242527604103088,1.0,0.08739551156759262,world,settled,0.08801338076591492,1.0,0.07099787890911102,world,settled,0.07845021039247513,1.0,0.20142269134521484,world,settled,0.196725994348526,1.0,0.06999741494655609,world
soft_low,world_only,90343,False,True,,1.0,1.0,medium,-0.1,70,True,3.0,0.07180885225534439,world,settled,0.06301848590373993,1.0,0.0851406529545784,world,settled,0.0915217325091362,1.0,0.07333646714687347,world,settled,0.06438534706830978,1.0,0.1985529214143753,world,settled,0.2010490447282791,1.0,0.07180885225534439,world
soft_low,world_only,90344,False,True,,1.0,2.0,short,0.2,65,True,3.0,0.0646587610244751,world,settled,0.06655915826559067,1.0,0.08561529964208603,world,settled,0.09033795446157455,1.0,0.07204960286617279,world,settled,0.06740090996026993,1.0,0.2076234370470047,world,settled,0.19980119168758392,1.0,0.0646587610244751,world
soft_low,world_only,90345,False,True,,1.0,-2.0,medium,0.0,75,False,nan,nan,alarm,persistent,0.051480598747730255,1.0,nan,world,decayed,0.033602066338062286,0.0,nan,world,decayed,0.023246336728334427,0.0,nan,world,decayed,0.024323884397745132,0.0,nan,alarm
soft_low,world_only,90346,False,True,,1.0,4.0,short,-0.2,59,False,nan,nan,alarm,persistent,0.04542813450098038,1.0,nan,world,decayed,0.02564067766070366,0.0,nan,world,decayed,0.02069304883480072,0.0,nan,world,decayed,0.01989832893013954,0.0,nan,alarm
soft_low,world_only,90347,False,True,,1.0,-4.0,medium,-0.2,63,False,nan,nan,alarm,persistent,0.0488855317234993,0.8,nan,world,decayed,0.027744755148887634,0.0,nan,world,decayed,0.022327551618218422,0.0,nan,world,decayed,0.021931031718850136,0.0,nan,alarm
soft_low,world_only,90348,False,True,,1.0,-1.0,short,0.25,77,True,3.0,0.07023883610963821,world,settled,0.06737891584634781,1.0,0.08508017659187317,world,settled,0.08777696639299393,1.0,0.07511738687753677,world,settled,0.07360101491212845,1.0,0.19675227999687195,world,settled,0.20213539898395538,1.0,0.07023883610963821,world
soft_low,world_only,90349,False,True,,1.0,1.0,medium,0.05,63,True,3.0,0.06821402162313461,world,settled,0.06493249535560608,1.0,0.09631232917308807,world,settled,0.08346862345933914,1.0,0.0707404762506485,world,settled,0.07343573868274689,1.0,0.20777356624603271,world,settled,0.2009429931640625,1.0,0.06821402162313461,world
soft_low,world_only,90350,False,True,,1.0,-2.0,short,0.05,79,True,3.0,0.06372706592082977,world,settled,0.07546700537204742,1.0,0.09217055886983871,world,settled,0.0903545394539833,1.0,0.0644054189324379,world,settled,0.07618841528892517,1.0,0.1985856294631958,world,settled,0.1992543637752533,1.0,0.06372706592082977,world
soft_low,world_only,90351,False,True,,1.0,2.0,medium,0.25,75,False,nan,nan,world,decayed,0.04754307121038437,0.6,nan,world,decayed,0.036712538450956345,0.4,nan,world,decayed,0.029146548360586166,0.0,nan,world,decayed,0.029156243428587914,0.0,nan,world
soft_low,world_only,90352,False,True,,1.0,-4.0,short,0.2,76,False,nan,nan,alarm,persistent,0.062197573482990265,1.0,nan,world,decayed,0.03453928232192993,0.4,nan,world,decayed,0.02776537463068962,0.0,nan,world,decayed,0.02474145032465458,0.0,nan,alarm
soft_low,world_only,90353,False,True,,1.0,-4.0,medium,-0.05,65,False,nan,nan,alarm,persistent,0.05289233848452568,1.0,nan,world,decayed,0.03149013593792915,0.2,nan,world,decayed,0.02945563569664955,0.0,nan,world,decayed,0.02566620707511902,0.0,nan,alarm
soft_low,world_only,90354,False,True,,1.0,-1.0,short,-0.25,72,True,3.0,0.077668696641922,world,settled,0.06473015248775482,1.0,0.08415940403938293,world,settled,0.0838497132062912,1.0,0.08051739633083344,world,settled,0.06671962887048721,1.0,0.1962372064590454,world,settled,0.20135751366615295,1.0,0.077668696641922,world
soft_low,world_only,90355,False,True,,1.0,1.0,medium,0.0,71,True,3.0,0.06235482171177864,world,settled,0.06348805874586105,1.0,0.10113450139760971,world,settled,0.0911945253610611,1.0,0.06192036718130112,world,settled,0.06660090386867523,1.0,0.213217094540596,body,settled,0.20313672721385956,1.0,0.06235482171177864,world
soft_low,world_only,90356,False,True,,1.0,2.0,short,0.2,78,True,3.0,0.08415980637073517,world,settled,0.061876021325588226,1.0,0.09248380362987518,world,settled,0.0931478962302208,1.0,0.08481424301862717,world,settled,0.07119950652122498,1.0,0.21445779502391815,body,settled,0.1999305784702301,1.0,0.08415980637073517,world
soft_low,world_only,90357,False,True,,1.0,-2.0,medium,-0.1,69,False,nan,nan,alarm,persistent,0.049919597804546356,1.0,nan,world,decayed,0.030364299193024635,0.0,nan,world,decayed,0.023956071585416794,0.0,nan,world,decayed,0.023408671841025352,0.0,nan,alarm
soft_low,world_only,90358,False,True,,1.0,4.0,short,-0.15000000000000002,74,False,nan,nan,alarm,persistent,0.05083249881863594,1.0,nan,world,decayed,0.028818881139159203,0.4,nan,world,decayed,0.022290881723165512,0.0,nan,world,decayed,0.026738669723272324,0.0,nan,alarm
soft_low,world_only,90359,False,True,,1.0,-4.0,medium,-0.2,57,False,nan,nan,alarm,persistent,0.05629061907529831,0.8,nan,world,decayed,0.03254878148436546,0.2,nan,world,decayed,0.026055138558149338,0.0,nan,world,decayed,0.023680662736296654,0.0,nan,alarm
soft_low,body_world,90360,True,True,m,1.436507707360915,1.0,short,-0.15000000000000002,74,True,3.0,0.06802948564291,world,settled,0.06631150096654892,1.0,0.08851047605276108,world,settled,0.09033914655447006,1.0,0.0670124962925911,world,settled,0.06439583003520966,1.0,0.1986803561449051,world,settled,0.1947592794895172,1.0,0.06802948564291,world
soft_low,body_world,90361,True,True,l,1.4256287739373548,-1.0,medium,-0.25,60,True,3.0,0.07133126258850098,world,settled,0.06750030815601349,1.0,0.08650825172662735,world,settled,0.0910462886095047,1.0,0.061550118029117584,world,settled,0.06256522238254547,1.0,0.1840895712375641,world,settled,0.1958141326904297,1.0,0.07133126258850098,world
soft_low,body_world,90362,True,True,m,1.4329806398316671,-2.0,short,0.2,74,True,3.0,0.07216135412454605,world,settled,0.06637288630008698,1.0,0.0883987694978714,world,settled,0.08833612501621246,1.0,0.061770595610141754,world,settled,0.057012517005205154,1.0,0.18508177995681763,world,settled,0.19328850507736206,1.0,0.07216135412454605,world
soft_low,body_world,90363,True,True,l,1.210563351806276,-2.0,medium,-0.15000000000000002,77,False,nan,nan,world,decayed,0.03887256234884262,0.4,nan,world,decayed,0.028989240527153015,0.0,nan,world,decayed,0.02798495814204216,0.0,nan,world,decayed,0.028158986940979958,0.0,nan,world
soft_low,body_world,90364,True,True,m,1.372696280105733,-4.0,short,-0.15000000000000002,58,False,nan,nan,world,decayed,0.03965432196855545,0.4,nan,world,decayed,0.0317731574177742,0.2,nan,world,decayed,0.027901414781808853,0.0,nan,world,decayed,0.02573569118976593,0.0,nan,world
soft_low,body_world,90365,True,True,l,1.2749895656307437,-4.0,medium,-0.2,74,False,nan,nan,world,decayed,0.039691947400569916,0.4,nan,world,decayed,0.03452402353286743,0.0,nan,world,decayed,0.036725178360939026,0.0,nan,world,decayed,0.03538134694099426,0.4,nan,world
soft_low,body_world,90366,True,True,m,1.3066897985826524,-1.0,short,-0.15000000000000002,69,True,3.0,0.057252008467912674,world,settled,0.06284643709659576,1.0,0.09034159034490585,world,settled,0.09205951541662216,1.0,0.06561219692230225,world,settled,0.06392119824886322,1.0,0.202594593167305,world,settled,0.19224487245082855,1.0,0.057252008467912674,world
soft_low,body_world,90367,True,True,l,1.3576619828175316,1.0,medium,0.15000000000000002,62,True,3.0,0.06895915418863297,world,settled,0.06612585484981537,1.0,0.09500560164451599,world,settled,0.09389759600162506,1.0,0.06946051120758057,world,settled,0.06492331624031067,1.0,0.20378251373767853,world,settled,0.19851724803447723,1.0,0.06895915418863297,world
soft_low,body_world,90368,True,True,m,1.4143053583788585,2.0,short,0.05,60,False,nan,nan,world,decayed,0.04096754640340805,0.6,nan,world,decayed,0.03222627565264702,0.2,nan,world,decayed,0.025221195071935654,0.0,nan,world,decayed,0.03229181095957756,0.0,nan,world
soft_low,body_world,90369,True,True,l,1.3743712386074276,-2.0,medium,0.1,67,False,nan,nan,world,decayed,0.037710465490818024,0.0,nan,world,decayed,0.03625855967402458,0.0,nan,world,decayed,0.0323420986533165,0.0,nan,world,decayed,0.035353612154722214,0.2,nan,world
soft_low,body_world,90370,True,True,m,1.5116611087725051,4.0,short,-0.25,61,False,nan,nan,world,decayed,0.03307993337512016,0.0,nan,world,decayed,0.028591737151145935,0.0,nan,world,decayed,0.026415284723043442,0.0,nan,world,decayed,0.02930617704987526,0.0,nan,world
soft_low,body_world,90371,True,True,l,1.462891218935012,4.0,medium,0.2,69,False,nan,nan,world,decayed,0.03354295343160629,0.0,nan,world,decayed,0.03335120156407356,0.2,nan,world,decayed,0.03807845339179039,0.4,nan,alarm,persistent,0.04290492460131645,0.8,nan,world
soft_low,body_world,90372,True,True,m,1.6331779731038802,-1.0,short,-0.1,65,True,3.0,0.06671826541423798,world,settled,0.06732498109340668,1.0,0.08842824399471283,world,settled,0.09061100333929062,1.0,0.06468919664621353,world,settled,0.06326590478420258,1.0,0.18792882561683655,world,settled,0.19071024656295776,1.0,0.06671826541423798,world
soft_low,body_world,90373,True,True,l,1.2018022497580947,-1.0,medium,0.1,66,True,3.0,0.06836777925491333,world,settled,0.0660368949174881,1.0,0.09016314893960953,world,settled,0.09137959778308868,1.0,0.07165752351284027,world,settled,0.06336883455514908,1.0,0.19848130643367767,world,settled,0.19964058697223663,1.0,0.06836777925491333,world
soft_low,body_world,90374,True,True,m,1.3280228263513763,-2.0,short,0.1,73,True,3.0,0.06346271187067032,world,settled,0.06687581539154053,1.0,0.09300459921360016,world,settled,0.08511752635240555,1.0,0.06697605550289154,world,settled,0.0669265016913414,1.0,0.19920742511749268,world,settled,0.1950676143169403,1.0,0.06346271187067032,world
soft_low,body_world,90375,True,True,l,1.308876304017658,2.0,medium,-0.25,65,False,nan,nan,world,decayed,0.03462791070342064,0.2,nan,world,decayed,0.03165772929787636,0.4,nan,world,decayed,0.0281580351293087,0.2,nan,world,decayed,0.033519431948661804,0.2,nan,world
soft_low,body_world,90376,True,True,m,1.5016949779873145,4.0,short,0.2,70,False,nan,nan,world,decayed,0.034888334572315216,0.4,nan,world,decayed,0.028795655816793442,0.0,nan,world,decayed,0.02584018185734749,0.0,nan,world,decayed,0.030432051047682762,0.0,nan,world
soft_low,body_world,90377,True,True,l,1.2414565409093206,-4.0,medium,0.25,66,False,nan,nan,world,decayed,0.03551414981484413,0.2,nan,world,decayed,0.029582571238279343,0.0,nan,world,decayed,0.0278342105448246,0.0,nan,world,decayed,0.03124416247010231,0.0,nan,world
soft_low,body_world,90378,True,True,m,1.4238236120964585,1.0,short,0.25,66,True,3.0,0.0647212490439415,world,settled,0.06720106303691864,1.0,0.09085531532764435,world,settled,0.08796275407075882,1.0,0.06709493696689606,world,settled,0.06292618811130524,1.0,0.19545535743236542,world,settled,0.19728045165538788,1.0,0.0647212490439415,world
soft_low,body_world,90379,True,True,l,1.2836548774066676,-1.0,medium,-0.25,64,True,3.0,0.05902670696377754,world,settled,0.07058091461658478,1.0,0.09026962518692017,world,settled,0.0946083515882492,1.0,0.06387307494878769,world,settled,0.06501802802085876,1.0,0.2010715752840042,world,settled,0.1942019760608673,1.0,0.05902670696377754,world
soft_low,body_world,90380,True,True,m,1.3621236417497946,2.0,short,0.2,70,False,nan,nan,world,decayed,0.03651301935315132,0.2,nan,world,decayed,0.030831435695290565,0.2,nan,world,decayed,0.029851416125893593,0.0,nan,world,decayed,0.02927263453602791,0.0,nan,world
soft_low,body_world,90381,True,True,l,1.3983378082528164,-2.0,medium,-0.2,74,False,nan,nan,world,decayed,0.03133935481309891,0.2,nan,world,decayed,0.035594116896390915,0.2,nan,world,decayed,0.03528357297182083,0.2,nan,world,decayed,0.03945353999733925,0.4,nan,world
soft_low,body_world,90382,True,True,m,1.3509200717074077,-4.0,short,-0.2,74,False,nan,nan,world,decayed,0.037634704262018204,0.4,nan,world,decayed,0.02478093095123768,0.0,nan,world,decayed,0.02581227943301201,0.0,nan,world,decayed,0.026095867156982422,0.0,nan,world
soft_low,body_world,90383,True,True,l,1.2311925915846564,4.0,medium,-0.2,58,False,nan,nan,world,decayed,0.03848772123456001,0.4,nan,world,decayed,0.029707029461860657,0.2,nan,world,decayed,0.02798689901828766,0.0,nan,world,decayed,0.034543588757514954,0.0,nan,world
soft_low,body_world,90384,True,True,m,1.524037917146982,-1.0,short,0.25,63,True,3.0,0.06614980846643448,world,settled,0.06324262917041779,1.0,0.09303371608257294,world,settled,0.08793486654758453,1.0,0.06268535554409027,world,settled,0.059048376977443695,1.0,0.1923733651638031,world,settled,0.1929333657026291,1.0,0.06614980846643448,world
soft_low,body_world,90385,True,True,l,1.3531822605860213,1.0,medium,-0.2,58,False,nan,nan,world,decayed,0.03733319789171219,0.2,nan,world,decayed,0.033781081438064575,0.0,nan,world,decayed,0.0315699577331543,0.0,nan,world,decayed,0.03678947687149048,0.0,nan,world
soft_low,body_world,90386,True,True,m,1.3095845696334245,2.0,short,0.1,61,False,nan,nan,world,decayed,0.04765608161687851,0.6,nan,world,decayed,0.03271626681089401,0.0,nan,world,decayed,0.026442041620612144,0.0,nan,world,decayed,0.027364740148186684,0.0,nan,world
soft_low,body_world,90387,True,True,l,1.3723802328668413,-2.0,medium,-0.2,61,False,nan,nan,world,decayed,0.03505426272749901,0.0,nan,world,decayed,0.0335378423333168,0.0,nan,world,decayed,0.03218371421098709,0.2,nan,world,decayed,0.03770260512828827,0.4,nan,world
soft_low,body_world,90388,True,True,m,1.6369604542264304,4.0,short,0.25,64,False,nan,nan,world,decayed,0.03615052253007889,0.2,nan,world,decayed,0.030630245804786682,0.2,nan,world,decayed,0.029993072152137756,0.2,nan,world,decayed,0.03721967712044716,0.2,nan,world
soft_low,body_world,90389,True,True,l,1.4434986184388112,4.0,medium,0.1,68,False,nan,nan,world,decayed,0.03468260169029236,0.2,nan,world,decayed,0.031376440078020096,0.0,nan,world,decayed,0.0338519923388958,0.0,nan,world,decayed,0.039095669984817505,0.4,nan,world
soft_low,body_world,90390,True,True,m,1.628686273513856,1.0,short,-0.25,63,True,3.0,0.06250341981649399,world,settled,0.06270933896303177,1.0,0.08738310635089874,world,settled,0.09051989763975143,1.0,0.06977041810750961,world,settled,0.06277676671743393,1.0,0.1975637972354889,world,settled,0.19109082221984863,1.0,0.06250341981649399,world
soft_low,body_world,90391,True,True,l,1.4997252692437577,-1.0,medium,-0.25,60,True,3.0,0.06375950574874878,world,settled,0.06492651998996735,1.0,0.08836247026920319,world,settled,0.08940484374761581,1.0,0.06259138137102127,world,settled,0.05964391678571701,1.0,0.183836430311203,world,settled,0.19822722673416138,1.0,0.06375950574874878,world
soft_low,body_world,90392,True,True,m,1.4793682183432437,2.0,short,-0.2,56,False,nan,nan,world,decayed,0.039882831275463104,0.2,nan,world,decayed,0.02716228738427162,0.2,nan,world,decayed,0.02585631050169468,0.0,nan,world,decayed,0.03387804701924324,0.2,nan,world
soft_low,body_world,90393,True,True,l,1.373838534697687,-2.0,medium,0.2,80,False,nan,nan,world,decayed,0.03450802341103554,0.2,nan,world,decayed,0.03535158559679985,0.2,nan,world,decayed,0.032395508140325546,0.0,nan,world,decayed,0.03678561747074127,0.0,nan,world
soft_low,body_world,90394,True,True,m,1.374879786515465,4.0,short,-0.2,58,False,nan,nan,world,decayed,0.03609421104192734,0.4,nan,world,decayed,0.028400037437677383,0.0,nan,world,decayed,0.02236480824649334,0.0,nan,world,decayed,0.027226027101278305,0.0,nan,world
soft_low,body_world,90395,True,True,l,1.2278138310881848,-4.0,medium,-0.2,72,False,nan,nan,world,decayed,0.03868043050169945,0.4,nan,world,decayed,0.028419911861419678,0.0,nan,world,decayed,0.027601081877946854,0.0,nan,world,decayed,0.030273189768195152,0.0,nan,world
soft_low,body_world,90396,True,True,m,1.5997246997728216,1.0,short,-0.15000000000000002,76,True,3.0,0.06465943157672882,world,settled,0.06672267615795135,1.0,0.088442362844944,world,settled,0.08477611839771271,1.0,0.06124531105160713,world,settled,0.06413483619689941,1.0,0.19226424396038055,world,settled,0.19400814175605774,1.0,0.06465943157672882,world
soft_low,body_world,90397,True,True,l,1.2083810902658325,1.0,medium,0.15000000000000002,74,True,3.0,0.060904622077941895,world,settled,0.0635974258184433,1.0,0.0942092314362526,world,settled,0.08663973212242126,1.0,0.06896896660327911,world,settled,0.07117550075054169,1.0,0.20461873710155487,world,settled,0.19444593787193298,1.0,0.060904622077941895,world
soft_low,body_world,90398,True,True,m,1.605681322392905,2.0,short,-0.05,61,True,3.0,0.06787426024675369,world,settled,0.06432880461215973,1.0,0.09267686307430267,world,settled,0.08808882534503937,1.0,0.06725861877202988,world,settled,0.060958974063396454,1.0,0.19566306471824646,world,settled,0.18993617594242096,1.0,0.06787426024675369,world
soft_low,body_world,90399,True,True,l,1.216354811034764,-2.0,medium,-0.25,60,False,nan,nan,world,decayed,0.0368666835129261,0.2,nan,world,decayed,0.029938798397779465,0.2,nan,world,decayed,0.029536951333284378,0.0,nan,world,decayed,0.031672824174165726,0.0,nan,world
soft_low,body_world,90400,True,True,m,1.3999353886758357,4.0,short,-0.05,71,False,nan,nan,world,decayed,0.03943505883216858,0.4,nan,world,decayed,0.029976507648825645,0.0,nan,world,decayed,0.02287139743566513,0.0,nan,world,decayed,0.025244813412427902,0.0,nan,world
soft_low,body_world,90401,True,True,l,1.3909618610188579,-4.0,medium,0.2,64,False,nan,nan,world,decayed,0.030222203582525253,0.0,nan,world,decayed,0.03983454778790474,0.2,nan,world,decayed,0.03166855126619339,0.0,nan,world,decayed,0.03495461121201515,0.2,nan,world
soft_low,body_world,90402,True,True,m,1.4765881692612393,-1.0,short,-0.15000000000000002,72,True,3.0,0.06505079567432404,world,settled,0.060612909495830536,1.0,0.09080604463815689,world,settled,0.09012670814990997,1.0,0.06807409226894379,world,settled,0.0617591068148613,1.0,0.20017299056053162,world,settled,0.19264821708202362,1.0,0.06505079567432404,world
soft_low,body_world,90403,True,True,l,1.2287348099119875,1.0,medium,-0.1,60,True,3.0,0.06568386405706406,world,settled,0.05903434753417969,1.0,0.09181960672140121,world,settled,0.09109321236610413,1.0,0.06978306919336319,world,settled,0.06035139411687851,1.0,0.20827707648277283,world,settled,0.1994084268808365,1.0,0.06568386405706406,world
soft_low,body_world,90404,True,True,m,1.5959684874168683,-2.0,short,-0.2,61,True,3.0,0.06335686147212982,world,settled,0.06498941779136658,1.0,0.085692398250103,world,settled,0.08370131999254227,1.0,0.05891997739672661,world,settled,0.06462236493825912,1.0,0.1844034641981125,world,settled,0.19091928005218506,1.0,0.06335686147212982,world
soft_low,body_world,90405,True,True,l,1.4263406910614387,-2.0,medium,-0.15000000000000002,77,False,nan,nan,world,decayed,0.030754312872886658,0.0,nan,world,decayed,0.032038915902376175,0.0,nan,world,decayed,0.03282291442155838,0.2,nan,world,decayed,0.0390629842877388,0.4,nan,world
soft_low,body_world,90406,True,True,m,1.5761825745829299,-4.0,short,0.25,68,False,nan,nan,world,decayed,0.03833385929465294,0.4,nan,world,decayed,0.03145306557416916,0.2,nan,world,decayed,0.029360216110944748,0.0,nan,world,decayed,0.035940006375312805,0.0,nan,world
soft_low,body_world,90407,True,True,l,1.3075505965528191,-4.0,medium,0.25,60,False,nan,nan,world,decayed,0.03761811926960945,0.2,nan,world,decayed,0.033868156373500824,0.2,nan,world,decayed,0.03277688845992088,0.0,nan,world,decayed,0.03816058114171028,0.4,nan,world
soft_low,body_world,90408,True,True,m,1.5508532757037867,1.0,short,-0.25,74,True,3.0,0.07436858117580414,world,settled,0.06526923179626465,1.0,0.0865674540400505,world,settled,0.08938678354024887,1.0,0.060195304453372955,world,settled,0.06237257272005081,1.0,0.19297930598258972,world,settled,0.19137120246887207,1.0,0.07436858117580414,world
soft_low,body_world,90409,True,True,l,1.386472676208235,1.0,medium,0.05,62,True,3.0,0.06911549717187881,world,settled,0.06566426157951355,1.0,0.09284953773021698,world,settled,0.09161193668842316,1.0,0.06870055943727493,world,settled,0.06623699516057968,1.0,0.20308513939380646,world,settled,0.2003585398197174,1.0,0.06911549717187881,world
soft_low,body_world,90410,True,True,m,1.305798982810204,2.0,short,0.0,73,False,nan,nan,world,decayed,0.03719379007816315,0.4,nan,world,decayed,0.0328235924243927,0.2,nan,world,decayed,0.0282005462795496,0.0,nan,world,decayed,0.028489310294389725,0.0,nan,world
soft_low,body_world,90411,True,True,l,1.201605261104429,-2.0,medium,0.15000000000000002,64,False,nan,nan,world,decayed,0.0443962886929512,0.6,nan,world,decayed,0.04649652540683746,0.6,nan,world,decayed,0.03695500269532204,0.2,nan,world,decayed,0.03860216960310936,0.2,nan,world
soft_low,body_world,90412,True,True,m,1.6785527327767333,-4.0,short,-0.2,66,False,nan,nan,world,decayed,0.03922911733388901,0.2,nan,world,decayed,0.0334380641579628,0.0,nan,world,decayed,0.032427944242954254,0.0,nan,world,decayed,0.03584331274032593,0.0,nan,world
soft_low,body_world,90413,True,True,l,1.497413653722908,4.0,medium,-0.05,68,False,nan,nan,world,decayed,0.030331715941429138,0.0,nan,world,decayed,0.026645567268133163,0.0,nan,world,decayed,0.03544365242123604,0.0,nan,alarm,persistent,0.04471811279654503,0.8,nan,world
soft_low,body_world,90414,True,True,m,1.6384059842206313,-1.0,short,-0.1,67,True,3.0,0.058916278183460236,world,settled,0.06404587626457214,1.0,0.08171384036540985,world,settled,0.08916965872049332,1.0,0.06772344559431076,world,settled,0.06016150116920471,1.0,0.19897422194480896,world,settled,0.19032517075538635,1.0,0.058916278183460236,world
soft_low,body_world,90415,True,True,l,1.4445958942354706,1.0,medium,-0.15000000000000002,61,False,nan,nan,world,decayed,0.03068416751921177,0.0,nan,world,decayed,0.028623586520552635,0.0,nan,world,decayed,0.03160737827420235,0.0,nan,world,decayed,0.04325341060757637,0.6,nan,world
soft_low,body_world,90416,True,True,m,1.4228738912776615,-2.0,short,-0.05,70,True,3.0,0.0743609145283699,world,settled,0.06348495185375214,1.0,0.08458451181650162,world,settled,0.0875786542892456,1.0,0.06807615607976913,world,settled,0.06325940787792206,1.0,0.19472596049308777,world,settled,0.19477441906929016,1.0,0.0743609145283699,world
soft_low,body_world,90417,True,True,l,1.412003609654068,-2.0,medium,-0.15000000000000002,63,False,nan,nan,world,decayed,0.03265472874045372,0.0,nan,world,decayed,0.031978290528059006,0.0,nan,world,decayed,0.030681675300002098,0.0,nan,world,decayed,0.038830164819955826,0.4,nan,world
soft_low,body_world,90418,True,True,m,1.6633408277228265,4.0,short,0.25,65,False,nan,nan,world,decayed,0.03389843553304672,0.2,nan,world,decayed,0.02428571507334709,0.0,nan,world,decayed,0.024664530530571938,0.0,nan,world,decayed,0.03405684977769852,0.0,nan,world
soft_low,body_world,90419,True,True,l,1.4868039659450991,-4.0,medium,0.25,75,False,nan,nan,world,decayed,0.037480030208826065,0.4,nan,world,decayed,0.03786427527666092,0.4,nan,alarm,persistent,0.042741559445858,0.8,nan,alarm,persistent,0.04947107285261154,0.8,nan,world
soft_low,body_world,90420,True,True,m,1.5449902128447706,1.0,short,-0.05,63,True,3.0,0.06829260289669037,world,settled,0.06499002128839493,1.0,0.09002359211444855,world,settled,0.08966881036758423,1.0,0.06151683256030083,world,settled,0.06180769205093384,1.0,0.1910078227519989,world,settled,0.1916392594575882,1.0,0.06829260289669037,world
soft_low,body_world,90421,True,True,l,1.3429074718778478,1.0,medium,-0.05,68,True,3.0,0.05937473848462105,world,settled,0.06871313601732254,1.0,0.08841089904308319,world,settled,0.09056678414344788,1.0,0.06640013307332993,world,settled,0.07265409827232361,1.0,0.1972777247428894,world,settled,0.20020106434822083,1.0,0.05937473848462105,world
soft_low,body_world,90422,True,True,m,1.4859152920245902,2.0,short,-0.2,56,False,nan,nan,world,decayed,0.04222559183835983,0.6,nan,world,decayed,0.02976433001458645,0.0,nan,world,decayed,0.029994774609804153,0.0,nan,world,decayed,0.03174499422311783,0.0,nan,world
soft_low,body_world,90423,True,True,l,1.4537628318674107,-2.0,medium,0.0,61,False,nan,nan,world,decayed,0.0357857421040535,0.0,nan,world,decayed,0.03650791198015213,0.0,nan,world,decayed,0.04115154594182968,0.6,nan,alarm,persistent,0.04797959327697754,0.8,nan,world
soft_low,body_world,90424,True,True,m,1.5039422662674549,-4.0,short,-0.2,72,False,nan,nan,world,decayed,0.03731419891119003,0.4,nan,world,decayed,0.033268339931964874,0.2,nan,world,decayed,0.029261033982038498,0.0,nan,world,decayed,0.0348324291408062,0.0,nan,world
soft_low,body_world,90425,True,True,l,1.484051795950852,4.0,medium,0.0,66,False,nan,nan,world,decayed,0.03071599081158638,0.0,nan,world,decayed,0.0360042005777359,0.0,nan,world,decayed,0.039990175515413284,0.4,nan,world,decayed,0.04123959317803383,0.6,nan,world
soft_low,body_world,90426,True,True,m,1.499613542769097,-1.0,short,-0.2,68,True,3.0,0.061576031148433685,world,settled,0.06424017995595932,1.0,0.08520177751779556,world,settled,0.09520603716373444,1.0,0.06464146077632904,world,settled,0.06514719873666763,1.0,0.19790926575660706,world,settled,0.19354842603206635,1.0,0.061576031148433685,world
soft_low,body_world,90427,True,True,l,1.2434438593395136,1.0,medium,0.05,67,True,3.0,0.06795646995306015,world,settled,0.058839164674282074,1.0,0.09083298593759537,world,settled,0.09044109284877777,1.0,0.07203851640224457,world,settled,0.06402041763067245,1.0,0.21043172478675842,body,settled,0.19859057664871216,1.0,0.06795646995306015,world
soft_low,body_world,90428,True,True,m,1.5747146197091175,2.0,short,0.25,64,False,nan,nan,world,decayed,0.037872325628995895,0.0,nan,world,decayed,0.026901159435510635,0.0,nan,world,decayed,0.02731575444340706,0.0,nan,world,decayed,0.028994465246796608,0.0,nan,world
soft_low,body_world,90429,True,True,l,1.4646053079069046,-2.0,medium,0.1,67,False,nan,nan,world,decayed,0.030261749401688576,0.2,nan,world,decayed,0.03584614396095276,0.4,nan,world,decayed,0.03400450199842453,0.2,nan,world,decayed,0.03585958480834961,0.4,nan,world
soft_low,body_world,90430,True,True,m,1.6725099978259204,-4.0,short,0.1,62,False,nan,nan,world,decayed,0.029674086719751358,0.4,nan,world,decayed,0.027531823143363,0.2,nan,world,decayed,0.02231643721461296,0.2,nan,world,decayed,0.030905116349458694,0.2,nan,world
soft_low,body_world,90431,True,True,l,1.3236542402011626,-4.0,medium,0.1,67,False,nan,nan,world,decayed,0.037796251475811005,0.4,nan,world,decayed,0.03337521106004715,0.4,nan,world,decayed,0.037804361432790756,0.2,nan,world,decayed,0.040700215846300125,0.6,nan,world
soft_low,body_world,90432,True,True,m,1.3642720743548598,-1.0,short,0.15000000000000002,61,True,3.0,0.055445194244384766,world,settled,0.07069062441587448,1.0,0.09241896867752075,world,settled,0.08765789866447449,1.0,0.06127607822418213,world,settled,0.06975224614143372,1.0,0.1971447616815567,world,settled,0.19820095598697662,1.0,0.055445194244384766,world
soft_low,body_world,90433,True,True,l,1.3743791243103016,-1.0,medium,0.05,77,True,3.0,0.06606116145849228,world,settled,0.067684605717659,1.0,0.09209483861923218,world,settled,0.08910040557384491,1.0,0.06569868326187134,world,settled,0.07349026203155518,1.0,0.19664566218852997,world,settled,0.2017844170331955,1.0,0.06606116145849228,world
soft_low,body_world,90434,True,True,m,1.4747028802268096,2.0,short,-0.05,62,False,nan,nan,world,decayed,0.03606473281979561,0.2,nan,world,decayed,0.029558682814240456,0.2,nan,world,decayed,0.02785821631550789,0.0,nan,world,decayed,0.03153615444898605,0.0,nan,world
soft_low,body_world,90435,True,True,l,1.3038106075252267,-2.0,medium,-0.2,60,False,nan,nan,world,decayed,0.03526798635721207,0.4,nan,world,decayed,0.03374309465289116,0.0,nan,world,decayed,0.03121209144592285,0.0,nan,world,decayed,0.032960113137960434,0.2,nan,world
soft_low,body_world,90436,True,True,m,1.6168586909623586,4.0,short,-0.05,79,False,nan,nan,world,decayed,0.04055720195174217,0.6,nan,world,decayed,0.029639801010489464,0.0,nan,world,decayed,0.03271443396806717,0.0,nan,world,decayed,0.03468310832977295,0.2,nan,world
soft_low,body_world,90437,True,True,l,1.3291113567705524,-4.0,medium,0.15000000000000002,77,False,nan,nan,world,decayed,0.030917277559638023,0.2,nan,world,decayed,0.030609900131821632,0.2,nan,world,decayed,0.03071042336523533,0.2,nan,world,decayed,0.037903111428022385,0.4,nan,world
soft_low,body_world,90438,True,True,m,1.329008599029527,-1.0,short,0.05,80,True,3.0,0.06680800020694733,world,settled,0.0652775764465332,1.0,0.08972913026809692,world,settled,0.08416067063808441,1.0,0.06304513663053513,world,settled,0.07343918830156326,1.0,0.1974751055240631,world,settled,0.1985088288784027,1.0,0.06680800020694733,world
soft_low,body_world,90439,True,True,l,1.445391509411858,1.0,medium,0.0,66,True,3.0,0.06436196714639664,world,settled,0.06717873364686966,1.0,0.09695778042078018,world,settled,0.09172464907169342,1.0,0.061439983546733856,world,settled,0.06155040115118027,1.0,0.20382878184318542,world,settled,0.19425609707832336,1.0,0.06436196714639664,world
soft_low,body_world,90440,True,True,m,1.5564106744089927,2.0,short,0.25,74,False,nan,nan,world,decayed,0.03494920954108238,0.2,nan,world,decayed,0.028094109147787094,0.0,nan,world,decayed,0.025233369320631027,0.0,nan,world,decayed,0.03143652155995369,0.0,nan,world
soft_low,body_world,90441,True,True,l,1.3070596772413094,2.0,medium,0.2,71,False,nan,nan,world,decayed,0.03093758225440979,0.2,nan,world,decayed,0.032141003757715225,0.2,nan,world,decayed,0.02905396744608879,0.0,nan,world,decayed,0.03398339822888374,0.2,nan,world
soft_low,body_world,90442,True,True,m,1.6269524228642334,4.0,short,0.25,74,False,nan,nan,world,decayed,0.038329675793647766,0.4,nan,world,decayed,0.03424979746341705,0.0,nan,world,decayed,0.031209975481033325,0.0,nan,world,decayed,0.035936139523983,0.4,nan,world
soft_low,body_world,90443,True,True,l,1.378277312801848,-4.0,medium,-0.1,72,False,nan,nan,world,decayed,0.02943119965493679,0.0,nan,world,decayed,0.03071407973766327,0.0,nan,world,decayed,0.03157424181699753,0.0,nan,world,decayed,0.036258239299058914,0.4,nan,world
soft_low,body_world,90444,True,True,m,1.453510197141481,1.0,short,0.0,71,True,3.0,0.06708641350269318,world,settled,0.06758449226617813,1.0,0.08566870540380478,world,settled,0.08987225592136383,1.0,0.06623854488134384,world,settled,0.06227640435099602,1.0,0.19881980121135712,world,settled,0.19600017368793488,1.0,0.06708641350269318,world
soft_low,body_world,90445,True,True,l,1.3665797638238526,-1.0,medium,0.0,62,True,3.0,0.07384419441223145,world,settled,0.0625690370798111,1.0,0.09313321113586426,world,settled,0.09817410260438919,1.0,0.06639669835567474,world,settled,0.06618593633174896,1.0,0.19301094114780426,world,settled,0.19864077866077423,1.0,0.07384419441223145,world
soft_low,body_world,90446,True,True,m,1.33490869903924,-2.0,short,-0.25,64,True,3.0,0.07185087352991104,world,settled,0.07074087858200073,1.0,0.10026571899652481,world,settled,0.09022684395313263,1.0,0.06966286897659302,world,settled,0.06494033336639404,1.0,0.17878268659114838,world,settled,0.19659852981567383,1.0,0.07185087352991104,world
soft_low,body_world,90447,True,True,l,1.360545744961593,2.0,medium,0.25,71,False,nan,nan,world,decayed,0.03547795116901398,0.2,nan,world,decayed,0.02871507965028286,0.0,nan,world,decayed,0.03547536954283714,0.2,nan,alarm,persistent,0.041568510234355927,0.8,nan,world
soft_low,body_world,90448,True,True,m,1.3926898559008811,4.0,short,0.0,79,False,nan,nan,world,decayed,0.045709457248449326,0.6,nan,world,decayed,0.027791138738393784,0.0,nan,world,decayed,0.028125092387199402,0.0,nan,world,decayed,0.027603086084127426,0.0,nan,world
soft_low,body_world,90449,True,True,l,1.4996288562259714,4.0,medium,-0.15000000000000002,69,False,nan,nan,world,decayed,0.03010645881295204,0.0,nan,world,decayed,0.03119824267923832,0.0,nan,world,decayed,0.0416996031999588,0.6,nan,alarm,persistent,0.0438043549656868,0.8,nan,world
soft_low,body_world,90450,True,True,m,1.6497126455801099,-1.0,short,-0.15000000000000002,68,True,3.0,0.0674050897359848,world,settled,0.0631963387131691,1.0,0.08459197729825974,world,settled,0.08803246915340424,1.0,0.06208432838320732,world,settled,0.06110905483365059,1.0,0.18862244486808777,world,settled,0.18873494863510132,1.0,0.0674050897359848,world
soft_low,body_world,90451,True,True,l,1.4011624978174013,-1.0,medium,-0.1,69,True,3.0,0.0658779889345169,world,settled,0.06694026291370392,1.0,0.09241320192813873,world,settled,0.09332717955112457,1.0,0.06351225078105927,world,settled,0.06562737375497818,1.0,0.19364045560359955,world,settled,0.19824707508087158,1.0,0.0658779889345169,world
soft_low,body_world,90452,True,True,m,1.3459971515369575,2.0,short,0.0,75,False,nan,nan,world,decayed,0.041746385395526886,0.6,nan,world,decayed,0.027015304192900658,0.2,nan,world,decayed,0.02312752604484558,0.0,nan,world,decayed,0.0290065947920084,0.0,nan,world
soft_low,body_world,90453,True,True,l,1.3128410648573021,-2.0,medium,-0.2,60,False,nan,nan,world,decayed,0.034003205597400665,0.0,nan,world,decayed,0.03577173501253128,0.4,nan,world,decayed,0.0356791652739048,0.2,nan,world,decayed,0.038155633956193924,0.0,nan,world
soft_low,body_world,90454,True,True,m,1.4532800695650452,4.0,short,0.25,80,False,nan,nan,world,decayed,0.04366769269108772,0.6,nan,world,decayed,0.028508132323622704,0.0,nan,world,decayed,0.030894095078110695,0.0,nan,world,decayed,0.030263150110840797,0.0,nan,world
soft_low,body_world,90455,True,True,l,1.4639866887179158,4.0,medium,0.1,63,False,nan,nan,world,decayed,0.03588572144508362,0.0,nan,world,decayed,0.035245344042778015,0.0,nan,world,decayed,0.03225091099739075,0.4,nan,world,decayed,0.04608793929219246,0.6,nan,world
soft_low,body_world,90456,True,True,m,1.437503394575647,1.0,short,-0.05,71,True,3.0,0.06382685899734497,world,settled,0.06390130519866943,1.0,0.09070152044296265,world,settled,0.08836566656827927,1.0,0.06140366941690445,world,settled,0.06127788498997688,1.0,0.19210462272167206,world,settled,0.19428840279579163,1.0,0.06382685899734497,world
soft_low,body_world,90457,True,True,l,1.433005966120608,-1.0,medium,0.1,79,True,3.0,0.06898227334022522,world,settled,0.06600398570299149,1.0,0.0903330147266388,world,settled,0.09065775573253632,1.0,0.06212376430630684,world,settled,0.06297735124826431,1.0,0.18802917003631592,world,settled,0.1956966072320938,1.0,0.06898227334022522,world
soft_low,body_world,90458,True,True,m,1.5714723561915191,-2.0,short,0.1,75,True,3.0,0.07001688331365585,world,settled,0.06724803149700165,1.0,0.09113862365484238,world,settled,0.08846230804920197,1.0,0.06538249552249908,world,settled,0.06465812027454376,1.0,0.18731191754341125,world,settled,0.19434037804603577,1.0,0.07001688331365585,world
soft_low,body_world,90459,True,True,l,1.423809978213943,-2.0,medium,-0.15000000000000002,75,False,nan,nan,world,decayed,0.0350363664329052,0.2,nan,world,decayed,0.033851075917482376,0.2,nan,world,decayed,0.042083609849214554,0.6,nan,world,decayed,0.045152824372053146,0.6,nan,world
soft_low,body_world,90460,True,True,m,1.501503010941712,-4.0,short,0.1,65,False,nan,nan,world,decayed,0.032163355499506,0.2,nan,world,decayed,0.028346505016088486,0.0,nan,world,decayed,0.019828395918011665,0.0,nan,world,decayed,0.030095865949988365,0.0,nan,world
soft_low,body_world,90461,True,True,l,1.4979893620177673,-4.0,medium,-0.05,68,False,nan,nan,world,decayed,0.02997191809117794,0.0,nan,world,decayed,0.036654066294431686,0.0,nan,world,decayed,0.03287093713879585,0.2,nan,world,decayed,0.03763730451464653,0.2,nan,world
soft_low,body_world,90462,True,True,m,1.32405485767968,-1.0,short,0.15000000000000002,61,True,3.0,0.06905331462621689,world,settled,0.06251800060272217,1.0,0.09045545756816864,world,settled,0.09334573149681091,1.0,0.07863343507051468,world,settled,0.06186783313751221,1.0,0.20255935192108154,world,settled,0.19554783403873444,1.0,0.06905331462621689,world
soft_low,body_world,90463,True,True,l,1.2959566174498844,1.0,medium,-0.05,60,True,3.0,0.062413644045591354,world,settled,0.06388422101736069,1.0,0.08443506062030792,world,settled,0.09113295376300812,1.0,0.07137564569711685,world,settled,0.061474382877349854,1.0,0.20134201645851135,world,settled,0.19502612948417664,1.0,0.062413644045591354,world
soft_low,body_world,90464,True,True,m,1.5484915809048363,-2.0,short,0.25,68,True,3.0,0.0656885951757431,world,settled,0.06494000554084778,1.0,0.0898427665233612,world,settled,0.08702582120895386,1.0,0.06524401158094406,world,settled,0.06555821746587753,1.0,0.18903882801532745,world,settled,0.19257721304893494,1.0,0.0656885951757431,world
soft_low,body_world,90465,True,True,l,1.428408630737959,-2.0,medium,-0.25,69,False,nan,nan,world,decayed,0.03187748044729233,0.0,nan,world,decayed,0.029552605003118515,0.0,nan,world,decayed,0.02594439685344696,0.2,nan,world,decayed,0.031373053789138794,0.2,nan,world
soft_low,body_world,90466,True,True,m,1.3278826334953207,4.0,short,0.1,72,False,nan,nan,alarm,persistent,0.04923776909708977,0.8,nan,world,decayed,0.031035561114549637,0.2,nan,world,decayed,0.028014037758111954,0.0,nan,world,decayed,0.027869030833244324,0.0,nan,alarm
soft_low,body_world,90467,True,True,l,1.224242705022093,-4.0,medium,0.2,67,False,nan,nan,world,decayed,0.04001180827617645,0.4,nan,world,decayed,0.02956560254096985,0.4,nan,world,decayed,0.031571708619594574,0.0,nan,world,decayed,0.03392724692821503,0.0,nan,world
soft_low,body_world,90468,True,True,m,1.377155487281401,1.0,short,0.25,65,True,3.0,0.06342814862728119,world,settled,0.06709522008895874,1.0,0.07972502708435059,world,settled,0.09319345653057098,1.0,0.06819238513708115,world,settled,0.06625493615865707,1.0,0.2035338580608368,world,settled,0.19728349149227142,1.0,0.06342814862728119,world
soft_low,body_world,90469,True,True,l,1.2775926055522053,-1.0,medium,-0.2,67,True,3.0,0.06273166835308075,world,settled,0.05781656503677368,1.0,0.08149213343858719,world,settled,0.08715562522411346,1.0,0.07232208549976349,world,settled,0.06620452553033829,1.0,0.18379196524620056,world,settled,0.19835038483142853,1.0,0.06273166835308075,world
soft_low,body_world,90470,True,True,m,1.5219750255884492,2.0,short,-0.05,70,False,nan,nan,world,decayed,0.039417095482349396,0.4,nan,world,decayed,0.034690845757722855,0.2,nan,world,decayed,0.03155701234936714,0.0,nan,world,decayed,0.03462763875722885,0.2,nan,world
soft_low,body_world,90471,True,True,l,1.2543795609592172,2.0,medium,0.0,63,False,nan,nan,world,decayed,0.03506609424948692,0.4,nan,world,decayed,0.034905172884464264,0.0,nan,world,decayed,0.03265831992030144,0.0,nan,world,decayed,0.03574039041996002,0.0,nan,world
soft_low,body_world,90472,True,True,m,1.523888147333015,4.0,short,0.25,77,False,nan,nan,world,decayed,0.03462468832731247,0.2,nan,world,decayed,0.027910396456718445,0.0,nan,world,decayed,0.0288368109613657,0.0,nan,world,decayed,0.031445033848285675,0.0,nan,world
soft_low,body_world,90473,True,True,l,1.4189126139922845,-4.0,medium,-0.25,63,False,nan,nan,world,decayed,0.030853992328047752,0.0,nan,world,decayed,0.027546530589461327,0.0,nan,world,decayed,0.0297272689640522,0.0,nan,world,decayed,0.036501869559288025,0.4,nan,world
soft_low,body_world,90474,True,True,m,1.3393605416224226,1.0,short,0.0,80,True,3.0,0.06955842673778534,world,settled,0.06259824335575104,1.0,0.08404546976089478,world,settled,0.0915248692035675,1.0,0.06495018303394318,world,settled,0.06248869746923447,1.0,0.1962701678276062,world,settled,0.19625639915466309,1.0,0.06955842673778534,world
soft_low,body_world,90475,True,True,l,1.4134205728523153,1.0,medium,0.1,66,False,nan,nan,world,decayed,0.036706145852804184,0.2,nan,world,decayed,0.031009605154395103,0.0,nan,world,decayed,0.03753899782896042,0.4,nan,alarm,persistent,0.04499756544828415,0.8,nan,world
soft_low,body_world,90476,True,True,m,1.3814810158500825,-2.0,short,0.0,70,True,3.0,0.06269215792417526,world,settled,0.06386209279298782,1.0,0.08886563032865524,world,settled,0.08949953317642212,1.0,0.07066617906093597,world,settled,0.062059663236141205,1.0,0.19323411583900452,world,settled,0.19517944753170013,1.0,0.06269215792417526,world
soft_low,body_world,90477,True,True,l,1.4674729887667173,2.0,medium,0.1,78,False,nan,nan,world,decayed,0.034819893538951874,0.2,nan,world,decayed,0.03378584608435631,0.0,nan,world,decayed,0.036639995872974396,0.0,nan,world,decayed,0.046644583344459534,0.6,nan,world
soft_low,body_world,90478,True,True,m,1.5027032697774165,4.0,short,0.0,80,False,nan,nan,world,decayed,0.04381600767374039,0.6,nan,world,decayed,0.03309498354792595,0.0,nan,world,decayed,0.031063904985785484,0.0,nan,world,decayed,0.03229857236146927,0.0,nan,world
soft_low,body_world,90479,True,True,l,1.3850046666885212,-4.0,medium,0.0,66,False,nan,nan,world,decayed,0.03620978444814682,0.0,nan,world,decayed,0.03471417352557182,0.2,nan,world,decayed,0.03206481412053108,0.0,nan,world,decayed,0.03958061710000038,0.4,nan,world
soft_low,calib,90480,False,False,,1.0,0.0,,0.0,64,True,3.0,0.060111843049526215,world,settled,0.06456610560417175,1.0,0.09195700287818909,world,settled,0.0888667181134224,1.0,0.06458332389593124,world,settled,0.07081717252731323,1.0,0.2004912793636322,world,settled,0.19768962264060974,1.0,0.060111843049526215,world
soft_low,calib,90481,False,False,,1.0,0.0,,0.0,76,True,3.0,0.07028581202030182,world,settled,0.05961565300822258,1.0,0.08801563084125519,world,settled,0.08918701112270355,1.0,0.07516412436962128,world,settled,0.06952352821826935,1.0,0.2023916244506836,world,settled,0.20031598210334778,1.0,0.07028581202030182,world
soft_low,calib,90482,False,False,,1.0,0.0,,0.0,79,True,3.0,0.06302584707736969,world,settled,0.06439805030822754,1.0,0.08406422287225723,world,settled,0.08922480046749115,1.0,0.07065458595752716,world,settled,0.06689558178186417,1.0,0.20279836654663086,world,settled,0.19907845556735992,1.0,0.06302584707736969,world
soft_low,calib,90483,False,False,,1.0,0.0,,0.0,70,True,3.0,0.06535729020833969,world,settled,0.08031413704156876,1.0,0.08662339299917221,world,settled,0.09192786365747452,1.0,0.06778956204652786,world,settled,0.08324754983186722,1.0,0.19554777443408966,world,settled,0.20097076892852783,1.0,0.06535729020833969,world
soft_low,calib,90484,False,False,,1.0,0.0,,0.0,69,True,3.0,0.06609312444925308,world,settled,0.06792227923870087,1.0,0.0934445708990097,world,settled,0.0890335887670517,1.0,0.06458143144845963,world,settled,0.06942055374383926,1.0,0.19989874958992004,world,settled,0.19870105385780334,1.0,0.06609312444925308,world
soft_low,calib,90485,False,False,,1.0,0.0,,0.0,78,True,3.0,0.09106409549713135,world,settled,0.07069212943315506,1.0,0.09625034034252167,world,settled,0.0888889878988266,1.0,0.09171236306428909,world,settled,0.08743608742952347,1.0,0.20301130414009094,world,settled,0.20056307315826416,1.0,0.09106409549713135,world
soft_low,calib,90486,False,False,,1.0,0.0,,0.0,79,True,3.0,0.07460258156061172,world,settled,0.059397000819444656,1.0,0.08232872188091278,world,settled,0.09388002753257751,1.0,0.07491475343704224,world,settled,0.06499619781970978,1.0,0.19659876823425293,world,settled,0.19963398575782776,1.0,0.07460258156061172,world
soft_low,calib,90487,False,False,,1.0,0.0,,0.0,74,True,3.0,0.06991946697235107,world,settled,0.07175551354885101,1.0,0.08650420606136322,world,settled,0.08919702470302582,1.0,0.07329515367746353,world,settled,0.07304991036653519,1.0,0.19845148921012878,world,settled,0.1995665431022644,1.0,0.06991946697235107,world
soft_low,calib,90488,False,False,,1.0,0.0,,0.0,62,True,3.0,0.06573136150836945,world,settled,0.06951908767223358,1.0,0.09181848913431168,world,settled,0.08826954662799835,1.0,0.06266386806964874,world,settled,0.07399941980838776,1.0,0.19970405101776123,world,settled,0.2007548063993454,1.0,0.06573136150836945,world
soft_low,calib,90489,False,False,,1.0,0.0,,0.0,65,True,3.0,0.07130955159664154,world,settled,0.07394804060459137,1.0,0.08955831825733185,world,settled,0.08921650052070618,1.0,0.07497500628232956,world,settled,0.07698351889848709,1.0,0.20010876655578613,world,settled,0.20213015377521515,1.0,0.07130955159664154,world
soft_low,calib,90490,False,False,,1.0,0.0,,0.0,70,True,3.0,0.062484659254550934,world,settled,0.06485724449157715,1.0,0.0849161148071289,world,settled,0.09610159695148468,1.0,0.06995187699794769,world,settled,0.0706193596124649,1.0,0.19735360145568848,world,settled,0.20309261977672577,1.0,0.062484659254550934,world
soft_low,calib,90491,False,False,,1.0,0.0,,0.0,63,True,3.0,0.06548751890659332,world,settled,0.06345676630735397,1.0,0.08583182841539383,world,settled,0.09371887892484665,1.0,0.07524194568395615,world,settled,0.08061905205249786,1.0,0.2023601531982422,world,settled,0.20401212573051453,1.0,0.06548751890659332,world
soft_low,calib,90492,False,False,,1.0,0.0,,0.0,66,True,3.0,0.06338944286108017,world,settled,0.0711279883980751,1.0,0.09198419004678726,world,settled,0.08621583878993988,1.0,0.06875232607126236,world,settled,0.07135345786809921,1.0,0.2006916105747223,world,settled,0.19873979687690735,1.0,0.06338944286108017,world
soft_low,calib,90493,False,False,,1.0,0.0,,0.0,80,True,3.0,0.08589845895767212,world,settled,0.06206052750349045,1.0,0.09098289906978607,world,settled,0.09177447110414505,1.0,0.08115103095769882,world,settled,0.06910932809114456,1.0,0.19710494577884674,world,settled,0.20062299072742462,1.0,0.08589845895767212,world
soft_low,calib,90494,False,False,,1.0,0.0,,0.0,79,True,3.0,0.05889164283871651,world,settled,0.0654352530837059,1.0,0.09083740413188934,world,settled,0.09127123653888702,1.0,0.06647664308547974,world,settled,0.070283904671669,1.0,0.19901670515537262,world,settled,0.20178623497486115,1.0,0.05889164283871651,world
soft_low,calib,90495,False,False,,1.0,0.0,,0.0,75,True,3.0,0.06374432146549225,world,settled,0.06255950778722763,1.0,0.08778689801692963,world,settled,0.08674256503582001,1.0,0.06960984319448471,world,settled,0.06963888555765152,1.0,0.20333290100097656,world,settled,0.19951730966567993,1.0,0.06374432146549225,world
soft_low,calib,90496,False,False,,1.0,0.0,,0.0,76,True,3.0,0.0655379444360733,world,settled,0.06652046740055084,1.0,0.09462852776050568,world,settled,0.08865376561880112,1.0,0.06778160482645035,world,settled,0.06972094625234604,1.0,0.2007354199886322,world,settled,0.1991608440876007,1.0,0.0655379444360733,world
soft_low,calib,90497,False,False,,1.0,0.0,,0.0,68,True,3.0,0.0684068575501442,world,settled,0.0635153204202652,1.0,0.09248095750808716,world,settled,0.09239517152309418,1.0,0.06870204210281372,world,settled,0.0701259896159172,1.0,0.19924737513065338,world,settled,0.2008175402879715,1.0,0.0684068575501442,world
soft_low,calib,90498,False,False,,1.0,0.0,,0.0,70,True,3.0,0.0814206600189209,world,settled,0.06462512910366058,1.0,0.0911240354180336,world,settled,0.09033266454935074,1.0,0.0801142156124115,world,settled,0.06949048489332199,1.0,0.1942177414894104,world,settled,0.19864363968372345,1.0,0.0814206600189209,world
soft_low,calib,90499,False,False,,1.0,0.0,,0.0,79,True,3.0,0.06397882848978043,world,settled,0.05922449752688408,1.0,0.09436611086130142,world,settled,0.08911896497011185,1.0,0.0635313019156456,world,settled,0.06409745663404465,1.0,0.201094388961792,world,settled,0.19869676232337952,1.0,0.06397882848978043,world
soft_low,calib,90500,False,False,,1.0,0.0,,0.0,72,True,3.0,0.06215326860547066,world,settled,0.0658695325255394,1.0,0.08505794405937195,world,settled,0.09038345515727997,1.0,0.07022488117218018,world,settled,0.07093580067157745,1.0,0.20162439346313477,world,settled,0.19931665062904358,1.0,0.06215326860547066,world
soft_low,calib,90501,False,False,,1.0,0.0,,0.0,76,True,3.0,0.0688566192984581,world,settled,0.06947354972362518,1.0,0.08672362565994263,world,settled,0.08503628522157669,1.0,0.06956251710653305,world,settled,0.07215374708175659,1.0,0.19927442073822021,world,settled,0.19923928380012512,1.0,0.0688566192984581,world
soft_low,calib,90502,False,False,,1.0,0.0,,0.0,76,True,3.0,0.05870523303747177,world,settled,0.06759455800056458,1.0,0.09147320687770844,world,settled,0.07938554137945175,1.0,0.06922262907028198,world,settled,0.07511197030544281,1.0,0.19996248185634613,world,settled,0.19904710352420807,1.0,0.05870523303747177,world
soft_low,calib,90503,False,False,,1.0,0.0,,0.0,63,True,3.0,0.06365452706813812,world,settled,0.0678483098745346,1.0,0.08908562362194061,world,settled,0.09127600491046906,1.0,0.06595514714717865,world,settled,0.07120969891548157,1.0,0.20030057430267334,world,settled,0.2021886110305786,1.0,0.06365452706813812,world
soft_low,calib,90504,False,False,,1.0,0.0,,0.0,72,True,3.0,0.06085296720266342,world,settled,0.061185888946056366,1.0,0.08359755575656891,world,settled,0.09590785950422287,1.0,0.06751901656389236,world,settled,0.06624787300825119,1.0,0.20137862861156464,world,settled,0.20043618977069855,1.0,0.06085296720266342,world
soft_low,calib,90505,False,False,,1.0,0.0,,0.0,75,True,3.0,0.06987585127353668,world,settled,0.06802995502948761,1.0,0.08275085687637329,world,settled,0.09160116314888,1.0,0.07701843976974487,world,settled,0.08093877136707306,1.0,0.19979378581047058,world,settled,0.2025316208600998,1.0,0.06987585127353668,world
soft_low,calib,90506,False,False,,1.0,0.0,,0.0,78,True,3.0,0.07161121070384979,world,settled,0.06838992238044739,1.0,0.08712457120418549,world,settled,0.09051033854484558,1.0,0.07836223393678665,world,settled,0.07048074156045914,1.0,0.202253058552742,world,settled,0.19960343837738037,1.0,0.07161121070384979,world
soft_low,calib,90507,False,False,,1.0,0.0,,0.0,72,True,3.0,0.07365871965885162,world,settled,0.06527049094438553,1.0,0.08805977553129196,world,settled,0.09010197222232819,1.0,0.07750043272972107,world,settled,0.07659156620502472,1.0,0.19506870210170746,world,settled,0.1995571106672287,1.0,0.07365871965885162,world
soft_low,calib,90508,False,False,,1.0,0.0,,0.0,68,True,3.0,0.06396007537841797,world,settled,0.06421272456645966,1.0,0.08496838808059692,world,settled,0.09545595198869705,1.0,0.06962226331233978,world,settled,0.0661834180355072,1.0,0.20207853615283966,world,settled,0.20177900791168213,1.0,0.06396007537841797,world
soft_low,calib,90509,False,False,,1.0,0.0,,0.0,69,True,3.0,0.06733214855194092,world,settled,0.06346340477466583,1.0,0.09133406728506088,world,settled,0.09086792916059494,1.0,0.06825772672891617,world,settled,0.06544625014066696,1.0,0.1986180990934372,world,settled,0.20208168029785156,1.0,0.06733214855194092,world
soft_low,calib,90510,False,False,,1.0,0.0,,0.0,60,True,3.0,0.07585319131612778,world,settled,0.06176634877920151,1.0,0.09540095180273056,world,settled,0.0926971286535263,1.0,0.07852627336978912,world,settled,0.0666995495557785,1.0,0.1957392394542694,world,settled,0.201468825340271,1.0,0.07585319131612778,world
soft_low,calib,90511,False,False,,1.0,0.0,,0.0,67,True,3.0,0.07406532764434814,world,settled,0.06643988192081451,1.0,0.08912335336208344,world,settled,0.09354566037654877,1.0,0.08036582171916962,world,settled,0.06829117983579636,1.0,0.19911226630210876,world,settled,0.20001773536205292,1.0,0.07406532764434814,world
soft_low,calib,90512,False,False,,1.0,0.0,,0.0,65,True,3.0,0.0577322356402874,world,settled,0.07199914753437042,1.0,0.09475767612457275,world,settled,0.08913944661617279,1.0,0.06406080722808838,world,settled,0.07557308673858643,1.0,0.2038411647081375,world,settled,0.19834454357624054,1.0,0.0577322356402874,world
soft_low,calib,90513,False,False,,1.0,0.0,,0.0,79,True,3.0,0.06668812036514282,world,settled,0.07221837341785431,1.0,0.08833660930395126,world,settled,0.08865013718605042,1.0,0.06309128552675247,world,settled,0.07366836071014404,1.0,0.19689148664474487,world,settled,0.19907833635807037,1.0,0.06668812036514282,world
soft_low,calib,90514,False,False,,1.0,0.0,,0.0,62,True,3.0,0.0777549147605896,world,settled,0.08779619634151459,1.0,0.09212057292461395,world,settled,0.08746761083602905,1.0,0.07753529399633408,world,settled,0.0903480276465416,1.0,0.2032446563243866,world,settled,0.19865399599075317,1.0,0.0777549147605896,world
soft_low,calib,90515,False,False,,1.0,0.0,,0.0,75,True,3.0,0.08682086318731308,world,settled,0.06799282133579254,1.0,0.08883388340473175,world,settled,0.08860470354557037,1.0,0.08701102435588837,world,settled,0.0750596895813942,1.0,0.20004263520240784,world,settled,0.1995890885591507,1.0,0.08682086318731308,world
soft_low,calib,90516,False,False,,1.0,0.0,,0.0,71,True,3.0,0.06594698131084442,world,settled,0.06750032305717468,1.0,0.09217314422130585,world,settled,0.08738655596971512,1.0,0.07604442536830902,world,settled,0.07118494808673859,1.0,0.20196866989135742,world,settled,0.19919084012508392,1.0,0.06594698131084442,world
soft_low,calib,90517,False,False,,1.0,0.0,,0.0,77,True,3.0,0.0848802775144577,world,settled,0.06265011429786682,1.0,0.08395526558160782,world,settled,0.09194010496139526,1.0,0.0826297178864479,world,settled,0.06704195588827133,1.0,0.20260095596313477,world,settled,0.20489446818828583,1.0,0.0848802775144577,world
soft_low,calib,90518,False,False,,1.0,0.0,,0.0,72,True,3.0,0.07526565343141556,world,settled,0.06342361867427826,1.0,0.0884493887424469,world,settled,0.09191150963306427,1.0,0.07437833398580551,world,settled,0.0670882984995842,1.0,0.19230696558952332,world,settled,0.20009362697601318,1.0,0.07526565343141556,world
soft_low,calib,90519,False,False,,1.0,0.0,,0.0,76,True,3.0,0.06797812134027481,world,settled,0.06434012949466705,1.0,0.09123170375823975,world,settled,0.08548329770565033,1.0,0.0776115208864212,world,settled,0.07433460652828217,1.0,0.19740977883338928,world,settled,0.20068931579589844,1.0,0.06797812134027481,world
soft_low,calib,90520,False,False,,1.0,0.0,,0.0,76,True,3.0,0.0626482218503952,world,settled,0.06276733428239822,1.0,0.09155740588903427,world,settled,0.09111246466636658,1.0,0.06998097896575928,world,settled,0.06632230430841446,1.0,0.19979749619960785,world,settled,0.1989852488040924,1.0,0.0626482218503952,world
soft_low,calib,90521,False,False,,1.0,0.0,,0.0,64,True,3.0,0.0659404844045639,world,settled,0.06862538307905197,1.0,0.08884114027023315,world,settled,0.08455558121204376,1.0,0.07521325349807739,world,settled,0.07212549448013306,1.0,0.19883595407009125,world,settled,0.19877208769321442,1.0,0.0659404844045639,world
soft_low,calib,90522,False,False,,1.0,0.0,,0.0,80,True,3.0,0.08720126003026962,world,settled,0.06384719908237457,1.0,0.0873839408159256,world,settled,0.09081210196018219,1.0,0.08723077923059464,world,settled,0.0683748871088028,1.0,0.20337171852588654,world,settled,0.19985082745552063,1.0,0.08720126003026962,world
soft_low,calib,90523,False,False,,1.0,0.0,,0.0,64,True,3.0,0.06990309059619904,world,settled,0.06894979625940323,1.0,0.07740239799022675,world,settled,0.0879240483045578,1.0,0.08213912695646286,world,settled,0.07420597225427628,1.0,0.1999186873435974,world,settled,0.19735023379325867,1.0,0.06990309059619904,world
soft_low,calib,90524,False,False,,1.0,0.0,,0.0,60,True,3.0,0.0680532306432724,world,settled,0.06465306133031845,1.0,0.08746303617954254,world,settled,0.08944163471460342,1.0,0.07361091673374176,world,settled,0.06726773828268051,1.0,0.19968166947364807,world,settled,0.1992776095867157,1.0,0.0680532306432724,world
soft_low,calib,90525,False,False,,1.0,0.0,,0.0,74,True,3.0,0.06415249407291412,world,settled,0.06438808143138885,1.0,0.095535047352314,world,settled,0.08715192973613739,1.0,0.06416501849889755,world,settled,0.06702705472707748,1.0,0.2008967101573944,world,settled,0.19982340931892395,1.0,0.06415249407291412,world
soft_low,calib,90526,False,False,,1.0,0.0,,0.0,64,True,3.0,0.07425423711538315,world,settled,0.071480393409729,1.0,0.08988107740879059,world,settled,0.08410090953111649,1.0,0.07087770849466324,world,settled,0.07531353086233139,1.0,0.2015436589717865,world,settled,0.19889633357524872,1.0,0.07425423711538315,world
soft_low,calib,90527,False,False,,1.0,0.0,,0.0,77,True,3.0,0.06087291240692139,world,settled,0.059813909232616425,1.0,0.08656729757785797,world,settled,0.09167371690273285,1.0,0.06777532398700714,world,settled,0.06679161638021469,1.0,0.20171013474464417,world,settled,0.20130153000354767,1.0,0.06087291240692139,world
soft_low,calib,90528,False,False,,1.0,0.0,,0.0,69,True,3.0,0.06332454830408096,world,settled,0.07155463844537735,1.0,0.08454800397157669,world,settled,0.08549659699201584,1.0,0.06992010027170181,world,settled,0.076386958360672,1.0,0.19817698001861572,world,settled,0.2019672691822052,1.0,0.06332454830408096,world
soft_low,calib,90529,False,False,,1.0,0.0,,0.0,61,True,3.0,0.060992300510406494,world,settled,0.06505705416202545,1.0,0.08986327797174454,world,settled,0.08643285930156708,1.0,0.06470178067684174,world,settled,0.06750886887311935,1.0,0.20252776145935059,world,settled,0.20027096569538116,1.0,0.060992300510406494,world
