config,cell,seed,has_body,has_push,param,factor,torque,duration_name,offset_s,onset,settled,settle_time_s,single_settled_score,single_verdict,single_path,single_late_block_median,single_late_frac_above_alarm,k2_settled_score,k2_verdict,k2_path,k2_late_block_median,k2_late_frac_above_alarm,k4_settled_score,k4_verdict,k4_path,k4_late_block_median,k4_late_frac_above_alarm,k8_settled_score,k8_verdict,k8_path,k8_late_block_median,k8_late_frac_above_alarm,logged_settled_score,logged_verdict
stiff_none,neither,90000,False,False,,1.0,0.0,,0.0,79,True,3.0,0.05058721452951431,world,settled,0.048745281994342804,1.0,0.059621989727020264,world,settled,0.0644707903265953,1.0,0.09884949028491974,world,settled,0.10209592431783676,1.0,0.12905701994895935,world,settled,0.1253180056810379,1.0,0.05058721452951431,world
stiff_none,neither,90001,False,False,,1.0,0.0,,0.0,75,True,3.0,0.05069258064031601,world,settled,0.05074825882911682,1.0,0.06424659490585327,world,settled,0.061488889157772064,1.0,0.09443528950214386,world,settled,0.09948442131280899,1.0,0.1261400729417801,world,settled,0.1264214664697647,1.0,0.05069258064031601,world
stiff_none,neither,90002,False,False,,1.0,0.0,,0.0,65,True,3.0,0.05222350358963013,world,settled,0.05068288370966911,1.0,0.05993743985891342,world,settled,0.06150168180465698,1.0,0.10286470502614975,world,settled,0.10001947730779648,1.0,0.12647131085395813,world,settled,0.12698295712471008,1.0,0.05222350358963013,world
stiff_none,neither,90003,False,False,,1.0,0.0,,0.0,61,True,3.0,0.049003906548023224,world,settled,0.04944214969873428,1.0,0.06472410261631012,world,settled,0.06230785325169563,1.0,0.09732981026172638,world,settled,0.09929284453392029,1.0,0.12550534307956696,world,settled,0.12549838423728943,1.0,0.049003906548023224,world
stiff_none,neither,90004,False,False,,1.0,0.0,,0.0,76,True,3.0,0.048202380537986755,world,settled,0.05078279972076416,1.0,0.06393469870090485,world,settled,0.06171095371246338,1.0,0.10175255686044693,world,settled,0.10047680139541626,1.0,0.1253039389848709,world,settled,0.12707482278347015,1.0,0.048202380537986755,world
stiff_none,neither,90005,False,False,,1.0,0.0,,0.0,79,True,3.0,0.05135510116815567,world,settled,0.051431961357593536,1.0,0.06175905466079712,world,settled,0.06090136244893074,1.0,0.09817597270011902,world,settled,0.09536400437355042,1.0,0.12710197269916534,world,settled,0.1290770024061203,1.0,0.05135510116815567,world
stiff_none,neither,90006,False,False,,1.0,0.0,,0.0,74,True,3.0,0.05169863626360893,world,settled,0.04828290641307831,1.0,0.0611942894756794,world,settled,0.06531959772109985,1.0,0.09715696424245834,world,settled,0.0967705175280571,1.0,0.12782198190689087,world,settled,0.12515923380851746,1.0,0.05169863626360893,world
stiff_none,neither,90007,False,False,,1.0,0.0,,0.0,79,True,3.0,0.05106554180383682,world,settled,0.05026441812515259,1.0,0.06259975582361221,world,settled,0.0613628551363945,1.0,0.09908484667539597,world,settled,0.09977437555789948,1.0,0.12819674611091614,world,settled,0.1262650191783905,1.0,0.05106554180383682,world
stiff_none,neither,90008,False,False,,1.0,0.0,,0.0,62,True,3.0,0.04894619435071945,world,settled,0.05098792165517807,1.0,0.05945635586977005,world,settled,0.061727363616228104,1.0,0.10441531985998154,world,settled,0.10179473459720612,1.0,0.12495806068181992,world,settled,0.12427927553653717,1.0,0.04894619435071945,world
stiff_none,neither,90009,False,False,,1.0,0.0,,0.0,74,True,3.0,0.05061470344662666,world,settled,0.051007211208343506,1.0,0.06241419166326523,world,settled,0.06206715852022171,1.0,0.09842360764741898,world,settled,0.09979398548603058,1.0,0.126409649848938,world,settled,0.12423964589834213,1.0,0.05061470344662666,world
stiff_none,neither,90010,False,False,,1.0,0.0,,0.0,72,True,3.0,0.052226077765226364,world,settled,0.049732089042663574,1.0,0.06158622354269028,world,settled,0.06172599643468857,1.0,0.09990216791629791,world,settled,0.10069209337234497,1.0,0.12791915237903595,world,settled,0.12561270594596863,1.0,0.052226077765226364,world
stiff_none,neither,90011,False,False,,1.0,0.0,,0.0,71,True,3.0,0.05237162113189697,world,settled,0.050742942839860916,1.0,0.0622212290763855,world,settled,0.062267739325761795,1.0,0.09495934098958969,world,settled,0.09923876821994781,1.0,0.12693771719932556,world,settled,0.12560950219631195,1.0,0.05237162113189697,world
stiff_none,neither,90012,False,False,,1.0,0.0,,0.0,62,True,3.0,0.050133369863033295,world,settled,0.050712306052446365,1.0,0.06361465156078339,world,settled,0.06302540749311447,1.0,0.0986739993095398,world,settled,0.10048554092645645,1.0,0.1277882605791092,world,settled,0.12376530468463898,1.0,0.050133369863033295,world
stiff_none,neither,90013,False,False,,1.0,0.0,,0.0,68,True,3.0,0.05186930298805237,world,settled,0.05115126445889473,1.0,0.06117597967386246,world,settled,0.06264233589172363,1.0,0.09748957306146622,world,settled,0.09853965789079666,1.0,0.12641951441764832,world,settled,0.1252865344285965,1.0,0.05186930298805237,world
stiff_none,neither,90014,False,False,,1.0,0.0,,0.0,80,True,3.0,0.05067729949951172,world,settled,0.05028457194566727,1.0,0.06422921270132065,world,settled,0.062055330723524094,1.0,0.09981833398342133,world,settled,0.10105428844690323,1.0,0.12559480965137482,world,settled,0.12394138425588608,1.0,0.05067729949951172,world
stiff_none,neither,90015,False,False,,1.0,0.0,,0.0,76,True,3.0,0.051138944923877716,world,settled,0.052091337740421295,1.0,0.06144360452890396,world,settled,0.06227590888738632,1.0,0.09591975808143616,world,settled,0.09830214083194733,1.0,0.12702472507953644,world,settled,0.1275646835565567,1.0,0.051138944923877716,world
stiff_none,neither,90016,False,False,,1.0,0.0,,0.0,76,True,3.0,0.05100393295288086,world,settled,0.0496700294315815,1.0,0.06131765991449356,world,settled,0.06308525800704956,1.0,0.10248343646526337,world,settled,0.09922222793102264,1.0,0.12601420283317566,world,settled,0.12551520764827728,1.0,0.05100393295288086,world
stiff_none,neither,90017,False,False,,1.0,0.0,,0.0,74,True,3.0,0.05044852942228317,world,settled,0.05140851065516472,1.0,0.06050608307123184,world,settled,0.06187457963824272,1.0,0.10251148790121078,world,settled,0.09866611659526825,1.0,0.12547658383846283,world,settled,0.12490063905715942,1.0,0.05044852942228317,world
stiff_none,neither,90018,False,False,,1.0,0.0,,0.0,66,True,3.0,0.05051250383257866,world,settled,0.05016406252980232,1.0,0.06332658231258392,world,settled,0.06093164160847664,1.0,0.10044735670089722,world,settled,0.10152795165777206,1.0,0.12460406124591827,world,settled,0.1253984272480011,1.0,0.05051250383257866,world
stiff_none,neither,90019,False,False,,1.0,0.0,,0.0,66,True,3.0,0.05012686923146248,world,settled,0.05046343058347702,1.0,0.06174151971936226,world,settled,0.0631309449672699,1.0,0.10470666736364365,world,settled,0.09738476574420929,1.0,0.12588565051555634,world,settled,0.12623827159404755,1.0,0.05012686923146248,world
stiff_none,neither,90020,False,False,,1.0,0.0,,0.0,73,True,3.0,0.0495310015976429,world,settled,0.050238244235515594,1.0,0.05968720465898514,world,settled,0.0595209114253521,1.0,0.10534143447875977,world,settled,0.10087519884109497,1.0,0.12528924643993378,world,settled,0.12624163925647736,1.0,0.0495310015976429,world
stiff_none,neither,90021,False,False,,1.0,0.0,,0.0,74,True,3.0,0.05144088342785835,world,settled,0.051218558102846146,1.0,0.06282864511013031,world,settled,0.06328748911619186,1.0,0.09878136962652206,world,settled,0.09680216014385223,1.0,0.12571211159229279,world,settled,0.12567666172981262,1.0,0.05144088342785835,world
stiff_none,neither,90022,False,False,,1.0,0.0,,0.0,66,True,3.0,0.050566233694553375,world,settled,0.04907064884901047,1.0,0.06137493997812271,world,settled,0.06131851673126221,1.0,0.0956002026796341,world,settled,0.10099571943283081,1.0,0.12798328697681427,world,settled,0.12693753838539124,1.0,0.050566233694553375,world
stiff_none,neither,90023,False,False,,1.0,0.0,,0.0,75,True,3.0,0.04972334951162338,world,settled,0.050763875246047974,1.0,0.06199641153216362,world,settled,0.061758555471897125,1.0,0.10101523250341415,world,settled,0.09702380746603012,1.0,0.12516732513904572,world,settled,0.12726488709449768,1.0,0.04972334951162338,world
stiff_none,neither,90024,False,False,,1.0,0.0,,0.0,73,True,3.0,0.04728797823190689,world,settled,0.04937905818223953,1.0,0.06284184753894806,world,settled,0.06232370808720589,1.0,0.09806722402572632,world,settled,0.09907163679599762,1.0,0.12527012825012207,world,settled,0.12500658631324768,1.0,0.04728797823190689,world
stiff_none,neither,90025,False,False,,1.0,0.0,,0.0,68,True,3.0,0.0522424578666687,world,settled,0.05010275915265083,1.0,0.06127933785319328,world,settled,0.06155883148312569,1.0,0.10329625755548477,world,settled,0.10020526498556137,1.0,0.12815669178962708,world,settled,0.12775108218193054,1.0,0.0522424578666687,world
stiff_none,neither,90026,False,False,,1.0,0.0,,0.0,73,True,3.0,0.052496958523988724,world,settled,0.0505976602435112,1.0,0.06307912617921829,world,settled,0.06081860139966011,1.0,0.1004701629281044,world,settled,0.10163972526788712,1.0,0.12787827849388123,world,settled,0.1277502179145813,1.0,0.052496958523988724,world
stiff_none,neither,90027,False,False,,1.0,0.0,,0.0,61,True,3.0,0.05096929147839546,world,settled,0.050392985343933105,1.0,0.06192289665341377,world,settled,0.061717819422483444,1.0,0.10079403966665268,world,settled,0.09808243811130524,1.0,0.12727458775043488,world,settled,0.12702111899852753,1.0,0.05096929147839546,world
stiff_none,neither,90028,False,False,,1.0,0.0,,0.0,71,True,3.0,0.0480048730969429,world,settled,0.04926768317818642,1.0,0.06125009059906006,world,settled,0.06260717660188675,1.0,0.10416406393051147,world,settled,0.0999712198972702,1.0,0.12468836456537247,world,settled,0.12754014134407043,1.0,0.0480048730969429,world
stiff_none,neither,90029,False,False,,1.0,0.0,,0.0,60,True,3.0,0.04910833761096001,world,settled,0.05084308981895447,1.0,0.061555445194244385,world,settled,0.06097864359617233,1.0,0.1054983139038086,world,settled,0.10125120729207993,1.0,0.12475285679101944,world,settled,0.12582585215568542,1.0,0.04910833761096001,world
stiff_none,neither,90030,False,False,,1.0,0.0,,0.0,72,True,3.0,0.05027160048484802,world,settled,0.05138437822461128,1.0,0.0593714714050293,world,settled,0.06280665844678879,1.0,0.10823491960763931,world,settled,0.10017716884613037,1.0,0.1266331821680069,world,settled,0.12615740299224854,1.0,0.05027160048484802,world
stiff_none,neither,90031,False,False,,1.0,0.0,,0.0,65,True,3.0,0.049773745238780975,world,settled,0.05008358880877495,1.0,0.06094087287783623,world,settled,0.061270248144865036,1.0,0.10192915052175522,world,settled,0.10043965280056,1.0,0.1254132091999054,world,settled,0.12406010925769806,1.0,0.049773745238780975,world
stiff_none,neither,90032,False,False,,1.0,0.0,,0.0,78,True,3.0,0.05025256425142288,world,settled,0.05018986389040947,1.0,0.06344817578792572,world,settled,0.06242003291845322,1.0,0.10020039230585098,world,settled,0.09881993383169174,1.0,0.12554815411567688,world,settled,0.1265917718410492,1.0,0.05025256425142288,world
stiff_none,neither,90033,False,False,,1.0,0.0,,0.0,74,True,3.0,0.04830946773290634,world,settled,0.04985738545656204,1.0,0.062468767166137695,world,settled,0.06287597119808197,1.0,0.09604519605636597,world,settled,0.1018582358956337,1.0,0.12422796338796616,world,settled,0.12590177357196808,1.0,0.04830946773290634,world
stiff_none,neither,90034,False,False,,1.0,0.0,,0.0,63,True,3.0,0.05244703218340874,world,settled,0.05096403509378433,1.0,0.06400294601917267,world,settled,0.06258291006088257,1.0,0.10086320340633392,world,settled,0.09836754947900772,1.0,0.12662646174430847,world,settled,0.12706145644187927,1.0,0.05244703218340874,world
stiff_none,neither,90035,False,False,,1.0,0.0,,0.0,66,True,3.0,0.049545325338840485,world,settled,0.05080188065767288,1.0,0.06528815627098083,world,settled,0.06196336820721626,1.0,0.0997227281332016,world,settled,0.09683756530284882,1.0,0.12392735481262207,world,settled,0.1259877234697342,1.0,0.049545325338840485,world
stiff_none,neither,90036,False,False,,1.0,0.0,,0.0,61,True,3.0,0.05148151516914368,world,settled,0.051054567098617554,1.0,0.06347589194774628,world,settled,0.06180676817893982,1.0,0.10061128437519073,world,settled,0.1000765711069107,1.0,0.1259017288684845,world,settled,0.1267215609550476,1.0,0.05148151516914368,world
stiff_none,neither,90037,False,False,,1.0,0.0,,0.0,69,True,3.0,0.049282897263765335,world,settled,0.05069924145936966,1.0,0.06027323752641678,world,settled,0.06294240057468414,1.0,0.0999390184879303,world,settled,0.09785418212413788,1.0,0.12422020733356476,world,settled,0.12537629902362823,1.0,0.049282897263765335,world
stiff_none,neither,90038,False,False,,1.0,0.0,,0.0,63,True,3.0,0.04848343878984451,world,settled,0.05021176487207413,1.0,0.06165251135826111,world,settled,0.063221774995327,1.0,0.09724963456392288,world,settled,0.09861712902784348,1.0,0.12631019949913025,world,settled,0.12603804469108582,1.0,0.04848343878984451,world
stiff_none,neither,90039,False,False,,1.0,0.0,,0.0,63,True,3.0,0.052642762660980225,world,settled,0.050862401723861694,1.0,0.06237082555890083,world,settled,0.06220663711428642,1.0,0.09994448721408844,world,settled,0.10019389539957047,1.0,0.1282946616411209,world,settled,0.1252347230911255,1.0,0.052642762660980225,world
stiff_none,neither,90040,False,False,,1.0,0.0,,0.0,66,True,3.0,0.05061274766921997,world,settled,0.05007879063487053,1.0,0.06217158958315849,world,settled,0.0628841370344162,1.0,0.09678691625595093,world,settled,0.09858530759811401,1.0,0.12710687518119812,world,settled,0.12613904476165771,1.0,0.05061274766921997,world
stiff_none,neither,90041,False,False,,1.0,0.0,,0.0,71,True,3.0,0.05092564970254898,world,settled,0.05192263051867485,1.0,0.06323115527629852,world,settled,0.06156965345144272,1.0,0.10207626968622208,world,settled,0.09816283732652664,1.0,0.1233806386590004,world,settled,0.12623316049575806,1.0,0.05092564970254898,world
stiff_none,neither,90042,False,False,,1.0,0.0,,0.0,64,True,3.0,0.049593739211559296,world,settled,0.050200462341308594,1.0,0.06338824331760406,world,settled,0.06191089749336243,1.0,0.10242865234613419,world,settled,0.09846029430627823,1.0,0.12750272452831268,world,settled,0.1276625543832779,1.0,0.049593739211559296,world
stiff_none,neither,90043,False,False,,1.0,0.0,,0.0,79,True,3.0,0.05074165016412735,world,settled,0.051512449979782104,1.0,0.061051398515701294,world,settled,0.06135217100381851,1.0,0.10377629101276398,world,settled,0.09836192429065704,1.0,0.12564849853515625,world,settled,0.12566755712032318,1.0,0.05074165016412735,world
stiff_none,neither,90044,False,False,,1.0,0.0,,0.0,65,True,3.0,0.04917917773127556,world,settled,0.05113375931978226,1.0,0.06054704263806343,world,settled,0.06137103587388992,1.0,0.09896029531955719,world,settled,0.09706594794988632,1.0,0.1246701329946518,world,settled,0.12683019042015076,1.0,0.04917917773127556,world
stiff_none,neither,90045,False,False,,1.0,0.0,,0.0,64,True,3.0,0.050722885876894,world,settled,0.05088532716035843,1.0,0.061081260442733765,world,settled,0.06155778840184212,1.0,0.09445411711931229,world,settled,0.10052603483200073,1.0,0.12540490925312042,world,settled,0.12652093172073364,1.0,0.050722885876894,world
stiff_none,neither,90046,False,False,,1.0,0.0,,0.0,73,True,3.0,0.0491599477827549,world,settled,0.05259624868631363,1.0,0.06130582094192505,world,settled,0.06181373447179794,1.0,0.10099097341299057,world,settled,0.09563163667917252,1.0,0.12382233142852783,world,settled,0.12731805443763733,1.0,0.0491599477827549,world
stiff_none,neither,90047,False,False,,1.0,0.0,,0.0,66,True,3.0,0.05145803838968277,world,settled,0.05099033564329147,1.0,0.06222490221261978,world,settled,0.06159771606326103,1.0,0.09716876596212387,world,settled,0.10036631673574448,1.0,0.127360537648201,world,settled,0.1258975863456726,1.0,0.05145803838968277,world
stiff_none,neither,90048,False,False,,1.0,0.0,,0.0,76,True,3.0,0.05208773538470268,world,settled,0.05119756981730461,1.0,0.059770602732896805,world,settled,0.06206103041768074,1.0,0.09950529038906097,world,settled,0.10237809270620346,1.0,0.12725651264190674,world,settled,0.12599126994609833,1.0,0.05208773538470268,world
stiff_none,neither,90049,False,False,,1.0,0.0,,0.0,76,True,3.0,0.04893774166703224,world,settled,0.05141807720065117,1.0,0.06262602657079697,world,settled,0.06046763062477112,1.0,0.10128380358219147,world,settled,0.09885426610708237,1.0,0.1260140985250473,world,settled,0.12580186128616333,1.0,0.04893774166703224,world
stiff_none,neither,90050,False,False,,1.0,0.0,,0.0,60,True,3.0,0.05321991443634033,world,settled,0.05086169391870499,1.0,0.05964888259768486,world,settled,0.06252135336399078,1.0,0.10000370442867279,world,settled,0.09722177684307098,1.0,0.12521930038928986,world,settled,0.12635456025600433,1.0,0.05321991443634033,world
stiff_none,neither,90051,False,False,,1.0,0.0,,0.0,76,True,3.0,0.0503460057079792,world,settled,0.051603563129901886,1.0,0.06036154180765152,world,settled,0.06158379837870598,1.0,0.1009262353181839,world,settled,0.09923864901065826,1.0,0.12487082183361053,world,settled,0.12439046055078506,1.0,0.0503460057079792,world
stiff_none,neither,90052,False,False,,1.0,0.0,,0.0,68,True,3.0,0.05077193304896355,world,settled,0.05227021127939224,1.0,0.06135132163763046,world,settled,0.06251046806573868,1.0,0.10075072944164276,world,settled,0.09515988081693649,1.0,0.1237085834145546,world,settled,0.12651216983795166,1.0,0.05077193304896355,world
stiff_none,neither,90053,False,False,,1.0,0.0,,0.0,72,True,3.0,0.05127685144543648,world,settled,0.05055711418390274,1.0,0.06102874130010605,world,settled,0.062419939786195755,1.0,0.09725616127252579,world,settled,0.10088209807872772,1.0,0.12625126540660858,world,settled,0.1249450296163559,1.0,0.05127685144543648,world
stiff_none,neither,90054,False,False,,1.0,0.0,,0.0,65,True,3.0,0.050160832703113556,world,settled,0.04877682402729988,1.0,0.06110833212733269,world,settled,0.06276322156190872,1.0,0.09850852191448212,world,settled,0.10234253108501434,1.0,0.12576822936534882,world,settled,0.12517514824867249,1.0,0.050160832703113556,world
stiff_none,neither,90055,False,False,,1.0,0.0,,0.0,68,True,3.0,0.04976329207420349,world,settled,0.050511859357357025,1.0,0.06080642342567444,world,settled,0.06168747693300247,1.0,0.09996429085731506,world,settled,0.09980230778455734,1.0,0.12655194103717804,world,settled,0.1252550482749939,1.0,0.04976329207420349,world
stiff_none,neither,90056,False,False,,1.0,0.0,,0.0,68,True,3.0,0.051825106143951416,world,settled,0.04838699474930763,1.0,0.062355827540159225,world,settled,0.06188620999455452,1.0,0.0963636189699173,world,settled,0.10090389102697372,1.0,0.12579505145549774,world,settled,0.12713125348091125,1.0,0.051825106143951416,world
stiff_none,neither,90057,False,False,,1.0,0.0,,0.0,76,True,3.0,0.05072981119155884,world,settled,0.050531476736068726,1.0,0.062269873917102814,world,settled,0.06244881823658943,1.0,0.09673570096492767,world,settled,0.097420834004879,1.0,0.1275751143693924,world,settled,0.1266077607870102,1.0,0.05072981119155884,world
stiff_none,neither,90058,False,False,,1.0,0.0,,0.0,61,True,3.0,0.05322831869125366,world,settled,0.049760546535253525,1.0,0.06096421554684639,world,settled,0.062281809747219086,1.0,0.09634450078010559,world,settled,0.09991419315338135,1.0,0.12693393230438232,world,settled,0.12615546584129333,1.0,0.05322831869125366,world
stiff_none,neither,90059,False,False,,1.0,0.0,,0.0,62,True,3.0,0.04952748119831085,world,settled,0.0475786030292511,1.0,0.06185615807771683,world,settled,0.0638156458735466,1.0,0.10040734708309174,world,settled,0.09811615198850632,1.0,0.12312301248311996,world,settled,0.1262558251619339,1.0,0.04952748119831085,world
stiff_none,neither,90060,False,False,,1.0,0.0,,0.0,62,True,3.0,0.04943466559052467,world,settled,0.05054836720228195,1.0,0.060360390692949295,world,settled,0.06132084131240845,1.0,0.10062291473150253,world,settled,0.09507850557565689,1.0,0.12773922085762024,world,settled,0.12818950414657593,1.0,0.04943466559052467,world
stiff_none,neither,90061,False,False,,1.0,0.0,,0.0,80,True,3.0,0.048296183347702026,world,settled,0.04908762127161026,1.0,0.06030343100428581,world,settled,0.06407114118337631,1.0,0.09926042705774307,world,settled,0.10001261532306671,1.0,0.12739519774913788,world,settled,0.12583059072494507,1.0,0.048296183347702026,world
stiff_none,neither,90062,False,False,,1.0,0.0,,0.0,66,True,3.0,0.050885189324617386,world,settled,0.050776977092027664,1.0,0.062985360622406,world,settled,0.06248908489942551,1.0,0.101575568318367,world,settled,0.10106261819601059,1.0,0.12670733034610748,world,settled,0.12538328766822815,1.0,0.050885189324617386,world
stiff_none,neither,90063,False,False,,1.0,0.0,,0.0,62,True,3.0,0.051500700414180756,world,settled,0.0524311289191246,1.0,0.06023659557104111,world,settled,0.06123483180999756,1.0,0.10041236877441406,world,settled,0.0980399027466774,1.0,0.12685814499855042,world,settled,0.12659220397472382,1.0,0.051500700414180756,world
stiff_none,neither,90064,False,False,,1.0,0.0,,0.0,72,True,3.0,0.048790883272886276,world,settled,0.05001002550125122,1.0,0.06253977119922638,world,settled,0.06191952899098396,1.0,0.0991564691066742,world,settled,0.0996958315372467,1.0,0.12517191469669342,world,settled,0.12364907562732697,1.0,0.048790883272886276,world
stiff_none,neither,90065,False,False,,1.0,0.0,,0.0,63,True,3.0,0.05274607986211777,world,settled,0.050640810281038284,1.0,0.058634139597415924,world,settled,0.0615764744579792,1.0,0.10158529132604599,world,settled,0.10119582712650299,1.0,0.12951332330703735,world,settled,0.12702018022537231,1.0,0.05274607986211777,world
stiff_none,neither,90066,False,False,,1.0,0.0,,0.0,61,True,3.0,0.050738267600536346,world,settled,0.0516129732131958,1.0,0.061077069491147995,world,settled,0.06267944723367691,1.0,0.09855903685092926,world,settled,0.09752032905817032,1.0,0.12690512835979462,world,settled,0.12563878297805786,1.0,0.050738267600536346,world
stiff_none,neither,90067,False,False,,1.0,0.0,,0.0,71,True,3.0,0.049690522253513336,world,settled,0.05055289715528488,1.0,0.062236808240413666,world,settled,0.06261329352855682,1.0,0.09999822080135345,world,settled,0.10304294526576996,1.0,0.12723703682422638,world,settled,0.12370600551366806,1.0,0.049690522253513336,world
stiff_none,neither,90068,False,False,,1.0,0.0,,0.0,76,True,3.0,0.05029165744781494,world,settled,0.04805641621351242,1.0,0.05991888791322708,world,settled,0.06271575391292572,1.0,0.10327862203121185,world,settled,0.09854184091091156,1.0,0.12666568160057068,world,settled,0.1250922977924347,1.0,0.05029165744781494,world
stiff_none,neither,90069,False,False,,1.0,0.0,,0.0,70,True,3.0,0.049737513065338135,world,settled,0.0496237687766552,1.0,0.0629892572760582,world,settled,0.06210287660360336,1.0,0.10012340545654297,world,settled,0.09932754188776016,1.0,0.12563835084438324,world,settled,0.1251453161239624,1.0,0.049737513065338135,world
stiff_none,neither,90070,False,False,,1.0,0.0,,0.0,76,True,3.0,0.046359289437532425,world,settled,0.050997715443372726,1.0,0.06537075340747833,world,settled,0.062441933900117874,1.0,0.09465096145868301,world,settled,0.10124389082193375,1.0,0.12449216842651367,world,settled,0.12540331482887268,1.0,0.046359289437532425,world
stiff_none,neither,90071,False,False,,1.0,0.0,,0.0,77,True,3.0,0.05142165347933769,world,settled,0.05041549354791641,1.0,0.0612107515335083,world,settled,0.06253286451101303,1.0,0.1036262959241867,world,settled,0.1003509983420372,1.0,0.12687557935714722,world,settled,0.12496592849493027,1.0,0.05142165347933769,world
stiff_none,neither,90072,False,False,,1.0,0.0,,0.0,70,True,3.0,0.04947353154420853,world,settled,0.05016264319419861,1.0,0.062126774340867996,world,settled,0.06261362135410309,1.0,0.10094984620809555,world,settled,0.09882201999425888,1.0,0.12648288905620575,world,settled,0.1240624338388443,1.0,0.04947353154420853,world
stiff_none,neither,90073,False,False,,1.0,0.0,,0.0,80,True,3.0,0.053016044199466705,world,settled,0.05222729593515396,1.0,0.06105195730924606,world,settled,0.06104695796966553,1.0,0.09949841350317001,world,settled,0.10005638748407364,1.0,0.12676307559013367,world,settled,0.12555040419101715,1.0,0.053016044199466705,world
stiff_none,neither,90074,False,False,,1.0,0.0,,0.0,67,True,3.0,0.05129198357462883,world,settled,0.05064283683896065,1.0,0.06323256343603134,world,settled,0.062020331621170044,1.0,0.09558343142271042,world,settled,0.10367591679096222,1.0,0.12623155117034912,world,settled,0.12571467459201813,1.0,0.05129198357462883,world
stiff_none,neither,90075,False,False,,1.0,0.0,,0.0,71,True,3.0,0.04952143877744675,world,settled,0.050745993852615356,1.0,0.06203184276819229,world,settled,0.06291525065898895,1.0,0.0990007072687149,world,settled,0.10246360301971436,1.0,0.12496824562549591,world,settled,0.12635532021522522,1.0,0.04952143877744675,world
stiff_none,neither,90076,False,False,,1.0,0.0,,0.0,75,True,3.0,0.0516979806125164,world,settled,0.04880482330918312,1.0,0.06020362302660942,world,settled,0.06145463511347771,1.0,0.09935860335826874,world,settled,0.1012054830789566,1.0,0.12699106335639954,world,settled,0.12711940705776215,1.0,0.0516979806125164,world
stiff_none,neither,90077,False,False,,1.0,0.0,,0.0,63,True,3.0,0.049573011696338654,world,settled,0.04799386113882065,1.0,0.06000931188464165,world,settled,0.06377267092466354,1.0,0.10556355863809586,world,settled,0.09991251677274704,1.0,0.1256859004497528,world,settled,0.12441220134496689,1.0,0.049573011696338654,world
stiff_none,neither,90078,False,False,,1.0,0.0,,0.0,63,True,3.0,0.05255826190114021,world,settled,0.0498182438313961,1.0,0.05945899337530136,world,settled,0.0633275955915451,1.0,0.10006413608789444,world,settled,0.10017111152410507,1.0,0.12905201315879822,world,settled,0.12382112443447113,1.0,0.05255826190114021,world
stiff_none,neither,90079,False,False,,1.0,0.0,,0.0,64,True,3.0,0.04922635108232498,world,settled,0.05049356073141098,1.0,0.06282473355531693,world,settled,0.06178055331110954,1.0,0.09850719571113586,world,settled,0.0992545560002327,1.0,0.12601640820503235,world,settled,0.12741591036319733,1.0,0.04922635108232498,world
stiff_none,neither,90080,False,False,,1.0,0.0,,0.0,78,True,3.0,0.050364237278699875,world,settled,0.050674594938755035,1.0,0.06223495677113533,world,settled,0.06450020521879196,1.0,0.10046277195215225,world,settled,0.09917400777339935,1.0,0.12868894636631012,world,settled,0.12565827369689941,1.0,0.050364237278699875,world
stiff_none,neither,90081,False,False,,1.0,0.0,,0.0,79,True,3.0,0.05119580030441284,world,settled,0.050668615847826004,1.0,0.061366111040115356,world,settled,0.0621584877371788,1.0,0.09718954563140869,world,settled,0.10157934576272964,1.0,0.12654533982276917,world,settled,0.1261298805475235,1.0,0.05119580030441284,world
stiff_none,neither,90082,False,False,,1.0,0.0,,0.0,76,True,3.0,0.05147752910852432,world,settled,0.05221204832196236,1.0,0.06292282789945602,world,settled,0.061556994915008545,1.0,0.09552209079265594,world,settled,0.09751851856708527,1.0,0.1267796754837036,world,settled,0.1265726089477539,1.0,0.05147752910852432,world
stiff_none,neither,90083,False,False,,1.0,0.0,,0.0,74,True,3.0,0.05028333514928818,world,settled,0.050603270530700684,1.0,0.06099583953619003,world,settled,0.06225113198161125,1.0,0.10192694514989853,world,settled,0.09949227422475815,1.0,0.12689995765686035,world,settled,0.12471898645162582,1.0,0.05028333514928818,world
stiff_none,neither,90084,False,False,,1.0,0.0,,0.0,73,True,3.0,0.05235864967107773,world,settled,0.05069044232368469,1.0,0.06216459348797798,world,settled,0.0622963085770607,1.0,0.09802446514368057,world,settled,0.099702849984169,1.0,0.1282384842634201,world,settled,0.12720206379890442,1.0,0.05235864967107773,world
stiff_none,neither,90085,False,False,,1.0,0.0,,0.0,72,True,3.0,0.05038030073046684,world,settled,0.05041741207242012,1.0,0.061851292848587036,world,settled,0.06147759035229683,1.0,0.10283200442790985,world,settled,0.09993293881416321,1.0,0.12432818114757538,world,settled,0.12628060579299927,1.0,0.05038030073046684,world
stiff_none,neither,90086,False,False,,1.0,0.0,,0.0,63,True,3.0,0.050557415932416916,world,settled,0.05031491443514824,1.0,0.06136512756347656,world,settled,0.06263183802366257,1.0,0.09974217414855957,world,settled,0.10037340968847275,1.0,0.12715968489646912,world,settled,0.1237502247095108,1.0,0.050557415932416916,world
stiff_none,neither,90087,False,False,,1.0,0.0,,0.0,66,True,3.0,0.050232090055942535,world,settled,0.05171777680516243,1.0,0.06197097897529602,world,settled,0.06210581213235855,1.0,0.10356928408145905,world,settled,0.09915199130773544,1.0,0.1275528073310852,world,settled,0.12562301754951477,1.0,0.050232090055942535,world
stiff_none,neither,90088,False,False,,1.0,0.0,,0.0,75,True,3.0,0.051998723298311234,world,settled,0.05011291429400444,1.0,0.060548074543476105,world,settled,0.0613960400223732,1.0,0.09872892498970032,world,settled,0.09814862906932831,1.0,0.12623994052410126,world,settled,0.12621186673641205,1.0,0.051998723298311234,world
stiff_none,neither,90089,False,False,,1.0,0.0,,0.0,62,True,3.0,0.0487399660050869,world,settled,0.04944666102528572,1.0,0.06463976949453354,world,settled,0.062061212956905365,1.0,0.09765179455280304,world,settled,0.10150913149118423,1.0,0.12449904531240463,world,settled,0.12342014163732529,1.0,0.0487399660050869,world
stiff_none,neither,90090,False,False,,1.0,0.0,,0.0,68,True,3.0,0.051425348967313766,world,settled,0.050085533410310745,1.0,0.0637277215719223,world,settled,0.06125369668006897,1.0,0.09676513820886612,world,settled,0.09869270771741867,1.0,0.12805667519569397,world,settled,0.1273466795682907,1.0,0.051425348967313766,world
stiff_none,neither,90091,False,False,,1.0,0.0,,0.0,77,True,3.0,0.04931808263063431,world,settled,0.05033550783991814,1.0,0.0641925036907196,world,settled,0.06238942593336105,1.0,0.10193345695734024,world,settled,0.09825287759304047,1.0,0.12472996860742569,world,settled,0.12648725509643555,1.0,0.04931808263063431,world
stiff_none,neither,90092,False,False,,1.0,0.0,,0.0,68,True,3.0,0.048625219613313675,world,settled,0.049599792808294296,1.0,0.06150180846452713,world,settled,0.062267303466796875,1.0,0.09820245206356049,world,settled,0.09978242963552475,1.0,0.12700577080249786,world,settled,0.1263454109430313,1.0,0.048625219613313675,world
stiff_none,neither,90093,False,False,,1.0,0.0,,0.0,64,True,3.0,0.04883056879043579,world,settled,0.04946257919073105,1.0,0.06327080726623535,world,settled,0.06222764775156975,1.0,0.10114601999521255,world,settled,0.10087060928344727,1.0,0.12371049076318741,world,settled,0.1238345131278038,1.0,0.04883056879043579,world
stiff_none,neither,90094,False,False,,1.0,0.0,,0.0,69,True,3.0,0.050246112048625946,world,settled,0.05066506937146187,1.0,0.06172414869070053,world,settled,0.06022960692644119,1.0,0.09957633167505264,world,settled,0.10325954854488373,1.0,0.12619315087795258,world,settled,0.12459693104028702,1.0,0.050246112048625946,world
stiff_none,neither,90095,False,False,,1.0,0.0,,0.0,61,True,3.0,0.0511724054813385,world,settled,0.05308191105723381,1.0,0.061562083661556244,world,settled,0.06190572306513786,1.0,0.09795504808425903,world,settled,0.10119189321994781,1.0,0.12773272395133972,world,settled,0.12745575606822968,1.0,0.0511724054813385,world
stiff_none,neither,90096,False,False,,1.0,0.0,,0.0,62,True,3.0,0.050443291664123535,world,settled,0.05142670124769211,1.0,0.06079254299402237,world,settled,0.06249412149190903,1.0,0.09948994219303131,world,settled,0.09956685453653336,1.0,0.12535496056079865,world,settled,0.12571333348751068,1.0,0.050443291664123535,world
stiff_none,neither,90097,False,False,,1.0,0.0,,0.0,61,True,3.0,0.050815410912036896,world,settled,0.04965446516871452,1.0,0.06211097165942192,world,settled,0.06144866347312927,1.0,0.09828002750873566,world,settled,0.09987097978591919,1.0,0.12696339190006256,world,settled,0.12840142846107483,1.0,0.050815410912036896,world
stiff_none,neither,90098,False,False,,1.0,0.0,,0.0,70,True,3.0,0.05155294016003609,world,settled,0.0495617538690567,1.0,0.061161212623119354,world,settled,0.06127140671014786,1.0,0.10016310214996338,world,settled,0.10035233199596405,1.0,0.1283031702041626,world,settled,0.12677082419395447,1.0,0.05155294016003609,world
stiff_none,neither,90099,False,False,,1.0,0.0,,0.0,79,True,3.0,0.05131020396947861,world,settled,0.050085313618183136,1.0,0.06282214820384979,world,settled,0.06177591532468796,1.0,0.09978744387626648,world,settled,0.09674946963787079,1.0,0.12581762671470642,world,settled,0.12437422573566437,1.0,0.05131020396947861,world
stiff_none,neither,90100,False,False,,1.0,0.0,,0.0,62,True,3.0,0.050464700907468796,world,settled,0.04960912838578224,1.0,0.06148971989750862,world,settled,0.06138200685381889,1.0,0.10078839957714081,world,settled,0.10038340091705322,1.0,0.12444689124822617,world,settled,0.12431349605321884,1.0,0.050464700907468796,world
stiff_none,neither,90101,False,False,,1.0,0.0,,0.0,62,True,3.0,0.048891372978687286,world,settled,0.05044903606176376,1.0,0.062476299703121185,world,settled,0.06350091099739075,1.0,0.10163022577762604,world,settled,0.0979587584733963,1.0,0.12507888674736023,world,settled,0.12695544958114624,1.0,0.048891372978687286,world
stiff_none,neither,90102,False,False,,1.0,0.0,,0.0,63,True,3.0,0.05053963512182236,world,settled,0.05048290640115738,1.0,0.06249730661511421,world,settled,0.061071984469890594,1.0,0.09962644428014755,world,settled,0.09809919446706772,1.0,0.1250711977481842,world,settled,0.12692174315452576,1.0,0.05053963512182236,world
stiff_none,neither,90103,False,False,,1.0,0.0,,0.0,62,True,3.0,0.051426082849502563,world,settled,0.05099377781152725,1.0,0.06206338480114937,world,settled,0.06154102832078934,1.0,0.10230477154254913,world,settled,0.09915649145841599,1.0,0.1267785131931305,world,settled,0.12473458051681519,1.0,0.051426082849502563,world
stiff_none,neither,90104,False,False,,1.0,0.0,,0.0,72,True,3.0,0.05011659860610962,world,settled,0.048929568380117416,1.0,0.06106708198785782,world,settled,0.06398098915815353,1.0,0.10197331756353378,world,settled,0.09962781518697739,1.0,0.12656548619270325,world,settled,0.12564077973365784,1.0,0.05011659860610962,world
stiff_none,neither,90105,False,False,,1.0,0.0,,0.0,74,True,3.0,0.049994226545095444,world,settled,0.04694751277565956,1.0,0.06313009560108185,world,settled,0.06306508183479309,1.0,0.09711141884326935,world,settled,0.102025106549263,1.0,0.12412241846323013,world,settled,0.12328311055898666,1.0,0.049994226545095444,world
stiff_none,neither,90106,False,False,,1.0,0.0,,0.0,79,True,3.0,0.05326669663190842,world,settled,0.05006352812051773,1.0,0.06207913160324097,world,settled,0.06127117946743965,1.0,0.10302231460809708,world,settled,0.10001317411661148,1.0,0.12689565122127533,world,settled,0.12474556267261505,1.0,0.05326669663190842,world
stiff_none,neither,90107,False,False,,1.0,0.0,,0.0,79,True,3.0,0.049173079431056976,world,settled,0.0507744625210762,1.0,0.06168517470359802,world,settled,0.0617830865085125,1.0,0.0998709425330162,world,settled,0.09699080884456635,1.0,0.12483394145965576,world,settled,0.12532362341880798,1.0,0.049173079431056976,world
stiff_none,neither,90108,False,False,,1.0,0.0,,0.0,64,True,3.0,0.05202016979455948,world,settled,0.050190072506666183,1.0,0.062061239033937454,world,settled,0.06260938942432404,1.0,0.0965690165758133,world,settled,0.09818480163812637,1.0,0.1269688904285431,world,settled,0.12722358107566833,1.0,0.05202016979455948,world
stiff_none,neither,90109,False,False,,1.0,0.0,,0.0,66,True,3.0,0.05015181750059128,world,settled,0.04972060024738312,1.0,0.06081487983465195,world,settled,0.06182478740811348,1.0,0.10648681968450546,world,settled,0.10263486951589584,1.0,0.12399975210428238,world,settled,0.12564332783222198,1.0,0.05015181750059128,world
stiff_none,neither,90110,False,False,,1.0,0.0,,0.0,60,True,3.0,0.050450898706912994,world,settled,0.04943407326936722,1.0,0.062175869941711426,world,settled,0.06284525245428085,1.0,0.09836198389530182,world,settled,0.10072877258062363,1.0,0.12601682543754578,world,settled,0.12462874501943588,1.0,0.050450898706912994,world
stiff_none,neither,90111,False,False,,1.0,0.0,,0.0,76,True,3.0,0.049767352640628815,world,settled,0.050899941474199295,1.0,0.06184107065200806,world,settled,0.06345979869365692,1.0,0.10096416622400284,world,settled,0.10104469954967499,1.0,0.12541361153125763,world,settled,0.12556619942188263,1.0,0.049767352640628815,world
stiff_none,neither,90112,False,False,,1.0,0.0,,0.0,69,True,3.0,0.05006173998117447,world,settled,0.05121096968650818,1.0,0.0633167251944542,world,settled,0.06308768689632416,1.0,0.09389038383960724,world,settled,0.09891396760940552,1.0,0.12588384747505188,world,settled,0.12671172618865967,1.0,0.05006173998117447,world
stiff_none,neither,90113,False,False,,1.0,0.0,,0.0,60,True,3.0,0.051750361919403076,world,settled,0.05174987390637398,1.0,0.059910405427217484,world,settled,0.06191086769104004,1.0,0.10040273517370224,world,settled,0.09884293377399445,1.0,0.12804095447063446,world,settled,0.12549422681331635,1.0,0.051750361919403076,world
stiff_none,neither,90114,False,False,,1.0,0.0,,0.0,65,True,3.0,0.05161833018064499,world,settled,0.04990831017494202,1.0,0.0626845732331276,world,settled,0.06270870566368103,1.0,0.10106661170721054,world,settled,0.09904810786247253,1.0,0.12743103504180908,world,settled,0.12580670416355133,1.0,0.05161833018064499,world
stiff_none,neither,90115,False,False,,1.0,0.0,,0.0,77,True,3.0,0.04999890178442001,world,settled,0.04962855204939842,1.0,0.060298770666122437,world,settled,0.06416533142328262,1.0,0.1022212952375412,world,settled,0.09608165919780731,1.0,0.12538889050483704,world,settled,0.1254379004240036,1.0,0.04999890178442001,world
stiff_none,neither,90116,False,False,,1.0,0.0,,0.0,75,True,3.0,0.04992105811834335,world,settled,0.04967302829027176,1.0,0.062067724764347076,world,settled,0.06174478679895401,1.0,0.09815748035907745,world,settled,0.10189537703990936,1.0,0.12719187140464783,world,settled,0.12603159248828888,1.0,0.04992105811834335,world
stiff_none,neither,90117,False,False,,1.0,0.0,,0.0,79,True,3.0,0.05192486196756363,world,settled,0.04869365692138672,1.0,0.062386177480220795,world,settled,0.06046748161315918,1.0,0.09895093739032745,world,settled,0.10006044059991837,1.0,0.12775734066963196,world,settled,0.1242610365152359,1.0,0.05192486196756363,world
stiff_none,neither,90118,False,False,,1.0,0.0,,0.0,68,True,3.0,0.04945061355829239,world,settled,0.04955802112817764,1.0,0.06252525001764297,world,settled,0.06032513827085495,1.0,0.1010100394487381,world,settled,0.10024520009756088,1.0,0.12504634261131287,world,settled,0.12693893909454346,1.0,0.04945061355829239,world
stiff_none,neither,90119,False,False,,1.0,0.0,,0.0,69,True,3.0,0.04789729043841362,world,settled,0.047535255551338196,1.0,0.062039077281951904,world,settled,0.062250155955553055,1.0,0.10157716274261475,world,settled,0.1013694554567337,1.0,0.12691250443458557,world,settled,0.1267802119255066,1.0,0.04789729043841362,world
stiff_none,body_only,90120,True,False,m,1.5891995503048728,0.0,,0.0,74,True,3.0,0.08978982269763947,body,settled,0.03264375776052475,0.4,0.09128256887197495,body,settled,0.03135892003774643,0.2,0.14772531390190125,body,settled,0.023336775600910187,0.2,0.16031381487846375,body,settled,0.025436559692025185,0.2,0.08978982269763947,body
stiff_none,body_only,90121,True,False,l,1.4812383451425903,0.0,,0.0,60,True,3.0,0.07992404699325562,body,settled,0.07561801373958588,0.8,0.08845686167478561,body,settled,0.06926567107439041,0.8,0.13517871499061584,body,settled,0.03984396904706955,0.4,0.14663298428058624,body,settled,0.04226255789399147,0.6,0.07992404699325562,body
stiff_none,body_only,90122,True,False,m,1.577333311441059,0.0,,0.0,60,True,3.0,0.07711748778820038,body,settled,0.061550579965114594,0.8,0.08670473098754883,body,settled,0.05774447321891785,0.6,0.13423217833042145,body,settled,0.03139073774218559,0.4,0.1433241069316864,body,settled,0.032395631074905396,0.4,0.07711748778820038,body
stiff_none,body_only,90123,True,False,l,1.2659873041674827,0.0,,0.0,78,True,3.0,0.06383388489484787,body,settled,0.062123917043209076,1.0,0.07741616666316986,body,settled,0.07741542160511017,1.0,0.11653599888086319,body,settled,0.12252311408519745,1.0,0.13506320118904114,body,settled,0.13297030329704285,1.0,0.06383388489484787,body
stiff_none,body_only,90124,True,False,m,1.4143549642821072,0.0,,0.0,79,True,3.0,0.08048395067453384,body,settled,0.032545991241931915,0.2,0.08286722004413605,body,settled,0.027561452239751816,0.2,0.13864140212535858,body,settled,0.015010896138846874,0.0,0.15523581206798553,body,settled,0.016265416517853737,0.2,0.08048395067453384,body
stiff_none,body_only,90125,True,False,l,1.4086180240535773,0.0,,0.0,63,True,3.0,0.0668138712644577,body,settled,0.0966348797082901,1.0,0.08199622482061386,body,settled,0.08336528390645981,1.0,0.12369941174983978,body,settled,0.1406129151582718,1.0,0.1401667445898056,body,settled,0.1584179401397705,1.0,0.0668138712644577,body
stiff_none,body_only,90126,True,False,m,1.6448408546174003,0.0,,0.0,68,False,nan,nan,world,decayed,0.029677439481019974,0.0,nan,world,decayed,0.03107329271733761,0.0,nan,world,decayed,0.02484908513724804,0.0,nan,world,decayed,0.026931345462799072,0.0,nan,world
stiff_none,body_only,90127,True,False,l,1.4986137896780058,0.0,,0.0,61,True,3.0,0.08835180103778839,body,settled,0.04944061115384102,0.8,0.09015616029500961,body,settled,0.05019731447100639,0.8,0.1456719934940338,body,settled,0.039395589381456375,0.4,0.15759241580963135,body,settled,0.0439922958612442,0.6,0.08835180103778839,body
stiff_none,body_only,90128,True,False,m,1.416558817025714,0.0,,0.0,64,True,3.0,0.06995519250631332,body,settled,0.042207784950733185,0.6,0.08039238303899765,body,settled,0.04155368357896805,0.6,0.13059595227241516,body,settled,0.025373760610818863,0.4,0.14078731834888458,body,settled,0.02632056549191475,0.4,0.06995519250631332,body
stiff_none,body_only,90129,True,False,l,1.38378853736242,0.0,,0.0,68,True,3.0,0.07326193153858185,body,settled,0.09915484488010406,1.0,0.08208177983760834,body,settled,0.08208130300045013,1.0,0.12856857478618622,body,settled,0.13851356506347656,1.0,0.14204540848731995,body,settled,0.14694000780582428,1.0,0.07326193153858185,body
stiff_none,body_only,90130,True,False,m,1.4756383192437175,0.0,,0.0,71,False,nan,nan,world,decayed,0.022442540153861046,0.2,nan,world,decayed,0.024231871590018272,0.2,nan,world,decayed,0.02277146466076374,0.0,nan,world,decayed,0.02500343881547451,0.0,nan,world
stiff_none,body_only,90131,True,False,l,1.3606013397692742,0.0,,0.0,80,True,3.0,0.07399941235780716,body,settled,0.08010299503803253,1.0,0.08360707759857178,body,settled,0.08035041391849518,1.0,0.1295233517885208,body,settled,0.13773508369922638,1.0,0.14311030507087708,body,settled,0.15284696221351624,1.0,0.07399941235780716,body
stiff_none,body_only,90132,True,False,m,1.3052923183294922,0.0,,0.0,64,True,3.0,0.06920527666807175,body,settled,0.015462128445506096,0.4,0.07630889862775803,body,settled,0.01526571810245514,0.2,0.12534604966640472,body,settled,0.015719201415777206,0.2,0.1389937847852707,body,settled,0.015952741727232933,0.2,0.06920527666807175,body
stiff_none,body_only,90133,True,False,l,1.3207448067237653,0.0,,0.0,67,True,3.0,0.06653593480587006,body,settled,0.0749826654791832,1.0,0.08058285713195801,body,settled,0.07849911600351334,1.0,0.12492887675762177,body,settled,0.13554604351520538,1.0,0.1383703052997589,body,settled,0.14955811202526093,1.0,0.06653593480587006,body
stiff_none,body_only,90134,True,False,m,1.4561368550822151,0.0,,0.0,64,True,3.0,0.07586107403039932,body,settled,0.03088448941707611,0.2,0.08308722823858261,body,settled,0.030437221750617027,0.2,0.13255822658538818,body,settled,0.029229959473013878,0.2,0.143728107213974,body,settled,0.030288279056549072,0.2,0.07586107403039932,body
stiff_none,body_only,90135,True,False,l,1.4036352699808552,0.0,,0.0,79,True,3.0,0.07075709104537964,body,settled,0.10093726962804794,0.8,0.08219064772129059,body,settled,0.07466582208871841,1.0,0.12677808105945587,body,settled,0.0736626610159874,0.6,0.1407025307416916,body,settled,0.05227549746632576,0.6,0.07075709104537964,body
stiff_none,body_only,90136,True,False,m,1.3752498406372067,0.0,,0.0,68,True,3.0,0.07190655171871185,body,settled,0.026034291833639145,0.4,0.07657657563686371,body,settled,0.028720203787088394,0.4,0.12927617132663727,body,settled,0.02482292614877224,0.2,0.14104026556015015,body,settled,0.027132149785757065,0.2,0.07190655171871185,body
stiff_none,body_only,90137,True,False,l,1.3180944856558197,0.0,,0.0,66,True,3.0,0.07134594023227692,body,settled,0.03820285573601723,0.4,0.081019327044487,body,settled,0.04009551182389259,0.4,0.130171000957489,body,settled,0.03737754747271538,0.2,0.1419578343629837,body,settled,0.039488475769758224,0.2,0.07134594023227692,body
stiff_none,body_only,90138,True,False,m,1.3737292058898571,0.0,,0.0,76,True,3.0,0.0638778805732727,body,settled,0.08088290691375732,0.8,0.07694955915212631,body,settled,0.08004721254110336,0.8,0.12036623805761337,body,settled,0.14058883488178253,0.8,0.13476680219173431,body,settled,0.14911720156669617,0.8,0.0638778805732727,body
stiff_none,body_only,90139,True,False,l,1.2231365368057392,0.0,,0.0,78,True,3.0,0.05700790137052536,body,settled,0.057314805686473846,1.0,0.07141469419002533,body,settled,0.07189557701349258,1.0,0.10777831077575684,world,settled,0.11414393037557602,1.0,0.12725067138671875,world,settled,0.12927214801311493,1.0,0.05700790137052536,body
stiff_none,body_only,90140,True,False,m,1.5903123576273737,0.0,,0.0,77,False,nan,nan,world,decayed,0.03141601383686066,0.0,nan,world,decayed,0.031483110040426254,0.0,nan,world,decayed,0.029319193214178085,0.0,nan,world,decayed,0.03283030167222023,0.0,nan,world
stiff_none,body_only,90141,True,False,l,1.3983126255738383,0.0,,0.0,68,True,3.0,0.07144160568714142,body,settled,0.05646870657801628,0.6,0.0820365697145462,body,settled,0.05468469858169556,0.6,0.12834206223487854,body,settled,0.032062504440546036,0.4,0.13959355652332306,body,settled,0.037533875554800034,0.4,0.07144160568714142,body
stiff_none,body_only,90142,True,False,m,1.5588960124158446,0.0,,0.0,77,False,nan,nan,world,decayed,0.032391928136348724,0.0,nan,world,decayed,0.032390885055065155,0.0,nan,world,decayed,0.024589216336607933,0.0,nan,world,decayed,0.026374924927949905,0.0,nan,world
stiff_none,body_only,90143,True,False,l,1.3381767659159343,0.0,,0.0,76,True,3.0,0.06311703473329544,body,settled,0.07971108704805374,1.0,0.07627438008785248,body,settled,0.07874419540166855,1.0,0.11961010843515396,body,settled,0.13595855236053467,1.0,0.13182954490184784,world,settled,0.15917406976222992,1.0,0.06311703473329544,body
stiff_none,body_only,90144,True,False,m,1.4340779419258376,0.0,,0.0,78,True,3.0,0.07682689279317856,body,settled,0.025816943496465683,0.4,0.08160004764795303,body,settled,0.02724752388894558,0.4,0.13470518589019775,body,settled,0.027263041585683823,0.2,0.14467093348503113,body,settled,0.028201598674058914,0.4,0.07682689279317856,body
stiff_none,body_only,90145,True,False,l,1.3732457116762027,0.0,,0.0,79,True,3.0,0.07117430120706558,body,settled,0.06911634653806686,0.8,0.08113821595907211,body,settled,0.059611499309539795,0.8,0.12889042496681213,body,settled,0.044166017323732376,0.6,0.14082853496074677,body,settled,0.044980764389038086,0.6,0.07117430120706558,body
stiff_none,body_only,90146,True,False,m,1.4659264726975494,0.0,,0.0,73,False,nan,nan,world,decayed,0.022003669291734695,0.0,nan,world,decayed,0.023871177807450294,0.0,nan,world,decayed,0.02095668949186802,0.0,nan,world,decayed,0.021632306277751923,0.0,nan,world
stiff_none,body_only,90147,True,False,l,1.3697174281168265,0.0,,0.0,61,True,3.0,0.07140946388244629,body,settled,0.10341896861791611,1.0,0.08115118741989136,body,settled,0.0805957168340683,1.0,0.13073036074638367,body,settled,0.14863373339176178,1.0,0.1482948511838913,body,settled,0.15583111345767975,1.0,0.07140946388244629,body
stiff_none,body_only,90148,True,False,m,1.3038571531689942,0.0,,0.0,77,True,3.0,0.060469143092632294,body,settled,0.062090080231428146,1.0,0.07452239841222763,body,settled,0.07565193623304367,1.0,0.11508224159479141,body,settled,0.11510703712701797,1.0,0.13006964325904846,world,settled,0.13337217271327972,1.0,0.060469143092632294,body
stiff_none,body_only,90149,True,False,l,1.2823864181574816,0.0,,0.0,69,True,3.0,0.0675436332821846,body,settled,0.08648009598255157,0.8,0.076779805123806,body,settled,0.07251511514186859,0.8,0.12471930682659149,body,settled,0.14294090867042542,0.6,0.14281029999256134,body,settled,0.16315419971942902,0.6,0.0675436332821846,body
stiff_none,body_only,90150,True,False,m,1.371260065573264,0.0,,0.0,77,False,nan,nan,world,decayed,0.021855564787983894,0.0,nan,world,decayed,0.023438582196831703,0.0,nan,world,decayed,0.02399277128279209,0.0,nan,world,decayed,0.023998025804758072,0.0,nan,world
stiff_none,body_only,90151,True,False,l,1.2751118713228489,0.0,,0.0,67,True,3.0,0.060159195214509964,body,settled,0.060228221118450165,1.0,0.07761208713054657,body,settled,0.07408325374126434,1.0,0.11350345611572266,body,settled,0.11362546682357788,1.0,0.12908516824245453,world,settled,0.13158293068408966,1.0,0.060159195214509964,body
stiff_none,body_only,90152,True,False,m,1.3717293620024857,0.0,,0.0,77,True,3.0,0.0692981705069542,body,settled,0.08271093666553497,0.8,0.0772840827703476,body,settled,0.08031877875328064,0.8,0.1256829798221588,body,settled,0.14235937595367432,0.6,0.1400877982378006,body,settled,0.15764716267585754,0.6,0.0692981705069542,body
stiff_none,body_only,90153,True,False,l,1.3777582765834164,0.0,,0.0,63,True,3.0,0.06376572698354721,body,settled,0.07501225918531418,1.0,0.07919575273990631,body,settled,0.08302801847457886,1.0,0.11583404242992401,body,settled,0.13463351130485535,1.0,0.13422898948192596,body,settled,0.15123489499092102,1.0,0.06376572698354721,body
stiff_none,body_only,90154,True,False,m,1.3240528558094946,0.0,,0.0,61,True,3.0,0.07459941506385803,body,settled,0.019858071580529213,0.4,0.0784318596124649,body,settled,0.0211810152977705,0.4,0.13252441585063934,body,settled,0.020295362919569016,0.2,0.14876124262809753,body,settled,0.02202019840478897,0.2,0.07459941506385803,body
stiff_none,body_only,90155,True,False,l,1.2616156540457863,0.0,,0.0,75,True,3.0,0.061293862760066986,body,settled,0.05933394283056259,1.0,0.07699746638536453,body,settled,0.07557043433189392,1.0,0.12051770836114883,body,settled,0.11727607250213623,1.0,0.13340750336647034,body,settled,0.1303320676088333,1.0,0.061293862760066986,body
stiff_none,body_only,90156,True,False,m,1.53054519222226,0.0,,0.0,80,True,3.0,0.09175658226013184,body,settled,0.03693313151597977,0.2,0.08831794559955597,body,settled,0.030868232250213623,0.2,0.14688840508460999,body,settled,0.021575480699539185,0.0,0.1588432788848877,body,settled,0.021418455988168716,0.0,0.09175658226013184,body
stiff_none,body_only,90157,True,False,l,1.488929027680533,0.0,,0.0,67,True,3.0,0.06855780631303787,body,settled,0.11361929029226303,1.0,0.08572821319103241,body,settled,0.08778432756662369,1.0,0.12160180509090424,body,settled,0.15411077439785004,0.8,0.13602344691753387,body,settled,0.16282927989959717,0.8,0.06855780631303787,body
stiff_none,body_only,90158,True,False,m,1.4010988441285952,0.0,,0.0,76,True,3.0,0.07955949008464813,body,settled,0.03295798972249031,0.4,0.08148114383220673,body,settled,0.026810219511389732,0.4,0.13803324103355408,body,settled,0.019571375101804733,0.2,0.1496271789073944,body,settled,0.020181775093078613,0.2,0.07955949008464813,body
stiff_none,body_only,90159,True,False,l,1.3983826888544335,0.0,,0.0,76,False,nan,nan,world,decayed,0.04053669422864914,0.6,nan,world,decayed,0.040637947618961334,0.6,nan,world,decayed,0.03580760210752487,0.0,nan,world,decayed,0.03657975047826767,0.0,nan,world
stiff_none,body_only,90160,True,False,m,1.6346395142175347,0.0,,0.0,78,True,3.0,0.08597012609243393,body,settled,0.036524903029203415,0.4,0.09238475561141968,body,settled,0.03633498027920723,0.4,0.1421111822128296,body,settled,0.03118356689810753,0.2,0.15293988585472107,body,settled,0.032220348715782166,0.2,0.08597012609243393,body
stiff_none,body_only,90161,True,False,l,1.4627355647267428,0.0,,0.0,75,False,nan,nan,world,decayed,0.04034539312124252,0.4,nan,world,decayed,0.035093050450086594,0.0,nan,world,decayed,0.021219901740550995,0.0,nan,world,decayed,0.025641854852437973,0.0,nan,world
stiff_none,body_only,90162,True,False,m,1.3110427449584228,0.0,,0.0,70,True,3.0,0.06362219154834747,body,settled,0.06558393687009811,1.0,0.07671962678432465,body,settled,0.07603210210800171,1.0,0.12365339696407318,body,settled,0.1250990778207779,1.0,0.13654640316963196,body,settled,0.13950030505657196,1.0,0.06362219154834747,body
stiff_none,body_only,90163,True,False,l,1.4308898612160117,0.0,,0.0,78,True,3.0,0.06637656688690186,body,settled,0.10122929513454437,1.0,0.08353432267904282,body,settled,0.0877758041024208,1.0,0.11778172105550766,body,settled,0.14416776597499847,0.8,0.13280393183231354,body,settled,0.15233981609344482,1.0,0.06637656688690186,body
stiff_none,body_only,90164,True,False,m,1.439856144676443,0.0,,0.0,68,True,3.0,0.08760080486536026,body,settled,0.022972002625465393,0.2,0.08400548994541168,body,settled,0.024486791342496872,0.2,0.14591383934020996,body,settled,0.025241190567612648,0.0,0.15896472334861755,body,settled,0.025116082280874252,0.2,0.08760080486536026,body
stiff_none,body_only,90165,True,False,l,1.2997648895781109,0.0,,0.0,62,True,3.0,0.0633278414607048,body,settled,0.059202276170253754,1.0,0.07980859279632568,body,settled,0.07631716132164001,1.0,0.11960279941558838,body,settled,0.11549682915210724,1.0,0.1326109766960144,body,settled,0.1310395896434784,1.0,0.0633278414607048,body
stiff_none,body_only,90166,True,False,m,1.679679815459025,0.0,,0.0,64,False,nan,nan,world,decayed,0.03135298937559128,0.0,nan,world,decayed,0.03258794546127319,0.0,nan,world,decayed,0.026401633396744728,0.0,nan,world,decayed,0.02720608189702034,0.2,nan,world
stiff_none,body_only,90167,True,False,l,1.3590101711106688,0.0,,0.0,72,True,3.0,0.07455418258905411,body,settled,0.05337285250425339,0.6,0.08200196921825409,body,settled,0.050623226910829544,0.6,0.13234618306159973,body,settled,0.03650758042931557,0.4,0.14532747864723206,body,settled,0.034856412559747696,0.4,0.07455418258905411,body
stiff_none,body_only,90168,True,False,m,1.6457533914678304,0.0,,0.0,77,False,nan,nan,world,decayed,0.030619999393820763,0.2,nan,world,decayed,0.033802613615989685,0.0,nan,world,decayed,0.030545327812433243,0.0,nan,world,decayed,0.03136551380157471,0.2,nan,world
stiff_none,body_only,90169,True,False,l,1.372684860076075,0.0,,0.0,63,True,3.0,0.06761844456195831,body,settled,0.10263627767562866,1.0,0.0815955251455307,body,settled,0.07512880861759186,1.0,0.12310361862182617,body,settled,0.13812687993049622,0.8,0.14034956693649292,body,settled,0.15144023299217224,0.8,0.06761844456195831,body
stiff_none,body_only,90170,True,False,m,1.5110806219967274,0.0,,0.0,77,False,nan,nan,world,decayed,0.03648408129811287,0.0,nan,world,decayed,0.03146352618932724,0.0,nan,world,decayed,0.017316866666078568,0.0,nan,world,decayed,0.017680983990430832,0.0,nan,world
stiff_none,body_only,90171,True,False,l,1.3393346079674444,0.0,,0.0,80,True,3.0,0.06872065365314484,body,settled,0.07246922701597214,1.0,0.07982232421636581,body,settled,0.07947800308465958,1.0,0.12466947734355927,body,settled,0.13026683032512665,1.0,0.13500739634037018,body,settled,0.1461729109287262,1.0,0.06872065365314484,body
stiff_none,body_only,90172,True,False,m,1.5992541406103382,0.0,,0.0,69,False,nan,nan,world,decayed,0.03494199365377426,0.0,nan,world,decayed,0.0343240462243557,0.0,nan,world,decayed,0.03300710767507553,0.0,nan,world,decayed,0.034250374883413315,0.0,nan,world
stiff_none,body_only,90173,True,False,l,1.2909310796297793,0.0,,0.0,74,True,3.0,0.06392335891723633,body,settled,0.059474240988492966,1.0,0.07654210925102234,body,settled,0.0770464763045311,1.0,0.11895298957824707,body,settled,0.11209477484226227,1.0,0.13615478575229645,body,settled,0.13053864240646362,1.0,0.06392335891723633,body
stiff_none,body_only,90174,True,False,m,1.4992846063269814,0.0,,0.0,60,False,nan,nan,world,decayed,0.03490838035941124,0.0,nan,world,decayed,0.028855672106146812,0.0,nan,world,decayed,0.016832681372761726,0.0,nan,world,decayed,0.019106680527329445,0.0,nan,world
stiff_none,body_only,90175,True,False,l,1.375063495490151,0.0,,0.0,67,True,3.0,0.06373955309391022,body,settled,0.09836963564157486,0.8,0.07919682562351227,body,settled,0.07610973715782166,0.8,0.11405527591705322,body,settled,0.11190011352300644,0.6,0.13340714573860168,body,settled,0.11769678443670273,0.6,0.06373955309391022,body
stiff_none,body_only,90176,True,False,m,1.3570155774731387,0.0,,0.0,71,True,3.0,0.06632731109857559,body,settled,0.02544187381863594,0.4,0.07692111283540726,body,settled,0.025969674810767174,0.4,0.12729552388191223,body,settled,0.020490655675530434,0.2,0.13793222606182098,body,settled,0.020008252933621407,0.4,0.06632731109857559,body
stiff_none,body_only,90177,True,False,l,1.2641200458110455,0.0,,0.0,62,True,3.0,0.057820629328489304,body,settled,0.05677545815706253,1.0,0.07193135470151901,body,settled,0.07546258717775345,1.0,0.11012570559978485,body,settled,0.11022242158651352,1.0,0.13019263744354248,world,settled,0.1276257336139679,1.0,0.057820629328489304,body
stiff_none,body_only,90178,True,False,m,1.5240608064758356,0.0,,0.0,68,False,nan,nan,world,decayed,0.03420143947005272,0.2,nan,world,decayed,0.03163144737482071,0.2,nan,world,decayed,0.02466774918138981,0.0,nan,world,decayed,0.02410810813307762,0.0,nan,world
stiff_none,body_only,90179,True,False,l,1.4207768660969622,0.0,,0.0,63,True,3.0,0.07473847270011902,body,settled,0.04227655380964279,0.6,0.08488531410694122,body,settled,0.0411338284611702,0.6,0.12920400500297546,body,settled,0.03684176504611969,0.2,0.14224180579185486,body,settled,0.037996742874383926,0.2,0.07473847270011902,body
stiff_none,body_only,90180,True,False,m,1.6834084531201725,0.0,,0.0,70,False,nan,nan,world,decayed,0.027033880352973938,0.0,nan,world,decayed,0.028705034404993057,0.0,nan,world,decayed,0.02926553785800934,0.0,nan,world,decayed,0.030344728380441666,0.0,nan,world
stiff_none,body_only,90181,True,False,l,1.3164236438723707,0.0,,0.0,75,True,3.0,0.06609910726547241,body,settled,0.0651843249797821,1.0,0.07812622934579849,body,settled,0.07682155817747116,1.0,0.1220942959189415,body,settled,0.12555964291095734,1.0,0.13624046742916107,body,settled,0.1374676525592804,1.0,0.06609910726547241,body
stiff_none,body_only,90182,True,False,m,1.3450601064988406,0.0,,0.0,60,True,3.0,0.06992387771606445,body,settled,0.042660754173994064,0.6,0.07791317999362946,body,settled,0.03824494034051895,0.4,0.13044430315494537,body,settled,0.01950492337346077,0.4,0.1442665159702301,body,settled,0.021922118961811066,0.4,0.06992387771606445,body
stiff_none,body_only,90183,True,False,l,1.3429357517410216,0.0,,0.0,67,True,3.0,0.06894551217556,body,settled,0.0772627741098404,1.0,0.08185002952814102,body,settled,0.07953306287527084,1.0,0.12572529911994934,body,settled,0.13789965212345123,1.0,0.13729654252529144,body,settled,0.1538369208574295,1.0,0.06894551217556,body
stiff_none,body_only,90184,True,False,m,1.6568892806087865,0.0,,0.0,73,False,nan,nan,world,decayed,0.022633900865912437,0.0,nan,world,decayed,0.023778390139341354,0.2,nan,world,decayed,0.02357892319560051,0.0,nan,world,decayed,0.0263223797082901,0.0,nan,world
stiff_none,body_only,90185,True,False,l,1.43334245437914,0.0,,0.0,67,True,3.0,0.07287947088479996,body,settled,0.1087033748626709,1.0,0.0839935764670372,body,settled,0.08741632103919983,1.0,0.12874242663383484,body,settled,0.14626933634281158,0.8,0.14260171353816986,body,settled,0.16409754753112793,0.8,0.07287947088479996,body
stiff_none,body_only,90186,True,False,m,1.6331529059433587,0.0,,0.0,70,False,nan,nan,world,decayed,0.03424636274576187,0.0,nan,world,decayed,0.03539052978157997,0.0,nan,world,decayed,0.03481540456414223,0.2,nan,world,decayed,0.03457532078027725,0.2,nan,world
stiff_none,body_only,90187,True,False,l,1.3141636302230804,0.0,,0.0,65,True,3.0,0.06023132801055908,body,settled,0.0715784877538681,1.0,0.07581041753292084,body,settled,0.07794664800167084,1.0,0.11395633220672607,body,settled,0.1279619038105011,1.0,0.13149459660053253,world,settled,0.13923010230064392,1.0,0.06023132801055908,body
stiff_none,body_only,90188,True,False,m,1.68271261290117,0.0,,0.0,72,False,nan,nan,world,decayed,0.028076088055968285,0.0,nan,world,decayed,0.029105257242918015,0.0,nan,world,decayed,0.028273850679397583,0.0,nan,world,decayed,0.028838763013482094,0.0,nan,world
stiff_none,body_only,90189,True,False,l,1.2673551846296478,0.0,,0.0,69,True,3.0,0.058422576636075974,body,settled,0.06705626845359802,1.0,0.0723876804113388,body,settled,0.07502560317516327,1.0,0.11224102973937988,body,settled,0.12727420032024384,1.0,0.1295115053653717,world,settled,0.13920137286186218,1.0,0.058422576636075974,body
stiff_none,body_only,90190,True,False,m,1.4616304439624153,0.0,,0.0,61,True,3.0,0.07427717745304108,body,settled,0.0500154085457325,0.6,0.08540168404579163,body,settled,0.04786837846040726,0.6,0.13429531455039978,body,settled,0.023563873022794724,0.4,0.14439085125923157,body,settled,0.02702975645661354,0.4,0.07427717745304108,body
stiff_none,body_only,90191,True,False,l,1.3598610545526153,0.0,,0.0,75,True,3.0,0.07391013950109482,body,settled,0.08106814324855804,1.0,0.07960420846939087,body,settled,0.08113362640142441,1.0,0.13389262557029724,body,settled,0.13518336415290833,1.0,0.14720723032951355,body,settled,0.15575078129768372,1.0,0.07391013950109482,body
stiff_none,body_only,90192,True,False,m,1.6394540644586693,0.0,,0.0,73,True,3.0,0.10000376403331757,body,settled,0.036186642944812775,0.2,0.09535665810108185,body,settled,0.032273463904857635,0.2,0.1567397117614746,body,settled,0.023853063583374023,0.0,0.16579604148864746,body,settled,0.023387819528579712,0.0,0.10000376403331757,body
stiff_none,body_only,90193,True,False,l,1.2806965176607972,0.0,,0.0,79,True,3.0,0.06507684290409088,body,settled,0.06519167125225067,1.0,0.0740370973944664,body,settled,0.07752573490142822,1.0,0.12120278179645538,body,settled,0.1275697499513626,1.0,0.13630357384681702,body,settled,0.1331777274608612,1.0,0.06507684290409088,body
stiff_none,body_only,90194,True,False,m,1.3882151295384004,0.0,,0.0,72,True,3.0,0.07588346302509308,body,settled,0.06959235668182373,1.0,0.08065775036811829,body,settled,0.0794883742928505,1.0,0.13756558299064636,body,settled,0.13204234838485718,1.0,0.1522708237171173,body,settled,0.13863608241081238,1.0,0.07588346302509308,body
stiff_none,body_only,90195,True,False,l,1.4070168029723402,0.0,,0.0,68,True,3.0,0.07897595316171646,body,settled,0.052326373755931854,0.6,0.08615279197692871,body,settled,0.047786954790353775,0.6,0.13825316727161407,body,settled,0.02980891242623329,0.4,0.1484610140323639,body,settled,0.031263042241334915,0.4,0.07897595316171646,body
stiff_none,body_only,90196,True,False,m,1.4747105385822876,0.0,,0.0,78,True,3.0,0.06769838184118271,body,settled,0.08192986249923706,0.8,0.08119720220565796,body,settled,0.06082345172762871,0.8,0.1232018694281578,body,settled,0.06823902577161789,0.6,0.13686038553714752,body,settled,0.09228929877281189,0.6,0.06769838184118271,body
stiff_none,body_only,90197,True,False,l,1.3111555143573217,0.0,,0.0,62,True,3.0,0.06771037727594376,body,settled,0.06436018645763397,1.0,0.07879884541034698,body,settled,0.07841034978628159,1.0,0.12670011818408966,body,settled,0.11975810676813126,1.0,0.1385866105556488,body,settled,0.13578727841377258,1.0,0.06771037727594376,body
stiff_none,body_only,90198,True,False,m,1.379640047296776,0.0,,0.0,79,True,3.0,0.06769801676273346,body,settled,0.06827911734580994,1.0,0.0784875899553299,body,settled,0.07939954102039337,1.0,0.1219993606209755,body,settled,0.1264551877975464,1.0,0.13626644015312195,body,settled,0.14202891290187836,1.0,0.06769801676273346,body
stiff_none,body_only,90199,True,False,l,1.4868269255907973,0.0,,0.0,73,True,3.0,0.08234886080026627,body,settled,0.03499549999833107,0.4,0.0860772356390953,body,settled,0.030320066958665848,0.4,0.13914965093135834,body,settled,0.020902138203382492,0.4,0.15295733511447906,body,settled,0.022296156734228134,0.4,0.08234886080026627,body
stiff_none,body_only,90200,True,False,m,1.568789452616487,0.0,,0.0,75,False,nan,nan,world,decayed,0.030921831727027893,0.0,nan,world,decayed,0.032698243856430054,0.0,nan,world,decayed,0.031227335333824158,0.0,nan,world,decayed,0.03253570944070816,0.0,nan,world
stiff_none,body_only,90201,True,False,l,1.237480856854104,0.0,,0.0,74,True,3.0,0.05751720815896988,body,settled,0.059735558927059174,1.0,0.07459697872400284,body,settled,0.07390115410089493,1.0,0.11105512082576752,body,settled,0.1148538812994957,1.0,0.12979108095169067,world,settled,0.13021233677864075,1.0,0.05751720815896988,body
stiff_none,body_only,90202,True,False,m,1.589816924085751,0.0,,0.0,69,True,3.0,0.09745369106531143,body,settled,0.0324883796274662,0.2,0.09311513602733612,body,settled,0.030472179874777794,0.2,0.15380816161632538,body,settled,0.026679595932364464,0.2,0.16793236136436462,body,settled,0.02768326923251152,0.2,0.09745369106531143,body
stiff_none,body_only,90203,True,False,l,1.2163108575505985,0.0,,0.0,68,True,3.0,0.060148946940898895,body,settled,0.0604763925075531,1.0,0.07263673841953278,body,settled,0.0721517875790596,1.0,0.11687956005334854,body,settled,0.11533161252737045,1.0,0.1342511624097824,body,settled,0.13419359922409058,1.0,0.060148946940898895,body
stiff_none,body_only,90204,True,False,m,1.577624770964431,0.0,,0.0,61,False,nan,nan,world,decayed,0.036394815891981125,0.0,nan,world,decayed,0.03355877846479416,0.0,nan,world,decayed,0.0210117157548666,0.0,nan,world,decayed,0.021934274584054947,0.0,nan,world
stiff_none,body_only,90205,True,False,l,1.3675497082151145,0.0,,0.0,65,True,3.0,0.07664702832698822,body,settled,0.09962897002696991,1.0,0.08135529607534409,body,settled,0.08065172284841537,1.0,0.13700014352798462,body,settled,0.14336219429969788,0.8,0.15054437518119812,body,settled,0.1684657782316208,0.8,0.07664702832698822,body
stiff_none,body_only,90206,True,False,m,1.5176465510618466,0.0,,0.0,74,True,3.0,0.08179770410060883,body,settled,0.03600809723138809,0.4,0.0887908786535263,body,settled,0.03179604187607765,0.4,0.13932576775550842,body,settled,0.02172338217496872,0.4,0.15304379165172577,body,settled,0.025605708360671997,0.4,0.08179770410060883,body
stiff_none,body_only,90207,True,False,l,1.2488637580931352,0.0,,0.0,80,True,3.0,0.058417290449142456,body,settled,0.06264317780733109,1.0,0.07273077964782715,body,settled,0.07465367764234543,1.0,0.10975269973278046,body,settled,0.11850099265575409,1.0,0.13009293377399445,world,settled,0.13343802094459534,1.0,0.058417290449142456,body
stiff_none,body_only,90208,True,False,m,1.4834364114696996,0.0,,0.0,66,False,nan,nan,world,decayed,0.032820381224155426,0.0,nan,world,decayed,0.02902960404753685,0.0,nan,world,decayed,0.01838296838104725,0.0,nan,world,decayed,0.018750138580799103,0.0,nan,world
stiff_none,body_only,90209,True,False,l,1.263629522578016,0.0,,0.0,60,True,3.0,0.061287831515073776,body,settled,0.06044450402259827,1.0,0.07563745230436325,body,settled,0.07480879127979279,1.0,0.11750121414661407,body,settled,0.11631812900304794,1.0,0.130844384431839,world,settled,0.13375970721244812,1.0,0.061287831515073776,body
stiff_none,body_only,90210,True,False,m,1.3346147837212192,0.0,,0.0,73,True,3.0,0.07253694534301758,body,settled,0.014485744759440422,0.4,0.07720572501420975,body,settled,0.01372493989765644,0.4,0.13284793496131897,body,settled,0.01518397219479084,0.2,0.1453171968460083,body,settled,0.01428705919533968,0.2,0.07253694534301758,body
stiff_none,body_only,90211,True,False,l,1.30656153459059,0.0,,0.0,71,True,3.0,0.05917840078473091,body,settled,0.08516427129507065,1.0,0.07524172961711884,body,settled,0.0753817930817604,1.0,0.1072990894317627,world,settled,0.1456211656332016,1.0,0.13056746125221252,world,settled,0.15944048762321472,1.0,0.05917840078473091,body
stiff_none,body_only,90212,True,False,m,1.6930851814175538,0.0,,0.0,60,False,nan,nan,world,decayed,0.03420043736696243,0.2,nan,world,decayed,0.03498265892267227,0.0,nan,world,decayed,0.03298456221818924,0.0,nan,world,decayed,0.032783277332782745,0.2,nan,world
stiff_none,body_only,90213,True,False,l,1.3559979569855254,0.0,,0.0,66,True,3.0,0.0714997872710228,body,settled,0.043376624584198,0.6,0.0818210244178772,body,settled,0.0435570552945137,0.6,0.12961335480213165,body,settled,0.037084244191646576,0.4,0.1399901807308197,body,settled,0.03926913067698479,0.4,0.0714997872710228,body
stiff_none,body_only,90214,True,False,m,1.3935857870234445,0.0,,0.0,60,True,3.0,0.08709223568439484,body,settled,0.023891473188996315,0.2,0.0813932940363884,body,settled,0.02559632994234562,0.2,0.14475274085998535,body,settled,0.0243562962859869,0.0,0.1633494645357132,body,settled,0.025847500190138817,0.0,0.08709223568439484,body
stiff_none,body_only,90215,True,False,l,1.3131198647094737,0.0,,0.0,80,True,3.0,0.0626763105392456,body,settled,0.06606435030698776,1.0,0.07883356511592865,body,settled,0.07796953618526459,1.0,0.11653921753168106,body,settled,0.12533767521381378,1.0,0.13451996445655823,body,settled,0.13786141574382782,1.0,0.0626763105392456,body
stiff_none,body_only,90216,True,False,m,1.681261135717984,0.0,,0.0,66,False,nan,nan,world,decayed,0.033555131405591965,0.2,nan,world,decayed,0.03456808626651764,0.0,nan,world,decayed,0.03204414248466492,0.0,nan,world,decayed,0.03249693661928177,0.0,nan,world
stiff_none,body_only,90217,True,False,l,1.413471960665546,0.0,,0.0,75,True,3.0,0.070017971098423,body,settled,0.07063978165388107,1.0,0.08196643739938736,body,settled,0.0834464579820633,1.0,0.12343213707208633,body,settled,0.12799988687038422,1.0,0.13609322905540466,body,settled,0.13899551331996918,1.0,0.070017971098423,body
stiff_none,body_only,90218,True,False,m,1.584896311018346,0.0,,0.0,74,True,3.0,0.08137425780296326,body,settled,0.03822832554578781,0.2,0.08635705709457397,body,settled,0.032293789088726044,0.2,0.13606099784374237,body,settled,0.03344210982322693,0.4,0.14615590870380402,body,settled,0.033896081149578094,0.4,0.08137425780296326,body
stiff_none,body_only,90219,True,False,l,1.3119810143159762,0.0,,0.0,70,True,3.0,0.061525892466306686,body,settled,0.06226588413119316,1.0,0.07751619815826416,body,settled,0.07796100527048111,1.0,0.11094806343317032,body,settled,0.11956726014614105,1.0,0.13133947551250458,world,settled,0.1334836184978485,1.0,0.061525892466306686,body
stiff_none,body_only,90220,True,False,m,1.300500753923412,0.0,,0.0,65,True,3.0,0.06167316436767578,body,settled,0.08577628433704376,0.8,0.07013145834207535,body,settled,0.07519786059856415,0.6,0.11215715110301971,body,settled,0.14374904334545135,0.6,0.13432401418685913,body,settled,0.16204147040843964,0.6,0.06167316436767578,body
stiff_none,body_only,90221,True,False,l,1.325946290087466,0.0,,0.0,69,True,3.0,0.06178401783108711,body,settled,0.0586545355618,1.0,0.07950421422719955,body,settled,0.07686538994312286,1.0,0.11057424545288086,body,settled,0.10977449268102646,1.0,0.13278798758983612,body,settled,0.12931397557258606,1.0,0.06178401783108711,body
stiff_none,body_only,90222,True,False,m,1.3799548422979533,0.0,,0.0,63,True,3.0,0.07545163482427597,body,settled,0.02506694570183754,0.4,0.08038165420293808,body,settled,0.026670118793845177,0.4,0.13348457217216492,body,settled,0.025643909350037575,0.2,0.14859259128570557,body,settled,0.02545437216758728,0.2,0.07545163482427597,body
stiff_none,body_only,90223,True,False,l,1.2088747342560058,0.0,,0.0,66,True,3.0,0.05761662870645523,body,settled,0.05879683420062065,1.0,0.07360543310642242,body,settled,0.07194250077009201,1.0,0.11605026572942734,body,settled,0.1163715124130249,1.0,0.1314900815486908,world,settled,0.13031092286109924,1.0,0.05761662870645523,body
stiff_none,body_only,90224,True,False,m,1.3689372681649405,0.0,,0.0,67,False,nan,nan,world,decayed,0.021863674744963646,0.0,nan,world,decayed,0.022760063409805298,0.0,nan,world,decayed,0.01941392570734024,0.0,nan,world,decayed,0.02151566371321678,0.0,nan,world
stiff_none,body_only,90225,True,False,l,1.4190999555086545,0.0,,0.0,76,True,3.0,0.07578562200069427,body,settled,0.0763317123055458,0.6,0.08164312690496445,body,settled,0.0674397349357605,0.6,0.1293037235736847,body,settled,0.043921008706092834,0.6,0.14559069275856018,body,settled,0.040595635771751404,0.6,0.07578562200069427,body
stiff_none,body_only,90226,True,False,m,1.3666051873938825,0.0,,0.0,68,True,3.0,0.06191476434469223,body,settled,0.08005279302597046,1.0,0.07538125663995743,body,settled,0.07927271723747253,1.0,0.11295868456363678,body,settled,0.13792482018470764,1.0,0.12967240810394287,world,settled,0.14846642315387726,1.0,0.06191476434469223,body
stiff_none,body_only,90227,True,False,l,1.2089853713110907,0.0,,0.0,76,True,3.0,0.05664385110139847,world,settled,0.0583818256855011,1.0,0.07149060815572739,body,settled,0.07217329740524292,1.0,0.11436031013727188,body,settled,0.11396001279354095,1.0,0.12844805419445038,world,settled,0.1299269199371338,1.0,0.05664385110139847,world
stiff_none,body_only,90228,True,False,m,1.3941552835422104,0.0,,0.0,76,True,3.0,0.06830652058124542,body,settled,0.09044336527585983,1.0,0.07811716198921204,body,settled,0.08126216381788254,1.0,0.1209830790758133,body,settled,0.14722441136837006,1.0,0.1369333565235138,body,settled,0.16644889116287231,1.0,0.06830652058124542,body
stiff_none,body_only,90229,True,False,l,1.4129882265602367,0.0,,0.0,60,True,3.0,0.08934764564037323,body,settled,0.04716986045241356,0.8,0.08495984226465225,body,settled,0.051763810217380524,0.8,0.14740240573883057,body,settled,0.04495982080698013,0.6,0.16317179799079895,body,settled,0.04437822848558426,0.6,0.08934764564037323,body
stiff_none,body_only,90230,True,False,m,1.387380358400205,0.0,,0.0,62,False,nan,nan,world,decayed,0.024375319480895996,0.2,nan,world,decayed,0.02570231817662716,0.2,nan,world,decayed,0.02180846408009529,0.0,nan,world,decayed,0.024531571194529533,0.0,nan,world
stiff_none,body_only,90231,True,False,l,1.2736796593502162,0.0,,0.0,79,True,3.0,0.06334835290908813,body,settled,0.06374979019165039,1.0,0.07535867393016815,body,settled,0.07611192762851715,1.0,0.11956150829792023,body,settled,0.11905203759670258,1.0,0.13474665582180023,body,settled,0.1416063755750656,1.0,0.06334835290908813,body
stiff_none,body_only,90232,True,False,m,1.3398772042708087,0.0,,0.0,65,True,3.0,0.0644063800573349,body,settled,0.06498046219348907,1.0,0.07787036895751953,body,settled,0.07628108561038971,1.0,0.12374325841665268,body,settled,0.12254723161458969,1.0,0.13976289331912994,body,settled,0.13932828605175018,1.0,0.0644063800573349,body
stiff_none,body_only,90233,True,False,l,1.2151805568406018,0.0,,0.0,74,True,3.0,0.05212461203336716,world,settled,0.06051485612988472,1.0,0.07096439599990845,body,settled,0.07203178107738495,1.0,0.10120699554681778,world,settled,0.11773936450481415,1.0,0.12789693474769592,world,settled,0.13052502274513245,1.0,0.05212461203336716,world
stiff_none,body_only,90234,True,False,m,1.412785576783788,0.0,,0.0,80,True,3.0,0.06603051722049713,body,settled,0.08066706359386444,0.8,0.07943443953990936,body,settled,0.08307676017284393,0.8,0.12021727859973907,body,settled,0.14151418209075928,0.8,0.1353013813495636,body,settled,0.15880391001701355,0.8,0.06603051722049713,body
stiff_none,body_only,90235,True,False,l,1.4243033807217698,0.0,,0.0,60,True,3.0,0.07678629457950592,body,settled,0.05526246502995491,0.6,0.08357997238636017,body,settled,0.0524747371673584,0.6,0.1326402723789215,body,settled,0.035255301743745804,0.4,0.1463184654712677,body,settled,0.03226407617330551,0.4,0.07678629457950592,body
stiff_none,body_only,90236,True,False,m,1.6997035312296203,0.0,,0.0,64,False,nan,nan,world,decayed,0.029492627829313278,0.0,nan,world,decayed,0.030629560351371765,0.0,nan,world,decayed,0.028915459290146828,0.0,nan,world,decayed,0.030275216326117516,0.0,nan,world
stiff_none,body_only,90237,True,False,l,1.376968432617344,0.0,,0.0,75,True,3.0,0.06796552240848541,body,settled,0.09785594791173935,1.0,0.08094732463359833,body,settled,0.07944458723068237,1.0,0.12204215675592422,body,settled,0.1345038115978241,0.8,0.13787958025932312,body,settled,0.1499422788619995,0.8,0.06796552240848541,body
stiff_none,body_only,90238,True,False,m,1.5968317899030746,0.0,,0.0,62,False,nan,nan,world,decayed,0.03064015880227089,0.0,nan,world,decayed,0.03135639801621437,0.0,nan,world,decayed,0.027634482830762863,0.0,nan,world,decayed,0.028849992901086807,0.0,nan,world
stiff_none,body_only,90239,True,False,l,1.3434682340044826,0.0,,0.0,67,True,3.0,0.06753210723400116,body,settled,0.06809918582439423,1.0,0.07803286612033844,body,settled,0.07882027328014374,1.0,0.12445072829723358,body,settled,0.1249915137887001,1.0,0.13883456587791443,body,settled,0.13677622377872467,1.0,0.06753210723400116,body
stiff_none,world_only,90240,False,True,,1.0,1.0,short,-0.05,59,True,3.0,0.0504375696182251,world,settled,0.050050050020217896,1.0,0.06258164346218109,world,settled,0.06340689957141876,1.0,0.09841586649417877,world,settled,0.10206103324890137,1.0,0.1264931708574295,world,settled,0.12550650537014008,1.0,0.0504375696182251,world
stiff_none,world_only,90241,False,True,,1.0,1.0,medium,0.1,75,True,3.0,0.054655712097883224,world,settled,0.05094454437494278,1.0,0.060716670006513596,world,settled,0.06235889345407486,1.0,0.09164870530366898,world,settled,0.09743703156709671,1.0,0.13220176100730896,world,settled,0.1253347098827362,1.0,0.054655712097883224,world
stiff_none,world_only,90242,False,True,,1.0,-2.0,short,0.2,69,True,3.0,0.04719780012965202,world,settled,0.04986438900232315,1.0,0.055204592645168304,world,settled,0.06323473155498505,1.0,0.10710320621728897,world,settled,0.0979938954114914,1.0,0.12589290738105774,world,settled,0.12465490400791168,1.0,0.04719780012965202,world
stiff_none,world_only,90243,False,True,,1.0,2.0,medium,0.05,68,True,3.1,0.0444389209151268,world,settled,0.04903331398963928,1.0,0.06792272627353668,body,settled,0.061527471989393234,1.0,0.0574362650513649,world,settled,0.10104689747095108,1.0,0.15179520845413208,body,settled,0.1273772120475769,1.0,0.0444389209151268,world
stiff_none,world_only,90244,False,True,,1.0,-4.0,short,0.05,65,False,nan,nan,world,decayed,0.0027762907557189465,0.0,nan,world,decayed,0.002723132260143757,0.0,nan,world,decayed,0.0026526665315032005,0.0,nan,world,decayed,0.004399840719997883,0.0,nan,world
stiff_none,world_only,90245,False,True,,1.0,4.0,medium,0.25,65,False,nan,nan,world,decayed,0.004960335791110992,0.0,nan,world,decayed,0.0021361210383474827,0.0,nan,world,decayed,0.0068772705271840096,0.0,nan,world,decayed,0.005873329937458038,0.0,nan,world
stiff_none,world_only,90246,False,True,,1.0,-1.0,short,0.1,75,True,3.0,0.05081275850534439,world,settled,0.04874556511640549,1.0,0.06059848517179489,world,settled,0.06365014612674713,1.0,0.09651626646518707,world,settled,0.10033764690160751,1.0,0.12649618089199066,world,settled,0.12694504857063293,1.0,0.05081275850534439,world
stiff_none,world_only,90247,False,True,,1.0,-1.0,medium,-0.15000000000000002,77,True,3.0,0.04424949735403061,world,settled,0.049728453159332275,1.0,0.05813241004943848,world,settled,0.0625992864370346,1.0,0.10359019041061401,world,settled,0.09663000702857971,1.0,0.12907715141773224,world,settled,0.12533262372016907,1.0,0.04424949735403061,world
stiff_none,world_only,90248,False,True,,1.0,-2.0,short,0.15000000000000002,70,False,nan,nan,world,decayed,0.0029998067766427994,0.0,nan,world,decayed,0.00274717272259295,0.0,nan,world,decayed,0.0027362010441720486,0.0,nan,world,decayed,0.0043116370216012,0.0,nan,world
stiff_none,world_only,90249,False,True,,1.0,2.0,medium,-0.25,60,False,nan,nan,world,decayed,0.004977698437869549,0.0,nan,world,decayed,0.0021832433994859457,0.0,nan,world,decayed,0.006488535553216934,0.0,nan,world,decayed,0.006014461163431406,0.0,nan,world
stiff_none,world_only,90250,False,True,,1.0,4.0,short,0.05,68,True,3.4000000000000004,0.04715041071176529,world,settled,0.05032680183649063,1.0,0.06564273685216904,world,settled,0.062058210372924805,1.0,0.0617278516292572,world,settled,0.10128519684076309,1.0,0.14984609186649323,body,settled,0.12688013911247253,1.0,0.04715041071176529,world
stiff_none,world_only,90251,False,True,,1.0,-4.0,medium,0.15000000000000002,77,False,nan,nan,world,decayed,0.0029042961541563272,0.0,nan,world,decayed,0.002509919460862875,0.0,nan,world,decayed,0.00281176227144897,0.0,nan,world,decayed,0.004374538082629442,0.0,nan,world
stiff_none,world_only,90252,False,True,,1.0,-1.0,short,-0.05,78,True,3.0,0.050189368426799774,world,settled,0.04919516667723656,1.0,0.0624796524643898,world,settled,0.06163618713617325,1.0,0.09936753660440445,world,settled,0.10026507079601288,1.0,0.12316463142633438,world,settled,0.1250174343585968,1.0,0.050189368426799774,world
stiff_none,world_only,90253,False,True,,1.0,1.0,medium,-0.05,60,True,3.0,0.05286543816328049,world,settled,0.04915730282664299,1.0,0.061056606471538544,world,settled,0.061222754418849945,1.0,0.0985126793384552,world,settled,0.09872571378946304,1.0,0.13136763870716095,world,settled,0.12506259977817535,1.0,0.05286543816328049,world
stiff_none,world_only,90254,False,True,,1.0,2.0,short,0.1,75,True,3.0,0.053782831877470016,world,settled,0.047471411526203156,1.0,0.06133037805557251,world,settled,0.062261950224637985,1.0,0.09367252141237259,world,settled,0.10278630256652832,1.0,0.13178789615631104,world,settled,0.12458556890487671,1.0,0.053782831877470016,world
stiff_none,world_only,90255,False,True,,1.0,2.0,medium,0.25,70,True,3.1,0.04694975167512894,world,settled,0.05040368437767029,1.0,0.06625412404537201,world,settled,0.06181788444519043,1.0,0.06462256610393524,world,settled,0.09967400878667831,1.0,0.14892637729644775,body,settled,0.1260322481393814,1.0,0.04694975167512894,world
stiff_none,world_only,90256,False,True,,1.0,-4.0,short,-0.2,70,False,nan,nan,world,decayed,0.0028205823618918657,0.0,nan,world,decayed,0.0024551984388381243,0.0,nan,world,decayed,0.002435199683532119,0.0,nan,world,decayed,0.0044412207789719105,0.0,nan,world
stiff_none,world_only,90257,False,True,,1.0,-4.0,medium,-0.05,64,False,nan,nan,world,decayed,0.0030205140355974436,0.0,nan,world,decayed,0.0028248478192836046,0.0,nan,world,decayed,0.0026812427677214146,0.0,nan,world,decayed,0.004985892679542303,0.0,nan,world
stiff_none,world_only,90258,False,True,,1.0,-1.0,short,0.25,67,True,3.0,0.05132633447647095,world,settled,0.048887621611356735,1.0,0.059245765209198,world,settled,0.06190910190343857,1.0,0.10489781200885773,world,settled,0.09725730866193771,1.0,0.12410227209329605,world,settled,0.12564340233802795,1.0,0.05132633447647095,world
stiff_none,world_only,90259,False,True,,1.0,1.0,medium,-0.25,71,True,3.0,0.0567500963807106,world,settled,0.05036485940217972,1.0,0.05749506875872612,world,settled,0.06164582446217537,1.0,0.08772724121809006,world,settled,0.10028716176748276,1.0,0.13488644361495972,body,settled,0.12516508996486664,1.0,0.0567500963807106,world
stiff_none,world_only,90260,False,True,,1.0,-2.0,short,-0.05,78,True,3.0,0.04426387697458267,world,settled,0.050620704889297485,1.0,0.061542343348264694,world,settled,0.06170779466629028,1.0,0.10080941021442413,world,settled,0.09849177300930023,1.0,0.12182670831680298,world,settled,0.1260208785533905,1.0,0.04426387697458267,world
stiff_none,world_only,90261,False,True,,1.0,-2.0,medium,0.15000000000000002,76,False,nan,nan,world,decayed,0.0030849494505673647,0.0,nan,world,decayed,0.002507057273760438,0.0,nan,world,decayed,0.002856664825230837,0.0,nan,world,decayed,0.004479448311030865,0.0,nan,world
stiff_none,world_only,90262,False,True,,1.0,-4.0,short,0.1,68,False,nan,nan,world,decayed,0.00259934994392097,0.0,nan,world,decayed,0.002681298414245248,0.0,nan,world,decayed,0.003001425415277481,0.0,nan,world,decayed,0.004296004306524992,0.0,nan,world
stiff_none,world_only,90263,False,True,,1.0,-4.0,medium,-0.15000000000000002,76,False,nan,nan,world,decayed,0.0027027062606066465,0.0,nan,world,decayed,0.002644117921590805,0.0,nan,world,decayed,0.0027320326771587133,0.0,nan,world,decayed,0.004796798340976238,0.0,nan,world
stiff_none,world_only,90264,False,True,,1.0,1.0,short,-0.15000000000000002,76,True,3.0,0.05106642097234726,world,settled,0.05091387778520584,1.0,0.06148380786180496,world,settled,0.06166883558034897,1.0,0.10074131190776825,world,settled,0.09937112033367157,1.0,0.12731818854808807,world,settled,0.12602083384990692,1.0,0.05106642097234726,world
stiff_none,world_only,90265,False,True,,1.0,1.0,medium,-0.05,73,True,3.0,0.05696902424097061,body,settled,0.05004660040140152,1.0,0.05889164283871651,world,settled,0.06155036762356758,1.0,0.09090683609247208,world,settled,0.1004013866186142,1.0,0.13268497586250305,body,settled,0.1254027634859085,1.0,0.05696902424097061,body
stiff_none,world_only,90266,False,True,,1.0,2.0,short,0.1,80,True,3.0,0.0527612566947937,world,settled,0.04917078837752342,1.0,0.06130705028772354,world,settled,0.06286411732435226,1.0,0.09594054520130157,world,settled,0.1007201224565506,1.0,0.12959899008274078,world,settled,0.1251705288887024,1.0,0.0527612566947937,world
stiff_none,world_only,90267,False,True,,1.0,2.0,medium,-0.05,73,True,3.5500000000000003,0.04722791910171509,world,settled,0.05166877061128616,1.0,0.06542454659938812,world,settled,0.0625927671790123,1.0,0.06358514726161957,world,settled,0.09846121072769165,1.0,0.1484570950269699,body,settled,0.12753720581531525,1.0,0.04722791910171509,world
stiff_none,world_only,90268,False,True,,1.0,-4.0,short,-0.1,69,False,nan,nan,world,decayed,0.00294241844676435,0.0,nan,world,decayed,0.0026410832069814205,0.0,nan,world,decayed,0.0028663231059908867,0.0,nan,world,decayed,0.004100671038031578,0.0,nan,world
stiff_none,world_only,90269,False,True,,1.0,4.0,medium,0.0,74,False,nan,nan,world,decayed,0.005067556165158749,0.0,nan,world,decayed,0.002200562274083495,0.0,nan,world,decayed,0.006492276675999165,0.0,nan,world,decayed,0.0058297691866755486,0.0,nan,world
stiff_none,world_only,90270,False,True,,1.0,-1.0,short,0.1,81,True,3.0,0.04959927499294281,world,settled,0.052132826298475266,1.0,0.06293360888957977,world,settled,0.06098335236310959,1.0,0.10198099911212921,world,settled,0.09855234622955322,1.0,0.12470412254333496,world,settled,0.12623731791973114,1.0,0.04959927499294281,world
stiff_none,world_only,90271,False,True,,1.0,1.0,medium,-0.15000000000000002,77,True,3.0,0.05642002820968628,world,settled,0.05214982479810715,1.0,0.058834053575992584,world,settled,0.061709724366664886,1.0,0.08969049155712128,world,settled,0.10323351621627808,1.0,0.13528189063072205,body,settled,0.1276511251926422,1.0,0.05642002820968628,world
stiff_none,world_only,90272,False,True,,1.0,-2.0,short,-0.2,58,True,3.0,0.04366198554635048,world,settled,0.05037698894739151,1.0,0.06324784457683563,world,settled,0.06156281381845474,1.0,0.09938238561153412,world,settled,0.10060584545135498,1.0,0.12073411792516708,world,settled,0.12489183247089386,1.0,0.04366198554635048,world
stiff_none,world_only,90273,False,True,,1.0,2.0,medium,-0.2,71,False,nan,nan,world,decayed,0.005020955577492714,0.0,nan,world,decayed,0.0020466961432248354,0.0,nan,world,decayed,0.006616727448999882,0.0,nan,world,decayed,0.005688839592039585,0.0,nan,world
stiff_none,world_only,90274,False,True,,1.0,4.0,short,-0.15000000000000002,60,True,3.35,0.045603133738040924,world,settled,0.05033441632986069,1.0,0.06621690839529037,world,settled,0.06337372958660126,1.0,0.0601818673312664,world,settled,0.0971217080950737,1.0,0.1496310532093048,body,settled,0.12755951285362244,1.0,0.045603133738040924,world
stiff_none,world_only,90275,False,True,,1.0,4.0,medium,0.2,76,False,nan,nan,world,decayed,0.0046992069110274315,0.0,nan,world,decayed,0.0021402467973530293,0.0,nan,world,decayed,0.006538511719554663,0.0,nan,world,decayed,0.005593575071543455,0.0,nan,world
stiff_none,world_only,90276,False,True,,1.0,1.0,short,-0.1,69,True,3.0,0.05332202836871147,world,settled,0.05072735995054245,1.0,0.062299974262714386,world,settled,0.06152353435754776,1.0,0.09978797286748886,world,settled,0.09982534497976303,1.0,0.12895996868610382,world,settled,0.12460067123174667,1.0,0.05332202836871147,world
stiff_none,world_only,90277,False,True,,1.0,-1.0,medium,0.25,75,True,4.7,0.04439517855644226,world,settled,0.04992476850748062,1.0,0.057925380766391754,world,settled,0.061496615409851074,1.0,0.10339020192623138,world,settled,0.10114411264657974,1.0,0.12773361802101135,world,settled,0.12611334025859833,1.0,0.04439517855644226,world
stiff_none,world_only,90278,False,True,,1.0,2.0,short,0.2,64,True,3.0,0.056109827011823654,world,settled,0.050332795828580856,1.0,0.05952216312289238,world,settled,0.06199158355593681,1.0,0.09145288169384003,world,settled,0.09983668476343155,1.0,0.13315518200397491,body,settled,0.12530328333377838,1.0,0.056109827011823654,world
stiff_none,world_only,90279,False,True,,1.0,-2.0,medium,-0.15000000000000002,63,False,nan,nan,world,decayed,0.002765745623037219,0.0,nan,world,decayed,0.0028427180368453264,0.0,nan,world,decayed,0.0033127483911812305,0.0,nan,world,decayed,0.004762635100632906,0.0,nan,world
stiff_none,world_only,90280,False,True,,1.0,4.0,short,0.2,77,True,3.5,0.04836247116327286,world,settled,0.05000024288892746,1.0,0.06379077583551407,world,settled,0.06135551258921623,1.0,0.06460990011692047,world,settled,0.09937221556901932,1.0,0.14881150424480438,body,settled,0.1249179020524025,1.0,0.04836247116327286,world
stiff_none,world_only,90281,False,True,,1.0,4.0,medium,0.1,77,False,nan,nan,world,decayed,0.005061761476099491,0.0,nan,world,decayed,0.0020903341937810183,0.0,nan,world,decayed,0.006521417293697596,0.0,nan,world,decayed,0.005860845558345318,0.0,nan,world
stiff_none,world_only,90282,False,True,,1.0,1.0,short,0.15000000000000002,68,True,3.0,0.051663219928741455,world,settled,0.04934867471456528,1.0,0.06205052137374878,world,settled,0.06046838313341141,1.0,0.09920760244131088,world,settled,0.09711726009845734,1.0,0.12705810368061066,world,settled,0.1263008415699005,1.0,0.051663219928741455,world
stiff_none,world_only,90283,False,True,,1.0,-1.0,medium,-0.05,74,True,3.0,0.04678867384791374,world,settled,0.049263931810855865,1.0,0.060746390372514725,world,settled,0.06113271787762642,1.0,0.09956851601600647,world,settled,0.10392548143863678,1.0,0.12292037159204483,world,settled,0.1237698644399643,1.0,0.04678867384791374,world
stiff_none,world_only,90284,False,True,,1.0,2.0,short,-0.2,72,True,3.0,0.054641008377075195,world,settled,0.05232686549425125,1.0,0.06195545196533203,world,settled,0.061749476939439774,1.0,0.09713518619537354,world,settled,0.09816448390483856,1.0,0.12957008183002472,world,settled,0.12647050619125366,1.0,0.054641008377075195,world
stiff_none,world_only,90285,False,True,,1.0,-2.0,medium,-0.2,73,False,nan,nan,world,decayed,0.0027217885944992304,0.0,nan,world,decayed,0.0025335343088954687,0.0,nan,world,decayed,0.0029342733323574066,0.0,nan,world,decayed,0.004923785105347633,0.0,nan,world
stiff_none,world_only,90286,False,True,,1.0,4.0,short,-0.1,67,True,3.0,0.056348491460084915,world,settled,0.050515204668045044,1.0,0.0600537434220314,world,settled,0.060873180627822876,1.0,0.08176998794078827,world,settled,0.10273526608943939,1.0,0.13837453722953796,body,settled,0.12475861608982086,1.0,0.056348491460084915,world
stiff_none,world_only,90287,False,True,,1.0,4.0,medium,0.2,79,False,nan,nan,world,decayed,0.004861750639975071,0.0,nan,world,decayed,0.0019879837054759264,0.0,nan,world,decayed,0.006561313755810261,0.0,nan,world,decayed,0.00569811649620533,0.0,nan,world
stiff_none,world_only,90288,False,True,,1.0,-1.0,short,-0.05,78,True,3.0,0.04865403100848198,world,settled,0.0509788803756237,1.0,0.06196456402540207,world,settled,0.06162768602371216,1.0,0.10425951331853867,world,settled,0.09730437397956848,1.0,0.12257683277130127,world,settled,0.1258586347103119,1.0,0.04865403100848198,world
stiff_none,world_only,90289,False,True,,1.0,1.0,medium,-0.05,64,True,3.0,0.05710731819272041,body,settled,0.04930705577135086,1.0,0.059371985495090485,world,settled,0.06289087235927582,1.0,0.09225086122751236,world,settled,0.10079221427440643,1.0,0.1329863965511322,body,settled,0.12405943870544434,1.0,0.05710731819272041,body
stiff_none,world_only,90290,False,True,,1.0,2.0,short,0.1,66,True,3.0,0.053935516625642776,world,settled,0.04997136816382408,1.0,0.06000608205795288,world,settled,0.06334052234888077,1.0,0.10277979075908661,world,settled,0.1015009880065918,1.0,0.13013771176338196,world,settled,0.1250099390745163,1.0,0.053935516625642776,world
stiff_none,world_only,90291,False,True,,1.0,-2.0,medium,0.15000000000000002,75,False,nan,nan,world,decayed,0.0026034105103462934,0.0,nan,world,decayed,0.0024595174472779036,0.0,nan,world,decayed,0.003193596377968788,0.0,nan,world,decayed,0.004814221523702145,0.0,nan,world
stiff_none,world_only,90292,False,True,,1.0,-4.0,short,0.1,74,False,nan,nan,world,decayed,0.002995813963934779,0.0,nan,world,decayed,0.0027413438074290752,0.0,nan,world,decayed,0.00266843568533659,0.0,nan,world,decayed,0.004231638740748167,0.0,nan,world
stiff_none,world_only,90293,False,True,,1.0,4.0,medium,0.1,69,False,nan,nan,world,decayed,0.00511151272803545,0.0,nan,world,decayed,0.002242572605609894,0.0,nan,world,decayed,0.006572653539478779,0.0,nan,world,decayed,0.005717364139854908,0.0,nan,world
stiff_none,world_only,90294,False,True,,1.0,-1.0,short,-0.1,70,True,3.0,0.047008074820041656,world,settled,0.05059801787137985,1.0,0.06296485662460327,world,settled,0.0619080550968647,1.0,0.09982065111398697,world,settled,0.09914536029100418,1.0,0.12400372326374054,world,settled,0.12452496588230133,1.0,0.047008074820041656,world
stiff_none,world_only,90295,False,True,,1.0,1.0,medium,0.2,64,True,3.0,0.057143114507198334,body,settled,0.04949960485100746,1.0,0.05962219089269638,world,settled,0.06338329613208771,1.0,0.09024729579687119,world,settled,0.10024762153625488,1.0,0.13336804509162903,body,settled,0.1256963610649109,1.0,0.057143114507198334,body
stiff_none,world_only,90296,False,True,,1.0,-2.0,short,0.25,84,False,nan,nan,world,decayed,0.0030089118517935276,0.0,nan,world,decayed,0.0023842439986765385,0.0,nan,world,decayed,0.0027916962280869484,0.0,nan,world,decayed,0.004755708388984203,0.0,nan,world
stiff_none,world_only,90297,False,True,,1.0,2.0,medium,-0.05,62,False,nan,nan,world,decayed,0.004752760287374258,0.0,nan,world,decayed,0.002195980865508318,0.0,nan,world,decayed,0.006739054806530476,0.0,nan,world,decayed,0.005736546590924263,0.0,nan,world
stiff_none,world_only,90298,False,True,,1.0,4.0,short,0.05,62,False,nan,nan,world,decayed,0.004670002497732639,0.0,nan,world,decayed,0.002108450513333082,0.0,nan,world,decayed,0.006618512328714132,0.0,nan,world,decayed,0.005762546323239803,0.0,nan,world
stiff_none,world_only,90299,False,True,,1.0,-4.0,medium,0.05,67,False,nan,nan,world,decayed,0.0026415742468088865,0.0,nan,world,decayed,0.0026056552305817604,0.0,nan,world,decayed,0.0026817943435162306,0.0,nan,world,decayed,0.004707869607955217,0.0,nan,world
stiff_none,world_only,90300,False,True,,1.0,-1.0,short,-0.15000000000000002,67,True,3.0,0.04768087714910507,world,settled,0.04976943880319595,1.0,0.06179763749241829,world,settled,0.06356042623519897,1.0,0.10275020450353622,world,settled,0.10113958269357681,1.0,0.125812366604805,world,settled,0.1250186264514923,1.0,0.04768087714910507,world
stiff_none,world_only,90301,False,True,,1.0,-1.0,medium,-0.25,72,True,3.0,0.04649284482002258,world,settled,0.049671389162540436,1.0,0.06238686293363571,world,settled,0.06269298493862152,1.0,0.10042128711938858,world,settled,0.09838961064815521,1.0,0.1236564889550209,world,settled,0.12585853040218353,1.0,0.04649284482002258,world
stiff_none,world_only,90302,False,True,,1.0,-2.0,short,0.2,78,False,nan,nan,world,decayed,0.0029618521220982075,0.0,nan,world,decayed,0.002587449038401246,0.0,nan,world,decayed,0.0024389063473790884,0.0,nan,world,decayed,0.004539871122688055,0.0,nan,world
stiff_none,world_only,90303,False,True,,1.0,2.0,medium,-0.15000000000000002,59,True,3.75,0.04675028845667839,world,settled,0.05048636719584465,1.0,0.06637871265411377,world,settled,0.06158917397260666,1.0,0.06210193783044815,world,settled,0.10077612102031708,1.0,0.1495128870010376,body,settled,0.12568709254264832,1.0,0.04675028845667839,world
stiff_none,world_only,90304,False,True,,1.0,4.0,short,0.05,80,True,3.0,0.04428599402308464,world,settled,0.05195748805999756,1.0,0.06721170246601105,body,settled,0.060957252979278564,1.0,0.05846722051501274,world,settled,0.0991796925663948,1.0,0.15096895396709442,body,settled,0.12833727896213531,1.0,0.04428599402308464,world
stiff_none,world_only,90305,False,True,,1.0,-4.0,medium,-0.25,73,False,nan,nan,world,decayed,0.0030525883194059134,0.0,nan,world,decayed,0.0025093737058341503,0.0,nan,world,decayed,0.0029583817813545465,0.0,nan,world,decayed,0.004452214576303959,0.0,nan,world
stiff_none,world_only,90306,False,True,,1.0,1.0,short,-0.15000000000000002,64,True,3.0,0.052973292768001556,world,settled,0.050407521426677704,1.0,0.06243482977151871,world,settled,0.06073508784174919,1.0,0.09710713475942612,world,settled,0.10138461738824844,1.0,0.12953884899616241,world,settled,0.12656641006469727,1.0,0.052973292768001556,world
stiff_none,world_only,90307,False,True,,1.0,1.0,medium,-0.05,72,True,3.0,0.05574537441134453,world,settled,0.05209841579198837,1.0,0.06048194319009781,world,settled,0.06310062855482101,1.0,0.0934772789478302,world,settled,0.09694213420152664,1.0,0.1316133737564087,world,settled,0.12617865204811096,1.0,0.05574537441134453,world
stiff_none,world_only,90308,False,True,,1.0,-2.0,short,-0.25,62,True,3.0,0.04855625703930855,world,settled,0.050384365022182465,1.0,0.05990232154726982,world,settled,0.06145290657877922,1.0,0.10236911475658417,world,settled,0.10155732929706573,1.0,0.12315917015075684,world,settled,0.12485374510288239,1.0,0.04855625703930855,world
stiff_none,world_only,90309,False,True,,1.0,2.0,medium,0.25,65,False,nan,nan,world,decayed,0.00446614995598793,0.0,nan,world,decayed,0.0021168708335608244,0.0,nan,world,decayed,0.0061425818130373955,0.0,nan,world,decayed,0.0056106033734977245,0.0,nan,world
stiff_none,world_only,90310,False,True,,1.0,4.0,short,0.15000000000000002,70,True,3.0,0.0553329698741436,world,settled,0.05045400932431221,1.0,0.06114838644862175,world,settled,0.06196711212396622,1.0,0.07840202748775482,world,settled,0.09921924769878387,1.0,0.14117364585399628,body,settled,0.1260334551334381,1.0,0.0553329698741436,world
stiff_none,world_only,90311,False,True,,1.0,-4.0,medium,-0.05,66,False,nan,nan,world,decayed,0.002984191058203578,0.0,nan,world,decayed,0.0026089190505445004,0.0,nan,world,decayed,0.0030690196435898542,0.0,nan,world,decayed,0.003888107370585203,0.0,nan,world
stiff_none,world_only,90312,False,True,,1.0,1.0,short,0.2,69,True,3.0,0.05330171436071396,world,settled,0.05006703734397888,1.0,0.06224992126226425,world,settled,0.06195038557052612,1.0,0.09624946862459183,world,settled,0.10240379720926285,1.0,0.1291855126619339,world,settled,0.12556691467761993,1.0,0.05330171436071396,world
stiff_none,world_only,90313,False,True,,1.0,-1.0,medium,-0.2,66,True,3.0,0.043097518384456635,world,settled,0.04988431558012962,1.0,0.05800163000822067,world,settled,0.06374876201152802,1.0,0.10075175762176514,world,settled,0.10103855282068253,1.0,0.12776125967502594,world,settled,0.12564663589000702,1.0,0.043097518384456635,world
stiff_none,world_only,90314,False,True,,1.0,2.0,short,-0.05,66,True,3.0,0.054571568965911865,world,settled,0.04879101738333702,1.0,0.06309767812490463,world,settled,0.06189638376235962,1.0,0.09404627978801727,world,settled,0.0967831090092659,1.0,0.1314319372177124,world,settled,0.12600143253803253,1.0,0.054571568965911865,world
stiff_none,world_only,90315,False,True,,1.0,2.0,medium,0.0,65,True,4.75,0.048528511077165604,world,settled,0.051148075610399246,1.0,0.06430642306804657,world,settled,0.0617465004324913,1.0,0.06455711275339127,world,settled,0.10177522897720337,1.0,0.14767241477966309,body,settled,0.12643314898014069,1.0,0.048528511077165604,world
stiff_none,world_only,90316,False,True,,1.0,4.0,short,-0.05,63,True,3.85,0.047855980694293976,world,settled,0.04975651949644089,1.0,0.06504595279693604,world,settled,0.06356088072061539,1.0,0.06243862956762314,world,settled,0.09630175679922104,1.0,0.14794005453586578,body,settled,0.12738563120365143,1.0,0.047855980694293976,world
stiff_none,world_only,90317,False,True,,1.0,4.0,medium,0.25,84,False,nan,nan,world,decayed,0.004653490148484707,0.0,nan,world,decayed,0.0022918363101780415,0.0,nan,world,decayed,0.006310886237770319,0.0,nan,world,decayed,0.005924338474869728,0.0,nan,world
stiff_none,world_only,90318,False,True,,1.0,-1.0,short,0.1,75,True,3.0,0.048036787658929825,world,settled,0.05007340759038925,1.0,0.061370790004730225,world,settled,0.06218378618359566,1.0,0.10001327842473984,world,settled,0.10059128701686859,1.0,0.1223391517996788,world,settled,0.12552887201309204,1.0,0.048036787658929825,world
stiff_none,world_only,90319,False,True,,1.0,1.0,medium,-0.25,65,True,3.0,0.05605623871088028,world,settled,0.04891631379723549,1.0,0.058737896382808685,world,settled,0.06173006817698479,1.0,0.09113862365484238,world,settled,0.10280968993902206,1.0,0.13264423608779907,body,settled,0.12569619715213776,1.0,0.05605623871088028,world
stiff_none,world_only,90320,False,True,,1.0,2.0,short,0.25,76,True,3.0,0.05345027893781662,world,settled,0.04955100268125534,1.0,0.06124839186668396,world,settled,0.06255561858415604,1.0,0.09458772838115692,world,settled,0.0985274612903595,1.0,0.13081789016723633,world,settled,0.12735649943351746,1.0,0.05345027893781662,world
stiff_none,world_only,90321,False,True,,1.0,2.0,medium,-0.15000000000000002,57,True,3.95,0.04929260164499283,world,settled,0.05228583142161369,1.0,0.06290014833211899,world,settled,0.059798598289489746,1.0,0.06411723792552948,world,settled,0.09926944226026535,1.0,0.14589181542396545,body,settled,0.12672576308250427,1.0,0.04929260164499283,world
stiff_none,world_only,90322,False,True,,1.0,4.0,short,-0.1,74,True,3.6,0.047028228640556335,world,settled,0.05104193836450577,1.0,0.06463222950696945,world,settled,0.06031499430537224,1.0,0.06348554790019989,world,settled,0.10100803524255753,1.0,0.14960508048534393,body,settled,0.12545832991600037,1.0,0.047028228640556335,world
stiff_none,world_only,90323,False,True,,1.0,-4.0,medium,-0.05,75,False,nan,nan,world,decayed,0.0028475101571530104,0.0,nan,world,decayed,0.0027878149412572384,0.0,nan,world,decayed,0.002692227018997073,0.0,nan,world,decayed,0.004709378816187382,0.0,nan,world
stiff_none,world_only,90324,False,True,,1.0,1.0,short,-0.05,72,True,3.0,0.04918961226940155,world,settled,0.04987860098481178,1.0,0.063083216547966,world,settled,0.06250236928462982,1.0,0.10228411853313446,world,settled,0.09860371053218842,1.0,0.12491599470376968,world,settled,0.1266377717256546,1.0,0.04918961226940155,world
stiff_none,world_only,90325,False,True,,1.0,1.0,medium,0.05,80,True,3.0,0.055220864713191986,world,settled,0.05109051614999771,1.0,0.061261676251888275,world,settled,0.06277510523796082,1.0,0.09661652147769928,world,settled,0.09762600064277649,1.0,0.1323055922985077,world,settled,0.12787821888923645,1.0,0.055220864713191986,world
stiff_none,world_only,90326,False,True,,1.0,2.0,short,0.1,73,True,3.0,0.05368761345744133,world,settled,0.05074181407690048,1.0,0.059261877089738846,world,settled,0.06118727847933769,1.0,0.09724753350019455,world,settled,0.10039423406124115,1.0,0.13124898076057434,world,settled,0.1257282942533493,1.0,0.05368761345744133,world
stiff_none,world_only,90327,False,True,,1.0,-2.0,medium,0.25,78,False,nan,nan,world,decayed,0.002617401536554098,0.0,nan,world,decayed,0.0024520729202777147,0.0,nan,world,decayed,0.0027379258535802364,0.0,nan,world,decayed,0.004846745636314154,0.0,nan,world
stiff_none,world_only,90328,False,True,,1.0,-4.0,short,0.15000000000000002,74,False,nan,nan,world,decayed,0.002784388605505228,0.0,nan,world,decayed,0.0025651187170296907,0.0,nan,world,decayed,0.003190194722265005,0.0,nan,world,decayed,0.004356855526566505,0.0,nan,world
stiff_none,world_only,90329,False,True,,1.0,4.0,medium,0.15000000000000002,75,False,nan,nan,world,decayed,0.005267229862511158,0.0,nan,world,decayed,0.0019229393219575286,0.0,nan,world,decayed,0.00676481518894434,0.0,nan,world,decayed,0.005789408925920725,0.0,nan,world
stiff_none,world_only,90330,False,True,,1.0,1.0,short,0.1,82,True,3.0,0.05073820427060127,world,settled,0.05069578438997269,1.0,0.06359933316707611,world,settled,0.061139632016420364,1.0,0.09636499732732773,world,settled,0.09997809678316116,1.0,0.12606486678123474,world,settled,0.12799681723117828,1.0,0.05073820427060127,world
stiff_none,world_only,90331,False,True,,1.0,1.0,medium,-0.05,61,True,3.0,0.053486693650484085,world,settled,0.0485440231859684,1.0,0.05950792506337166,world,settled,0.06360591948032379,1.0,0.09482141584157944,world,settled,0.09945450723171234,1.0,0.13138732314109802,world,settled,0.12461352348327637,1.0,0.053486693650484085,world
stiff_none,world_only,90332,False,True,,1.0,-2.0,short,-0.1,70,True,3.0,0.0444137342274189,world,settled,0.051790397614240646,1.0,0.05644693225622177,world,settled,0.06262730807065964,1.0,0.10487564653158188,world,settled,0.09735214710235596,1.0,0.12747962772846222,world,settled,0.1269950121641159,1.0,0.0444137342274189,world
stiff_none,world_only,90333,False,True,,1.0,2.0,medium,0.1,72,True,3.1,0.04542435333132744,world,settled,0.05108463764190674,1.0,0.0662098079919815,world,settled,0.06210264563560486,1.0,0.05878465250134468,world,settled,0.09558750689029694,1.0,0.1503530591726303,body,settled,0.12805308401584625,1.0,0.04542435333132744,world
stiff_none,world_only,90334,False,True,,1.0,4.0,short,0.05,61,True,3.0,0.04774869605898857,world,settled,0.0514586940407753,1.0,0.06263487040996552,world,settled,0.06268376857042313,1.0,0.06668828427791595,world,settled,0.10003248602151871,1.0,0.1462041735649109,body,settled,0.12628763914108276,1.0,0.04774869605898857,world
stiff_none,world_only,90335,False,True,,1.0,-4.0,medium,0.1,77,False,nan,nan,world,decayed,0.0025517898611724377,0.0,nan,world,decayed,0.0023849548306316137,0.0,nan,world,decayed,0.0031729303300380707,0.0,nan,world,decayed,0.004571512807160616,0.0,nan,world
stiff_none,world_only,90336,False,True,,1.0,-1.0,short,-0.15000000000000002,76,True,3.0,0.047568179666996,world,settled,0.04974474757909775,1.0,0.06393464654684067,world,settled,0.0628657415509224,1.0,0.09896476566791534,world,settled,0.0999758392572403,1.0,0.12281274795532227,world,settled,0.12566423416137695,1.0,0.047568179666996,world
stiff_none,world_only,90337,False,True,,1.0,1.0,medium,-0.25,60,True,3.0,0.05606710910797119,world,settled,0.05161585286259651,1.0,0.05849723890423775,world,settled,0.06309753656387329,1.0,0.09118752181529999,world,settled,0.09732810407876968,1.0,0.1337546408176422,body,settled,0.12686966359615326,1.0,0.05606710910797119,world
stiff_none,world_only,90338,False,True,,1.0,2.0,short,-0.1,58,True,3.0,0.053371887654066086,world,settled,0.05153096467256546,1.0,0.06128920242190361,world,settled,0.0614013597369194,1.0,0.09916438162326813,world,settled,0.10309486091136932,1.0,0.13156379759311676,world,settled,0.12532690167427063,1.0,0.053371887654066086,world
stiff_none,world_only,90339,False,True,,1.0,2.0,medium,-0.05,61,True,3.1,0.043024368584156036,world,settled,0.05179295688867569,1.0,0.06686373800039291,world,settled,0.06169842556118965,1.0,0.05711117386817932,world,settled,0.0971018448472023,1.0,0.15216505527496338,body,settled,0.12628881633281708,1.0,0.043024368584156036,world
stiff_none,world_only,90340,False,True,,1.0,4.0,short,-0.2,57,True,3.0,0.05107276514172554,world,settled,0.05144421383738518,1.0,0.06297767907381058,world,settled,0.06287842243909836,1.0,0.06873946636915207,world,settled,0.09875074028968811,1.0,0.1458953469991684,body,settled,0.12656061351299286,1.0,0.05107276514172554,world
stiff_none,world_only,90341,False,True,,1.0,4.0,medium,0.15000000000000002,71,False,nan,nan,world,decayed,0.004721395671367645,0.0,nan,world,decayed,0.002122161677107215,0.0,nan,world,decayed,0.00688574556261301,0.0,nan,world,decayed,0.006181334611028433,0.0,nan,world
stiff_none,world_only,90342,False,True,,1.0,1.0,short,-0.2,69,True,3.0,0.05352426692843437,world,settled,0.04868596792221069,1.0,0.0611344575881958,world,settled,0.06359968334436417,1.0,0.09840010106563568,world,settled,0.09970185905694962,1.0,0.12971772253513336,world,settled,0.1255243867635727,1.0,0.05352426692843437,world
stiff_none,world_only,90343,False,True,,1.0,1.0,medium,-0.1,70,True,3.0,0.054447293281555176,world,settled,0.05025606229901314,1.0,0.05974860116839409,world,settled,0.06261100620031357,1.0,0.09226231276988983,world,settled,0.09513963758945465,1.0,0.13154000043869019,world,settled,0.1267467588186264,1.0,0.054447293281555176,world
stiff_none,world_only,90344,False,True,,1.0,2.0,short,0.2,65,True,3.0,0.056456901133060455,world,settled,0.050868161022663116,1.0,0.059530287981033325,world,settled,0.06284812837839127,1.0,0.09238048642873764,world,settled,0.10083731263875961,1.0,0.13224193453788757,world,settled,0.12494679540395737,1.0,0.056456901133060455,world
stiff_none,world_only,90345,False,True,,1.0,-2.0,medium,0.0,75,False,nan,nan,world,decayed,0.0028932380955666304,0.0,nan,world,decayed,0.0026983371935784817,0.0,nan,world,decayed,0.0032763227354735136,0.0,nan,world,decayed,0.004519261419773102,0.0,nan,world
stiff_none,world_only,90346,False,True,,1.0,4.0,short,-0.2,59,False,nan,nan,world,decayed,0.004936410114169121,0.0,nan,world,decayed,0.002070349408313632,0.0,nan,world,decayed,0.006712265312671661,0.0,nan,world,decayed,0.006066144444048405,0.0,nan,world
stiff_none,world_only,90347,False,True,,1.0,-4.0,medium,-0.2,63,False,nan,nan,world,decayed,0.002972628455609083,0.0,nan,world,decayed,0.002497139386832714,0.0,nan,world,decayed,0.0027604021597653627,0.0,nan,world,decayed,0.004027413669973612,0.0,nan,world
stiff_none,world_only,90348,False,True,,1.0,-1.0,short,0.25,77,True,3.0,0.052156947553157806,world,settled,0.04783874750137329,1.0,0.0619189515709877,world,settled,0.060337722301483154,1.0,0.09930764138698578,world,settled,0.09875740855932236,1.0,0.1251698136329651,world,settled,0.12583985924720764,1.0,0.052156947553157806,world
stiff_none,world_only,90349,False,True,,1.0,1.0,medium,0.05,63,True,3.0,0.056702595204114914,world,settled,0.05197148770093918,1.0,0.06043450906872749,world,settled,0.06074552610516548,1.0,0.09175218641757965,world,settled,0.09846387058496475,1.0,0.13542293012142181,body,settled,0.12402228266000748,1.0,0.056702595204114914,world
stiff_none,world_only,90350,False,True,,1.0,-2.0,short,0.05,79,True,3.0,0.04421480372548103,world,settled,0.04947550967335701,1.0,0.05818168446421623,world,settled,0.06224410980939865,1.0,0.10343601554632187,world,settled,0.1005077138543129,1.0,0.12444300949573517,world,settled,0.12544938921928406,1.0,0.04421480372548103,world
stiff_none,world_only,90351,False,True,,1.0,2.0,medium,0.25,75,True,3.7,0.04663969948887825,world,settled,0.05131937190890312,1.0,0.06537795066833496,world,settled,0.06226766109466553,1.0,0.06287932395935059,world,settled,0.09679032862186432,1.0,0.14884179830551147,body,settled,0.12823934853076935,1.0,0.04663969948887825,world
stiff_none,world_only,90352,False,True,,1.0,-4.0,short,0.2,76,False,nan,nan,world,decayed,0.0031165725085884333,0.0,nan,world,decayed,0.0025609848089516163,0.0,nan,world,decayed,0.0026822099462151527,0.0,nan,world,decayed,0.004697754047811031,0.0,nan,world
stiff_none,world_only,90353,False,True,,1.0,-4.0,medium,-0.05,65,False,nan,nan,world,decayed,0.002763876924291253,0.0,nan,world,decayed,0.00275225518271327,0.0,nan,world,decayed,0.002727475017309189,0.0,nan,world,decayed,0.004428062122315168,0.0,nan,world
stiff_none,world_only,90354,False,True,,1.0,-1.0,short,-0.25,72,True,3.0,0.04708153381943703,world,settled,0.04978793486952782,1.0,0.06301967054605484,world,settled,0.06369288265705109,1.0,0.09971266984939575,world,settled,0.09843458235263824,1.0,0.12272888422012329,world,settled,0.12778697907924652,1.0,0.04708153381943703,world
stiff_none,world_only,90355,False,True,,1.0,1.0,medium,0.0,71,True,3.0,0.054789889603853226,world,settled,0.05155665799975395,1.0,0.06088212877511978,world,settled,0.06142548844218254,1.0,0.09737411886453629,world,settled,0.09978969395160675,1.0,0.1312752515077591,world,settled,0.12629616260528564,1.0,0.054789889603853226,world
stiff_none,world_only,90356,False,True,,1.0,2.0,short,0.2,78,True,3.0,0.05375198274850845,world,settled,0.05009301379323006,1.0,0.06093413755297661,world,settled,0.06180282682180405,1.0,0.09681791067123413,world,settled,0.09811192005872726,1.0,0.13302576541900635,body,settled,0.12660421431064606,1.0,0.05375198274850845,world
stiff_none,world_only,90357,False,True,,1.0,-2.0,medium,-0.1,69,False,nan,nan,world,decayed,0.0028339303098618984,0.0,nan,world,decayed,0.0026223070453852415,0.0,nan,world,decayed,0.0028498531319200993,0.0,nan,world,decayed,0.004179482348263264,0.0,nan,world
stiff_none,world_only,90358,False,True,,1.0,4.0,short,-0.15000000000000002,74,False,nan,nan,world,decayed,0.004857074469327927,0.0,nan,world,decayed,0.0020782509818673134,0.0,nan,world,decayed,0.007028435822576284,0.0,nan,world,decayed,0.005691879894584417,0.0,nan,world
stiff_none,world_only,90359,False,True,,1.0,-4.0,medium,-0.2,57,False,nan,nan,world,decayed,0.0028801218140870333,0.0,nan,world,decayed,0.002543752547353506,0.0,nan,world,decayed,0.002953797113150358,0.0,nan,world,decayed,0.004417611286044121,0.0,nan,world
stiff_none,body_world,90360,True,True,m,1.436507707360915,1.0,short,-0.15000000000000002,74,True,3.0,0.06590329110622406,body,settled,0.0969856008887291,1.0,0.0777382031083107,body,settled,0.08524112403392792,1.0,0.11683447659015656,body,settled,0.15154537558555603,0.8,0.13586202263832092,body,settled,0.17211560904979706,1.0,0.06590329110622406,body
stiff_none,body_world,90361,True,True,l,1.4256287739373548,-1.0,medium,-0.25,60,False,nan,nan,world,decayed,0.03264390304684639,0.0,nan,world,decayed,0.02773123048245907,0.0,nan,world,decayed,0.013794342055916786,0.0,nan,world,decayed,0.015582293272018433,0.0,nan,world
stiff_none,body_world,90362,True,True,m,1.4329806398316671,-2.0,short,0.2,74,False,nan,nan,world,decayed,0.020274844020605087,0.0,nan,world,decayed,0.020966362208127975,0.0,nan,world,decayed,0.02173699624836445,0.0,nan,world,decayed,0.023794416338205338,0.0,nan,world
stiff_none,body_world,90363,True,True,l,1.210563351806276,-2.0,medium,-0.15000000000000002,77,False,nan,nan,world,decayed,0.0210421085357666,0.0,nan,world,decayed,0.02101028524339199,0.0,nan,world,decayed,0.022517530247569084,0.0,nan,world,decayed,0.023590806871652603,0.0,nan,world
stiff_none,body_world,90364,True,True,m,1.372696280105733,-4.0,short,-0.15000000000000002,58,False,nan,nan,world,decayed,0.027652103453874588,0.0,nan,world,decayed,0.024110062047839165,0.0,nan,world,decayed,0.013024832122027874,0.0,nan,world,decayed,0.013679677620530128,0.0,nan,world
stiff_none,body_world,90365,True,True,l,1.2749895656307437,-4.0,medium,-0.2,74,False,nan,nan,world,decayed,0.02978220209479332,0.0,nan,world,decayed,0.032863881438970566,0.0,nan,world,decayed,0.03349737077951431,0.2,nan,world,decayed,0.03207066282629967,0.2,nan,world
stiff_none,body_world,90366,True,True,m,1.3066897985826524,-1.0,short,-0.15000000000000002,69,True,3.0,0.05977792292833328,body,settled,0.06753219664096832,1.0,0.07397185266017914,body,settled,0.07631196826696396,1.0,0.1202595978975296,body,settled,0.12654425203800201,1.0,0.13035759329795837,world,settled,0.14080138504505157,1.0,0.05977792292833328,body
stiff_none,body_world,90367,True,True,l,1.3576619828175316,1.0,medium,0.15000000000000002,62,True,3.0,0.06015781685709953,body,settled,0.09077411144971848,0.8,0.07107290625572205,body,settled,0.07711835205554962,0.8,0.09559868276119232,world,settled,0.14308850467205048,0.6,0.137415811419487,body,settled,0.16711120307445526,0.6,0.06015781685709953,body
stiff_none,body_world,90368,True,True,m,1.4143053583788585,2.0,short,0.05,60,True,3.0,0.07116381824016571,body,settled,0.0949360802769661,1.0,0.07681824266910553,body,settled,0.08445791900157928,1.0,0.12572458386421204,body,settled,0.15235453844070435,0.8,0.14085984230041504,body,settled,0.16363225877285004,1.0,0.07116381824016571,body
stiff_none,body_world,90369,True,True,l,1.3743712386074276,-2.0,medium,0.1,67,False,nan,nan,world,decayed,0.030827680602669716,0.0,nan,world,decayed,0.03179117664694786,0.0,nan,world,decayed,0.032226622104644775,0.0,nan,world,decayed,0.0318993404507637,0.0,nan,world
stiff_none,body_world,90370,True,True,m,1.5116611087725051,4.0,short,-0.25,61,False,nan,nan,world,decayed,0.022424157708883286,0.0,nan,world,decayed,0.02282516285777092,0.0,nan,world,decayed,0.024004558101296425,0.0,nan,world,decayed,0.023629238829016685,0.0,nan,world
stiff_none,body_world,90371,True,True,l,1.462891218935012,4.0,medium,0.2,69,False,nan,nan,world,decayed,0.02934599295258522,0.0,nan,world,decayed,0.028918247669935226,0.0,nan,world,decayed,0.029519494622945786,0.0,nan,world,decayed,0.029908373951911926,0.0,nan,world
stiff_none,body_world,90372,True,True,m,1.6331779731038802,-1.0,short,-0.1,65,False,nan,nan,world,decayed,0.03923241049051285,0.2,nan,world,decayed,0.03515012562274933,0.0,nan,world,decayed,0.025089716538786888,0.0,nan,world,decayed,0.02776278927922249,0.0,nan,world
stiff_none,body_world,90373,True,True,l,1.2018022497580947,-1.0,medium,0.1,66,False,nan,nan,world,decayed,0.01266199629753828,0.0,nan,world,decayed,0.012280202470719814,0.0,nan,world,decayed,0.01217044796794653,0.0,nan,world,decayed,0.01337301917374134,0.0,nan,world
stiff_none,body_world,90374,True,True,m,1.3280228263513763,-2.0,short,0.1,73,False,nan,nan,world,decayed,0.017754366621375084,0.0,nan,world,decayed,0.019078057259321213,0.0,nan,world,decayed,0.018511027097702026,0.0,nan,world,decayed,0.01991402544081211,0.0,nan,world
stiff_none,body_world,90375,True,True,l,1.308876304017658,2.0,medium,-0.25,65,False,nan,nan,world,decayed,0.02179674804210663,0.0,nan,world,decayed,0.021637646481394768,0.0,nan,world,decayed,0.021326662972569466,0.0,nan,world,decayed,0.0240398608148098,0.0,nan,world
stiff_none,body_world,90376,True,True,m,1.5016949779873145,4.0,short,0.2,70,False,nan,nan,world,decayed,0.02383086271584034,0.0,nan,world,decayed,0.024435268715023994,0.0,nan,world,decayed,0.025000635534524918,0.0,nan,world,decayed,0.026622802019119263,0.0,nan,world
stiff_none,body_world,90377,True,True,l,1.2414565409093206,-4.0,medium,0.25,66,False,nan,nan,world,decayed,0.02039783075451851,0.0,nan,world,decayed,0.018575463443994522,0.0,nan,world,decayed,0.019006479531526566,0.0,nan,world,decayed,0.0204685777425766,0.0,nan,world
stiff_none,body_world,90378,True,True,m,1.4238236120964585,1.0,short,0.25,66,True,3.0,0.07401181757450104,body,settled,0.0317198671400547,0.4,0.07641508430242538,body,settled,0.03140915185213089,0.4,0.12301294505596161,body,settled,0.02311677113175392,0.4,0.14276349544525146,body,settled,0.023794349282979965,0.4,0.07401181757450104,body
stiff_none,body_world,90379,True,True,l,1.2836548774066676,-1.0,medium,-0.25,64,False,nan,nan,world,decayed,0.030291443690657616,0.0,nan,world,decayed,0.03364592418074608,0.0,nan,world,decayed,0.03429752215743065,0.0,nan,world,decayed,0.034252434968948364,0.0,nan,world
stiff_none,body_world,90380,True,True,m,1.3621236417497946,2.0,short,0.2,70,True,3.0,0.06963929533958435,body,settled,0.06680559366941452,1.0,0.07580884546041489,body,settled,0.07915973663330078,1.0,0.11817166954278946,body,settled,0.12489722669124603,1.0,0.13916760683059692,body,settled,0.1390562355518341,1.0,0.06963929533958435,body
stiff_none,body_world,90381,True,True,l,1.3983378082528164,-2.0,medium,-0.2,74,False,nan,nan,world,decayed,0.031593795865774155,0.0,nan,world,decayed,0.02552739717066288,0.0,nan,world,decayed,0.013327461667358875,0.0,nan,world,decayed,0.01528553944081068,0.0,nan,world
stiff_none,body_world,90382,True,True,m,1.3509200717074077,-4.0,short,-0.2,74,False,nan,nan,world,decayed,0.01675882376730442,0.0,nan,world,decayed,0.016007646918296814,0.0,nan,world,decayed,0.016351010650396347,0.0,nan,world,decayed,0.01623554527759552,0.0,nan,world
stiff_none,body_world,90383,True,True,l,1.2311925915846564,4.0,medium,-0.2,58,False,nan,nan,world,decayed,0.0271462295204401,0.0,nan,world,decayed,0.028583073988556862,0.0,nan,world,decayed,0.027953553944826126,0.0,nan,world,decayed,0.030157646164298058,0.0,nan,world
stiff_none,body_world,90384,True,True,m,1.524037917146982,-1.0,short,0.25,63,False,nan,nan,world,decayed,0.035308316349983215,0.0,nan,world,decayed,0.03188177943229675,0.0,nan,world,decayed,0.022344989702105522,0.0,nan,world,decayed,0.023247703909873962,0.0,nan,world
stiff_none,body_world,90385,True,True,l,1.3531822605860213,1.0,medium,-0.2,58,True,3.0,0.059029508382081985,body,settled,0.06850538402795792,1.0,0.07183606922626495,body,settled,0.07874654233455658,1.0,0.10056102275848389,world,settled,0.12811850011348724,1.0,0.13354063034057617,body,settled,0.13982227444648743,1.0,0.059029508382081985,body
stiff_none,body_world,90386,True,True,m,1.3095845696334245,2.0,short,0.1,61,True,3.0,0.06018032878637314,body,settled,0.06272535771131516,1.0,0.06865887343883514,body,settled,0.07521927356719971,1.0,0.09509815275669098,world,settled,0.12003657966852188,1.0,0.13947926461696625,body,settled,0.1349382996559143,1.0,0.06018032878637314,body
stiff_none,body_world,90387,True,True,l,1.3723802328668413,-2.0,medium,-0.2,61,False,nan,nan,world,decayed,0.029431244358420372,0.0,nan,world,decayed,0.024296429008245468,0.0,nan,world,decayed,0.011534372344613075,0.0,nan,world,decayed,0.015332566574215889,0.0,nan,world
stiff_none,body_world,90388,True,True,m,1.6369604542264304,4.0,short,0.25,64,False,nan,nan,world,decayed,0.02655443176627159,0.0,nan,world,decayed,0.026925185695290565,0.0,nan,world,decayed,0.027650639414787292,0.0,nan,world,decayed,0.026227619498968124,0.0,nan,world
stiff_none,body_world,90389,True,True,l,1.4434986184388112,4.0,medium,0.1,68,False,nan,nan,world,decayed,0.02673116698861122,0.0,nan,world,decayed,0.025729790329933167,0.0,nan,world,decayed,0.027746587991714478,0.0,nan,world,decayed,0.030267274007201195,0.0,nan,world
stiff_none,body_world,90390,True,True,m,1.628686273513856,1.0,short,-0.25,63,True,3.0,0.07215721905231476,body,settled,0.043063387274742126,0.6,0.07954370230436325,body,settled,0.03864313289523125,0.4,0.11812132596969604,body,settled,0.031057465821504593,0.2,0.13844773173332214,body,settled,0.034516628831624985,0.2,0.07215721905231476,body
stiff_none,body_world,90391,True,True,l,1.4997252692437577,-1.0,medium,-0.25,60,False,nan,nan,world,decayed,0.03742638975381851,0.4,nan,world,decayed,0.032835207879543304,0.4,nan,world,decayed,0.021631885319948196,0.0,nan,world,decayed,0.02315465919673443,0.0,nan,world
stiff_none,body_world,90392,True,True,m,1.4793682183432437,2.0,short,-0.2,56,True,3.0,0.06378781050443649,body,settled,0.06959820538759232,0.6,0.06992767006158829,body,settled,0.061526816338300705,0.6,0.10026158392429352,world,settled,0.04269026964902878,0.6,0.1380389779806137,body,settled,0.0544314868748188,0.6,0.06378781050443649,body
stiff_none,body_world,90393,True,True,l,1.373838534697687,-2.0,medium,0.2,80,False,nan,nan,world,decayed,0.03949608653783798,0.4,nan,world,decayed,0.03971991315484047,0.4,nan,world,decayed,0.04272470250725746,0.6,nan,world,decayed,0.04143242910504341,0.6,nan,world
stiff_none,body_world,90394,True,True,m,1.374879786515465,4.0,short,-0.2,58,False,nan,nan,world,decayed,0.018980858847498894,0.0,nan,world,decayed,0.018975451588630676,0.0,nan,world,decayed,0.01930905506014824,0.0,nan,world,decayed,0.021441584452986717,0.0,nan,world
stiff_none,body_world,90395,True,True,l,1.2278138310881848,-4.0,medium,-0.2,72,False,nan,nan,world,decayed,0.022165268659591675,0.0,nan,world,decayed,0.022757066413760185,0.0,nan,world,decayed,0.022540945559740067,0.0,nan,world,decayed,0.024565773084759712,0.0,nan,world
stiff_none,body_world,90396,True,True,m,1.5997246997728216,1.0,short,-0.15000000000000002,76,True,3.0,0.0860641822218895,body,settled,0.04338628798723221,0.6,0.0899110734462738,body,settled,0.03712107986211777,0.4,0.1431664526462555,body,settled,0.028625648468732834,0.2,0.15357348322868347,body,settled,0.028847208246588707,0.4,0.0860641822218895,body
stiff_none,body_world,90397,True,True,l,1.2083810902658325,1.0,medium,0.15000000000000002,74,True,3.0,0.0576232448220253,body,settled,0.05696306750178337,1.0,0.06896086782217026,body,settled,0.07139206677675247,1.0,0.09714300185441971,world,settled,0.1115952730178833,1.0,0.13670897483825684,body,settled,0.1313316375017166,1.0,0.0576232448220253,body
stiff_none,body_world,90398,True,True,m,1.605681322392905,2.0,short,-0.05,61,True,3.0,0.06471750885248184,body,settled,0.10157066583633423,0.8,0.072789266705513,body,settled,0.07564978301525116,0.8,0.10041139274835587,world,settled,0.07932864129543304,0.6,0.13683566451072693,body,settled,0.09921598434448242,0.6,0.06471750885248184,body
stiff_none,body_world,90399,True,True,l,1.216354811034764,-2.0,medium,-0.25,60,False,nan,nan,world,decayed,0.019620131701231003,0.0,nan,world,decayed,0.019614219665527344,0.0,nan,world,decayed,0.02137484773993492,0.0,nan,world,decayed,0.022025376558303833,0.0,nan,world
stiff_none,body_world,90400,True,True,m,1.3999353886758357,4.0,short,-0.05,71,False,nan,nan,world,decayed,0.016305921599268913,0.0,nan,world,decayed,0.017285119742155075,0.0,nan,world,decayed,0.017923912033438683,0.0,nan,world,decayed,0.020629839971661568,0.0,nan,world
stiff_none,body_world,90401,True,True,l,1.3909618610188579,-4.0,medium,0.2,64,False,nan,nan,world,decayed,0.03292448818683624,0.0,nan,world,decayed,0.027381757274270058,0.0,nan,world,decayed,0.015116694383323193,0.0,nan,world,decayed,0.017601285129785538,0.0,nan,world
stiff_none,body_world,90402,True,True,m,1.4765881692612393,-1.0,short,-0.15000000000000002,72,False,nan,nan,world,decayed,0.02526683546602726,0.0,nan,world,decayed,0.026849990710616112,0.0,nan,world,decayed,0.026442602276802063,0.0,nan,world,decayed,0.026952743530273438,0.0,nan,world
stiff_none,body_world,90403,True,True,l,1.2287348099119875,1.0,medium,-0.1,60,True,3.0,0.0560467466711998,world,settled,0.06117400527000427,1.0,0.06771835684776306,body,settled,0.07411929219961166,1.0,0.08862198889255524,world,settled,0.11970581114292145,1.0,0.13777053356170654,body,settled,0.13561341166496277,1.0,0.0560467466711998,world
stiff_none,body_world,90404,True,True,m,1.5959684874168683,-2.0,short,-0.2,61,False,nan,nan,world,decayed,0.02699892781674862,0.0,nan,world,decayed,0.02952754870057106,0.0,nan,world,decayed,0.028930580243468285,0.0,nan,world,decayed,0.027103465050458908,0.0,nan,world
stiff_none,body_world,90405,True,True,l,1.4263406910614387,-2.0,medium,-0.15000000000000002,77,False,nan,nan,world,decayed,0.03344002366065979,0.0,nan,world,decayed,0.027867769822478294,0.0,nan,world,decayed,0.013796736486256123,0.0,nan,world,decayed,0.015360765159130096,0.0,nan,world
stiff_none,body_world,90406,True,True,m,1.5761825745829299,-4.0,short,0.25,68,False,nan,nan,world,decayed,0.023457776755094528,0.0,nan,world,decayed,0.02493385784327984,0.0,nan,world,decayed,0.02517830953001976,0.0,nan,world,decayed,0.0275471992790699,0.0,nan,world
stiff_none,body_world,90407,True,True,l,1.3075505965528191,-4.0,medium,0.25,60,False,nan,nan,world,decayed,0.026929447427392006,0.0,nan,world,decayed,0.02129553072154522,0.0,nan,world,decayed,0.010609561577439308,0.0,nan,world,decayed,0.013468464836478233,0.0,nan,world
stiff_none,body_world,90408,True,True,m,1.5508532757037867,1.0,short,-0.25,74,True,3.0,0.0774310976266861,body,settled,0.03659004345536232,0.4,0.08443590253591537,body,settled,0.035654760897159576,0.4,0.12607401609420776,body,settled,0.028013665229082108,0.2,0.14314492046833038,body,settled,0.0301654152572155,0.2,0.0774310976266861,body
stiff_none,body_world,90409,True,True,l,1.386472676208235,1.0,medium,0.05,62,True,3.0,0.06841970980167389,body,settled,0.06408744305372238,0.8,0.07947228848934174,body,settled,0.05736937001347542,0.8,0.12432600557804108,body,settled,0.0476946160197258,0.6,0.13769856095314026,body,settled,0.047303445637226105,0.6,0.06841970980167389,body
stiff_none,body_world,90410,True,True,m,1.305798982810204,2.0,short,0.0,73,True,3.0,0.0636981874704361,body,settled,0.06963256746530533,1.0,0.07494477182626724,body,settled,0.07646115124225616,1.0,0.1139623150229454,body,settled,0.1285819113254547,1.0,0.1358436793088913,body,settled,0.14727787673473358,1.0,0.0636981874704361,body
stiff_none,body_world,90411,True,True,l,1.201605261104429,-2.0,medium,0.15000000000000002,64,False,nan,nan,world,decayed,0.01350924838334322,0.0,nan,world,decayed,0.011802250519394875,0.0,nan,world,decayed,0.013627189211547375,0.0,nan,world,decayed,0.014261623844504356,0.0,nan,world
stiff_none,body_world,90412,True,True,m,1.6785527327767333,-4.0,short,-0.2,66,False,nan,nan,world,decayed,0.03035467304289341,0.0,nan,world,decayed,0.031941432505846024,0.0,nan,world,decayed,0.03218606114387512,0.0,nan,world,decayed,0.03380683436989784,0.0,nan,world
stiff_none,body_world,90413,True,True,l,1.497413653722908,4.0,medium,-0.05,68,False,nan,nan,world,decayed,0.03436795249581337,0.0,nan,world,decayed,0.03402178734540939,0.0,nan,world,decayed,0.03474216163158417,0.0,nan,world,decayed,0.036712583154439926,0.0,nan,world
stiff_none,body_world,90414,True,True,m,1.6384059842206313,-1.0,short,-0.1,67,False,nan,nan,world,decayed,0.03127569332718849,0.0,nan,world,decayed,0.03232328221201897,0.2,nan,world,decayed,0.031605273485183716,0.2,nan,world,decayed,0.031598590314388275,0.2,nan,world
stiff_none,body_world,90415,True,True,l,1.4445958942354706,1.0,medium,-0.15000000000000002,61,True,3.0,0.05313538387417793,world,settled,0.07407744228839874,1.0,0.07107602059841156,body,settled,0.08340369164943695,1.0,0.08252529799938202,world,settled,0.13417521119117737,1.0,0.1380361020565033,body,settled,0.145834818482399,1.0,0.05313538387417793,world
stiff_none,body_world,90416,True,True,m,1.4228738912776615,-2.0,short,-0.05,70,False,nan,nan,world,decayed,0.02307666279375553,0.0,nan,world,decayed,0.024157021194696426,0.0,nan,world,decayed,0.024494871497154236,0.0,nan,world,decayed,0.025521600618958473,0.0,nan,world
stiff_none,body_world,90417,True,True,l,1.412003609654068,-2.0,medium,-0.15000000000000002,63,False,nan,nan,world,decayed,0.03292176127433777,0.0,nan,world,decayed,0.028280949220061302,0.0,nan,world,decayed,0.014190124347805977,0.0,nan,world,decayed,0.0165722519159317,0.0,nan,world
stiff_none,body_world,90418,True,True,m,1.6633408277228265,4.0,short,0.25,65,False,nan,nan,world,decayed,0.025831466540694237,0.0,nan,world,decayed,0.02645391784608364,0.0,nan,world,decayed,0.024869680404663086,0.0,nan,world,decayed,0.02342710644006729,0.0,nan,world
stiff_none,body_world,90419,True,True,l,1.4868039659450991,-4.0,medium,0.25,75,False,nan,nan,alarm,persistent,0.043684832751750946,0.8,nan,world,decayed,0.04589841514825821,0.6,nan,world,decayed,0.04204101115465164,0.6,nan,world,decayed,0.04211638867855072,0.6,nan,alarm
stiff_none,body_world,90420,True,True,m,1.5449902128447706,1.0,short,-0.05,63,True,3.0,0.09247256815433502,body,settled,0.03030150756239891,0.2,0.08640085905790329,body,settled,0.030855467543005943,0.2,0.1489868462085724,body,settled,0.024905363097786903,0.0,0.15910133719444275,body,settled,0.025732437148690224,0.0,0.09247256815433502,body
stiff_none,body_world,90421,True,True,l,1.3429074718778478,1.0,medium,-0.05,68,True,3.0,0.06064780801534653,body,settled,0.06747128814458847,1.0,0.07278458029031754,body,settled,0.07782763987779617,1.0,0.09646815061569214,world,settled,0.12028058618307114,1.0,0.13921543955802917,body,settled,0.13580282032489777,1.0,0.06064780801534653,body
stiff_none,body_world,90422,True,True,m,1.4859152920245902,2.0,short,-0.2,56,True,3.0,0.06168966367840767,body,settled,0.09484823048114777,0.8,0.06963910162448883,body,settled,0.08724848926067352,0.8,0.09840631484985352,world,settled,0.149122953414917,0.6,0.1357531100511551,body,settled,0.17034339904785156,0.8,0.06168966367840767,body
stiff_none,body_world,90423,True,True,l,1.4537628318674107,-2.0,medium,0.0,61,False,nan,nan,world,decayed,0.03474728390574455,0.0,nan,world,decayed,0.028914228081703186,0.0,nan,world,decayed,0.016992047429084778,0.0,nan,world,decayed,0.017679758369922638,0.0,nan,world
stiff_none,body_world,90424,True,True,m,1.5039422662674549,-4.0,short,-0.2,72,False,nan,nan,world,decayed,0.03222246468067169,0.0,nan,world,decayed,0.029430944472551346,0.0,nan,world,decayed,0.024376265704631805,0.0,nan,world,decayed,0.02552691660821438,0.0,nan,world
stiff_none,body_world,90425,True,True,l,1.484051795950852,4.0,medium,0.0,66,False,nan,nan,world,decayed,0.035214751958847046,0.0,nan,world,decayed,0.03396938368678093,0.0,nan,world,decayed,0.03385843336582184,0.2,nan,world,decayed,0.033152077347040176,0.2,nan,world
stiff_none,body_world,90426,True,True,m,1.499613542769097,-1.0,short,-0.2,68,True,3.0,0.07855337858200073,body,settled,0.03221813589334488,0.4,0.08476986736059189,body,settled,0.03447314351797104,0.2,0.13713130354881287,body,settled,0.02888384461402893,0.2,0.14636237919330597,body,settled,0.02865643799304962,0.2,0.07855337858200073,body
stiff_none,body_world,90427,True,True,l,1.2434438593395136,1.0,medium,0.05,67,True,3.0,0.05427438020706177,world,settled,0.05483296513557434,1.0,0.06614352762699127,world,settled,0.07083630561828613,1.0,0.07752563804388046,world,settled,0.10562671720981598,1.0,0.14023372530937195,body,settled,0.12769773602485657,1.0,0.05427438020706177,world
stiff_none,body_world,90428,True,True,m,1.5747146197091175,2.0,short,0.25,64,True,3.0,0.06854338198900223,body,settled,0.06385688483715057,0.8,0.07834504544734955,body,settled,0.060050737112760544,0.6,0.11561980098485947,body,settled,0.031543053686618805,0.4,0.13883987069129944,body,settled,0.03637107461690903,0.4,0.06854338198900223,body
stiff_none,body_world,90429,True,True,l,1.4646053079069046,-2.0,medium,0.1,67,False,nan,nan,world,decayed,0.035290174186229706,0.0,nan,world,decayed,0.029690351337194443,0.0,nan,world,decayed,0.016799550503492355,0.0,nan,world,decayed,0.017335515469312668,0.0,nan,world
stiff_none,body_world,90430,True,True,m,1.6725099978259204,-4.0,short,0.1,62,False,nan,nan,world,decayed,0.03162090480327606,0.0,nan,world,decayed,0.033578548580408096,0.0,nan,world,decayed,0.032652296125888824,0.0,nan,world,decayed,0.033066947013139725,0.0,nan,world
stiff_none,body_world,90431,True,True,l,1.3236542402011626,-4.0,medium,0.1,67,False,nan,nan,world,decayed,0.0270845890045166,0.0,nan,world,decayed,0.022617556154727936,0.0,nan,world,decayed,0.012080570682883263,0.0,nan,world,decayed,0.014559388160705566,0.0,nan,world
stiff_none,body_world,90432,True,True,m,1.3642720743548598,-1.0,short,0.15000000000000002,61,False,nan,nan,world,decayed,0.0190032459795475,0.0,nan,world,decayed,0.021022407338023186,0.0,nan,world,decayed,0.019708506762981415,0.0,nan,world,decayed,0.021437041461467743,0.0,nan,world
stiff_none,body_world,90433,True,True,l,1.3743791243103016,-1.0,medium,0.05,77,False,nan,nan,world,decayed,0.03356624022126198,0.0,nan,world,decayed,0.030355434864759445,0.0,nan,world,decayed,0.022170808166265488,0.0,nan,world,decayed,0.025401517748832703,0.0,nan,world
stiff_none,body_world,90434,True,True,m,1.4747028802268096,2.0,short,-0.05,62,True,3.0,0.07355942577123642,body,settled,0.02652136981487274,0.4,0.07702569663524628,body,settled,0.028582191094756126,0.4,0.12051498889923096,body,settled,0.02729012630879879,0.2,0.1450219452381134,body,settled,0.02945959009230137,0.4,0.07355942577123642,body
stiff_none,body_world,90435,True,True,l,1.3038106075252267,-2.0,medium,-0.2,60,False,nan,nan,world,decayed,0.030142927542328835,0.0,nan,world,decayed,0.03095809742808342,0.0,nan,world,decayed,0.03322412446141243,0.0,nan,world,decayed,0.03372584655880928,0.2,nan,world
stiff_none,body_world,90436,True,True,m,1.6168586909623586,4.0,short,-0.05,79,False,nan,nan,world,decayed,0.019797030836343765,0.0,nan,world,decayed,0.019319050014019012,0.0,nan,world,decayed,0.019277404993772507,0.0,nan,world,decayed,0.020157577469944954,0.0,nan,world
stiff_none,body_world,90437,True,True,l,1.3291113567705524,-4.0,medium,0.15000000000000002,77,False,nan,nan,world,decayed,0.03249865770339966,0.0,nan,world,decayed,0.03297966718673706,0.0,nan,world,decayed,0.035532064735889435,0.0,nan,world,decayed,0.035686664283275604,0.0,nan,world
stiff_none,body_world,90438,True,True,m,1.329008599029527,-1.0,short,0.05,80,True,3.0,0.08478862047195435,body,settled,0.014771024696528912,0.2,0.07739446312189102,body,settled,0.014660063199698925,0.0,0.142818421125412,body,settled,0.013624061830341816,0.0,0.15895700454711914,body,settled,0.01642921194434166,0.0,0.08478862047195435,body
stiff_none,body_world,90439,True,True,l,1.445391509411858,1.0,medium,0.0,66,True,3.0,0.05307859927415848,world,settled,0.0933886170387268,1.0,0.06958931684494019,body,settled,0.08663195371627808,1.0,0.07914911210536957,world,settled,0.1523236781358719,1.0,0.13773998618125916,body,settled,0.16589580476284027,1.0,0.05307859927415848,world
stiff_none,body_world,90440,True,True,m,1.5564106744089927,2.0,short,0.25,74,True,3.0,0.07415366172790527,body,settled,0.03989811986684799,0.4,0.08184987306594849,body,settled,0.03718114644289017,0.4,0.12378497421741486,body,settled,0.029242834076285362,0.2,0.14376802742481232,body,settled,0.031951043754816055,0.2,0.07415366172790527,body
stiff_none,body_world,90441,True,True,l,1.3070596772413094,2.0,medium,0.2,71,True,3.25,0.058954305946826935,body,settled,0.0631357803940773,1.0,0.1062336415052414,body,settled,0.07476462423801422,1.0,0.02944711409509182,world,settled,0.11073014885187149,1.0,0.1573030650615692,body,settled,0.13565810024738312,1.0,0.058954305946826935,body
stiff_none,body_world,90442,True,True,m,1.6269524228642334,4.0,short,0.25,74,True,3.0500000000000003,0.0630323588848114,body,settled,0.10234155505895615,0.8,0.07373841851949692,body,settled,0.07714502513408661,0.8,0.0966794490814209,world,settled,0.0802965983748436,0.6,0.14114943146705627,body,settled,0.10560955107212067,0.6,0.0630323588848114,body
stiff_none,body_world,90443,True,True,l,1.378277312801848,-4.0,medium,-0.1,72,False,nan,nan,world,decayed,0.03218483179807663,0.0,nan,world,decayed,0.028227100148797035,0.0,nan,world,decayed,0.01785331591963768,0.0,nan,world,decayed,0.019458604976534843,0.0,nan,world
stiff_none,body_world,90444,True,True,m,1.453510197141481,1.0,short,0.0,71,True,3.0,0.07157397270202637,body,settled,0.04854368045926094,0.6,0.08069506287574768,body,settled,0.04684194177389145,0.6,0.12446455657482147,body,settled,0.023566236719489098,0.4,0.14126119017601013,body,settled,0.024755749851465225,0.4,0.07157397270202637,body
stiff_none,body_world,90445,True,True,l,1.3665797638238526,-1.0,medium,0.0,62,False,nan,nan,world,decayed,0.031926508992910385,0.0,nan,world,decayed,0.026280483230948448,0.0,nan,world,decayed,0.015397360548377037,0.0,nan,world,decayed,0.01944025605916977,0.0,nan,world
stiff_none,body_world,90446,True,True,m,1.33490869903924,-2.0,short,-0.25,64,False,nan,nan,world,decayed,0.01370936632156372,0.0,nan,world,decayed,0.011559093371033669,0.0,nan,world,decayed,0.012219177559018135,0.0,nan,world,decayed,0.014775830321013927,0.0,nan,world
stiff_none,body_world,90447,True,True,l,1.360545744961593,2.0,medium,0.25,71,True,3.3000000000000003,0.04571423679590225,world,settled,0.06438785046339035,1.0,0.09738702327013016,body,settled,0.07908635586500168,1.0,0.03434273228049278,world,settled,0.11396060138940811,1.0,0.15475735068321228,body,settled,0.1370660364627838,1.0,0.04571423679590225,world
stiff_none,body_world,90448,True,True,m,1.3926898559008811,4.0,short,0.0,79,False,nan,nan,world,decayed,0.018064480274915695,0.0,nan,world,decayed,0.018302805721759796,0.0,nan,world,decayed,0.018763497471809387,0.0,nan,world,decayed,0.02163946069777012,0.0,nan,world
stiff_none,body_world,90449,True,True,l,1.4996288562259714,4.0,medium,-0.15000000000000002,69,False,nan,nan,world,decayed,0.02586098574101925,0.0,nan,world,decayed,0.02501753531396389,0.0,nan,world,decayed,0.026570212095975876,0.0,nan,world,decayed,0.025988716632127762,0.0,nan,world
stiff_none,body_world,90450,True,True,m,1.6497126455801099,-1.0,short,-0.15000000000000002,68,False,nan,nan,world,decayed,0.029547039419412613,0.0,nan,world,decayed,0.03158637136220932,0.0,nan,world,decayed,0.03265152499079704,0.0,nan,world,decayed,0.031951311975717545,0.0,nan,world
stiff_none,body_world,90451,True,True,l,1.4011624978174013,-1.0,medium,-0.1,69,False,nan,nan,world,decayed,0.039817702025175095,0.2,nan,world,decayed,0.038439903408288956,0.4,nan,world,decayed,0.0330364964902401,0.4,nan,world,decayed,0.03261442109942436,0.4,nan,world
stiff_none,body_world,90452,True,True,m,1.3459971515369575,2.0,short,0.0,75,True,3.0,0.05924493074417114,body,settled,0.06716442108154297,1.0,0.06769631803035736,body,settled,0.07772497087717056,1.0,0.09408383071422577,world,settled,0.12445731461048126,1.0,0.13592775166034698,body,settled,0.13948193192481995,1.0,0.05924493074417114,body
stiff_none,body_world,90453,True,True,l,1.3128410648573021,-2.0,medium,-0.2,60,False,nan,nan,world,decayed,0.027560094371438026,0.0,nan,world,decayed,0.027836252003908157,0.0,nan,world,decayed,0.029225323349237442,0.0,nan,world,decayed,0.0290242787450552,0.0,nan,world
stiff_none,body_world,90454,True,True,m,1.4532800695650452,4.0,short,0.25,80,False,nan,nan,world,decayed,0.018483776599168777,0.0,nan,world,decayed,0.019208362326025963,0.0,nan,world,decayed,0.018846984952688217,0.0,nan,world,decayed,0.01858498528599739,0.0,nan,world
stiff_none,body_world,90455,True,True,l,1.4639866887179158,4.0,medium,0.1,63,False,nan,nan,world,decayed,0.03138304874300957,0.0,nan,world,decayed,0.03150758892297745,0.2,nan,world,decayed,0.03258340805768967,0.4,nan,world,decayed,0.03209906071424484,0.2,nan,world
stiff_none,body_world,90456,True,True,m,1.437503394575647,1.0,short,-0.05,71,True,3.0,0.07954864203929901,body,settled,0.024902913719415665,0.4,0.08117406070232391,body,settled,0.027867238968610764,0.2,0.13451164960861206,body,settled,0.022113533690571785,0.2,0.1496494561433792,body,settled,0.024602554738521576,0.2,0.07954864203929901,body
stiff_none,body_world,90457,True,True,l,1.433005966120608,-1.0,medium,0.1,79,False,nan,nan,world,decayed,0.03594785928726196,0.2,nan,world,decayed,0.032824259251356125,0.0,nan,world,decayed,0.025861624628305435,0.0,nan,world,decayed,0.025993552058935165,0.0,nan,world
stiff_none,body_world,90458,True,True,m,1.5714723561915191,-2.0,short,0.1,75,False,nan,nan,world,decayed,0.025517228990793228,0.0,nan,world,decayed,0.028183704242110252,0.0,nan,world,decayed,0.027257081121206284,0.0,nan,world,decayed,0.030158471316099167,0.0,nan,world
stiff_none,body_world,90459,True,True,l,1.423809978213943,-2.0,medium,-0.15000000000000002,75,False,nan,nan,world,decayed,0.03455081209540367,0.2,nan,world,decayed,0.028363430872559547,0.2,nan,world,decayed,0.014336958527565002,0.0,nan,world,decayed,0.015579132363200188,0.0,nan,world
stiff_none,body_world,90460,True,True,m,1.501503010941712,-4.0,short,0.1,65,False,nan,nan,world,decayed,0.026313558220863342,0.0,nan,world,decayed,0.02714994177222252,0.0,nan,world,decayed,0.026649296283721924,0.0,nan,world,decayed,0.02748013101518154,0.0,nan,world
stiff_none,body_world,90461,True,True,l,1.4979893620177673,-4.0,medium,-0.05,68,False,nan,nan,alarm,persistent,0.04535467550158501,0.8,nan,alarm,persistent,0.04565465822815895,0.8,nan,alarm,persistent,0.04392796382308006,0.8,nan,world,decayed,0.041302118450403214,0.6,nan,alarm
stiff_none,body_world,90462,True,True,m,1.32405485767968,-1.0,short,0.15000000000000002,61,True,3.0,0.06138797849416733,body,settled,0.08526544272899628,0.8,0.07880622148513794,body,settled,0.07562922686338425,0.6,0.11885090917348862,body,settled,0.14450129866600037,0.6,0.13475801050662994,body,settled,0.16457180678844452,0.8,0.06138797849416733,body
stiff_none,body_world,90463,True,True,l,1.2959566174498844,1.0,medium,-0.05,60,True,3.0,0.05681818723678589,world,settled,0.06160116195678711,1.0,0.0671013742685318,world,settled,0.07656513899564743,1.0,0.08857204765081406,world,settled,0.1157057136297226,1.0,0.1375509798526764,body,settled,0.13067126274108887,1.0,0.05681818723678589,world
stiff_none,body_world,90464,True,True,m,1.5484915809048363,-2.0,short,0.25,68,False,nan,nan,world,decayed,0.033322643488645554,0.0,nan,world,decayed,0.03160134330391884,0.0,nan,world,decayed,0.024109823629260063,0.0,nan,world,decayed,0.02645561657845974,0.0,nan,world
stiff_none,body_world,90465,True,True,l,1.428408630737959,-2.0,medium,-0.25,69,False,nan,nan,world,decayed,0.03383170813322067,0.0,nan,world,decayed,0.028747666627168655,0.0,nan,world,decayed,0.016624320298433304,0.0,nan,world,decayed,0.018443778157234192,0.0,nan,world
stiff_none,body_world,90466,True,True,m,1.3278826334953207,4.0,short,0.1,72,True,3.0,0.04458882659673691,world,settled,0.06230667978525162,1.0,0.09383649379014969,body,settled,0.07572317123413086,1.0,0.034653931856155396,world,settled,0.11539207398891449,1.0,0.1538018435239792,body,settled,0.13432620465755463,1.0,0.04458882659673691,world
stiff_none,body_world,90467,True,True,l,1.224242705022093,-4.0,medium,0.2,67,False,nan,nan,world,decayed,0.02542593702673912,0.0,nan,world,decayed,0.0268226508051157,0.0,nan,world,decayed,0.026974279433488846,0.0,nan,world,decayed,0.02871708571910858,0.0,nan,world
stiff_none,body_world,90468,True,True,m,1.377155487281401,1.0,short,0.25,65,True,3.0,0.061191070824861526,body,settled,0.07390263676643372,1.0,0.07310956716537476,body,settled,0.07975290715694427,1.0,0.10608434677124023,world,settled,0.13389083743095398,1.0,0.13476306200027466,body,settled,0.14784643054008484,1.0,0.061191070824861526,body
stiff_none,body_world,90469,True,True,l,1.2775926055522053,-1.0,medium,-0.2,67,False,nan,nan,world,decayed,0.02331058494746685,0.0,nan,world,decayed,0.023285310715436935,0.0,nan,world,decayed,0.025181155651807785,0.0,nan,world,decayed,0.026150960475206375,0.0,nan,world
stiff_none,body_world,90470,True,True,m,1.5219750255884492,2.0,short,-0.05,70,True,3.0,0.08187808096408844,body,settled,0.03784817084670067,0.4,0.08749966323375702,body,settled,0.034688033163547516,0.4,0.13997194170951843,body,settled,0.022715790197253227,0.2,0.15242533385753632,body,settled,0.024956148117780685,0.2,0.08187808096408844,body
stiff_none,body_world,90471,True,True,l,1.2543795609592172,2.0,medium,0.0,63,False,nan,nan,world,decayed,0.025623435154557228,0.0,nan,world,decayed,0.027881409972906113,0.0,nan,world,decayed,0.027135416865348816,0.0,nan,world,decayed,0.02859671413898468,0.0,nan,world
stiff_none,body_world,90472,True,True,m,1.523888147333015,4.0,short,0.25,77,False,nan,nan,world,decayed,0.02313070558011532,0.0,nan,world,decayed,0.023432930931448936,0.0,nan,world,decayed,0.024580450728535652,0.0,nan,world,decayed,0.022671613842248917,0.0,nan,world
stiff_none,body_world,90473,True,True,l,1.4189126139922845,-4.0,medium,-0.25,63,False,nan,nan,world,decayed,0.03354838490486145,0.0,nan,world,decayed,0.02787308767437935,0.0,nan,world,decayed,0.017149917781352997,0.0,nan,world,decayed,0.01980731077492237,0.0,nan,world
stiff_none,body_world,90474,True,True,m,1.3393605416224226,1.0,short,0.0,80,True,3.0,0.06357374787330627,body,settled,0.06953809410333633,1.0,0.07604216039180756,body,settled,0.07652033865451813,1.0,0.11680791527032852,body,settled,0.12547029554843903,1.0,0.13581715524196625,body,settled,0.137492835521698,1.0,0.06357374787330627,body
stiff_none,body_world,90475,True,True,l,1.4134205728523153,1.0,medium,0.1,66,True,3.0,0.06443600356578827,body,settled,0.1001075878739357,1.0,0.07779236137866974,body,settled,0.08464700728654861,1.0,0.10762441158294678,world,settled,0.1542588770389557,1.0,0.1355428397655487,body,settled,0.17580245435237885,1.0,0.06443600356578827,body
stiff_none,body_world,90476,True,True,m,1.3814810158500825,-2.0,short,0.0,70,False,nan,nan,world,decayed,0.019924025982618332,0.0,nan,world,decayed,0.020449822768568993,0.0,nan,world,decayed,0.01985206827521324,0.0,nan,world,decayed,0.01880619116127491,0.0,nan,world
stiff_none,body_world,90477,True,True,l,1.4674729887667173,2.0,medium,0.1,78,False,nan,nan,world,decayed,0.040292322635650635,0.4,nan,world,decayed,0.04022904485464096,0.4,nan,world,decayed,0.04279837757349014,0.6,nan,world,decayed,0.04176689311861992,0.6,nan,world
stiff_none,body_world,90478,True,True,m,1.5027032697774165,4.0,short,0.0,80,False,nan,nan,world,decayed,0.023709889501333237,0.0,nan,world,decayed,0.024474306032061577,0.0,nan,world,decayed,0.02450134977698326,0.0,nan,world,decayed,0.024617807939648628,0.0,nan,world
stiff_none,body_world,90479,True,True,l,1.3850046666885212,-4.0,medium,0.0,66,False,nan,nan,world,decayed,0.031138991937041283,0.0,nan,world,decayed,0.025930386036634445,0.0,nan,world,decayed,0.014473900198936462,0.0,nan,world,decayed,0.017447369173169136,0.0,nan,world
stiff_none,calib,90480,False,False,,1.0,0.0,,0.0,64,True,3.0,0.05111601948738098,world,settled,0.05106761306524277,1.0,0.062138497829437256,world,settled,0.0627678781747818,1.0,0.102150097489357,world,settled,0.09921011328697205,1.0,0.12873540818691254,world,settled,0.1275806576013565,1.0,0.05111601948738098,world
stiff_none,calib,90481,False,False,,1.0,0.0,,0.0,76,True,3.0,0.04992608353495598,world,settled,0.0489349365234375,1.0,0.06359755992889404,world,settled,0.06268152594566345,1.0,0.09914000332355499,world,settled,0.09907810389995575,1.0,0.12644663453102112,world,settled,0.1262112855911255,1.0,0.04992608353495598,world
stiff_none,calib,90482,False,False,,1.0,0.0,,0.0,79,True,3.0,0.04783937335014343,world,settled,0.05120963603258133,1.0,0.061940550804138184,world,settled,0.06167725846171379,1.0,0.10416166484355927,world,settled,0.10112114250659943,1.0,0.12318547815084457,world,settled,0.12565240263938904,1.0,0.04783937335014343,world
stiff_none,calib,90483,False,False,,1.0,0.0,,0.0,70,True,3.0,0.049698881804943085,world,settled,0.052926670759916306,1.0,0.06210434436798096,world,settled,0.05969325453042984,1.0,0.10073526203632355,world,settled,0.0970621332526207,1.0,0.12437400966882706,world,settled,0.12753328680992126,1.0,0.049698881804943085,world
stiff_none,calib,90484,False,False,,1.0,0.0,,0.0,69,True,3.0,0.049940116703510284,world,settled,0.05081867426633835,1.0,0.06236196681857109,world,settled,0.061668019741773605,1.0,0.10069002956151962,world,settled,0.09627409279346466,1.0,0.12555257976055145,world,settled,0.1273009032011032,1.0,0.049940116703510284,world
stiff_none,calib,90485,False,False,,1.0,0.0,,0.0,78,True,3.0,0.05009690672159195,world,settled,0.05251003056764603,1.0,0.06610862910747528,world,settled,0.06036950275301933,1.0,0.09978288412094116,world,settled,0.10300098359584808,1.0,0.12640056014060974,world,settled,0.1278371810913086,1.0,0.05009690672159195,world
stiff_none,calib,90486,False,False,,1.0,0.0,,0.0,79,True,3.0,0.05026581138372421,world,settled,0.04927234351634979,1.0,0.062287837266922,world,settled,0.06200164556503296,1.0,0.09990373998880386,world,settled,0.10052871704101562,1.0,0.12602949142456055,world,settled,0.12571226060390472,1.0,0.05026581138372421,world
stiff_none,calib,90487,False,False,,1.0,0.0,,0.0,74,True,3.0,0.04943016543984413,world,settled,0.05095408111810684,1.0,0.06077335402369499,world,settled,0.061069637537002563,1.0,0.09938757121562958,world,settled,0.09872382879257202,1.0,0.1255790889263153,world,settled,0.12710437178611755,1.0,0.04943016543984413,world
stiff_none,calib,90488,False,False,,1.0,0.0,,0.0,62,True,3.0,0.05224468559026718,world,settled,0.0503273606300354,1.0,0.062301360070705414,world,settled,0.06142691895365715,1.0,0.100868821144104,world,settled,0.10259928554296494,1.0,0.12553873658180237,world,settled,0.12633273005485535,1.0,0.05224468559026718,world
stiff_none,calib,90489,False,False,,1.0,0.0,,0.0,65,True,3.0,0.04916604235768318,world,settled,0.05229303240776062,1.0,0.06347604095935822,world,settled,0.06348507851362228,1.0,0.09608636051416397,world,settled,0.09974362701177597,1.0,0.12629392743110657,world,settled,0.12705641984939575,1.0,0.04916604235768318,world
stiff_none,calib,90490,False,False,,1.0,0.0,,0.0,70,True,3.0,0.051702093333005905,world,settled,0.05039725452661514,1.0,0.06117945909500122,world,settled,0.0626877024769783,1.0,0.09436702728271484,world,settled,0.0967736691236496,1.0,0.1263779103755951,world,settled,0.12722009420394897,1.0,0.051702093333005905,world
stiff_none,calib,90491,False,False,,1.0,0.0,,0.0,63,True,3.0,0.048709239810705185,world,settled,0.0508611798286438,1.0,0.06134611368179321,world,settled,0.06057920306921005,1.0,0.10241784900426865,world,settled,0.10105572640895844,1.0,0.12309570610523224,world,settled,0.12508495151996613,1.0,0.048709239810705185,world
stiff_none,calib,90492,False,False,,1.0,0.0,,0.0,66,True,3.0,0.05034933239221573,world,settled,0.050653375685214996,1.0,0.06152700260281563,world,settled,0.06133173033595085,1.0,0.09968284517526627,world,settled,0.10264497995376587,1.0,0.12498867511749268,world,settled,0.1255168616771698,1.0,0.05034933239221573,world
stiff_none,calib,90493,False,False,,1.0,0.0,,0.0,80,True,3.0,0.05338997766375542,world,settled,0.05043758824467659,1.0,0.0627448707818985,world,settled,0.06138165667653084,1.0,0.1006186455488205,world,settled,0.09951914846897125,1.0,0.1283530294895172,world,settled,0.1259462535381317,1.0,0.05338997766375542,world
stiff_none,calib,90494,False,False,,1.0,0.0,,0.0,79,True,3.0,0.051927514374256134,world,settled,0.04984452575445175,1.0,0.06037561967968941,world,settled,0.06179475784301758,1.0,0.10013172775506973,world,settled,0.0985424816608429,1.0,0.128187894821167,world,settled,0.1253374069929123,1.0,0.051927514374256134,world
stiff_none,calib,90495,False,False,,1.0,0.0,,0.0,75,True,3.0,0.053439777344465256,world,settled,0.05182555317878723,1.0,0.06073334068059921,world,settled,0.06177007406949997,1.0,0.09869007766246796,world,settled,0.10251618921756744,1.0,0.1285742074251175,world,settled,0.12613911926746368,1.0,0.053439777344465256,world
stiff_none,calib,90496,False,False,,1.0,0.0,,0.0,76,True,3.0,0.04997337982058525,world,settled,0.05157167837023735,1.0,0.0627380833029747,world,settled,0.062351394444704056,1.0,0.09868762642145157,world,settled,0.09840705245733261,1.0,0.12620234489440918,world,settled,0.12696275115013123,1.0,0.04997337982058525,world
stiff_none,calib,90497,False,False,,1.0,0.0,,0.0,68,True,3.0,0.04816053807735443,world,settled,0.04974688962101936,1.0,0.061573468148708344,world,settled,0.06192942336201668,1.0,0.10204701125621796,world,settled,0.10221737623214722,1.0,0.12369408458471298,world,settled,0.12387571483850479,1.0,0.04816053807735443,world
stiff_none,calib,90498,False,False,,1.0,0.0,,0.0,70,True,3.0,0.050408072769641876,world,settled,0.05199291557073593,1.0,0.06211358308792114,world,settled,0.06248646229505539,1.0,0.09738563001155853,world,settled,0.09726713597774506,1.0,0.12459218502044678,world,settled,0.12741634249687195,1.0,0.050408072769641876,world
stiff_none,calib,90499,False,False,,1.0,0.0,,0.0,79,True,3.0,0.048652660101652145,world,settled,0.051409341394901276,1.0,0.06356276571750641,world,settled,0.059986986219882965,1.0,0.1002030223608017,world,settled,0.10373806953430176,1.0,0.12607954442501068,world,settled,0.1250952184200287,1.0,0.048652660101652145,world
stiff_none,calib,90500,False,False,,1.0,0.0,,0.0,72,True,3.0,0.051910530775785446,world,settled,0.051617253571748734,1.0,0.05864393711090088,world,settled,0.06337018311023712,1.0,0.10082040727138519,world,settled,0.09696115553379059,1.0,0.1259041130542755,world,settled,0.12659800052642822,1.0,0.051910530775785446,world
stiff_none,calib,90501,False,False,,1.0,0.0,,0.0,76,True,3.0,0.05114921182394028,world,settled,0.05114743113517761,1.0,0.06275420635938644,world,settled,0.06239864230155945,1.0,0.09706608951091766,world,settled,0.09963637590408325,1.0,0.12843593955039978,world,settled,0.12608680129051208,1.0,0.05114921182394028,world
stiff_none,calib,90502,False,False,,1.0,0.0,,0.0,76,True,3.0,0.05119830369949341,world,settled,0.05270983651280403,1.0,0.06162577122449875,world,settled,0.06233174353837967,1.0,0.09984437376260757,world,settled,0.09907817095518112,1.0,0.1262708604335785,world,settled,0.12488682568073273,1.0,0.05119830369949341,world
stiff_none,calib,90503,False,False,,1.0,0.0,,0.0,63,True,3.0,0.052235476672649384,world,settled,0.05033960938453674,1.0,0.06094852834939957,world,settled,0.06318096816539764,1.0,0.0988733321428299,world,settled,0.09764190018177032,1.0,0.12716221809387207,world,settled,0.1257457435131073,1.0,0.052235476672649384,world
stiff_none,calib,90504,False,False,,1.0,0.0,,0.0,72,True,3.0,0.05253119394183159,world,settled,0.050027478486299515,1.0,0.06040956825017929,world,settled,0.06240309029817581,1.0,0.10098916292190552,world,settled,0.09772622585296631,1.0,0.12682680785655975,world,settled,0.12554480135440826,1.0,0.05253119394183159,world
stiff_none,calib,90505,False,False,,1.0,0.0,,0.0,75,True,3.0,0.05289948731660843,world,settled,0.049362242221832275,1.0,0.06012537330389023,world,settled,0.06132357195019722,1.0,0.10554441064596176,world,settled,0.09860332310199738,1.0,0.128300279378891,world,settled,0.1256318986415863,1.0,0.05289948731660843,world
stiff_none,calib,90506,False,False,,1.0,0.0,,0.0,78,True,3.0,0.05019637197256088,world,settled,0.05147070810198784,1.0,0.06082747504115105,world,settled,0.06208176165819168,1.0,0.09870541095733643,world,settled,0.09917448461055756,1.0,0.1252342015504837,world,settled,0.12610742449760437,1.0,0.05019637197256088,world
stiff_none,calib,90507,False,False,,1.0,0.0,,0.0,72,True,3.0,0.05107544735074043,world,settled,0.05062894895672798,1.0,0.06173081323504448,world,settled,0.062298309057950974,1.0,0.0955359935760498,world,settled,0.10079789161682129,1.0,0.12739630043506622,world,settled,0.12588448822498322,1.0,0.05107544735074043,world
stiff_none,calib,90508,False,False,,1.0,0.0,,0.0,68,True,3.0,0.05212167650461197,world,settled,0.05042345076799393,1.0,0.06010892987251282,world,settled,0.06248068809509277,1.0,0.0937996506690979,world,settled,0.09823451191186905,1.0,0.12897144258022308,world,settled,0.12573625147342682,1.0,0.05212167650461197,world
stiff_none,calib,90509,False,False,,1.0,0.0,,0.0,69,True,3.0,0.05229299142956734,world,settled,0.05019127205014229,1.0,0.06026480346918106,world,settled,0.061028480529785156,1.0,0.10320432484149933,world,settled,0.09957820177078247,1.0,0.12492301315069199,world,settled,0.12698239088058472,1.0,0.05229299142956734,world
stiff_none,calib,90510,False,False,,1.0,0.0,,0.0,60,True,3.0,0.051907140761613846,world,settled,0.051017504185438156,1.0,0.06212420389056206,world,settled,0.061872340738773346,1.0,0.10008630901575089,world,settled,0.10280768573284149,1.0,0.1262054294347763,world,settled,0.12496429681777954,1.0,0.051907140761613846,world
stiff_none,calib,90511,False,False,,1.0,0.0,,0.0,67,True,3.0,0.051088541746139526,world,settled,0.050812236964702606,1.0,0.0589037723839283,world,settled,0.062071673572063446,1.0,0.10103712975978851,world,settled,0.0996522456407547,1.0,0.12539538741111755,world,settled,0.12610699236392975,1.0,0.051088541746139526,world
stiff_none,calib,90512,False,False,,1.0,0.0,,0.0,65,True,3.0,0.05106189846992493,world,settled,0.04942040890455246,1.0,0.06002911180257797,world,settled,0.06219866871833801,1.0,0.09825348109006882,world,settled,0.0971592515707016,1.0,0.1253317892551422,world,settled,0.12624886631965637,1.0,0.05106189846992493,world
stiff_none,calib,90513,False,False,,1.0,0.0,,0.0,79,True,3.0,0.04894773289561272,world,settled,0.0511181578040123,1.0,0.06257711350917816,world,settled,0.06316874921321869,1.0,0.0987696424126625,world,settled,0.09870889782905579,1.0,0.12312153726816177,world,settled,0.1259782612323761,1.0,0.04894773289561272,world
stiff_none,calib,90514,False,False,,1.0,0.0,,0.0,62,True,3.0,0.05069525167346001,world,settled,0.04993369057774544,1.0,0.06252565234899521,world,settled,0.0632447600364685,1.0,0.10029232501983643,world,settled,0.09556789696216583,1.0,0.12642087042331696,world,settled,0.12797655165195465,1.0,0.05069525167346001,world
stiff_none,calib,90515,False,False,,1.0,0.0,,0.0,75,True,3.0,0.0501091368496418,world,settled,0.04885689541697502,1.0,0.06158723682165146,world,settled,0.060437798500061035,1.0,0.10011892020702362,world,settled,0.10359273850917816,1.0,0.12663087248802185,world,settled,0.12701033055782318,1.0,0.0501091368496418,world
stiff_none,calib,90516,False,False,,1.0,0.0,,0.0,71,True,3.0,0.05027220398187637,world,settled,0.05178187042474747,1.0,0.06033916026353836,world,settled,0.0637802705168724,1.0,0.09916859120130539,world,settled,0.09690709412097931,1.0,0.1259220838546753,world,settled,0.1270226687192917,1.0,0.05027220398187637,world
stiff_none,calib,90517,False,False,,1.0,0.0,,0.0,77,True,3.0,0.05277711898088455,world,settled,0.049154751002788544,1.0,0.0636432021856308,world,settled,0.06178642436861992,1.0,0.09644733369350433,world,settled,0.10045065730810165,1.0,0.12826192378997803,world,settled,0.12562446296215057,1.0,0.05277711898088455,world
stiff_none,calib,90518,False,False,,1.0,0.0,,0.0,72,True,3.0,0.04923633858561516,world,settled,0.04923277720808983,1.0,0.06339732557535172,world,settled,0.06335313618183136,1.0,0.10092182457447052,world,settled,0.10220915079116821,1.0,0.12356705963611603,world,settled,0.12614108622074127,1.0,0.04923633858561516,world
stiff_none,calib,90519,False,False,,1.0,0.0,,0.0,76,True,3.0,0.05234907194972038,world,settled,0.050272248685359955,1.0,0.06041523069143295,world,settled,0.06275937706232071,1.0,0.09837788343429565,world,settled,0.1003040224313736,1.0,0.12783503532409668,world,settled,0.12413834035396576,1.0,0.05234907194972038,world
stiff_none,calib,90520,False,False,,1.0,0.0,,0.0,76,True,3.0,0.04919259250164032,world,settled,0.04927767068147659,1.0,0.06183553487062454,world,settled,0.06395681947469711,1.0,0.09856386482715607,world,settled,0.09927459061145782,1.0,0.127275750041008,world,settled,0.1252634972333908,1.0,0.04919259250164032,world
stiff_none,calib,90521,False,False,,1.0,0.0,,0.0,64,True,3.0,0.047030724585056305,world,settled,0.04986301809549332,1.0,0.06278257817029953,world,settled,0.06233976408839226,1.0,0.10076160728931427,world,settled,0.10058186203241348,1.0,0.12381868064403534,world,settled,0.12703928351402283,1.0,0.047030724585056305,world
stiff_none,calib,90522,False,False,,1.0,0.0,,0.0,80,True,3.0,0.050047922879457474,world,settled,0.05144273489713669,1.0,0.06328000128269196,world,settled,0.06245000287890434,1.0,0.10186789929866791,world,settled,0.09916365146636963,1.0,0.1250070035457611,world,settled,0.12992270290851593,1.0,0.050047922879457474,world
stiff_none,calib,90523,False,False,,1.0,0.0,,0.0,64,True,3.0,0.050541024655103683,world,settled,0.051393311470746994,1.0,0.06069304421544075,world,settled,0.061553843319416046,1.0,0.10089346021413803,world,settled,0.09760207682847977,1.0,0.12282402813434601,world,settled,0.12690655887126923,1.0,0.050541024655103683,world
stiff_none,calib,90524,False,False,,1.0,0.0,,0.0,60,True,3.0,0.04993652552366257,world,settled,0.051946960389614105,1.0,0.06245127320289612,world,settled,0.06261509656906128,1.0,0.09725446254014969,world,settled,0.10151465982198715,1.0,0.12690365314483643,world,settled,0.12611408531665802,1.0,0.04993652552366257,world
stiff_none,calib,90525,False,False,,1.0,0.0,,0.0,74,True,3.0,0.05353499576449394,world,settled,0.05011399835348129,1.0,0.061033230274915695,world,settled,0.061459340155124664,1.0,0.10236380994319916,world,settled,0.09917022287845612,1.0,0.12783725559711456,world,settled,0.12720677256584167,1.0,0.05353499576449394,world
stiff_none,calib,90526,False,False,,1.0,0.0,,0.0,64,True,3.0,0.04901973530650139,world,settled,0.05176486447453499,1.0,0.06214099004864693,world,settled,0.06224542111158371,1.0,0.09571599215269089,world,settled,0.09805260598659515,1.0,0.1246577650308609,world,settled,0.12770867347717285,1.0,0.04901973530650139,world
stiff_none,calib,90527,False,False,,1.0,0.0,,0.0,77,True,3.0,0.051382504403591156,world,settled,0.05024958401918411,1.0,0.06206369400024414,world,settled,0.06203581765294075,1.0,0.0995231494307518,world,settled,0.09762774407863617,1.0,0.12600800395011902,world,settled,0.12679757177829742,1.0,0.051382504403591156,world
stiff_none,calib,90528,False,False,,1.0,0.0,,0.0,69,True,3.0,0.04807461425662041,world,settled,0.05307091400027275,1.0,0.062179066240787506,world,settled,0.062309663742780685,1.0,0.09829434007406235,world,settled,0.0990254282951355,1.0,0.12369535118341446,world,settled,0.12712353467941284,1.0,0.04807461425662041,world
stiff_none,calib,90529,False,False,,1.0,0.0,,0.0,61,True,3.0,0.051008641719818115,world,settled,0.05134854465723038,1.0,0.06239534541964531,world,settled,0.06163419410586357,1.0,0.09926098585128784,world,settled,0.09758824110031128,1.0,0.12558703124523163,world,settled,0.1282394528388977,1.0,0.051008641719818115,world
