config,cell,seed,has_body,has_push,param,factor,torque,duration_name,offset_s,onset,settled,settle_time_s,single_settled_score,single_verdict,single_path,single_late_block_median,single_late_frac_above_alarm,k2_settled_score,k2_verdict,k2_path,k2_late_block_median,k2_late_frac_above_alarm,k4_settled_score,k4_verdict,k4_path,k4_late_block_median,k4_late_frac_above_alarm,k8_settled_score,k8_verdict,k8_path,k8_late_block_median,k8_late_frac_above_alarm,logged_settled_score,logged_verdict
soft_medium,neither,90000,False,False,,1.0,0.0,,0.0,79,False,nan,nan,alarm,persistent,0.1178431287407875,1.0,nan,alarm,persistent,0.12188538163900375,1.0,nan,alarm,persistent,0.11819149553775787,1.0,nan,alarm,persistent,0.09391224384307861,1.0,nan,alarm
soft_medium,neither,90001,False,False,,1.0,0.0,,0.0,75,False,nan,nan,alarm,persistent,0.10006152093410492,1.0,nan,alarm,persistent,0.09110529720783234,1.0,nan,alarm,persistent,0.10723505169153214,1.0,nan,alarm,persistent,0.09204258024692535,1.0,nan,alarm
soft_medium,neither,90002,False,False,,1.0,0.0,,0.0,65,False,nan,nan,alarm,persistent,0.13077615201473236,1.0,nan,alarm,persistent,0.11134712398052216,1.0,nan,alarm,persistent,0.11100082099437714,1.0,nan,alarm,persistent,0.10229501873254776,1.0,nan,alarm
soft_medium,neither,90003,False,False,,1.0,0.0,,0.0,61,False,nan,nan,alarm,persistent,0.12993742525577545,1.0,nan,alarm,persistent,0.11319480836391449,1.0,nan,alarm,persistent,0.11671803891658783,1.0,nan,alarm,persistent,0.11419965326786041,1.0,nan,alarm
soft_medium,neither,90004,False,False,,1.0,0.0,,0.0,76,False,nan,nan,alarm,persistent,0.1254538744688034,1.0,nan,alarm,persistent,0.11690925061702728,1.0,nan,alarm,persistent,0.11218301951885223,1.0,nan,alarm,persistent,0.10724425315856934,1.0,nan,alarm
soft_medium,neither,90005,False,False,,1.0,0.0,,0.0,79,False,nan,nan,alarm,persistent,0.1240241527557373,1.0,nan,alarm,persistent,0.11515200138092041,1.0,nan,alarm,persistent,0.11527521908283234,1.0,nan,alarm,persistent,0.10041545331478119,1.0,nan,alarm
soft_medium,neither,90006,False,False,,1.0,0.0,,0.0,74,False,nan,nan,alarm,persistent,0.12510445713996887,1.0,nan,alarm,persistent,0.11555596441030502,1.0,nan,alarm,persistent,0.10976456105709076,1.0,nan,alarm,persistent,0.09824182093143463,1.0,nan,alarm
soft_medium,neither,90007,False,False,,1.0,0.0,,0.0,79,False,nan,nan,alarm,persistent,0.12282353639602661,1.0,nan,alarm,persistent,0.10704837739467621,1.0,nan,alarm,persistent,0.10733715444803238,1.0,nan,alarm,persistent,0.10692004859447479,1.0,nan,alarm
soft_medium,neither,90008,False,False,,1.0,0.0,,0.0,62,False,nan,nan,alarm,persistent,0.11315906047821045,1.0,nan,alarm,persistent,0.10081859678030014,1.0,nan,alarm,persistent,0.11254385858774185,1.0,nan,alarm,persistent,0.1097370833158493,1.0,nan,alarm
soft_medium,neither,90009,False,False,,1.0,0.0,,0.0,74,False,nan,nan,alarm,persistent,0.11979447305202484,1.0,nan,alarm,persistent,0.12090571969747543,1.0,nan,alarm,persistent,0.10564257949590683,1.0,nan,alarm,persistent,0.09482227265834808,1.0,nan,alarm
soft_medium,neither,90010,False,False,,1.0,0.0,,0.0,72,False,nan,nan,alarm,persistent,0.1203121542930603,1.0,nan,alarm,persistent,0.1229395642876625,1.0,nan,alarm,persistent,0.1060100793838501,1.0,nan,alarm,persistent,0.11392321437597275,1.0,nan,alarm
soft_medium,neither,90011,False,False,,1.0,0.0,,0.0,71,False,nan,nan,alarm,persistent,0.1125291958451271,1.0,nan,alarm,persistent,0.1176140308380127,1.0,nan,alarm,persistent,0.11428270488977432,1.0,nan,alarm,persistent,0.09961030632257462,1.0,nan,alarm
soft_medium,neither,90012,False,False,,1.0,0.0,,0.0,62,False,nan,nan,alarm,persistent,0.11616455018520355,1.0,nan,alarm,persistent,0.11661610752344131,1.0,nan,alarm,persistent,0.11194290220737457,1.0,nan,alarm,persistent,0.10168437659740448,1.0,nan,alarm
soft_medium,neither,90013,False,False,,1.0,0.0,,0.0,68,False,nan,nan,alarm,persistent,0.1224679946899414,1.0,nan,alarm,persistent,0.11213193833827972,1.0,nan,alarm,persistent,0.11007396131753922,1.0,nan,alarm,persistent,0.09611023962497711,1.0,nan,alarm
soft_medium,neither,90014,False,False,,1.0,0.0,,0.0,80,False,nan,nan,alarm,persistent,0.13532909750938416,1.0,nan,alarm,persistent,0.11616186052560806,1.0,nan,alarm,persistent,0.11427962779998779,1.0,nan,alarm,persistent,0.09772999584674835,1.0,nan,alarm
soft_medium,neither,90015,False,False,,1.0,0.0,,0.0,76,False,nan,nan,alarm,persistent,0.1240869015455246,1.0,nan,alarm,persistent,0.11985214799642563,1.0,nan,alarm,persistent,0.11979943513870239,1.0,nan,alarm,persistent,0.11524564027786255,1.0,nan,alarm
soft_medium,neither,90016,False,False,,1.0,0.0,,0.0,76,False,nan,nan,alarm,persistent,0.11528769880533218,1.0,nan,alarm,persistent,0.10929808765649796,1.0,nan,alarm,persistent,0.1047511100769043,1.0,nan,alarm,persistent,0.09561307728290558,1.0,nan,alarm
soft_medium,neither,90017,False,False,,1.0,0.0,,0.0,74,False,nan,nan,alarm,persistent,0.11634345352649689,1.0,nan,alarm,persistent,0.10078136622905731,1.0,nan,alarm,persistent,0.09676065295934677,1.0,nan,alarm,persistent,0.1046050637960434,1.0,nan,alarm
soft_medium,neither,90018,False,False,,1.0,0.0,,0.0,66,False,nan,nan,alarm,persistent,0.10982479155063629,1.0,nan,alarm,persistent,0.11095599085092545,1.0,nan,alarm,persistent,0.10652126371860504,1.0,nan,alarm,persistent,0.09813855588436127,1.0,nan,alarm
soft_medium,neither,90019,False,False,,1.0,0.0,,0.0,66,False,nan,nan,alarm,persistent,0.12741619348526,1.0,nan,alarm,persistent,0.12015695869922638,1.0,nan,alarm,persistent,0.12042270600795746,1.0,nan,alarm,persistent,0.0943223387002945,1.0,nan,alarm
soft_medium,neither,90020,False,False,,1.0,0.0,,0.0,73,False,nan,nan,alarm,persistent,0.10791534185409546,1.0,nan,alarm,persistent,0.11066848039627075,1.0,nan,alarm,persistent,0.1091749519109726,1.0,nan,alarm,persistent,0.10167284309864044,1.0,nan,alarm
soft_medium,neither,90021,False,False,,1.0,0.0,,0.0,74,False,nan,nan,alarm,persistent,0.13027051091194153,1.0,nan,alarm,persistent,0.12677523493766785,1.0,nan,alarm,persistent,0.11700395494699478,1.0,nan,alarm,persistent,0.10975302755832672,1.0,nan,alarm
soft_medium,neither,90022,False,False,,1.0,0.0,,0.0,66,False,nan,nan,alarm,persistent,0.1272910237312317,1.0,nan,alarm,persistent,0.11927247047424316,1.0,nan,alarm,persistent,0.10810960829257965,1.0,nan,alarm,persistent,0.09418083727359772,1.0,nan,alarm
soft_medium,neither,90023,False,False,,1.0,0.0,,0.0,75,False,nan,nan,alarm,persistent,0.11250032484531403,1.0,nan,alarm,persistent,0.11188274621963501,1.0,nan,alarm,persistent,0.09736461937427521,1.0,nan,alarm,persistent,0.09194647520780563,1.0,nan,alarm
soft_medium,neither,90024,False,False,,1.0,0.0,,0.0,73,False,nan,nan,alarm,persistent,0.10252124071121216,1.0,nan,alarm,persistent,0.10766134411096573,1.0,nan,alarm,persistent,0.10504931211471558,1.0,nan,alarm,persistent,0.09865973144769669,1.0,nan,alarm
soft_medium,neither,90025,False,False,,1.0,0.0,,0.0,68,False,nan,nan,alarm,persistent,0.116976298391819,1.0,nan,alarm,persistent,0.111565962433815,1.0,nan,alarm,persistent,0.11278988420963287,1.0,nan,alarm,persistent,0.10009852796792984,1.0,nan,alarm
soft_medium,neither,90026,False,False,,1.0,0.0,,0.0,73,False,nan,nan,alarm,persistent,0.12882216274738312,1.0,nan,alarm,persistent,0.12692564725875854,1.0,nan,alarm,persistent,0.1137063130736351,1.0,nan,alarm,persistent,0.08973723649978638,1.0,nan,alarm
soft_medium,neither,90027,False,False,,1.0,0.0,,0.0,61,False,nan,nan,alarm,persistent,0.10937454551458359,1.0,nan,alarm,persistent,0.10473807901144028,1.0,nan,alarm,persistent,0.09252262115478516,1.0,nan,alarm,persistent,0.09733250737190247,1.0,nan,alarm
soft_medium,neither,90028,False,False,,1.0,0.0,,0.0,71,False,nan,nan,alarm,persistent,0.1205882877111435,1.0,nan,alarm,persistent,0.1350572556257248,1.0,nan,alarm,persistent,0.12314162403345108,1.0,nan,alarm,persistent,0.11871106922626495,1.0,nan,alarm
soft_medium,neither,90029,False,False,,1.0,0.0,,0.0,60,False,nan,nan,alarm,persistent,0.13489845395088196,1.0,nan,alarm,persistent,0.13410140573978424,1.0,nan,alarm,persistent,0.12014738470315933,1.0,nan,alarm,persistent,0.11755599081516266,1.0,nan,alarm
soft_medium,neither,90030,False,False,,1.0,0.0,,0.0,72,False,nan,nan,alarm,persistent,0.1292714774608612,1.0,nan,alarm,persistent,0.11234067380428314,1.0,nan,alarm,persistent,0.10545982420444489,1.0,nan,alarm,persistent,0.11253999173641205,1.0,nan,alarm
soft_medium,neither,90031,False,False,,1.0,0.0,,0.0,65,False,nan,nan,alarm,persistent,0.10205463320016861,1.0,nan,alarm,persistent,0.0957661122083664,1.0,nan,alarm,persistent,0.09727834165096283,1.0,nan,alarm,persistent,0.09451039135456085,1.0,nan,alarm
soft_medium,neither,90032,False,False,,1.0,0.0,,0.0,78,False,nan,nan,alarm,persistent,0.11958584934473038,1.0,nan,alarm,persistent,0.12000305950641632,1.0,nan,alarm,persistent,0.11320074647665024,1.0,nan,alarm,persistent,0.09937184303998947,1.0,nan,alarm
soft_medium,neither,90033,False,False,,1.0,0.0,,0.0,74,False,nan,nan,alarm,persistent,0.12535306811332703,1.0,nan,alarm,persistent,0.12831798195838928,1.0,nan,alarm,persistent,0.13748568296432495,1.0,nan,alarm,persistent,0.11711493879556656,1.0,nan,alarm
soft_medium,neither,90034,False,False,,1.0,0.0,,0.0,63,False,nan,nan,alarm,persistent,0.12191309779882431,1.0,nan,alarm,persistent,0.1265323907136917,1.0,nan,alarm,persistent,0.1187884658575058,1.0,nan,alarm,persistent,0.10756578296422958,1.0,nan,alarm
soft_medium,neither,90035,False,False,,1.0,0.0,,0.0,66,False,nan,nan,alarm,persistent,0.11268340051174164,1.0,nan,alarm,persistent,0.10409346967935562,1.0,nan,alarm,persistent,0.10277364403009415,1.0,nan,alarm,persistent,0.09353980422019958,1.0,nan,alarm
soft_medium,neither,90036,False,False,,1.0,0.0,,0.0,61,False,nan,nan,alarm,persistent,0.10952357947826385,1.0,nan,alarm,persistent,0.10246562957763672,1.0,nan,alarm,persistent,0.08818235248327255,1.0,nan,alarm,persistent,0.08959734439849854,1.0,nan,alarm
soft_medium,neither,90037,False,False,,1.0,0.0,,0.0,69,False,nan,nan,alarm,persistent,0.12306723743677139,1.0,nan,alarm,persistent,0.11887624114751816,1.0,nan,alarm,persistent,0.10478176176548004,1.0,nan,alarm,persistent,0.1022360548377037,1.0,nan,alarm
soft_medium,neither,90038,False,False,,1.0,0.0,,0.0,63,False,nan,nan,alarm,persistent,0.11432455480098724,1.0,nan,alarm,persistent,0.1255326271057129,1.0,nan,alarm,persistent,0.12165907770395279,1.0,nan,alarm,persistent,0.12106882035732269,1.0,nan,alarm
soft_medium,neither,90039,False,False,,1.0,0.0,,0.0,63,False,nan,nan,alarm,persistent,0.10577492415904999,1.0,nan,alarm,persistent,0.11105289310216904,1.0,nan,alarm,persistent,0.10818283259868622,1.0,nan,alarm,persistent,0.09300515800714493,1.0,nan,alarm
soft_medium,neither,90040,False,False,,1.0,0.0,,0.0,66,False,nan,nan,alarm,persistent,0.1467316448688507,1.0,nan,alarm,persistent,0.13196435570716858,1.0,nan,alarm,persistent,0.11815240234136581,1.0,nan,alarm,persistent,0.12074808776378632,1.0,nan,alarm
soft_medium,neither,90041,False,False,,1.0,0.0,,0.0,71,False,nan,nan,alarm,persistent,0.1292332112789154,1.0,nan,alarm,persistent,0.13110104203224182,1.0,nan,alarm,persistent,0.13640275597572327,1.0,nan,alarm,persistent,0.11012439429759979,1.0,nan,alarm
soft_medium,neither,90042,False,False,,1.0,0.0,,0.0,64,False,nan,nan,alarm,persistent,0.10945260524749756,1.0,nan,alarm,persistent,0.11369992792606354,1.0,nan,alarm,persistent,0.11330840736627579,1.0,nan,alarm,persistent,0.08999399095773697,1.0,nan,alarm
soft_medium,neither,90043,False,False,,1.0,0.0,,0.0,79,False,nan,nan,alarm,persistent,0.13209259510040283,1.0,nan,alarm,persistent,0.13473667204380035,1.0,nan,alarm,persistent,0.11581496149301529,1.0,nan,alarm,persistent,0.10725939273834229,1.0,nan,alarm
soft_medium,neither,90044,False,False,,1.0,0.0,,0.0,65,False,nan,nan,alarm,persistent,0.11374805122613907,1.0,nan,alarm,persistent,0.10990599542856216,1.0,nan,alarm,persistent,0.10428090393543243,1.0,nan,alarm,persistent,0.09290407598018646,1.0,nan,alarm
soft_medium,neither,90045,False,False,,1.0,0.0,,0.0,64,False,nan,nan,alarm,persistent,0.11527390778064728,1.0,nan,alarm,persistent,0.12232178449630737,1.0,nan,alarm,persistent,0.11714830249547958,1.0,nan,alarm,persistent,0.10290290415287018,1.0,nan,alarm
soft_medium,neither,90046,False,False,,1.0,0.0,,0.0,73,False,nan,nan,alarm,persistent,0.1079678162932396,1.0,nan,alarm,persistent,0.10288119316101074,1.0,nan,alarm,persistent,0.10620222240686417,1.0,nan,alarm,persistent,0.11161156743764877,1.0,nan,alarm
soft_medium,neither,90047,False,False,,1.0,0.0,,0.0,66,False,nan,nan,alarm,persistent,0.11666595935821533,1.0,nan,alarm,persistent,0.11103066056966782,1.0,nan,alarm,persistent,0.10044553130865097,1.0,nan,alarm,persistent,0.08412465453147888,1.0,nan,alarm
soft_medium,neither,90048,False,False,,1.0,0.0,,0.0,76,False,nan,nan,alarm,persistent,0.1261080801486969,1.0,nan,alarm,persistent,0.1305847018957138,1.0,nan,alarm,persistent,0.1094241738319397,1.0,nan,alarm,persistent,0.10231335461139679,1.0,nan,alarm
soft_medium,neither,90049,False,False,,1.0,0.0,,0.0,76,False,nan,nan,alarm,persistent,0.12639348208904266,1.0,nan,alarm,persistent,0.11961229145526886,1.0,nan,alarm,persistent,0.10359548032283783,1.0,nan,alarm,persistent,0.11676168441772461,1.0,nan,alarm
soft_medium,neither,90050,False,False,,1.0,0.0,,0.0,60,False,nan,nan,alarm,persistent,0.10911417007446289,1.0,nan,alarm,persistent,0.09962059557437897,1.0,nan,alarm,persistent,0.10088590532541275,1.0,nan,alarm,persistent,0.0864090844988823,1.0,nan,alarm
soft_medium,neither,90051,False,False,,1.0,0.0,,0.0,76,False,nan,nan,alarm,persistent,0.11766208708286285,1.0,nan,alarm,persistent,0.11602520942687988,1.0,nan,alarm,persistent,0.11496968567371368,1.0,nan,alarm,persistent,0.11953763663768768,1.0,nan,alarm
soft_medium,neither,90052,False,False,,1.0,0.0,,0.0,68,False,nan,nan,alarm,persistent,0.11669683456420898,1.0,nan,alarm,persistent,0.12185373157262802,1.0,nan,alarm,persistent,0.10553568601608276,1.0,nan,alarm,persistent,0.09323978424072266,1.0,nan,alarm
soft_medium,neither,90053,False,False,,1.0,0.0,,0.0,72,False,nan,nan,alarm,persistent,0.12255726009607315,1.0,nan,alarm,persistent,0.12643340229988098,1.0,nan,alarm,persistent,0.1230892688035965,1.0,nan,alarm,persistent,0.1110009104013443,1.0,nan,alarm
soft_medium,neither,90054,False,False,,1.0,0.0,,0.0,65,False,nan,nan,alarm,persistent,0.1147301197052002,1.0,nan,alarm,persistent,0.11639653146266937,1.0,nan,alarm,persistent,0.10246732085943222,1.0,nan,alarm,persistent,0.09358321130275726,1.0,nan,alarm
soft_medium,neither,90055,False,False,,1.0,0.0,,0.0,68,False,nan,nan,alarm,persistent,0.118401899933815,1.0,nan,alarm,persistent,0.10750870406627655,1.0,nan,alarm,persistent,0.12015318870544434,1.0,nan,alarm,persistent,0.09287944436073303,1.0,nan,alarm
soft_medium,neither,90056,False,False,,1.0,0.0,,0.0,68,False,nan,nan,alarm,persistent,0.12925514578819275,1.0,nan,alarm,persistent,0.11470679193735123,1.0,nan,alarm,persistent,0.11620809882879257,1.0,nan,alarm,persistent,0.09827103465795517,1.0,nan,alarm
soft_medium,neither,90057,False,False,,1.0,0.0,,0.0,76,False,nan,nan,alarm,persistent,0.12312471866607666,1.0,nan,alarm,persistent,0.10416553169488907,1.0,nan,alarm,persistent,0.11758686602115631,1.0,nan,alarm,persistent,0.09999576956033707,1.0,nan,alarm
soft_medium,neither,90058,False,False,,1.0,0.0,,0.0,61,False,nan,nan,alarm,persistent,0.10940369218587875,1.0,nan,alarm,persistent,0.10635105520486832,1.0,nan,alarm,persistent,0.10781850665807724,1.0,nan,alarm,persistent,0.09525920450687408,1.0,nan,alarm
soft_medium,neither,90059,False,False,,1.0,0.0,,0.0,62,False,nan,nan,alarm,persistent,0.1126333475112915,1.0,nan,alarm,persistent,0.09790483117103577,1.0,nan,alarm,persistent,0.1018817275762558,1.0,nan,alarm,persistent,0.09429842978715897,1.0,nan,alarm
soft_medium,neither,90060,False,False,,1.0,0.0,,0.0,62,False,nan,nan,alarm,persistent,0.12088552862405777,1.0,nan,alarm,persistent,0.11685313284397125,1.0,nan,alarm,persistent,0.09813832491636276,1.0,nan,alarm,persistent,0.09490853548049927,1.0,nan,alarm
soft_medium,neither,90061,False,False,,1.0,0.0,,0.0,80,False,nan,nan,alarm,persistent,0.1314593106508255,1.0,nan,alarm,persistent,0.11793594062328339,1.0,nan,alarm,persistent,0.09340774267911911,1.0,nan,alarm,persistent,0.10029073804616928,1.0,nan,alarm
soft_medium,neither,90062,False,False,,1.0,0.0,,0.0,66,False,nan,nan,alarm,persistent,0.131393700838089,1.0,nan,alarm,persistent,0.1262630671262741,1.0,nan,alarm,persistent,0.11163604259490967,1.0,nan,alarm,persistent,0.11619013547897339,1.0,nan,alarm
soft_medium,neither,90063,False,False,,1.0,0.0,,0.0,62,False,nan,nan,alarm,persistent,0.10553194582462311,1.0,nan,alarm,persistent,0.09679720550775528,1.0,nan,alarm,persistent,0.11066200584173203,1.0,nan,alarm,persistent,0.10837463289499283,1.0,nan,alarm
soft_medium,neither,90064,False,False,,1.0,0.0,,0.0,72,False,nan,nan,alarm,persistent,0.11102944612503052,1.0,nan,alarm,persistent,0.11109773069620132,1.0,nan,alarm,persistent,0.09575158357620239,1.0,nan,alarm,persistent,0.1083226427435875,1.0,nan,alarm
soft_medium,neither,90065,False,False,,1.0,0.0,,0.0,63,False,nan,nan,alarm,persistent,0.10914387553930283,1.0,nan,alarm,persistent,0.11263265460729599,1.0,nan,alarm,persistent,0.10951673984527588,1.0,nan,alarm,persistent,0.10149134695529938,1.0,nan,alarm
soft_medium,neither,90066,False,False,,1.0,0.0,,0.0,61,False,nan,nan,alarm,persistent,0.13248783349990845,1.0,nan,alarm,persistent,0.12297502905130386,1.0,nan,alarm,persistent,0.10215552896261215,1.0,nan,alarm,persistent,0.10682757198810577,1.0,nan,alarm
soft_medium,neither,90067,False,False,,1.0,0.0,,0.0,71,False,nan,nan,alarm,persistent,0.11137931048870087,1.0,nan,alarm,persistent,0.1177564412355423,1.0,nan,alarm,persistent,0.1126781478524208,1.0,nan,alarm,persistent,0.0973624512553215,1.0,nan,alarm
soft_medium,neither,90068,False,False,,1.0,0.0,,0.0,76,False,nan,nan,alarm,persistent,0.10950527340173721,1.0,nan,alarm,persistent,0.11693136394023895,1.0,nan,alarm,persistent,0.11648645251989365,1.0,nan,alarm,persistent,0.0982641950249672,1.0,nan,alarm
soft_medium,neither,90069,False,False,,1.0,0.0,,0.0,70,False,nan,nan,alarm,persistent,0.11325649917125702,1.0,nan,alarm,persistent,0.11798559129238129,1.0,nan,alarm,persistent,0.1083076223731041,1.0,nan,alarm,persistent,0.09426994621753693,1.0,nan,alarm
soft_medium,neither,90070,False,False,,1.0,0.0,,0.0,76,False,nan,nan,alarm,persistent,0.1203441470861435,1.0,nan,alarm,persistent,0.12432984262704849,1.0,nan,alarm,persistent,0.10084579139947891,1.0,nan,alarm,persistent,0.08821770548820496,1.0,nan,alarm
soft_medium,neither,90071,False,False,,1.0,0.0,,0.0,77,False,nan,nan,alarm,persistent,0.1256287395954132,1.0,nan,alarm,persistent,0.1150536984205246,1.0,nan,alarm,persistent,0.11175525188446045,1.0,nan,alarm,persistent,0.11523415893316269,1.0,nan,alarm
soft_medium,neither,90072,False,False,,1.0,0.0,,0.0,70,False,nan,nan,alarm,persistent,0.11310644447803497,1.0,nan,alarm,persistent,0.10924222320318222,1.0,nan,alarm,persistent,0.11347083002328873,1.0,nan,alarm,persistent,0.09353888779878616,1.0,nan,alarm
soft_medium,neither,90073,False,False,,1.0,0.0,,0.0,80,False,nan,nan,alarm,persistent,0.11907496303319931,1.0,nan,alarm,persistent,0.12204740941524506,1.0,nan,alarm,persistent,0.09955261647701263,1.0,nan,alarm,persistent,0.09999002516269684,1.0,nan,alarm
soft_medium,neither,90074,False,False,,1.0,0.0,,0.0,67,False,nan,nan,alarm,persistent,0.14409300684928894,1.0,nan,alarm,persistent,0.12860453128814697,1.0,nan,alarm,persistent,0.11844326555728912,1.0,nan,alarm,persistent,0.09906471520662308,1.0,nan,alarm
soft_medium,neither,90075,False,False,,1.0,0.0,,0.0,71,False,nan,nan,alarm,persistent,0.09975887835025787,1.0,nan,alarm,persistent,0.11508528888225555,1.0,nan,alarm,persistent,0.09944932162761688,1.0,nan,alarm,persistent,0.10571186244487762,1.0,nan,alarm
soft_medium,neither,90076,False,False,,1.0,0.0,,0.0,75,False,nan,nan,alarm,persistent,0.11511276662349701,1.0,nan,alarm,persistent,0.10862964391708374,1.0,nan,alarm,persistent,0.094895139336586,1.0,nan,alarm,persistent,0.09318548440933228,1.0,nan,alarm
soft_medium,neither,90077,False,False,,1.0,0.0,,0.0,63,False,nan,nan,alarm,persistent,0.12125210464000702,1.0,nan,alarm,persistent,0.1050647497177124,1.0,nan,alarm,persistent,0.10625053942203522,1.0,nan,alarm,persistent,0.10994414240121841,1.0,nan,alarm
soft_medium,neither,90078,False,False,,1.0,0.0,,0.0,63,False,nan,nan,alarm,persistent,0.11751367896795273,1.0,nan,alarm,persistent,0.11257239431142807,1.0,nan,alarm,persistent,0.10713034868240356,1.0,nan,alarm,persistent,0.10043640434741974,1.0,nan,alarm
soft_medium,neither,90079,False,False,,1.0,0.0,,0.0,64,False,nan,nan,alarm,persistent,0.11363152414560318,1.0,nan,alarm,persistent,0.10465891659259796,1.0,nan,alarm,persistent,0.10380113124847412,1.0,nan,alarm,persistent,0.10681523382663727,1.0,nan,alarm
soft_medium,neither,90080,False,False,,1.0,0.0,,0.0,78,False,nan,nan,alarm,persistent,0.11987362056970596,1.0,nan,alarm,persistent,0.12045563757419586,1.0,nan,alarm,persistent,0.10092320293188095,1.0,nan,alarm,persistent,0.09574300795793533,1.0,nan,alarm
soft_medium,neither,90081,False,False,,1.0,0.0,,0.0,79,False,nan,nan,alarm,persistent,0.11741243302822113,1.0,nan,alarm,persistent,0.1208132728934288,1.0,nan,alarm,persistent,0.11486929655075073,1.0,nan,alarm,persistent,0.10586358606815338,1.0,nan,alarm
soft_medium,neither,90082,False,False,,1.0,0.0,,0.0,76,False,nan,nan,alarm,persistent,0.1261938363313675,1.0,nan,alarm,persistent,0.130008727312088,1.0,nan,alarm,persistent,0.10989640653133392,1.0,nan,alarm,persistent,0.10583321005105972,1.0,nan,alarm
soft_medium,neither,90083,False,False,,1.0,0.0,,0.0,74,False,nan,nan,alarm,persistent,0.11327953636646271,1.0,nan,alarm,persistent,0.11660750210285187,1.0,nan,alarm,persistent,0.10624321550130844,1.0,nan,alarm,persistent,0.09108475595712662,1.0,nan,alarm
soft_medium,neither,90084,False,False,,1.0,0.0,,0.0,73,False,nan,nan,alarm,persistent,0.11678744852542877,1.0,nan,alarm,persistent,0.10833556950092316,1.0,nan,alarm,persistent,0.1039208322763443,1.0,nan,alarm,persistent,0.1065148264169693,1.0,nan,alarm
soft_medium,neither,90085,False,False,,1.0,0.0,,0.0,72,False,nan,nan,alarm,persistent,0.10710577666759491,1.0,nan,alarm,persistent,0.10868524014949799,1.0,nan,alarm,persistent,0.1027587503194809,1.0,nan,alarm,persistent,0.0922553688287735,1.0,nan,alarm
soft_medium,neither,90086,False,False,,1.0,0.0,,0.0,63,False,nan,nan,alarm,persistent,0.10299403965473175,1.0,nan,alarm,persistent,0.08824761211872101,1.0,nan,alarm,persistent,0.09108923375606537,1.0,nan,alarm,persistent,0.10561678558588028,1.0,nan,alarm
soft_medium,neither,90087,False,False,,1.0,0.0,,0.0,66,False,nan,nan,alarm,persistent,0.095623679459095,1.0,nan,alarm,persistent,0.09422294795513153,1.0,nan,alarm,persistent,0.09392809122800827,1.0,nan,alarm,persistent,0.09866230189800262,1.0,nan,alarm
soft_medium,neither,90088,False,False,,1.0,0.0,,0.0,75,False,nan,nan,alarm,persistent,0.10984969139099121,1.0,nan,alarm,persistent,0.10471149533987045,1.0,nan,alarm,persistent,0.0955226793885231,1.0,nan,alarm,persistent,0.09879089891910553,1.0,nan,alarm
soft_medium,neither,90089,False,False,,1.0,0.0,,0.0,62,False,nan,nan,alarm,persistent,0.11545377969741821,1.0,nan,alarm,persistent,0.1163831353187561,1.0,nan,alarm,persistent,0.11520157754421234,1.0,nan,alarm,persistent,0.09779135882854462,1.0,nan,alarm
soft_medium,neither,90090,False,False,,1.0,0.0,,0.0,68,False,nan,nan,alarm,persistent,0.12122778594493866,1.0,nan,alarm,persistent,0.11600339412689209,1.0,nan,alarm,persistent,0.11200220882892609,1.0,nan,alarm,persistent,0.09262548387050629,1.0,nan,alarm
soft_medium,neither,90091,False,False,,1.0,0.0,,0.0,77,False,nan,nan,alarm,persistent,0.12372098118066788,1.0,nan,alarm,persistent,0.12120936065912247,1.0,nan,alarm,persistent,0.11479584872722626,1.0,nan,alarm,persistent,0.1047951728105545,1.0,nan,alarm
soft_medium,neither,90092,False,False,,1.0,0.0,,0.0,68,False,nan,nan,alarm,persistent,0.11087284237146378,1.0,nan,alarm,persistent,0.0978986993432045,1.0,nan,alarm,persistent,0.1129397302865982,1.0,nan,alarm,persistent,0.09779851883649826,1.0,nan,alarm
soft_medium,neither,90093,False,False,,1.0,0.0,,0.0,64,False,nan,nan,alarm,persistent,0.1263110488653183,1.0,nan,alarm,persistent,0.11557533591985703,1.0,nan,alarm,persistent,0.1178058534860611,1.0,nan,alarm,persistent,0.10224364697933197,1.0,nan,alarm
soft_medium,neither,90094,False,False,,1.0,0.0,,0.0,69,False,nan,nan,alarm,persistent,0.1136811375617981,1.0,nan,alarm,persistent,0.11161094903945923,1.0,nan,alarm,persistent,0.1082724779844284,1.0,nan,alarm,persistent,0.10073850303888321,1.0,nan,alarm
soft_medium,neither,90095,False,False,,1.0,0.0,,0.0,61,False,nan,nan,alarm,persistent,0.12364127486944199,1.0,nan,alarm,persistent,0.11486965417861938,1.0,nan,alarm,persistent,0.11018896102905273,1.0,nan,alarm,persistent,0.1007448211312294,1.0,nan,alarm
soft_medium,neither,90096,False,False,,1.0,0.0,,0.0,62,False,nan,nan,alarm,persistent,0.1099051684141159,1.0,nan,alarm,persistent,0.10548826307058334,1.0,nan,alarm,persistent,0.11256031692028046,1.0,nan,alarm,persistent,0.10912159830331802,1.0,nan,alarm
soft_medium,neither,90097,False,False,,1.0,0.0,,0.0,61,False,nan,nan,alarm,persistent,0.12328691780567169,1.0,nan,alarm,persistent,0.12271908670663834,1.0,nan,alarm,persistent,0.1076868399977684,1.0,nan,alarm,persistent,0.1244986280798912,1.0,nan,alarm
soft_medium,neither,90098,False,False,,1.0,0.0,,0.0,70,False,nan,nan,alarm,persistent,0.14008930325508118,1.0,nan,alarm,persistent,0.10412683337926865,1.0,nan,alarm,persistent,0.11757318675518036,1.0,nan,alarm,persistent,0.09560804814100266,1.0,nan,alarm
soft_medium,neither,90099,False,False,,1.0,0.0,,0.0,79,False,nan,nan,alarm,persistent,0.12220239639282227,1.0,nan,alarm,persistent,0.13370653986930847,1.0,nan,alarm,persistent,0.12534159421920776,1.0,nan,alarm,persistent,0.10754239559173584,1.0,nan,alarm
soft_medium,neither,90100,False,False,,1.0,0.0,,0.0,62,False,nan,nan,alarm,persistent,0.10450085252523422,1.0,nan,alarm,persistent,0.10882534086704254,1.0,nan,alarm,persistent,0.094183549284935,1.0,nan,alarm,persistent,0.08578532189130783,1.0,nan,alarm
soft_medium,neither,90101,False,False,,1.0,0.0,,0.0,62,False,nan,nan,alarm,persistent,0.12221293151378632,1.0,nan,alarm,persistent,0.11461064964532852,1.0,nan,alarm,persistent,0.10400599241256714,1.0,nan,alarm,persistent,0.10004452615976334,1.0,nan,alarm
soft_medium,neither,90102,False,False,,1.0,0.0,,0.0,63,False,nan,nan,alarm,persistent,0.12271419912576675,1.0,nan,alarm,persistent,0.12658393383026123,1.0,nan,alarm,persistent,0.12145031988620758,1.0,nan,alarm,persistent,0.12290988862514496,1.0,nan,alarm
soft_medium,neither,90103,False,False,,1.0,0.0,,0.0,62,False,nan,nan,alarm,persistent,0.13428035378456116,1.0,nan,alarm,persistent,0.1119171604514122,1.0,nan,alarm,persistent,0.10136343538761139,1.0,nan,alarm,persistent,0.09700813889503479,1.0,nan,alarm
soft_medium,neither,90104,False,False,,1.0,0.0,,0.0,72,False,nan,nan,alarm,persistent,0.13256876170635223,1.0,nan,alarm,persistent,0.131576806306839,1.0,nan,alarm,persistent,0.11796271800994873,1.0,nan,alarm,persistent,0.10886478424072266,1.0,nan,alarm
soft_medium,neither,90105,False,False,,1.0,0.0,,0.0,74,False,nan,nan,alarm,persistent,0.12442582845687866,1.0,nan,alarm,persistent,0.11591379344463348,1.0,nan,alarm,persistent,0.10872963815927505,1.0,nan,alarm,persistent,0.11006118357181549,1.0,nan,alarm
soft_medium,neither,90106,False,False,,1.0,0.0,,0.0,79,False,nan,nan,alarm,persistent,0.11337147653102875,1.0,nan,alarm,persistent,0.11553812026977539,1.0,nan,alarm,persistent,0.11764943599700928,1.0,nan,alarm,persistent,0.11199955642223358,1.0,nan,alarm
soft_medium,neither,90107,False,False,,1.0,0.0,,0.0,79,False,nan,nan,alarm,persistent,0.10259729623794556,1.0,nan,alarm,persistent,0.10653140395879745,1.0,nan,alarm,persistent,0.10137398540973663,1.0,nan,alarm,persistent,0.09985778480768204,1.0,nan,alarm
soft_medium,neither,90108,False,False,,1.0,0.0,,0.0,64,False,nan,nan,alarm,persistent,0.12133600562810898,1.0,nan,alarm,persistent,0.11527855694293976,1.0,nan,alarm,persistent,0.10502269119024277,1.0,nan,alarm,persistent,0.11379341781139374,1.0,nan,alarm
soft_medium,neither,90109,False,False,,1.0,0.0,,0.0,66,False,nan,nan,alarm,persistent,0.10670258849859238,1.0,nan,alarm,persistent,0.09779110550880432,1.0,nan,alarm,persistent,0.10074295103549957,1.0,nan,alarm,persistent,0.09092259407043457,1.0,nan,alarm
soft_medium,neither,90110,False,False,,1.0,0.0,,0.0,60,False,nan,nan,alarm,persistent,0.12560229003429413,1.0,nan,alarm,persistent,0.11135651171207428,1.0,nan,alarm,persistent,0.10964788496494293,1.0,nan,alarm,persistent,0.09580899775028229,1.0,nan,alarm
soft_medium,neither,90111,False,False,,1.0,0.0,,0.0,76,False,nan,nan,alarm,persistent,0.11590021848678589,1.0,nan,alarm,persistent,0.11410174518823624,1.0,nan,alarm,persistent,0.10324077308177948,1.0,nan,alarm,persistent,0.10811575502157211,1.0,nan,alarm
soft_medium,neither,90112,False,False,,1.0,0.0,,0.0,69,False,nan,nan,alarm,persistent,0.13218462467193604,1.0,nan,alarm,persistent,0.11997900158166885,1.0,nan,alarm,persistent,0.10046818107366562,1.0,nan,alarm,persistent,0.11228261142969131,1.0,nan,alarm
soft_medium,neither,90113,False,False,,1.0,0.0,,0.0,60,False,nan,nan,alarm,persistent,0.12916943430900574,1.0,nan,alarm,persistent,0.11205939203500748,1.0,nan,alarm,persistent,0.10542924702167511,1.0,nan,alarm,persistent,0.09964188933372498,1.0,nan,alarm
soft_medium,neither,90114,False,False,,1.0,0.0,,0.0,65,False,nan,nan,alarm,persistent,0.1156289204955101,1.0,nan,alarm,persistent,0.11031434684991837,1.0,nan,alarm,persistent,0.10686665773391724,1.0,nan,alarm,persistent,0.08739618211984634,1.0,nan,alarm
soft_medium,neither,90115,False,False,,1.0,0.0,,0.0,77,False,nan,nan,alarm,persistent,0.1102914810180664,1.0,nan,alarm,persistent,0.10808669030666351,1.0,nan,alarm,persistent,0.11837880313396454,1.0,nan,alarm,persistent,0.08449383825063705,1.0,nan,alarm
soft_medium,neither,90116,False,False,,1.0,0.0,,0.0,75,False,nan,nan,alarm,persistent,0.14085181057453156,1.0,nan,alarm,persistent,0.12319859117269516,1.0,nan,alarm,persistent,0.11988302320241928,1.0,nan,alarm,persistent,0.09920807182788849,1.0,nan,alarm
soft_medium,neither,90117,False,False,,1.0,0.0,,0.0,79,False,nan,nan,alarm,persistent,0.11695017665624619,1.0,nan,alarm,persistent,0.10769069194793701,1.0,nan,alarm,persistent,0.11740952730178833,1.0,nan,alarm,persistent,0.09905606508255005,1.0,nan,alarm
soft_medium,neither,90118,False,False,,1.0,0.0,,0.0,68,False,nan,nan,alarm,persistent,0.12174572050571442,1.0,nan,alarm,persistent,0.11337415128946304,1.0,nan,alarm,persistent,0.10770444571971893,1.0,nan,alarm,persistent,0.11222617328166962,1.0,nan,alarm
soft_medium,neither,90119,False,False,,1.0,0.0,,0.0,69,False,nan,nan,alarm,persistent,0.1263938695192337,1.0,nan,alarm,persistent,0.10423292219638824,1.0,nan,alarm,persistent,0.11905239522457123,1.0,nan,alarm,persistent,0.11095567792654037,1.0,nan,alarm
soft_medium,body_only,90120,True,False,m,1.5891995503048728,0.0,,0.0,74,False,nan,nan,alarm,persistent,0.09477250277996063,1.0,nan,alarm,persistent,0.0989275723695755,1.0,nan,alarm,persistent,0.10053814947605133,1.0,nan,alarm,persistent,0.11594028770923615,1.0,nan,alarm
soft_medium,body_only,90121,True,False,l,1.4812383451425903,0.0,,0.0,60,False,nan,nan,alarm,persistent,0.11953596025705338,1.0,nan,alarm,persistent,0.10582752525806427,1.0,nan,alarm,persistent,0.10349977016448975,1.0,nan,alarm,persistent,0.14236320555210114,1.0,nan,alarm
soft_medium,body_only,90122,True,False,m,1.577333311441059,0.0,,0.0,60,False,nan,nan,alarm,persistent,0.11843385547399521,1.0,nan,alarm,persistent,0.10923802852630615,1.0,nan,alarm,persistent,0.09950447082519531,1.0,nan,alarm,persistent,0.13618479669094086,1.0,nan,alarm
soft_medium,body_only,90123,True,False,l,1.2659873041674827,0.0,,0.0,78,False,nan,nan,alarm,persistent,0.11421267688274384,1.0,nan,alarm,persistent,0.11023352295160294,1.0,nan,alarm,persistent,0.10687410831451416,1.0,nan,alarm,persistent,0.11548773944377899,1.0,nan,alarm
soft_medium,body_only,90124,True,False,m,1.4143549642821072,0.0,,0.0,79,False,nan,nan,alarm,persistent,0.12836875021457672,1.0,nan,alarm,persistent,0.11361849308013916,1.0,nan,alarm,persistent,0.11654257774353027,1.0,nan,alarm,persistent,0.11219296604394913,1.0,nan,alarm
soft_medium,body_only,90125,True,False,l,1.4086180240535773,0.0,,0.0,63,False,nan,nan,alarm,persistent,0.12089314311742783,1.0,nan,alarm,persistent,0.11319603770971298,1.0,nan,alarm,persistent,0.1202959269285202,1.0,nan,alarm,persistent,0.13237795233726501,1.0,nan,alarm
soft_medium,body_only,90126,True,False,m,1.6448408546174003,0.0,,0.0,68,False,nan,nan,alarm,persistent,0.09687034040689468,1.0,nan,alarm,persistent,0.10022922605276108,1.0,nan,alarm,persistent,0.08028583228588104,1.0,nan,alarm,persistent,0.11921288073062897,1.0,nan,alarm
soft_medium,body_only,90127,True,False,l,1.4986137896780058,0.0,,0.0,61,False,nan,nan,alarm,persistent,0.11560402065515518,1.0,nan,alarm,persistent,0.1166762113571167,1.0,nan,alarm,persistent,0.11091618239879608,1.0,nan,alarm,persistent,0.1173953041434288,1.0,nan,alarm
soft_medium,body_only,90128,True,False,m,1.416558817025714,0.0,,0.0,64,False,nan,nan,alarm,persistent,0.10676948726177216,1.0,nan,alarm,persistent,0.09388893842697144,1.0,nan,alarm,persistent,0.09212494641542435,1.0,nan,alarm,persistent,0.11587782949209213,1.0,nan,alarm
soft_medium,body_only,90129,True,False,l,1.38378853736242,0.0,,0.0,68,False,nan,nan,alarm,persistent,0.10232412815093994,1.0,nan,alarm,persistent,0.1012253537774086,1.0,nan,alarm,persistent,0.09581337124109268,1.0,nan,alarm,persistent,0.12061204761266708,1.0,nan,alarm
soft_medium,body_only,90130,True,False,m,1.4756383192437175,0.0,,0.0,71,False,nan,nan,alarm,persistent,0.13764576613903046,1.0,nan,alarm,persistent,0.12022139132022858,1.0,nan,alarm,persistent,0.11839348077774048,1.0,nan,alarm,persistent,0.12443138659000397,1.0,nan,alarm
soft_medium,body_only,90131,True,False,l,1.3606013397692742,0.0,,0.0,80,False,nan,nan,alarm,persistent,0.10387556254863739,1.0,nan,alarm,persistent,0.10415226221084595,1.0,nan,alarm,persistent,0.10727062076330185,1.0,nan,alarm,persistent,0.11268264055252075,1.0,nan,alarm
soft_medium,body_only,90132,True,False,m,1.3052923183294922,0.0,,0.0,64,False,nan,nan,alarm,persistent,0.12350289523601532,1.0,nan,alarm,persistent,0.10911788791418076,1.0,nan,alarm,persistent,0.11151127517223358,1.0,nan,alarm,persistent,0.09923498332500458,1.0,nan,alarm
soft_medium,body_only,90133,True,False,l,1.3207448067237653,0.0,,0.0,67,False,nan,nan,alarm,persistent,0.11364567279815674,1.0,nan,alarm,persistent,0.11386529356241226,1.0,nan,alarm,persistent,0.10529843717813492,1.0,nan,alarm,persistent,0.11740648746490479,1.0,nan,alarm
soft_medium,body_only,90134,True,False,m,1.4561368550822151,0.0,,0.0,64,False,nan,nan,alarm,persistent,0.13097749650478363,1.0,nan,alarm,persistent,0.11436239629983902,1.0,nan,alarm,persistent,0.0979519933462143,1.0,nan,alarm,persistent,0.1031332015991211,1.0,nan,alarm
soft_medium,body_only,90135,True,False,l,1.4036352699808552,0.0,,0.0,79,False,nan,nan,alarm,persistent,0.09691565483808517,1.0,nan,alarm,persistent,0.08145757019519806,1.0,nan,alarm,persistent,0.09370128810405731,1.0,nan,alarm,persistent,0.13407745957374573,1.0,nan,alarm
soft_medium,body_only,90136,True,False,m,1.3752498406372067,0.0,,0.0,68,False,nan,nan,alarm,persistent,0.1163281798362732,1.0,nan,alarm,persistent,0.10392342507839203,1.0,nan,alarm,persistent,0.10430727154016495,1.0,nan,alarm,persistent,0.1121055856347084,1.0,nan,alarm
soft_medium,body_only,90137,True,False,l,1.3180944856558197,0.0,,0.0,66,False,nan,nan,alarm,persistent,0.11911369860172272,1.0,nan,alarm,persistent,0.11229147017002106,1.0,nan,alarm,persistent,0.10579492896795273,1.0,nan,alarm,persistent,0.113425113260746,1.0,nan,alarm
soft_medium,body_only,90138,True,False,m,1.3737292058898571,0.0,,0.0,76,False,nan,nan,alarm,persistent,0.13469257950782776,1.0,nan,alarm,persistent,0.11139364540576935,1.0,nan,alarm,persistent,0.10669126361608505,1.0,nan,alarm,persistent,0.10613091289997101,1.0,nan,alarm
soft_medium,body_only,90139,True,False,l,1.2231365368057392,0.0,,0.0,78,False,nan,nan,alarm,persistent,0.112052321434021,1.0,nan,alarm,persistent,0.10501642525196075,1.0,nan,alarm,persistent,0.09350885450839996,1.0,nan,alarm,persistent,0.10435309261083603,1.0,nan,alarm
soft_medium,body_only,90140,True,False,m,1.5903123576273737,0.0,,0.0,77,False,nan,nan,alarm,persistent,0.11228356510400772,1.0,nan,alarm,persistent,0.10492737591266632,1.0,nan,alarm,persistent,0.11012587696313858,1.0,nan,alarm,persistent,0.12702545523643494,1.0,nan,alarm
soft_medium,body_only,90141,True,False,l,1.3983126255738383,0.0,,0.0,68,False,nan,nan,alarm,persistent,0.11982972919940948,1.0,nan,alarm,persistent,0.12053438276052475,1.0,nan,alarm,persistent,0.12038885056972504,1.0,nan,alarm,persistent,0.12944045662879944,1.0,nan,alarm
soft_medium,body_only,90142,True,False,m,1.5588960124158446,0.0,,0.0,77,False,nan,nan,alarm,persistent,0.10748063027858734,1.0,nan,alarm,persistent,0.10298784077167511,1.0,nan,alarm,persistent,0.11123000085353851,1.0,nan,alarm,persistent,0.13540492951869965,1.0,nan,alarm
soft_medium,body_only,90143,True,False,l,1.3381767659159343,0.0,,0.0,76,False,nan,nan,alarm,persistent,0.09404735267162323,1.0,nan,alarm,persistent,0.09744041413068771,1.0,nan,alarm,persistent,0.0930471271276474,1.0,nan,alarm,persistent,0.10419605672359467,1.0,nan,alarm
soft_medium,body_only,90144,True,False,m,1.4340779419258376,0.0,,0.0,78,False,nan,nan,alarm,persistent,0.10156985372304916,1.0,nan,alarm,persistent,0.09461783617734909,1.0,nan,alarm,persistent,0.104989193379879,1.0,nan,alarm,persistent,0.11420045047998428,1.0,nan,alarm
soft_medium,body_only,90145,True,False,l,1.3732457116762027,0.0,,0.0,79,False,nan,nan,alarm,persistent,0.10038439929485321,1.0,nan,alarm,persistent,0.10808900743722916,1.0,nan,alarm,persistent,0.10804684460163116,1.0,nan,alarm,persistent,0.1341777741909027,1.0,nan,alarm
soft_medium,body_only,90146,True,False,m,1.4659264726975494,0.0,,0.0,73,False,nan,nan,alarm,persistent,0.1115850955247879,1.0,nan,alarm,persistent,0.10712414979934692,1.0,nan,alarm,persistent,0.09287246316671371,1.0,nan,alarm,persistent,0.12413600832223892,1.0,nan,alarm
soft_medium,body_only,90147,True,False,l,1.3697174281168265,0.0,,0.0,61,False,nan,nan,alarm,persistent,0.11570598185062408,1.0,nan,alarm,persistent,0.11036679893732071,1.0,nan,alarm,persistent,0.10060892254114151,1.0,nan,alarm,persistent,0.11369888484477997,1.0,nan,alarm
soft_medium,body_only,90148,True,False,m,1.3038571531689942,0.0,,0.0,77,False,nan,nan,alarm,persistent,0.114749476313591,1.0,nan,alarm,persistent,0.12000250816345215,1.0,nan,alarm,persistent,0.10850546509027481,1.0,nan,alarm,persistent,0.10688066482543945,1.0,nan,alarm
soft_medium,body_only,90149,True,False,l,1.2823864181574816,0.0,,0.0,69,False,nan,nan,alarm,persistent,0.12279509007930756,1.0,nan,alarm,persistent,0.10830120742321014,1.0,nan,alarm,persistent,0.11445312201976776,1.0,nan,alarm,persistent,0.12970270216464996,1.0,nan,alarm
soft_medium,body_only,90150,True,False,m,1.371260065573264,0.0,,0.0,77,False,nan,nan,alarm,persistent,0.09989754855632782,1.0,nan,alarm,persistent,0.10389755666255951,1.0,nan,alarm,persistent,0.09328489750623703,1.0,nan,alarm,persistent,0.10475559532642365,1.0,nan,alarm
soft_medium,body_only,90151,True,False,l,1.2751118713228489,0.0,,0.0,67,False,nan,nan,alarm,persistent,0.12700945138931274,1.0,nan,alarm,persistent,0.11440274864435196,1.0,nan,alarm,persistent,0.12262731790542603,1.0,nan,alarm,persistent,0.11302699893712997,1.0,nan,alarm
soft_medium,body_only,90152,True,False,m,1.3717293620024857,0.0,,0.0,77,False,nan,nan,alarm,persistent,0.10479576885700226,1.0,nan,alarm,persistent,0.09860245138406754,1.0,nan,alarm,persistent,0.09917867928743362,1.0,nan,alarm,persistent,0.10339657962322235,1.0,nan,alarm
soft_medium,body_only,90153,True,False,l,1.3777582765834164,0.0,,0.0,63,False,nan,nan,alarm,persistent,0.10713623464107513,1.0,nan,alarm,persistent,0.10381023585796356,1.0,nan,alarm,persistent,0.0980333536863327,1.0,nan,alarm,persistent,0.142865851521492,1.0,nan,alarm
soft_medium,body_only,90154,True,False,m,1.3240528558094946,0.0,,0.0,61,False,nan,nan,alarm,persistent,0.1235540360212326,1.0,nan,alarm,persistent,0.12366688251495361,1.0,nan,alarm,persistent,0.10898172855377197,1.0,nan,alarm,persistent,0.11713828146457672,1.0,nan,alarm
soft_medium,body_only,90155,True,False,l,1.2616156540457863,0.0,,0.0,75,False,nan,nan,alarm,persistent,0.10990836471319199,1.0,nan,alarm,persistent,0.10005875676870346,1.0,nan,alarm,persistent,0.09344233572483063,1.0,nan,alarm,persistent,0.10058456659317017,1.0,nan,alarm
soft_medium,body_only,90156,True,False,m,1.53054519222226,0.0,,0.0,80,False,nan,nan,alarm,persistent,0.0922626331448555,1.0,nan,alarm,persistent,0.09706991910934448,1.0,nan,alarm,persistent,0.09378941357135773,1.0,nan,alarm,persistent,0.12084343284368515,1.0,nan,alarm
soft_medium,body_only,90157,True,False,l,1.488929027680533,0.0,,0.0,67,False,nan,nan,alarm,persistent,0.11802701652050018,1.0,nan,alarm,persistent,0.10309062898159027,1.0,nan,alarm,persistent,0.10027585178613663,1.0,nan,alarm,persistent,0.1352643519639969,1.0,nan,alarm
soft_medium,body_only,90158,True,False,m,1.4010988441285952,0.0,,0.0,76,False,nan,nan,alarm,persistent,0.10771474987268448,1.0,nan,alarm,persistent,0.10325296223163605,1.0,nan,alarm,persistent,0.10212914645671844,1.0,nan,alarm,persistent,0.07665002346038818,1.0,nan,alarm
soft_medium,body_only,90159,True,False,l,1.3983826888544335,0.0,,0.0,76,False,nan,nan,alarm,persistent,0.10576055943965912,1.0,nan,alarm,persistent,0.10893072187900543,1.0,nan,alarm,persistent,0.10140570253133774,1.0,nan,alarm,persistent,0.13525128364562988,1.0,nan,alarm
soft_medium,body_only,90160,True,False,m,1.6346395142175347,0.0,,0.0,78,False,nan,nan,alarm,persistent,0.09820481389760971,1.0,nan,alarm,persistent,0.08502329140901566,1.0,nan,alarm,persistent,0.08515025675296783,1.0,nan,alarm,persistent,0.12185521423816681,1.0,nan,alarm
soft_medium,body_only,90161,True,False,l,1.4627355647267428,0.0,,0.0,75,False,nan,nan,alarm,persistent,0.12465529143810272,1.0,nan,alarm,persistent,0.11270900070667267,1.0,nan,alarm,persistent,0.1128525361418724,1.0,nan,alarm,persistent,0.14154347777366638,1.0,nan,alarm
soft_medium,body_only,90162,True,False,m,1.3110427449584228,0.0,,0.0,70,False,nan,nan,alarm,persistent,0.097164586186409,1.0,nan,alarm,persistent,0.09987684339284897,1.0,nan,alarm,persistent,0.09427250921726227,1.0,nan,alarm,persistent,0.10488536208868027,1.0,nan,alarm
soft_medium,body_only,90163,True,False,l,1.4308898612160117,0.0,,0.0,78,False,nan,nan,alarm,persistent,0.11127202212810516,1.0,nan,alarm,persistent,0.09984099119901657,1.0,nan,alarm,persistent,0.11455843597650528,1.0,nan,alarm,persistent,0.13735568523406982,1.0,nan,alarm
soft_medium,body_only,90164,True,False,m,1.439856144676443,0.0,,0.0,68,False,nan,nan,alarm,persistent,0.10756244510412216,1.0,nan,alarm,persistent,0.10427107661962509,1.0,nan,alarm,persistent,0.10007629543542862,1.0,nan,alarm,persistent,0.0962664783000946,1.0,nan,alarm
soft_medium,body_only,90165,True,False,l,1.2997648895781109,0.0,,0.0,62,False,nan,nan,alarm,persistent,0.11978653818368912,1.0,nan,alarm,persistent,0.11735977232456207,1.0,nan,alarm,persistent,0.11696583032608032,1.0,nan,alarm,persistent,0.12319929897785187,1.0,nan,alarm
soft_medium,body_only,90166,True,False,m,1.679679815459025,0.0,,0.0,64,False,nan,nan,alarm,persistent,0.10975327342748642,1.0,nan,alarm,persistent,0.11136128008365631,1.0,nan,alarm,persistent,0.09588142484426498,1.0,nan,alarm,persistent,0.10952874273061752,1.0,nan,alarm
soft_medium,body_only,90167,True,False,l,1.3590101711106688,0.0,,0.0,72,False,nan,nan,alarm,persistent,0.11361820995807648,1.0,nan,alarm,persistent,0.10533014684915543,1.0,nan,alarm,persistent,0.0904722660779953,1.0,nan,alarm,persistent,0.1132499948143959,1.0,nan,alarm
soft_medium,body_only,90168,True,False,m,1.6457533914678304,0.0,,0.0,77,False,nan,nan,alarm,persistent,0.13519951701164246,1.0,nan,alarm,persistent,0.13431057333946228,1.0,nan,alarm,persistent,0.10941964387893677,1.0,nan,alarm,persistent,0.1399179995059967,1.0,nan,alarm
soft_medium,body_only,90169,True,False,l,1.372684860076075,0.0,,0.0,63,False,nan,nan,alarm,persistent,0.12129728496074677,1.0,nan,alarm,persistent,0.10674917697906494,1.0,nan,alarm,persistent,0.10895451158285141,1.0,nan,alarm,persistent,0.1250126212835312,1.0,nan,alarm
soft_medium,body_only,90170,True,False,m,1.5110806219967274,0.0,,0.0,77,False,nan,nan,alarm,persistent,0.12162593752145767,1.0,nan,alarm,persistent,0.10493558645248413,1.0,nan,alarm,persistent,0.09627018123865128,1.0,nan,alarm,persistent,0.11375013738870621,1.0,nan,alarm
soft_medium,body_only,90171,True,False,l,1.3393346079674444,0.0,,0.0,80,False,nan,nan,alarm,persistent,0.11072764545679092,1.0,nan,alarm,persistent,0.09533075988292694,1.0,nan,alarm,persistent,0.09567312896251678,1.0,nan,alarm,persistent,0.11386926472187042,1.0,nan,alarm
soft_medium,body_only,90172,True,False,m,1.5992541406103382,0.0,,0.0,69,False,nan,nan,alarm,persistent,0.08742544800043106,1.0,nan,alarm,persistent,0.0869569405913353,1.0,nan,alarm,persistent,0.10255024582147598,1.0,nan,alarm,persistent,0.12747074663639069,1.0,nan,alarm
soft_medium,body_only,90173,True,False,l,1.2909310796297793,0.0,,0.0,74,False,nan,nan,alarm,persistent,0.09857922792434692,1.0,nan,alarm,persistent,0.09372939169406891,1.0,nan,alarm,persistent,0.11405222117900848,1.0,nan,alarm,persistent,0.10632024705410004,1.0,nan,alarm
soft_medium,body_only,90174,True,False,m,1.4992846063269814,0.0,,0.0,60,False,nan,nan,alarm,persistent,0.09532460570335388,1.0,nan,alarm,persistent,0.09389044344425201,1.0,nan,alarm,persistent,0.09128204733133316,1.0,nan,alarm,persistent,0.0926683321595192,1.0,nan,alarm
soft_medium,body_only,90175,True,False,l,1.375063495490151,0.0,,0.0,67,False,nan,nan,alarm,persistent,0.11126474291086197,1.0,nan,alarm,persistent,0.11695095151662827,1.0,nan,alarm,persistent,0.112118199467659,1.0,nan,alarm,persistent,0.1168157234787941,1.0,nan,alarm
soft_medium,body_only,90176,True,False,m,1.3570155774731387,0.0,,0.0,71,False,nan,nan,alarm,persistent,0.126127690076828,1.0,nan,alarm,persistent,0.113491490483284,1.0,nan,alarm,persistent,0.11326761543750763,1.0,nan,alarm,persistent,0.0978667214512825,1.0,nan,alarm
soft_medium,body_only,90177,True,False,l,1.2641200458110455,0.0,,0.0,62,False,nan,nan,alarm,persistent,0.12217070907354355,1.0,nan,alarm,persistent,0.10896716266870499,1.0,nan,alarm,persistent,0.11208595335483551,1.0,nan,alarm,persistent,0.12890414893627167,1.0,nan,alarm
soft_medium,body_only,90178,True,False,m,1.5240608064758356,0.0,,0.0,68,False,nan,nan,alarm,persistent,0.11025848239660263,1.0,nan,alarm,persistent,0.10731550306081772,1.0,nan,alarm,persistent,0.10542303323745728,1.0,nan,alarm,persistent,0.1262996643781662,1.0,nan,alarm
soft_medium,body_only,90179,True,False,l,1.4207768660969622,0.0,,0.0,63,False,nan,nan,alarm,persistent,0.1087661162018776,1.0,nan,alarm,persistent,0.10768230259418488,1.0,nan,alarm,persistent,0.09614542126655579,1.0,nan,alarm,persistent,0.12646058201789856,1.0,nan,alarm
soft_medium,body_only,90180,True,False,m,1.6834084531201725,0.0,,0.0,70,False,nan,nan,alarm,persistent,0.09659536182880402,1.0,nan,alarm,persistent,0.08752436190843582,1.0,nan,alarm,persistent,0.09436845779418945,1.0,nan,alarm,persistent,0.12543199956417084,1.0,nan,alarm
soft_medium,body_only,90181,True,False,l,1.3164236438723707,0.0,,0.0,75,False,nan,nan,alarm,persistent,0.1000286340713501,1.0,nan,alarm,persistent,0.10216651111841202,1.0,nan,alarm,persistent,0.10158000886440277,1.0,nan,alarm,persistent,0.12798580527305603,1.0,nan,alarm
soft_medium,body_only,90182,True,False,m,1.3450601064988406,0.0,,0.0,60,False,nan,nan,alarm,persistent,0.10375436395406723,1.0,nan,alarm,persistent,0.08305695652961731,1.0,nan,alarm,persistent,0.10421671718358994,1.0,nan,alarm,persistent,0.1130986362695694,1.0,nan,alarm
soft_medium,body_only,90183,True,False,l,1.3429357517410216,0.0,,0.0,67,False,nan,nan,alarm,persistent,0.10609520971775055,1.0,nan,alarm,persistent,0.10048826783895493,1.0,nan,alarm,persistent,0.1111624464392662,1.0,nan,alarm,persistent,0.13299909234046936,1.0,nan,alarm
soft_medium,body_only,90184,True,False,m,1.6568892806087865,0.0,,0.0,73,False,nan,nan,alarm,persistent,0.1192418560385704,1.0,nan,alarm,persistent,0.11202719062566757,1.0,nan,alarm,persistent,0.10646910965442657,1.0,nan,alarm,persistent,0.1417241394519806,1.0,nan,alarm
soft_medium,body_only,90185,True,False,l,1.43334245437914,0.0,,0.0,67,False,nan,nan,alarm,persistent,0.10887657105922699,1.0,nan,alarm,persistent,0.1004091277718544,1.0,nan,alarm,persistent,0.10234111547470093,1.0,nan,alarm,persistent,0.12710048258304596,1.0,nan,alarm
soft_medium,body_only,90186,True,False,m,1.6331529059433587,0.0,,0.0,70,False,nan,nan,alarm,persistent,0.09334520995616913,1.0,nan,alarm,persistent,0.09929808229207993,1.0,nan,alarm,persistent,0.09623172134160995,1.0,nan,alarm,persistent,0.12345751374959946,1.0,nan,alarm
soft_medium,body_only,90187,True,False,l,1.3141636302230804,0.0,,0.0,65,False,nan,nan,alarm,persistent,0.11395055055618286,1.0,nan,alarm,persistent,0.11926945298910141,1.0,nan,alarm,persistent,0.10152944177389145,1.0,nan,alarm,persistent,0.11917195469141006,1.0,nan,alarm
soft_medium,body_only,90188,True,False,m,1.68271261290117,0.0,,0.0,72,False,nan,nan,alarm,persistent,0.13432729244232178,1.0,nan,alarm,persistent,0.11222408711910248,1.0,nan,alarm,persistent,0.10280947387218475,1.0,nan,alarm,persistent,0.12035737186670303,1.0,nan,alarm
soft_medium,body_only,90189,True,False,l,1.2673551846296478,0.0,,0.0,69,False,nan,nan,alarm,persistent,0.11606708914041519,1.0,nan,alarm,persistent,0.10979064553976059,1.0,nan,alarm,persistent,0.10773967206478119,1.0,nan,alarm,persistent,0.10382231324911118,1.0,nan,alarm
soft_medium,body_only,90190,True,False,m,1.4616304439624153,0.0,,0.0,61,False,nan,nan,alarm,persistent,0.11886223405599594,1.0,nan,alarm,persistent,0.10472502559423447,1.0,nan,alarm,persistent,0.09821553528308868,1.0,nan,alarm,persistent,0.1142268180847168,1.0,nan,alarm
soft_medium,body_only,90191,True,False,l,1.3598610545526153,0.0,,0.0,75,False,nan,nan,alarm,persistent,0.10980340093374252,1.0,nan,alarm,persistent,0.1082330197095871,1.0,nan,alarm,persistent,0.09972018003463745,1.0,nan,alarm,persistent,0.12471319735050201,1.0,nan,alarm
soft_medium,body_only,90192,True,False,m,1.6394540644586693,0.0,,0.0,73,False,nan,nan,alarm,persistent,0.09863142669200897,1.0,nan,alarm,persistent,0.1001732125878334,1.0,nan,alarm,persistent,0.09796032309532166,1.0,nan,alarm,persistent,0.11189005523920059,1.0,nan,alarm
soft_medium,body_only,90193,True,False,l,1.2806965176607972,0.0,,0.0,79,False,nan,nan,alarm,persistent,0.12346601486206055,1.0,nan,alarm,persistent,0.11740224063396454,1.0,nan,alarm,persistent,0.10582572221755981,1.0,nan,alarm,persistent,0.12139277160167694,1.0,nan,alarm
soft_medium,body_only,90194,True,False,m,1.3882151295384004,0.0,,0.0,72,False,nan,nan,alarm,persistent,0.12533125281333923,1.0,nan,alarm,persistent,0.11678607761859894,1.0,nan,alarm,persistent,0.10775361210107803,1.0,nan,alarm,persistent,0.1194084882736206,1.0,nan,alarm
soft_medium,body_only,90195,True,False,l,1.4070168029723402,0.0,,0.0,68,False,nan,nan,alarm,persistent,0.11531184613704681,1.0,nan,alarm,persistent,0.10585560649633408,1.0,nan,alarm,persistent,0.10584273189306259,1.0,nan,alarm,persistent,0.12829364836215973,1.0,nan,alarm
soft_medium,body_only,90196,True,False,m,1.4747105385822876,0.0,,0.0,78,False,nan,nan,alarm,persistent,0.12485788762569427,1.0,nan,alarm,persistent,0.1252177208662033,1.0,nan,alarm,persistent,0.10322216898202896,1.0,nan,alarm,persistent,0.1058901771903038,1.0,nan,alarm
soft_medium,body_only,90197,True,False,l,1.3111555143573217,0.0,,0.0,62,False,nan,nan,alarm,persistent,0.12261772155761719,1.0,nan,alarm,persistent,0.09613974392414093,1.0,nan,alarm,persistent,0.10581518709659576,1.0,nan,alarm,persistent,0.11424633115530014,1.0,nan,alarm
soft_medium,body_only,90198,True,False,m,1.379640047296776,0.0,,0.0,79,False,nan,nan,alarm,persistent,0.10941407829523087,1.0,nan,alarm,persistent,0.1054321750998497,1.0,nan,alarm,persistent,0.0996476486325264,1.0,nan,alarm,persistent,0.11386245489120483,1.0,nan,alarm
soft_medium,body_only,90199,True,False,l,1.4868269255907973,0.0,,0.0,73,False,nan,nan,alarm,persistent,0.10880632698535919,1.0,nan,alarm,persistent,0.10393919795751572,1.0,nan,alarm,persistent,0.0971391350030899,1.0,nan,alarm,persistent,0.15993136167526245,1.0,nan,alarm
soft_medium,body_only,90200,True,False,m,1.568789452616487,0.0,,0.0,75,False,nan,nan,alarm,persistent,0.1014183983206749,1.0,nan,alarm,persistent,0.11043675988912582,1.0,nan,alarm,persistent,0.10144239664077759,1.0,nan,alarm,persistent,0.1127040758728981,1.0,nan,alarm
soft_medium,body_only,90201,True,False,l,1.237480856854104,0.0,,0.0,74,False,nan,nan,alarm,persistent,0.09621228277683258,1.0,nan,alarm,persistent,0.0966421589255333,1.0,nan,alarm,persistent,0.10613210499286652,1.0,nan,alarm,persistent,0.10295674949884415,1.0,nan,alarm
soft_medium,body_only,90202,True,False,m,1.589816924085751,0.0,,0.0,69,False,nan,nan,alarm,persistent,0.10762576013803482,1.0,nan,alarm,persistent,0.10631740093231201,1.0,nan,alarm,persistent,0.10918603837490082,1.0,nan,alarm,persistent,0.10123704373836517,1.0,nan,alarm
soft_medium,body_only,90203,True,False,l,1.2163108575505985,0.0,,0.0,68,False,nan,nan,alarm,persistent,0.12824611365795135,1.0,nan,alarm,persistent,0.13230569660663605,1.0,nan,alarm,persistent,0.1253620833158493,1.0,nan,alarm,persistent,0.1196518987417221,1.0,nan,alarm
soft_medium,body_only,90204,True,False,m,1.577624770964431,0.0,,0.0,61,False,nan,nan,alarm,persistent,0.1112184077501297,1.0,nan,alarm,persistent,0.11469795554876328,1.0,nan,alarm,persistent,0.10294540226459503,1.0,nan,alarm,persistent,0.13303354382514954,1.0,nan,alarm
soft_medium,body_only,90205,True,False,l,1.3675497082151145,0.0,,0.0,65,False,nan,nan,alarm,persistent,0.11707708984613419,1.0,nan,alarm,persistent,0.10121814161539078,1.0,nan,alarm,persistent,0.09719730913639069,1.0,nan,alarm,persistent,0.11351046711206436,1.0,nan,alarm
soft_medium,body_only,90206,True,False,m,1.5176465510618466,0.0,,0.0,74,False,nan,nan,alarm,persistent,0.09338264167308807,1.0,nan,alarm,persistent,0.0968833789229393,1.0,nan,alarm,persistent,0.10165496170520782,1.0,nan,alarm,persistent,0.10752098262310028,1.0,nan,alarm
soft_medium,body_only,90207,True,False,l,1.2488637580931352,0.0,,0.0,80,False,nan,nan,alarm,persistent,0.12417282164096832,1.0,nan,alarm,persistent,0.13019993901252747,1.0,nan,alarm,persistent,0.1083180159330368,1.0,nan,alarm,persistent,0.12237818539142609,1.0,nan,alarm
soft_medium,body_only,90208,True,False,m,1.4834364114696996,0.0,,0.0,66,False,nan,nan,alarm,persistent,0.10660078376531601,1.0,nan,alarm,persistent,0.10203595459461212,1.0,nan,alarm,persistent,0.09216119349002838,1.0,nan,alarm,persistent,0.1039918065071106,1.0,nan,alarm
soft_medium,body_only,90209,True,False,l,1.263629522578016,0.0,,0.0,60,False,nan,nan,alarm,persistent,0.11544613540172577,1.0,nan,alarm,persistent,0.10495917499065399,1.0,nan,alarm,persistent,0.10465886443853378,1.0,nan,alarm,persistent,0.11847120523452759,1.0,nan,alarm
soft_medium,body_only,90210,True,False,m,1.3346147837212192,0.0,,0.0,73,False,nan,nan,alarm,persistent,0.11735974252223969,1.0,nan,alarm,persistent,0.11295841634273529,1.0,nan,alarm,persistent,0.11404594033956528,1.0,nan,alarm,persistent,0.12828731536865234,1.0,nan,alarm
soft_medium,body_only,90211,True,False,l,1.30656153459059,0.0,,0.0,71,False,nan,nan,alarm,persistent,0.10588480532169342,1.0,nan,alarm,persistent,0.09758607298135757,1.0,nan,alarm,persistent,0.09558971226215363,1.0,nan,alarm,persistent,0.11547911167144775,1.0,nan,alarm
soft_medium,body_only,90212,True,False,m,1.6930851814175538,0.0,,0.0,60,False,nan,nan,alarm,persistent,0.12138278782367706,1.0,nan,alarm,persistent,0.11597305536270142,1.0,nan,alarm,persistent,0.10562209784984589,1.0,nan,alarm,persistent,0.12749603390693665,1.0,nan,alarm
soft_medium,body_only,90213,True,False,l,1.3559979569855254,0.0,,0.0,66,False,nan,nan,alarm,persistent,0.1152811050415039,1.0,nan,alarm,persistent,0.09187575429677963,1.0,nan,alarm,persistent,0.0961996391415596,1.0,nan,alarm,persistent,0.10276708751916885,1.0,nan,alarm
soft_medium,body_only,90214,True,False,m,1.3935857870234445,0.0,,0.0,60,False,nan,nan,alarm,persistent,0.11791054904460907,1.0,nan,alarm,persistent,0.11019909381866455,1.0,nan,alarm,persistent,0.09245359897613525,1.0,nan,alarm,persistent,0.11417128890752792,1.0,nan,alarm
soft_medium,body_only,90215,True,False,l,1.3131198647094737,0.0,,0.0,80,False,nan,nan,alarm,persistent,0.11099253594875336,1.0,nan,alarm,persistent,0.10140864551067352,1.0,nan,alarm,persistent,0.10119769722223282,1.0,nan,alarm,persistent,0.12449370324611664,1.0,nan,alarm
soft_medium,body_only,90216,True,False,m,1.681261135717984,0.0,,0.0,66,False,nan,nan,alarm,persistent,0.11155402660369873,1.0,nan,alarm,persistent,0.09858205169439316,1.0,nan,alarm,persistent,0.08593903481960297,1.0,nan,alarm,persistent,0.12761856615543365,1.0,nan,alarm
soft_medium,body_only,90217,True,False,l,1.413471960665546,0.0,,0.0,75,False,nan,nan,alarm,persistent,0.09599368274211884,1.0,nan,alarm,persistent,0.08856027573347092,1.0,nan,alarm,persistent,0.09256748855113983,1.0,nan,alarm,persistent,0.11620096862316132,1.0,nan,alarm
soft_medium,body_only,90218,True,False,m,1.584896311018346,0.0,,0.0,74,False,nan,nan,alarm,persistent,0.1135895624756813,1.0,nan,alarm,persistent,0.11032183468341827,1.0,nan,alarm,persistent,0.09890416264533997,1.0,nan,alarm,persistent,0.14460234344005585,1.0,nan,alarm
soft_medium,body_only,90219,True,False,l,1.3119810143159762,0.0,,0.0,70,False,nan,nan,alarm,persistent,0.10187266767024994,1.0,nan,alarm,persistent,0.0983114019036293,1.0,nan,alarm,persistent,0.10489405691623688,1.0,nan,alarm,persistent,0.12010180950164795,1.0,nan,alarm
soft_medium,body_only,90220,True,False,m,1.300500753923412,0.0,,0.0,65,False,nan,nan,alarm,persistent,0.10626071691513062,1.0,nan,alarm,persistent,0.11004628986120224,1.0,nan,alarm,persistent,0.10404219478368759,1.0,nan,alarm,persistent,0.10957912355661392,1.0,nan,alarm
soft_medium,body_only,90221,True,False,l,1.325946290087466,0.0,,0.0,69,False,nan,nan,alarm,persistent,0.10102905333042145,1.0,nan,alarm,persistent,0.09519937634468079,1.0,nan,alarm,persistent,0.09656434506177902,1.0,nan,alarm,persistent,0.11603327840566635,1.0,nan,alarm
soft_medium,body_only,90222,True,False,m,1.3799548422979533,0.0,,0.0,63,False,nan,nan,alarm,persistent,0.11512937396764755,1.0,nan,alarm,persistent,0.11270900070667267,1.0,nan,alarm,persistent,0.10670299828052521,1.0,nan,alarm,persistent,0.11217796802520752,1.0,nan,alarm
soft_medium,body_only,90223,True,False,l,1.2088747342560058,0.0,,0.0,66,False,nan,nan,alarm,persistent,0.12253952026367188,1.0,nan,alarm,persistent,0.10329480469226837,1.0,nan,alarm,persistent,0.10798788070678711,1.0,nan,alarm,persistent,0.10750432312488556,1.0,nan,alarm
soft_medium,body_only,90224,True,False,m,1.3689372681649405,0.0,,0.0,67,False,nan,nan,alarm,persistent,0.11992867290973663,1.0,nan,alarm,persistent,0.11781364679336548,1.0,nan,alarm,persistent,0.11801427602767944,1.0,nan,alarm,persistent,0.11901335418224335,1.0,nan,alarm
soft_medium,body_only,90225,True,False,l,1.4190999555086545,0.0,,0.0,76,False,nan,nan,alarm,persistent,0.11064553260803223,1.0,nan,alarm,persistent,0.10228999704122543,1.0,nan,alarm,persistent,0.08708752691745758,1.0,nan,alarm,persistent,0.1324685513973236,1.0,nan,alarm
soft_medium,body_only,90226,True,False,m,1.3666051873938825,0.0,,0.0,68,False,nan,nan,alarm,persistent,0.09935106337070465,1.0,nan,alarm,persistent,0.09379766881465912,1.0,nan,alarm,persistent,0.0872168093919754,1.0,nan,alarm,persistent,0.10204200446605682,1.0,nan,alarm
soft_medium,body_only,90227,True,False,l,1.2089853713110907,0.0,,0.0,76,False,nan,nan,alarm,persistent,0.11098537594079971,1.0,nan,alarm,persistent,0.10060600936412811,1.0,nan,alarm,persistent,0.09496523439884186,1.0,nan,alarm,persistent,0.11523135751485825,1.0,nan,alarm
soft_medium,body_only,90228,True,False,m,1.3941552835422104,0.0,,0.0,76,False,nan,nan,alarm,persistent,0.1121138334274292,1.0,nan,alarm,persistent,0.10932650417089462,1.0,nan,alarm,persistent,0.10745730251073837,1.0,nan,alarm,persistent,0.11014660447835922,1.0,nan,alarm
soft_medium,body_only,90229,True,False,l,1.4129882265602367,0.0,,0.0,60,False,nan,nan,alarm,persistent,0.11218156665563583,1.0,nan,alarm,persistent,0.09853961318731308,1.0,nan,alarm,persistent,0.1045805960893631,1.0,nan,alarm,persistent,0.13330578804016113,1.0,nan,alarm
soft_medium,body_only,90230,True,False,m,1.387380358400205,0.0,,0.0,62,False,nan,nan,alarm,persistent,0.09750357270240784,1.0,nan,alarm,persistent,0.08212294429540634,1.0,nan,alarm,persistent,0.0908685252070427,1.0,nan,alarm,persistent,0.10799255222082138,1.0,nan,alarm
soft_medium,body_only,90231,True,False,l,1.2736796593502162,0.0,,0.0,79,False,nan,nan,alarm,persistent,0.0987296849489212,1.0,nan,alarm,persistent,0.1023123487830162,1.0,nan,alarm,persistent,0.10230860859155655,1.0,nan,alarm,persistent,0.12403003871440887,1.0,nan,alarm
soft_medium,body_only,90232,True,False,m,1.3398772042708087,0.0,,0.0,65,False,nan,nan,alarm,persistent,0.11839468777179718,1.0,nan,alarm,persistent,0.10884686559438705,1.0,nan,alarm,persistent,0.11432117223739624,1.0,nan,alarm,persistent,0.1069236621260643,1.0,nan,alarm
soft_medium,body_only,90233,True,False,l,1.2151805568406018,0.0,,0.0,74,False,nan,nan,alarm,persistent,0.12105032056570053,1.0,nan,alarm,persistent,0.1037064790725708,1.0,nan,alarm,persistent,0.10186734050512314,1.0,nan,alarm,persistent,0.10687549412250519,1.0,nan,alarm
soft_medium,body_only,90234,True,False,m,1.412785576783788,0.0,,0.0,80,False,nan,nan,alarm,persistent,0.12062342464923859,1.0,nan,alarm,persistent,0.11796921491622925,1.0,nan,alarm,persistent,0.1001705676317215,1.0,nan,alarm,persistent,0.11762382090091705,1.0,nan,alarm
soft_medium,body_only,90235,True,False,l,1.4243033807217698,0.0,,0.0,60,False,nan,nan,alarm,persistent,0.11456583440303802,1.0,nan,alarm,persistent,0.11102120578289032,1.0,nan,alarm,persistent,0.09922803938388824,1.0,nan,alarm,persistent,0.12472126632928848,1.0,nan,alarm
soft_medium,body_only,90236,True,False,m,1.6997035312296203,0.0,,0.0,64,False,nan,nan,alarm,persistent,0.12481270730495453,1.0,nan,alarm,persistent,0.11449974775314331,1.0,nan,alarm,persistent,0.11237726360559464,1.0,nan,alarm,persistent,0.15045621991157532,1.0,nan,alarm
soft_medium,body_only,90237,True,False,l,1.376968432617344,0.0,,0.0,75,False,nan,nan,alarm,persistent,0.12952359020709991,1.0,nan,alarm,persistent,0.12503965198993683,1.0,nan,alarm,persistent,0.10853876173496246,1.0,nan,alarm,persistent,0.10912009328603745,1.0,nan,alarm
soft_medium,body_only,90238,True,False,m,1.5968317899030746,0.0,,0.0,62,False,nan,nan,alarm,persistent,0.11205898225307465,1.0,nan,alarm,persistent,0.1034788265824318,1.0,nan,alarm,persistent,0.09193547815084457,1.0,nan,alarm,persistent,0.1170213595032692,1.0,nan,alarm
soft_medium,body_only,90239,True,False,l,1.3434682340044826,0.0,,0.0,67,False,nan,nan,alarm,persistent,0.11913740634918213,1.0,nan,alarm,persistent,0.11008570343255997,1.0,nan,alarm,persistent,0.11174283176660538,1.0,nan,alarm,persistent,0.1416502296924591,1.0,nan,alarm
soft_medium,world_only,90240,False,True,,1.0,1.0,short,-0.05,59,False,nan,nan,alarm,persistent,0.1360878199338913,1.0,nan,alarm,persistent,0.12722575664520264,1.0,nan,alarm,persistent,0.1092413067817688,1.0,nan,alarm,persistent,0.09812818467617035,1.0,nan,alarm
soft_medium,world_only,90241,False,True,,1.0,1.0,medium,0.1,75,False,nan,nan,alarm,persistent,0.12152433395385742,1.0,nan,alarm,persistent,0.1342480480670929,1.0,nan,alarm,persistent,0.12430979311466217,1.0,nan,alarm,persistent,0.11361892521381378,1.0,nan,alarm
soft_medium,world_only,90242,False,True,,1.0,-2.0,short,0.2,69,False,nan,nan,alarm,persistent,0.10778200626373291,1.0,nan,alarm,persistent,0.10949474573135376,1.0,nan,alarm,persistent,0.10664472728967667,1.0,nan,alarm,persistent,0.10274038463830948,1.0,nan,alarm
soft_medium,world_only,90243,False,True,,1.0,2.0,medium,0.05,68,False,nan,nan,alarm,persistent,0.13088612258434296,1.0,nan,alarm,persistent,0.11252079904079437,1.0,nan,alarm,persistent,0.1283527910709381,1.0,nan,alarm,persistent,0.11167402565479279,1.0,nan,alarm
soft_medium,world_only,90244,False,True,,1.0,-4.0,short,0.05,65,False,nan,nan,alarm,persistent,0.12451648712158203,1.0,nan,alarm,persistent,0.12245551496744156,1.0,nan,alarm,persistent,0.12590540945529938,1.0,nan,alarm,persistent,0.10256929695606232,1.0,nan,alarm
soft_medium,world_only,90245,False,True,,1.0,4.0,medium,0.25,65,False,nan,nan,alarm,persistent,0.11839473247528076,1.0,nan,alarm,persistent,0.10661814361810684,1.0,nan,alarm,persistent,0.10530155897140503,1.0,nan,alarm,persistent,0.09657761454582214,1.0,nan,alarm
soft_medium,world_only,90246,False,True,,1.0,-1.0,short,0.1,75,False,nan,nan,alarm,persistent,0.11612154543399811,1.0,nan,alarm,persistent,0.1146392971277237,1.0,nan,alarm,persistent,0.09962265938520432,1.0,nan,alarm,persistent,0.10083277523517609,1.0,nan,alarm
soft_medium,world_only,90247,False,True,,1.0,-1.0,medium,-0.15000000000000002,77,False,nan,nan,alarm,persistent,0.1166830062866211,1.0,nan,alarm,persistent,0.11578544229269028,1.0,nan,alarm,persistent,0.124586321413517,1.0,nan,alarm,persistent,0.11532584577798843,1.0,nan,alarm
soft_medium,world_only,90248,False,True,,1.0,-2.0,short,0.15000000000000002,70,False,nan,nan,alarm,persistent,0.11819678544998169,1.0,nan,alarm,persistent,0.1057528704404831,1.0,nan,alarm,persistent,0.1078609973192215,1.0,nan,alarm,persistent,0.08506517112255096,1.0,nan,alarm
soft_medium,world_only,90249,False,True,,1.0,2.0,medium,-0.25,60,False,nan,nan,alarm,persistent,0.1282448172569275,1.0,nan,alarm,persistent,0.13330596685409546,1.0,nan,alarm,persistent,0.1256599724292755,1.0,nan,alarm,persistent,0.1025373712182045,1.0,nan,alarm
soft_medium,world_only,90250,False,True,,1.0,4.0,short,0.05,68,False,nan,nan,alarm,persistent,0.1251300573348999,1.0,nan,alarm,persistent,0.12096583843231201,1.0,nan,alarm,persistent,0.11857253313064575,1.0,nan,alarm,persistent,0.0920194685459137,1.0,nan,alarm
soft_medium,world_only,90251,False,True,,1.0,-4.0,medium,0.15000000000000002,77,False,nan,nan,alarm,persistent,0.11505170911550522,1.0,nan,alarm,persistent,0.12345786392688751,1.0,nan,alarm,persistent,0.13058793544769287,1.0,nan,alarm,persistent,0.09762589633464813,1.0,nan,alarm
soft_medium,world_only,90252,False,True,,1.0,-1.0,short,-0.05,78,False,nan,nan,alarm,persistent,0.13555696606636047,1.0,nan,alarm,persistent,0.11636944860219955,1.0,nan,alarm,persistent,0.12360358238220215,1.0,nan,alarm,persistent,0.10783541202545166,1.0,nan,alarm
soft_medium,world_only,90253,False,True,,1.0,1.0,medium,-0.05,60,False,nan,nan,alarm,persistent,0.11578065156936646,1.0,nan,alarm,persistent,0.09702163934707642,1.0,nan,alarm,persistent,0.10064872354269028,1.0,nan,alarm,persistent,0.09548681974411011,1.0,nan,alarm
soft_medium,world_only,90254,False,True,,1.0,2.0,short,0.1,75,False,nan,nan,alarm,persistent,0.13858243823051453,1.0,nan,alarm,persistent,0.1191847175359726,1.0,nan,alarm,persistent,0.11220042407512665,1.0,nan,alarm,persistent,0.11210732161998749,1.0,nan,alarm
soft_medium,world_only,90255,False,True,,1.0,2.0,medium,0.25,70,False,nan,nan,alarm,persistent,0.11249876022338867,1.0,nan,alarm,persistent,0.12307441234588623,1.0,nan,alarm,persistent,0.12184534966945648,1.0,nan,alarm,persistent,0.11751775443553925,1.0,nan,alarm
soft_medium,world_only,90256,False,True,,1.0,-4.0,short,-0.2,70,False,nan,nan,alarm,persistent,0.12332923710346222,1.0,nan,alarm,persistent,0.11451180279254913,1.0,nan,alarm,persistent,0.11544860899448395,1.0,nan,alarm,persistent,0.09708186984062195,1.0,nan,alarm
soft_medium,world_only,90257,False,True,,1.0,-4.0,medium,-0.05,64,False,nan,nan,alarm,persistent,0.13254103064537048,1.0,nan,alarm,persistent,0.12895676493644714,1.0,nan,alarm,persistent,0.12007099390029907,1.0,nan,alarm,persistent,0.10579514503479004,1.0,nan,alarm
soft_medium,world_only,90258,False,True,,1.0,-1.0,short,0.25,67,False,nan,nan,alarm,persistent,0.10916893184185028,1.0,nan,alarm,persistent,0.10923467576503754,1.0,nan,alarm,persistent,0.10877271741628647,1.0,nan,alarm,persistent,0.08701038360595703,1.0,nan,alarm
soft_medium,world_only,90259,False,True,,1.0,1.0,medium,-0.25,71,False,nan,nan,alarm,persistent,0.11409498751163483,1.0,nan,alarm,persistent,0.11087898164987564,1.0,nan,alarm,persistent,0.1254972666501999,1.0,nan,alarm,persistent,0.11071441322565079,1.0,nan,alarm
soft_medium,world_only,90260,False,True,,1.0,-2.0,short,-0.05,78,False,nan,nan,alarm,persistent,0.11331723630428314,1.0,nan,alarm,persistent,0.12632174789905548,1.0,nan,alarm,persistent,0.09798875451087952,1.0,nan,alarm,persistent,0.09276390075683594,1.0,nan,alarm
soft_medium,world_only,90261,False,True,,1.0,-2.0,medium,0.15000000000000002,76,False,nan,nan,alarm,persistent,0.11012711375951767,1.0,nan,alarm,persistent,0.09838539361953735,1.0,nan,alarm,persistent,0.09584009647369385,1.0,nan,alarm,persistent,0.08384670317173004,1.0,nan,alarm
soft_medium,world_only,90262,False,True,,1.0,-4.0,short,0.1,68,False,nan,nan,alarm,persistent,0.13085149228572845,1.0,nan,alarm,persistent,0.10947243124246597,1.0,nan,alarm,persistent,0.11787943542003632,1.0,nan,alarm,persistent,0.1003475934267044,1.0,nan,alarm
soft_medium,world_only,90263,False,True,,1.0,-4.0,medium,-0.15000000000000002,76,False,nan,nan,alarm,persistent,0.11768312752246857,1.0,nan,alarm,persistent,0.10869570076465607,1.0,nan,alarm,persistent,0.09984751045703888,1.0,nan,alarm,persistent,0.08472940325737,1.0,nan,alarm
soft_medium,world_only,90264,False,True,,1.0,1.0,short,-0.15000000000000002,76,False,nan,nan,alarm,persistent,0.11118598282337189,1.0,nan,alarm,persistent,0.10262355953454971,1.0,nan,alarm,persistent,0.11182592809200287,1.0,nan,alarm,persistent,0.08397355675697327,1.0,nan,alarm
soft_medium,world_only,90265,False,True,,1.0,1.0,medium,-0.05,73,False,nan,nan,alarm,persistent,0.11662423610687256,1.0,nan,alarm,persistent,0.10764024406671524,1.0,nan,alarm,persistent,0.10664568841457367,1.0,nan,alarm,persistent,0.08194010704755783,1.0,nan,alarm
soft_medium,world_only,90266,False,True,,1.0,2.0,short,0.1,80,False,nan,nan,alarm,persistent,0.11644090712070465,1.0,nan,alarm,persistent,0.11544129997491837,1.0,nan,alarm,persistent,0.12044856697320938,1.0,nan,alarm,persistent,0.09875105321407318,1.0,nan,alarm
soft_medium,world_only,90267,False,True,,1.0,2.0,medium,-0.05,73,False,nan,nan,alarm,persistent,0.11583642661571503,1.0,nan,alarm,persistent,0.11267761886119843,1.0,nan,alarm,persistent,0.10015617311000824,1.0,nan,alarm,persistent,0.09410163015127182,1.0,nan,alarm
soft_medium,world_only,90268,False,True,,1.0,-4.0,short,-0.1,69,False,nan,nan,alarm,persistent,0.1423606127500534,1.0,nan,alarm,persistent,0.12599948048591614,1.0,nan,alarm,persistent,0.11119738966226578,1.0,nan,alarm,persistent,0.09346824139356613,1.0,nan,alarm
soft_medium,world_only,90269,False,True,,1.0,4.0,medium,0.0,74,False,nan,nan,alarm,persistent,0.11996158212423325,1.0,nan,alarm,persistent,0.10259087383747101,1.0,nan,alarm,persistent,0.10494444519281387,1.0,nan,alarm,persistent,0.10114376246929169,1.0,nan,alarm
soft_medium,world_only,90270,False,True,,1.0,-1.0,short,0.1,81,False,nan,nan,alarm,persistent,0.13035689294338226,1.0,nan,alarm,persistent,0.12616689503192902,1.0,nan,alarm,persistent,0.10023777186870575,1.0,nan,alarm,persistent,0.09338350594043732,1.0,nan,alarm
soft_medium,world_only,90271,False,True,,1.0,1.0,medium,-0.15000000000000002,77,False,nan,nan,alarm,persistent,0.1291162371635437,1.0,nan,alarm,persistent,0.12246260792016983,1.0,nan,alarm,persistent,0.10532977432012558,1.0,nan,alarm,persistent,0.10395891964435577,1.0,nan,alarm
soft_medium,world_only,90272,False,True,,1.0,-2.0,short,-0.2,58,False,nan,nan,alarm,persistent,0.12447454035282135,1.0,nan,alarm,persistent,0.12766796350479126,1.0,nan,alarm,persistent,0.10904107987880707,1.0,nan,alarm,persistent,0.09629222005605698,1.0,nan,alarm
soft_medium,world_only,90273,False,True,,1.0,2.0,medium,-0.2,71,False,nan,nan,alarm,persistent,0.11889708042144775,1.0,nan,alarm,persistent,0.11536179482936859,1.0,nan,alarm,persistent,0.09821468591690063,1.0,nan,alarm,persistent,0.09982115775346756,1.0,nan,alarm
soft_medium,world_only,90274,False,True,,1.0,4.0,short,-0.15000000000000002,60,False,nan,nan,alarm,persistent,0.10216319561004639,1.0,nan,alarm,persistent,0.10552680492401123,1.0,nan,alarm,persistent,0.09090380370616913,1.0,nan,alarm,persistent,0.09985698759555817,1.0,nan,alarm
soft_medium,world_only,90275,False,True,,1.0,4.0,medium,0.2,76,False,nan,nan,alarm,persistent,0.09418325871229172,1.0,nan,alarm,persistent,0.10595081746578217,1.0,nan,alarm,persistent,0.09605060517787933,1.0,nan,alarm,persistent,0.074094757437706,1.0,nan,alarm
soft_medium,world_only,90276,False,True,,1.0,1.0,short,-0.1,69,False,nan,nan,alarm,persistent,0.11918781697750092,1.0,nan,alarm,persistent,0.1199706569314003,1.0,nan,alarm,persistent,0.11196668446063995,1.0,nan,alarm,persistent,0.09380137920379639,1.0,nan,alarm
soft_medium,world_only,90277,False,True,,1.0,-1.0,medium,0.25,75,False,nan,nan,alarm,persistent,0.1221943348646164,1.0,nan,alarm,persistent,0.11155152320861816,1.0,nan,alarm,persistent,0.11646344512701035,1.0,nan,alarm,persistent,0.09675441682338715,1.0,nan,alarm
soft_medium,world_only,90278,False,True,,1.0,2.0,short,0.2,64,False,nan,nan,alarm,persistent,0.11590319871902466,1.0,nan,alarm,persistent,0.11163097620010376,1.0,nan,alarm,persistent,0.10737361758947372,1.0,nan,alarm,persistent,0.10827819257974625,1.0,nan,alarm
soft_medium,world_only,90279,False,True,,1.0,-2.0,medium,-0.15000000000000002,63,False,nan,nan,alarm,persistent,0.10341189056634903,1.0,nan,alarm,persistent,0.11282719671726227,1.0,nan,alarm,persistent,0.1043759435415268,1.0,nan,alarm,persistent,0.10112740099430084,1.0,nan,alarm
soft_medium,world_only,90280,False,True,,1.0,4.0,short,0.2,77,False,nan,nan,alarm,persistent,0.12175554037094116,1.0,nan,alarm,persistent,0.12103048712015152,1.0,nan,alarm,persistent,0.10362882912158966,1.0,nan,alarm,persistent,0.08983510732650757,1.0,nan,alarm
soft_medium,world_only,90281,False,True,,1.0,4.0,medium,0.1,77,False,nan,nan,alarm,persistent,0.11833776533603668,1.0,nan,alarm,persistent,0.13558600842952728,1.0,nan,alarm,persistent,0.10905281454324722,1.0,nan,alarm,persistent,0.0960935577750206,1.0,nan,alarm
soft_medium,world_only,90282,False,True,,1.0,1.0,short,0.15000000000000002,68,False,nan,nan,alarm,persistent,0.11219475418329239,1.0,nan,alarm,persistent,0.11716540157794952,1.0,nan,alarm,persistent,0.10487224906682968,1.0,nan,alarm,persistent,0.10458306223154068,1.0,nan,alarm
soft_medium,world_only,90283,False,True,,1.0,-1.0,medium,-0.05,74,False,nan,nan,alarm,persistent,0.11990650743246078,1.0,nan,alarm,persistent,0.1079055443406105,1.0,nan,alarm,persistent,0.10684023052453995,1.0,nan,alarm,persistent,0.10086624324321747,1.0,nan,alarm
soft_medium,world_only,90284,False,True,,1.0,2.0,short,-0.2,72,False,nan,nan,alarm,persistent,0.1254258006811142,1.0,nan,alarm,persistent,0.11960870027542114,1.0,nan,alarm,persistent,0.1065693125128746,1.0,nan,alarm,persistent,0.09862178564071655,1.0,nan,alarm
soft_medium,world_only,90285,False,True,,1.0,-2.0,medium,-0.2,73,False,nan,nan,alarm,persistent,0.12891358137130737,1.0,nan,alarm,persistent,0.1182711124420166,1.0,nan,alarm,persistent,0.10157011449337006,1.0,nan,alarm,persistent,0.10681762546300888,1.0,nan,alarm
soft_medium,world_only,90286,False,True,,1.0,4.0,short,-0.1,67,False,nan,nan,alarm,persistent,0.11053761094808578,1.0,nan,alarm,persistent,0.10766954720020294,1.0,nan,alarm,persistent,0.09980508685112,1.0,nan,alarm,persistent,0.09217499196529388,1.0,nan,alarm
soft_medium,world_only,90287,False,True,,1.0,4.0,medium,0.2,79,False,nan,nan,alarm,persistent,0.10173572599887848,1.0,nan,alarm,persistent,0.0994386151432991,1.0,nan,alarm,persistent,0.0985504686832428,1.0,nan,alarm,persistent,0.093846395611763,1.0,nan,alarm
soft_medium,world_only,90288,False,True,,1.0,-1.0,short,-0.05,78,False,nan,nan,alarm,persistent,0.12625084817409515,1.0,nan,alarm,persistent,0.11997556686401367,1.0,nan,alarm,persistent,0.1269853562116623,1.0,nan,alarm,persistent,0.10731679201126099,1.0,nan,alarm
soft_medium,world_only,90289,False,True,,1.0,1.0,medium,-0.05,64,False,nan,nan,alarm,persistent,0.12002567946910858,1.0,nan,alarm,persistent,0.11693599075078964,1.0,nan,alarm,persistent,0.12309437990188599,1.0,nan,alarm,persistent,0.10033097118139267,1.0,nan,alarm
soft_medium,world_only,90290,False,True,,1.0,2.0,short,0.1,66,False,nan,nan,alarm,persistent,0.1171400174498558,1.0,nan,alarm,persistent,0.10174896568059921,1.0,nan,alarm,persistent,0.10716217756271362,1.0,nan,alarm,persistent,0.10523700714111328,1.0,nan,alarm
soft_medium,world_only,90291,False,True,,1.0,-2.0,medium,0.15000000000000002,75,False,nan,nan,alarm,persistent,0.10746991634368896,1.0,nan,alarm,persistent,0.11203163862228394,1.0,nan,alarm,persistent,0.1065465658903122,1.0,nan,alarm,persistent,0.10300104320049286,1.0,nan,alarm
soft_medium,world_only,90292,False,True,,1.0,-4.0,short,0.1,74,False,nan,nan,alarm,persistent,0.12535618245601654,1.0,nan,alarm,persistent,0.1341923177242279,1.0,nan,alarm,persistent,0.11314505338668823,1.0,nan,alarm,persistent,0.09985294193029404,1.0,nan,alarm
soft_medium,world_only,90293,False,True,,1.0,4.0,medium,0.1,69,False,nan,nan,alarm,persistent,0.10048792511224747,1.0,nan,alarm,persistent,0.10018794238567352,1.0,nan,alarm,persistent,0.09232942759990692,1.0,nan,alarm,persistent,0.09804238379001617,1.0,nan,alarm
soft_medium,world_only,90294,False,True,,1.0,-1.0,short,-0.1,70,False,nan,nan,alarm,persistent,0.12602117657661438,1.0,nan,alarm,persistent,0.1258447766304016,1.0,nan,alarm,persistent,0.12490065395832062,1.0,nan,alarm,persistent,0.09546712040901184,1.0,nan,alarm
soft_medium,world_only,90295,False,True,,1.0,1.0,medium,0.2,64,False,nan,nan,alarm,persistent,0.11704806983470917,1.0,nan,alarm,persistent,0.1116899698972702,1.0,nan,alarm,persistent,0.11697220802307129,1.0,nan,alarm,persistent,0.10761602222919464,1.0,nan,alarm
soft_medium,world_only,90296,False,True,,1.0,-2.0,short,0.25,84,False,nan,nan,alarm,persistent,0.12037471681833267,1.0,nan,alarm,persistent,0.108387291431427,1.0,nan,alarm,persistent,0.10077410936355591,1.0,nan,alarm,persistent,0.09550636261701584,1.0,nan,alarm
soft_medium,world_only,90297,False,True,,1.0,2.0,medium,-0.05,62,False,nan,nan,alarm,persistent,0.1138966903090477,1.0,nan,alarm,persistent,0.11241868883371353,1.0,nan,alarm,persistent,0.1007140725851059,1.0,nan,alarm,persistent,0.09492392838001251,1.0,nan,alarm
soft_medium,world_only,90298,False,True,,1.0,4.0,short,0.05,62,False,nan,nan,alarm,persistent,0.11034882068634033,1.0,nan,alarm,persistent,0.10718028247356415,1.0,nan,alarm,persistent,0.09458160400390625,1.0,nan,alarm,persistent,0.09194262325763702,1.0,nan,alarm
soft_medium,world_only,90299,False,True,,1.0,-4.0,medium,0.05,67,False,nan,nan,alarm,persistent,0.11322982609272003,1.0,nan,alarm,persistent,0.09229117631912231,1.0,nan,alarm,persistent,0.09788884222507477,1.0,nan,alarm,persistent,0.10681957006454468,1.0,nan,alarm
soft_medium,world_only,90300,False,True,,1.0,-1.0,short,-0.15000000000000002,67,False,nan,nan,alarm,persistent,0.12446419894695282,1.0,nan,alarm,persistent,0.13301600515842438,1.0,nan,alarm,persistent,0.11379198729991913,1.0,nan,alarm,persistent,0.09871337562799454,1.0,nan,alarm
soft_medium,world_only,90301,False,True,,1.0,-1.0,medium,-0.25,72,False,nan,nan,alarm,persistent,0.11965346336364746,1.0,nan,alarm,persistent,0.11790688335895538,1.0,nan,alarm,persistent,0.10219047963619232,1.0,nan,alarm,persistent,0.09591986238956451,1.0,nan,alarm
soft_medium,world_only,90302,False,True,,1.0,-2.0,short,0.2,78,False,nan,nan,alarm,persistent,0.1186937466263771,1.0,nan,alarm,persistent,0.10377241671085358,1.0,nan,alarm,persistent,0.1030368059873581,1.0,nan,alarm,persistent,0.08826097100973129,1.0,nan,alarm
soft_medium,world_only,90303,False,True,,1.0,2.0,medium,-0.15000000000000002,59,False,nan,nan,alarm,persistent,0.12023605406284332,1.0,nan,alarm,persistent,0.12406430393457413,1.0,nan,alarm,persistent,0.1112162321805954,1.0,nan,alarm,persistent,0.09672178328037262,1.0,nan,alarm
soft_medium,world_only,90304,False,True,,1.0,4.0,short,0.05,80,False,nan,nan,alarm,persistent,0.13391275703907013,1.0,nan,alarm,persistent,0.11151750385761261,1.0,nan,alarm,persistent,0.12161125987768173,1.0,nan,alarm,persistent,0.10283400118350983,1.0,nan,alarm
soft_medium,world_only,90305,False,True,,1.0,-4.0,medium,-0.25,73,False,nan,nan,alarm,persistent,0.127436563372612,1.0,nan,alarm,persistent,0.11912433803081512,1.0,nan,alarm,persistent,0.11752484738826752,1.0,nan,alarm,persistent,0.10204736143350601,1.0,nan,alarm
soft_medium,world_only,90306,False,True,,1.0,1.0,short,-0.15000000000000002,64,False,nan,nan,alarm,persistent,0.11662435531616211,1.0,nan,alarm,persistent,0.11184553056955338,1.0,nan,alarm,persistent,0.11449408531188965,1.0,nan,alarm,persistent,0.10328070819377899,1.0,nan,alarm
soft_medium,world_only,90307,False,True,,1.0,1.0,medium,-0.05,72,False,nan,nan,alarm,persistent,0.13426445424556732,1.0,nan,alarm,persistent,0.11709897220134735,1.0,nan,alarm,persistent,0.1071210503578186,1.0,nan,alarm,persistent,0.10879065841436386,1.0,nan,alarm
soft_medium,world_only,90308,False,True,,1.0,-2.0,short,-0.25,62,False,nan,nan,alarm,persistent,0.10870480537414551,1.0,nan,alarm,persistent,0.10689800977706909,1.0,nan,alarm,persistent,0.09911254793405533,1.0,nan,alarm,persistent,0.09532245248556137,1.0,nan,alarm
soft_medium,world_only,90309,False,True,,1.0,2.0,medium,0.25,65,False,nan,nan,alarm,persistent,0.12642818689346313,1.0,nan,alarm,persistent,0.1056094765663147,1.0,nan,alarm,persistent,0.10001303255558014,1.0,nan,alarm,persistent,0.09783311188220978,1.0,nan,alarm
soft_medium,world_only,90310,False,True,,1.0,4.0,short,0.15000000000000002,70,False,nan,nan,alarm,persistent,0.11443843692541122,1.0,nan,alarm,persistent,0.12125037610530853,1.0,nan,alarm,persistent,0.10670411586761475,1.0,nan,alarm,persistent,0.10068998485803604,1.0,nan,alarm
soft_medium,world_only,90311,False,True,,1.0,-4.0,medium,-0.05,66,False,nan,nan,alarm,persistent,0.11728404462337494,1.0,nan,alarm,persistent,0.11215295642614365,1.0,nan,alarm,persistent,0.1031479462981224,1.0,nan,alarm,persistent,0.10436230897903442,1.0,nan,alarm
soft_medium,world_only,90312,False,True,,1.0,1.0,short,0.2,69,False,nan,nan,alarm,persistent,0.09646649658679962,1.0,nan,alarm,persistent,0.10378967225551605,1.0,nan,alarm,persistent,0.1168704628944397,1.0,nan,alarm,persistent,0.09160760045051575,1.0,nan,alarm
soft_medium,world_only,90313,False,True,,1.0,-1.0,medium,-0.2,66,False,nan,nan,alarm,persistent,0.12741808593273163,1.0,nan,alarm,persistent,0.10255911201238632,1.0,nan,alarm,persistent,0.10095179080963135,1.0,nan,alarm,persistent,0.0931481197476387,1.0,nan,alarm
soft_medium,world_only,90314,False,True,,1.0,2.0,short,-0.05,66,False,nan,nan,alarm,persistent,0.1167810782790184,1.0,nan,alarm,persistent,0.12235814332962036,1.0,nan,alarm,persistent,0.099178247153759,1.0,nan,alarm,persistent,0.10289903730154037,1.0,nan,alarm
soft_medium,world_only,90315,False,True,,1.0,2.0,medium,0.0,65,False,nan,nan,alarm,persistent,0.11230964958667755,1.0,nan,alarm,persistent,0.11538146436214447,1.0,nan,alarm,persistent,0.09664304554462433,1.0,nan,alarm,persistent,0.0970926433801651,1.0,nan,alarm
soft_medium,world_only,90316,False,True,,1.0,4.0,short,-0.05,63,False,nan,nan,alarm,persistent,0.12134528160095215,1.0,nan,alarm,persistent,0.12001904100179672,1.0,nan,alarm,persistent,0.11667758226394653,1.0,nan,alarm,persistent,0.09976333379745483,1.0,nan,alarm
soft_medium,world_only,90317,False,True,,1.0,4.0,medium,0.25,84,False,nan,nan,alarm,persistent,0.11843769252300262,1.0,nan,alarm,persistent,0.10949890315532684,1.0,nan,alarm,persistent,0.10009493678808212,1.0,nan,alarm,persistent,0.09288138896226883,1.0,nan,alarm
soft_medium,world_only,90318,False,True,,1.0,-1.0,short,0.1,75,False,nan,nan,alarm,persistent,0.12033597379922867,1.0,nan,alarm,persistent,0.12259471416473389,1.0,nan,alarm,persistent,0.1129254475235939,1.0,nan,alarm,persistent,0.09190739691257477,1.0,nan,alarm
soft_medium,world_only,90319,False,True,,1.0,1.0,medium,-0.25,65,False,nan,nan,alarm,persistent,0.11078926175832748,1.0,nan,alarm,persistent,0.11092054843902588,1.0,nan,alarm,persistent,0.1000063419342041,1.0,nan,alarm,persistent,0.09132124483585358,1.0,nan,alarm
soft_medium,world_only,90320,False,True,,1.0,2.0,short,0.25,76,False,nan,nan,alarm,persistent,0.11857318878173828,1.0,nan,alarm,persistent,0.10868289321660995,1.0,nan,alarm,persistent,0.1077512726187706,1.0,nan,alarm,persistent,0.11193229258060455,1.0,nan,alarm
soft_medium,world_only,90321,False,True,,1.0,2.0,medium,-0.15000000000000002,57,False,nan,nan,alarm,persistent,0.1210394948720932,1.0,nan,alarm,persistent,0.1096181645989418,1.0,nan,alarm,persistent,0.10049668699502945,1.0,nan,alarm,persistent,0.09765078127384186,1.0,nan,alarm
soft_medium,world_only,90322,False,True,,1.0,4.0,short,-0.1,74,False,nan,nan,alarm,persistent,0.1273416429758072,1.0,nan,alarm,persistent,0.13305234909057617,1.0,nan,alarm,persistent,0.12372485548257828,1.0,nan,alarm,persistent,0.10954855382442474,1.0,nan,alarm
soft_medium,world_only,90323,False,True,,1.0,-4.0,medium,-0.05,75,False,nan,nan,alarm,persistent,0.12988485395908356,1.0,nan,alarm,persistent,0.129900723695755,1.0,nan,alarm,persistent,0.10852430015802383,1.0,nan,alarm,persistent,0.10486104339361191,1.0,nan,alarm
soft_medium,world_only,90324,False,True,,1.0,1.0,short,-0.05,72,False,nan,nan,alarm,persistent,0.10922087728977203,1.0,nan,alarm,persistent,0.11293182522058487,1.0,nan,alarm,persistent,0.11111414432525635,1.0,nan,alarm,persistent,0.1004336029291153,1.0,nan,alarm
soft_medium,world_only,90325,False,True,,1.0,1.0,medium,0.05,80,False,nan,nan,alarm,persistent,0.11740420758724213,1.0,nan,alarm,persistent,0.11518263816833496,1.0,nan,alarm,persistent,0.1036147028207779,1.0,nan,alarm,persistent,0.07840561866760254,1.0,nan,alarm
soft_medium,world_only,90326,False,True,,1.0,2.0,short,0.1,73,False,nan,nan,alarm,persistent,0.10679236799478531,1.0,nan,alarm,persistent,0.09753415733575821,1.0,nan,alarm,persistent,0.10310763120651245,1.0,nan,alarm,persistent,0.0954858809709549,1.0,nan,alarm
soft_medium,world_only,90327,False,True,,1.0,-2.0,medium,0.25,78,False,nan,nan,alarm,persistent,0.12851418554782867,1.0,nan,alarm,persistent,0.11645776033401489,1.0,nan,alarm,persistent,0.11243362724781036,1.0,nan,alarm,persistent,0.09892580658197403,1.0,nan,alarm
soft_medium,world_only,90328,False,True,,1.0,-4.0,short,0.15000000000000002,74,False,nan,nan,alarm,persistent,0.11824041604995728,1.0,nan,alarm,persistent,0.12373276799917221,1.0,nan,alarm,persistent,0.12262268364429474,1.0,nan,alarm,persistent,0.09908085316419601,1.0,nan,alarm
soft_medium,world_only,90329,False,True,,1.0,4.0,medium,0.15000000000000002,75,False,nan,nan,alarm,persistent,0.1021551638841629,1.0,nan,alarm,persistent,0.11024216562509537,1.0,nan,alarm,persistent,0.10143314301967621,1.0,nan,alarm,persistent,0.09692297875881195,1.0,nan,alarm
soft_medium,world_only,90330,False,True,,1.0,1.0,short,0.1,82,False,nan,nan,alarm,persistent,0.11101599037647247,1.0,nan,alarm,persistent,0.11477706581354141,1.0,nan,alarm,persistent,0.11179769039154053,1.0,nan,alarm,persistent,0.10926181077957153,1.0,nan,alarm
soft_medium,world_only,90331,False,True,,1.0,1.0,medium,-0.05,61,False,nan,nan,alarm,persistent,0.1318112164735794,1.0,nan,alarm,persistent,0.13550302386283875,1.0,nan,alarm,persistent,0.1118263453245163,1.0,nan,alarm,persistent,0.0922582596540451,1.0,nan,alarm
soft_medium,world_only,90332,False,True,,1.0,-2.0,short,-0.1,70,False,nan,nan,alarm,persistent,0.12514907121658325,1.0,nan,alarm,persistent,0.11207695305347443,1.0,nan,alarm,persistent,0.10239069163799286,1.0,nan,alarm,persistent,0.10210344940423965,1.0,nan,alarm
soft_medium,world_only,90333,False,True,,1.0,2.0,medium,0.1,72,False,nan,nan,alarm,persistent,0.10905828326940536,1.0,nan,alarm,persistent,0.10960900783538818,1.0,nan,alarm,persistent,0.09222517907619476,1.0,nan,alarm,persistent,0.0810556411743164,1.0,nan,alarm
soft_medium,world_only,90334,False,True,,1.0,4.0,short,0.05,61,False,nan,nan,alarm,persistent,0.12338022887706757,1.0,nan,alarm,persistent,0.1163557916879654,1.0,nan,alarm,persistent,0.10617481172084808,1.0,nan,alarm,persistent,0.10217432677745819,1.0,nan,alarm
soft_medium,world_only,90335,False,True,,1.0,-4.0,medium,0.1,77,False,nan,nan,alarm,persistent,0.12459740787744522,1.0,nan,alarm,persistent,0.1060979813337326,1.0,nan,alarm,persistent,0.11117289960384369,1.0,nan,alarm,persistent,0.09654025733470917,1.0,nan,alarm
soft_medium,world_only,90336,False,True,,1.0,-1.0,short,-0.15000000000000002,76,False,nan,nan,alarm,persistent,0.10237698256969452,1.0,nan,alarm,persistent,0.09352997690439224,1.0,nan,alarm,persistent,0.09332342445850372,1.0,nan,alarm,persistent,0.09209542721509933,1.0,nan,alarm
soft_medium,world_only,90337,False,True,,1.0,1.0,medium,-0.25,60,False,nan,nan,alarm,persistent,0.10958951711654663,1.0,nan,alarm,persistent,0.10706789791584015,1.0,nan,alarm,persistent,0.10657408088445663,1.0,nan,alarm,persistent,0.10097664594650269,1.0,nan,alarm
soft_medium,world_only,90338,False,True,,1.0,2.0,short,-0.1,58,False,nan,nan,alarm,persistent,0.11451703310012817,1.0,nan,alarm,persistent,0.10035158693790436,1.0,nan,alarm,persistent,0.09342312812805176,1.0,nan,alarm,persistent,0.09940056502819061,1.0,nan,alarm
soft_medium,world_only,90339,False,True,,1.0,2.0,medium,-0.05,61,False,nan,nan,alarm,persistent,0.11555136740207672,1.0,nan,alarm,persistent,0.11303597688674927,1.0,nan,alarm,persistent,0.10104812681674957,1.0,nan,alarm,persistent,0.10375001281499863,1.0,nan,alarm
soft_medium,world_only,90340,False,True,,1.0,4.0,short,-0.2,57,False,nan,nan,alarm,persistent,0.12419863790273666,1.0,nan,alarm,persistent,0.12987913191318512,1.0,nan,alarm,persistent,0.11397983133792877,1.0,nan,alarm,persistent,0.09842516481876373,1.0,nan,alarm
soft_medium,world_only,90341,False,True,,1.0,4.0,medium,0.15000000000000002,71,False,nan,nan,alarm,persistent,0.11403848975896835,1.0,nan,alarm,persistent,0.11104147136211395,1.0,nan,alarm,persistent,0.09982048720121384,1.0,nan,alarm,persistent,0.09550292789936066,1.0,nan,alarm
soft_medium,world_only,90342,False,True,,1.0,1.0,short,-0.2,69,False,nan,nan,alarm,persistent,0.12161680310964584,1.0,nan,alarm,persistent,0.12856408953666687,1.0,nan,alarm,persistent,0.11964434385299683,1.0,nan,alarm,persistent,0.09301014244556427,1.0,nan,alarm
soft_medium,world_only,90343,False,True,,1.0,1.0,medium,-0.1,70,False,nan,nan,alarm,persistent,0.12206606566905975,1.0,nan,alarm,persistent,0.11600054800510406,1.0,nan,alarm,persistent,0.09742511808872223,1.0,nan,alarm,persistent,0.09625539928674698,1.0,nan,alarm
soft_medium,world_only,90344,False,True,,1.0,2.0,short,0.2,65,False,nan,nan,alarm,persistent,0.1156170591711998,1.0,nan,alarm,persistent,0.11299262195825577,1.0,nan,alarm,persistent,0.10154806077480316,1.0,nan,alarm,persistent,0.08917446434497833,1.0,nan,alarm
soft_medium,world_only,90345,False,True,,1.0,-2.0,medium,0.0,75,False,nan,nan,alarm,persistent,0.12004061043262482,1.0,nan,alarm,persistent,0.12335251271724701,1.0,nan,alarm,persistent,0.1098485216498375,1.0,nan,alarm,persistent,0.0938280001282692,1.0,nan,alarm
soft_medium,world_only,90346,False,True,,1.0,4.0,short,-0.2,59,False,nan,nan,alarm,persistent,0.11000122874975204,1.0,nan,alarm,persistent,0.10561245679855347,1.0,nan,alarm,persistent,0.08887450397014618,1.0,nan,alarm,persistent,0.08910277485847473,1.0,nan,alarm
soft_medium,world_only,90347,False,True,,1.0,-4.0,medium,-0.2,63,False,nan,nan,alarm,persistent,0.11165478080511093,1.0,nan,alarm,persistent,0.11135490238666534,1.0,nan,alarm,persistent,0.09632821381092072,1.0,nan,alarm,persistent,0.10236530005931854,1.0,nan,alarm
soft_medium,world_only,90348,False,True,,1.0,-1.0,short,0.25,77,False,nan,nan,alarm,persistent,0.10195817053318024,1.0,nan,alarm,persistent,0.10491041839122772,1.0,nan,alarm,persistent,0.09628450870513916,1.0,nan,alarm,persistent,0.09780742228031158,1.0,nan,alarm
soft_medium,world_only,90349,False,True,,1.0,1.0,medium,0.05,63,False,nan,nan,alarm,persistent,0.13186606764793396,1.0,nan,alarm,persistent,0.13289962708950043,1.0,nan,alarm,persistent,0.10399756580591202,1.0,nan,alarm,persistent,0.09960459172725677,1.0,nan,alarm
soft_medium,world_only,90350,False,True,,1.0,-2.0,short,0.05,79,False,nan,nan,alarm,persistent,0.127054363489151,1.0,nan,alarm,persistent,0.12547264993190765,1.0,nan,alarm,persistent,0.10187755525112152,1.0,nan,alarm,persistent,0.10223432630300522,1.0,nan,alarm
soft_medium,world_only,90351,False,True,,1.0,2.0,medium,0.25,75,False,nan,nan,alarm,persistent,0.1361890435218811,1.0,nan,alarm,persistent,0.11914674192667007,1.0,nan,alarm,persistent,0.11730513721704483,1.0,nan,alarm,persistent,0.11496523767709732,1.0,nan,alarm
soft_medium,world_only,90352,False,True,,1.0,-4.0,short,0.2,76,False,nan,nan,alarm,persistent,0.12512631714344025,1.0,nan,alarm,persistent,0.13093653321266174,1.0,nan,alarm,persistent,0.11488766968250275,1.0,nan,alarm,persistent,0.08937869966030121,1.0,nan,alarm
soft_medium,world_only,90353,False,True,,1.0,-4.0,medium,-0.05,65,False,nan,nan,alarm,persistent,0.1419983208179474,1.0,nan,alarm,persistent,0.11371753364801407,1.0,nan,alarm,persistent,0.10436157137155533,1.0,nan,alarm,persistent,0.11082354933023453,1.0,nan,alarm
soft_medium,world_only,90354,False,True,,1.0,-1.0,short,-0.25,72,False,nan,nan,alarm,persistent,0.10047785192728043,1.0,nan,alarm,persistent,0.10754231363534927,1.0,nan,alarm,persistent,0.1034894734621048,1.0,nan,alarm,persistent,0.09755918383598328,1.0,nan,alarm
soft_medium,world_only,90355,False,True,,1.0,1.0,medium,0.0,71,False,nan,nan,alarm,persistent,0.1251625269651413,1.0,nan,alarm,persistent,0.11418410390615463,1.0,nan,alarm,persistent,0.11489193141460419,1.0,nan,alarm,persistent,0.09692654013633728,1.0,nan,alarm
soft_medium,world_only,90356,False,True,,1.0,2.0,short,0.2,78,False,nan,nan,alarm,persistent,0.1219693049788475,1.0,nan,alarm,persistent,0.1168779507279396,1.0,nan,alarm,persistent,0.11514916270971298,1.0,nan,alarm,persistent,0.10449032485485077,1.0,nan,alarm
soft_medium,world_only,90357,False,True,,1.0,-2.0,medium,-0.1,69,False,nan,nan,alarm,persistent,0.11760799586772919,1.0,nan,alarm,persistent,0.12446539103984833,1.0,nan,alarm,persistent,0.10428577661514282,1.0,nan,alarm,persistent,0.11079806089401245,1.0,nan,alarm
soft_medium,world_only,90358,False,True,,1.0,4.0,short,-0.15000000000000002,74,False,nan,nan,alarm,persistent,0.13093361258506775,1.0,nan,alarm,persistent,0.1375122368335724,1.0,nan,alarm,persistent,0.12468679249286652,1.0,nan,alarm,persistent,0.09893693774938583,1.0,nan,alarm
soft_medium,world_only,90359,False,True,,1.0,-4.0,medium,-0.2,57,False,nan,nan,alarm,persistent,0.11971436440944672,1.0,nan,alarm,persistent,0.1188373789191246,1.0,nan,alarm,persistent,0.10643001645803452,1.0,nan,alarm,persistent,0.10844482481479645,1.0,nan,alarm
soft_medium,body_world,90360,True,True,m,1.436507707360915,1.0,short,-0.15000000000000002,74,False,nan,nan,alarm,persistent,0.12092727422714233,1.0,nan,alarm,persistent,0.10958784818649292,1.0,nan,alarm,persistent,0.10539563000202179,1.0,nan,alarm,persistent,0.10877256095409393,1.0,nan,alarm
soft_medium,body_world,90361,True,True,l,1.4256287739373548,-1.0,medium,-0.25,60,False,nan,nan,alarm,persistent,0.11129160225391388,1.0,nan,alarm,persistent,0.091712586581707,1.0,nan,alarm,persistent,0.09526177495718002,1.0,nan,alarm,persistent,0.13775241374969482,1.0,nan,alarm
soft_medium,body_world,90362,True,True,m,1.4329806398316671,-2.0,short,0.2,74,False,nan,nan,alarm,persistent,0.09508565068244934,1.0,nan,alarm,persistent,0.10156766325235367,1.0,nan,alarm,persistent,0.08558100461959839,1.0,nan,alarm,persistent,0.10293877124786377,1.0,nan,alarm
soft_medium,body_world,90363,True,True,l,1.210563351806276,-2.0,medium,-0.15000000000000002,77,False,nan,nan,alarm,persistent,0.10753748565912247,1.0,nan,alarm,persistent,0.10782309621572495,1.0,nan,alarm,persistent,0.0963512510061264,1.0,nan,alarm,persistent,0.09849957376718521,1.0,nan,alarm
soft_medium,body_world,90364,True,True,m,1.372696280105733,-4.0,short,-0.15000000000000002,58,False,nan,nan,alarm,persistent,0.0901750698685646,1.0,nan,alarm,persistent,0.09392575919628143,1.0,nan,alarm,persistent,0.10615880787372589,1.0,nan,alarm,persistent,0.11704722791910172,1.0,nan,alarm
soft_medium,body_world,90365,True,True,l,1.2749895656307437,-4.0,medium,-0.2,74,False,nan,nan,alarm,persistent,0.12731221318244934,1.0,nan,alarm,persistent,0.11847557127475739,1.0,nan,alarm,persistent,0.10269695520401001,1.0,nan,alarm,persistent,0.1126842051744461,1.0,nan,alarm
soft_medium,body_world,90366,True,True,m,1.3066897985826524,-1.0,short,-0.15000000000000002,69,False,nan,nan,alarm,persistent,0.12282780557870865,1.0,nan,alarm,persistent,0.10753069072961807,1.0,nan,alarm,persistent,0.11319907009601593,1.0,nan,alarm,persistent,0.10683448612689972,1.0,nan,alarm
soft_medium,body_world,90367,True,True,l,1.3576619828175316,1.0,medium,0.15000000000000002,62,False,nan,nan,alarm,persistent,0.1175159439444542,1.0,nan,alarm,persistent,0.11290007829666138,1.0,nan,alarm,persistent,0.11363682895898819,1.0,nan,alarm,persistent,0.1404903680086136,1.0,nan,alarm
soft_medium,body_world,90368,True,True,m,1.4143053583788585,2.0,short,0.05,60,False,nan,nan,alarm,persistent,0.12162639945745468,1.0,nan,alarm,persistent,0.1079130619764328,1.0,nan,alarm,persistent,0.09329954534769058,1.0,nan,alarm,persistent,0.09741492569446564,1.0,nan,alarm
soft_medium,body_world,90369,True,True,l,1.3743712386074276,-2.0,medium,0.1,67,False,nan,nan,alarm,persistent,0.12301693856716156,1.0,nan,alarm,persistent,0.11066129058599472,1.0,nan,alarm,persistent,0.10353361070156097,1.0,nan,alarm,persistent,0.13714265823364258,1.0,nan,alarm
soft_medium,body_world,90370,True,True,m,1.5116611087725051,4.0,short,-0.25,61,False,nan,nan,alarm,persistent,0.1070258840918541,1.0,nan,alarm,persistent,0.10482893884181976,1.0,nan,alarm,persistent,0.1079222708940506,1.0,nan,alarm,persistent,0.1298680156469345,1.0,nan,alarm
soft_medium,body_world,90371,True,True,l,1.462891218935012,4.0,medium,0.2,69,False,nan,nan,alarm,persistent,0.10971655696630478,1.0,nan,alarm,persistent,0.1156555637717247,1.0,nan,alarm,persistent,0.11253217607736588,1.0,nan,alarm,persistent,0.15113624930381775,1.0,nan,alarm
soft_medium,body_world,90372,True,True,m,1.6331779731038802,-1.0,short,-0.1,65,False,nan,nan,alarm,persistent,0.12294455617666245,1.0,nan,alarm,persistent,0.11607389152050018,1.0,nan,alarm,persistent,0.11137193441390991,1.0,nan,alarm,persistent,0.12374547868967056,1.0,nan,alarm
soft_medium,body_world,90373,True,True,l,1.2018022497580947,-1.0,medium,0.1,66,False,nan,nan,alarm,persistent,0.11617275327444077,1.0,nan,alarm,persistent,0.09989186376333237,1.0,nan,alarm,persistent,0.09451232850551605,1.0,nan,alarm,persistent,0.11104488372802734,1.0,nan,alarm
soft_medium,body_world,90374,True,True,m,1.3280228263513763,-2.0,short,0.1,73,False,nan,nan,alarm,persistent,0.10659245401620865,1.0,nan,alarm,persistent,0.1044590100646019,1.0,nan,alarm,persistent,0.10407636314630508,1.0,nan,alarm,persistent,0.08077989518642426,1.0,nan,alarm
soft_medium,body_world,90375,True,True,l,1.308876304017658,2.0,medium,-0.25,65,False,nan,nan,alarm,persistent,0.11298543214797974,1.0,nan,alarm,persistent,0.11580394208431244,1.0,nan,alarm,persistent,0.10723463445901871,1.0,nan,alarm,persistent,0.11536090075969696,1.0,nan,alarm
soft_medium,body_world,90376,True,True,m,1.5016949779873145,4.0,short,0.2,70,False,nan,nan,alarm,persistent,0.10283557325601578,1.0,nan,alarm,persistent,0.09603340923786163,1.0,nan,alarm,persistent,0.0881689265370369,1.0,nan,alarm,persistent,0.10178694874048233,1.0,nan,alarm
soft_medium,body_world,90377,True,True,l,1.2414565409093206,-4.0,medium,0.25,66,False,nan,nan,alarm,persistent,0.10594034194946289,1.0,nan,alarm,persistent,0.10643444955348969,1.0,nan,alarm,persistent,0.10666871070861816,1.0,nan,alarm,persistent,0.13578364253044128,1.0,nan,alarm
soft_medium,body_world,90378,True,True,m,1.4238236120964585,1.0,short,0.25,66,False,nan,nan,alarm,persistent,0.1191810816526413,1.0,nan,alarm,persistent,0.10380671918392181,1.0,nan,alarm,persistent,0.10561442375183105,1.0,nan,alarm,persistent,0.12213210016489029,1.0,nan,alarm
soft_medium,body_world,90379,True,True,l,1.2836548774066676,-1.0,medium,-0.25,64,False,nan,nan,alarm,persistent,0.1276298314332962,1.0,nan,alarm,persistent,0.1216283068060875,1.0,nan,alarm,persistent,0.10563703626394272,1.0,nan,alarm,persistent,0.12136244773864746,1.0,nan,alarm
soft_medium,body_world,90380,True,True,m,1.3621236417497946,2.0,short,0.2,70,False,nan,nan,alarm,persistent,0.1215938925743103,1.0,nan,alarm,persistent,0.09280183166265488,1.0,nan,alarm,persistent,0.10632099211215973,1.0,nan,alarm,persistent,0.10878346115350723,1.0,nan,alarm
soft_medium,body_world,90381,True,True,l,1.3983378082528164,-2.0,medium,-0.2,74,False,nan,nan,alarm,persistent,0.12278924882411957,1.0,nan,alarm,persistent,0.12003250420093536,1.0,nan,alarm,persistent,0.11934667825698853,1.0,nan,alarm,persistent,0.14365868270397186,1.0,nan,alarm
soft_medium,body_world,90382,True,True,m,1.3509200717074077,-4.0,short,-0.2,74,False,nan,nan,alarm,persistent,0.09927469491958618,1.0,nan,alarm,persistent,0.10521086305379868,1.0,nan,alarm,persistent,0.09878043830394745,1.0,nan,alarm,persistent,0.10656803846359253,1.0,nan,alarm
soft_medium,body_world,90383,True,True,l,1.2311925915846564,4.0,medium,-0.2,58,False,nan,nan,alarm,persistent,0.10422714799642563,1.0,nan,alarm,persistent,0.10016648471355438,1.0,nan,alarm,persistent,0.10154154151678085,1.0,nan,alarm,persistent,0.11983537673950195,1.0,nan,alarm
soft_medium,body_world,90384,True,True,m,1.524037917146982,-1.0,short,0.25,63,False,nan,nan,alarm,persistent,0.1082131490111351,1.0,nan,alarm,persistent,0.10607658326625824,1.0,nan,alarm,persistent,0.10574045032262802,1.0,nan,alarm,persistent,0.1160300150513649,1.0,nan,alarm
soft_medium,body_world,90385,True,True,l,1.3531822605860213,1.0,medium,-0.2,58,False,nan,nan,alarm,persistent,0.10902564227581024,1.0,nan,alarm,persistent,0.11341439187526703,1.0,nan,alarm,persistent,0.11417176574468613,1.0,nan,alarm,persistent,0.11116516590118408,1.0,nan,alarm
soft_medium,body_world,90386,True,True,m,1.3095845696334245,2.0,short,0.1,61,False,nan,nan,alarm,persistent,0.1234869584441185,1.0,nan,alarm,persistent,0.10515709221363068,1.0,nan,alarm,persistent,0.11137954890727997,1.0,nan,alarm,persistent,0.11931651830673218,1.0,nan,alarm
soft_medium,body_world,90387,True,True,l,1.3723802328668413,-2.0,medium,-0.2,61,False,nan,nan,alarm,persistent,0.11120672523975372,1.0,nan,alarm,persistent,0.10706274211406708,1.0,nan,alarm,persistent,0.11370135843753815,1.0,nan,alarm,persistent,0.1408226490020752,1.0,nan,alarm
soft_medium,body_world,90388,True,True,m,1.6369604542264304,4.0,short,0.25,64,False,nan,nan,alarm,persistent,0.12373928725719452,1.0,nan,alarm,persistent,0.12072496116161346,1.0,nan,alarm,persistent,0.11630129814147949,1.0,nan,alarm,persistent,0.14295415580272675,1.0,nan,alarm
soft_medium,body_world,90389,True,True,l,1.4434986184388112,4.0,medium,0.1,68,False,nan,nan,alarm,persistent,0.107865110039711,1.0,nan,alarm,persistent,0.10542527586221695,1.0,nan,alarm,persistent,0.09350105375051498,1.0,nan,alarm,persistent,0.1183299571275711,1.0,nan,alarm
soft_medium,body_world,90390,True,True,m,1.628686273513856,1.0,short,-0.25,63,False,nan,nan,alarm,persistent,0.11298768222332001,1.0,nan,alarm,persistent,0.1033347100019455,1.0,nan,alarm,persistent,0.11200477927923203,1.0,nan,alarm,persistent,0.12480016052722931,1.0,nan,alarm
soft_medium,body_world,90391,True,True,l,1.4997252692437577,-1.0,medium,-0.25,60,False,nan,nan,alarm,persistent,0.12459498643875122,1.0,nan,alarm,persistent,0.1027437075972557,1.0,nan,alarm,persistent,0.10275119543075562,1.0,nan,alarm,persistent,0.1359124481678009,1.0,nan,alarm
soft_medium,body_world,90392,True,True,m,1.4793682183432437,2.0,short,-0.2,56,False,nan,nan,alarm,persistent,0.11818394809961319,1.0,nan,alarm,persistent,0.10578670352697372,1.0,nan,alarm,persistent,0.1110353022813797,1.0,nan,alarm,persistent,0.11578723043203354,1.0,nan,alarm
soft_medium,body_world,90393,True,True,l,1.373838534697687,-2.0,medium,0.2,80,False,nan,nan,alarm,persistent,0.13017746806144714,1.0,nan,alarm,persistent,0.11179572343826294,1.0,nan,alarm,persistent,0.11155964434146881,1.0,nan,alarm,persistent,0.1388026624917984,1.0,nan,alarm
soft_medium,body_world,90394,True,True,m,1.374879786515465,4.0,short,-0.2,58,False,nan,nan,alarm,persistent,0.09602176398038864,1.0,nan,alarm,persistent,0.10338003933429718,1.0,nan,alarm,persistent,0.08697839081287384,1.0,nan,alarm,persistent,0.12887990474700928,1.0,nan,alarm
soft_medium,body_world,90395,True,True,l,1.2278138310881848,-4.0,medium,-0.2,72,False,nan,nan,alarm,persistent,0.11378844827413559,1.0,nan,alarm,persistent,0.11194658279418945,1.0,nan,alarm,persistent,0.10565049946308136,1.0,nan,alarm,persistent,0.10910888761281967,1.0,nan,alarm
soft_medium,body_world,90396,True,True,m,1.5997246997728216,1.0,short,-0.15000000000000002,76,False,nan,nan,alarm,persistent,0.11840735375881195,1.0,nan,alarm,persistent,0.12337137758731842,1.0,nan,alarm,persistent,0.11467652022838593,1.0,nan,alarm,persistent,0.13780465722084045,1.0,nan,alarm
soft_medium,body_world,90397,True,True,l,1.2083810902658325,1.0,medium,0.15000000000000002,74,False,nan,nan,alarm,persistent,0.09158376604318619,1.0,nan,alarm,persistent,0.09775000810623169,1.0,nan,alarm,persistent,0.10202457755804062,1.0,nan,alarm,persistent,0.1098228245973587,1.0,nan,alarm
soft_medium,body_world,90398,True,True,m,1.605681322392905,2.0,short,-0.05,61,False,nan,nan,alarm,persistent,0.10049977153539658,1.0,nan,alarm,persistent,0.09042160212993622,1.0,nan,alarm,persistent,0.10018327087163925,1.0,nan,alarm,persistent,0.1156252846121788,1.0,nan,alarm
soft_medium,body_world,90399,True,True,l,1.216354811034764,-2.0,medium,-0.25,60,False,nan,nan,alarm,persistent,0.12377458810806274,1.0,nan,alarm,persistent,0.11679581552743912,1.0,nan,alarm,persistent,0.13023322820663452,1.0,nan,alarm,persistent,0.11175127327442169,1.0,nan,alarm
soft_medium,body_world,90400,True,True,m,1.3999353886758357,4.0,short,-0.05,71,False,nan,nan,alarm,persistent,0.09164999425411224,1.0,nan,alarm,persistent,0.09746148437261581,1.0,nan,alarm,persistent,0.08900001645088196,1.0,nan,alarm,persistent,0.10137766599655151,1.0,nan,alarm
soft_medium,body_world,90401,True,True,l,1.3909618610188579,-4.0,medium,0.2,64,False,nan,nan,alarm,persistent,0.12462222576141357,1.0,nan,alarm,persistent,0.10959319025278091,1.0,nan,alarm,persistent,0.10628865659236908,1.0,nan,alarm,persistent,0.14794932305812836,1.0,nan,alarm
soft_medium,body_world,90402,True,True,m,1.4765881692612393,-1.0,short,-0.15000000000000002,72,False,nan,nan,alarm,persistent,0.08181987702846527,1.0,nan,alarm,persistent,0.09020604193210602,1.0,nan,alarm,persistent,0.09839977324008942,1.0,nan,alarm,persistent,0.11193092912435532,1.0,nan,alarm
soft_medium,body_world,90403,True,True,l,1.2287348099119875,1.0,medium,-0.1,60,False,nan,nan,alarm,persistent,0.11535070091485977,1.0,nan,alarm,persistent,0.10732465982437134,1.0,nan,alarm,persistent,0.10925973951816559,1.0,nan,alarm,persistent,0.10004574060440063,1.0,nan,alarm
soft_medium,body_world,90404,True,True,m,1.5959684874168683,-2.0,short,-0.2,61,False,nan,nan,alarm,persistent,0.12312408536672592,1.0,nan,alarm,persistent,0.12014780938625336,1.0,nan,alarm,persistent,0.10694678127765656,1.0,nan,alarm,persistent,0.13474109768867493,1.0,nan,alarm
soft_medium,body_world,90405,True,True,l,1.4263406910614387,-2.0,medium,-0.15000000000000002,77,False,nan,nan,alarm,persistent,0.1083853617310524,1.0,nan,alarm,persistent,0.10251645743846893,1.0,nan,alarm,persistent,0.10269340127706528,1.0,nan,alarm,persistent,0.12546822428703308,1.0,nan,alarm
soft_medium,body_world,90406,True,True,m,1.5761825745829299,-4.0,short,0.25,68,False,nan,nan,alarm,persistent,0.1189631000161171,1.0,nan,alarm,persistent,0.11700601875782013,1.0,nan,alarm,persistent,0.11317014694213867,1.0,nan,alarm,persistent,0.13272254168987274,1.0,nan,alarm
soft_medium,body_world,90407,True,True,l,1.3075505965528191,-4.0,medium,0.25,60,False,nan,nan,alarm,persistent,0.12312521785497665,1.0,nan,alarm,persistent,0.11061181873083115,1.0,nan,alarm,persistent,0.10021356493234634,1.0,nan,alarm,persistent,0.11445213854312897,1.0,nan,alarm
soft_medium,body_world,90408,True,True,m,1.5508532757037867,1.0,short,-0.25,74,False,nan,nan,alarm,persistent,0.12248784303665161,1.0,nan,alarm,persistent,0.11253903806209564,1.0,nan,alarm,persistent,0.0987992137670517,1.0,nan,alarm,persistent,0.1213364377617836,1.0,nan,alarm
soft_medium,body_world,90409,True,True,l,1.386472676208235,1.0,medium,0.05,62,False,nan,nan,alarm,persistent,0.13488435745239258,1.0,nan,alarm,persistent,0.12036468088626862,1.0,nan,alarm,persistent,0.10160057246685028,1.0,nan,alarm,persistent,0.1247606873512268,1.0,nan,alarm
soft_medium,body_world,90410,True,True,m,1.305798982810204,2.0,short,0.0,73,False,nan,nan,alarm,persistent,0.1406020224094391,1.0,nan,alarm,persistent,0.12080981582403183,1.0,nan,alarm,persistent,0.11531736701726913,1.0,nan,alarm,persistent,0.12118829786777496,1.0,nan,alarm
soft_medium,body_world,90411,True,True,l,1.201605261104429,-2.0,medium,0.15000000000000002,64,False,nan,nan,alarm,persistent,0.15510854125022888,1.0,nan,alarm,persistent,0.12826736271381378,1.0,nan,alarm,persistent,0.11905443668365479,1.0,nan,alarm,persistent,0.13266874849796295,1.0,nan,alarm
soft_medium,body_world,90412,True,True,m,1.6785527327767333,-4.0,short,-0.2,66,False,nan,nan,alarm,persistent,0.11599831283092499,1.0,nan,alarm,persistent,0.10455397516489029,1.0,nan,alarm,persistent,0.10004023462533951,1.0,nan,alarm,persistent,0.10653825849294662,1.0,nan,alarm
soft_medium,body_world,90413,True,True,l,1.497413653722908,4.0,medium,-0.05,68,False,nan,nan,alarm,persistent,0.087508425116539,1.0,nan,alarm,persistent,0.08939359337091446,1.0,nan,alarm,persistent,0.0899633839726448,1.0,nan,alarm,persistent,0.11021324247121811,1.0,nan,alarm
soft_medium,body_world,90414,True,True,m,1.6384059842206313,-1.0,short,-0.1,67,False,nan,nan,alarm,persistent,0.09371259808540344,1.0,nan,alarm,persistent,0.0892707034945488,1.0,nan,alarm,persistent,0.08184517920017242,1.0,nan,alarm,persistent,0.11837681382894516,1.0,nan,alarm
soft_medium,body_world,90415,True,True,l,1.4445958942354706,1.0,medium,-0.15000000000000002,61,False,nan,nan,alarm,persistent,0.11629923433065414,1.0,nan,alarm,persistent,0.10569047927856445,1.0,nan,alarm,persistent,0.1099081039428711,1.0,nan,alarm,persistent,0.1301412284374237,1.0,nan,alarm
soft_medium,body_world,90416,True,True,m,1.4228738912776615,-2.0,short,-0.05,70,False,nan,nan,alarm,persistent,0.1153738722205162,1.0,nan,alarm,persistent,0.10419128090143204,1.0,nan,alarm,persistent,0.09399537742137909,1.0,nan,alarm,persistent,0.1348683089017868,1.0,nan,alarm
soft_medium,body_world,90417,True,True,l,1.412003609654068,-2.0,medium,-0.15000000000000002,63,False,nan,nan,alarm,persistent,0.10991905629634857,1.0,nan,alarm,persistent,0.10009805113077164,1.0,nan,alarm,persistent,0.08927495777606964,1.0,nan,alarm,persistent,0.13540935516357422,1.0,nan,alarm
soft_medium,body_world,90418,True,True,m,1.6633408277228265,4.0,short,0.25,65,False,nan,nan,alarm,persistent,0.11273305118083954,1.0,nan,alarm,persistent,0.09445025026798248,1.0,nan,alarm,persistent,0.08788587152957916,1.0,nan,alarm,persistent,0.10207239538431168,1.0,nan,alarm
soft_medium,body_world,90419,True,True,l,1.4868039659450991,-4.0,medium,0.25,75,False,nan,nan,alarm,persistent,0.13720348477363586,1.0,nan,alarm,persistent,0.12604142725467682,1.0,nan,alarm,persistent,0.13013333082199097,1.0,nan,alarm,persistent,0.13906022906303406,1.0,nan,alarm
soft_medium,body_world,90420,True,True,m,1.5449902128447706,1.0,short,-0.05,63,False,nan,nan,alarm,persistent,0.11263908445835114,1.0,nan,alarm,persistent,0.1056220754981041,1.0,nan,alarm,persistent,0.09923294931650162,1.0,nan,alarm,persistent,0.11838307231664658,1.0,nan,alarm
soft_medium,body_world,90421,True,True,l,1.3429074718778478,1.0,medium,-0.05,68,False,nan,nan,alarm,persistent,0.1269507110118866,1.0,nan,alarm,persistent,0.10886190086603165,1.0,nan,alarm,persistent,0.1152111142873764,1.0,nan,alarm,persistent,0.1560358852148056,1.0,nan,alarm
soft_medium,body_world,90422,True,True,m,1.4859152920245902,2.0,short,-0.2,56,False,nan,nan,alarm,persistent,0.11652539670467377,1.0,nan,alarm,persistent,0.11766157299280167,1.0,nan,alarm,persistent,0.0902167335152626,1.0,nan,alarm,persistent,0.10596776008605957,1.0,nan,alarm
soft_medium,body_world,90423,True,True,l,1.4537628318674107,-2.0,medium,0.0,61,False,nan,nan,alarm,persistent,0.12108644098043442,1.0,nan,alarm,persistent,0.12240336835384369,1.0,nan,alarm,persistent,0.12274329364299774,1.0,nan,alarm,persistent,0.1395895779132843,1.0,nan,alarm
soft_medium,body_world,90424,True,True,m,1.5039422662674549,-4.0,short,-0.2,72,False,nan,nan,alarm,persistent,0.1037556380033493,1.0,nan,alarm,persistent,0.10130391269922256,1.0,nan,alarm,persistent,0.08723815530538559,1.0,nan,alarm,persistent,0.11037830263376236,1.0,nan,alarm
soft_medium,body_world,90425,True,True,l,1.484051795950852,4.0,medium,0.0,66,False,nan,nan,alarm,persistent,0.10791826248168945,1.0,nan,alarm,persistent,0.09826485812664032,1.0,nan,alarm,persistent,0.11248484998941422,1.0,nan,alarm,persistent,0.11987622827291489,1.0,nan,alarm
soft_medium,body_world,90426,True,True,m,1.499613542769097,-1.0,short,-0.2,68,False,nan,nan,alarm,persistent,0.09162286669015884,1.0,nan,alarm,persistent,0.09586937725543976,1.0,nan,alarm,persistent,0.08790890127420425,1.0,nan,alarm,persistent,0.12988874316215515,1.0,nan,alarm
soft_medium,body_world,90427,True,True,l,1.2434438593395136,1.0,medium,0.05,67,False,nan,nan,alarm,persistent,0.1006767749786377,1.0,nan,alarm,persistent,0.09546554833650589,1.0,nan,alarm,persistent,0.09399101138114929,1.0,nan,alarm,persistent,0.10144396126270294,1.0,nan,alarm
soft_medium,body_world,90428,True,True,m,1.5747146197091175,2.0,short,0.25,64,False,nan,nan,alarm,persistent,0.10552054643630981,1.0,nan,alarm,persistent,0.10696350038051605,1.0,nan,alarm,persistent,0.1300176978111267,1.0,nan,alarm,persistent,0.12016109377145767,1.0,nan,alarm
soft_medium,body_world,90429,True,True,l,1.4646053079069046,-2.0,medium,0.1,67,False,nan,nan,alarm,persistent,0.12706749141216278,1.0,nan,alarm,persistent,0.1150560975074768,1.0,nan,alarm,persistent,0.11924531310796738,1.0,nan,alarm,persistent,0.13233312964439392,1.0,nan,alarm
soft_medium,body_world,90430,True,True,m,1.6725099978259204,-4.0,short,0.1,62,False,nan,nan,alarm,persistent,0.08770722150802612,1.0,nan,alarm,persistent,0.08725305646657944,1.0,nan,alarm,persistent,0.08459056913852692,1.0,nan,alarm,persistent,0.14301376044750214,1.0,nan,alarm
soft_medium,body_world,90431,True,True,l,1.3236542402011626,-4.0,medium,0.1,67,False,nan,nan,alarm,persistent,0.11753684282302856,1.0,nan,alarm,persistent,0.11635091155767441,1.0,nan,alarm,persistent,0.1031910628080368,1.0,nan,alarm,persistent,0.1229269951581955,1.0,nan,alarm
soft_medium,body_world,90432,True,True,m,1.3642720743548598,-1.0,short,0.15000000000000002,61,False,nan,nan,alarm,persistent,0.12410918623209,1.0,nan,alarm,persistent,0.11005183309316635,1.0,nan,alarm,persistent,0.11829644441604614,1.0,nan,alarm,persistent,0.11494164168834686,1.0,nan,alarm
soft_medium,body_world,90433,True,True,l,1.3743791243103016,-1.0,medium,0.05,77,False,nan,nan,alarm,persistent,0.10801973193883896,1.0,nan,alarm,persistent,0.09822718799114227,1.0,nan,alarm,persistent,0.08870731294155121,1.0,nan,alarm,persistent,0.15375453233718872,1.0,nan,alarm
soft_medium,body_world,90434,True,True,m,1.4747028802268096,2.0,short,-0.05,62,False,nan,nan,alarm,persistent,0.10277513414621353,1.0,nan,alarm,persistent,0.09350369870662689,1.0,nan,alarm,persistent,0.10179652273654938,1.0,nan,alarm,persistent,0.10726694017648697,1.0,nan,alarm
soft_medium,body_world,90435,True,True,l,1.3038106075252267,-2.0,medium,-0.2,60,False,nan,nan,alarm,persistent,0.11322556436061859,1.0,nan,alarm,persistent,0.10624168068170547,1.0,nan,alarm,persistent,0.09299968928098679,1.0,nan,alarm,persistent,0.1272485852241516,1.0,nan,alarm
soft_medium,body_world,90436,True,True,m,1.6168586909623586,4.0,short,-0.05,79,False,nan,nan,alarm,persistent,0.10633160173892975,1.0,nan,alarm,persistent,0.09483762085437775,1.0,nan,alarm,persistent,0.10434794425964355,1.0,nan,alarm,persistent,0.11572152376174927,1.0,nan,alarm
soft_medium,body_world,90437,True,True,l,1.3291113567705524,-4.0,medium,0.15000000000000002,77,False,nan,nan,alarm,persistent,0.10995601117610931,1.0,nan,alarm,persistent,0.10393605381250381,1.0,nan,alarm,persistent,0.1172555685043335,1.0,nan,alarm,persistent,0.10898219048976898,1.0,nan,alarm
soft_medium,body_world,90438,True,True,m,1.329008599029527,-1.0,short,0.05,80,False,nan,nan,alarm,persistent,0.1274649202823639,1.0,nan,alarm,persistent,0.11271797120571136,1.0,nan,alarm,persistent,0.12196344137191772,1.0,nan,alarm,persistent,0.10939492285251617,1.0,nan,alarm
soft_medium,body_world,90439,True,True,l,1.445391509411858,1.0,medium,0.0,66,False,nan,nan,alarm,persistent,0.08658374845981598,1.0,nan,alarm,persistent,0.08933690190315247,1.0,nan,alarm,persistent,0.08929163217544556,1.0,nan,alarm,persistent,0.1332789659500122,1.0,nan,alarm
soft_medium,body_world,90440,True,True,m,1.5564106744089927,2.0,short,0.25,74,False,nan,nan,alarm,persistent,0.10004148632287979,1.0,nan,alarm,persistent,0.10313625633716583,1.0,nan,alarm,persistent,0.09318976104259491,1.0,nan,alarm,persistent,0.12439999729394913,1.0,nan,alarm
soft_medium,body_world,90441,True,True,l,1.3070596772413094,2.0,medium,0.2,71,False,nan,nan,alarm,persistent,0.11765466630458832,1.0,nan,alarm,persistent,0.09632230550050735,1.0,nan,alarm,persistent,0.10017412900924683,1.0,nan,alarm,persistent,0.10789982229471207,1.0,nan,alarm
soft_medium,body_world,90442,True,True,m,1.6269524228642334,4.0,short,0.25,74,False,nan,nan,alarm,persistent,0.11848757416009903,1.0,nan,alarm,persistent,0.10112786293029785,1.0,nan,alarm,persistent,0.10186128318309784,1.0,nan,alarm,persistent,0.12310828268527985,1.0,nan,alarm
soft_medium,body_world,90443,True,True,l,1.378277312801848,-4.0,medium,-0.1,72,False,nan,nan,alarm,persistent,0.11174428462982178,1.0,nan,alarm,persistent,0.09910805523395538,1.0,nan,alarm,persistent,0.1160556897521019,1.0,nan,alarm,persistent,0.13203704357147217,1.0,nan,alarm
soft_medium,body_world,90444,True,True,m,1.453510197141481,1.0,short,0.0,71,False,nan,nan,alarm,persistent,0.11200257390737534,1.0,nan,alarm,persistent,0.10733749717473984,1.0,nan,alarm,persistent,0.10007435083389282,1.0,nan,alarm,persistent,0.12984530627727509,1.0,nan,alarm
soft_medium,body_world,90445,True,True,l,1.3665797638238526,-1.0,medium,0.0,62,False,nan,nan,alarm,persistent,0.1252019852399826,1.0,nan,alarm,persistent,0.11550992727279663,1.0,nan,alarm,persistent,0.1104622632265091,1.0,nan,alarm,persistent,0.12049553543329239,1.0,nan,alarm
soft_medium,body_world,90446,True,True,m,1.33490869903924,-2.0,short,-0.25,64,False,nan,nan,alarm,persistent,0.10249640047550201,1.0,nan,alarm,persistent,0.10303008556365967,1.0,nan,alarm,persistent,0.10501076281070709,1.0,nan,alarm,persistent,0.10087935626506805,1.0,nan,alarm
soft_medium,body_world,90447,True,True,l,1.360545744961593,2.0,medium,0.25,71,False,nan,nan,alarm,persistent,0.11530303955078125,1.0,nan,alarm,persistent,0.10596873611211777,1.0,nan,alarm,persistent,0.10894787311553955,1.0,nan,alarm,persistent,0.12326852977275848,1.0,nan,alarm
soft_medium,body_world,90448,True,True,m,1.3926898559008811,4.0,short,0.0,79,False,nan,nan,alarm,persistent,0.09758695214986801,1.0,nan,alarm,persistent,0.08810227364301682,1.0,nan,alarm,persistent,0.08871229737997055,1.0,nan,alarm,persistent,0.08836591243743896,1.0,nan,alarm
soft_medium,body_world,90449,True,True,l,1.4996288562259714,4.0,medium,-0.15000000000000002,69,False,nan,nan,alarm,persistent,0.1006682962179184,1.0,nan,alarm,persistent,0.10592254251241684,1.0,nan,alarm,persistent,0.0953121930360794,1.0,nan,alarm,persistent,0.1350836157798767,1.0,nan,alarm
soft_medium,body_world,90450,True,True,m,1.6497126455801099,-1.0,short,-0.15000000000000002,68,False,nan,nan,alarm,persistent,0.10218515247106552,1.0,nan,alarm,persistent,0.1092856377363205,1.0,nan,alarm,persistent,0.10757408291101456,1.0,nan,alarm,persistent,0.1171206682920456,1.0,nan,alarm
soft_medium,body_world,90451,True,True,l,1.4011624978174013,-1.0,medium,-0.1,69,False,nan,nan,alarm,persistent,0.12741360068321228,1.0,nan,alarm,persistent,0.10284794867038727,1.0,nan,alarm,persistent,0.09767808020114899,1.0,nan,alarm,persistent,0.14736522734165192,1.0,nan,alarm
soft_medium,body_world,90452,True,True,m,1.3459971515369575,2.0,short,0.0,75,False,nan,nan,alarm,persistent,0.10101926326751709,1.0,nan,alarm,persistent,0.10410557687282562,1.0,nan,alarm,persistent,0.10484246909618378,1.0,nan,alarm,persistent,0.1067735105752945,1.0,nan,alarm
soft_medium,body_world,90453,True,True,l,1.3128410648573021,-2.0,medium,-0.2,60,False,nan,nan,alarm,persistent,0.13852086663246155,1.0,nan,alarm,persistent,0.11687369644641876,1.0,nan,alarm,persistent,0.10604731738567352,1.0,nan,alarm,persistent,0.12202534824609756,1.0,nan,alarm
soft_medium,body_world,90454,True,True,m,1.4532800695650452,4.0,short,0.25,80,False,nan,nan,alarm,persistent,0.11151261627674103,1.0,nan,alarm,persistent,0.1053895354270935,1.0,nan,alarm,persistent,0.09667058289051056,1.0,nan,alarm,persistent,0.11090990155935287,1.0,nan,alarm
soft_medium,body_world,90455,True,True,l,1.4639866887179158,4.0,medium,0.1,63,False,nan,nan,alarm,persistent,0.08996687084436417,1.0,nan,alarm,persistent,0.08466414362192154,1.0,nan,alarm,persistent,0.1032867282629013,1.0,nan,alarm,persistent,0.11061207950115204,1.0,nan,alarm
soft_medium,body_world,90456,True,True,m,1.437503394575647,1.0,short,-0.05,71,False,nan,nan,alarm,persistent,0.10532839596271515,1.0,nan,alarm,persistent,0.09169084578752518,1.0,nan,alarm,persistent,0.08709534257650375,1.0,nan,alarm,persistent,0.0925135537981987,1.0,nan,alarm
soft_medium,body_world,90457,True,True,l,1.433005966120608,-1.0,medium,0.1,79,False,nan,nan,alarm,persistent,0.13168327510356903,1.0,nan,alarm,persistent,0.10566717386245728,1.0,nan,alarm,persistent,0.09464273601770401,1.0,nan,alarm,persistent,0.15095721185207367,1.0,nan,alarm
soft_medium,body_world,90458,True,True,m,1.5714723561915191,-2.0,short,0.1,75,False,nan,nan,alarm,persistent,0.11106546223163605,1.0,nan,alarm,persistent,0.09061841666698456,1.0,nan,alarm,persistent,0.10040716081857681,1.0,nan,alarm,persistent,0.1474713534116745,1.0,nan,alarm
soft_medium,body_world,90459,True,True,l,1.423809978213943,-2.0,medium,-0.15000000000000002,75,False,nan,nan,alarm,persistent,0.11449835449457169,1.0,nan,alarm,persistent,0.11493150144815445,1.0,nan,alarm,persistent,0.10222971439361572,1.0,nan,alarm,persistent,0.10197006165981293,1.0,nan,alarm
soft_medium,body_world,90460,True,True,m,1.501503010941712,-4.0,short,0.1,65,False,nan,nan,alarm,persistent,0.10432001203298569,1.0,nan,alarm,persistent,0.09879211336374283,1.0,nan,alarm,persistent,0.09673106670379639,1.0,nan,alarm,persistent,0.11608467251062393,1.0,nan,alarm
soft_medium,body_world,90461,True,True,l,1.4979893620177673,-4.0,medium,-0.05,68,False,nan,nan,alarm,persistent,0.10877175629138947,1.0,nan,alarm,persistent,0.09617327153682709,1.0,nan,alarm,persistent,0.10220730304718018,1.0,nan,alarm,persistent,0.14412978291511536,1.0,nan,alarm
soft_medium,body_world,90462,True,True,m,1.32405485767968,-1.0,short,0.15000000000000002,61,False,nan,nan,alarm,persistent,0.10483479499816895,1.0,nan,alarm,persistent,0.10833118855953217,1.0,nan,alarm,persistent,0.10892453044652939,1.0,nan,alarm,persistent,0.11246025562286377,1.0,nan,alarm
soft_medium,body_world,90463,True,True,l,1.2959566174498844,1.0,medium,-0.05,60,False,nan,nan,alarm,persistent,0.11286214739084244,1.0,nan,alarm,persistent,0.10328062623739243,1.0,nan,alarm,persistent,0.1071191057562828,1.0,nan,alarm,persistent,0.11198119819164276,1.0,nan,alarm
soft_medium,body_world,90464,True,True,m,1.5484915809048363,-2.0,short,0.25,68,False,nan,nan,alarm,persistent,0.08687610924243927,1.0,nan,alarm,persistent,0.09784319251775742,1.0,nan,alarm,persistent,0.08992050588130951,1.0,nan,alarm,persistent,0.1252056211233139,1.0,nan,alarm
soft_medium,body_world,90465,True,True,l,1.428408630737959,-2.0,medium,-0.25,69,False,nan,nan,alarm,persistent,0.11004345118999481,1.0,nan,alarm,persistent,0.11222720146179199,1.0,nan,alarm,persistent,0.0985470712184906,1.0,nan,alarm,persistent,0.12499526888132095,1.0,nan,alarm
soft_medium,body_world,90466,True,True,m,1.3278826334953207,4.0,short,0.1,72,False,nan,nan,alarm,persistent,0.10780069977045059,1.0,nan,alarm,persistent,0.09990634024143219,1.0,nan,alarm,persistent,0.09862351417541504,1.0,nan,alarm,persistent,0.10815687477588654,1.0,nan,alarm
soft_medium,body_world,90467,True,True,l,1.224242705022093,-4.0,medium,0.2,67,False,nan,nan,alarm,persistent,0.12865111231803894,1.0,nan,alarm,persistent,0.12358199059963226,1.0,nan,alarm,persistent,0.09785059839487076,1.0,nan,alarm,persistent,0.12828585505485535,1.0,nan,alarm
soft_medium,body_world,90468,True,True,m,1.377155487281401,1.0,short,0.25,65,False,nan,nan,alarm,persistent,0.12589161098003387,1.0,nan,alarm,persistent,0.10444122552871704,1.0,nan,alarm,persistent,0.10112763941287994,1.0,nan,alarm,persistent,0.10607795417308807,1.0,nan,alarm
soft_medium,body_world,90469,True,True,l,1.2775926055522053,-1.0,medium,-0.2,67,False,nan,nan,alarm,persistent,0.12031533569097519,1.0,nan,alarm,persistent,0.10603463649749756,1.0,nan,alarm,persistent,0.09768020361661911,1.0,nan,alarm,persistent,0.107638880610466,1.0,nan,alarm
soft_medium,body_world,90470,True,True,m,1.5219750255884492,2.0,short,-0.05,70,False,nan,nan,alarm,persistent,0.12536442279815674,1.0,nan,alarm,persistent,0.11993451416492462,1.0,nan,alarm,persistent,0.11089704185724258,1.0,nan,alarm,persistent,0.11624275147914886,1.0,nan,alarm
soft_medium,body_world,90471,True,True,l,1.2543795609592172,2.0,medium,0.0,63,False,nan,nan,alarm,persistent,0.12213776260614395,1.0,nan,alarm,persistent,0.11319135129451752,1.0,nan,alarm,persistent,0.10598529875278473,1.0,nan,alarm,persistent,0.12533487379550934,1.0,nan,alarm
soft_medium,body_world,90472,True,True,m,1.523888147333015,4.0,short,0.25,77,False,nan,nan,alarm,persistent,0.10932828485965729,1.0,nan,alarm,persistent,0.1109551414847374,1.0,nan,alarm,persistent,0.10935869067907333,1.0,nan,alarm,persistent,0.10730042308568954,1.0,nan,alarm
soft_medium,body_world,90473,True,True,l,1.4189126139922845,-4.0,medium,-0.25,63,False,nan,nan,alarm,persistent,0.09308219701051712,1.0,nan,alarm,persistent,0.09293095767498016,1.0,nan,alarm,persistent,0.09899663925170898,1.0,nan,alarm,persistent,0.13059768080711365,1.0,nan,alarm
soft_medium,body_world,90474,True,True,m,1.3393605416224226,1.0,short,0.0,80,False,nan,nan,alarm,persistent,0.10670258849859238,1.0,nan,alarm,persistent,0.11154506355524063,1.0,nan,alarm,persistent,0.10293416678905487,1.0,nan,alarm,persistent,0.11374567449092865,1.0,nan,alarm
soft_medium,body_world,90475,True,True,l,1.4134205728523153,1.0,medium,0.1,66,False,nan,nan,alarm,persistent,0.10431540012359619,1.0,nan,alarm,persistent,0.1028422862291336,1.0,nan,alarm,persistent,0.1075989380478859,1.0,nan,alarm,persistent,0.14939674735069275,1.0,nan,alarm
soft_medium,body_world,90476,True,True,m,1.3814810158500825,-2.0,short,0.0,70,False,nan,nan,alarm,persistent,0.12281528860330582,1.0,nan,alarm,persistent,0.11468996852636337,1.0,nan,alarm,persistent,0.10696308314800262,1.0,nan,alarm,persistent,0.10824594646692276,1.0,nan,alarm
soft_medium,body_world,90477,True,True,l,1.4674729887667173,2.0,medium,0.1,78,False,nan,nan,alarm,persistent,0.12377165257930756,1.0,nan,alarm,persistent,0.11598141491413116,1.0,nan,alarm,persistent,0.11560529470443726,1.0,nan,alarm,persistent,0.15007959306240082,1.0,nan,alarm
soft_medium,body_world,90478,True,True,m,1.5027032697774165,4.0,short,0.0,80,False,nan,nan,alarm,persistent,0.1190212219953537,1.0,nan,alarm,persistent,0.11287890374660492,1.0,nan,alarm,persistent,0.10552606731653214,1.0,nan,alarm,persistent,0.1275467723608017,1.0,nan,alarm
soft_medium,body_world,90479,True,True,l,1.3850046666885212,-4.0,medium,0.0,66,False,nan,nan,alarm,persistent,0.1218559741973877,1.0,nan,alarm,persistent,0.11872439086437225,1.0,nan,alarm,persistent,0.10867860168218613,1.0,nan,alarm,persistent,0.1535501778125763,1.0,nan,alarm
soft_medium,calib,90480,False,False,,1.0,0.0,,0.0,64,False,nan,nan,alarm,persistent,0.12191828340291977,1.0,nan,alarm,persistent,0.1151355504989624,1.0,nan,alarm,persistent,0.1178155392408371,1.0,nan,alarm,persistent,0.11086080223321915,1.0,nan,alarm
soft_medium,calib,90481,False,False,,1.0,0.0,,0.0,76,False,nan,nan,alarm,persistent,0.10950056463479996,1.0,nan,alarm,persistent,0.11480994522571564,1.0,nan,alarm,persistent,0.10597445070743561,1.0,nan,alarm,persistent,0.09748195111751556,1.0,nan,alarm
soft_medium,calib,90482,False,False,,1.0,0.0,,0.0,79,False,nan,nan,alarm,persistent,0.11464464664459229,1.0,nan,alarm,persistent,0.11082696914672852,1.0,nan,alarm,persistent,0.10009592771530151,1.0,nan,alarm,persistent,0.08308069407939911,1.0,nan,alarm
soft_medium,calib,90483,False,False,,1.0,0.0,,0.0,70,False,nan,nan,alarm,persistent,0.11409050226211548,1.0,nan,alarm,persistent,0.11930274963378906,1.0,nan,alarm,persistent,0.11021425575017929,1.0,nan,alarm,persistent,0.10506536811590195,1.0,nan,alarm
soft_medium,calib,90484,False,False,,1.0,0.0,,0.0,69,False,nan,nan,alarm,persistent,0.12006187438964844,1.0,nan,alarm,persistent,0.11634824424982071,1.0,nan,alarm,persistent,0.09510178864002228,1.0,nan,alarm,persistent,0.0990002378821373,1.0,nan,alarm
soft_medium,calib,90485,False,False,,1.0,0.0,,0.0,78,False,nan,nan,alarm,persistent,0.11443271487951279,1.0,nan,alarm,persistent,0.11882255226373672,1.0,nan,alarm,persistent,0.10523401200771332,1.0,nan,alarm,persistent,0.11319206655025482,1.0,nan,alarm
soft_medium,calib,90486,False,False,,1.0,0.0,,0.0,79,False,nan,nan,alarm,persistent,0.12779495120048523,1.0,nan,alarm,persistent,0.11686774343252182,1.0,nan,alarm,persistent,0.11635322868824005,1.0,nan,alarm,persistent,0.10876641422510147,1.0,nan,alarm
soft_medium,calib,90487,False,False,,1.0,0.0,,0.0,74,False,nan,nan,alarm,persistent,0.12240277230739594,1.0,nan,alarm,persistent,0.10547588020563126,1.0,nan,alarm,persistent,0.10453460365533829,1.0,nan,alarm,persistent,0.09526896476745605,1.0,nan,alarm
soft_medium,calib,90488,False,False,,1.0,0.0,,0.0,62,False,nan,nan,alarm,persistent,0.12234989553689957,1.0,nan,alarm,persistent,0.11555036157369614,1.0,nan,alarm,persistent,0.1115160584449768,1.0,nan,alarm,persistent,0.09811335057020187,1.0,nan,alarm
soft_medium,calib,90489,False,False,,1.0,0.0,,0.0,65,False,nan,nan,alarm,persistent,0.12207669019699097,1.0,nan,alarm,persistent,0.11377878487110138,1.0,nan,alarm,persistent,0.10424494743347168,1.0,nan,alarm,persistent,0.1049221009016037,1.0,nan,alarm
soft_medium,calib,90490,False,False,,1.0,0.0,,0.0,70,False,nan,nan,alarm,persistent,0.12781831622123718,1.0,nan,alarm,persistent,0.11834225803613663,1.0,nan,alarm,persistent,0.09622884541749954,1.0,nan,alarm,persistent,0.08824033290147781,1.0,nan,alarm
soft_medium,calib,90491,False,False,,1.0,0.0,,0.0,63,False,nan,nan,alarm,persistent,0.12792760133743286,1.0,nan,alarm,persistent,0.11593214422464371,1.0,nan,alarm,persistent,0.10476590692996979,1.0,nan,alarm,persistent,0.10101443529129028,1.0,nan,alarm
soft_medium,calib,90492,False,False,,1.0,0.0,,0.0,66,False,nan,nan,alarm,persistent,0.11471817642450333,1.0,nan,alarm,persistent,0.10713650286197662,1.0,nan,alarm,persistent,0.0898728296160698,1.0,nan,alarm,persistent,0.09332101792097092,1.0,nan,alarm
soft_medium,calib,90493,False,False,,1.0,0.0,,0.0,80,False,nan,nan,alarm,persistent,0.12793011963367462,1.0,nan,alarm,persistent,0.11691775172948837,1.0,nan,alarm,persistent,0.11827083677053452,1.0,nan,alarm,persistent,0.10348856449127197,1.0,nan,alarm
soft_medium,calib,90494,False,False,,1.0,0.0,,0.0,79,False,nan,nan,alarm,persistent,0.13983316719532013,1.0,nan,alarm,persistent,0.13056494295597076,1.0,nan,alarm,persistent,0.11558566242456436,1.0,nan,alarm,persistent,0.08845168352127075,1.0,nan,alarm
soft_medium,calib,90495,False,False,,1.0,0.0,,0.0,75,False,nan,nan,alarm,persistent,0.1168268546462059,1.0,nan,alarm,persistent,0.1045762300491333,1.0,nan,alarm,persistent,0.11374547332525253,1.0,nan,alarm,persistent,0.09101606905460358,1.0,nan,alarm
soft_medium,calib,90496,False,False,,1.0,0.0,,0.0,76,False,nan,nan,alarm,persistent,0.13668721914291382,1.0,nan,alarm,persistent,0.1368114948272705,1.0,nan,alarm,persistent,0.12032300233840942,1.0,nan,alarm,persistent,0.10610978305339813,1.0,nan,alarm
soft_medium,calib,90497,False,False,,1.0,0.0,,0.0,68,False,nan,nan,alarm,persistent,0.12269847095012665,1.0,nan,alarm,persistent,0.10214600712060928,1.0,nan,alarm,persistent,0.10069400072097778,1.0,nan,alarm,persistent,0.1019691675901413,1.0,nan,alarm
soft_medium,calib,90498,False,False,,1.0,0.0,,0.0,70,False,nan,nan,alarm,persistent,0.13268722593784332,1.0,nan,alarm,persistent,0.12685421109199524,1.0,nan,alarm,persistent,0.11317743360996246,1.0,nan,alarm,persistent,0.10451614856719971,1.0,nan,alarm
soft_medium,calib,90499,False,False,,1.0,0.0,,0.0,79,False,nan,nan,alarm,persistent,0.11146306991577148,1.0,nan,alarm,persistent,0.11101000010967255,1.0,nan,alarm,persistent,0.10415859520435333,1.0,nan,alarm,persistent,0.10386531054973602,1.0,nan,alarm
soft_medium,calib,90500,False,False,,1.0,0.0,,0.0,72,False,nan,nan,alarm,persistent,0.1390872448682785,1.0,nan,alarm,persistent,0.12518587708473206,1.0,nan,alarm,persistent,0.11631445586681366,1.0,nan,alarm,persistent,0.10089029371738434,1.0,nan,alarm
soft_medium,calib,90501,False,False,,1.0,0.0,,0.0,76,False,nan,nan,alarm,persistent,0.09254065901041031,1.0,nan,alarm,persistent,0.09383945167064667,1.0,nan,alarm,persistent,0.10192926228046417,1.0,nan,alarm,persistent,0.10065416991710663,1.0,nan,alarm
soft_medium,calib,90502,False,False,,1.0,0.0,,0.0,76,False,nan,nan,alarm,persistent,0.12678749859333038,1.0,nan,alarm,persistent,0.11730511486530304,1.0,nan,alarm,persistent,0.09952709823846817,1.0,nan,alarm,persistent,0.09080439805984497,1.0,nan,alarm
soft_medium,calib,90503,False,False,,1.0,0.0,,0.0,63,False,nan,nan,alarm,persistent,0.12458324432373047,1.0,nan,alarm,persistent,0.10160253196954727,1.0,nan,alarm,persistent,0.11069048941135406,1.0,nan,alarm,persistent,0.10001526027917862,1.0,nan,alarm
soft_medium,calib,90504,False,False,,1.0,0.0,,0.0,72,False,nan,nan,alarm,persistent,0.13237521052360535,1.0,nan,alarm,persistent,0.12015348672866821,1.0,nan,alarm,persistent,0.11299063265323639,1.0,nan,alarm,persistent,0.10329333692789078,1.0,nan,alarm
soft_medium,calib,90505,False,False,,1.0,0.0,,0.0,75,False,nan,nan,alarm,persistent,0.12793061137199402,1.0,nan,alarm,persistent,0.12502186000347137,1.0,nan,alarm,persistent,0.12467430531978607,1.0,nan,alarm,persistent,0.10608364641666412,1.0,nan,alarm
soft_medium,calib,90506,False,False,,1.0,0.0,,0.0,78,False,nan,nan,alarm,persistent,0.11996450275182724,1.0,nan,alarm,persistent,0.12441059201955795,1.0,nan,alarm,persistent,0.11072544008493423,1.0,nan,alarm,persistent,0.11060597002506256,1.0,nan,alarm
soft_medium,calib,90507,False,False,,1.0,0.0,,0.0,72,False,nan,nan,alarm,persistent,0.1258375346660614,1.0,nan,alarm,persistent,0.1153087243437767,1.0,nan,alarm,persistent,0.1099671944975853,1.0,nan,alarm,persistent,0.09365185350179672,1.0,nan,alarm
soft_medium,calib,90508,False,False,,1.0,0.0,,0.0,68,False,nan,nan,alarm,persistent,0.12713490426540375,1.0,nan,alarm,persistent,0.12701261043548584,1.0,nan,alarm,persistent,0.11126872152090073,1.0,nan,alarm,persistent,0.09460090100765228,1.0,nan,alarm
soft_medium,calib,90509,False,False,,1.0,0.0,,0.0,69,False,nan,nan,alarm,persistent,0.1219424158334732,1.0,nan,alarm,persistent,0.12171313911676407,1.0,nan,alarm,persistent,0.11433438211679459,1.0,nan,alarm,persistent,0.117202028632164,1.0,nan,alarm
soft_medium,calib,90510,False,False,,1.0,0.0,,0.0,60,False,nan,nan,alarm,persistent,0.11663611978292465,1.0,nan,alarm,persistent,0.11662673950195312,1.0,nan,alarm,persistent,0.12116621434688568,1.0,nan,alarm,persistent,0.12413090467453003,1.0,nan,alarm
soft_medium,calib,90511,False,False,,1.0,0.0,,0.0,67,False,nan,nan,alarm,persistent,0.13114196062088013,1.0,nan,alarm,persistent,0.12038107961416245,1.0,nan,alarm,persistent,0.11967136710882187,1.0,nan,alarm,persistent,0.11375313997268677,1.0,nan,alarm
soft_medium,calib,90512,False,False,,1.0,0.0,,0.0,65,False,nan,nan,alarm,persistent,0.11922280490398407,1.0,nan,alarm,persistent,0.1197005957365036,1.0,nan,alarm,persistent,0.10596998780965805,1.0,nan,alarm,persistent,0.09383764863014221,1.0,nan,alarm
soft_medium,calib,90513,False,False,,1.0,0.0,,0.0,79,False,nan,nan,alarm,persistent,0.11215785890817642,1.0,nan,alarm,persistent,0.11253523826599121,1.0,nan,alarm,persistent,0.11152676492929459,1.0,nan,alarm,persistent,0.1022554486989975,1.0,nan,alarm
soft_medium,calib,90514,False,False,,1.0,0.0,,0.0,62,False,nan,nan,alarm,persistent,0.12853291630744934,1.0,nan,alarm,persistent,0.11431054025888443,1.0,nan,alarm,persistent,0.10559678077697754,1.0,nan,alarm,persistent,0.11056878417730331,1.0,nan,alarm
soft_medium,calib,90515,False,False,,1.0,0.0,,0.0,75,False,nan,nan,alarm,persistent,0.11727867275476456,1.0,nan,alarm,persistent,0.1289241760969162,1.0,nan,alarm,persistent,0.09414567798376083,1.0,nan,alarm,persistent,0.09409409761428833,1.0,nan,alarm
soft_medium,calib,90516,False,False,,1.0,0.0,,0.0,71,False,nan,nan,alarm,persistent,0.13012012839317322,1.0,nan,alarm,persistent,0.12354741990566254,1.0,nan,alarm,persistent,0.11875132471323013,1.0,nan,alarm,persistent,0.11416240781545639,1.0,nan,alarm
soft_medium,calib,90517,False,False,,1.0,0.0,,0.0,77,False,nan,nan,alarm,persistent,0.11701993644237518,1.0,nan,alarm,persistent,0.11151651293039322,1.0,nan,alarm,persistent,0.10233583301305771,1.0,nan,alarm,persistent,0.09449509531259537,1.0,nan,alarm
soft_medium,calib,90518,False,False,,1.0,0.0,,0.0,72,False,nan,nan,alarm,persistent,0.11509579420089722,1.0,nan,alarm,persistent,0.11054559051990509,1.0,nan,alarm,persistent,0.09647470712661743,1.0,nan,alarm,persistent,0.09851223230361938,1.0,nan,alarm
soft_medium,calib,90519,False,False,,1.0,0.0,,0.0,76,False,nan,nan,alarm,persistent,0.11004277318716049,1.0,nan,alarm,persistent,0.12236233055591583,1.0,nan,alarm,persistent,0.11583906412124634,1.0,nan,alarm,persistent,0.10314258188009262,1.0,nan,alarm
soft_medium,calib,90520,False,False,,1.0,0.0,,0.0,76,False,nan,nan,alarm,persistent,0.09753943234682083,1.0,nan,alarm,persistent,0.09673227369785309,1.0,nan,alarm,persistent,0.10184899717569351,1.0,nan,alarm,persistent,0.09823596477508545,1.0,nan,alarm
soft_medium,calib,90521,False,False,,1.0,0.0,,0.0,64,False,nan,nan,alarm,persistent,0.114634670317173,1.0,nan,alarm,persistent,0.11130757629871368,1.0,nan,alarm,persistent,0.10601208359003067,1.0,nan,alarm,persistent,0.10526202619075775,1.0,nan,alarm
soft_medium,calib,90522,False,False,,1.0,0.0,,0.0,80,False,nan,nan,alarm,persistent,0.1166679859161377,1.0,nan,alarm,persistent,0.11779619753360748,1.0,nan,alarm,persistent,0.1056378111243248,1.0,nan,alarm,persistent,0.10179167985916138,1.0,nan,alarm
soft_medium,calib,90523,False,False,,1.0,0.0,,0.0,64,False,nan,nan,alarm,persistent,0.12619832158088684,1.0,nan,alarm,persistent,0.12052396684885025,1.0,nan,alarm,persistent,0.10667486488819122,1.0,nan,alarm,persistent,0.09046465158462524,1.0,nan,alarm
soft_medium,calib,90524,False,False,,1.0,0.0,,0.0,60,False,nan,nan,alarm,persistent,0.09676516801118851,1.0,nan,alarm,persistent,0.10626163333654404,1.0,nan,alarm,persistent,0.09611919522285461,1.0,nan,alarm,persistent,0.10258781909942627,1.0,nan,alarm
soft_medium,calib,90525,False,False,,1.0,0.0,,0.0,74,False,nan,nan,alarm,persistent,0.09868817031383514,1.0,nan,alarm,persistent,0.10450178384780884,1.0,nan,alarm,persistent,0.10254964977502823,1.0,nan,alarm,persistent,0.10626592487096786,1.0,nan,alarm
soft_medium,calib,90526,False,False,,1.0,0.0,,0.0,64,False,nan,nan,alarm,persistent,0.12323243916034698,1.0,nan,alarm,persistent,0.11886487156152725,1.0,nan,alarm,persistent,0.10495221614837646,1.0,nan,alarm,persistent,0.10081376880407333,1.0,nan,alarm
soft_medium,calib,90527,False,False,,1.0,0.0,,0.0,77,False,nan,nan,alarm,persistent,0.1208646148443222,1.0,nan,alarm,persistent,0.11859896034002304,1.0,nan,alarm,persistent,0.11754035949707031,1.0,nan,alarm,persistent,0.11226068437099457,1.0,nan,alarm
soft_medium,calib,90528,False,False,,1.0,0.0,,0.0,69,False,nan,nan,alarm,persistent,0.11522550880908966,1.0,nan,alarm,persistent,0.11494097858667374,1.0,nan,alarm,persistent,0.10245446115732193,1.0,nan,alarm,persistent,0.09680536389350891,1.0,nan,alarm
soft_medium,calib,90529,False,False,,1.0,0.0,,0.0,61,False,nan,nan,alarm,persistent,0.10064800083637238,1.0,nan,alarm,persistent,0.10140339285135269,1.0,nan,alarm,persistent,0.09995250403881073,1.0,nan,alarm,persistent,0.08629461377859116,1.0,nan,alarm
